timestamps,open,high,low,close,volume,amount,confirm
2026-10-03 06:15:00+00:00,84630.0,84658.0,84629.9,84655.8,0.93885067,79470.34287241,1
2026-10-03 06:20:00+00:00,84655.7,84663.9,84637.9,84648.6,1.95422149,165437.355836864,1
2026-10-03 06:25:00+00:00,84648.6,84675.5,84648.5,84649.1,5.46694043,462856.532104484,1
2026-10-03 06:30:00+00:00,84649.1,84670.7,84644.8,84652.8,4.10773634,347740.012218186,1
2026-10-03 06:35:00+00:00,84656.6,84668.3,84623.3,84660.2,5.32228141,450477.903761905,1
2026-10-03 06:40:00+00:00,84660.2,84661.4,84620.8,84648.4,11.75093659,994660.751126312,1
2026-10-03 06:45:00+00:00,84648.5,84648.5,84569.4,84569.5,4.20545632,355767.42644685,1
2026-10-03 06:50:00+00:00,84569.4,84607.5,84550.0,84577.9,5.724272,484123.738050198,1
2026-10-03 06:55:00+00:00,84577.9,84587.8,84566.9,84583.8,1.20903285,102261.288425499,1
2026-10-03 07:00:00+00:00,84583.9,84586.0,84566.2,84581.7,1.68250204,142310.335903408,1
2026-10-03 07:05:00+00:00,84586.0,84599.2,84585.9,84592.9,1.68276581,142348.578744682,1
2026-10-03 07:10:00+00:00,84592.9,84626.3,84589.1,84589.2,5.77470723,488619.827371801,1
2026-10-03 07:15:00+00:00,84589.1,84617.9,84586.7,84610.7,3.05401125,258384.12070516,1
2026-10-03 07:20:00+00:00,84610.7,84610.8,84583.4,84610.7,4.90564857,415008.66324322,1
2026-10-03 07:25:00+00:00,84610.7,84641.5,84610.7,84641.4,3.16401177,267757.118322874,1
2026-10-03 07:30:00+00:00,84641.5,84679.4,84640.9,84659.4,128.65895342,10892536.757341616,1
2026-10-03 07:35:00+00:00,84659.4,84677.9,84631.9,84648.0,128.35790169,10866740.56102614,1
2026-10-03 07:40:00+00:00,84648.1,84649.2,84589.5,84595.6,124.37166074,10524092.009649131,1
2026-10-03 07:45:00+00:00,84595.7,84633.4,84587.1,84619.1,128.82116842,10899737.32084082,1
2026-10-03 07:50:00+00:00,84619.0,84639.8,84580.0,84611.3,134.77468088,11403736.99330763,1
2026-10-03 07:55:00+00:00,84611.4,84621.7,84565.0,84573.8,153.48456702,12986119.2034107,1
2026-10-03 08:00:00+00:00,84573.9,84629.1,84573.8,84614.5,8.85066043,748805.322647081,1
2026-10-03 08:05:00+00:00,84614.6,84669.6,84614.5,84645.0,23.39069692,1980096.646094679,1
2026-10-03 08:10:00+00:00,84645.1,84660.9,84645.0,84660.9,2.56358018,217025.625758096,1
2026-10-03 08:15:00+00:00,84660.8,84660.8,84620.4,84631.5,7.89317099,668051.496127051,1
2026-10-03 08:20:00+00:00,84631.5,84631.5,84582.1,84583.0,4.24783276,359427.493480103,1
2026-10-03 08:25:00+00:00,84583.0,84620.0,84571.4,84589.5,13.78702269,1166342.287181748,1
2026-10-03 08:30:00+00:00,84589.6,84591.3,84575.0,84588.6,1.78136873,150680.867066946,1
2026-10-03 08:35:00+00:00,84589.4,84620.4,84589.4,84620.3,1.407427,119084.218891909,1
2026-10-03 08:40:00+00:00,84620.4,84634.9,84620.3,84634.9,0.53581225,45345.239946813,1
2026-10-03 08:45:00+00:00,84635.0,84649.1,84628.2,84635.7,2.91373704,246623.36758831,1
2026-10-03 08:50:00+00:00,84635.7,84647.9,84635.7,84646.1,0.94612779,80083.905071961,1
2026-10-03 08:55:00+00:00,84646.1,84646.1,84614.6,84614.6,6.13374299,519141.067240995,1
2026-10-03 09:00:00+00:00,84614.7,84650.0,84614.7,84650.0,4.64861298,393429.305833183,1
2026-10-03 09:05:00+00:00,84650.0,84668.1,84649.5,84668.1,7.00990262,593402.277258244,1
2026-10-03 09:10:00+00:00,84668.1,84674.8,84634.5,84639.3,4.55749308,385820.575968488,1
2026-10-03 09:15:00+00:00,84639.4,84653.6,84611.1,84611.1,7.90793709,669331.300849763,1
2026-10-03 09:20:00+00:00,84611.1,84619.0,84604.0,84606.1,1.82265184,154209.672023913,1
2026-10-03 09:25:00+00:00,84606.1,84611.6,84601.1,84601.2,0.85744952,72544.404712671,1
2026-10-03 09:30:00+00:00,84601.1,84601.2,84595.7,84595.8,0.50874779,43038.41887542,1
2026-10-03 09:35:00+00:00,84595.7,84595.8,84584.4,84586.7,0.34980212,29589.043542999,1
2026-10-03 09:40:00+00:00,84586.8,84595.2,84586.7,84591.2,1.74200443,147355.041118023,1
2026-10-03 09:45:00+00:00,84591.3,84597.9,84588.0,84588.1,5.60116066,473822.482812237,1
2026-10-03 09:50:00+00:00,84588.1,84591.9,84588.0,84591.9,0.4116277,34819.787397713,1
2026-10-03 09:55:00+00:00,84591.9,84600.0,84589.9,84600.0,2.91951833,246972.353355601,1
2026-10-03 10:00:00+00:00,84600.0,84616.1,84588.1,84616.1,3.35085194,283475.434610314,1
2026-10-03 10:05:00+00:00,84616.1,84616.1,84589.5,84593.7,1.83939631,155620.079809326,1
2026-10-03 10:10:00+00:00,84593.7,84593.8,84590.0,84590.0,0.57785833,48882.516882744,1
2026-10-03 10:15:00+00:00,84590.0,84590.0,84577.4,84577.4,3.50231222,296238.812923436,1
2026-10-03 10:20:00+00:00,84577.4,84577.4,84573.4,84574.2,2.07658531,175624.071216197,1
2026-10-03 10:25:00+00:00,84574.2,84621.6,84574.2,84590.0,6.77966741,573593.932512885,1
2026-10-03 10:30:00+00:00,84590.1,84625.0,84590.1,84614.6,2.31436804,195814.987818204,1
2026-10-03 10:35:00+00:00,84614.6,84614.6,84608.2,84608.3,1.56877923,132732.263322173,1
2026-10-03 10:40:00+00:00,84608.3,84619.9,84604.3,84611.6,1.38930859,117551.932756765,1
2026-10-03 10:45:00+00:00,84611.6,84632.3,84611.5,84623.9,2.49889049,211462.566125624,1
2026-10-03 10:50:00+00:00,84623.8,84642.8,84623.8,84642.8,2.60695172,220637.701623272,1
2026-10-03 10:55:00+00:00,84642.7,84654.7,84629.8,84629.8,1.33977267,113410.537057543,1
2026-10-03 11:00:00+00:00,84629.9,84649.9,84616.6,84649.9,5.80781953,491502.544644874,1
2026-10-03 11:05:00+00:00,84649.9,84649.9,84642.2,84646.3,1.75853414,148854.118005582,1
2026-10-03 11:10:00+00:00,84646.4,84647.1,84632.7,84647.1,3.09112186,261621.194217382,1
2026-10-03 11:15:00+00:00,84647.1,84651.4,84633.4,84646.3,5.15074835,435956.2107004,1
2026-10-03 11:20:00+00:00,84646.2,84646.3,84628.2,84639.9,2.93677038,248549.699771554,1
2026-10-03 11:25:00+00:00,84639.9,84639.9,84639.6,84639.8,4.13554747,350031.77575974,1
2026-10-03 11:30:00+00:00,84639.8,84649.8,84639.6,84649.8,5.35069794,452891.079717819,1
2026-10-03 11:35:00+00:00,84649.8,84661.0,84649.7,84660.9,2.82532023,239171.970825936,1
2026-10-03 11:40:00+00:00,84661.0,84661.0,84657.8,84657.8,1.78090483,150770.245198872,1
2026-10-03 11:45:00+00:00,84657.9,84698.2,84657.8,84662.0,9.67907111,819564.562983946,1
2026-10-03 11:50:00+00:00,84662.0,84691.0,84661.9,84685.4,2.01543757,170661.388199812,1
2026-10-03 11:55:00+00:00,84685.4,84685.4,84665.5,84676.2,1.75127206,148287.45637364,1
2026-10-03 12:00:00+00:00,84676.2,84694.9,84676.1,84694.9,2.3353384,197766.41566058,1
2026-10-03 12:05:00+00:00,84694.9,84697.9,84670.8,84678.6,6.39672312,541712.321686256,1
2026-10-03 12:10:00+00:00,84678.6,84699.9,84678.6,84694.0,4.16243313,352529.728066001,1
2026-10-03 12:15:00+00:00,84693.9,84791.6,84692.7,84791.2,38.25374767,3242296.891689194,1
2026-10-03 12:20:00+00:00,84791.1,84875.0,84790.9,84859.0,31.61135137,2681706.2026446,1
2026-10-03 12:25:00+00:00,84859.0,84912.9,84848.3,84855.8,50.69873602,4303329.620143204,1
2026-10-03 12:30:00+00:00,84854.0,84855.3,84842.2,84855.2,4.75090299,403108.767386086,1
2026-10-03 12:35:00+00:00,84855.2,84906.1,84855.2,84888.7,14.60079447,1239276.47511211,1
2026-10-03 12:40:00+00:00,84888.7,84889.9,84785.0,84819.1,11.78570384,999846.280546632,1
2026-10-03 12:45:00+00:00,84819.2,84846.6,84819.2,84830.1,1.3699346,116214.310609483,1
2026-10-03 12:50:00+00:00,84830.1,84889.6,84830.0,84889.1,6.20552915,526627.094471472,1
2026-10-03 12:55:00+00:00,84889.1,84923.7,84883.2,84883.3,13.60000024,1154624.552360722,1
2026-10-03 13:00:00+00:00,84883.3,84899.9,84840.3,84850.7,24.69881225,2096208.098153823,1
2026-10-03 13:05:00+00:00,84850.7,84864.5,84827.6,84860.0,5.92197126,502412.48311023,1
2026-10-03 13:10:00+00:00,84860.0,84875.7,84838.3,84859.1,3.08130734,261475.3784072,1
2026-10-03 13:15:00+00:00,84857.6,84857.6,84808.5,84808.6,3.65879042,310354.344367331,1
2026-10-03 13:20:00+00:00,84808.5,84808.6,84764.6,84796.5,5.39430242,457377.565558403,1
2026-10-03 13:25:00+00:00,84796.5,84827.3,84796.5,84819.3,6.78009014,575026.904077907,1
2026-10-03 13:30:00+00:00,84819.4,84915.7,84800.6,84915.6,43.46070644,3686124.630618261,1
2026-10-03 13:35:00+00:00,84915.7,84964.8,84898.3,84904.7,16.82489606,1429118.709818889,1
2026-10-03 13:40:00+00:00,84904.7,84923.0,84827.7,84833.6,33.66158986,2858024.935145001,1
2026-10-03 13:45:00+00:00,84833.5,84877.6,84833.5,84870.1,5.24628124,445184.211361767,1
2026-10-03 13:50:00+00:00,84870.1,84879.9,84870.0,84879.9,1.36211286,115607.726668947,1
2026-10-03 13:55:00+00:00,84879.9,84884.4,84862.6,84865.3,7.30625582,620134.063955157,1
2026-10-03 14:00:00+00:00,84865.4,84866.8,84800.0,84800.0,20.15028009,1709344.483237558,1
2026-10-03 14:05:00+00:00,84800.1,84810.8,84783.2,84810.6,8.45870265,717305.451788574,1
2026-10-03 14:10:00+00:00,84810.7,84810.7,84783.5,84795.3,6.14799459,521348.131194783,1
2026-10-03 14:15:00+00:00,84795.3,84806.7,84792.3,84804.9,1.54824329,131293.960275249,1
2026-10-03 14:20:00+00:00,84804.9,84831.9,84804.8,84820.8,13.18432849,1118288.708046403,1
2026-10-03 14:25:00+00:00,84821.4,84842.0,84817.3,84818.5,7.92791164,672550.361063478,1
2026-10-03 14:30:00+00:00,84818.6,84825.3,84792.6,84792.6,5.42797144,460331.021635454,1
2026-10-03 14:35:00+00:00,84792.5,84792.5,84751.6,84757.4,8.82641764,748239.303414939,1
2026-10-03 14:40:00+00:00,84757.4,84759.8,84747.4,84759.8,2.56379128,217292.420814174,1
2026-10-03 14:45:00+00:00,84759.9,84852.7,84759.8,84852.6,33.22471936,2816499.305035394,1
2026-10-03 14:50:00+00:00,84852.7,84852.7,84834.4,84834.5,11.80881034,1001939.163731492,1
2026-10-03 14:55:00+00:00,84834.5,84853.7,84834.0,84853.6,10.11781014,858401.342462729,1
2026-10-03 15:00:00+00:00,84853.6,84853.7,84775.7,84796.0,6.92480047,587344.965240035,1
2026-10-03 15:05:00+00:00,84796.1,84818.2,84796.1,84815.3,5.2639252,446410.892555178,1
2026-10-03 15:10:00+00:00,84815.3,84873.6,84815.3,84873.6,10.944122,928501.406961325,1
2026-10-03 15:15:00+00:00,84873.7,84877.7,84829.4,84839.8,6.40924476,543804.518324008,1
2026-10-03 15:20:00+00:00,84839.8,84863.0,84838.6,84838.6,4.92368649,417776.244740737,1
2026-10-03 15:25:00+00:00,84837.5,84856.7,84825.8,84825.8,4.47016348,379267.316802951,1
2026-10-03 15:30:00+00:00,84825.9,84825.9,84763.1,84807.7,43.2904322,3670767.724211882,1
2026-10-03 15:35:00+00:00,84807.7,84820.3,84755.7,84820.3,52.93561532,4488083.152077894,1
2026-10-03 15:40:00+00:00,84820.3,84851.1,84816.4,84816.7,22.91502102,1943767.950802261,1
2026-10-03 15:45:00+00:00,84816.7,84850.0,84816.3,84850.0,9.32522057,791075.455667909,1
2026-10-03 15:50:00+00:00,84850.0,84866.2,84841.0,84853.4,8.08428757,685947.659943373,1
2026-10-03 15:55:00+00:00,84853.4,84864.3,84853.3,84864.3,0.84878361,72023.826152634,1
2026-10-03 16:00:00+00:00,84864.4,84864.4,84835.7,84850.4,3.57795499,303608.472113756,1
2026-10-03 16:05:00+00:00,84850.4,84850.4,84828.0,84841.8,6.22764609,528334.099497135,1
2026-10-03 16:10:00+00:00,84841.8,84847.7,84829.3,84829.4,3.66825007,311215.929530615,1
2026-10-03 16:15:00+00:00,84829.4,84829.4,84813.9,84814.0,3.38812798,287365.420493646,1
2026-10-03 16:20:00+00:00,84813.9,84814.0,84781.6,84788.5,5.62009495,476552.426427405,1
2026-10-03 16:25:00+00:00,84788.5,84814.5,84788.4,84814.5,0.83817529,71072.834470499,1
2026-10-03 16:30:00+00:00,84814.5,84834.5,84814.4,84824.6,5.81181944,492965.43817708,1
2026-10-03 16:35:00+00:00,84824.7,84850.3,84816.9,84841.5,1.02924347,87317.586050127,1
2026-10-03 16:40:00+00:00,84841.6,84848.2,84827.0,84848.2,1.75528662,148910.548923283,1
2026-10-03 16:45:00+00:00,84848.2,84853.8,84831.3,84853.8,2.74740896,233113.059139958,1
2026-10-03 16:50:00+00:00,84853.7,84877.7,84846.0,84863.3,8.59526839,729404.760249495,1
2026-10-03 16:55:00+00:00,84863.3,84873.0,84851.2,84863.7,3.31824469,281599.623393738,1
2026-10-03 17:00:00+00:00,84863.7,84883.7,84862.7,84871.9,6.71137583,569609.51519402,1
2026-10-03 17:05:00+00:00,84871.9,84887.9,84869.3,84882.8,7.99668532,678758.809770586,1
2026-10-03 17:10:00+00:00,84882.8,84890.6,84872.1,84882.4,4.76764991,404693.82270204,1
2026-10-03 17:15:00+00:00,84883.6,84921.7,84883.0,84918.5,4.34818236,369189.979564144,1
2026-10-03 17:20:00+00:00,84921.7,84960.6,84921.7,84945.1,9.27732159,788082.818790195,1
2026-10-03 17:25:00+00:00,84945.1,84945.2,84883.2,84883.2,9.77302361,829764.900963463,1
2026-10-03 17:30:00+00:00,84883.1,84888.9,84832.6,84883.5,9.11120124,773162.492188257,1
2026-10-03 17:35:00+00:00,84886.3,84917.0,84886.2,84904.7,3.66270435,310957.467177291,1
2026-10-03 17:40:00+00:00,84904.8,84986.9,84904.8,84979.9,15.66923695,1330920.869907404,1
2026-10-03 17:45:00+00:00,84983.5,84983.6,84919.6,84932.4,4.59543876,390414.867896384,1
2026-10-03 17:50:00+00:00,84932.5,84986.7,84932.5,84981.1,7.66991183,651659.69890343,1
2026-10-03 17:55:00+00:00,84981.0,85017.6,84974.1,85005.3,17.15994338,1458660.714069554,1
2026-10-03 18:00:00+00:00,85005.3,85017.1,84990.1,85017.1,9.67458607,822326.256069023,1
2026-10-03 18:05:00+00:00,85017.1,85027.8,85000.2,85021.8,3.47119187,295099.872291178,1
2026-10-03 18:10:00+00:00,85021.8,85021.8,84974.2,84992.1,8.01777032,681532.840346778,1
2026-10-03 18:15:00+00:00,84992.1,85012.1,84951.0,84951.1,2.62726499,223287.438460308,1
2026-10-03 18:20:00+00:00,84951.1,84969.3,84951.0,84968.7,2.02916912,172401.51598478,1
2026-10-03 18:25:00+00:00,84968.8,84994.0,84963.9,84989.4,2.30873731,196205.654147483,1
2026-10-03 18:30:00+00:00,84989.4,84989.5,84949.3,84949.4,1.45821464,123900.425277884,1
2026-10-03 18:35:00+00:00,84949.3,84957.4,84919.7,84919.8,5.2776324,448303.248527039,1
2026-10-03 18:40:00+00:00,84919.7,84940.9,84919.7,84940.9,2.19234529,186196.282372363,1
2026-10-03 18:45:00+00:00,84940.9,84940.9,84939.2,84940.6,0.94567971,80325.64664872,1
2026-10-03 18:50:00+00:00,84940.6,84940.6,84922.9,84936.4,6.78510237,576304.622471977,1
2026-10-03 18:55:00+00:00,84936.4,84949.3,84933.6,84944.3,2.55618731,217122.090978325,1
2026-10-03 19:00:00+00:00,84944.4,84944.4,84847.7,84864.9,6.93407602,588577.525143386,1
2026-10-03 19:05:00+00:00,84864.8,84881.1,84849.6,84881.1,1.19243899,101190.157784885,1
2026-10-03 19:10:00+00:00,84881.1,84881.1,84854.9,84862.0,4.2262827,358648.58929489,1
2026-10-03 19:15:00+00:00,84862.0,84894.6,84844.6,84865.0,6.09258471,517054.329251516,1
2026-10-03 19:20:00+00:00,84866.6,84866.6,84843.8,84843.8,1.98688739,168582.755797304,1
2026-10-03 19:25:00+00:00,84843.7,84844.6,84816.6,84823.2,2.00747063,170311.041715207,1
2026-10-03 19:30:00+00:00,84823.2,84829.7,84805.5,84805.6,1.41867287,120319.863884437,1
2026-10-03 19:35:00+00:00,84805.6,84805.6,84783.7,84787.3,1.59716583,135423.735331735,1
2026-10-03 19:40:00+00:00,84787.4,84806.5,84783.7,84783.7,4.77677929,405033.41538953,1
2026-10-03 19:45:00+00:00,84783.7,84783.8,84701.6,84765.9,8.03048433,680490.370919971,1
2026-10-03 19:50:00+00:00,84765.5,84855.1,84765.5,84855.1,6.80986397,577520.504636377,1
2026-10-03 19:55:00+00:00,84855.1,84855.2,84832.2,84849.3,2.64390845,224331.797127958,1
2026-10-03 20:00:00+00:00,84849.4,84902.1,84849.3,84861.8,3.97825551,337672.62976458,1
2026-10-03 20:05:00+00:00,84861.7,84887.4,84861.7,84883.0,1.33122971,112988.312192339,1
2026-10-03 20:10:00+00:00,84883.1,84893.2,84861.9,84887.9,4.26250929,361818.257537042,1
2026-10-03 20:15:00+00:00,84887.9,84904.1,84871.5,84904.1,4.47961764,380268.553394627,1
2026-10-03 20:20:00+00:00,84900.0,84918.4,84880.1,84887.3,6.21047877,527286.261124564,1
2026-10-03 20:25:00+00:00,84882.4,84895.4,84882.4,84895.3,0.95216996,80828.963950139,1
2026-10-03 20:30:00+00:00,84895.4,84895.4,84883.0,84890.5,1.11329727,94506.006022856,1
2026-10-03 20:35:00+00:00,84890.6,84890.6,84860.0,84863.3,2.44762012,207741.682838336,1
2026-10-03 20:40:00+00:00,84863.3,84863.4,84858.5,84858.6,0.55122734,46778.80766973,1
2026-10-03 20:45:00+00:00,84858.6,84864.5,84700.6,84742.7,13.85428932,1174423.870492892,1
2026-10-03 20:50:00+00:00,84742.7,84761.1,84707.7,84744.9,12.70227255,1076407.567208596,1
2026-10-03 20:55:00+00:00,84744.8,84751.0,84740.9,84750.0,1.63225542,138329.201637176,1
2026-10-03 21:00:00+00:00,84750.0,84774.5,84704.0,84708.5,5.94974304,504231.648676352,1
2026-10-03 21:05:00+00:00,84708.6,84708.6,84549.8,84598.7,46.7052412,3951823.820300488,1
2026-10-03 21:10:00+00:00,84598.7,84705.0,84598.6,84677.5,9.54542125,808254.199602765,1
2026-10-03 21:15:00+00:00,84677.5,84728.8,84677.5,84707.0,5.42934425,459916.331282673,1
2026-10-03 21:20:00+00:00,84707.0,84723.5,84706.9,84722.0,2.38140448,201742.469366186,1
2026-10-03 21:25:00+00:00,84722.1,84725.9,84690.8,84711.8,6.8829848,583029.834899149,1
2026-10-03 21:30:00+00:00,84711.8,84725.9,84698.0,84720.4,5.03299199,426347.922072011,1
2026-10-03 21:35:00+00:00,84720.5,84720.5,84702.8,84703.0,1.05842861,89656.791206018,1
2026-10-03 21:40:00+00:00,84702.9,84728.6,84691.1,84699.9,5.21242137,441531.090789919,1
2026-10-03 21:45:00+00:00,84699.8,84746.1,84699.8,84726.5,6.64046875,562654.553831557,1
2026-10-03 21:50:00+00:00,84726.5,84745.6,84708.0,84708.0,2.98048678,252520.588228865,1
2026-10-03 21:55:00+00:00,84708.0,84725.7,84700.0,84717.2,5.55327045,470440.187394602,1
2026-10-03 22:00:00+00:00,84718.7,84765.0,84700.1,84740.1,4.08464979,346095.796813502,1
2026-10-03 22:05:00+00:00,84740.1,84780.6,84739.5,84755.2,3.85575652,326822.598311696,1
2026-10-03 22:10:00+00:00,84755.2,84792.0,84755.1,84792.0,1.12071847,95013.870794336,1
2026-10-03 22:15:00+00:00,84791.9,84792.0,84737.2,84770.8,4.14910346,351770.765386414,1
2026-10-03 22:20:00+00:00,84770.8,84778.3,84765.5,84778.2,0.35422709,30029.060661118,1
2026-10-03 22:25:00+00:00,84778.3,84791.8,84752.9,84774.1,6.62932068,562005.985600147,1
2026-10-03 22:30:00+00:00,84774.1,84783.1,84772.4,84783.1,0.66395411,56288.916792531,1
2026-10-03 22:35:00+00:00,84783.2,84799.3,84783.2,84794.0,7.47950322,634208.507977486,1
2026-10-03 22:40:00+00:00,84794.0,84800.0,84789.5,84795.2,3.79040743,321394.006462175,1
2026-10-03 22:45:00+00:00,84792.7,84806.2,84792.6,84802.6,1.47046077,124692.497808026,1
2026-10-03 22:50:00+00:00,84802.7,84809.8,84790.4,84793.7,2.93804577,249143.954604759,1
2026-10-03 22:55:00+00:00,84793.7,84802.2,84768.4,84772.6,3.46800915,294043.916305066,1
2026-10-03 23:00:00+00:00,84772.6,84792.6,84772.5,84775.3,1.59046963,134843.282405491,1
2026-10-03 23:05:00+00:00,84775.4,84785.5,84753.7,84765.6,4.03059432,341687.815380488,1
2026-10-03 23:10:00+00:00,84766.5,84766.6,84763.0,84765.1,0.48085555,40759.279198389,1
2026-10-03 23:15:00+00:00,84765.1,84768.6,84756.7,84761.8,1.87144934,158630.252049483,1
2026-10-03 23:20:00+00:00,84761.9,84809.8,84761.8,84809.7,1.88115461,159485.50555582,1
2026-10-03 23:25:00+00:00,84809.8,84809.8,84746.8,84749.6,16.95413397,1437391.298630141,1
2026-10-03 23:30:00+00:00,84749.7,84782.4,84744.3,84782.4,2.90173595,245938.049216599,1
2026-10-03 23:35:00+00:00,84782.4,84796.1,84769.2,84796.0,1.23408176,104628.277150662,1
2026-10-03 23:40:00+00:00,84796.1,84799.4,84795.4,84795.5,0.80511576,68270.521780439,1
2026-10-03 23:45:00+00:00,84795.5,84799.9,84790.0,84790.6,2.88057378,244256.337346593,1
2026-10-03 23:50:00+00:00,84790.5,84790.5,84722.4,84735.2,6.88563533,583591.557930767,1
2026-10-03 23:55:00+00:00,84735.2,84794.3,84735.2,84754.9,33.18824467,2813391.784635683,1
2026-10-04 00:00:00+00:00,84755.0,84845.1,84754.9,84823.2,6.66976269,565689.834588647,1
2026-10-04 00:05:00+00:00,84821.5,84845.8,84804.8,84810.2,6.89058905,584502.595077181,1
2026-10-04 00:10:00+00:00,84810.2,84831.5,84809.6,84822.0,2.51497163,213304.364230952,1
2026-10-04 00:15:00+00:00,84822.0,84855.0,84821.9,84854.9,3.75632036,318689.434417945,1
2026-10-04 00:20:00+00:00,84855.0,84876.4,84854.9,84865.1,10.6642228,905049.702813297,1
2026-10-04 00:25:00+00:00,84865.2,84877.7,84809.7,84811.5,6.06995118,515062.946560604,1
2026-10-04 00:30:00+00:00,84811.5,84838.1,84805.0,84838.0,3.98426832,337923.879363644,1
2026-10-04 00:35:00+00:00,84838.1,84852.5,84819.6,84826.4,2.23591911,189682.083679324,1
2026-10-04 00:40:00+00:00,84826.4,84826.4,84801.9,84802.0,1.1175261,94775.715555366,1
2026-10-04 00:45:00+00:00,84802.0,84835.4,84800.0,84832.5,1.04415878,88553.247643351,1
2026-10-04 00:50:00+00:00,84832.2,84852.4,84821.6,84821.8,2.09231699,177507.422457414,1
2026-10-04 00:55:00+00:00,84821.8,84821.8,84771.9,84796.5,3.88307567,329274.173518423,1
2026-10-04 01:00:00+00:00,84796.5,84828.9,84776.5,84776.6,2.15481884,182736.15418484,1
2026-10-04 01:05:00+00:00,84776.6,84806.6,84776.5,84781.6,5.19126093,440204.632953451,1
2026-10-04 01:10:00+00:00,84781.6,84816.6,84768.2,84775.4,3.98768716,338097.672356506,1
2026-10-04 01:15:00+00:00,84775.4,84775.4,84720.4,84722.1,9.20944921,780530.3216167,1
2026-10-04 01:20:00+00:00,84722.1,84743.9,84722.1,84741.9,2.58114014,218705.704941224,1
2026-10-04 01:25:00+00:00,84741.9,84749.5,84741.9,84749.5,0.26771816,22688.284231476,1
2026-10-04 01:30:00+00:00,84750.3,84785.2,84750.3,84785.1,2.49240983,211244.195414055,1
2026-10-04 01:35:00+00:00,84786.5,84812.3,84774.2,84782.7,3.9519688,335102.118528977,1
2026-10-04 01:40:00+00:00,84781.3,84793.9,84775.3,84790.9,6.19900425,525632.470432122,1
2026-10-04 01:45:00+00:00,84790.8,84790.9,84785.1,84788.0,0.46359701,39307.768236017,1
2026-10-04 01:50:00+00:00,84788.0,84819.1,84788.0,84812.9,1.34813647,114316.017789232,1
2026-10-04 01:55:00+00:00,84813.0,84818.0,84802.2,84813.2,2.78232746,235978.501725079,1
2026-10-04 02:00:00+00:00,84813.3,84850.0,84813.2,84850.0,3.62610427,307598.738823777,1
2026-10-04 02:05:00+00:00,84850.0,84879.4,84818.3,84822.3,5.29553879,449350.786592265,1
2026-10-04 02:10:00+00:00,84822.2,84847.6,84806.1,84826.4,2.31279238,196175.009264764,1
2026-10-04 02:15:00+00:00,84825.9,84841.5,84800.0,84832.7,2.58337437,219123.769041071,1
2026-10-04 02:20:00+00:00,84831.3,84867.3,84831.3,84842.8,3.53984902,300333.455810503,1
2026-10-04 02:25:00+00:00,84844.8,84844.8,84809.5,84843.8,10.54274025,894312.807214189,1
2026-10-04 02:30:00+00:00,84843.9,84853.8,84809.8,84826.6,5.35803711,454583.847370838,1
2026-10-04 02:35:00+00:00,84826.6,84828.3,84807.9,84818.3,3.467939,294137.022342219,1
2026-10-04 02:40:00+00:00,84818.1,84819.7,84800.0,84802.2,2.63340224,223332.041623899,1
2026-10-04 02:45:00+00:00,84802.1,84818.0,84789.5,84809.9,17.1841161,1457198.455531667,1
2026-10-04 02:50:00+00:00,84809.9,84809.9,84800.0,84805.5,2.7355241,231975.505440494,1
2026-10-04 02:55:00+00:00,84806.0,84814.5,84806.0,84814.4,0.35268137,29911.394735443,1
2026-10-04 03:00:00+00:00,84814.5,84814.5,84808.9,84809.0,1.11427807,94501.095582795,1
2026-10-04 03:05:00+00:00,84808.9,84811.2,84808.9,84809.8,0.58375185,49507.549636465,1
2026-10-04 03:10:00+00:00,84809.7,84812.7,84809.7,84812.7,1.98724155,168537.972580556,1
2026-10-04 03:15:00+00:00,84812.7,84816.5,84810.0,84810.0,2.11765863,179602.358306075,1
2026-10-04 03:20:00+00:00,84810.1,84836.1,84810.0,84828.1,2.53140237,214715.655497126,1
2026-10-04 03:25:00+00:00,84828.1,84828.1,84808.0,84808.0,17.2979886,1467120.248355657,1
2026-10-04 03:30:00+00:00,84808.0,84867.4,84808.0,84867.3,1.32060611,112024.350392919,1
2026-10-04 03:35:00+00:00,84867.3,84881.7,84829.4,84854.4,6.73020525,571191.499175833,1
2026-10-04 03:40:00+00:00,84854.5,84897.9,84854.4,84882.9,10.97236626,931331.025068331,1
2026-10-04 03:45:00+00:00,84882.9,84882.9,84867.1,84867.4,1.94290376,164909.570096959,1
2026-10-04 03:50:00+00:00,84867.4,84869.2,84840.8,84843.8,6.68594847,567322.808312007,1
2026-10-04 03:55:00+00:00,84843.8,84843.8,84843.7,84843.8,0.34609972,29364.394866872,1
2026-10-04 04:00:00+00:00,84843.8,84852.8,84843.7,84852.8,2.07568024,176116.033894229,1
2026-10-04 04:05:00+00:00,84852.8,84852.8,84830.0,84830.0,0.66907412,56766.44047817,1
2026-10-04 04:10:00+00:00,84830.1,84830.1,84819.9,84820.0,1.26503105,107308.592495604,1
2026-10-04 04:15:00+00:00,84820.0,84820.0,84819.9,84819.9,0.38924022,33015.338201718,1
2026-10-04 04:20:00+00:00,84819.9,84830.1,84818.7,84824.2,1.63532932,138712.127364785,1
2026-10-04 04:25:00+00:00,84823.9,84824.3,84823.9,84824.3,0.28848594,24470.601177244,1
2026-10-04 04:30:00+00:00,84824.3,84824.3,84822.0,84822.0,2.09201842,177453.507297887,1
2026-10-04 04:35:00+00:00,84822.0,84822.1,84820.2,84820.3,2.62459341,222622.581916738,1
2026-10-04 04:40:00+00:00,84820.3,84822.5,84820.2,84822.5,12.32189544,1045161.723891068,1
2026-10-04 04:45:00+00:00,84822.4,84825.3,84822.4,84825.3,8.67223048,735605.520145365,1
2026-10-04 04:50:00+00:00,84825.3,84828.7,84825.2,84828.6,3.6512938,309729.212900653,1
2026-10-04 04:55:00+00:00,84828.7,84828.7,84825.3,84825.3,3.07433768,260782.117137706,1
2026-10-04 05:00:00+00:00,84825.3,84847.3,84825.3,84840.7,1.97473827,167534.624825816,1
2026-10-04 05:05:00+00:00,84840.6,84848.3,84840.6,84848.2,4.28674074,363694.284707767,1
2026-10-04 05:10:00+00:00,84848.2,84848.4,84840.0,84840.7,4.28056118,363175.215177608,1
2026-10-04 05:15:00+00:00,84840.7,84877.5,84831.5,84843.0,6.81388421,578194.257071627,1
2026-10-04 05:20:00+00:00,84845.9,84877.3,84843.7,84877.3,2.18543334,185449.426597279,1
2026-10-04 05:25:00+00:00,84878.2,84878.3,84867.9,84867.9,0.60262027,51146.095158405,1
2026-10-04 05:30:00+00:00,84868.0,84887.4,84867.9,84887.4,13.19369337,1119809.632831305,1
2026-10-04 05:35:00+00:00,84889.8,84911.2,84887.5,84900.5,5.24719756,445473.431835794,1
2026-10-04 05:40:00+00:00,84900.5,84928.5,84900.5,84928.4,4.13604006,351215.618996685,1
2026-10-04 05:45:00+00:00,84928.5,84928.6,84910.1,84916.0,2.1455998,182199.83837322,1
2026-10-04 05:50:00+00:00,84916.0,84933.6,84915.9,84933.5,1.62043876,137611.782816665,1
2026-10-04 05:55:00+00:00,84933.5,84933.6,84911.2,84916.3,4.9644411,421598.91313637,1
2026-10-04 06:00:00+00:00,84916.4,84929.4,84916.3,84925.2,2.52534787,214463.656293032,1
2026-10-04 06:05:00+00:00,84925.2,84933.6,84925.2,84932.6,0.97276465,82617.601705534,1
2026-10-04 06:10:00+00:00,84932.6,84932.7,84919.1,84926.6,2.86490266,243307.175092541,1
2026-10-04 06:15:00+00:00,84926.5,84937.1,84926.5,84937.1,2.83719091,240968.851618067,1
2026-10-04 06:20:00+00:00,84937.5,85077.5,84937.5,84970.3,26.04197356,2214062.221435217,1
2026-10-04 06:25:00+00:00,84970.3,84974.1,84880.0,84950.4,11.06338267,939478.744338497,1
2026-10-04 06:30:00+00:00,84950.3,85030.6,84917.6,85012.9,14.32093169,1216975.659365569,1
2026-10-04 06:35:00+00:00,85012.9,85041.2,84984.3,84989.0,2.91312969,247641.004957409,1
2026-10-04 06:40:00+00:00,84989.0,84989.1,84955.2,84968.5,10.07823284,856288.422616261,1
2026-10-04 06:45:00+00:00,84968.5,85002.3,84965.7,85002.1,7.24560587,615833.191304457,1
2026-10-04 06:50:00+00:00,85002.2,85075.2,85000.0,85069.2,4.32471202,367758.431787835,1
2026-10-04 06:55:00+00:00,85069.1,85074.9,85028.0,85030.2,1.41440696,120297.139763416,1
2026-10-04 07:00:00+00:00,85030.2,85030.2,85021.6,85021.7,0.78915976,67099.321926808,1
2026-10-04 07:05:00+00:00,85021.7,85021.7,85015.2,85016.5,0.65700171,55858.497032864,1
2026-10-04 07:10:00+00:00,85015.1,85016.0,85000.0,85000.1,3.17308552,269745.455252048,1
2026-10-04 07:15:00+00:00,85000.0,85000.1,84940.0,84940.0,9.18284228,780342.813723704,1
2026-10-04 07:20:00+00:00,84940.0,84996.6,84940.0,84995.9,4.14108977,351870.192313744,1
2026-10-04 07:25:00+00:00,84995.9,85015.7,84973.2,84973.2,5.08482662,432162.21751689,1
2026-10-04 07:30:00+00:00,84973.1,84973.2,84926.9,84928.2,7.36002494,625181.935674125,1
2026-10-04 07:35:00+00:00,84928.1,84963.5,84919.8,84939.2,6.3753385,541537.125867123,1
2026-10-04 07:40:00+00:00,84939.1,84979.0,84935.2,84978.9,4.99061468,423966.094567156,1
2026-10-04 07:45:00+00:00,84979.0,85028.9,84979.0,85028.8,7.10039443,603559.031516552,1
2026-10-04 07:50:00+00:00,85028.8,85059.9,85025.0,85032.8,9.30857738,791630.70231102,1
2026-10-04 07:55:00+00:00,85032.8,85114.6,85023.1,85112.9,16.54117441,1407253.372453841,1
2026-10-04 08:00:00+00:00,85114.7,85186.5,85104.4,85127.1,14.19998245,1209134.332718639,1
2026-10-04 08:05:00+00:00,85127.2,85157.6,85090.4,85118.4,6.70703732,570892.929371605,1
2026-10-04 08:10:00+00:00,85127.3,85167.5,85127.3,85146.8,3.65906835,311597.656543917,1
2026-10-04 08:15:00+00:00,85146.8,85152.9,85125.0,85125.0,4.98978363,424838.044325054,1
2026-10-04 08:20:00+00:00,85125.0,85153.6,85119.8,85146.1,5.93825365,505511.413963568,1
2026-10-04 08:25:00+00:00,85146.1,85196.5,85141.3,85141.3,9.75360484,830796.383812842,1
2026-10-04 08:30:00+00:00,85141.4,85141.4,85059.4,85086.5,14.34448027,1220590.778048479,1
2026-10-04 08:35:00+00:00,85086.5,85086.6,85034.1,85038.8,4.19878951,357149.613627701,1
2026-10-04 08:40:00+00:00,85038.7,85080.7,85038.7,85080.6,0.90769244,77213.587312262,1
2026-10-04 08:45:00+00:00,85080.7,85123.9,85074.8,85116.4,2.473047,210479.633480413,1
2026-10-04 08:50:00+00:00,85116.5,85120.7,85092.9,85098.5,3.60018778,306404.730570574,1
2026-10-04 08:55:00+00:00,85098.6,85108.2,85096.9,85100.7,6.97084756,593206.890796328,1
2026-10-04 09:00:00+00:00,85100.7,85106.5,85070.8,85070.8,4.73094953,402547.259274792,1
2026-10-04 09:05:00+00:00,85070.9,85136.8,85050.9,85136.7,3.27674055,278813.296328553,1
2026-10-04 09:10:00+00:00,85136.7,85142.1,85136.7,85136.7,1.11880539,95254.872620412,1
2026-10-04 09:15:00+00:00,85136.8,85174.4,85136.7,85174.4,4.44394215,378451.659557821,1
2026-10-04 09:20:00+00:00,85174.4,85226.4,85169.9,85206.9,8.29954012,707024.15479923,1
2026-10-04 09:25:00+00:00,85207.3,85281.9,85192.1,85264.6,10.69550539,911799.697188738,1
2026-10-04 09:30:00+00:00,85264.5,85290.3,85221.2,85221.3,3.65197788,311374.266359904,1
2026-10-04 09:35:00+00:00,85221.2,85244.1,85193.2,85235.2,3.58010695,305077.010370854,1
2026-10-04 09:40:00+00:00,85235.2,85295.3,85235.2,85276.2,8.76373928,747379.50631164,1
2026-10-04 09:45:00+00:00,85276.3,85330.2,85275.3,85280.7,12.86253247,1097299.848910987,1
2026-10-04 09:50:00+00:00,85279.5,85279.6,85237.0,85254.0,4.28891125,365657.056107325,1
2026-10-04 09:55:00+00:00,85254.0,85270.5,85224.8,85231.2,3.56484611,303913.737681073,1
2026-10-04 10:00:00+00:00,85231.3,85280.5,85225.1,85270.1,3.44992822,294102.874091588,1
2026-10-04 10:05:00+00:00,85270.1,85284.3,85239.0,85241.3,3.72255314,317392.302048605,1
2026-10-04 10:10:00+00:00,85241.3,85260.4,85220.4,85260.4,2.5709078,219137.463573667,1
2026-10-04 10:15:00+00:00,85260.4,85423.0,85260.4,85380.0,15.02782591,1282740.844513676,1
2026-10-04 10:20:00+00:00,85379.9,85411.4,85353.8,85371.5,3.7008478,315981.987975156,1
2026-10-04 10:25:00+00:00,85371.5,85428.0,85371.5,85373.5,7.02908222,600259.977723533,1
2026-10-04 10:30:00+00:00,85373.5,85403.4,85339.1,85339.1,5.04399839,430617.720775153,1
2026-10-04 10:35:00+00:00,85339.1,85339.1,85288.8,85305.2,3.73449012,318580.010283331,1
2026-10-04 10:40:00+00:00,85305.5,85348.2,85293.8,85341.4,9.15835681,781420.463880463,1
2026-10-04 10:45:00+00:00,85341.7,85343.5,85314.4,85338.5,5.06781275,432471.293732595,1
2026-10-04 10:50:00+00:00,85338.5,85338.6,85336.1,85336.2,1.67879336,143262.602510426,1
2026-10-04 10:55:00+00:00,85336.2,85342.3,85262.5,85272.1,3.27729723,279626.650544279,1
2026-10-04 11:00:00+00:00,85272.2,85273.4,85212.0,85212.0,4.74736702,404677.572077681,1
2026-10-04 11:05:00+00:00,85212.1,85276.1,85212.0,85262.1,2.95317421,251786.621546439,1
2026-10-04 11:10:00+00:00,85262.1,85266.3,85260.8,85266.3,2.18709735,186481.402070353,1
2026-10-04 11:15:00+00:00,85267.9,85291.7,85267.9,85279.2,1.1114737,94789.393314459,1
2026-10-04 11:20:00+00:00,85279.0,85301.4,85279.0,85288.8,0.74002177,63114.704993717,1
2026-10-04 11:25:00+00:00,85288.8,85333.7,85288.2,85321.6,1.79204853,152891.852698154,1
2026-10-04 11:30:00+00:00,85321.5,85329.1,85307.6,85315.9,1.86668657,159271.208800756,1
2026-10-04 11:35:00+00:00,85315.9,85315.9,85272.9,85272.9,5.08457918,433600.768980925,1
2026-10-04 11:40:00+00:00,85272.9,85295.1,85271.7,85278.7,3.34189533,285015.683579613,1
2026-10-04 11:45:00+00:00,85278.7,85285.4,85259.5,85278.6,2.09741878,178846.12905942,1
2026-10-04 11:50:00+00:00,85280.5,85310.7,85280.4,85310.7,2.33292094,198984.991344225,1
2026-10-04 11:55:00+00:00,85310.6,85315.4,85294.3,85311.7,4.44165877,378902.316281632,1
2026-10-04 12:00:00+00:00,85311.8,85348.4,85311.7,85346.4,3.66218379,312485.572320279,1
2026-10-04 12:05:00+00:00,85346.4,85376.4,85346.3,85367.2,2.8475869,243080.038617251,1
2026-10-04 12:10:00+00:00,85367.2,85399.8,85230.8,85235.9,12.40665601,1058485.251212625,1
2026-10-04 12:15:00+00:00,85235.9,85275.4,85180.1,85257.5,5.79663904,493987.929281389,1
2026-10-04 12:20:00+00:00,85257.5,85310.9,85250.8,85295.0,4.76465946,406352.380271858,1
2026-10-04 12:25:00+00:00,85295.0,85300.0,85272.5,85275.6,6.53093553,557032.731540488,1
2026-10-04 12:30:00+00:00,85274.8,85306.4,85259.0,85280.6,4.37835333,373402.770886522,1
2026-10-04 12:35:00+00:00,85276.4,85280.6,85250.0,85250.0,1.82968739,156023.719381402,1
2026-10-04 12:40:00+00:00,85250.1,85256.5,85205.3,85205.3,1.32871862,113269.946326028,1
2026-10-04 12:45:00+00:00,85205.4,85225.6,85150.1,85161.4,20.53547694,1749524.995819371,1
2026-10-04 12:50:00+00:00,85161.3,85178.8,85112.0,85139.2,14.87219123,1266276.680104318,1
2026-10-04 12:55:00+00:00,85139.2,85157.8,85105.7,85124.5,11.50081379,978939.767529029,1
2026-10-04 13:00:00+00:00,85122.5,85142.7,85122.5,85135.8,3.06797246,261184.721838198,1
2026-10-04 13:05:00+00:00,85135.9,85166.0,85126.7,85128.0,6.89956244,587473.463695309,1
2026-10-04 13:10:00+00:00,85128.1,85174.0,85128.1,85173.9,2.43751564,207537.185339677,1
2026-10-04 13:15:00+00:00,85174.0,85218.6,85167.5,85167.5,3.50644918,298745.612234849,1
2026-10-04 13:20:00+00:00,85167.6,85215.6,85167.6,85215.6,0.88019514,74987.689849609,1
2026-10-04 13:25:00+00:00,85215.6,85237.3,85214.0,85234.4,2.19175556,186792.558731776,1
2026-10-04 13:30:00+00:00,85234.3,85275.1,85233.4,85266.5,2.22208941,189451.695073165,1
2026-10-04 13:35:00+00:00,85266.5,85332.6,85229.6,85263.8,8.33232442,710666.233364719,1
2026-10-04 13:40:00+00:00,85263.7,85266.4,85204.7,85229.8,5.46966148,466236.281508166,1
2026-10-04 13:45:00+00:00,85229.7,85300.0,85215.2,85299.9,8.62470808,735129.088743845,1
2026-10-04 13:50:00+00:00,85300.0,85300.0,85263.6,85264.8,2.22123444,189433.398326817,1
2026-10-04 13:55:00+00:00,85264.8,85268.7,85241.2,85244.4,1.16174349,99038.629588288,1
2026-10-04 14:00:00+00:00,85244.5,85254.2,85219.9,85245.1,2.5527647,217592.375443962,1
2026-10-04 14:05:00+00:00,85245.1,85254.2,85214.5,85218.2,2.39739008,204328.002646252,1
2026-10-04 14:10:00+00:00,85218.2,85222.5,85167.4,85220.5,3.26838649,278426.559731838,1
2026-10-04 14:15:00+00:00,85216.7,85216.8,85163.0,85163.0,1.74524213,148687.124994759,1
2026-10-04 14:20:00+00:00,85163.0,85173.1,85132.7,85173.1,8.53432763,726698.564762158,1
2026-10-04 14:25:00+00:00,85173.1,85199.9,85164.7,85182.4,10.56092555,899607.323884615,1
2026-10-04 14:30:00+00:00,85182.4,85200.0,85173.1,85184.7,5.9836514,509748.124733153,1
2026-10-04 14:35:00+00:00,85184.6,85200.0,85132.8,85137.7,7.91052687,673821.719940558,1
2026-10-04 14:40:00+00:00,85137.8,85141.4,85132.7,85132.7,2.32674838,198089.92099177,1
2026-10-04 14:45:00+00:00,85132.8,85146.3,85101.5,85137.8,30.7205082,2615034.215293909,1
2026-10-04 14:50:00+00:00,85137.8,85249.6,85137.8,85249.6,4.50696063,383935.866781487,1
2026-10-04 14:55:00+00:00,85249.6,85292.0,85245.7,85288.9,3.70409117,315852.181597393,1
2026-10-04 15:00:00+00:00,85286.3,85376.9,85281.6,85338.9,11.18897887,954686.668342252,1
2026-10-04 15:05:00+00:00,85338.9,85338.9,85240.7,85262.2,2.38898283,203772.939809147,1
2026-10-04 15:10:00+00:00,85262.3,85359.8,85262.2,85359.0,3.63518823,310156.827875153,1
2026-10-04 15:15:00+00:00,85359.8,85475.9,85343.2,85444.3,27.74449024,2369133.149493124,1
2026-10-04 15:20:00+00:00,85441.8,85481.7,85348.3,85355.0,18.56834732,1586003.681354374,1
2026-10-04 15:25:00+00:00,85355.1,85365.0,85277.4,85315.5,9.05291641,772259.464150144,1
2026-10-04 15:30:00+00:00,85315.6,85325.6,85284.1,85303.7,2.63308834,224616.509325966,1
2026-10-04 15:35:00+00:00,85303.6,85319.3,85287.0,85315.1,3.82421692,326220.060214052,1
2026-10-04 15:40:00+00:00,85315.1,85353.5,85315.1,85346.3,2.02495568,172802.712753248,1
2026-10-04 15:45:00+00:00,85346.3,85407.5,85337.9,85351.0,3.31796638,283212.839399509,1
2026-10-04 15:50:00+00:00,85350.0,85354.9,85327.7,85327.7,3.10156884,264718.085995016,1
2026-10-04 15:55:00+00:00,85327.8,85327.8,85260.0,85260.0,3.51260237,299636.50545125,1
2026-10-04 16:00:00+00:00,85260.0,85279.6,85190.4,85190.4,5.75808585,490758.003164616,1
2026-10-04 16:05:00+00:00,85190.5,85275.5,85180.4,85266.1,4.94864042,421664.385529205,1
2026-10-04 16:10:00+00:00,85266.1,85307.3,85252.5,85304.9,2.20102122,187709.657465001,1
2026-10-04 16:15:00+00:00,85305.0,85322.2,85269.1,85271.3,19.68005363,1678709.898292865,1
2026-10-04 16:20:00+00:00,85271.4,85275.5,85202.1,85241.7,2.59686436,221320.22307332,1
2026-10-04 16:25:00+00:00,85241.8,85250.3,85224.0,85249.2,0.63387736,54028.20587939,1
2026-10-04 16:30:00+00:00,85249.2,85303.2,85249.2,85303.2,3.81269371,325191.992025595,1
2026-10-04 16:35:00+00:00,85304.5,85346.4,85303.5,85321.3,3.12889299,266961.097653364,1
2026-10-04 16:40:00+00:00,85321.4,85356.2,85321.4,85350.2,5.29874107,452207.814713567,1
2026-10-04 16:45:00+00:00,85350.1,85439.5,85340.0,85436.6,4.22871857,361037.589793927,1
2026-10-04 16:50:00+00:00,85432.1,85432.1,85362.2,85362.2,2.03383081,173667.05265827,1
2026-10-04 16:55:00+00:00,85360.3,85386.4,85347.0,85373.4,1.47240503,125694.445760448,1
2026-10-04 17:00:00+00:00,85373.5,85400.8,85363.4,85400.7,2.63143118,224670.309473114,1
2026-10-04 17:05:00+00:00,85400.8,85400.8,85341.9,85345.6,3.51902652,300448.557761899,1
2026-10-04 17:10:00+00:00,85345.6,85348.7,85316.6,85326.9,6.83451178,583243.267121337,1
2026-10-04 17:15:00+00:00,85326.9,85337.1,85324.7,85335.0,1.34384075,114665.634568747,1
2026-10-04 17:20:00+00:00,85334.9,85358.1,85329.3,85354.1,1.55305218,132532.785243136,1
2026-10-04 17:25:00+00:00,85352.0,85402.6,85352.0,85385.9,3.68681755,314801.901254346,1
2026-10-04 17:30:00+00:00,85385.9,85405.9,85365.5,85367.4,1.92370351,164270.260596441,1
2026-10-04 17:35:00+00:00,85367.5,85368.6,85334.1,85334.1,0.62912019,53703.222978227,1
2026-10-04 17:40:00+00:00,85334.2,85425.6,85334.1,85425.6,1.62307404,138565.272755933,1
2026-10-04 17:45:00+00:00,85426.2,85462.8,85388.1,85388.1,2.79748135,239008.14954548,1
2026-10-04 17:50:00+00:00,85388.1,85395.3,85330.8,85344.0,4.66517834,398186.069549917,1
2026-10-04 17:55:00+00:00,85344.0,85358.7,85315.4,85316.4,3.1393003,267879.13068176,1
2026-10-04 18:00:00+00:00,85316.5,85343.7,85315.5,85340.6,1.57949087,134766.564574817,1
2026-10-04 18:05:00+00:00,85340.7,85350.1,85308.8,85309.6,1.99641648,170337.211052493,1
2026-10-04 18:10:00+00:00,85309.6,85332.0,85309.5,85332.0,0.55276764,47161.989612491,1
2026-10-04 18:15:00+00:00,85331.9,85345.9,85321.9,85321.9,0.62490956,53328.313895656,1
2026-10-04 18:20:00+00:00,85322.0,85322.0,85317.4,85321.9,0.17450866,14889.249346673,1
2026-10-04 18:25:00+00:00,85321.9,85330.1,85306.0,85330.0,1.16047509,99011.680144194,1
2026-10-04 18:30:00+00:00,85330.1,85343.0,85325.0,85325.0,1.08003574,92164.154996994,1
2026-10-04 18:35:00+00:00,85325.1,85333.5,85312.8,85321.3,0.74123619,63244.825858382,1
2026-10-04 18:40:00+00:00,85321.3,85349.9,85321.3,85349.8,2.40863719,205531.631328573,1
2026-10-04 18:45:00+00:00,85349.8,85349.9,85327.8,85343.3,0.2910254,24836.788349279,1
2026-10-04 18:50:00+00:00,85344.6,85352.9,85344.5,85352.9,0.39997907,34136.200493963,1
2026-10-04 18:55:00+00:00,85352.8,85367.1,85336.1,85336.1,1.10274305,94121.150363126,1
2026-10-04 19:00:00+00:00,85336.2,85397.1,85336.1,85388.1,2.92644769,249798.358941341,1
2026-10-04 19:05:00+00:00,85388.1,85419.6,85372.9,85389.5,5.08959634,434642.754264347,1
2026-10-04 19:10:00+00:00,85389.5,85389.7,85386.7,85389.7,1.12424245,95997.816914794,1
2026-10-04 19:15:00+00:00,85389.7,85394.8,85385.6,85394.8,0.89582687,76497.040230979,1
2026-10-04 19:20:00+00:00,85394.8,85411.0,85388.0,85409.2,31.64095154,2702088.566155701,1
2026-10-04 19:25:00+00:00,85409.2,85470.0,85399.2,85463.7,78.07687038,6669236.640947505,1
2026-10-04 19:30:00+00:00,85464.3,85577.1,85464.3,85544.2,21.28399897,1820458.01299299,1
2026-10-04 19:35:00+00:00,85544.3,85553.3,85477.6,85481.2,5.1139509,437326.485200258,1
2026-10-04 19:40:00+00:00,85480.7,85483.7,85397.2,85452.5,4.47566182,382364.689398607,1
2026-10-04 19:45:00+00:00,85457.1,85463.2,85425.9,85463.2,0.85570588,73118.631416232,1
2026-10-04 19:50:00+00:00,85463.2,85469.9,85423.1,85431.0,3.1852406,272181.371584483,1
2026-10-04 19:55:00+00:00,85431.0,85437.8,85426.5,85426.6,1.65208354,141139.709167922,1
2026-10-04 20:00:00+00:00,85426.6,85455.6,85399.5,85423.5,7.64312692,652886.235923667,1
2026-10-04 20:05:00+00:00,85423.5,85423.5,85392.3,85392.4,2.84844975,243265.09498429,1
2026-10-04 20:10:00+00:00,85392.4,85443.0,85392.3,85443.0,1.46574193,125197.323929515,1
2026-10-04 20:15:00+00:00,85443.0,85491.2,85443.0,85485.6,1.31199023,112142.68335727,1
2026-10-04 20:20:00+00:00,85485.7,85498.2,85470.0,85470.0,0.62268545,53226.289146109,1
2026-10-04 20:25:00+00:00,85469.9,85478.9,85450.0,85473.4,2.63241591,224960.4108847,1
2026-10-04 20:30:00+00:00,85475.0,85569.9,85441.0,85569.9,6.38092631,545508.303892223,1
2026-10-04 20:35:00+00:00,85569.8,85663.6,85569.7,85600.1,17.10888882,1464917.664100917,1
2026-10-04 20:40:00+00:00,85600.1,85776.6,85600.0,85761.4,29.02387786,2487861.5597636,1
2026-10-04 20:45:00+00:00,85761.4,85879.7,85713.0,85829.3,28.63676183,2457268.799620932,1
2026-10-04 20:50:00+00:00,85829.2,85869.4,85770.9,85813.7,6.03024452,517636.339874693,1
2026-10-04 20:55:00+00:00,85813.7,85863.0,85810.5,85832.4,1.89798798,162913.832960769,1
2026-10-04 21:00:00+00:00,85832.5,85900.0,85785.7,85839.0,14.30342562,1228065.871131291,1
2026-10-04 21:05:00+00:00,85839.0,85899.9,85837.4,85886.9,3.02009319,259342.743094259,1
2026-10-04 21:10:00+00:00,85886.9,86074.4,85879.2,86023.8,85.75417972,7374228.099265498,1
2026-10-04 21:15:00+00:00,86027.4,86067.5,85975.7,85999.5,11.23597148,966549.153108553,1
2026-10-04 21:20:00+00:00,85999.6,86005.0,85788.4,85879.6,23.69989514,2035477.376790003,1
2026-10-04 21:25:00+00:00,85875.5,85902.5,85819.8,85822.6,4.50000385,386321.127112138,1
2026-10-04 21:30:00+00:00,85826.1,85903.6,85825.9,85893.4,1.7041156,146345.696812605,1
2026-10-04 21:35:00+00:00,85893.5,85996.6,85891.9,85972.1,9.32074307,801246.821407179,1
2026-10-04 21:40:00+00:00,85968.1,86006.6,85958.5,85991.4,4.81985455,414397.327916226,1
2026-10-04 21:45:00+00:00,85991.4,86058.1,85926.0,85960.9,4.26506876,366842.175586237,1
2026-10-04 21:50:00+00:00,85960.7,85972.3,85876.2,85876.2,3.12077501,268193.044128377,1
2026-10-04 21:55:00+00:00,85876.1,85941.0,85815.4,85862.3,6.09787165,523679.839086991,1
2026-10-04 22:00:00+00:00,85862.7,86280.0,85862.7,86195.3,93.71241916,8070930.136792884,1
2026-10-04 22:05:00+00:00,86195.3,86302.1,86051.5,86236.4,56.42701085,4863952.939056824,1
2026-10-04 22:10:00+00:00,86236.3,86347.7,86177.0,86330.5,29.45024723,2540721.253770651,1
2026-10-04 22:15:00+00:00,86330.5,86696.3,86302.2,86619.2,98.14384156,8492889.289859159,1
2026-10-04 22:20:00+00:00,86619.3,86683.2,86471.7,86489.7,17.02666425,1473713.040595148,1
2026-10-04 22:25:00+00:00,86489.8,86519.5,86236.6,86254.8,23.34509804,2016266.57066179,1
2026-10-04 22:30:00+00:00,86252.7,86432.1,86234.5,86387.3,28.5833096,2469257.488582019,1
2026-10-04 22:35:00+00:00,86384.0,86481.3,86316.6,86329.3,18.23790765,1576499.291565412,1
2026-10-04 22:40:00+00:00,86329.4,86480.0,86306.6,86370.7,17.38649193,1502431.536954393,1
2026-10-04 22:45:00+00:00,86369.5,86389.9,86318.9,86320.6,4.22554587,364908.067245212,1
2026-10-04 22:50:00+00:00,86320.6,86452.1,86294.0,86431.6,6.68067441,576974.183143409,1
2026-10-04 22:55:00+00:00,86431.6,86462.4,86396.9,86440.0,13.72474689,1186124.165503609,1
2026-10-04 23:00:00+00:00,86440.0,86485.8,86397.0,86485.8,9.8141447,848391.772255911,1
2026-10-04 23:05:00+00:00,86485.7,86520.3,86449.3,86483.3,8.21157807,710233.022507307,1
2026-10-04 23:10:00+00:00,86483.3,86639.9,86483.3,86581.8,87.94901579,7615338.576564648,1
2026-10-04 23:15:00+00:00,86581.2,86680.0,86522.9,86602.0,57.96853279,5019860.467045425,1
2026-10-04 23:20:00+00:00,86597.7,86679.6,86585.9,86600.5,29.27207674,2535798.381698632,1
2026-10-04 23:25:00+00:00,86600.6,86798.8,86600.6,86687.3,43.19533031,3746605.827125826,1
2026-10-04 23:30:00+00:00,86687.2,86726.0,86559.8,86559.8,9.54646651,827136.812028208,1
2026-10-04 23:35:00+00:00,86559.0,86559.0,86432.1,86466.0,18.5944058,1608280.622087999,1
2026-10-04 23:40:00+00:00,86468.0,86524.9,86434.0,86524.9,17.43088779,1507438.535953191,1
2026-10-04 23:45:00+00:00,86525.1,86539.1,86465.0,86531.2,10.52569551,910495.436199939,1
2026-10-04 23:50:00+00:00,86529.8,86559.9,86416.0,86474.2,7.97086709,689368.916198456,1
2026-10-04 23:55:00+00:00,86478.3,86533.8,86455.6,86525.1,12.17816016,1053327.95152115,1
2026-10-05 00:00:00+00:00,86522.4,86522.4,86332.3,86454.3,19.14379301,1653998.507486939,1
2026-10-05 00:05:00+00:00,86451.3,86513.3,86388.7,86388.7,9.03648335,781240.629278387,1
2026-10-05 00:10:00+00:00,86388.7,86505.0,86320.8,86356.5,14.26051328,1232272.13335571,1
2026-10-05 00:15:00+00:00,86356.6,86487.3,86348.8,86487.3,4.99015034,431408.135118115,1
2026-10-05 00:20:00+00:00,86485.8,86498.9,86352.0,86362.1,15.44670766,1335000.019152336,1
2026-10-05 00:25:00+00:00,86362.2,86362.2,86260.9,86276.5,16.84251639,1453490.621149685,1
2026-10-05 00:30:00+00:00,86276.4,86284.2,86194.3,86249.9,10.60803779,914901.788727057,1
2026-10-05 00:35:00+00:00,86249.9,86395.7,86226.0,86395.6,22.68945734,1957867.407980611,1
2026-10-05 00:40:00+00:00,86396.2,86636.8,86396.2,86623.4,26.94248882,2330973.573660219,1
2026-10-05 00:45:00+00:00,86623.4,86647.0,86513.8,86620.0,9.13049911,790589.994376405,1
2026-10-05 00:50:00+00:00,86618.2,86697.5,86575.5,86591.9,28.56544842,2474642.638540814,1
2026-10-05 00:55:00+00:00,86593.9,86710.1,86570.3,86654.1,6.09176327,527879.552811743,1
2026-10-05 01:00:00+00:00,86645.6,86645.6,86471.8,86589.9,8.55654851,740530.893667243,1
2026-10-05 01:05:00+00:00,86589.9,86628.7,86480.0,86537.4,12.15106363,1051790.491449564,1
2026-10-05 01:10:00+00:00,86537.4,86754.8,86520.9,86748.4,12.54717228,1086974.118795706,1
2026-10-05 01:15:00+00:00,86748.5,86852.5,86665.8,86767.0,40.14655313,3483874.608833063,1
2026-10-05 01:20:00+00:00,86767.0,86886.2,86701.9,86857.7,36.24238346,3145463.904542793,1
2026-10-05 01:25:00+00:00,86857.6,86994.3,86857.6,86943.5,39.53249252,3436239.957711911,1
2026-10-05 01:30:00+00:00,86943.7,86950.0,86677.8,86695.0,27.82086417,2414607.77562282,1
2026-10-05 01:35:00+00:00,86692.2,86760.6,86653.9,86754.8,15.40308893,1335326.007215353,1
2026-10-05 01:40:00+00:00,86755.3,86794.7,86706.9,86727.9,6.36253168,551882.60976065,1
2026-10-05 01:45:00+00:00,86727.9,86766.7,86706.1,86719.5,14.12092019,1224753.165139257,1
2026-10-05 01:50:00+00:00,86713.8,86717.3,86580.1,86582.1,13.64030181,1181649.382136102,1
2026-10-05 01:55:00+00:00,86582.1,86620.8,86578.9,86610.4,4.38930728,380112.242054788,1
2026-10-05 02:00:00+00:00,86610.5,86699.8,86573.5,86661.3,11.07978414,959775.474032018,1
2026-10-05 02:05:00+00:00,86661.3,86723.2,86636.2,86717.8,10.59380544,918228.612513607,1
2026-10-05 02:10:00+00:00,86717.8,86734.1,86637.3,86665.5,8.96949364,777532.117929551,1
2026-10-05 02:15:00+00:00,86665.4,86698.7,86548.2,86586.6,11.98026073,1037811.290165741,1
2026-10-05 02:20:00+00:00,86586.7,86611.6,86538.1,86557.4,8.00304814,692800.295583651,1
2026-10-05 02:25:00+00:00,86557.4,86589.6,86501.9,86503.6,7.57530597,655678.648394654,1
2026-10-05 02:30:00+00:00,86503.6,86503.6,86404.8,86442.6,19.32865143,1671010.815011549,1
2026-10-05 02:35:00+00:00,86442.6,86684.7,86433.3,86639.9,12.61356342,1092116.674967532,1
2026-10-05 02:40:00+00:00,86638.5,86722.2,86625.5,86679.9,7.27871579,630872.222269048,1
2026-10-05 02:45:00+00:00,86682.0,86698.6,86565.1,86565.1,3.70974162,321452.604923276,1
2026-10-05 02:50:00+00:00,86563.6,86655.1,86563.5,86637.0,23.66353426,2048945.202815624,1
2026-10-05 02:55:00+00:00,86635.6,86635.6,86500.0,86525.6,12.58579896,1089647.611684776,1
2026-10-05 03:00:00+00:00,86525.7,86546.3,86480.0,86491.2,11.8696075,1026898.741068124,1
2026-10-05 03:05:00+00:00,86491.0,86491.1,86399.1,86414.9,9.10796692,787380.149100513,1
2026-10-05 03:10:00+00:00,86414.9,86515.0,86410.5,86500.9,13.41629955,1160259.072352652,1
2026-10-05 03:15:00+00:00,86500.9,86510.1,86406.0,86415.2,12.06719473,1043249.226562948,1
2026-10-05 03:20:00+00:00,86414.1,86428.0,86315.6,86428.0,17.0996566,1476633.837305965,1
2026-10-05 03:25:00+00:00,86430.4,86476.6,86430.4,86448.0,6.19310292,535430.122886194,1
2026-10-05 03:30:00+00:00,86448.1,86455.3,86347.4,86357.4,10.91251374,942879.49935913,1
2026-10-05 03:35:00+00:00,86357.4,86357.4,86254.6,86351.3,19.54013587,1686691.288663718,1
2026-10-05 03:40:00+00:00,86352.4,86352.4,86256.7,86261.8,8.02845598,692769.751899594,1
2026-10-05 03:45:00+00:00,86261.8,86329.4,86261.7,86300.3,4.1949351,362003.190832108,1
2026-10-05 03:50:00+00:00,86301.8,86308.7,86250.0,86264.6,10.45200934,901649.124923332,1
2026-10-05 03:55:00+00:00,86265.6,86267.1,86023.9,86092.2,89.51817911,7714790.116819186,1
2026-10-05 04:00:00+00:00,86092.2,86151.0,86028.7,86078.9,15.09208801,1299013.510673577,1
2026-10-05 04:05:00+00:00,86079.0,86143.3,86000.0,86030.0,21.39830452,1841240.807726577,1
2026-10-05 04:10:00+00:00,86030.1,86041.8,85952.1,85967.0,46.51020963,3998963.961999614,1
2026-10-05 04:15:00+00:00,85964.6,85977.1,85820.5,85875.0,39.98309115,3434226.771797032,1
2026-10-05 04:20:00+00:00,85875.0,85893.0,85678.0,85876.1,46.49270496,3987465.210695165,1
2026-10-05 04:25:00+00:00,85876.1,85956.8,85767.5,85787.6,8.75455309,751562.404277198,1
2026-10-05 04:30:00+00:00,85787.6,85801.4,85500.1,85587.1,62.45807087,5348830.344876654,1
2026-10-05 04:35:00+00:00,85587.2,85662.3,85539.5,85585.7,23.67433917,2026577.37800623,1
2026-10-05 04:40:00+00:00,85585.8,85639.9,85528.5,85620.6,16.86865735,1443758.772337625,1
2026-10-05 04:45:00+00:00,85620.5,85705.6,85600.1,85651.3,12.15855443,1041304.780686464,1
2026-10-05 04:50:00+00:00,85651.3,85651.3,85528.1,85543.2,6.51229327,557309.777772586,1
2026-10-05 04:55:00+00:00,85545.4,85591.7,85506.3,85544.0,5.49775677,470292.469946213,1
2026-10-05 05:00:00+00:00,85543.9,85568.7,85486.1,85513.9,15.01431031,1283989.992082635,1
2026-10-05 05:05:00+00:00,85514.2,85603.9,85502.3,85579.7,33.84507384,2896229.747778782,1
2026-10-05 05:10:00+00:00,85577.9,85587.4,85524.2,85529.2,9.01028801,770847.675448664,1
2026-10-05 05:15:00+00:00,85529.3,85541.0,85439.1,85525.8,19.79402462,1692227.157334996,1
2026-10-05 05:20:00+00:00,85525.8,85543.1,85420.0,85491.5,16.98214966,1451471.026977599,1
2026-10-05 05:25:00+00:00,85491.5,85561.2,85482.1,85548.0,11.89596837,1017501.550372782,1
2026-10-05 05:30:00+00:00,85548.0,85626.7,85456.6,85615.9,35.93394689,3073589.936414873,1
2026-10-05 05:35:00+00:00,85615.8,85763.8,85602.0,85751.6,35.84605284,3073579.022759258,1
2026-10-05 05:40:00+00:00,85751.6,85795.7,85667.8,85795.7,21.96489867,1882853.685014609,1
2026-10-05 05:45:00+00:00,85795.6,85795.7,85721.6,85749.3,25.9021797,2220736.950714904,1
2026-10-05 05:50:00+00:00,85749.3,85787.1,85747.6,85753.3,5.86921527,503368.172161661,1
2026-10-05 05:55:00+00:00,85753.2,85790.5,85753.2,85778.0,4.75489043,407835.293205357,1
2026-10-05 06:00:00+00:00,85778.1,85923.0,85777.1,85887.0,29.04272648,2494101.920567511,1
2026-10-05 06:05:00+00:00,85889.0,85895.7,85830.6,85863.7,6.4551756,554226.595800171,1
2026-10-05 06:10:00+00:00,85863.7,85927.1,85843.7,85922.3,8.45635956,726352.670016794,1
2026-10-05 06:15:00+00:00,85919.4,86061.9,85919.4,86003.1,29.28903869,2518803.540717006,1
2026-10-05 06:20:00+00:00,86003.2,86030.0,85916.7,85988.8,9.81629357,843796.816426504,1
2026-10-05 06:25:00+00:00,85988.8,86000.1,85882.5,85886.2,5.89005756,506111.927913693,1
2026-10-05 06:30:00+00:00,85883.9,85971.2,85852.3,85862.8,31.73914796,2726114.13997386,1
2026-10-05 06:35:00+00:00,85862.8,85892.8,85840.1,85860.0,4.93829546,424047.468625021,1
2026-10-05 06:40:00+00:00,85860.1,85882.2,85801.6,85821.9,9.24777482,793882.204591428,1
2026-10-05 06:45:00+00:00,85821.9,86188.3,85821.9,86139.0,61.81762516,5322985.40292896,1
2026-10-05 06:50:00+00:00,86140.0,86372.7,86050.4,86252.5,38.19966639,3292991.54828533,1
2026-10-05 06:55:00+00:00,86240.2,86319.9,86226.8,86268.1,11.89278437,1025913.690523297,1
2026-10-05 07:00:00+00:00,86268.2,86292.2,86156.6,86280.6,25.54967936,2203031.537098788,1
2026-10-05 07:05:00+00:00,86280.6,86415.6,86197.1,86374.6,38.4153182,3315472.25426179,1
2026-10-05 07:10:00+00:00,86374.7,86374.8,86222.3,86328.6,40.93016397,3532425.988826977,1
2026-10-05 07:15:00+00:00,86327.4,86495.5,86265.5,86311.1,36.54987508,3157091.679018971,1
2026-10-05 07:20:00+00:00,86308.4,86310.5,86146.1,86152.5,27.44899882,2366762.664670973,1
2026-10-05 07:25:00+00:00,86154.5,86299.7,86154.5,86299.6,10.81261064,932469.888655595,1
2026-10-05 07:30:00+00:00,86304.7,86315.2,86212.3,86213.8,105.02087329,9060939.596186422,1
2026-10-05 07:35:00+00:00,86212.2,86252.1,86156.5,86252.0,128.01782793,11036130.284906896,1
2026-10-05 07:40:00+00:00,86252.0,86397.5,86221.4,86369.3,133.12900011,11489566.819705218,1
2026-10-05 07:45:00+00:00,86368.1,86433.5,86239.0,86250.5,122.22956993,10553322.664259404,1
2026-10-05 07:50:00+00:00,86250.4,86326.1,86212.2,86279.8,131.12682155,11313218.406710409,1
2026-10-05 07:55:00+00:00,86279.0,86279.0,86178.9,86245.3,115.81164274,9985512.253579754,1
2026-10-05 08:00:00+00:00,86245.3,86372.6,86215.5,86366.3,34.74242686,2997677.330461122,1
2026-10-05 08:05:00+00:00,86367.1,86498.0,86356.7,86489.8,105.21607639,9093919.778102135,1
2026-10-05 08:10:00+00:00,86489.8,86489.9,86389.0,86416.8,52.61245421,4546400.425975196,1
2026-10-05 08:15:00+00:00,86416.7,86416.7,86307.8,86339.1,11.21501638,968746.361963942,1
2026-10-05 08:20:00+00:00,86339.1,86439.7,86309.2,86376.0,10.37735008,896339.904383027,1
2026-10-05 08:25:00+00:00,86376.0,86448.4,86314.8,86430.9,20.00138741,1728051.963649703,1
2026-10-05 08:30:00+00:00,86431.3,86478.9,86316.5,86349.7,56.72748341,4903553.761934529,1
2026-10-05 08:35:00+00:00,86350.8,86381.9,86269.3,86316.6,27.24910019,2352075.806304216,1
2026-10-05 08:40:00+00:00,86316.6,86325.9,86235.5,86262.0,18.37542199,1585445.096561104,1
2026-10-05 08:45:00+00:00,86262.0,86266.4,86058.7,86211.1,42.45062709,3657386.525419979,1
2026-10-05 08:50:00+00:00,86211.0,86278.6,86158.4,86208.3,10.00943715,863017.188413079,1
2026-10-05 08:55:00+00:00,86205.8,86250.0,86205.8,86228.0,6.68399873,576392.729965925,1
2026-10-05 09:00:00+00:00,86228.1,86228.2,86132.9,86136.8,9.63741412,830672.962699308,1
2026-10-05 09:05:00+00:00,86136.9,86162.6,86096.8,86103.0,13.03934094,1122950.639393627,1
2026-10-05 09:10:00+00:00,86103.0,86103.0,85974.4,85978.5,28.76707693,2474322.257750726,1
2026-10-05 09:15:00+00:00,85978.6,85998.6,85775.1,85894.3,47.94450632,4116333.086542535,1
2026-10-05 09:20:00+00:00,85894.3,85961.7,85844.6,85932.6,30.5036237,2620019.509483484,1
2026-10-05 09:25:00+00:00,85932.6,85932.8,85870.4,85876.3,8.26751121,710208.665986581,1
2026-10-05 09:30:00+00:00,85876.2,85926.2,85864.2,85873.2,9.12387293,783670.086569643,1
2026-10-05 09:35:00+00:00,85873.2,85994.9,85864.1,85960.8,6.43176223,552713.008002975,1
2026-10-05 09:40:00+00:00,85960.9,85993.2,85909.6,85983.0,8.00917076,688409.372126332,1
2026-10-05 09:45:00+00:00,85982.8,86005.1,85931.3,86005.0,6.21293924,534094.75538424,1
2026-10-05 09:50:00+00:00,86005.0,86030.2,85969.6,85982.3,25.36927269,2181753.923867034,1
2026-10-05 09:55:00+00:00,85978.7,86008.9,85962.2,85976.2,4.26427789,366675.226361263,1
2026-10-05 10:00:00+00:00,85976.3,86070.0,85951.5,86055.6,86.72634064,7463031.45893892,1
2026-10-05 10:05:00+00:00,86055.8,86107.9,86029.9,86037.3,10.14011969,872642.328334257,1
2026-10-05 10:10:00+00:00,86036.3,86088.1,85983.3,86033.0,10.81460027,930340.834230812,1
2026-10-05 10:15:00+00:00,86033.0,86087.8,86033.0,86081.7,2.7805635,239299.715541298,1
2026-10-05 10:20:00+00:00,86081.6,86107.2,86033.0,86107.1,11.82556707,1017914.16169085,1
2026-10-05 10:25:00+00:00,86107.1,86164.5,86066.2,86066.2,6.23783469,537249.047526286,1
2026-10-05 10:30:00+00:00,86062.3,86149.3,86010.1,86100.5,16.08880624,1384389.337245768,1
2026-10-05 10:35:00+00:00,86100.5,86126.2,86031.1,86061.5,5.60110941,482129.575501918,1
2026-10-05 10:40:00+00:00,86061.5,86081.2,86023.1,86041.0,3.43730434,295833.554259555,1
2026-10-05 10:45:00+00:00,86041.0,86136.5,86017.2,86121.9,3.99821305,344197.728868933,1
2026-10-05 10:50:00+00:00,86117.8,86163.4,86069.6,86122.2,9.47953509,816496.629983351,1
2026-10-05 10:55:00+00:00,86117.7,86212.1,86113.5,86119.3,9.34770617,805506.317871741,1
2026-10-05 11:00:00+00:00,86119.4,86119.4,85930.8,85944.1,17.94209031,1543057.393969186,1
2026-10-05 11:05:00+00:00,85944.2,86001.1,85930.5,85957.0,8.88967113,764166.879254255,1
2026-10-05 11:10:00+00:00,85957.0,85957.9,85906.7,85954.2,5.97426106,513383.392525516,1
2026-10-05 11:15:00+00:00,85953.6,86028.4,85953.5,86028.4,4.43584815,381422.790286146,1
2026-10-05 11:20:00+00:00,86028.4,86037.6,86000.1,86029.5,4.59697932,395463.137632079,1
2026-10-05 11:25:00+00:00,86029.5,86225.0,86029.5,86212.0,17.19225458,1481066.397962291,1
2026-10-05 11:30:00+00:00,86212.0,86272.0,86128.9,86128.9,15.8057934,1362292.13181142,1
2026-10-05 11:35:00+00:00,86128.9,86154.0,86070.3,86078.6,8.61670303,741874.386619589,1
2026-10-05 11:40:00+00:00,86078.5,86171.6,86058.8,86083.8,23.88614119,2056979.865701453,1
2026-10-05 11:45:00+00:00,86083.8,86083.8,86041.1,86072.6,3.71238111,319509.434028964,1
2026-10-05 11:50:00+00:00,86080.6,86080.6,86032.8,86058.4,3.49777753,300977.21080618,1
2026-10-05 11:55:00+00:00,86058.4,86244.3,86058.4,86210.8,19.17839029,1652735.212179216,1
2026-10-05 12:00:00+00:00,86208.6,86208.6,86131.4,86150.8,9.70780253,836531.093269329,1
2026-10-05 12:05:00+00:00,86147.8,86199.3,86105.6,86109.3,8.15798703,702926.28133993,1
2026-10-05 12:10:00+00:00,86106.3,86149.6,86087.0,86140.6,5.90705053,508699.423047413,1
2026-10-05 12:15:00+00:00,86140.5,86158.6,86098.1,86119.5,7.99174914,688283.624669627,1
2026-10-05 12:20:00+00:00,86119.5,86130.6,86027.5,86030.4,18.19430454,1566009.722176289,1
2026-10-05 12:25:00+00:00,86030.4,86077.6,86030.4,86044.8,11.85606017,1020221.014762784,1
2026-10-05 12:30:00+00:00,86049.5,86049.5,85875.0,85918.3,18.04539682,1551342.705007093,1
2026-10-05 12:35:00+00:00,85918.3,85983.2,85840.7,85878.6,10.78737779,926660.173223635,1
2026-10-05 12:40:00+00:00,85879.5,85944.6,85855.6,85914.0,8.47727853,728201.457945479,1
2026-10-05 12:45:00+00:00,85914.0,85948.5,85856.6,85894.1,6.26417607,538054.149338251,1
2026-10-05 12:50:00+00:00,85894.1,85986.0,85860.1,85912.7,13.5939671,1167932.151497911,1
2026-10-05 12:55:00+00:00,85913.0,85929.7,85875.1,85903.6,10.27204908,882385.598240655,1
2026-10-05 13:00:00+00:00,85903.6,86100.0,85903.6,86085.8,10.35417973,890570.53669381,1
2026-10-05 13:05:00+00:00,86085.7,86109.9,86046.1,86109.8,11.50145129,990027.008111829,1
2026-10-05 13:10:00+00:00,86109.9,86153.2,86100.6,86127.6,11.03681803,950650.195197782,1
2026-10-05 13:15:00+00:00,86126.5,86218.1,86090.3,86167.7,8.28639155,713967.413005479,1
2026-10-05 13:20:00+00:00,86166.6,86188.4,86057.5,86057.6,9.54675555,822087.947041741,1
2026-10-05 13:25:00+00:00,86057.6,86127.1,86017.9,86111.2,5.98408666,514999.896348531,1
2026-10-05 13:30:00+00:00,86111.3,86128.8,85810.9,85994.1,51.62819695,4436039.273735371,1
2026-10-05 13:35:00+00:00,85992.1,86145.3,85933.0,86126.5,24.12008389,2075389.167799303,1
2026-10-05 13:40:00+00:00,86126.6,86145.2,85933.0,85984.5,42.67296601,3668784.18613205,1
2026-10-05 13:45:00+00:00,85982.8,86421.8,85892.3,86298.9,59.2522711,5107990.374002012,1
2026-10-05 13:50:00+00:00,86299.0,86440.0,86280.0,86350.7,63.57585476,5491930.933073263,1
2026-10-05 13:55:00+00:00,86350.0,86489.9,86289.8,86427.2,28.72493043,2482175.401468071,1
2026-10-05 14:00:00+00:00,86427.2,86480.0,86263.2,86316.6,36.65223791,3166272.434450361,1
2026-10-05 14:05:00+00:00,86316.7,86720.0,86316.7,86647.8,62.55635596,5415897.863808665,1
2026-10-05 14:10:00+00:00,86647.7,86701.4,86530.9,86638.2,45.1219133,3909882.695283844,1
2026-10-05 14:15:00+00:00,86638.2,86710.0,86366.5,86425.4,123.43106681,10675219.361706272,1
2026-10-05 14:20:00+00:00,86429.2,86452.6,86268.6,86393.1,22.42898243,1936553.237861445,1
2026-10-05 14:25:00+00:00,86393.1,86429.0,86274.2,86279.8,14.92898655,1288875.283630018,1
2026-10-05 14:30:00+00:00,86279.7,86279.7,85445.9,85516.6,195.62029356,16782244.219659615,1
2026-10-05 14:35:00+00:00,85518.9,85759.9,85452.5,85650.9,117.47612535,10063052.264923494,1
2026-10-05 14:40:00+00:00,85651.0,85858.0,85588.8,85767.1,23.7473316,2036960.531103111,1
2026-10-05 14:45:00+00:00,85767.2,85785.6,85534.9,85691.4,53.39765718,4572067.706859244,1
2026-10-05 14:50:00+00:00,85698.2,85720.3,85500.0,85626.6,21.80388238,1865740.798973812,1
2026-10-05 14:55:00+00:00,85631.1,85674.0,85527.1,85644.2,24.40021228,2089073.232300288,1
2026-10-05 15:00:00+00:00,85643.8,85684.5,85480.0,85595.8,56.28158646,4813796.284441533,1
2026-10-05 15:05:00+00:00,85595.8,85655.7,85524.8,85524.9,12.39086016,1060807.439300087,1
2026-10-05 15:10:00+00:00,85524.8,85590.3,85503.3,85531.0,8.44389315,722315.639309055,1
2026-10-05 15:15:00+00:00,85530.0,85627.6,85500.0,85547.2,7.74703292,662842.663462245,1
2026-10-05 15:20:00+00:00,85548.8,85596.2,85500.0,85555.6,8.82380519,754787.269574701,1
2026-10-05 15:25:00+00:00,85555.5,85600.2,85506.8,85556.7,22.64290652,1937104.152600947,1
2026-10-05 15:30:00+00:00,85556.7,85602.2,85200.0,85277.5,80.30133257,6851277.745596851,1
2026-10-05 15:35:00+00:00,85269.3,85439.5,85245.3,85362.5,21.75211926,1856626.51782136,1
2026-10-05 15:40:00+00:00,85362.4,85412.6,85184.5,85356.9,31.67641753,2702027.717593699,1
2026-10-05 15:45:00+00:00,85354.8,85434.6,85280.6,85330.0,19.50886303,1665105.564038812,1
2026-10-05 15:50:00+00:00,85329.6,85330.0,85223.4,85321.1,16.46516661,1404173.632627046,1
2026-10-05 15:55:00+00:00,85321.1,85327.2,85205.0,85266.4,71.50285793,6093469.772747922,1
2026-10-05 16:00:00+00:00,85267.6,85307.4,85166.7,85229.5,13.08797501,1115369.95285953,1
2026-10-05 16:05:00+00:00,85230.7,85320.7,85190.0,85297.6,20.49263462,1747352.721236029,1
2026-10-05 16:10:00+00:00,85295.9,85325.2,85245.3,85256.8,9.16666086,781789.355689772,1
2026-10-05 16:15:00+00:00,85256.8,85256.8,85125.4,85134.8,19.24329182,1639030.268413626,1
2026-10-05 16:20:00+00:00,85134.9,85144.1,84979.5,85132.9,70.35532412,5983868.589892334,1
2026-10-05 16:25:00+00:00,85132.5,85216.1,85115.3,85138.9,32.40463364,2759143.292910331,1
2026-10-05 16:30:00+00:00,85140.9,85260.6,85120.6,85240.1,7.93009392,675656.250936039,1
2026-10-05 16:35:00+00:00,85240.0,85297.7,85231.9,85277.7,8.57381837,731114.558022614,1
2026-10-05 16:40:00+00:00,85277.6,85277.7,85167.9,85185.2,3.60589454,307235.263826378,1
2026-10-05 16:45:00+00:00,85185.1,85243.3,85157.9,85203.1,13.01243186,1108706.420603514,1
2026-10-05 16:50:00+00:00,85203.0,85317.6,85201.8,85295.4,9.50807214,810789.951703921,1
2026-10-05 16:55:00+00:00,85295.4,85330.8,85271.6,85308.1,7.25340816,618724.348398973,1
2026-10-05 17:00:00+00:00,85308.2,85308.2,85213.7,85244.8,7.76848748,662234.419969552,1
2026-10-05 17:05:00+00:00,85244.8,85291.5,85221.9,85231.4,5.77827863,492641.002795404,1
2026-10-05 17:10:00+00:00,85231.5,85278.0,85211.5,85266.8,9.55775645,814635.239534347,1
2026-10-05 17:15:00+00:00,85266.8,85354.9,85266.1,85336.0,8.77883967,748963.437133142,1
2026-10-05 17:20:00+00:00,85336.2,85355.8,85300.0,85343.6,1.41601229,120814.678074354,1
2026-10-05 17:25:00+00:00,85343.6,85378.9,85342.1,85378.8,7.07933428,604367.121887157,1
2026-10-05 17:30:00+00:00,85378.9,85385.3,85268.7,85330.3,11.99129371,1023232.908484107,1
2026-10-05 17:35:00+00:00,85330.3,85330.3,85304.3,85329.1,6.10976334,521245.869622714,1
2026-10-05 17:40:00+00:00,85329.1,85350.8,85311.1,85339.7,4.25568798,363135.426554188,1
2026-10-05 17:45:00+00:00,85339.7,85357.3,85238.7,85282.3,8.4307473,718865.536945869,1
2026-10-05 17:50:00+00:00,85282.3,85381.2,85258.5,85376.7,7.86220575,670592.484411984,1
2026-10-05 17:55:00+00:00,85376.4,85451.8,85364.3,85442.1,6.34055315,541594.523302528,1
2026-10-05 18:00:00+00:00,85442.6,85510.2,85379.2,85379.2,7.26741239,620933.436432842,1
2026-10-05 18:05:00+00:00,85379.1,85410.9,85338.8,85401.4,2.75444214,235161.357216419,1
2026-10-05 18:10:00+00:00,85401.4,85454.0,85380.1,85453.9,0.79214,67658.017548528,1
2026-10-05 18:15:00+00:00,85454.0,85507.0,85441.2,85499.9,11.46376586,979721.723543641,1
2026-10-05 18:20:00+00:00,85497.4,85549.6,85468.1,85528.7,5.59547686,478440.840702816,1
2026-10-05 18:25:00+00:00,85524.8,85611.6,85500.0,85559.8,12.9136438,1105172.342825388,1
2026-10-05 18:30:00+00:00,85559.7,85632.0,85515.9,85626.1,7.13441583,610558.811911562,1
2026-10-05 18:35:00+00:00,85626.1,85646.4,85571.5,85615.0,5.65776577,484390.161136359,1
2026-10-05 18:40:00+00:00,85615.3,85637.7,85582.6,85621.0,2.465018,211039.984412966,1
2026-10-05 18:45:00+00:00,85621.0,85632.7,85601.1,85619.9,2.03410338,174152.411563438,1
2026-10-05 18:50:00+00:00,85623.7,85632.4,85591.1,85630.2,19.23768219,1646933.40580652,1
2026-10-05 18:55:00+00:00,85630.1,85658.4,85621.3,85658.4,13.51799448,1157644.807137563,1
2026-10-05 19:00:00+00:00,85658.4,85668.1,85564.7,85566.4,6.67789884,571816.801879247,1
2026-10-05 19:05:00+00:00,85566.5,85602.7,85550.8,85595.4,3.85924291,330260.727948551,1
2026-10-05 19:10:00+00:00,85595.3,85700.0,85595.3,85668.8,2.9271613,250713.03626707,1
2026-10-05 19:15:00+00:00,85668.7,85810.0,85631.8,85776.1,15.64731215,1342239.244472508,1
2026-10-05 19:20:00+00:00,85772.5,85785.1,85727.6,85744.4,18.48616533,1585140.174921892,1
2026-10-05 19:25:00+00:00,85744.4,85783.3,85724.1,85728.1,1.90099572,163007.059866449,1
2026-10-05 19:30:00+00:00,85728.1,85801.4,85696.6,85735.9,3.91590017,335801.086863952,1
2026-10-05 19:35:00+00:00,85735.7,85742.9,85669.0,85707.9,3.90645035,334781.350577063,1
2026-10-05 19:40:00+00:00,85707.9,85770.4,85702.2,85723.0,3.77124138,323307.742861741,1
2026-10-05 19:45:00+00:00,85723.0,85723.0,85672.4,85710.0,1.0298135,88247.806065328,1
2026-10-05 19:50:00+00:00,85710.0,85751.1,85668.4,85668.9,10.50177533,899971.953066962,1
2026-10-05 19:55:00+00:00,85669.0,85753.7,85657.4,85739.1,4.00037938,342940.274116256,1
2026-10-05 20:00:00+00:00,85739.0,85782.8,85695.0,85695.6,3.35592504,287674.226216129,1
2026-10-05 20:05:00+00:00,85695.6,85716.5,85648.5,85707.7,2.25725582,193389.068645049,1
2026-10-05 20:10:00+00:00,85708.1,85717.9,85675.9,85696.1,1.52725924,130886.896017125,1
2026-10-05 20:15:00+00:00,85696.1,85780.1,85696.1,85762.4,2.29145635,196472.215351327,1
2026-10-05 20:20:00+00:00,85763.1,85826.9,85762.4,85781.1,2.96169442,254134.950880839,1
2026-10-05 20:25:00+00:00,85780.9,85811.5,85765.0,85780.3,2.86244841,245567.910699308,1
2026-10-05 20:30:00+00:00,85780.3,85797.2,85775.7,85779.5,2.4517518,210332.221628844,1
2026-10-05 20:35:00+00:00,85779.5,85833.2,85737.0,85803.9,7.16354147,614553.743287407,1
2026-10-05 20:40:00+00:00,85804.0,85823.6,85794.9,85801.0,1.05926499,90891.930008904,1
2026-10-05 20:45:00+00:00,85801.1,85851.2,85801.1,85851.2,6.97028283,598195.159839181,1
2026-10-05 20:50:00+00:00,85851.4,85875.0,85804.2,85824.2,10.02537496,860691.861745325,1
2026-10-05 20:55:00+00:00,85824.3,85843.7,85779.7,85779.7,4.28238015,367466.182682466,1
2026-10-05 21:00:00+00:00,85779.8,85793.0,85702.5,85725.3,4.02890852,345453.432336133,1
2026-10-05 21:05:00+00:00,85725.2,85781.7,85725.2,85747.7,2.68125297,229968.439468133,1
2026-10-05 21:10:00+00:00,85747.7,85757.6,85704.6,85752.5,5.3239053,456462.063984661,1
2026-10-05 21:15:00+00:00,85752.5,85820.6,85752.4,85820.6,28.97936605,2485900.789597745,1
2026-10-05 21:20:00+00:00,85820.6,85835.0,85813.7,85821.2,3.03615938,260580.721266261,1
2026-10-05 21:25:00+00:00,85821.3,85849.2,85798.4,85800.3,3.94703525,338769.331814579,1
2026-10-05 21:30:00+00:00,85800.3,85897.7,85800.3,85897.6,60.64842412,5208889.525565793,1
2026-10-05 21:35:00+00:00,85897.6,85933.6,85866.5,85901.8,9.05719018,778079.159827001,1
2026-10-05 21:40:00+00:00,85901.8,85933.7,85880.6,85918.9,15.4406565,1326648.340770962,1
2026-10-05 21:45:00+00:00,85919.0,85926.9,85837.6,85922.1,57.69890625,4955235.760082937,1
2026-10-05 21:50:00+00:00,85922.2,85967.6,85922.2,85964.9,10.49036315,901664.519751502,1
2026-10-05 21:55:00+00:00,85964.9,85984.7,85941.5,85941.5,9.99934086,859664.076265325,1
2026-10-05 22:00:00+00:00,85941.6,86017.4,85928.1,85979.6,14.48412231,1245465.996024873,1
2026-10-05 22:05:00+00:00,85979.7,85989.6,85842.9,85867.2,3.28258417,282025.531705483,1
2026-10-05 22:10:00+00:00,85867.2,85981.1,85867.2,85960.9,1.9398004,166708.860166437,1
2026-10-05 22:15:00+00:00,85959.0,86016.2,85956.7,86016.2,3.51134256,301932.532946011,1
2026-10-05 22:20:00+00:00,86016.2,86020.3,85933.6,85941.6,8.37214806,719730.136323963,1
2026-10-05 22:25:00+00:00,85941.6,86003.7,85884.5,86003.6,7.29760687,627200.484773735,1
2026-10-05 22:30:00+00:00,86003.7,86016.6,85940.0,85965.8,1.19531321,102750.63716178,1
2026-10-05 22:35:00+00:00,85965.8,85976.4,85859.9,85933.7,8.38735612,720624.144545967,1
2026-10-05 22:40:00+00:00,85934.5,85974.4,85910.6,85974.4,4.86554347,418158.281836832,1
2026-10-05 22:45:00+00:00,85974.4,85983.3,85926.8,85926.9,2.2734062,195411.129123004,1
2026-10-05 22:50:00+00:00,85926.9,85926.9,85879.4,85887.5,0.95777962,82282.31253453,1
2026-10-05 22:55:00+00:00,85887.5,85936.3,85886.9,85932.8,1.04349628,89662.262740385,1
2026-10-05 23:00:00+00:00,85932.8,86064.7,85932.7,86064.6,14.17013555,1218938.705651287,1
2026-10-05 23:05:00+00:00,86064.6,86066.7,86000.1,86042.5,14.25521206,1226668.660416133,1
2026-10-05 23:10:00+00:00,86042.5,86042.5,85839.6,85859.9,6.79620289,583993.777122609,1
2026-10-05 23:15:00+00:00,85859.6,85911.6,85829.2,85894.2,12.07819226,1037213.533683426,1
2026-10-05 23:20:00+00:00,85897.7,85990.9,85897.7,85968.6,2.65252406,227998.09245786,1
2026-10-05 23:25:00+00:00,85968.7,85968.7,85907.0,85921.2,3.31868719,285229.332418679,1
2026-10-05 23:30:00+00:00,85921.1,85925.4,85845.0,85875.6,8.90989705,765080.160811632,1
2026-10-05 23:35:00+00:00,85875.7,85890.9,85848.8,85862.1,3.36493968,288927.846500925,1
2026-10-05 23:40:00+00:00,85862.1,85862.1,85817.5,85841.8,2.28684116,196285.286025203,1
2026-10-05 23:45:00+00:00,85835.0,85841.8,85727.8,85727.9,6.50638876,557970.813216046,1
2026-10-05 23:50:00+00:00,85728.9,85826.8,85728.1,85826.8,3.86990132,331962.925529736,1
2026-10-05 23:55:00+00:00,85824.8,85855.6,85759.1,85759.7,5.65302349,485007.488359669,1
2026-10-06 00:00:00+00:00,85759.7,85888.0,85759.6,85802.0,3.8317068,328898.437194656,1
2026-10-06 00:05:00+00:00,85802.1,85859.8,85761.8,85845.0,4.52798868,388500.352167034,1
2026-10-06 00:10:00+00:00,85845.0,85898.6,85823.3,85823.3,1.79579663,154193.324249,1
2026-10-06 00:15:00+00:00,85823.3,85918.7,85823.3,85884.7,28.14604896,2417040.168763947,1
2026-10-06 00:20:00+00:00,85884.7,85974.9,85857.1,85950.4,2.96579549,254887.206751797,1
2026-10-06 00:25:00+00:00,85947.2,85947.2,85823.3,85823.3,9.01976612,774523.53382286,1
2026-10-06 00:30:00+00:00,85823.2,85901.0,85783.3,85841.0,1.08459291,93119.699395683,1
2026-10-06 00:35:00+00:00,85841.0,85860.6,85774.2,85800.8,2.08321063,178755.183444752,1
2026-10-06 00:40:00+00:00,85800.8,85836.4,85781.7,85801.8,5.06979176,434980.433600078,1
2026-10-06 00:45:00+00:00,85801.8,85844.3,85770.4,85833.9,4.61007681,395663.089657248,1
2026-10-06 00:50:00+00:00,85839.4,85877.4,85830.3,85846.2,2.87026474,246428.513480942,1
2026-10-06 00:55:00+00:00,85846.1,85918.5,85845.2,85918.5,2.87982835,247269.338668957,1
2026-10-06 01:00:00+00:00,85919.3,86127.9,85919.3,86069.6,68.03632113,5856179.520638131,1
2026-10-06 01:05:00+00:00,86069.5,86142.8,86015.4,86023.7,12.57462416,1082648.879832587,1
2026-10-06 01:10:00+00:00,86023.1,86077.5,86009.1,86070.1,5.27406734,453799.648321719,1
2026-10-06 01:15:00+00:00,86070.0,86070.0,85859.8,85881.9,8.29981417,713451.991056101,1
2026-10-06 01:20:00+00:00,85881.9,85984.4,85867.9,85952.4,6.79700419,584089.657302774,1
2026-10-06 01:25:00+00:00,85952.5,85985.1,85907.2,85980.5,4.06969294,349770.261836813,1
2026-10-06 01:30:00+00:00,85980.5,85990.0,85795.8,85795.8,5.10598844,438622.890312788,1
2026-10-06 01:35:00+00:00,85795.8,85841.4,85730.4,85783.5,63.97751172,5486614.746434671,1
2026-10-06 01:40:00+00:00,85783.5,85794.5,85663.6,85667.0,9.57355366,820478.207980967,1
2026-10-06 01:45:00+00:00,85667.1,85746.2,85652.1,85689.9,30.77435978,2636561.040961421,1
2026-10-06 01:50:00+00:00,85689.6,85697.0,85610.6,85658.7,6.06408151,519360.504437739,1
2026-10-06 01:55:00+00:00,85658.7,85678.5,85617.7,85678.4,9.98218831,854900.236238358,1
2026-10-06 02:00:00+00:00,85678.4,85678.4,85572.7,85577.9,5.94682317,509051.925175475,1
2026-10-06 02:05:00+00:00,85577.8,85616.0,85491.8,85500.0,12.73991751,1089845.539305025,1
2026-10-06 02:10:00+00:00,85492.6,85547.9,85458.2,85458.2,24.61619887,2104461.891631981,1
2026-10-06 02:15:00+00:00,85458.2,85554.1,85451.9,85540.8,9.65404012,825428.868181752,1
2026-10-06 02:20:00+00:00,85540.0,85750.0,85536.3,85731.4,7.6318381,653615.888696379,1
2026-10-06 02:25:00+00:00,85731.4,85760.8,85618.9,85638.9,4.18801236,358865.173515734,1
2026-10-06 02:30:00+00:00,85638.9,85695.8,85571.5,85573.6,4.95862248,424592.748122266,1
2026-10-06 02:35:00+00:00,85572.4,85668.2,85502.0,85668.1,7.95403242,681004.132815301,1
2026-10-06 02:40:00+00:00,85668.1,85676.5,85594.7,85594.7,5.45399141,467118.801627725,1
2026-10-06 02:45:00+00:00,85594.7,85599.0,85529.1,85598.9,4.3558855,372722.452485821,1
2026-10-06 02:50:00+00:00,85599.0,85600.0,85548.1,85548.1,4.79237521,410101.291716577,1
2026-10-06 02:55:00+00:00,85540.2,85571.3,85515.9,85544.4,3.19572352,273359.394013592,1
2026-10-06 03:00:00+00:00,85536.7,85599.9,85522.4,85589.3,7.93852565,679138.581775022,1
2026-10-06 03:05:00+00:00,85578.4,85594.5,85525.4,85562.3,5.08154387,434767.921890732,1
2026-10-06 03:10:00+00:00,85553.5,85565.0,85522.2,85533.5,4.37479925,374238.055427294,1
2026-10-06 03:15:00+00:00,85533.5,85618.2,85516.0,85562.5,3.58566086,306776.35103216,1
2026-10-06 03:20:00+00:00,85560.1,85582.6,85527.7,85533.4,3.56377192,304913.031967782,1
2026-10-06 03:25:00+00:00,85533.4,85537.9,85474.2,85474.2,2.49305776,213188.461772033,1
2026-10-06 03:30:00+00:00,85474.2,85474.2,85321.1,85403.5,39.03299485,3332970.095542993,1
2026-10-06 03:35:00+00:00,85403.5,85447.5,85372.9,85410.9,4.01305622,342756.247326067,1
2026-10-06 03:40:00+00:00,85410.6,85493.3,85378.8,85472.6,9.57260917,817791.57183563,1
2026-10-06 03:45:00+00:00,85472.6,85571.3,85464.8,85571.3,8.12597222,694892.978119406,1
2026-10-06 03:50:00+00:00,85569.9,85588.8,85509.3,85526.9,8.73420103,747110.674228171,1
2026-10-06 03:55:00+00:00,85526.8,85539.2,85500.0,85522.2,3.11549771,266438.620400799,1
2026-10-06 04:00:00+00:00,85522.2,85600.0,85521.0,85576.0,4.3032235,368130.037401572,1
2026-10-06 04:05:00+00:00,85576.1,85633.6,85575.7,85604.0,9.93395756,850403.049321533,1
2026-10-06 04:10:00+00:00,85604.0,85633.7,85587.0,85628.2,2.35782184,201844.519461782,1
2026-10-06 04:15:00+00:00,85628.3,85641.9,85592.7,85592.7,2.93575646,251353.152124559,1
2026-10-06 04:20:00+00:00,85592.6,85636.5,85590.9,85619.2,1.44985957,124134.569323732,1
2026-10-06 04:25:00+00:00,85619.2,85628.7,85586.7,85590.0,2.83985946,243118.745560019,1
2026-10-06 04:30:00+00:00,85592.0,85605.7,85559.7,85574.6,5.05002084,432233.553388565,1
2026-10-06 04:35:00+00:00,85574.6,85644.4,85563.0,85621.8,3.09511312,264974.847588067,1
2026-10-06 04:40:00+00:00,85620.7,85631.0,85600.0,85600.1,2.80422572,240088.601542299,1
2026-10-06 04:45:00+00:00,85600.0,85614.3,85577.7,85578.9,0.82103369,70279.25523083,1
2026-10-06 04:50:00+00:00,85578.9,85616.6,85570.1,85616.6,13.33351457,1141239.909478162,1
2026-10-06 04:55:00+00:00,85619.5,85630.0,85591.0,85627.0,1.57535056,134864.211474279,1
2026-10-06 05:00:00+00:00,85627.0,85643.8,85585.4,85609.1,1.50809704,129124.731190132,1
2026-10-06 05:05:00+00:00,85609.0,85753.7,85597.6,85729.6,7.76991782,665909.543110043,1
2026-10-06 05:10:00+00:00,85729.4,85744.2,85694.8,85708.5,6.26876576,537393.560167443,1
2026-10-06 05:15:00+00:00,85708.5,85726.0,85676.5,85691.3,3.52261728,301872.24380471,1
2026-10-06 05:20:00+00:00,85691.3,85697.9,85650.0,85677.0,2.33442462,199984.381483535,1
2026-10-06 05:25:00+00:00,85677.1,85719.3,85650.0,85690.7,2.22025124,190246.150563113,1
2026-10-06 05:30:00+00:00,85690.6,85712.8,85650.0,85654.2,2.21109286,189446.543433753,1
2026-10-06 05:35:00+00:00,85654.2,85696.5,85651.7,85651.7,2.0463148,175325.182098331,1
2026-10-06 05:40:00+00:00,85650.0,85650.0,85580.1,85596.7,4.52380548,387305.003253891,1
2026-10-06 05:45:00+00:00,85596.6,85596.6,85527.2,85569.8,8.23619464,704603.604413229,1
2026-10-06 05:50:00+00:00,85564.9,85577.7,85511.0,85548.6,10.33731661,884175.30988597,1
2026-10-06 05:55:00+00:00,85545.3,85564.7,85516.2,85519.2,2.57229689,220047.845883677,1
2026-10-06 06:00:00+00:00,85519.3,85519.3,85375.8,85379.8,11.89014732,1015795.234186847,1
2026-10-06 06:05:00+00:00,85379.8,85391.4,85274.8,85363.3,15.48226444,1321065.60000852,1
2026-10-06 06:10:00+00:00,85365.0,85370.2,85150.0,85165.6,34.66510365,2954803.601876489,1
2026-10-06 06:15:00+00:00,85166.2,85300.6,85141.5,85282.3,18.7648524,1598555.272012623,1
2026-10-06 06:20:00+00:00,85282.3,85293.1,85229.7,85255.7,9.85065185,839959.547624627,1
2026-10-06 06:25:00+00:00,85255.7,85289.7,85236.0,85261.7,4.98990411,425466.6947091,1
2026-10-06 06:30:00+00:00,85258.4,85348.8,85257.0,85330.8,10.81851212,922835.662799132,1
2026-10-06 06:35:00+00:00,85330.8,85366.4,85282.7,85321.4,26.37214634,2250240.005032136,1
2026-10-06 06:40:00+00:00,85321.5,85343.6,85300.1,85339.6,10.98413366,937126.36361583,1
2026-10-06 06:45:00+00:00,85339.6,85378.4,85339.6,85367.2,7.09160307,605382.202699385,1
2026-10-06 06:50:00+00:00,85367.3,85367.3,85320.4,85337.6,5.22750328,446117.229273245,1
2026-10-06 06:55:00+00:00,85337.7,85353.9,85310.2,85310.2,5.45762591,465722.877222471,1
2026-10-06 07:00:00+00:00,85310.2,85349.8,85273.1,85336.9,16.96011023,1446697.132803724,1
2026-10-06 07:05:00+00:00,85341.0,85373.4,85296.7,85330.1,7.66697551,654286.024557693,1
2026-10-06 07:10:00+00:00,85331.4,85380.3,85323.8,85380.3,4.61939091,394194.39852073,1
2026-10-06 07:15:00+00:00,85380.4,85415.7,85342.4,85350.8,17.88129763,1526682.640341608,1
2026-10-06 07:20:00+00:00,85350.8,85376.4,85300.9,85340.1,6.94374135,592574.474430309,1
2026-10-06 07:25:00+00:00,85338.8,85338.9,85297.4,85304.1,2.7552421,235046.969407203,1
2026-10-06 07:30:00+00:00,85302.8,85443.1,85302.8,85435.6,82.4570637,7038635.461445882,1
2026-10-06 07:35:00+00:00,85435.5,85476.3,85408.6,85470.9,77.29299354,6604162.83438757,1
2026-10-06 07:40:00+00:00,85471.0,85529.3,85471.0,85528.0,81.35413277,6956498.64301927,1
2026-10-06 07:45:00+00:00,85529.4,85608.5,85529.3,85596.0,60.34566029,5163667.208418798,1
2026-10-06 07:50:00+00:00,85596.0,85641.4,85573.4,85629.1,113.74934149,9736986.8123621,1
2026-10-06 07:55:00+00:00,85629.2,85659.2,85578.4,85578.4,92.64095569,7932285.964109259,1
2026-10-06 08:00:00+00:00,85578.5,85650.0,85565.6,85636.6,14.97879917,1282631.842799044,1
2026-10-06 08:05:00+00:00,85636.6,86030.8,85628.1,85856.1,102.45997433,8797473.710623562,1
2026-10-06 08:10:00+00:00,85853.6,85921.1,85777.7,85793.5,26.40646283,2266966.704761284,1
2026-10-06 08:15:00+00:00,85793.5,85845.3,85771.4,85824.5,12.12727636,1040469.697546905,1
2026-10-06 08:20:00+00:00,85824.5,85869.9,85810.8,85845.2,9.63412944,827039.44501194,1
2026-10-06 08:25:00+00:00,85846.3,85934.1,85814.0,85885.4,10.42943852,895448.100755434,1
2026-10-06 08:30:00+00:00,85883.6,85916.8,85820.7,85889.1,10.4763833,899729.029041125,1
2026-10-06 08:35:00+00:00,85889.1,85905.2,85810.6,85825.2,36.46422241,3129990.323512997,1
2026-10-06 08:40:00+00:00,85825.0,85966.9,85801.6,85964.4,14.72582851,1264894.454399835,1
2026-10-06 08:45:00+00:00,85964.3,86032.8,85944.7,85967.6,18.04124141,1551490.143596587,1
2026-10-06 08:50:00+00:00,85967.7,86008.1,85918.4,85995.9,13.16151036,1131636.74709408,1
2026-10-06 08:55:00+00:00,85995.9,86056.6,85984.0,86022.7,12.34672015,1062113.372319343,1
2026-10-06 09:00:00+00:00,86022.8,86062.3,86017.5,86017.5,21.56447851,1855322.861087072,1
2026-10-06 09:05:00+00:00,86017.5,86026.7,85946.0,85946.0,11.55374434,993600.658589097,1
2026-10-06 09:10:00+00:00,85946.1,85980.7,85882.6,85938.3,28.08935484,2413414.644312229,1
2026-10-06 09:15:00+00:00,85938.3,86019.2,85938.3,86016.2,8.18741014,703982.173020944,1
2026-10-06 09:20:00+00:00,86016.3,86100.0,86014.8,86043.9,30.9367146,2662778.628563162,1
2026-10-06 09:25:00+00:00,86046.4,86130.0,85666.6,85793.4,114.12992039,9812704.9016633,1
2026-10-06 09:30:00+00:00,85788.5,85949.5,85750.2,85867.0,12.09565416,1038684.346551745,1
2026-10-06 09:35:00+00:00,85867.1,85969.1,85827.8,85915.3,19.31160238,1658850.227854552,1
2026-10-06 09:40:00+00:00,85915.4,85932.8,85878.9,85906.1,2.62863789,225844.224942181,1
2026-10-06 09:45:00+00:00,85906.2,85997.4,85868.2,85997.3,5.29082164,454856.65299209,1
2026-10-06 09:50:00+00:00,85997.4,86225.0,85997.4,86042.7,55.13074109,4748901.243477474,1
2026-10-06 09:55:00+00:00,86042.8,86140.8,85987.2,85994.1,13.13724009,1130362.657857495,1
2026-10-06 10:00:00+00:00,85994.1,86078.7,85963.7,85965.8,12.17472056,1047170.474020561,1
2026-10-06 10:05:00+00:00,85965.9,86049.1,85959.4,86021.8,5.34129398,459400.971681838,1
2026-10-06 10:10:00+00:00,86021.8,86171.8,86021.7,86163.0,14.94639368,1287037.998744955,1
2026-10-06 10:15:00+00:00,86163.0,86163.0,86065.2,86080.9,14.08124827,1212416.953252541,1
2026-10-06 10:20:00+00:00,86080.9,86145.3,86043.3,86090.9,18.09476101,1558139.550398918,1
2026-10-06 10:25:00+00:00,86090.9,86133.9,86033.3,86131.2,11.03150332,949549.315927031,1
2026-10-06 10:30:00+00:00,86133.9,86145.3,86038.4,86058.2,20.45348777,1761087.60056654,1
2026-10-06 10:35:00+00:00,86058.2,86092.7,86005.3,86049.8,10.00529213,861065.507474742,1
2026-10-06 10:40:00+00:00,86049.8,86207.6,86049.8,86184.9,16.5447924,1425049.527519463,1
2026-10-06 10:45:00+00:00,86184.9,86239.3,86164.6,86229.2,24.61981016,2122470.789955164,1
2026-10-06 10:50:00+00:00,86229.2,86256.5,86169.5,86199.4,17.52277581,1510963.455851278,1
2026-10-06 10:55:00+00:00,86199.4,86214.4,86125.5,86164.3,8.63843233,744324.186979966,1
2026-10-06 11:00:00+00:00,86164.3,86205.2,86146.7,86160.6,9.55349257,823242.679921669,1
2026-10-06 11:05:00+00:00,86160.6,86174.9,86086.3,86104.4,2.94079049,253297.976529693,1
2026-10-06 11:10:00+00:00,86103.9,86217.5,86061.6,86184.9,15.18139681,1307690.060619253,1
2026-10-06 11:15:00+00:00,86186.3,86386.8,86170.9,86285.6,45.29610086,3909736.585082873,1
2026-10-06 11:20:00+00:00,86285.6,86311.6,86251.3,86251.4,13.76137591,1187400.857630994,1
2026-10-06 11:25:00+00:00,86251.3,86277.7,86203.8,86203.8,23.88243705,2059606.229901255,1
2026-10-06 11:30:00+00:00,86203.9,86303.1,86175.0,86285.7,42.78361649,3689302.432857775,1
2026-10-06 11:35:00+00:00,86285.6,86333.0,86241.4,86333.0,5.09516689,439645.4561943,1
2026-10-06 11:40:00+00:00,86333.0,86341.4,86216.8,86315.3,11.53796283,995486.349810089,1
2026-10-06 11:45:00+00:00,86315.4,86364.1,86278.8,86302.9,14.86005651,1282932.843024634,1
2026-10-06 11:50:00+00:00,86303.0,86347.2,86281.2,86289.7,7.25094918,625788.064944469,1
2026-10-06 11:55:00+00:00,86289.7,86293.8,86231.0,86247.2,11.38558602,982233.457843829,1
2026-10-06 12:00:00+00:00,86247.2,86303.4,86225.7,86294.5,11.14819421,961862.526120294,1
2026-10-06 12:05:00+00:00,86294.6,86324.1,86257.1,86317.5,20.53063282,1771532.616691228,1
2026-10-06 12:10:00+00:00,86317.5,86417.5,86261.5,86380.3,27.02347705,2333843.83225584,1
2026-10-06 12:15:00+00:00,86380.4,86406.1,86225.0,86246.0,11.35971793,980489.315188692,1
2026-10-06 12:20:00+00:00,86246.1,86306.9,86166.6,86166.6,15.87460161,1369201.299498775,1
2026-10-06 12:25:00+00:00,86166.7,86185.5,86133.0,86149.6,11.05373281,952413.084094382,1
2026-10-06 12:30:00+00:00,86149.7,86206.4,86120.8,86191.2,8.20652008,707102.211319568,1
2026-10-06 12:35:00+00:00,86189.9,86259.9,86162.1,86259.9,21.77410453,1877214.89672298,1
2026-10-06 12:40:00+00:00,86259.8,86287.8,86231.4,86267.0,9.68917646,835783.008421232,1
2026-10-06 12:45:00+00:00,86267.0,86267.0,86143.7,86168.4,17.50824942,1508571.917870263,1
2026-10-06 12:50:00+00:00,86168.5,86323.5,86168.5,86266.6,13.57185448,1170834.125947043,1
2026-10-06 12:55:00+00:00,86266.6,86270.4,86202.9,86207.9,19.74749616,1702662.757199485,1
2026-10-06 13:00:00+00:00,86207.9,86231.3,86139.0,86144.5,14.41674104,1242363.947753738,1
2026-10-06 13:05:00+00:00,86144.6,86242.7,86105.1,86116.6,20.69071133,1782516.551774361,1
2026-10-06 13:10:00+00:00,86116.7,86142.4,86068.0,86084.6,24.47098093,2106691.752561819,1
2026-10-06 13:15:00+00:00,86085.9,86100.0,85980.0,86065.8,47.5555825,4091959.581602441,1
2026-10-06 13:20:00+00:00,86068.4,86121.0,86050.9,86087.9,10.97728394,945003.309426465,1
2026-10-06 13:25:00+00:00,86087.9,86094.2,85999.9,86019.7,21.9595573,1889532.432052712,1
2026-10-06 13:30:00+00:00,86019.6,86333.5,85991.1,86328.6,35.17773686,3031387.68822791,1
2026-10-06 13:35:00+00:00,86328.2,86443.1,86111.0,86257.6,73.87310614,6376824.493090642,1
2026-10-06 13:40:00+00:00,86257.5,86376.3,86232.1,86366.8,24.76254561,2137014.954370288,1
2026-10-06 13:45:00+00:00,86366.8,86454.1,86310.6,86386.9,35.13381363,3034834.411902328,1
2026-10-06 13:50:00+00:00,86386.9,86483.1,86376.4,86437.7,18.87703033,1631585.376968011,1
2026-10-06 13:55:00+00:00,86437.7,86449.9,86257.7,86316.6,18.20581209,1571558.371501135,1
2026-10-06 14:00:00+00:00,86316.6,86378.0,86256.4,86274.4,19.49093693,1682356.809876191,1
2026-10-06 14:05:00+00:00,86274.4,86287.2,86093.0,86202.3,47.72320729,4112505.641576435,1
2026-10-06 14:10:00+00:00,86202.1,86349.9,86104.7,86323.3,24.26647852,2092627.058308402,1
2026-10-06 14:15:00+00:00,86314.0,86351.6,86031.8,86117.4,40.37000698,3477408.668818329,1
2026-10-06 14:20:00+00:00,86117.4,86201.9,85965.8,86006.8,30.49226004,2623747.801029836,1
2026-10-06 14:25:00+00:00,86006.8,86130.2,85958.2,86022.5,23.93813026,2060393.079998076,1
2026-10-06 14:30:00+00:00,86022.5,86150.0,86002.4,86114.2,10.54117179,907210.656050873,1
2026-10-06 14:35:00+00:00,86113.1,86222.9,86102.2,86220.7,15.83782285,1364893.033336285,1
2026-10-06 14:40:00+00:00,86220.7,86366.1,86193.7,86303.7,12.68697127,1094685.89726974,1
2026-10-06 14:45:00+00:00,86303.6,86308.6,86209.5,86300.0,18.5962785,1604285.794952996,1
2026-10-06 14:50:00+00:00,86300.0,86538.8,86270.8,86387.0,83.94475861,7254508.776484185,1
2026-10-06 14:55:00+00:00,86387.0,86633.2,86379.4,86595.0,62.99647531,5449710.259398611,1
2026-10-06 15:00:00+00:00,86599.4,86693.7,86523.5,86532.4,38.13246343,3303421.940988828,1
2026-10-06 15:05:00+00:00,86532.9,86616.5,86532.9,86559.8,14.92576624,1292388.38023258,1
2026-10-06 15:10:00+00:00,86559.9,86633.0,86559.9,86595.2,13.51737119,1170619.226265541,1
2026-10-06 15:15:00+00:00,86595.2,86650.0,86540.9,86545.1,77.55008867,6716267.390036633,1
2026-10-06 15:20:00+00:00,86543.7,86564.6,86289.4,86327.5,39.96025386,3454333.865871651,1
2026-10-06 15:25:00+00:00,86331.0,86363.0,86232.1,86269.5,22.50109013,1941241.071475974,1
2026-10-06 15:30:00+00:00,86272.0,86489.5,86166.5,86455.6,35.93959387,3102022.294413065,1
2026-10-06 15:35:00+00:00,86455.6,86455.6,86160.2,86183.2,35.56888231,3068502.674609423,1
2026-10-06 15:40:00+00:00,86188.4,86211.3,86100.0,86100.0,17.08902455,1472174.182345169,1
2026-10-06 15:45:00+00:00,86100.0,86123.0,86012.3,86012.3,32.96341995,2837417.593416292,1
2026-10-06 15:50:00+00:00,86012.3,86060.6,85904.8,85909.7,28.13366483,2418888.684644733,1
2026-10-06 15:55:00+00:00,85909.6,85950.6,85722.8,85722.8,40.45955383,3472028.419176457,1
2026-10-06 16:00:00+00:00,85722.8,85844.5,85714.2,85777.2,39.83829002,3416665.898541926,1
2026-10-06 16:05:00+00:00,85777.2,85857.4,85720.2,85729.5,22.14340036,1899896.593634073,1
2026-10-06 16:10:00+00:00,85729.6,85811.9,85729.6,85795.4,10.044178,861433.331497744,1
2026-10-06 16:15:00+00:00,85793.4,85805.7,85663.6,85791.2,23.54920417,2018981.202234572,1
2026-10-06 16:20:00+00:00,85791.5,85813.0,85659.4,85737.3,31.80860889,2726052.187037763,1
2026-10-06 16:25:00+00:00,85736.3,85802.2,85690.8,85723.1,11.89098371,1019715.547541057,1
2026-10-06 16:30:00+00:00,85722.1,85775.9,85625.0,85632.4,18.64403657,1597538.579251582,1
2026-10-06 16:35:00+00:00,85632.4,85632.5,85580.0,85621.3,33.57811863,2874025.709014536,1
2026-10-06 16:40:00+00:00,85621.4,85735.0,85619.4,85716.0,25.16239984,2155344.071443651,1
2026-10-06 16:45:00+00:00,85712.5,85750.9,85643.8,85651.6,7.86680518,674113.324830379,1
2026-10-06 16:50:00+00:00,85651.6,85733.8,85651.6,85665.5,7.58806543,650280.939056572,1
2026-10-06 16:55:00+00:00,85665.4,85683.0,85587.6,85587.7,5.23074296,447893.40929559,1
2026-10-06 17:00:00+00:00,85587.6,85633.0,85529.4,85541.6,55.13089286,4718293.337897598,1
2026-10-06 17:05:00+00:00,85542.2,85660.9,85542.2,85660.8,6.32331815,541244.365378996,1
2026-10-06 17:10:00+00:00,85660.9,85660.9,85513.8,85546.6,12.98824276,1111246.424840709,1
2026-10-06 17:15:00+00:00,85546.6,85569.0,85508.1,85508.1,26.99107361,2308468.188134243,1
2026-10-06 17:20:00+00:00,85508.1,85555.9,85483.9,85552.3,36.3924228,3111753.949286273,1
2026-10-06 17:25:00+00:00,85552.4,85665.1,85552.3,85633.4,13.52699898,1158200.969262809,1
2026-10-06 17:30:00+00:00,85633.4,85644.8,85556.8,85642.5,20.10921493,1721295.636832998,1
2026-10-06 17:35:00+00:00,85642.5,85645.9,85544.0,85575.4,20.68484191,1770732.595116428,1
2026-10-06 17:40:00+00:00,85575.4,85616.3,85528.5,85616.3,20.13317523,1722749.415232927,1
2026-10-06 17:45:00+00:00,85616.3,85621.6,85545.8,85581.0,17.10824715,1464130.440712083,1
2026-10-06 17:50:00+00:00,85581.1,85761.5,85581.1,85745.3,21.3189182,1826747.727895647,1
2026-10-06 17:55:00+00:00,85743.2,85751.7,85703.8,85732.0,12.52073938,1073304.549156359,1
2026-10-06 19:45:00+00:00,85500.0,85693.2,85493.0,85615.7,11.05832135,946599.73169493,1
2026-10-06 19:50:00+00:00,85613.1,85632.6,85564.8,85581.7,6.34059887,542670.514537275,1
2026-10-06 19:55:00+00:00,85581.7,85652.1,85581.7,85615.0,5.77357159,494336.547512823,1
2026-10-06 20:00:00+00:00,85615.1,85643.6,85572.8,85603.5,5.28341994,452357.919333748,1
2026-10-06 20:05:00+00:00,85603.4,85641.1,85603.4,85610.5,5.95370458,509703.643349602,1
2026-10-06 20:10:00+00:00,85610.5,85641.3,85579.7,85636.4,3.49062612,298786.430263126,1
2026-10-06 20:15:00+00:00,85636.3,85665.7,85625.9,85639.7,8.22912252,704815.712724652,1
2026-10-06 20:20:00+00:00,85639.7,85677.0,85606.4,85624.4,6.80076651,582401.560528432,1
2026-10-06 20:25:00+00:00,85624.4,85646.0,85600.0,85614.5,2.28458028,195606.757769764,1
2026-10-06 20:30:00+00:00,85614.5,85656.6,85614.4,85631.4,2.3181696,198494.659299554,1
2026-10-06 20:35:00+00:00,85631.3,85656.6,85614.5,85656.6,2.60283706,222889.504859551,1
2026-10-06 20:40:00+00:00,85656.5,85671.4,85626.0,85629.6,1.26315445,108187.492148519,1
2026-10-06 20:45:00+00:00,85626.1,85672.4,85623.1,85623.1,3.45855566,296224.992367681,1
2026-10-06 20:50:00+00:00,85623.2,85652.2,85623.2,85627.0,1.56428781,133948.287266063,1
2026-10-06 20:55:00+00:00,85627.0,85629.5,85600.5,85616.3,3.88447133,332536.25044492,1
2026-10-06 21:00:00+00:00,85616.3,85638.4,85526.1,85545.3,8.10392163,693488.3468023,1
2026-10-06 21:05:00+00:00,85545.4,85598.4,85540.5,85549.9,2.25986272,193394.229064656,1
2026-10-06 21:10:00+00:00,85548.7,85573.5,85516.7,85572.6,3.49685289,299187.26767943,1
2026-10-06 21:15:00+00:00,85572.1,85572.1,85506.9,85507.0,0.80134653,68549.152223693,1
2026-10-06 21:20:00+00:00,85506.9,85573.5,85500.0,85573.5,2.72142951,232743.462233845,1
2026-10-06 21:25:00+00:00,85574.8,85584.7,85560.7,85575.1,1.09154174,93400.184901165,1
2026-10-06 21:30:00+00:00,85580.0,85626.1,85570.6,85620.9,2.23670161,191437.213923311,1
2026-10-06 21:35:00+00:00,85620.9,85621.0,85590.5,85620.8,6.06225861,519002.589247663,1
2026-10-06 21:40:00+00:00,85620.8,85625.9,85589.3,85589.4,2.58220749,221045.889050554,1
2026-10-06 21:45:00+00:00,85589.3,85598.3,85585.7,85598.3,1.83052758,156673.740912153,1
2026-10-06 21:50:00+00:00,85598.3,85598.3,85550.0,85550.1,3.34882708,286597.393233878,1
2026-10-06 21:55:00+00:00,85550.1,85629.6,85550.0,85629.6,4.04938366,346564.605072751,1
2026-10-06 22:00:00+00:00,85629.6,85654.2,85577.0,85633.8,7.18846312,615394.788906365,1
2026-10-06 22:05:00+00:00,85633.8,85668.9,85622.8,85662.0,3.32741873,284975.532681291,1
2026-10-06 22:10:00+00:00,85662.0,85662.0,85583.3,85586.4,2.5754434,220506.538227429,1
2026-10-06 22:15:00+00:00,85586.4,85601.9,85550.0,85600.9,4.18115929,357728.584380335,1
2026-10-06 22:20:00+00:00,85598.8,85633.4,85551.4,85551.5,1.80184224,154228.320728489,1
2026-10-06 22:25:00+00:00,85551.4,85561.9,85484.2,85485.4,8.0497756,688475.151963998,1
2026-10-06 22:30:00+00:00,85487.5,85541.1,85469.3,85540.0,7.25179238,620022.663130136,1
2026-10-06 22:35:00+00:00,85540.0,85546.1,85528.9,85536.0,3.13794517,268414.588132263,1
2026-10-06 22:40:00+00:00,85536.1,85560.3,85535.8,85560.3,0.54369276,46513.495822506,1
2026-10-06 22:45:00+00:00,85560.3,85592.9,85560.3,85588.7,3.99077046,341546.141558332,1
2026-10-06 22:50:00+00:00,85588.7,85588.7,85547.9,85547.9,3.16106028,270485.521282091,1
2026-10-06 22:55:00+00:00,85548.0,85552.8,85531.5,85531.5,2.25622552,193014.283122012,1
2026-10-06 23:00:00+00:00,85531.6,85557.6,85531.5,85533.9,2.62333792,224400.402556304,1
2026-10-06 23:05:00+00:00,85533.9,85533.9,85500.0,85512.2,1.66032277,141976.357925513,1
2026-10-06 23:10:00+00:00,85512.2,85548.0,85500.0,85500.0,4.48930016,383956.775387711,1
2026-10-06 23:15:00+00:00,85500.1,85500.1,85452.0,85485.1,7.91197424,676259.578229993,1
2026-10-06 23:20:00+00:00,85485.1,85543.1,85485.1,85538.7,3.71125621,317354.786866452,1
2026-10-06 23:25:00+00:00,85538.7,85538.7,85449.3,85498.5,12.8066281,1094896.692648301,1
2026-10-06 23:30:00+00:00,85498.5,85510.5,85355.2,85391.6,29.91123086,2554654.047736182,1
2026-10-06 23:35:00+00:00,85391.6,85510.1,85391.5,85510.1,9.38218743,801897.926384118,1
2026-10-06 23:40:00+00:00,85510.1,85582.5,85501.5,85578.3,2.08815736,178630.298782525,1
2026-10-06 23:45:00+00:00,85578.3,85617.1,85575.7,85605.3,5.88192704,503459.27469536,1
2026-10-06 23:50:00+00:00,85605.3,85621.5,85574.3,85584.0,4.51979236,386901.609651986,1
2026-10-06 23:55:00+00:00,85584.1,85586.5,85553.9,85553.9,3.08813792,264277.952042576,1
2026-10-07 00:00:00+00:00,85553.9,85553.9,85500.1,85500.1,3.71577257,317825.52943395,1
2026-10-07 00:05:00+00:00,85500.2,85545.2,85470.2,85545.2,5.74446992,491119.467066702,1
2026-10-07 00:10:00+00:00,85545.2,85604.3,85545.2,85577.9,5.23027256,447596.398343738,1
2026-10-07 00:15:00+00:00,85577.8,85594.9,85545.2,85545.2,2.47619048,211893.101282681,1
2026-10-07 00:20:00+00:00,85542.2,85545.9,85463.4,85466.0,4.0470979,346008.214315794,1
2026-10-07 00:25:00+00:00,85466.1,85470.2,85414.4,85414.4,4.99663657,426929.073199236,1
2026-10-07 00:30:00+00:00,85412.7,85469.7,85406.7,85455.0,6.38671375,545643.416551356,1
2026-10-07 00:35:00+00:00,85455.0,85579.5,85455.0,85486.1,3.60975522,308715.509314458,1
2026-10-07 00:40:00+00:00,85486.2,85522.3,85480.0,85512.7,22.4400239,1918783.808717508,1
2026-10-07 00:45:00+00:00,85512.7,85550.9,85500.0,85543.7,3.14495547,268978.500694773,1
2026-10-07 00:50:00+00:00,85543.8,85560.0,85509.0,85545.9,3.93397858,336463.006149464,1
2026-10-07 00:55:00+00:00,85545.8,85568.3,85516.5,85546.0,2.36001181,201865.364694154,1
2026-10-07 01:00:00+00:00,85546.0,85546.0,85441.8,85472.4,9.55846631,817009.312156383,1
2026-10-07 01:05:00+00:00,85472.4,85499.9,85441.1,85478.3,2.36114931,201825.498284737,1
2026-10-07 01:10:00+00:00,85478.3,85486.9,85412.6,85453.6,4.69720287,401277.653476748,1
2026-10-07 01:15:00+00:00,85453.7,85453.7,85372.8,85372.8,4.55354366,388877.126988032,1
2026-10-07 01:20:00+00:00,85372.8,85406.1,85306.0,85334.6,20.30603218,1733061.395832548,1
2026-10-07 01:25:00+00:00,85334.9,85355.4,85255.0,85272.2,39.93315048,3406485.247849836,1
2026-10-07 01:30:00+00:00,85270.7,85345.4,85240.1,85317.0,19.0526249,1624650.206693706,1
2026-10-07 01:35:00+00:00,85317.0,85317.0,85200.0,85246.7,48.05654257,4095671.016470374,1
2026-10-07 01:40:00+00:00,85247.2,85306.6,85229.3,85295.8,15.90842865,1356550.4953528,1
2026-10-07 01:45:00+00:00,85295.8,85339.0,85283.3,85314.8,8.70819095,742833.611748007,1
2026-10-07 01:50:00+00:00,85315.2,85320.3,85075.0,85075.0,91.95135875,7827859.259157205,1
2026-10-07 01:55:00+00:00,85075.0,85103.9,84388.0,84388.0,286.74363977,24315349.340145383,1
2026-10-07 02:00:00+00:00,84388.0,84533.0,83577.1,83829.0,449.0502642,37709600.36820308,1
2026-10-07 02:05:00+00:00,83829.0,84054.5,83583.3,83940.2,116.42533354,9757483.06056257,1
2026-10-07 02:10:00+00:00,83940.3,84107.5,83920.0,83945.4,58.57648804,4920223.244580596,1
2026-10-07 02:15:00+00:00,83945.3,84096.6,83900.0,84085.8,23.33832555,1960395.483108318,1
2026-10-07 02:20:00+00:00,84085.8,84108.2,83820.7,83857.8,38.67965379,3246760.003878307,1
2026-10-07 02:25:00+00:00,83857.8,83874.7,83710.1,83855.1,63.28976952,5303484.28931134,1
2026-10-07 02:30:00+00:00,83855.1,83934.3,83829.0,83917.0,46.02629312,3860769.437594035,1
2026-10-07 02:35:00+00:00,83917.0,83991.6,83850.1,83876.4,18.53829733,1555836.844224515,1
2026-10-07 02:40:00+00:00,83876.3,83876.4,83800.0,83812.5,43.58894714,3654334.485448015,1
2026-10-07 02:45:00+00:00,83812.5,83942.7,83804.7,83882.5,54.18533328,4543483.423656525,1
2026-10-07 02:50:00+00:00,83884.1,83920.6,83830.0,83861.9,13.41246923,1124771.461905226,1
2026-10-07 02:55:00+00:00,83861.9,83903.4,83835.0,83860.5,12.44390493,1043586.897792104,1
2026-10-07 03:00:00+00:00,83865.5,84096.4,83865.5,84026.1,201.45438287,16925334.692291647,1
2026-10-07 03:05:00+00:00,84017.9,84119.0,84006.1,84100.5,102.78150002,8642636.390770711,1
2026-10-07 03:10:00+00:00,84100.6,84100.6,83944.5,83962.1,37.92060104,3186629.474984053,1
2026-10-07 03:15:00+00:00,83962.1,84122.4,83962.1,84106.1,18.23040368,1531798.797987302,1
2026-10-07 03:20:00+00:00,84104.0,84105.1,83991.6,84042.1,16.69634194,1402869.01209131,1
2026-10-07 03:25:00+00:00,84042.2,84085.6,83976.8,83989.0,5.3012285,445517.715243933,1
2026-10-07 03:30:00+00:00,83988.9,84086.7,83988.9,84082.2,5.69079855,478267.428119682,1
2026-10-07 03:35:00+00:00,84082.2,84135.1,84080.0,84135.1,8.32605162,700282.34150069,1
2026-10-07 03:40:00+00:00,84135.2,84168.3,84131.0,84150.0,10.10273055,850158.230406721,1
2026-10-07 03:45:00+00:00,84150.0,84249.9,84150.0,84238.1,15.88160407,1337091.587622682,1
2026-10-07 03:50:00+00:00,84238.1,84248.6,84200.3,84213.7,61.30421785,5164185.775540981,1
2026-10-07 03:55:00+00:00,84213.6,84228.6,84140.1,84162.7,5.49665671,462780.024276357,1
2026-10-07 04:00:00+00:00,84162.6,84230.6,84145.1,84220.2,15.43350992,1299351.630961405,1
2026-10-07 04:05:00+00:00,84219.5,84219.5,84108.0,84152.3,10.06009843,846560.266136605,1
2026-10-07 04:10:00+00:00,84152.4,84163.1,84138.3,84151.5,5.34619368,449892.501654814,1
2026-10-07 04:15:00+00:00,84151.5,84151.5,84068.7,84101.3,8.55835102,719870.151684332,1
2026-10-07 04:20:00+00:00,84101.4,84131.6,84056.0,84118.5,10.78082407,906612.19275837,1
2026-10-07 04:25:00+00:00,84118.5,84187.1,84118.4,84156.6,5.45309873,458893.591530929,1
2026-10-07 04:30:00+00:00,84156.6,84156.6,84050.0,84090.2,6.79216432,571201.642125585,1
2026-10-07 04:35:00+00:00,84092.0,84153.6,84069.0,84106.0,4.48448732,377172.17748052,1
2026-10-07 04:40:00+00:00,84105.6,84127.6,84037.1,84120.3,37.65959997,3165636.878435686,1
2026-10-07 04:45:00+00:00,84121.0,84143.1,84095.0,84140.5,12.25493523,1030833.574009821,1
2026-10-07 04:50:00+00:00,84140.4,84180.6,84131.8,84131.8,5.12567889,431371.095944124,1
2026-10-07 04:55:00+00:00,84131.8,84131.8,84082.9,84099.8,4.28027066,359978.496130877,1
2026-10-07 05:00:00+00:00,84099.8,84135.8,84093.1,84098.2,4.69183845,394658.994135794,1
2026-10-07 05:05:00+00:00,84098.1,84199.0,84078.8,84199.0,5.4362565,457335.022807683,1
2026-10-07 05:10:00+00:00,84200.0,84219.9,84162.6,84179.2,9.92084975,835281.887643743,1
2026-10-07 05:15:00+00:00,84179.2,84193.7,84165.0,84190.6,2.71469703,228517.06864923,1
2026-10-07 05:20:00+00:00,84190.7,84247.2,84190.7,84226.0,4.12608911,347516.905980601,1
2026-10-07 05:25:00+00:00,84225.9,84234.7,84189.7,84189.8,6.16092565,518864.10588478,1
2026-10-07 05:30:00+00:00,84189.8,84248.4,84189.7,84219.4,10.03955815,845641.532603524,1
2026-10-07 05:35:00+00:00,84219.4,84237.6,84170.6,84206.5,4.57629528,385343.53815489,1
2026-10-07 05:40:00+00:00,84207.6,84250.1,84200.6,84237.5,45.3741863,3822180.582972694,1
2026-10-07 05:45:00+00:00,84238.2,84300.0,84223.5,84299.9,7.24944634,610852.301867003,1
2026-10-07 05:50:00+00:00,84300.0,84323.8,84265.6,84323.8,12.01721326,1013102.310373617,1
2026-10-07 05:55:00+00:00,84323.9,84349.0,84267.8,84335.0,12.9987699,1096051.352720182,1
2026-10-07 06:00:00+00:00,84335.1,84360.0,84263.6,84324.8,10.7371245,905383.067652887,1
2026-10-07 06:05:00+00:00,84324.9,84337.4,84287.3,84324.3,3.64799145,307558.175929764,1
2026-10-07 06:10:00+00:00,84324.3,84324.3,84296.3,84304.2,6.18671739,521579.349975494,1
2026-10-07 06:15:00+00:00,84304.1,84306.4,84166.0,84173.0,7.72303434,650521.231225222,1
2026-10-07 06:20:00+00:00,84176.0,84207.8,84142.6,84203.5,12.15278179,1023076.010266221,1
2026-10-07 06:25:00+00:00,84203.5,84234.7,84165.9,84192.7,10.25267309,863234.42893511,1
2026-10-07 06:30:00+00:00,84192.8,84285.0,84179.1,84285.0,3.44923194,290507.965628559,1
2026-10-07 06:35:00+00:00,84285.0,84320.8,84262.1,84293.7,7.02493552,592169.695490471,1
2026-10-07 06:40:00+00:00,84293.7,84392.8,84293.6,84329.6,8.83982475,745636.786241365,1
2026-10-07 06:45:00+00:00,84332.5,84352.4,84264.1,84300.2,7.920797,667713.746245824,1
2026-10-07 06:50:00+00:00,84301.4,84315.3,84264.6,84276.5,4.79172735,403880.300203123,1
2026-10-07 06:55:00+00:00,84276.6,84276.6,84224.6,84224.7,3.12734974,263481.744107061,1
2026-10-07 07:00:00+00:00,84224.7,84245.5,84200.0,84200.1,8.1200386,683824.241371399,1
2026-10-07 07:05:00+00:00,84200.0,84216.0,84159.4,84159.4,9.47984613,798136.05126694,1
2026-10-07 07:10:00+00:00,84159.4,84270.4,84159.4,84266.5,10.52311568,886297.747167185,1
2026-10-07 07:15:00+00:00,84266.5,84267.3,84176.6,84176.6,4.07221682,342909.487606251,1
2026-10-07 07:20:00+00:00,84176.7,84275.7,84175.1,84237.3,6.27714265,528780.051132534,1
2026-10-07 07:25:00+00:00,84237.3,84245.9,84202.7,84235.9,1.42239738,119804.601473607,1
2026-10-07 07:30:00+00:00,84237.7,84306.7,84237.7,84282.0,57.17395498,4818489.820790939,1
2026-10-07 07:35:00+00:00,84282.1,84300.0,84232.8,84247.9,58.08263245,4894737.722489544,1
2026-10-07 07:40:00+00:00,84247.9,84325.1,84243.0,84319.2,108.078987,9110492.995815286,1
2026-10-07 07:45:00+00:00,84319.2,84319.2,84248.9,84254.5,60.5038758,5099228.776512189,1
2026-10-07 07:50:00+00:00,84254.5,84259.1,84156.5,84159.7,74.58264218,6280641.145210359,1
2026-10-07 07:55:00+00:00,84159.7,84185.6,84106.3,84148.8,61.35047538,5162659.509535354,1
2026-10-07 08:00:00+00:00,84143.9,84153.6,84022.8,84108.6,27.85014869,2341774.855619076,1
2026-10-07 08:05:00+00:00,84103.5,84124.2,84032.3,84076.0,7.31927088,615257.536301503,1
2026-10-07 08:10:00+00:00,84075.9,84076.0,84019.0,84048.6,18.00270255,1513037.203647456,1
2026-10-07 08:15:00+00:00,84048.5,84064.0,83964.2,83996.8,27.83022348,2337983.730850163,1
2026-10-07 08:20:00+00:00,83996.7,84073.6,83983.6,84003.0,11.09530057,932159.66912089,1
2026-10-07 08:25:00+00:00,84003.0,84057.0,83971.6,84041.5,16.92422735,1422152.884613235,1
2026-10-07 08:30:00+00:00,84041.6,84099.2,83982.3,84099.2,48.89392116,4108368.740911598,1
2026-10-07 08:35:00+00:00,84099.2,84182.6,84024.7,84052.1,14.04024423,1180822.881085666,1
2026-10-07 08:40:00+00:00,84052.1,84058.1,83970.1,84009.5,12.03415111,1010973.461493186,1
2026-10-07 08:45:00+00:00,84009.6,84038.9,83970.0,84008.3,6.69202269,562122.508645965,1
2026-10-07 08:50:00+00:00,84008.3,84019.1,83948.7,83990.6,9.85636131,827795.242723626,1
2026-10-07 08:55:00+00:00,83990.7,84040.3,83951.0,83955.3,6.31497527,530392.095839181,1
2026-10-07 09:00:00+00:00,83955.1,84000.0,83945.9,83977.4,7.82751008,657264.480351108,1
2026-10-07 09:05:00+00:00,83981.5,84000.0,83901.7,83923.7,21.35442678,1793039.461182116,1
2026-10-07 09:10:00+00:00,83923.7,83986.0,83908.5,83929.7,12.90832036,1083452.901886583,1
2026-10-07 09:15:00+00:00,83929.8,83956.8,83764.0,83786.7,31.84414052,2670335.906915513,1
2026-10-07 09:20:00+00:00,83788.2,83862.1,83774.3,83857.3,24.80107026,2078566.808488927,1
2026-10-07 09:25:00+00:00,83857.3,83860.5,83798.7,83839.7,8.06425507,676137.996083305,1
2026-10-07 09:30:00+00:00,83846.1,83868.9,83680.1,83740.0,60.37894912,5059468.832866572,1
2026-10-07 09:35:00+00:00,83740.0,83749.9,83666.0,83690.9,22.61538985,1893092.719113136,1
2026-10-07 09:40:00+00:00,83690.0,83819.7,83650.0,83790.1,25.06810134,2099532.120469618,1
2026-10-07 09:45:00+00:00,83790.2,83836.5,83762.3,83831.0,4.68158759,392392.76808048,1
2026-10-07 09:50:00+00:00,83831.0,83840.8,83700.0,83743.2,17.63379224,1477197.89903637,1
2026-10-07 09:55:00+00:00,83743.7,83814.6,83700.0,83806.4,17.0765977,1430142.34246488,1
2026-10-07 10:00:00+00:00,83806.4,83824.0,83708.4,83775.0,14.75921592,1236230.582941573,1
2026-10-07 10:05:00+00:00,83777.7,83798.2,83423.6,83779.0,144.43892044,12069914.098617714,1
2026-10-07 10:10:00+00:00,83779.0,83903.3,83777.4,83845.0,24.16871684,2026262.182182026,1
2026-10-07 10:15:00+00:00,83846.2,83937.4,83793.1,83899.1,21.61719451,1813335.476884856,1
2026-10-07 10:20:00+00:00,83899.2,83939.8,83885.0,83911.9,5.5761355,467940.53612676,1
2026-10-07 10:25:00+00:00,83911.8,83920.4,83863.3,83882.6,9.67888281,812020.144363617,1
2026-10-07 10:30:00+00:00,83885.0,83933.0,83700.0,83725.6,15.72116156,1317355.006592927,1
2026-10-07 10:35:00+00:00,83725.6,83775.6,83676.3,83735.5,14.37345694,1203109.092087536,1
2026-10-07 10:40:00+00:00,83738.3,83738.3,83646.9,83647.1,10.86729789,909403.194245831,1
2026-10-07 10:45:00+00:00,83647.5,83751.6,83647.0,83726.8,6.64717448,556218.893648388,1
2026-10-07 10:50:00+00:00,83726.8,83845.1,83726.8,83793.5,13.55683481,1135954.304327807,1
2026-10-07 10:55:00+00:00,83796.2,83815.1,83728.4,83749.2,2.92717105,245166.441828317,1
2026-10-07 11:00:00+00:00,83749.2,83798.5,83697.5,83773.8,6.67027518,558613.979566951,1
2026-10-07 11:05:00+00:00,83774.9,83843.0,83736.5,83814.9,9.52114841,797779.372847367,1
2026-10-07 11:10:00+00:00,83812.5,83841.3,83791.9,83832.6,11.0750239,928323.334420527,1
2026-10-07 11:15:00+00:00,83832.5,83835.9,83658.6,83681.5,11.34066747,949759.975553974,1
2026-10-07 11:20:00+00:00,83677.5,83751.4,83609.9,83709.5,17.45199171,1460161.63245972,1
2026-10-07 11:25:00+00:00,83709.5,83750.0,83678.7,83731.6,6.86059752,574306.126836658,1
2026-10-07 11:30:00+00:00,83732.4,83739.4,83641.0,83680.0,10.90512344,912540.835372322,1
2026-10-07 11:35:00+00:00,83680.0,83690.2,83609.8,83615.1,8.49696282,710661.305081922,1
2026-10-07 11:40:00+00:00,83615.1,83673.3,83584.9,83661.9,13.35596692,1116830.757360784,1
2026-10-07 11:45:00+00:00,83659.4,83668.0,83538.6,83615.7,25.12938268,2099924.995116145,1
2026-10-07 11:50:00+00:00,83615.8,83666.0,83564.5,83665.1,6.55263244,547833.89236517,1
2026-10-07 11:55:00+00:00,83665.1,83754.0,83643.0,83736.0,10.56953022,884759.425359785,1
2026-10-07 12:00:00+00:00,83736.1,83755.9,83601.7,83645.9,10.79109171,902808.780648753,1
2026-10-07 12:05:00+00:00,83644.9,83676.3,83627.9,83649.1,4.52169748,378279.178650035,1
2026-10-07 12:10:00+00:00,83652.2,83661.1,83596.3,83661.1,13.12949272,1098047.245998499,1
2026-10-07 12:15:00+00:00,83661.1,83690.3,83540.0,83540.2,13.42735203,1122868.871912068,1
2026-10-07 12:20:00+00:00,83540.2,83619.2,83520.1,83531.8,16.46062028,1375505.422177222,1
2026-10-07 12:25:00+00:00,83531.7,83540.4,83442.4,83479.5,22.58947656,1885843.44407044,1
2026-10-07 12:30:00+00:00,83479.5,83600.3,83451.9,83567.4,19.98888501,1669497.944627292,1
2026-10-07 12:35:00+00:00,83566.1,83726.5,83558.4,83635.1,16.47097995,1377977.175906907,1
2026-10-07 12:40:00+00:00,83634.1,83634.1,83495.9,83518.6,23.02078601,1923313.798311074,1
2026-10-07 12:45:00+00:00,83518.9,83525.0,83420.1,83489.1,28.06150778,2342246.542455849,1
