signal_time,entry_time,exit_time,side,entry_price,exit_price,gross_return,net_return,pnl,capital,horizon
2025-10-03 07:45:00+00:00,2025-10-03 07:50:00+00:00,2025-10-03 07:50:00+00:00,LONG,119757.2,119631.6,-0.001048788715834914,-0.0024487887158349143,-24.487887158349142,9975.51211284165,5m
2025-10-03 16:45:00+00:00,2025-10-03 16:50:00+00:00,2025-10-03 16:50:00+00:00,SHORT,123193.8,122866.9,0.0026606026521382997,0.0012606026521382997,12.575157025885918,9988.087269867536,5m
2025-10-04 13:10:00+00:00,2025-10-04 13:15:00+00:00,2025-10-04 13:15:00+00:00,SHORT,122397.8,122393.0,3.921792912997546e-05,-0.0013607820708700245,-13.591610079120874,9974.495659788416,5m
2025-10-05 23:15:00+00:00,2025-10-05 23:20:00+00:00,2025-10-05 23:20:00+00:00,SHORT,123450.4,123424.9,0.00020660336771594068,-0.0011933966322840593,-11.903529529123462,9962.592130259292,5m
2025-10-06 00:20:00+00:00,2025-10-06 00:25:00+00:00,2025-10-06 00:25:00+00:00,SHORT,123930.1,123668.7,0.002113711876974511,0.0007137118769745111,7.1104203288188526,9969.702550588112,5m
2025-10-06 14:10:00+00:00,2025-10-06 14:15:00+00:00,2025-10-06 14:15:00+00:00,SHORT,124980.7,124996.0,-0.00012240391692541763,-0.0015224039169254176,-15.177914213596669,9954.524636374515,5m
2025-10-06 19:00:00+00:00,2025-10-06 19:05:00+00:00,2025-10-06 19:05:00+00:00,SHORT,125816.0,125769.9,0.0003665423920986566,-0.0010334576079013434,-10.287579218502596,9944.237057156013,5m
2025-10-06 21:35:00+00:00,2025-10-06 21:40:00+00:00,2025-10-06 21:40:00+00:00,LONG,124934.2,125022.1,0.0007035703594373555,-0.0006964296405626445,-6.925461439384892,9937.311595716628,5m
2025-10-07 08:20:00+00:00,2025-10-07 08:25:00+00:00,2025-10-07 08:25:00+00:00,LONG,123500.0,123640.7,0.0011392712550606365,-0.00026072874493936345,-2.5909427804225795,9934.720652936207,5m
2025-10-07 15:40:00+00:00,2025-10-07 15:45:00+00:00,2025-10-07 15:45:00+00:00,LONG,121712.0,121538.0,-0.0014296043118180446,-0.002829604311818045,-28.11132839625607,9906.60932453995,5m
2025-10-08 13:45:00+00:00,2025-10-08 13:50:00+00:00,2025-10-08 13:50:00+00:00,LONG,122160.2,122249.8,0.0007334631082791532,-0.0006665368917208468,-6.603120586671616,9900.006203953279,5m
2025-10-09 08:30:00+00:00,2025-10-09 08:35:00+00:00,2025-10-09 08:35:00+00:00,LONG,121475.1,121433.6,-0.0003416337998486396,-0.0017416337998486396,-17.242185423516254,9882.764018529762,5m
2025-10-10 13:40:00+00:00,2025-10-10 13:45:00+00:00,2025-10-10 13:45:00+00:00,SHORT,122261.7,121776.9,0.003981050593339086,0.002581050593339086,25.50791393385641,9908.271932463618,5m
2025-10-10 15:35:00+00:00,2025-10-10 15:40:00+00:00,2025-10-10 15:40:00+00:00,LONG,119225.9,119569.1,0.002878569169953993,0.0014785691699539928,14.650065406861177,9922.921997870479,5m
2025-10-10 21:00:00+00:00,2025-10-10 21:05:00+00:00,2025-10-10 21:05:00+00:00,LONG,115060.6,114429.9,-0.00548145933534161,-0.00688145933534161,-68.28418421611242,9854.637813654366,5m
2025-10-10 21:20:00+00:00,2025-10-10 21:25:00+00:00,2025-10-10 21:25:00+00:00,LONG,108200.3,108583.0,0.0035369587699849436,0.0021369587699849434,21.058954700913947,9875.69676835528,5m
2025-10-11 07:20:00+00:00,2025-10-11 07:25:00+00:00,2025-10-11 07:25:00+00:00,LONG,111276.9,110760.0,-0.0046451689434194865,-0.006045168943419487,-59.70025539868952,9815.99651295659,5m
2025-10-11 07:30:00+00:00,2025-10-11 07:35:00+00:00,2025-10-11 07:35:00+00:00,LONG,110997.1,110642.5,-0.0031946780591565194,-0.00459467805915652,-45.10134380683855,9770.895169149751,5m
2025-10-11 19:25:00+00:00,2025-10-11 19:30:00+00:00,2025-10-11 19:30:00+00:00,LONG,111399.5,111108.1,-0.0026158106634229794,-0.00401581066342298,-39.238065011459646,9731.657104138292,5m
2025-10-12 00:30:00+00:00,2025-10-12 00:35:00+00:00,2025-10-12 00:35:00+00:00,LONG,110367.7,109992.5,-0.0033995453379929153,-0.0047995453379929155,-46.70752948511257,9684.94957465318,5m
2025-10-12 01:00:00+00:00,2025-10-12 01:05:00+00:00,2025-10-12 01:05:00+00:00,LONG,109779.2,110008.1,0.0020850944441206387,0.0006850944441206387,6.635105145183436,9691.584679798363,5m
2025-10-12 14:55:00+00:00,2025-10-12 15:00:00+00:00,2025-10-12 15:00:00+00:00,SHORT,112348.0,112817.2,-0.004158940303428893,-0.005558940303428893,-53.87494068062512,9637.709739117738,5m
2025-10-13 11:05:00+00:00,2025-10-13 11:10:00+00:00,2025-10-13 11:10:00+00:00,LONG,114496.0,114559.1,0.0005511109558413718,-0.0008488890441586282,-8.181346208317958,9629.52839290942,5m
2025-10-13 11:30:00+00:00,2025-10-13 11:35:00+00:00,2025-10-13 11:35:00+00:00,LONG,114113.3,114015.1,-0.0008605482445954715,-0.0022605482445954717,-21.768013504873643,9607.760379404546,5m
2025-10-14 06:50:00+00:00,2025-10-14 06:55:00+00:00,2025-10-14 06:55:00+00:00,LONG,112033.7,111996.6,-0.0003311503592221543,-0.0017311503592221543,-16.63247783212656,9591.12790157242,5m
2025-10-14 07:10:00+00:00,2025-10-14 07:15:00+00:00,2025-10-14 07:15:00+00:00,LONG,111963.3,112101.4,0.0012334398861053586,-0.0001665601138946414,-1.5974993556639752,9589.530402216755,5m
2025-10-14 10:35:00+00:00,2025-10-14 10:40:00+00:00,2025-10-14 10:40:00+00:00,LONG,110606.0,110380.1,-0.00204238468075868,-0.00344238468075868,-33.01085255226058,9556.519549664494,5m
2025-10-15 02:30:00+00:00,2025-10-15 02:35:00+00:00,2025-10-15 02:35:00+00:00,SHORT,113227.5,113053.0,0.0015435238339540636,0.00014352383395406358,1.3715883250248093,9557.891137989518,5m
2025-10-15 13:50:00+00:00,2025-10-15 13:55:00+00:00,2025-10-15 13:55:00+00:00,LONG,111347.3,111407.1,0.0005370583750121671,-0.0008629416249878329,-8.24790211007348,9549.643235879445,5m
2025-10-16 09:40:00+00:00,2025-10-16 09:45:00+00:00,2025-10-16 09:45:00+00:00,LONG,111240.9,111634.7,0.003540064850248381,0.002140064850248381,20.436855821517806,9570.080091700962,5m
2025-10-16 14:20:00+00:00,2025-10-16 14:25:00+00:00,2025-10-16 14:25:00+00:00,LONG,110284.4,110331.1,0.00042345064215809636,-0.0009765493578419036,-9.34565556804616,9560.734436132916,5m
2025-10-16 16:40:00+00:00,2025-10-16 16:45:00+00:00,2025-10-16 16:45:00+00:00,LONG,108094.3,108339.7,0.002270239966399634,0.0008702399663996342,8.320133214456135,9569.054569347372,5m
2025-10-18 00:15:00+00:00,2025-10-18 00:20:00+00:00,2025-10-18 00:20:00+00:00,LONG,106474.4,106593.2,0.0011157611594900807,-0.0002842388405099193,-2.7198969755674423,9566.334672371804,5m
2025-10-18 07:10:00+00:00,2025-10-18 07:15:00+00:00,2025-10-18 07:15:00+00:00,SHORT,107300.0,107150.0,0.0013999066728884735,-9.332711152650573e-08,-0.000892798382868322,9566.33377957342,5m
2025-10-18 16:40:00+00:00,2025-10-18 16:45:00+00:00,2025-10-18 16:45:00+00:00,LONG,106580.9,106676.7,0.0008988477297526831,-0.0005011522702473169,-4.794189891576815,9561.539589681845,5m
2025-10-19 08:20:00+00:00,2025-10-19 08:25:00+00:00,2025-10-19 08:25:00+00:00,SHORT,106622.3,106707.3,-0.0007965715560228626,-0.0021965715560228628,-21.002605894481654,9540.536983787362,5m
2025-10-19 09:50:00+00:00,2025-10-19 09:55:00+00:00,2025-10-19 09:55:00+00:00,SHORT,107542.2,107405.5,0.0012727467401576487,-0.00012725325984235133,-1.214064431833456,9539.322919355529,5m
2025-10-19 16:45:00+00:00,2025-10-19 16:50:00+00:00,2025-10-19 16:50:00+00:00,SHORT,108692.8,108687.3,5.0603888402722674e-05,-0.0013493961115972773,-12.87232525464914,9526.45059410088,5m
2025-10-19 17:15:00+00:00,2025-10-19 17:20:00+00:00,2025-10-19 17:20:00+00:00,SHORT,109081.4,109180.1,-0.0009040108957585336,-0.0023040108957585338,-21.949045966713783,9504.501548134165,5m
2025-10-20 05:35:00+00:00,2025-10-20 05:40:00+00:00,2025-10-20 05:40:00+00:00,SHORT,110729.9,110805.7,-0.000684080331607495,-0.0020840803316074952,-19.808144738199402,9484.693403395966,5m
2025-10-21 14:25:00+00:00,2025-10-21 14:30:00+00:00,2025-10-21 14:30:00+00:00,SHORT,109680.6,110052.0,-0.0033747682913530808,-0.004774768291353081,-45.28721331574079,9439.406190080224,5m
2025-10-21 20:20:00+00:00,2025-10-21 20:25:00+00:00,2025-10-21 20:25:00+00:00,LONG,110933.0,110837.8,-0.0008581756555758879,-0.002258175655575888,-21.315837261531506,9418.090352818694,5m
2025-10-21 23:40:00+00:00,2025-10-21 23:45:00+00:00,2025-10-21 23:45:00+00:00,LONG,108504.1,108536.0,0.0002939981069838282,-0.0011060018930161718,-10.416425758814821,9407.67392705988,5m
2025-10-22 07:15:00+00:00,2025-10-22 07:20:00+00:00,2025-10-22 07:20:00+00:00,LONG,107870.7,107887.0,0.00015110683438601669,-0.0012488931656139833,-11.749179671829946,9395.92474738805,5m
2025-10-22 11:05:00+00:00,2025-10-22 11:10:00+00:00,2025-10-22 11:10:00+00:00,LONG,107351.9,107957.9,0.005644986255483042,0.004244986255483042,39.88557141021524,9435.810318798265,5m
2025-10-23 01:20:00+00:00,2025-10-23 01:25:00+00:00,2025-10-23 01:25:00+00:00,SHORT,108173.2,108200.1,-0.0002486134486012759,-0.0016486134486012759,-15.556003790021512,9420.254315008244,5m
2025-10-23 03:30:00+00:00,2025-10-23 03:35:00+00:00,2025-10-23 03:35:00+00:00,SHORT,108650.0,108580.3,0.0006419212324886292,-0.0007580787675113708,-7.141294780765122,9413.113020227478,5m
2025-10-23 12:05:00+00:00,2025-10-23 12:10:00+00:00,2025-10-23 12:10:00+00:00,LONG,108949.2,108930.0,-0.00017622892136881507,-0.001576228921368815,-14.837220982595907,9398.275799244882,5m
2025-10-25 04:20:00+00:00,2025-10-25 04:25:00+00:00,2025-10-25 04:25:00+00:00,SHORT,111362.9,111295.1,0.000609191240225293,-0.000790808759774707,-7.432238828821488,9390.84356041606,5m
2025-10-25 07:25:00+00:00,2025-10-25 07:30:00+00:00,2025-10-25 07:30:00+00:00,SHORT,111629.2,111594.0,0.00031542914493609686,-0.0010845708550639031,-10.185035230091795,9380.658525185969,5m
2025-10-26 00:40:00+00:00,2025-10-26 00:45:00+00:00,2025-10-26 00:45:00+00:00,SHORT,111844.7,111775.0,0.0006235741444866605,-0.0007764258555133395,-7.283385820696018,9373.375139365273,5m
2025-10-26 09:35:00+00:00,2025-10-26 09:40:00+00:00,2025-10-26 09:40:00+00:00,SHORT,112347.8,112327.1,0.00018428322283758902,-0.001215716777162411,-11.395369415563414,9361.97976994971,5m
2025-10-26 21:30:00+00:00,2025-10-26 21:35:00+00:00,2025-10-26 21:35:00+00:00,LONG,113292.0,113342.6,0.00044663347809215104,-0.000953366521907849,-8.9253980914486,9353.054371858261,5m
2025-10-27 05:45:00+00:00,2025-10-27 05:50:00+00:00,2025-10-27 05:50:00+00:00,SHORT,115579.0,115585.7,-5.7965647999647096e-05,-0.001457965647999647,-13.636431978042262,9339.417939880219,5m
2025-10-27 13:40:00+00:00,2025-10-27 13:45:00+00:00,2025-10-27 13:45:00+00:00,LONG,114884.3,114997.6,0.0009862096039232604,-0.0004137903960767396,-3.864561448469243,9335.55337843175,5m
2025-10-28 13:10:00+00:00,2025-10-28 13:15:00+00:00,2025-10-28 13:15:00+00:00,SHORT,114744.4,114899.0,-0.001345529552041369,-0.0027455295520413692,-25.631037685144015,9309.922340746607,5m
2025-10-28 19:35:00+00:00,2025-10-28 19:40:00+00:00,2025-10-28 19:40:00+00:00,LONG,114029.8,114009.8,-0.0001753927482114337,-0.0015753927482114337,-14.66678414202382,9295.255556604583,5m
2025-10-29 01:00:00+00:00,2025-10-29 01:05:00+00:00,2025-10-29 01:05:00+00:00,LONG,112479.6,112310.0,-0.0015078289752097351,-0.0029078289752097353,-27.029013439474102,9268.226543165109,5m
2025-10-29 01:30:00+00:00,2025-10-29 01:35:00+00:00,2025-10-29 01:35:00+00:00,LONG,112548.4,112623.0,0.0006628259486585186,-0.0007371740513414814,-6.832296109575676,9261.394247055532,5m
2025-10-29 05:40:00+00:00,2025-10-29 05:45:00+00:00,2025-10-29 05:45:00+00:00,SHORT,113174.9,113065.1,0.0009711219465597942,-0.00042887805344020576,-3.9720087368194967,9257.422238318713,5m
2025-10-29 18:40:00+00:00,2025-10-29 18:45:00+00:00,2025-10-29 18:45:00+00:00,LONG,109745.5,110270.6,0.004784706434432406,0.003384706434432406,31.333656616295,9288.755894935008,5m
2025-10-30 04:35:00+00:00,2025-10-30 04:40:00+00:00,2025-10-30 04:40:00+00:00,LONG,109439.8,108958.0,-0.00440242032606053,-0.00580242032606053,-53.89726600858546,9234.858628926422,5m
2025-10-30 07:25:00+00:00,2025-10-30 07:30:00+00:00,2025-10-30 07:30:00+00:00,SHORT,111271.9,111204.9,0.0006024914369779921,-0.0007975085630220079,-7.3648788348665,9227.493750091555,5m
2025-10-31 17:00:00+00:00,2025-10-31 17:05:00+00:00,2025-10-31 17:05:00+00:00,LONG,109032.7,109166.4,0.0012262376332972114,-0.00017376236670278863,-1.603391152751099,9225.890358938805,5m
2025-11-01 13:45:00+00:00,2025-11-01 13:50:00+00:00,2025-11-01 13:50:00+00:00,LONG,109892.1,109976.0,0.0007634761734465201,-0.0006365238265534799,-5.872499034634586,9220.01785990417,5m
2025-11-01 22:05:00+00:00,2025-11-01 22:10:00+00:00,2025-11-01 22:10:00+00:00,LONG,110041.8,109959.8,-0.0007451713803300342,-0.0021451713803300344,-19.778518439198198,9200.239341464972,5m
2025-11-02 07:55:00+00:00,2025-11-02 08:00:00+00:00,2025-11-02 08:00:00+00:00,SHORT,110893.0,110831.2,0.0005576047178050825,-0.0008423952821949175,-7.750238216314167,9192.489103248658,5m
2025-11-03 01:05:00+00:00,2025-11-03 01:10:00+00:00,2025-11-03 01:10:00+00:00,LONG,109808.3,109729.9,-0.0007139715303853267,-0.002113971530385327,-19.432660257645004,9173.056442991012,5m
2025-11-03 15:35:00+00:00,2025-11-03 15:40:00+00:00,2025-11-03 15:40:00+00:00,LONG,106445.7,106093.7,-0.0033068503471722632,-0.004706850347172263,-43.176203903323014,9129.880239087688,5m
2025-11-04 14:40:00+00:00,2025-11-04 14:45:00+00:00,2025-11-04 14:45:00+00:00,LONG,103938.9,104123.1,0.001772195010722788,0.00037219501072278797,3.398095873485012,9133.278334961173,5m
2025-11-04 21:35:00+00:00,2025-11-04 21:40:00+00:00,2025-11-04 21:40:00+00:00,LONG,99279.0,99304.0,0.0002518155904067676,-0.0011481844095932324,-10.486687792678055,9122.791647168495,5m
2025-11-05 12:30:00+00:00,2025-11-05 12:35:00+00:00,2025-11-05 12:35:00+00:00,SHORT,102374.9,102480.7,-0.001032389513342502,-0.0024323895133425023,-22.19018273498122,9100.601464433514,5m
2025-11-06 12:45:00+00:00,2025-11-06 12:50:00+00:00,2025-11-06 12:50:00+00:00,LONG,102555.9,102508.2,-0.00046511219734790554,-0.0018651121973479055,-16.973642794517158,9083.627821638996,5m
2025-11-06 16:50:00+00:00,2025-11-06 16:55:00+00:00,2025-11-06 16:55:00+00:00,LONG,101090.0,100871.2,-0.0021644079533089666,-0.003564407953308967,-32.37775525234864,9051.250066386649,5m
2025-11-07 09:10:00+00:00,2025-11-07 09:15:00+00:00,2025-11-07 09:15:00+00:00,LONG,101370.0,101400.1,0.0002969320311729806,-0.0011030679688270194,-9.984144026074544,9041.265922360573,5m
2025-11-07 19:45:00+00:00,2025-11-07 19:50:00+00:00,2025-11-07 19:50:00+00:00,SHORT,103135.5,103258.2,-0.0011882833518306324,-0.0025882833518306326,-23.4013580663195,9017.864564294254,5m
2025-11-08 06:15:00+00:00,2025-11-08 06:20:00+00:00,2025-11-08 06:20:00+00:00,LONG,102329.9,102310.0,-0.00019446906524867025,-0.0015944690652486702,-14.378706082369366,9003.485858211885,5m
2025-11-10 15:00:00+00:00,2025-11-10 15:05:00+00:00,2025-11-10 15:05:00+00:00,LONG,105170.7,105316.0,0.0013815634962970336,-1.843650370296642e-05,-0.1659928003645292,9003.31986541152,5m
2025-11-11 01:20:00+00:00,2025-11-11 01:25:00+00:00,2025-11-11 01:25:00+00:00,SHORT,106963.7,106785.4,0.0016697039108342082,0.00026970391083420823,2.4282305781928044,9005.748095989713,5m
2025-11-11 12:50:00+00:00,2025-11-11 12:55:00+00:00,2025-11-11 12:55:00+00:00,LONG,104584.9,104549.9,-0.0003346563414030612,-0.0017346563414030612,-15.6218780437871,8990.126217945926,5m
2025-11-11 14:55:00+00:00,2025-11-11 15:00:00+00:00,2025-11-11 15:00:00+00:00,LONG,104581.6,104242.9,-0.0032386194129752077,-0.004638619412975208,-41.701773999661356,8948.424443946265,5m
2025-11-12 09:30:00+00:00,2025-11-12 09:35:00+00:00,2025-11-12 09:35:00+00:00,SHORT,104563.3,104573.1,-9.371434910132592e-05,-0.001493714349101326,-13.36638999377159,8935.058053952494,5m
2025-11-12 14:50:00+00:00,2025-11-12 14:55:00+00:00,2025-11-12 14:55:00+00:00,LONG,104175.0,103993.9,-0.0017384209263259232,-0.0031384209263259234,-28.04197317446149,8907.016080778032,5m
2025-11-13 06:00:00+00:00,2025-11-13 06:05:00+00:00,2025-11-13 06:05:00+00:00,SHORT,102979.2,103039.0,-0.0005803627752598572,-0.0019803627752598574,-17.63912308501376,8889.376957693019,5m
2025-11-13 13:40:00+00:00,2025-11-13 13:45:00+00:00,2025-11-13 13:45:00+00:00,LONG,102548.7,102584.0,0.00034422669424394314,-0.0010557733057560568,-9.385166896735278,8879.991790796284,5m
2025-11-13 14:15:00+00:00,2025-11-13 14:20:00+00:00,2025-11-13 14:20:00+00:00,LONG,102340.3,102497.6,0.001537028912363958,0.00013702891236395801,1.2168156168936906,8881.208606413178,5m
2025-11-13 14:45:00+00:00,2025-11-13 14:50:00+00:00,2025-11-13 14:50:00+00:00,LONG,102227.8,102925.3,0.0068229972668882866,0.005422997266888286,48.162769999243395,8929.371376412422,5m
2025-11-14 04:40:00+00:00,2025-11-14 04:45:00+00:00,2025-11-14 04:45:00+00:00,LONG,97590.8,97253.7,-0.003454219045237905,-0.004854219045237905,-43.34512459738339,8886.02625181504,5m
2025-11-14 19:05:00+00:00,2025-11-14 19:10:00+00:00,2025-11-14 19:10:00+00:00,LONG,95145.9,95401.1,0.002682196500322309,0.0012821965003223092,11.39363176184941,8897.41988357689,5m
2025-11-15 03:00:00+00:00,2025-11-15 03:05:00+00:00,2025-11-15 03:05:00+00:00,SHORT,96271.0,96317.2,-0.0004796651065437363,-0.0018796651065437363,-16.72416969342791,8880.695713883462,5m
2025-11-15 21:05:00+00:00,2025-11-15 21:10:00+00:00,2025-11-15 21:10:00+00:00,LONG,95522.2,95570.3,0.0005035478663599768,-0.0008964521336400231,-7.961118620918638,8872.734595262544,5m
2025-11-16 10:00:00+00:00,2025-11-16 10:05:00+00:00,2025-11-16 10:05:00+00:00,SHORT,96471.2,96414.7,0.0005860102245820453,-0.0008139897754179547,-7.222315240540875,8865.512280022003,5m
2025-11-16 16:00:00+00:00,2025-11-16 16:05:00+00:00,2025-11-16 16:05:00+00:00,LONG,94792.9,94608.4,-0.0019463483024572126,-0.0033463483024572128,-29.667091968665204,8835.845188053338,5m
2025-11-16 22:10:00+00:00,2025-11-16 22:15:00+00:00,2025-11-16 22:15:00+00:00,LONG,93387.7,93528.4,0.0015066223924564692,0.00010662239245646924,0.9420989533252282,8836.787287006662,5m
2025-11-17 19:45:00+00:00,2025-11-17 19:50:00+00:00,2025-11-17 19:50:00+00:00,LONG,91949.5,91773.9,-0.001909743935529895,-0.0033097439355298953,-29.247503132737975,8807.539783873925,5m
2025-11-18 03:35:00+00:00,2025-11-18 03:40:00+00:00,2025-11-18 03:40:00+00:00,LONG,90672.4,90632.8,-0.00043673708868396943,-0.0018367370886839694,-16.177134981100828,8791.362648892824,5m
2025-11-19 00:20:00+00:00,2025-11-19 00:25:00+00:00,2025-11-19 00:25:00+00:00,LONG,92188.7,92308.9,0.0013038474346638296,-9.615256533617041e-05,-0.8453120714916355,8790.517336821333,5m
2025-11-20 01:10:00+00:00,2025-11-20 01:15:00+00:00,2025-11-20 01:15:00+00:00,SHORT,92217.5,92460.0,-0.002622755786286013,-0.004022755786286013,-35.36210448114553,8755.155232340187,5m
2025-11-20 09:50:00+00:00,2025-11-20 09:55:00+00:00,2025-11-20 09:55:00+00:00,LONG,91806.9,91903.3,0.0010500300086377923,-0.0003499699913622077,-3.0640416010368825,8752.09119073915,5m
2025-11-21 02:45:00+00:00,2025-11-21 02:50:00+00:00,2025-11-21 02:50:00+00:00,LONG,86172.1,85832.1,-0.003945592598996628,-0.005345592598996628,-46.78511389495878,8705.30607684419,5m
2025-11-21 12:30:00+00:00,2025-11-21 12:35:00+00:00,2025-11-21 12:35:00+00:00,LONG,81703.3,82986.5,0.015705607974218827,0.014305607974218827,124.53469603091786,8829.840772875108,5m
2025-11-22 22:55:00+00:00,2025-11-22 23:00:00+00:00,2025-11-22 23:00:00+00:00,SHORT,85074.1,85143.4,-0.0008139209850673845,-0.0022139209850673847,-19.548569781871816,8810.292203093237,5m
2025-11-23 02:05:00+00:00,2025-11-23 02:10:00+00:00,2025-11-23 02:10:00+00:00,SHORT,85724.6,85826.0,-0.0011814601635867783,-0.0025814601635867785,-22.743418351844387,8787.548784741393,5m
2025-11-23 02:40:00+00:00,2025-11-23 02:45:00+00:00,2025-11-23 02:45:00+00:00,SHORT,86179.0,86226.0,-0.000545079210446997,-0.001945079210446997,-17.09247845198926,8770.456306289405,5m
2025-11-23 04:20:00+00:00,2025-11-23 04:25:00+00:00,2025-11-23 04:25:00+00:00,SHORT,86560.1,86501.2,0.0006809154092661807,-0.0007190845907338193,-6.306699983556961,8764.149606305848,5m
2025-11-23 07:10:00+00:00,2025-11-23 07:15:00+00:00,2025-11-23 07:15:00+00:00,LONG,85868.0,85693.3,-0.0020345180975450683,-0.0034345180975450685,-30.100630432449922,8734.048975873398,5m
2025-11-23 07:35:00+00:00,2025-11-23 07:40:00+00:00,2025-11-23 07:40:00+00:00,LONG,85643.1,85697.2,0.000631691286279823,-0.000768308713720177,-6.71044593422232,8727.338529939176,5m
2025-11-24 00:25:00+00:00,2025-11-24 00:30:00+00:00,2025-11-24 00:30:00+00:00,LONG,86444.0,86553.6,0.0012678728425339347,-0.00013212715746606526,-1.153118432204932,8726.185411506971,5m
2025-11-24 09:35:00+00:00,2025-11-24 09:40:00+00:00,2025-11-24 09:40:00+00:00,LONG,86115.3,85995.1,-0.0013958030686764822,-0.0027958030686764824,-24.396695951331143,8701.78871555564,5m
2025-11-25 09:30:00+00:00,2025-11-25 09:35:00+00:00,2025-11-25 09:35:00+00:00,LONG,86840.6,86879.0,0.0004421894827995043,-0.0009578105172004957,-8.334664750215785,8693.454050805423,5m
2025-11-25 17:40:00+00:00,2025-11-25 17:45:00+00:00,2025-11-25 17:45:00+00:00,SHORT,87934.9,87825.9,0.001241091750838974,-0.00015890824916102594,-1.3814615623753184,8692.072589243047,5m
2025-11-27 02:30:00+00:00,2025-11-27 02:35:00+00:00,2025-11-27 02:35:00+00:00,SHORT,91374.1,91563.3,-0.002066330068924982,-0.003466330068924982,-30.1295925773718,8661.942996665675,5m
2025-11-27 02:50:00+00:00,2025-11-27 02:55:00+00:00,2025-11-27 02:55:00+00:00,SHORT,91619.3,91379.0,0.002629707044287999,0.0012297070442879989,10.65165232022088,8672.594648985896,5m
2025-11-27 12:55:00+00:00,2025-11-27 13:00:00+00:00,2025-11-27 13:00:00+00:00,LONG,90985.3,91003.0,0.0001945369197002833,-0.0012054630802997167,-10.454492659757378,8662.140156326139,5m
2025-11-27 13:35:00+00:00,2025-11-27 13:40:00+00:00,2025-11-27 13:40:00+00:00,LONG,90772.3,90815.9,0.0004803227416292355,-0.0009196772583707645,-7.966373310593329,8654.173783015545,5m
2025-11-28 05:55:00+00:00,2025-11-28 06:00:00+00:00,2025-11-28 06:00:00+00:00,SHORT,91600.0,91463.9,0.0014880187702470682,8.80187702470682e-05,0.7617297338854464,8654.935512749431,5m
2025-11-28 14:30:00+00:00,2025-11-28 14:35:00+00:00,2025-11-28 14:35:00+00:00,SHORT,92578.0,92331.1,0.002674071899934072,0.0012740718999340718,11.027010132535537,8665.962522881966,5m
2025-11-28 16:30:00+00:00,2025-11-28 16:35:00+00:00,2025-11-28 16:35:00+00:00,LONG,91378.0,91433.9,0.0006117446212434707,-0.0007882553787565293,-6.830991570764212,8659.1315313112,5m
2025-11-29 15:25:00+00:00,2025-11-29 15:30:00+00:00,2025-11-29 15:30:00+00:00,SHORT,90862.3,90934.6,-0.0007950769014214432,-0.0021950769014214434,-19.007459610751308,8640.12407170045,5m
2025-11-29 17:35:00+00:00,2025-11-29 17:40:00+00:00,2025-11-29 17:40:00+00:00,LONG,90620.3,90578.0,-0.0004667828290129128,-0.0018667828290129128,-16.12923525759153,8623.994836442858,5m
2025-11-30 03:20:00+00:00,2025-11-30 03:25:00+00:00,2025-11-30 03:25:00+00:00,LONG,90716.6,90690.9,-0.00028329985912178834,-0.0016832998591217883,-14.516769293251294,8609.478067149606,5m
2025-11-30 08:25:00+00:00,2025-11-30 08:30:00+00:00,2025-11-30 08:30:00+00:00,SHORT,91153.7,91186.4,-0.000358606107928372,-0.001758606107928372,-15.140680714964653,8594.337386434641,5m
2025-11-30 13:30:00+00:00,2025-11-30 13:35:00+00:00,2025-11-30 13:35:00+00:00,SHORT,91785.5,91810.0,-0.000266855462367932,-0.001666855462367932,-14.325518218011519,8580.01186821663,5m
2025-11-30 23:40:00+00:00,2025-11-30 23:45:00+00:00,2025-11-30 23:45:00+00:00,LONG,90660.1,90600.1,-0.0006618126386359613,-0.0020618126386359615,-17.690376909535598,8562.321491307095,5m
2025-12-01 02:50:00+00:00,2025-12-01 02:55:00+00:00,2025-12-01 02:55:00+00:00,LONG,86773.1,86724.0,-0.0005658435621178626,-0.0019658435621178628,-16.83218458046947,8545.489306726626,5m
2025-12-01 12:50:00+00:00,2025-12-01 12:55:00+00:00,2025-12-01 12:55:00+00:00,LONG,85406.4,85432.0,0.0002997433447611275,-0.0011002566552388725,-9.402231481998589,8536.087075244626,5m
2025-12-01 21:35:00+00:00,2025-12-01 21:40:00+00:00,2025-12-01 21:40:00+00:00,SHORT,86373.5,86437.9,-0.0007450435514976261,-0.0021450435514976263,-18.31027853577572,8517.776796708851,5m
2025-12-01 22:10:00+00:00,2025-12-01 22:15:00+00:00,2025-12-01 22:15:00+00:00,SHORT,86493.9,86436.1,0.0006687020816531497,-0.0007312979183468503,-6.229032440376286,8511.547764268475,5m
2025-12-03 14:05:00+00:00,2025-12-03 14:10:00+00:00,2025-12-03 14:10:00+00:00,LONG,92070.5,92029.0,-0.00045074155131119564,-0.0018507415513111956,-15.752675113301576,8495.795089155174,5m
2025-12-03 22:00:00+00:00,2025-12-03 22:05:00+00:00,2025-12-03 22:05:00+00:00,SHORT,93526.0,93513.0,0.0001390181044347294,-0.0012609818955652706,-10.713043795857008,8485.082045359317,5m
2025-12-05 13:45:00+00:00,2025-12-05 13:50:00+00:00,2025-12-05 13:50:00+00:00,LONG,90538.7,90619.9,0.0008968540524658675,-0.0005031459475341325,-4.269234645617169,8480.8128107137,5m
2025-12-06 08:35:00+00:00,2025-12-06 08:40:00+00:00,2025-12-06 08:40:00+00:00,LONG,89326.1,89390.3,0.0007187149108713875,-0.0006812850891286125,-5.777851311630162,8475.03495940207,5m
2025-12-06 14:20:00+00:00,2025-12-06 14:25:00+00:00,2025-12-06 14:25:00+00:00,SHORT,89931.0,89931.9,-1.00075723963311e-05,-0.001410007572396331,-11.949863469080551,8463.08509593299,5m
2025-12-07 07:45:00+00:00,2025-12-07 07:50:00+00:00,2025-12-07 07:50:00+00:00,LONG,89348.3,89362.1,0.00015445173551142943,-0.0012455482644885706,-10.541180953458422,8452.543914979531,5m
2025-12-08 01:40:00+00:00,2025-12-08 01:45:00+00:00,2025-12-08 01:45:00+00:00,SHORT,91254.0,91115.1,0.001524445454156309,0.00012444545415630907,1.0518806662757745,8453.595795645806,5m
2025-12-08 15:15:00+00:00,2025-12-08 15:20:00+00:00,2025-12-08 15:20:00+00:00,LONG,90399.1,89969.0,-0.004757790730217537,-0.006157790730217537,-52.055473827433694,8401.540321818373,5m
2025-12-08 22:00:00+00:00,2025-12-08 22:05:00+00:00,2025-12-08 22:05:00+00:00,SHORT,91262.5,91100.0,0.0017837541163556736,0.0003837541163556736,3.2241256822259716,8404.764447500598,5m
2025-12-09 01:50:00+00:00,2025-12-09 01:55:00+00:00,2025-12-09 01:55:00+00:00,LONG,90067.3,90057.0,-0.00011435892937838865,-0.0015143589293783886,-12.72783009039455,8392.036617410204,5m
2025-12-09 20:25:00+00:00,2025-12-09 20:30:00+00:00,2025-12-09 20:30:00+00:00,LONG,93078.0,92852.0,-0.0024280710801692917,-0.003828071080169292,-32.12531267882973,8359.911304731373,5m
2025-12-09 21:55:00+00:00,2025-12-09 22:00:00+00:00,2025-12-09 22:00:00+00:00,LONG,92645.2,92672.2,0.000291434418620673,-0.001108565581379327,-9.267509935809143,8350.643794795564,5m
2025-12-10 10:05:00+00:00,2025-12-10 10:10:00+00:00,2025-12-10 10:10:00+00:00,SHORT,92987.9,92994.0,-6.559562982566547e-05,-0.0014655956298256655,-12.238667051883189,8338.405127743681,5m
2025-12-11 03:20:00+00:00,2025-12-11 03:25:00+00:00,2025-12-11 03:25:00+00:00,LONG,89896.9,89734.0,-0.0018120758335381515,-0.0032120758335381517,-26.783589601076084,8311.621538142605,5m
2025-12-11 18:45:00+00:00,2025-12-11 18:50:00+00:00,2025-12-11 18:50:00+00:00,SHORT,90870.5,90623.5,0.002725562354135569,0.001325562354135569,11.017572612784209,8322.639110755388,5m
2025-12-13 21:30:00+00:00,2025-12-13 21:35:00+00:00,2025-12-13 21:35:00+00:00,LONG,89978.3,90069.3,0.0010113549600292426,-0.00038864503997075735,-3.2345524098617164,8319.404558345526,5m
2025-12-15 18:35:00+00:00,2025-12-15 18:40:00+00:00,2025-12-15 18:40:00+00:00,LONG,85475.0,85766.1,0.0034056741737351626,0.0020056741737351624,16.686014863528207,8336.090573209054,5m
2025-12-16 04:50:00+00:00,2025-12-16 04:55:00+00:00,2025-12-16 04:55:00+00:00,LONG,85726.1,85832.1,0.0012364962362687582,-0.00016350376373124183,-1.3629821835242055,8334.72759102553,5m
2025-12-16 07:05:00+00:00,2025-12-16 07:10:00+00:00,2025-12-16 07:10:00+00:00,SHORT,86527.1,86326.6,0.00232257496530619,0.00092257496530619,7.689411018126924,8342.417002043658,5m
2025-12-18 13:15:00+00:00,2025-12-18 13:20:00+00:00,2025-12-18 13:20:00+00:00,SHORT,87699.5,87630.9,0.0007828288879836443,-0.0006171711120163557,-5.1486987780554365,8337.268303265602,5m
2025-12-18 14:10:00+00:00,2025-12-18 14:15:00+00:00,2025-12-18 14:15:00+00:00,SHORT,88149.9,88697.7,-0.006176033876864939,-0.007576033876864939,-63.163427106052474,8274.10487615955,5m
2025-12-19 03:35:00+00:00,2025-12-19 03:40:00+00:00,2025-12-19 03:40:00+00:00,SHORT,86973.9,87057.8,-0.0009637275465266271,-0.0023637275465266273,-19.557729618628617,8254.547146540921,5m
2025-12-20 21:20:00+00:00,2025-12-20 21:25:00+00:00,2025-12-20 21:25:00+00:00,SHORT,88346.9,88303.1,0.0004960188260660914,-0.0009039811739339086,-7.461955219822857,8247.085191321097,5m
2025-12-21 09:05:00+00:00,2025-12-21 09:10:00+00:00,2025-12-21 09:10:00+00:00,SHORT,88585.1,88689.5,-0.0011771404732239255,-0.0025771404732239257,-21.253897032679284,8225.831294288419,5m
2025-12-21 23:05:00+00:00,2025-12-21 23:10:00+00:00,2025-12-21 23:10:00+00:00,SHORT,88625.0,88532.1,0.0010493369071782332,-0.00035066309282176674,-2.884495442685253,8222.946798845733,5m
2025-12-22 00:15:00+00:00,2025-12-22 00:20:00+00:00,2025-12-22 00:20:00+00:00,SHORT,89166.8,88928.0,0.002685318459877628,0.001285318459877628,10.56910531514807,8233.51590416088,5m
2025-12-22 12:30:00+00:00,2025-12-22 12:35:00+00:00,2025-12-22 12:35:00+00:00,SHORT,90256.0,90190.1,0.0007306788660839114,-0.0006693211339160886,-5.51086620108911,8228.00503795979,5m
2025-12-22 19:05:00+00:00,2025-12-22 19:10:00+00:00,2025-12-22 19:10:00+00:00,LONG,88929.3,88713.7,-0.0024243978081465167,-0.003824397808146517,-31.46716443259192,8196.537873527199,5m
2025-12-23 03:10:00+00:00,2025-12-23 03:15:00+00:00,2025-12-23 03:15:00+00:00,LONG,88122.1,88229.0,0.0012130895655004803,-0.00018691043449951968,-1.5320184553327378,8195.005855071866,5m
2025-12-23 05:35:00+00:00,2025-12-23 05:40:00+00:00,2025-12-23 05:40:00+00:00,LONG,87765.9,87781.9,0.00018230314962863758,-0.0012176968503713624,-9.979032818495885,8185.02682225337,5m
2025-12-24 02:50:00+00:00,2025-12-24 02:55:00+00:00,2025-12-24 02:55:00+00:00,LONG,87182.0,87141.8,-0.00046110435640378533,-0.0018611043564037853,-15.233189076177577,8169.793633177192,5m
2025-12-24 03:05:00+00:00,2025-12-24 03:10:00+00:00,2025-12-24 03:10:00+00:00,LONG,87016.6,87040.4,0.0002735110312284128,-0.0011264889687715872,-9.203182404914454,8160.590450772277,5m
2025-12-24 05:45:00+00:00,2025-12-24 05:50:00+00:00,2025-12-24 05:50:00+00:00,LONG,86929.5,86975.0,0.0005234126504811698,-0.0008765873495188302,-7.153470353751146,8153.436980418526,5m
2025-12-24 14:40:00+00:00,2025-12-24 14:45:00+00:00,2025-12-24 14:45:00+00:00,LONG,86995.6,86913.7,-0.0009414269227410177,-0.002341426922741018,-19.090676858824168,8134.346303559702,5m
2025-12-24 22:10:00+00:00,2025-12-24 22:15:00+00:00,2025-12-24 22:15:00+00:00,SHORT,87809.8,87811.8,-2.2775982271183715e-05,-0.0014227759822711837,-11.573352552181127,8122.772951007521,5m
2025-12-24 23:00:00+00:00,2025-12-24 23:05:00+00:00,2025-12-24 23:05:00+00:00,SHORT,87824.9,87811.0,0.00015829451890980728,-0.0012417054810901927,-10.086091694917199,8112.686859312605,5m
2025-12-25 15:30:00+00:00,2025-12-25 15:35:00+00:00,2025-12-25 15:35:00+00:00,SHORT,87957.5,88073.1,-0.0013125460554925805,-0.0027125460554925807,-22.006036739674897,8090.68082257293,5m
2025-12-25 22:50:00+00:00,2025-12-25 22:55:00+00:00,2025-12-25 22:55:00+00:00,LONG,87524.7,87654.9,0.0014875800773952452,8.758007739524524e-05,0.7085824526211636,8091.389405025551,5m
2025-12-26 07:30:00+00:00,2025-12-26 07:35:00+00:00,2025-12-26 07:35:00+00:00,SHORT,89173.2,88885.1,0.0032412631588421004,0.0018412631588421004,14.898377215318849,8106.28778224087,5m
2025-12-26 20:50:00+00:00,2025-12-26 20:55:00+00:00,2025-12-26 20:55:00+00:00,SHORT,87671.2,87583.8,0.0009979014383938445,-0.0004020985616061555,-3.259526657204606,8103.028255583666,5m
2025-12-27 07:25:00+00:00,2025-12-27 07:30:00+00:00,2025-12-27 07:30:00+00:00,SHORT,87587.0,87576.9,0.00011532721528162426,-0.0012846727847183757,-10.40973987375235,8092.6185157099135,5m
2025-12-27 13:35:00+00:00,2025-12-27 13:40:00+00:00,2025-12-27 13:40:00+00:00,LONG,87448.1,87474.1,0.0002973192099084976,-0.0011026807900915024,-8.923574978812129,8083.694940731101,5m
2025-12-27 22:15:00+00:00,2025-12-27 22:20:00+00:00,2025-12-27 22:20:00+00:00,SHORT,87770.6,87731.6,0.00044453765803886824,-0.0009554623419611317,-7.72366609977029,8075.971274631331,5m
2025-12-28 00:05:00+00:00,2025-12-28 00:10:00+00:00,2025-12-28 00:10:00+00:00,SHORT,87827.0,87812.6,0.00016398557837926653,-0.0012360144216207335,-9.982016964039103,8065.989257667292,5m
2025-12-28 18:20:00+00:00,2025-12-28 18:25:00+00:00,2025-12-28 18:25:00+00:00,LONG,87664.1,87717.0,0.0006034397204783826,-0.0007965602795216174,-6.425046657705821,8059.564211009586,5m
2025-12-28 23:00:00+00:00,2025-12-28 23:05:00+00:00,2025-12-28 23:05:00+00:00,SHORT,87793.1,87732.9,0.0006861736019214693,-0.0007138263980785307,-5.753129690827608,8053.811081318759,5m
2025-12-29 01:00:00+00:00,2025-12-29 01:05:00+00:00,2025-12-29 01:05:00+00:00,SHORT,88071.3,88078.1,-7.7204208537629e-05,-0.001477204208537629,-11.897123624091062,8041.913957694667,5m
2025-12-29 12:25:00+00:00,2025-12-29 12:30:00+00:00,2025-12-29 12:30:00+00:00,LONG,87265.7,87369.2,0.0011860330003654607,-0.00021396699963453932,-1.7207042008470514,8040.1932534938205,5m
2025-12-30 15:00:00+00:00,2025-12-30 15:05:00+00:00,2025-12-30 15:05:00+00:00,SHORT,88285.4,88304.5,-0.00021629701770586873,-0.0016162970177058687,-12.995340377400908,8027.19791311642,5m
2025-12-30 15:55:00+00:00,2025-12-30 16:00:00+00:00,2025-12-30 16:00:00+00:00,SHORT,89000.6,88818.6,0.0020491203419104043,0.0006491203419104043,5.210617453944614,8032.408530570365,5m
2025-12-31 08:10:00+00:00,2025-12-31 08:15:00+00:00,2025-12-31 08:15:00+00:00,SHORT,88697.0,88662.9,0.0003846028045553229,-0.001015397195444677,-8.156085094607048,8024.252445475758,5m
2025-12-31 10:20:00+00:00,2025-12-31 10:25:00+00:00,2025-12-31 10:25:00+00:00,SHORT,88801.5,88763.9,0.00042359562840310616,-0.0009764043715968938,-7.834915166559596,8016.417530309198,5m
2025-12-31 20:40:00+00:00,2025-12-31 20:45:00+00:00,2025-12-31 20:45:00+00:00,LONG,87428.9,87394.0,-0.00039918150634399296,-0.001799181506343993,-14.422990167664095,8001.994540141533,5m
2026-01-01 01:15:00+00:00,2026-01-01 01:20:00+00:00,2026-01-01 01:20:00+00:00,SHORT,87947.0,87939.0,9.097215115017043e-05,-0.0013090278488498296,-10.474833699389553,7991.519706442144,5m
2026-01-01 04:45:00+00:00,2026-01-01 04:50:00+00:00,2026-01-01 04:50:00+00:00,LONG,87608.4,87600.1,-9.47397738114697e-05,-0.0014947397738114697,-11.945242358417232,7979.5744640837265,5m
2026-01-01 22:10:00+00:00,2026-01-01 22:15:00+00:00,2026-01-01 22:15:00+00:00,SHORT,88513.1,88495.1,0.00020340109226379965,-0.0011965989077362003,-9.548350087922262,7970.026113995804,5m
2026-01-01 23:00:00+00:00,2026-01-01 23:05:00+00:00,2026-01-01 23:05:00+00:00,SHORT,88498.9,88623.2,-0.0014025672735807904,-0.0028025672735807906,-22.336534356668924,7947.6895796391345,5m
2026-01-02 03:15:00+00:00,2026-01-02 03:20:00+00:00,2026-01-02 03:20:00+00:00,SHORT,88865.0,88827.9,0.0004176615680433482,-0.0009823384319566518,-7.8073209193409285,7939.882258719794,5m
2026-01-02 14:35:00+00:00,2026-01-02 14:40:00+00:00,2026-01-02 14:40:00+00:00,LONG,89129.7,89386.8,0.0028845603654001906,0.0014845603654001906,11.787234507239548,7951.669493227033,5m
2026-01-03 13:00:00+00:00,2026-01-03 13:05:00+00:00,2026-01-03 13:05:00+00:00,SHORT,90019.0,89951.8,0.0007470667624216443,-0.0006529332375783557,-5.19190930636577,7946.477583920667,5m
2026-01-04 18:35:00+00:00,2026-01-04 18:40:00+00:00,2026-01-04 18:40:00+00:00,LONG,91164.5,91232.8,0.000749195136264591,-0.000650804863735409,-5.171606261179972,7941.305977659486,5m
2026-01-04 19:10:00+00:00,2026-01-04 19:15:00+00:00,2026-01-04 19:15:00+00:00,LONG,91018.2,91051.0,0.00036036748694212584,-0.0010396325130578741,-8.25603989051565,7933.049937768971,5m
2026-01-05 18:00:00+00:00,2026-01-05 18:05:00+00:00,2026-01-05 18:05:00+00:00,SHORT,94249.0,94134.1,0.001220599124015509,-0.00017940087598449102,-1.4231961080644655,7931.626741660907,5m
2026-01-06 08:00:00+00:00,2026-01-06 08:05:00+00:00,2026-01-06 08:05:00+00:00,LONG,93347.6,93409.2,0.0006598991297044332,-0.0007401008702955668,-5.870203854362828,7925.756537806545,5m
2026-01-06 14:30:00+00:00,2026-01-06 14:35:00+00:00,2026-01-06 14:35:00+00:00,SHORT,94062.0,94264.0,-0.002142917762878671,-0.0035429177628786713,-28.080303622046568,7897.676234184498,5m
2026-01-07 02:05:00+00:00,2026-01-07 02:10:00+00:00,2026-01-07 02:10:00+00:00,LONG,92554.2,92669.9,0.0012500783324798093,-0.00014992166752019072,-1.1840327905635202,7896.492201393934,5m
2026-01-07 14:20:00+00:00,2026-01-07 14:25:00+00:00,2026-01-07 14:25:00+00:00,LONG,91578.1,91560.1,-0.00019655354282299697,-0.001596553542822997,-12.607172600009651,7883.885028793924,5m
2026-01-08 06:35:00+00:00,2026-01-08 06:40:00+00:00,2026-01-08 06:40:00+00:00,LONG,90380.9,90372.2,-9.6259276019528e-05,-0.001496259276019528,-11.796336105404393,7872.08869268852,5m
2026-01-09 08:05:00+00:00,2026-01-09 08:10:00+00:00,2026-01-09 08:10:00+00:00,LONG,90686.0,90683.9,-2.315682685316567e-05,-0.0014231568268531657,-11.203216764593279,7860.885475923927,5m
2026-01-09 08:55:00+00:00,2026-01-09 09:00:00+00:00,2026-01-09 09:00:00+00:00,LONG,90033.2,90188.1,0.0017204764464664457,0.0003204764464664457,2.519228643403795,7863.404704567331,5m
2026-01-10 05:05:00+00:00,2026-01-10 05:10:00+00:00,2026-01-10 05:10:00+00:00,LONG,90499.5,90535.3,0.0003955822960348687,-0.0010044177039651313,-7.898142898710129,7855.506561668621,5m
2026-01-11 15:00:00+00:00,2026-01-11 15:05:00+00:00,2026-01-11 15:05:00+00:00,SHORT,91052.0,91076.0,-0.0002635161842856615,-0.0016635161842856615,-13.067762301097959,7842.438799367523,5m
2026-01-12 01:05:00+00:00,2026-01-12 01:10:00+00:00,2026-01-12 01:10:00+00:00,SHORT,91525.0,91550.0,-0.0002730748225013846,-0.0016730748225013846,-13.12098690222979,7829.317812465293,5m
2026-01-12 14:25:00+00:00,2026-01-12 14:30:00+00:00,2026-01-12 14:30:00+00:00,LONG,90289.9,90672.9,0.0042418919502624775,0.0028418919502624772,22.250075267291745,7851.5678877325845,5m
2026-01-12 16:30:00+00:00,2026-01-12 16:35:00+00:00,2026-01-12 16:35:00+00:00,SHORT,92042.4,92063.7,-0.00023136154640757134,-0.0016313615464075713,-12.808745931055457,7838.759141801529,5m
2026-01-13 05:30:00+00:00,2026-01-13 05:35:00+00:00,2026-01-13 05:35:00+00:00,SHORT,91877.0,91916.0,-0.0004243004482353818,-0.0018243004482353818,-14.300251815997726,7824.458889985532,5m
2026-01-14 06:10:00+00:00,2026-01-14 06:15:00+00:00,2026-01-14 06:15:00+00:00,LONG,94871.0,94775.4,-0.0010076841184345486,-0.002407684118434549,-18.838825404762183,7805.620064580769,5m
2026-01-14 06:35:00+00:00,2026-01-14 06:40:00+00:00,2026-01-14 06:40:00+00:00,LONG,94785.1,94894.5,0.00115418984629434,-0.0002458101537056599,-1.918700667842582,7803.701363912927,5m
2026-01-14 14:25:00+00:00,2026-01-14 14:30:00+00:00,2026-01-14 14:30:00+00:00,SHORT,95633.1,95534.0,0.001037327024933532,-0.00036267297506646797,-2.830191590180555,7800.871172322747,5m
2026-01-14 15:00:00+00:00,2026-01-14 15:05:00+00:00,2026-01-14 15:05:00+00:00,SHORT,96369.4,96552.0,-0.0018912088822603534,-0.0032912088822603536,-25.674296491717364,7775.1968758310295,5m
2026-01-14 16:45:00+00:00,2026-01-14 16:50:00+00:00,2026-01-14 16:50:00+00:00,SHORT,97486.9,97473.2,0.0001405514541432673,-0.0012594485458567327,-9.792460399015201,7765.4044154320145,5m
2026-01-15 14:45:00+00:00,2026-01-15 14:50:00+00:00,2026-01-15 14:50:00+00:00,LONG,96025.1,96322.5,0.00309710690225784,0.0016971069022578401,13.17872143225318,7778.5831368642675,5m
2026-01-18 09:55:00+00:00,2026-01-18 10:00:00+00:00,2026-01-18 10:00:00+00:00,SHORT,95275.1,95107.1,0.0017664296356423304,0.00036642963564233037,2.8503033846547488,7781.433440248922,5m
2026-01-18 13:25:00+00:00,2026-01-18 13:30:00+00:00,2026-01-18 13:30:00+00:00,LONG,94976.9,94958.1,-0.0001979428682130635,-0.0015979428682130635,-12.43428607032041,7768.999154178602,5m
2026-01-19 22:15:00+00:00,2026-01-19 22:20:00+00:00,2026-01-19 22:20:00+00:00,LONG,92968.5,93013.0,0.0004786567493291205,-0.0009213432506708795,-7.1579149351702265,7761.841239243432,5m
2026-01-20 15:10:00+00:00,2026-01-20 15:15:00+00:00,2026-01-20 15:15:00+00:00,LONG,90297.6,90044.1,-0.0028073835849458106,-0.004207383584945811,-32.65704341894826,7729.184195824484,5m
2026-01-20 22:35:00+00:00,2026-01-20 22:40:00+00:00,2026-01-20 22:40:00+00:00,LONG,88550.7,88575.7,0.0002823241374714236,-0.0011176758625285764,-8.638722612710371,7720.545473211773,5m
2026-01-21 03:45:00+00:00,2026-01-21 03:50:00+00:00,2026-01-21 03:50:00+00:00,SHORT,89493.9,89427.1,0.0007469771467485398,-0.0006530228532514602,-5.041692633574398,7715.5037805781985,5m
2026-01-21 07:55:00+00:00,2026-01-21 08:00:00+00:00,2026-01-21 08:00:00+00:00,LONG,89212.5,89239.0,0.0002970435757321255,-0.0011029564242678745,-8.509864461251798,7706.993916116947,5m
2026-01-21 14:35:00+00:00,2026-01-21 14:40:00+00:00,2026-01-21 14:40:00+00:00,SHORT,89794.9,89674.9,0.0013381670902337106,-6.183290976628938e-05,-0.47654585938460037,7706.517370257562,5m
2026-01-23 02:00:00+00:00,2026-01-23 02:05:00+00:00,2026-01-23 02:05:00+00:00,SHORT,89832.0,89806.7,0.0002817161748511765,-0.0011182838251488235,-8.618073723387479,7697.899296534175,5m
2026-01-23 14:30:00+00:00,2026-01-23 14:35:00+00:00,2026-01-23 14:35:00+00:00,SHORT,89134.1,88665.0,0.005290700953025418,0.0038907009530254177,29.950224129319206,7727.849520663494,5m
2026-01-23 14:40:00+00:00,2026-01-23 14:45:00+00:00,2026-01-23 14:45:00+00:00,LONG,88964.0,88795.5,-0.0018940245492559127,-0.003294024549255913,-25.45572603402109,7702.393794629474,5m
2026-01-23 17:30:00+00:00,2026-01-23 17:35:00+00:00,2026-01-23 17:35:00+00:00,SHORT,90839.1,90955.4,-0.0012786486563742816,-0.002678648656374282,-20.632006788849846,7681.761787840624,5m
2026-01-24 07:25:00+00:00,2026-01-24 07:30:00+00:00,2026-01-24 07:30:00+00:00,LONG,89597.5,89613.6,0.00017969251374205797,-0.001220307486257942,-9.374111417352106,7672.387676423272,5m
2026-01-24 14:05:00+00:00,2026-01-24 14:10:00+00:00,2026-01-24 14:10:00+00:00,LONG,89484.7,89482.0,-3.0172755789537042e-05,-0.001430172755789537,-10.972839826675953,7661.414836596596,5m
2026-01-24 15:45:00+00:00,2026-01-24 15:50:00+00:00,2026-01-24 15:50:00+00:00,LONG,89362.7,89300.0,-0.0007016350222184276,-0.0021016350222184278,-16.10149774033528,7645.31333885626,5m
2026-01-24 16:20:00+00:00,2026-01-24 16:25:00+00:00,2026-01-24 16:25:00+00:00,LONG,89229.2,89267.7,0.00043147310521662874,-0.0009685268947833712,-7.404691587728342,7637.908647268532,5m
2026-01-25 06:15:00+00:00,2026-01-25 06:20:00+00:00,2026-01-25 06:20:00+00:00,LONG,88743.3,88831.7,0.0009961315389441783,-0.0004038684610558217,-3.084710411057295,7634.823936857475,5m
2026-01-25 15:55:00+00:00,2026-01-25 16:00:00+00:00,2026-01-25 16:00:00+00:00,LONG,88456.1,88278.0,-0.002013428129885919,-0.0034134281298859193,-26.06092279279566,7608.76301406468,5m
2026-01-25 16:25:00+00:00,2026-01-25 16:30:00+00:00,2026-01-25 16:30:00+00:00,LONG,88044.7,87830.6,-0.002431719342561145,-0.003831719342561145,-29.154644413955474,7579.608369650724,5m
2026-01-26 01:45:00+00:00,2026-01-26 01:50:00+00:00,2026-01-26 01:50:00+00:00,SHORT,87543.0,87587.0,-0.000502357655816521,-0.001902357655816521,-14.419126010096035,7565.189243640628,5m
2026-01-27 09:35:00+00:00,2026-01-27 09:40:00+00:00,2026-01-27 09:40:00+00:00,LONG,88049.0,88026.0,-0.0002612181853286488,-0.0016612181853286488,-12.567429946988497,7552.6218136936395,5m
2026-01-28 12:00:00+00:00,2026-01-28 12:05:00+00:00,2026-01-28 12:05:00+00:00,SHORT,89934.0,90037.6,-0.001150630403298214,-0.002550630403298214,-19.263946822620298,7533.357866871019,5m
2026-01-28 12:10:00+00:00,2026-01-28 12:15:00+00:00,2026-01-28 12:15:00+00:00,SHORT,89929.3,89864.1,0.0007255400098593601,-0.0006744599901406399,-5.08094847261574,7528.276918398403,5m
2026-01-28 15:15:00+00:00,2026-01-28 15:20:00+00:00,2026-01-28 15:20:00+00:00,LONG,89184.8,89196.0,0.00012558193772926884,-0.0012744180622707311,-9.594172082582764,7518.68274631582,5m
2026-01-30 14:45:00+00:00,2026-01-30 14:50:00+00:00,2026-01-30 14:50:00+00:00,SHORT,83519.3,83147.1,0.00447640386736281,0.00307640386736281,23.130504678240023,7541.81325099406,5m
2026-01-31 07:40:00+00:00,2026-01-31 07:45:00+00:00,2026-01-31 07:45:00+00:00,LONG,83485.2,83538.0,0.0006324474278076586,-0.0007675525721923414,-5.788738159794775,7536.024512834265,5m
2026-01-31 18:45:00+00:00,2026-01-31 18:50:00+00:00,2026-01-31 18:50:00+00:00,LONG,78009.0,77919.0,-0.0011537130331115142,-0.0025537130331115144,-19.24484401627271,7516.779668817992,5m
2026-02-01 07:05:00+00:00,2026-02-01 07:10:00+00:00,2026-02-01 07:10:00+00:00,LONG,78245.0,78122.4,-0.0015668732826379372,-0.0029668732826379374,-22.301332770892145,7494.4783360471,5m
2026-02-01 14:40:00+00:00,2026-02-01 14:45:00+00:00,2026-02-01 14:45:00+00:00,LONG,77898.1,78089.6,0.0024583398054638383,0.0010583398054638384,7.931704744225039,7502.410040791325,5m
2026-02-01 20:05:00+00:00,2026-02-01 20:10:00+00:00,2026-02-01 20:10:00+00:00,LONG,77174.9,77199.9,0.00032393951919607034,-0.0010760604808039297,-8.073046955682143,7494.336993835643,5m
2026-02-02 03:45:00+00:00,2026-02-02 03:50:00+00:00,2026-02-02 03:50:00+00:00,LONG,75922.0,76018.0,0.0012644556255103634,-0.0001355443744896366,-1.0158152200439956,7493.321178615599,5m
2026-02-03 15:00:00+00:00,2026-02-03 15:05:00+00:00,2026-02-03 15:05:00+00:00,LONG,77420.0,77632.9,0.0027499354172046964,0.0013499354172046964,10.115499651503235,7503.436678267102,5m
2026-02-03 19:10:00+00:00,2026-02-03 19:15:00+00:00,2026-02-03 19:15:00+00:00,LONG,74583.3,75009.9,0.005719779092638655,0.004319779092638655,32.413188885716266,7535.849867152819,5m
2026-02-04 21:50:00+00:00,2026-02-04 21:55:00+00:00,2026-02-04 21:55:00+00:00,LONG,72420.1,72809.0,0.005370056103208842,0.003970056103208842,29.91774675795559,7565.767613910774,5m
2026-02-05 11:30:00+00:00,2026-02-05 11:35:00+00:00,2026-02-05 11:35:00+00:00,LONG,70208.0,70572.3,0.005188867365542471,0.003788867365542471,28.66569000762466,7594.433303918399,5m
2026-02-05 20:55:00+00:00,2026-02-05 21:00:00+00:00,2026-02-05 21:00:00+00:00,LONG,63774.9,64400.2,0.009804797812305477,0.008404797812305477,63.82967641847321,7658.262980336873,5m
2026-02-06 23:05:00+00:00,2026-02-06 23:10:00+00:00,2026-02-06 23:10:00+00:00,SHORT,71400.0,71114.9,0.004009005145194644,0.002609005145194644,19.98044751895257,7678.243427855825,5m
2026-02-07 04:25:00+00:00,2026-02-07 04:30:00+00:00,2026-02-07 04:30:00+00:00,SHORT,71152.9,71158.8,-8.291314637132174e-05,-0.0014829131463713217,-11.386168120206603,7666.857259735618,5m
2026-02-07 07:40:00+00:00,2026-02-07 07:45:00+00:00,2026-02-07 07:45:00+00:00,LONG,68493.0,68188.9,-0.0044398697677136,-0.0058398697677136,-44.773447924505575,7622.083811811112,5m
2026-02-07 12:20:00+00:00,2026-02-07 12:25:00+00:00,2026-02-07 12:25:00+00:00,SHORT,69264.4,69321.2,-0.0008193741597087856,-0.0022193741597087858,-16.916255855068226,7605.167555956044,5m
2026-02-07 23:10:00+00:00,2026-02-07 23:15:00+00:00,2026-02-07 23:15:00+00:00,LONG,69068.1,68932.2,-0.001967623258783857,-0.0033676232587838573,-25.61133914838596,7579.5562168076585,5m
2026-02-08 23:10:00+00:00,2026-02-08 23:15:00+00:00,2026-02-08 23:15:00+00:00,SHORT,71363.1,71242.0,0.0016998399820331578,0.0002998399820331578,2.2726539998669177,7581.828870807525,5m
2026-02-09 03:55:00+00:00,2026-02-09 04:00:00+00:00,2026-02-09 04:00:00+00:00,SHORT,71305.4,71148.1,0.0022108812463015326,0.0008108812463015326,6.147962844005348,7587.976833651531,5m
2026-02-09 10:50:00+00:00,2026-02-09 10:55:00+00:00,2026-02-09 10:55:00+00:00,LONG,68768.0,68739.5,-0.0004144369474173848,-0.0018144369474173848,-13.767905523124517,7574.208928128406,5m
2026-02-10 06:55:00+00:00,2026-02-10 07:00:00+00:00,2026-02-10 07:00:00+00:00,LONG,68919.0,69148.0,0.0033227411889318326,0.0019227411889318326,14.563243479687713,7588.772171608094,5m
2026-02-10 14:20:00+00:00,2026-02-10 14:25:00+00:00,2026-02-10 14:25:00+00:00,SHORT,69313.9,69216.6,0.0014057321509577392,5.732150957739194e-06,0.04349998767154788,7588.815671595766,5m
2026-02-11 03:20:00+00:00,2026-02-11 03:25:00+00:00,2026-02-11 03:25:00+00:00,LONG,68247.2,68290.1,0.0006285972171753418,-0.0007714027828246582,-5.854033527412351,7582.961638068354,5m
2026-02-11 15:10:00+00:00,2026-02-11 15:15:00+00:00,2026-02-11 15:15:00+00:00,LONG,66107.2,66233.9,0.0019165839726988931,0.0005165839726988931,3.9172364478166566,7586.87887451617,5m
2026-02-11 21:30:00+00:00,2026-02-11 21:35:00+00:00,2026-02-11 21:35:00+00:00,SHORT,68102.0,68148.4,-0.0006808670489695245,-0.0020808670489695247,-15.787286254503693,7571.091588261666,5m
2026-02-12 05:00:00+00:00,2026-02-12 05:05:00+00:00,2026-02-12 05:05:00+00:00,LONG,67171.0,67015.5,-0.0023149871224189544,-0.0037149871224189546,-28.12650775304656,7542.965080508619,5m
2026-02-12 23:10:00+00:00,2026-02-12 23:15:00+00:00,2026-02-12 23:15:00+00:00,SHORT,66308.5,66352.5,-0.0006631249764514902,-0.0020631249764514904,-15.56207965409876,7527.4030008545205,5m
2026-02-14 21:20:00+00:00,2026-02-14 21:25:00+00:00,2026-02-14 21:25:00+00:00,SHORT,70035.0,70000.1,0.0004985707163274178,-0.0009014292836725822,-6.785421494975136,7520.617579359546,5m
2026-02-15 07:20:00+00:00,2026-02-15 07:25:00+00:00,2026-02-15 07:25:00+00:00,SHORT,70647.0,70663.0,-0.00022642684290219428,-0.0016264268429021943,-12.231734306272488,7508.385845053273,5m
2026-02-16 09:40:00+00:00,2026-02-16 09:45:00+00:00,2026-02-16 09:45:00+00:00,SHORT,69026.2,68980.0,0.0006697593505362587,-0.0007302406494637413,-5.4829285559160645,7502.902916497357,5m
2026-02-16 21:00:00+00:00,2026-02-16 21:05:00+00:00,2026-02-16 21:05:00+00:00,SHORT,68452.4,68524.1,-0.001046347197555475,-0.002446347197555475,-18.354705523304112,7484.548210974053,5m
2026-02-17 15:00:00+00:00,2026-02-17 15:05:00+00:00,2026-02-17 15:05:00+00:00,LONG,67100.6,67031.3,-0.0010327776502744301,-0.0024327776502744303,-18.208241610059147,7466.339969363994,5m
2026-02-18 01:40:00+00:00,2026-02-18 01:45:00+00:00,2026-02-18 01:45:00+00:00,LONG,67175.0,67112.0,-0.000937848902121341,-0.002337848902121341,-17.455174700242303,7448.884794663752,5m
2026-02-18 04:55:00+00:00,2026-02-18 05:00:00+00:00,2026-02-18 05:00:00+00:00,SHORT,67823.0,67769.9,0.0007835336926866887,-0.0006164663073133113,-4.591986502968636,7444.292808160783,5m
2026-02-18 10:45:00+00:00,2026-02-18 10:50:00+00:00,2026-02-18 10:50:00+00:00,LONG,67814.5,67843.5,0.00042763715724514206,-0.0009723628427548579,-7.238553717242763,7437.05425444354,5m
2026-02-18 13:55:00+00:00,2026-02-18 14:00:00+00:00,2026-02-18 14:00:00+00:00,LONG,67241.0,67308.8,0.001008313380229442,-0.00039168661977055804,-2.912994641973238,7434.141259801567,5m
2026-02-18 14:50:00+00:00,2026-02-18 14:55:00+00:00,2026-02-18 14:55:00+00:00,LONG,67213.1,67229.3,0.0002410244431516606,-0.0011589755568483394,-8.615988006267736,7425.525271795299,5m
2026-02-18 18:45:00+00:00,2026-02-18 18:50:00+00:00,2026-02-18 18:50:00+00:00,LONG,66521.9,66410.0,-0.0016821527947937787,-0.003082152794793779,-22.886603469275716,7402.638668326023,5m
2026-02-19 06:30:00+00:00,2026-02-19 06:35:00+00:00,2026-02-19 06:35:00+00:00,SHORT,67137.0,67143.9,-0.00010276436131939626,-0.0015027643613193962,-11.124421570485223,7391.514246755538,5m
2026-02-19 12:05:00+00:00,2026-02-19 12:10:00+00:00,2026-02-19 12:10:00+00:00,LONG,66541.0,66576.0,0.0005259914939661492,-0.0008740085060338508,-6.460246324134731,7385.054000431403,5m
2026-02-20 09:05:00+00:00,2026-02-20 09:10:00+00:00,2026-02-20 09:10:00+00:00,SHORT,68127.1,68133.4,-9.246566294929259e-05,-0.0014924656629492926,-11.02193951467018,7374.032060916733,5m
2026-02-20 13:40:00+00:00,2026-02-20 13:45:00+00:00,2026-02-20 13:45:00+00:00,LONG,66636.1,66792.1,0.0023410733821456198,0.0009410733821456198,6.939505291617145,7380.97156620835,5m
2026-02-21 09:00:00+00:00,2026-02-21 09:05:00+00:00,2026-02-21 09:05:00+00:00,SHORT,68034.1,67978.0,0.0008252669981465566,-0.0005747330018534434,-4.2420879448418365,7376.729478263508,5m
2026-02-21 09:30:00+00:00,2026-02-21 09:35:00+00:00,2026-02-21 09:35:00+00:00,SHORT,68207.9,68223.9,-0.000234521919737829,-0.001634521919737829,-12.057426028197902,7364.67205223531,5m
2026-02-23 06:40:00+00:00,2026-02-23 06:45:00+00:00,2026-02-23 06:45:00+00:00,SHORT,65538.1,65665.0,-0.0019325363587907596,-0.0033325363587907598,-24.543037384644332,7340.129014850665,5m
2026-02-23 07:05:00+00:00,2026-02-23 07:10:00+00:00,2026-02-23 07:10:00+00:00,SHORT,65742.0,65792.0,-0.0007599708171206476,-0.002159970817120648,-15.854464465977967,7324.274550384687,5m
2026-02-24 01:20:00+00:00,2026-02-24 01:25:00+00:00,2026-02-24 01:25:00+00:00,LONG,64243.9,64432.3,0.0029325741432260077,0.0015325741432260077,11.224993793807865,7335.499544178495,5m
2026-02-24 04:20:00+00:00,2026-02-24 04:25:00+00:00,2026-02-24 04:25:00+00:00,LONG,63285.9,63225.8,-0.0009496586127399897,-0.00234965861273999,-17.23591968272927,7318.263624495766,5m
2026-02-24 13:35:00+00:00,2026-02-24 13:40:00+00:00,2026-02-24 13:40:00+00:00,LONG,62963.1,62932.9,-0.0004796460148880355,-0.0018796460148880355,-13.755745057683537,7304.507879438082,5m
2026-02-25 13:50:00+00:00,2026-02-25 13:55:00+00:00,2026-02-25 13:55:00+00:00,SHORT,66293.4,66235.9,0.0008681092881654973,-0.0005318907118345027,-3.8851998955950555,7300.622679542487,5m
2026-02-27 17:30:00+00:00,2026-02-27 17:35:00+00:00,2026-02-27 17:35:00+00:00,LONG,65299.0,65410.2,0.0017029357264275458,0.0003029357264275458,2.2116194348006193,7302.834298977288,5m
2026-02-27 22:35:00+00:00,2026-02-27 22:40:00+00:00,2026-02-27 22:40:00+00:00,LONG,65281.0,65600.8,0.0048988220155941065,0.0034988220155941063,25.551317421497487,7328.385616398786,5m
2026-02-28 14:00:00+00:00,2026-02-28 14:05:00+00:00,2026-02-28 14:05:00+00:00,SHORT,64808.6,64918.0,-0.0016852028713145728,-0.003085202871314573,-22.60955634581395,7305.776060052972,5m
2026-02-28 19:40:00+00:00,2026-02-28 19:45:00+00:00,2026-02-28 19:45:00+00:00,SHORT,66380.0,66537.7,-0.0023700849292956905,-0.0037700849292956907,-27.54339622081496,7278.2326638321565,5m
2026-03-01 02:05:00+00:00,2026-03-01 02:10:00+00:00,2026-03-01 02:10:00+00:00,SHORT,67770.1,67889.0,-0.0017513882956000648,-0.003151388295600065,-22.93653722945474,7255.296126602701,5m
2026-03-01 13:55:00+00:00,2026-03-01 14:00:00+00:00,2026-03-01 14:00:00+00:00,SHORT,66948.1,66986.3,-0.0005702658603325972,-0.0019702658603325974,-14.294862264848632,7241.001264337853,5m
2026-03-02 00:45:00+00:00,2026-03-02 00:50:00+00:00,2026-03-02 00:50:00+00:00,SHORT,66575.0,66561.5,0.0002028199484687132,-0.0011971800515312868,-8.668782266778104,7232.332482071075,5m
2026-03-03 16:30:00+00:00,2026-03-03 16:35:00+00:00,2026-03-03 16:35:00+00:00,SHORT,68363.7,67849.4,0.007580022815234955,0.0061800228152349545,44.69597974656409,7277.028461817639,5m
2026-03-04 03:35:00+00:00,2026-03-04 03:40:00+00:00,2026-03-04 03:40:00+00:00,LONG,67631.3,67574.0,-0.0008472408485420413,-0.0022472408485420415,-16.353235615399658,7260.675226202239,5m
2026-03-04 14:35:00+00:00,2026-03-04 14:40:00+00:00,2026-03-04 14:40:00+00:00,SHORT,71906.8,71430.6,0.0066666106682569115,0.005266610668256911,38.23914960506538,7298.914375807304,5m
2026-03-04 23:35:00+00:00,2026-03-04 23:40:00+00:00,2026-03-04 23:40:00+00:00,LONG,72701.1,72753.0,0.0007138819082517234,-0.0006861180917482766,-5.007917203362971,7293.906458603941,5m
2026-03-06 01:30:00+00:00,2026-03-06 01:35:00+00:00,2026-03-06 01:35:00+00:00,LONG,70849.5,70999.4,0.0021157524047452636,0.0007157524047452636,5.22063108773278,7299.127089691674,5m
2026-03-06 04:55:00+00:00,2026-03-06 05:00:00+00:00,2026-03-06 05:00:00+00:00,LONG,70622.6,70632.1,0.00013451784556228752,-0.0012654821544377125,-9.23691507497769,7289.890174616697,5m
2026-03-06 12:15:00+00:00,2026-03-06 12:20:00+00:00,2026-03-06 12:20:00+00:00,LONG,70180.0,70105.7,-0.0010587061840980905,-0.0024587061840980907,-17.923698053725982,7271.9664765629705,5m
2026-03-07 03:15:00+00:00,2026-03-07 03:20:00+00:00,2026-03-07 03:20:00+00:00,SHORT,68334.7,68291.5,0.0006325823858019941,-0.0007674176141980059,-5.5806351639718335,7266.385841398998,5m
2026-03-07 14:10:00+00:00,2026-03-07 14:15:00+00:00,2026-03-07 14:15:00+00:00,LONG,67750.1,67785.0,0.0005151283909543558,-0.0008848716090456442,-6.4298185314252185,7259.956022867573,5m
2026-03-08 09:35:00+00:00,2026-03-08 09:40:00+00:00,2026-03-08 09:40:00+00:00,SHORT,67754.9,67745.2,0.00014318357610565435,-0.0012568164238943456,-9.124431966290638,7250.831590901282,5m
2026-03-08 10:35:00+00:00,2026-03-08 10:40:00+00:00,2026-03-08 10:40:00+00:00,SHORT,67961.6,67970.4,-0.0001294681214173421,-0.001529468121417342,-11.0899157720493,7239.741675129232,5m
2026-03-08 12:15:00+00:00,2026-03-08 12:20:00+00:00,2026-03-08 12:20:00+00:00,LONG,67150.0,67296.4,0.00218019359642585,0.0007801935964258501,5.6484000947131845,7245.390075223945,5m
2026-03-09 05:50:00+00:00,2026-03-09 05:55:00+00:00,2026-03-09 05:55:00+00:00,SHORT,67838.1,67913.0,-0.0011028816279651243,-0.0025028816279651245,-18.134353706718866,7227.255721517226,5m
2026-03-09 13:35:00+00:00,2026-03-09 13:40:00+00:00,2026-03-09 13:40:00+00:00,SHORT,68732.9,69227.4,-0.007143125409881046,-0.008543125409881046,-61.743351998201994,7165.512369519024,5m
2026-03-09 13:45:00+00:00,2026-03-09 13:50:00+00:00,2026-03-09 13:50:00+00:00,SHORT,68945.2,68884.3,0.0008840911499425896,-0.0005159088500574103,-3.6967512466307095,7161.815618272393,5m
2026-03-09 19:30:00+00:00,2026-03-09 19:35:00+00:00,2026-03-09 19:35:00+00:00,SHORT,69188.0,69065.8,0.001769327221287531,0.0003693272212875311,2.645053461670184,7164.460671734064,5m
2026-03-10 00:50:00+00:00,2026-03-10 00:55:00+00:00,2026-03-10 00:55:00+00:00,SHORT,69082.0,69157.8,-0.0010960441193907933,-0.0024960441193907935,-17.882809928288424,7146.577861805776,5m
2026-03-10 03:00:00+00:00,2026-03-10 03:05:00+00:00,2026-03-10 03:05:00+00:00,SHORT,70053.9,70161.2,-0.0015293353021328393,-0.0029293353021328395,-20.934722820028686,7125.643138985747,5m
2026-03-10 13:40:00+00:00,2026-03-10 13:45:00+00:00,2026-03-10 13:45:00+00:00,LONG,69922.9,70172.1,0.003563925409272306,0.002163925409272306,15.419360245858131,7141.062499231605,5m
2026-03-10 14:15:00+00:00,2026-03-10 14:20:00+00:00,2026-03-10 14:20:00+00:00,LONG,69599.3,69731.1,0.0018936972067247204,0.0004936972067247204,3.5255226089172944,7144.588021840523,5m
2026-03-10 18:20:00+00:00,2026-03-10 18:25:00+00:00,2026-03-10 18:25:00+00:00,LONG,70325.6,70313.0,-0.00017916661926820066,-0.0015791666192682006,-11.282494912513979,7133.3055269280085,5m
2026-03-12 07:55:00+00:00,2026-03-12 08:00:00+00:00,2026-03-12 08:00:00+00:00,SHORT,69829.2,69883.5,-0.0007770074481101563,-0.0021770074481101565,-15.529259261767619,7117.7762676662405,5m
2026-03-12 08:05:00+00:00,2026-03-12 08:10:00+00:00,2026-03-12 08:10:00+00:00,SHORT,69744.9,69771.6,-0.0003826771924394512,-0.0017826771924394512,-12.68869741325541,7105.087570252985,5m
2026-03-12 09:45:00+00:00,2026-03-12 09:50:00+00:00,2026-03-12 09:50:00+00:00,SHORT,69939.3,69972.0,-0.0004673297890583905,-0.0018673297890583905,-13.267541673801897,7091.820028579183,5m
2026-03-12 11:45:00+00:00,2026-03-12 11:50:00+00:00,2026-03-12 11:50:00+00:00,SHORT,70619.2,70419.0,0.002842982717732312,0.001442982717732312,10.23337373850763,7102.053402317691,5m
2026-03-12 23:20:00+00:00,2026-03-12 23:25:00+00:00,2026-03-12 23:25:00+00:00,SHORT,70543.1,70540.0,4.3946696909547e-05,-0.001356053303090453,-9.630762974937694,7092.4226393427525,5m
2026-03-13 10:20:00+00:00,2026-03-13 10:25:00+00:00,2026-03-13 10:25:00+00:00,SHORT,72306.2,72355.9,-0.0006868824795213113,-0.0020868824795213115,-14.801052543404689,7077.621586799348,5m
2026-03-13 13:55:00+00:00,2026-03-13 14:00:00+00:00,2026-03-13 14:00:00+00:00,SHORT,73374.8,73369.9,6.678488044831177e-05,-0.0013332151195516882,-9.435992109986302,7068.185594689361,5m
2026-03-13 18:10:00+00:00,2026-03-13 18:15:00+00:00,2026-03-13 18:15:00+00:00,LONG,71209.0,71030.2,-0.002510918563664699,-0.003910918563664699,-27.643098253698035,7040.542496435663,5m
2026-03-14 00:50:00+00:00,2026-03-14 00:55:00+00:00,2026-03-14 00:55:00+00:00,LONG,70652.1,70635.8,-0.00023070793366375408,-0.001630707933663754,-11.481068506234449,7029.061427929429,5m
2026-03-14 06:45:00+00:00,2026-03-14 06:50:00+00:00,2026-03-14 06:50:00+00:00,LONG,70635.5,70619.9,-0.00022085212110067864,-0.0016208521211006786,-11.39306912480638,7017.668358804623,5m
2026-03-15 00:00:00+00:00,2026-03-15 00:05:00+00:00,2026-03-15 00:05:00+00:00,SHORT,71115.9,71059.0,0.0008007430445122754,-0.0005992569554877246,-4.205386575319795,7013.462972229303,5m
2026-03-15 02:50:00+00:00,2026-03-15 02:55:00+00:00,2026-03-15 02:55:00+00:00,SHORT,71421.3,71450.1,-0.00040307851213650103,-0.001803078512136501,-12.645824380891654,7000.817147848411,5m
2026-03-15 13:10:00+00:00,2026-03-15 13:15:00+00:00,2026-03-15 13:15:00+00:00,LONG,71443.9,71331.9,-0.0015676635793958615,-0.0029676635793958617,-20.776070075679744,6980.041077772731,5m
2026-03-15 13:20:00+00:00,2026-03-15 13:25:00+00:00,2026-03-15 13:25:00+00:00,LONG,71407.0,71521.8,0.0016076855210274132,0.00020768552102741326,1.4496534680299769,6981.490731240761,5m
2026-03-15 20:45:00+00:00,2026-03-15 20:50:00+00:00,2026-03-15 20:50:00+00:00,SHORT,71792.0,71772.9,0.00026611715563951144,-0.0011338828443604885,-7.916192568215662,6973.574538672546,5m
2026-03-15 23:20:00+00:00,2026-03-15 23:25:00+00:00,2026-03-15 23:25:00+00:00,SHORT,72584.0,72476.1,0.0014887666416927292,8.876664169272922e-05,0.6190207923918853,6974.193559464938,5m
2026-03-16 08:45:00+00:00,2026-03-16 08:50:00+00:00,2026-03-16 08:50:00+00:00,LONG,73086.9,73179.1,0.001261511980943375,-0.00013848801905662496,-0.9658422505677714,6973.2277172143695,5m
2026-03-16 13:40:00+00:00,2026-03-16 13:45:00+00:00,2026-03-16 13:45:00+00:00,SHORT,74075.1,74184.0,-0.0014679715302490237,-0.002867971530249024,-19.999018566914202,6953.2286986474555,5m
2026-03-17 00:15:00+00:00,2026-03-17 00:20:00+00:00,2026-03-17 00:20:00+00:00,SHORT,75234.5,74962.6,0.0036271420681779354,0.002227142068177935,15.485828144419868,6968.714526791875,5m
2026-03-17 03:55:00+00:00,2026-03-17 04:00:00+00:00,2026-03-17 04:00:00+00:00,LONG,74465.7,74499.5,0.0004539002520624891,-0.0009460997479375109,-6.593099057246263,6962.121427734629,5m
2026-03-17 10:15:00+00:00,2026-03-17 10:20:00+00:00,2026-03-17 10:20:00+00:00,LONG,73753.0,73752.0,-1.355877049069587e-05,-0.0014135587704906959,-9.84136780539549,6952.280059929233,5m
2026-03-17 15:05:00+00:00,2026-03-17 15:10:00+00:00,2026-03-17 15:10:00+00:00,SHORT,74365.9,74115.9,0.0033730953816928366,0.0019730953816928364,13.717511678481566,6965.997571607715,5m
2026-03-17 22:40:00+00:00,2026-03-17 22:45:00+00:00,2026-03-17 22:45:00+00:00,LONG,74163.0,74208.0,0.0006067715707294141,-0.0007932284292705859,-5.525627312029103,6960.471944295686,5m
2026-03-17 23:45:00+00:00,2026-03-17 23:50:00+00:00,2026-03-17 23:50:00+00:00,LONG,74040.4,73961.2,-0.0010696862793825312,-0.0024696862793825314,-17.190182058854106,6943.281762236832,5m
2026-03-18 03:35:00+00:00,2026-03-18 03:40:00+00:00,2026-03-18 03:40:00+00:00,SHORT,74473.9,74483.6,-0.00013023001036482906,-0.001530230010364829,-10.624818122993595,6932.656944113838,5m
2026-03-18 14:30:00+00:00,2026-03-18 14:35:00+00:00,2026-03-18 14:35:00+00:00,LONG,71719.4,71642.0,-0.0010792059052361358,-0.002479205905236136,-17.18748403482333,6915.469460079014,5m
2026-03-18 15:05:00+00:00,2026-03-18 15:10:00+00:00,2026-03-18 15:10:00+00:00,LONG,71338.2,71073.0,-0.003717503385282983,-0.005117503385282983,-35.38993837277544,6880.079521706239,5m
2026-03-18 20:10:00+00:00,2026-03-18 20:15:00+00:00,2026-03-18 20:15:00+00:00,LONG,70752.0,70786.0,0.0004805517865218434,-0.0009194482134781566,-6.325876824820451,6873.753644881418,5m
2026-03-19 03:20:00+00:00,2026-03-19 03:25:00+00:00,2026-03-19 03:25:00+00:00,SHORT,71498.0,71500.1,-2.9370588292998434e-05,-0.0014293705882929984,-9.825141291165295,6863.928503590253,5m
2026-03-19 07:30:00+00:00,2026-03-19 07:35:00+00:00,2026-03-19 07:35:00+00:00,LONG,69975.9,70192.8,0.003099638589857401,0.0016996385898574008,11.666197762724158,6875.594701352978,5m
2026-03-19 13:00:00+00:00,2026-03-19 13:05:00+00:00,2026-03-19 13:05:00+00:00,LONG,69431.8,69398.1,-0.0004853683758738736,-0.0018853683758738736,-12.963028815256875,6862.631672537721,5m
2026-03-19 13:15:00+00:00,2026-03-19 13:20:00+00:00,2026-03-19 13:20:00+00:00,LONG,69334.3,69326.0,-0.0001197098694297738,-0.0015197098694297738,-10.42920908301693,6852.202463454704,5m
2026-03-20 04:15:00+00:00,2026-03-20 04:20:00+00:00,2026-03-20 04:20:00+00:00,SHORT,70851.0,70879.9,-0.00040773195221766034,-0.0018077319522176603,-12.386945336251634,6839.815518118453,5m
2026-03-20 04:30:00+00:00,2026-03-20 04:35:00+00:00,2026-03-20 04:35:00+00:00,SHORT,70653.4,70600.0,0.000756373937677024,-0.000643626062322976,-4.402283528942165,6835.4132345895105,5m
2026-03-22 07:45:00+00:00,2026-03-22 07:50:00+00:00,2026-03-22 07:50:00+00:00,LONG,69069.8,69002.8,-0.0009700332127789979,-0.002370033212778998,-16.20015638904626,6819.213078200464,5m
2026-03-22 21:20:00+00:00,2026-03-22 21:25:00+00:00,2026-03-22 21:25:00+00:00,LONG,67668.0,67808.1,0.002070402553644435,0.0006704025536444348,4.571617861471118,6823.784696061935,5m
2026-03-23 07:05:00+00:00,2026-03-23 07:10:00+00:00,2026-03-23 07:10:00+00:00,LONG,67763.9,67941.1,0.0026149616536239595,0.0012149616536239595,8.290636738301277,6832.0753328002365,5m
2026-03-24 14:50:00+00:00,2026-03-24 14:55:00+00:00,2026-03-24 14:55:00+00:00,LONG,69916.6,69876.0,-0.0005806918528648009,-0.001980691852864801,-13.532235949836004,6818.543096850401,5m
2026-03-24 16:40:00+00:00,2026-03-24 16:45:00+00:00,2026-03-24 16:45:00+00:00,LONG,69574.3,69513.0,-0.0008810724649763735,-0.0022810724649763737,-15.55359090948018,6802.98950594092,5m
2026-03-25 00:45:00+00:00,2026-03-25 00:50:00+00:00,2026-03-25 00:50:00+00:00,SHORT,70881.0,70876.0,7.05457418590516e-05,-0.0013294542581409484,-9.044263366761342,6793.945242574158,5m
2026-03-26 18:05:00+00:00,2026-03-26 18:10:00+00:00,2026-03-26 18:10:00+00:00,LONG,68484.9,68456.9,-0.0004088492499806362,-0.0018088492499806362,-12.289222756439777,6781.6560198177185,5m
2026-03-26 18:35:00+00:00,2026-03-26 18:40:00+00:00,2026-03-26 18:40:00+00:00,LONG,68326.9,68330.0,4.537012508998295e-05,-0.001354629874910017,-9.18663384580844,6772.46938597191,5m
2026-03-27 12:35:00+00:00,2026-03-27 12:40:00+00:00,2026-03-27 12:40:00+00:00,LONG,66595.8,66622.6,0.00040242778073085184,-0.0009975722192691481,-6.756027315296364,6765.713358656613,5m
2026-03-28 00:05:00+00:00,2026-03-28 00:10:00+00:00,2026-03-28 00:10:00+00:00,SHORT,66361.1,66307.0,0.0008159017901578913,-0.0005840982098421087,-3.951841061096168,6761.761517595517,5m
2026-03-28 06:25:00+00:00,2026-03-28 06:30:00+00:00,2026-03-28 06:30:00+00:00,SHORT,66467.3,66456.5,0.0001625123200890144,-0.0012374876799109856,-8.367596572520661,6753.393921022996,5m
2026-03-28 15:25:00+00:00,2026-03-28 15:30:00+00:00,2026-03-28 15:30:00+00:00,SHORT,67030.1,67131.0,-0.0015030313863936273,-0.0029030313863936275,-19.605314517409685,6733.788606505586,5m
2026-03-28 22:15:00+00:00,2026-03-28 22:20:00+00:00,2026-03-28 22:20:00+00:00,LONG,66722.1,66768.8,0.0006999180181679332,-0.0007000819818320668,-4.714204072880622,6729.074402432706,5m
2026-03-29 11:45:00+00:00,2026-03-29 11:50:00+00:00,2026-03-29 11:50:00+00:00,SHORT,66829.5,66838.9,-0.00014063666517538653,-0.0015406366651753865,-10.36705874708098,6718.707343685625,5m
2026-03-30 05:10:00+00:00,2026-03-30 05:15:00+00:00,2026-03-30 05:15:00+00:00,SHORT,67641.1,67661.0,-0.0002941133001285179,-0.0016941133001285179,-11.382251470608963,6707.325092215016,5m
2026-03-31 00:50:00+00:00,2026-03-31 00:55:00+00:00,2026-03-31 00:55:00+00:00,SHORT,67143.7,67212.7,-0.0010265917006756498,-0.00242659170067565,-16.275939402502498,6691.049152812514,5m
2026-03-31 09:00:00+00:00,2026-03-31 09:05:00+00:00,2026-03-31 09:05:00+00:00,LONG,66855.0,66760.1,-0.001419489940916785,-0.002819489940916785,-18.86534578053466,6672.183807031979,5m
2026-03-31 14:05:00+00:00,2026-03-31 14:10:00+00:00,2026-03-31 14:10:00+00:00,SHORT,67181.5,67336.9,-0.0023077985473045626,-0.0037077985473045628,-24.7391134270622,6647.444693604917,5m
2026-03-31 17:15:00+00:00,2026-03-31 17:20:00+00:00,2026-03-31 17:20:00+00:00,SHORT,68247.8,68321.4,-0.0010772612973386497,-0.00247726129733865,-16.46745746566664,6630.977236139251,5m
2026-04-01 07:15:00+00:00,2026-04-01 07:20:00+00:00,2026-04-01 07:20:00+00:00,SHORT,69012.9,68888.6,0.0018043624053905027,0.00040436240539050276,2.6813179052949354,6633.658554044546,5m
2026-04-02 01:00:00+00:00,2026-04-02 01:05:00+00:00,2026-04-02 01:05:00+00:00,SHORT,68101.5,68165.4,-0.0009374257321161927,-0.002337425732116193,-15.505684202296418,6618.152869842249,5m
2026-04-02 04:25:00+00:00,2026-04-02 04:30:00+00:00,2026-04-02 04:30:00+00:00,LONG,66425.5,66414.7,-0.00016258816267855636,-0.0015625881626785563,-10.341447333212615,6607.811422509037,5m
2026-04-02 04:45:00+00:00,2026-04-02 04:50:00+00:00,2026-04-02 04:50:00+00:00,LONG,66346.1,66306.7,-0.0005938555544335866,-0.001993855554433587,-13.175021507419343,6594.636401001618,5m
2026-04-02 12:20:00+00:00,2026-04-02 12:25:00+00:00,2026-04-02 12:25:00+00:00,LONG,66120.6,66142.4,0.000329700577429648,-0.001070299422570352,-7.058235532053456,6587.578165469565,5m
2026-04-03 08:10:00+00:00,2026-04-03 08:15:00+00:00,2026-04-03 08:15:00+00:00,SHORT,67170.1,67159.9,0.00015187634287738838,-0.0012481236571226116,-8.222112151466938,6579.356053318098,5m
2026-04-04 06:55:00+00:00,2026-04-04 07:00:00+00:00,2026-04-04 07:00:00+00:00,SHORT,67009.3,67001.1,0.00012238605037828698,-0.001277613949621713,-8.405877073247261,6570.950176244851,5m
2026-04-04 15:20:00+00:00,2026-04-04 15:25:00+00:00,2026-04-04 15:25:00+00:00,SHORT,67353.8,67329.5,0.00036091163605855847,-0.0010390883639414415,-6.827797868174989,6564.122378376675,5m
2026-04-05 01:45:00+00:00,2026-04-05 01:50:00+00:00,2026-04-05 01:50:00+00:00,LONG,67108.9,67108.7,-2.980230640048376e-06,-0.0014029802306400484,-9.20933392836441,6554.913044448311,5m
2026-04-05 06:30:00+00:00,2026-04-05 06:35:00+00:00,2026-04-05 06:35:00+00:00,LONG,66813.0,66817.5,6.73521620044859e-05,-0.001332647837995514,-8.735390696932635,6546.177653751378,5m
2026-04-05 22:50:00+00:00,2026-04-05 22:55:00+00:00,2026-04-05 22:55:00+00:00,SHORT,68080.0,68341.1,-0.003820541372614783,-0.005220541372614783,-34.17459127389544,6512.003062477483,5m
2026-04-07 09:10:00+00:00,2026-04-07 09:15:00+00:00,2026-04-07 09:15:00+00:00,SHORT,69099.8,69100.0,-2.894356005755938e-06,-0.001402894356005756,-9.135652342641858,6502.867410134841,5m
2026-04-07 09:45:00+00:00,2026-04-07 09:50:00+00:00,2026-04-07 09:50:00+00:00,SHORT,69169.9,69151.0,0.0002733149195237594,-0.0011266850804762406,-7.326683691314095,6495.540726443526,5m
2026-04-07 14:20:00+00:00,2026-04-07 14:25:00+00:00,2026-04-07 14:25:00+00:00,LONG,68089.7,68149.9,0.0008841278489990501,-0.0005158721510009499,-3.350868566464695,6492.1898578770615,5m
2026-04-08 13:30:00+00:00,2026-04-08 13:35:00+00:00,2026-04-08 13:35:00+00:00,SHORT,72115.5,71782.9,0.004633415479174063,0.003233415479174063,20.99194718019655,6513.181805057258,5m
2026-04-09 08:45:00+00:00,2026-04-09 08:50:00+00:00,2026-04-09 08:50:00+00:00,SHORT,71260.5,71259.9,8.419882711052651e-06,-0.0013915801172889473,-9.063614300205817,6504.118190757053,5m
2026-04-09 13:55:00+00:00,2026-04-09 14:00:00+00:00,2026-04-09 14:00:00+00:00,LONG,70803.1,70785.3,-0.0002514014216892235,-0.0016514014216892235,-10.740910027050937,6493.377280730002,5m
2026-04-09 15:35:00+00:00,2026-04-09 15:40:00+00:00,2026-04-09 15:40:00+00:00,SHORT,71878.5,72076.3,-0.002744314011679294,-0.004144314011679294,-26.91059444764934,6466.466686282352,5m
2026-04-10 14:40:00+00:00,2026-04-10 14:45:00+00:00,2026-04-10 14:45:00+00:00,SHORT,72851.7,72719.6,0.0018165666477811815,0.0004165666477811815,2.6937143504933245,6469.160400632845,5m
2026-04-12 13:05:00+00:00,2026-04-12 13:10:00+00:00,2026-04-12 13:10:00+00:00,LONG,71119.2,70989.5,-0.0018236988042609203,-0.0032236988042609206,-20.8546246480922,6448.305775984753,5m
2026-04-13 07:35:00+00:00,2026-04-13 07:40:00+00:00,2026-04-13 07:40:00+00:00,LONG,70791.7,70778.1,-0.0001921129171921221,-0.001592112917192122,-10.266430919949896,6438.0393450648035,5m
2026-04-13 14:45:00+00:00,2026-04-13 14:50:00+00:00,2026-04-13 14:50:00+00:00,SHORT,71953.2,72040.2,-0.0012076590570264667,-0.002607659057026467,-16.78821160765098,6421.251133457153,5m
2026-04-13 15:00:00+00:00,2026-04-13 15:05:00+00:00,2026-04-13 15:05:00+00:00,SHORT,72067.6,71982.9,0.0011766683476215345,-0.0002233316523784655,-1.4340686259720803,6419.817064831181,5m
2026-04-14 07:10:00+00:00,2026-04-14 07:15:00+00:00,2026-04-14 07:15:00+00:00,SHORT,74780.1,74677.8,0.0013698850260719375,-3.011497392806247e-05,-0.19333262353032152,6419.62373220765,5m
2026-04-14 14:30:00+00:00,2026-04-14 14:35:00+00:00,2026-04-14 14:35:00+00:00,SHORT,75639.3,75413.8,0.002990168908077795,0.001590168908077795,10.208286060514938,6429.8320182681655,5m
2026-04-14 18:50:00+00:00,2026-04-14 18:55:00+00:00,2026-04-14 18:55:00+00:00,LONG,74093.3,74094.2,1.2146847285787743e-05,-0.0013878531527142122,-8.92366263797626,6420.908355630189,5m
2026-04-15 07:45:00+00:00,2026-04-15 07:50:00+00:00,2026-04-15 07:50:00+00:00,LONG,73695.6,73751.5,0.0007585256107556226,-0.0006414743892443773,-4.118848265821995,6416.789507364368,5m
2026-04-16 02:45:00+00:00,2026-04-16 02:50:00+00:00,2026-04-16 02:50:00+00:00,SHORT,74974.1,74892.6,0.0010882250048735997,-0.00031177499512640024,-2.000594517385662,6414.788912846982,5m
2026-04-16 07:55:00+00:00,2026-04-16 08:00:00+00:00,2026-04-16 08:00:00+00:00,LONG,74701.3,74618.2,-0.0011124304396309403,-0.0025124304396309406,-16.116710928443826,6398.672201918538,5m
2026-04-16 08:15:00+00:00,2026-04-16 08:20:00+00:00,2026-04-16 08:20:00+00:00,LONG,74632.5,74685.0,0.0007034468897597623,-0.0006965531102402377,-4.457015023654107,6394.215186894884,5m
2026-04-16 13:30:00+00:00,2026-04-16 13:35:00+00:00,2026-04-16 13:35:00+00:00,SHORT,74811.3,74616.3,0.002613370000924764,0.001213370000924764,7.7585488872357855,6401.97373578212,5m
2026-04-16 13:55:00+00:00,2026-04-16 14:00:00+00:00,2026-04-16 14:00:00+00:00,LONG,73791.7,73703.0,-0.001202032206874204,-0.002602032206874204,-16.658141848067842,6385.315593934051,5m
2026-04-17 08:35:00+00:00,2026-04-17 08:40:00+00:00,2026-04-17 08:40:00+00:00,SHORT,75253.0,75344.6,-0.0012157473793743545,-0.0026157473793743547,-16.702372531311195,6368.61322140274,5m
2026-04-17 13:25:00+00:00,2026-04-17 13:30:00+00:00,2026-04-17 13:30:00+00:00,SHORT,76589.4,76525.0,0.0008415550473701572,-0.0005584449526298428,-3.556519908744044,6365.056701493996,5m
2026-04-18 07:55:00+00:00,2026-04-18 08:00:00+00:00,2026-04-18 08:00:00+00:00,LONG,76986.6,77001.3,0.00019094231983229903,-0.001209057680167701,-7.69572068964421,6357.360980804352,5m
2026-04-18 08:15:00+00:00,2026-04-18 08:20:00+00:00,2026-04-18 08:20:00+00:00,LONG,76840.8,76687.5,-0.0019950338882469554,-0.0033950338882469556,-21.583455969649677,6335.7775248347025,5m
2026-04-18 10:10:00+00:00,2026-04-18 10:15:00+00:00,2026-04-18 10:15:00+00:00,LONG,76300.1,76365.4,0.0008558311194872825,-0.0005441688805127175,-3.447732962866936,6332.329791871835,5m
2026-04-19 07:40:00+00:00,2026-04-19 07:45:00+00:00,2026-04-19 07:45:00+00:00,LONG,75199.4,75171.8,-0.00036702420498024857,-0.0017670242049802486,-11.189380016155072,6321.14041185568,5m
2026-04-19 22:05:00+00:00,2026-04-19 22:10:00+00:00,2026-04-19 22:10:00+00:00,LONG,74187.9,74017.9,-0.002291478799103408,-0.0036914787991034082,-23.33435581652103,6297.80605603916,5m
2026-04-20 07:30:00+00:00,2026-04-20 07:35:00+00:00,2026-04-20 07:35:00+00:00,SHORT,75076.7,74938.0,0.0018508633803944186,0.00045086338039441857,2.8394501274942567,6300.645506166654,5m
2026-04-20 19:10:00+00:00,2026-04-20 19:15:00+00:00,2026-04-20 19:15:00+00:00,SHORT,76339.9,76231.8,0.001418043388716983,1.8043388716983003e-05,0.11368499603567707,6300.75919116269,5m
2026-04-22 23:25:00+00:00,2026-04-22 23:30:00+00:00,2026-04-22 23:30:00+00:00,LONG,78334.8,78247.4,-0.001115723790703571,-0.0025157237907035713,-15.85096979670217,6284.908221365988,5m
2026-04-23 00:15:00+00:00,2026-04-23 00:20:00+00:00,2026-04-23 00:20:00+00:00,LONG,78406.4,78250.2,-0.001992184311484735,-0.003392184311484735,-21.319567067639134,6263.588654298348,5m
2026-04-23 03:35:00+00:00,2026-04-23 03:40:00+00:00,2026-04-23 03:40:00+00:00,LONG,77629.6,77623.0,-8.501911641956017e-05,-0.0014850191164195602,-9.301548889021715,6254.287105409327,5m
2026-04-23 08:45:00+00:00,2026-04-23 08:50:00+00:00,2026-04-23 08:50:00+00:00,LONG,77808.7,77857.5,0.0006271792228889073,-0.0007728207771110927,-4.833443021078322,6249.453662388249,5m
2026-04-23 15:40:00+00:00,2026-04-23 15:45:00+00:00,2026-04-23 15:45:00+00:00,SHORT,78488.2,78383.1,0.001340850259813564,-5.914974018643589e-05,-0.36965356043743514,6249.084008827811,5m
2026-04-23 17:45:00+00:00,2026-04-23 17:50:00+00:00,2026-04-23 17:50:00+00:00,LONG,77307.6,77670.1,0.004689060325246075,0.0032890603252460748,20.553614282565245,6269.637623110376,5m
2026-04-24 22:55:00+00:00,2026-04-24 23:00:00+00:00,2026-04-24 23:00:00+00:00,LONG,77316.3,77338.2,0.0002832520438769137,-0.0011167479561230863,-7.001605001240917,6262.636018109135,5m
2026-04-25 10:40:00+00:00,2026-04-25 10:45:00+00:00,2026-04-25 10:45:00+00:00,SHORT,77808.0,77778.6,0.00037799600404220257,-0.0010220039959577974,-6.400439035736765,6256.235579073398,5m
2026-04-25 21:10:00+00:00,2026-04-25 21:15:00+00:00,2026-04-25 21:15:00+00:00,SHORT,77489.0,77487.9,1.4195764758140328e-05,-0.0013858042352418597,-8.669917762150723,6247.565661311248,5m
2026-04-26 13:05:00+00:00,2026-04-26 13:10:00+00:00,2026-04-26 13:10:00+00:00,LONG,77886.0,77888.4,3.0814267005574436e-05,-0.0013691857329944255,-8.554077769413244,6239.011583541835,5m
2026-04-26 19:00:00+00:00,2026-04-26 19:05:00+00:00,2026-04-26 19:05:00+00:00,SHORT,78209.5,78294.2,-0.0010818170439189645,-0.0024818170439189647,-15.484085285241974,6223.5274982565925,5m
2026-04-27 07:10:00+00:00,2026-04-27 07:15:00+00:00,2026-04-27 07:15:00+00:00,LONG,77657.5,77700.5,0.0005537134211119898,-0.0008462865788880101,-5.266887795115029,6218.260610461478,5m
2026-04-27 15:25:00+00:00,2026-04-27 15:30:00+00:00,2026-04-27 15:30:00+00:00,LONG,76850.0,77044.8,0.0025348080676643736,0.0011348080676643736,7.056532307591278,6225.3171427690695,5m
2026-04-28 11:55:00+00:00,2026-04-28 12:00:00+00:00,2026-04-28 12:00:00+00:00,LONG,76230.5,76205.7,-0.000325329100556937,-0.001725329100556937,-10.740720826615439,6214.576421942454,5m
2026-04-29 00:55:00+00:00,2026-04-29 01:00:00+00:00,2026-04-29 01:00:00+00:00,SHORT,76508.4,76534.3,-0.0003384103597995347,-0.0017384103597995347,-10.803484033670685,6203.772937908783,5m
2026-04-29 10:35:00+00:00,2026-04-29 10:40:00+00:00,2026-04-29 10:40:00+00:00,SHORT,77687.5,77566.9,0.0015547869000824832,0.00015478690008248323,0.9602627818745002,6204.733200690658,5m
2026-04-29 18:10:00+00:00,2026-04-29 18:15:00+00:00,2026-04-29 18:15:00+00:00,LONG,75189.2,75159.8,-0.0003910136030174094,-0.0017910136030174094,-11.112761565530718,6193.620439125128,5m
2026-04-30 13:45:00+00:00,2026-04-30 13:50:00+00:00,2026-04-30 13:50:00+00:00,SHORT,76462.0,76452.4,0.00012556832748233937,-0.0012744316725176606,-7.893346055173804,6185.727093069954,5m
2026-05-03 12:15:00+00:00,2026-05-03 12:20:00+00:00,2026-05-03 12:20:00+00:00,SHORT,78784.6,78785.3,-8.884906194439601e-06,-0.0014088849061944396,-8.714977535264266,6177.01211553469,5m
2026-05-04 10:30:00+00:00,2026-05-04 10:35:00+00:00,2026-05-04 10:35:00+00:00,LONG,78956.3,78943.6,-0.00016084846934316666,-0.0015608484693431666,-9.641379905646517,6167.370735629043,5m
2026-05-05 02:05:00+00:00,2026-05-05 02:10:00+00:00,2026-05-05 02:10:00+00:00,SHORT,80447.6,80458.7,-0.00013795897771140542,-0.0015379589777114054,-9.485163191735282,6157.885572437308,5m
2026-05-05 02:45:00+00:00,2026-05-05 02:50:00+00:00,2026-05-05 02:50:00+00:00,SHORT,80560.0,80543.0,0.00021106738015719273,-0.0011889326198428073,-7.321311026330114,6150.564261410977,5m
2026-05-05 05:25:00+00:00,2026-05-05 05:30:00+00:00,2026-05-05 05:30:00+00:00,SHORT,81051.5,81134.5,-0.0010229926849860682,-0.0024229926849860684,-14.902772213935538,6135.661489197042,5m
2026-05-05 12:45:00+00:00,2026-05-05 12:50:00+00:00,2026-05-05 12:50:00+00:00,SHORT,81237.6,81307.0,-0.0008535550444610518,-0.002253555044461052,-13.827050900085405,6121.834438296956,5m
2026-05-05 12:55:00+00:00,2026-05-05 13:00:00+00:00,2026-05-05 13:00:00+00:00,SHORT,81271.6,81469.8,-0.0024328033209851663,-0.0038328033209851665,-23.463787365625937,6098.370650931331,5m
2026-05-05 22:40:00+00:00,2026-05-05 22:45:00+00:00,2026-05-05 22:45:00+00:00,LONG,81023.4,81079.9,0.0006973294134779984,-0.0007026705865220016,-4.285145682118479,6094.0855052492125,5m
2026-05-07 13:50:00+00:00,2026-05-07 13:55:00+00:00,2026-05-07 13:55:00+00:00,LONG,80492.7,80502.2,0.00011802312507835921,-0.0012819768749216408,-7.812476691524654,6086.273028557688,5m
2026-05-08 07:15:00+00:00,2026-05-08 07:20:00+00:00,2026-05-08 07:20:00+00:00,LONG,79334.7,79282.9,-0.0006529299285180645,-0.0020529299285180647,-12.49469205345836,6073.77833650423,5m
2026-05-08 07:25:00+00:00,2026-05-08 07:30:00+00:00,2026-05-08 07:30:00+00:00,LONG,79345.3,79487.5,0.0017921666437710204,0.00039216664377102043,2.3819332652359955,6076.160269769465,5m
2026-05-10 20:50:00+00:00,2026-05-10 20:55:00+00:00,2026-05-10 20:55:00+00:00,LONG,80620.4,80733.3,0.0014003899757382143,3.899757382143463e-07,0.002369555086712029,6076.1626393245515,5m
2026-05-12 01:20:00+00:00,2026-05-12 01:25:00+00:00,2026-05-12 01:25:00+00:00,LONG,81406.3,81370.5,-0.00043976940359657934,-0.0018397694035965793,-11.178738115105947,6064.983901209445,5m
2026-05-12 01:40:00+00:00,2026-05-12 01:45:00+00:00,2026-05-12 01:45:00+00:00,LONG,81069.9,81159.2,0.0011015185660769866,-0.00029848143392301337,-1.810285091552987,6063.173616117892,5m
2026-05-12 07:05:00+00:00,2026-05-12 07:10:00+00:00,2026-05-12 07:10:00+00:00,LONG,80972.9,81071.6,0.0012189263321433774,-0.00018107366785662256,-1.0978810855219685,6062.07573503237,5m
2026-05-12 11:20:00+00:00,2026-05-12 11:25:00+00:00,2026-05-12 11:25:00+00:00,LONG,80588.6,80638.5,0.0006191942780988668,-0.0007808057219011331,-4.733303420511292,6057.342431611859,5m
2026-05-13 12:25:00+00:00,2026-05-13 12:30:00+00:00,2026-05-13 12:30:00+00:00,LONG,80360.0,80115.9,-0.003037580886013025,-0.004437580886013025,-26.879946994556445,6030.462484617303,5m
2026-05-13 12:40:00+00:00,2026-05-13 12:45:00+00:00,2026-05-13 12:45:00+00:00,LONG,80163.6,80240.0,0.0009530510106829926,-0.0004469489893170074,-2.695309112613833,6027.767175504689,5m
2026-05-15 13:10:00+00:00,2026-05-15 13:15:00+00:00,2026-05-15 13:15:00+00:00,LONG,80137.7,80141.9,5.240978964948795e-05,-0.001347590210350512,-8.122960035982276,6019.6442154687065,5m
2026-05-16 04:35:00+00:00,2026-05-16 04:40:00+00:00,2026-05-16 04:40:00+00:00,LONG,78958.2,79000.1,0.0005306605267092479,-0.0008693394732907521,-5.2331143316732875,6014.411101137033,5m
2026-05-16 07:25:00+00:00,2026-05-16 07:30:00+00:00,2026-05-16 07:30:00+00:00,LONG,78465.0,78459.9,-6.499713247953842e-05,-0.0014649971324795384,-8.811095016718857,6005.600006120314,5m
2026-05-17 05:10:00+00:00,2026-05-17 05:15:00+00:00,2026-05-17 05:15:00+00:00,SHORT,78241.0,78187.2,0.0006880921685390451,-0.0007119078314609549,-4.27543367697901,6001.324572443335,5m
2026-05-17 21:35:00+00:00,2026-05-17 21:40:00+00:00,2026-05-17 21:40:00+00:00,SHORT,78382.5,78421.3,-0.0004947635400076589,-0.0018947635400076589,-11.371090991617683,5989.9534814517165,5m
2026-05-18 12:00:00+00:00,2026-05-18 12:05:00+00:00,2026-05-18 12:05:00+00:00,SHORT,77284.8,77457.9,-0.0022347623676860495,-0.0036347623676860497,-21.77205749857074,5968.181423953146,5m
2026-05-18 12:25:00+00:00,2026-05-18 12:30:00+00:00,2026-05-18 12:30:00+00:00,SHORT,77344.4,77568.7,-0.002891630258080924,-0.004291630258080924,-25.613227984753816,5942.5681959683925,5m
2026-05-18 13:45:00+00:00,2026-05-18 13:50:00+00:00,2026-05-18 13:50:00+00:00,LONG,76922.0,77031.5,0.0014235199292789158,2.351992927891581e-05,0.1397687837043109,5942.707964752097,5m
2026-05-20 05:40:00+00:00,2026-05-20 05:45:00+00:00,2026-05-20 05:45:00+00:00,SHORT,77136.8,77184.8,-0.0006218841015329657,-0.002021884101532966,-12.015466753985594,5930.692497998111,5m
2026-05-20 08:40:00+00:00,2026-05-20 08:45:00+00:00,2026-05-20 08:45:00+00:00,SHORT,77524.4,77479.1,0.0005846738023542741,-0.0008153261976457259,-4.835448963798831,5925.857049034313,5m
2026-05-20 13:45:00+00:00,2026-05-20 13:50:00+00:00,2026-05-20 13:50:00+00:00,LONG,77190.0,77156.8,-0.0004301075268816623,-0.0018301075268816623,-10.844955588662451,5915.01209344565,5m
2026-05-20 22:10:00+00:00,2026-05-20 22:15:00+00:00,2026-05-20 22:15:00+00:00,LONG,77375.3,77242.0,-0.0017227719957144672,-0.0031227719957144674,-18.471234119724482,5896.540859325925,5m
2026-05-20 22:20:00+00:00,2026-05-20 22:25:00+00:00,2026-05-20 22:25:00+00:00,LONG,77362.2,77436.0,0.0009539542567300607,-0.00044604574326993925,-2.6301269503195988,5893.910732375606,5m
2026-05-21 08:15:00+00:00,2026-05-21 08:20:00+00:00,2026-05-21 08:20:00+00:00,SHORT,78027.7,78000.2,0.0003525631985559219,-0.001047436801444078,-6.173499005516429,5887.73723337009,5m
2026-05-21 13:50:00+00:00,2026-05-21 13:55:00+00:00,2026-05-21 13:55:00+00:00,LONG,77084.7,77128.8,0.0005720979649659341,-0.0008279020350340659,-4.874469637252938,5882.862763732836,5m
2026-05-21 17:55:00+00:00,2026-05-21 18:00:00+00:00,2026-05-21 18:00:00+00:00,SHORT,77871.1,77702.3,0.0021723938673630094,0.0007723938673630094,4.543887121245447,5887.406650854082,5m
2026-05-22 07:10:00+00:00,2026-05-22 07:15:00+00:00,2026-05-22 07:15:00+00:00,LONG,77376.2,77508.4,0.0017085356996078271,0.00030853569960782715,1.8164751298970387,5889.223125983979,5m
2026-05-23 07:35:00+00:00,2026-05-23 07:40:00+00:00,2026-05-23 07:40:00+00:00,LONG,75353.4,75298.0,-0.0007352023929908524,-0.0021352023929908526,-12.574683311458061,5876.648442672521,5m
2026-05-23 13:30:00+00:00,2026-05-23 13:35:00+00:00,2026-05-23 13:35:00+00:00,SHORT,74961.3,74934.7,0.0003549757322043323,-0.0010450242677956677,-6.141240235896402,5870.5072024366245,5m
2026-05-23 20:20:00+00:00,2026-05-23 20:25:00+00:00,2026-05-23 20:25:00+00:00,SHORT,76038.0,76000.0,0.0004999999999999449,-0.000900000000000055,-5.2834564821932855,5865.223745954431,5m
2026-05-24 13:55:00+00:00,2026-05-24 14:00:00+00:00,2026-05-24 14:00:00+00:00,LONG,76801.8,76737.0,-0.0008437302250728917,-0.002243730225072892,-13.159979795613207,5852.063766158818,5m
2026-05-24 14:20:00+00:00,2026-05-24 14:25:00+00:00,2026-05-24 14:25:00+00:00,LONG,76492.9,76420.1,-0.0009517223167115896,-0.0023517223167115898,-13.762428957694967,5838.301337201123,5m
2026-05-24 22:00:00+00:00,2026-05-24 22:05:00+00:00,2026-05-24 22:05:00+00:00,LONG,76598.8,76898.5,0.003912593930975428,0.0025125939309754274,14.669280507057264,5852.97061770818,5m
2026-05-25 05:15:00+00:00,2026-05-25 05:20:00+00:00,2026-05-25 05:20:00+00:00,SHORT,77412.3,77387.1,0.00032563566796017795,-0.001074364332039822,-6.288222868142753,5846.682394840037,5m
2026-05-25 09:35:00+00:00,2026-05-25 09:40:00+00:00,2026-05-25 09:40:00+00:00,SHORT,77595.7,77594.3,1.8042562404563256e-05,-0.0013819574375954367,-8.079866220807489,5838.60252861923,5m
2026-05-25 09:55:00+00:00,2026-05-25 10:00:00+00:00,2026-05-25 10:00:00+00:00,SHORT,77600.1,77561.1,0.0005028293822546548,-0.0008971706177453452,-5.238222637370849,5833.364305981859,5m
2026-05-25 15:10:00+00:00,2026-05-25 15:15:00+00:00,2026-05-25 15:15:00+00:00,SHORT,77712.1,77697.1,0.00019305739853869852,-0.0012069426014613015,-7.040535890733244,5826.323770091126,5m
2026-05-26 01:10:00+00:00,2026-05-26 01:15:00+00:00,2026-05-26 01:15:00+00:00,LONG,76841.2,76844.2,3.904155583200897e-05,-0.001360958444167991,-7.929384533362202,5818.394385557764,5m
2026-05-26 14:30:00+00:00,2026-05-26 14:35:00+00:00,2026-05-26 14:35:00+00:00,SHORT,77571.4,76929.7,0.008341381807026371,0.006941381807026371,40.38769693401504,5858.782082491779,5m
2026-05-27 12:15:00+00:00,2026-05-27 12:20:00+00:00,2026-05-27 12:20:00+00:00,LONG,75833.6,75861.9,0.00037318550088594193,-0.001026814499114058,-6.015882389452214,5852.766200102326,5m
2026-05-27 13:55:00+00:00,2026-05-27 14:00:00+00:00,2026-05-27 14:00:00+00:00,LONG,75083.2,75236.1,0.002036407611822666,0.000636407611822666,3.724744959963541,5856.49094506229,5m
2026-05-27 22:00:00+00:00,2026-05-27 22:05:00+00:00,2026-05-27 22:05:00+00:00,LONG,74660.2,74545.5,-0.001536293768299557,-0.002936293768299557,-17.196377866089186,5839.294567196201,5m
2026-05-27 22:15:00+00:00,2026-05-27 22:20:00+00:00,2026-05-27 22:20:00+00:00,LONG,74500.3,74539.1,0.0005208032719332678,-0.0008791967280667322,-5.133888677696745,5834.160678518504,5m
2026-05-28 03:20:00+00:00,2026-05-28 03:25:00+00:00,2026-05-28 03:25:00+00:00,LONG,73944.5,73748.6,-0.0026492842604926015,-0.004049284260492602,-23.624175008709816,5810.536503509794,5m
2026-05-28 13:50:00+00:00,2026-05-28 13:55:00+00:00,2026-05-28 13:55:00+00:00,LONG,72989.1,73023.4,0.00046993318180366117,-0.0009300668181963388,-5.404187197833034,5805.1323163119605,5m
2026-05-29 07:55:00+00:00,2026-05-29 08:00:00+00:00,2026-05-29 08:00:00+00:00,LONG,73526.2,73664.2,0.0018768819822050364,0.00047688198220503645,2.7683630059653623,5807.900679317926,5m
2026-05-29 12:50:00+00:00,2026-05-29 12:55:00+00:00,2026-05-29 12:55:00+00:00,LONG,73327.3,73299.2,-0.00038321334618907077,-0.0017832133461890708,-10.356726004700295,5797.543953313226,5m
2026-05-29 13:35:00+00:00,2026-05-29 13:40:00+00:00,2026-05-29 13:40:00+00:00,LONG,73217.2,73266.6,0.0006747048507729225,-0.0007252951492270775,-4.204930506768856,5793.339022806457,5m
2026-05-29 14:25:00+00:00,2026-05-29 14:30:00+00:00,2026-05-29 14:30:00+00:00,LONG,72727.0,72842.3,0.0015853809451786827,0.00018538094517868268,1.073974663788407,5794.4129974702455,5m
2026-05-29 15:40:00+00:00,2026-05-29 15:45:00+00:00,2026-05-29 15:45:00+00:00,SHORT,73816.2,73863.9,-0.0006457823104384364,-0.0020457823104384366,-11.854107609599186,5782.558889860647,5m
2026-05-30 04:10:00+00:00,2026-05-30 04:15:00+00:00,2026-05-30 04:15:00+00:00,LONG,73484.3,73398.4,-0.0011689571786083208,-0.002568957178608321,-14.855146170832871,5767.703743689814,5m
2026-05-30 04:35:00+00:00,2026-05-30 04:40:00+00:00,2026-05-30 04:40:00+00:00,LONG,73258.5,73307.3,0.0006661343052343227,-0.0007338656947656773,-4.232719915065523,5763.471023774748,5m
2026-05-30 14:40:00+00:00,2026-05-30 14:45:00+00:00,2026-05-30 14:45:00+00:00,SHORT,74003.1,73996.5,8.919340779645069e-05,-0.0013108065922035493,-7.554795811938078,5755.91622796281,5m
2026-05-31 01:25:00+00:00,2026-05-31 01:30:00+00:00,2026-05-31 01:30:00+00:00,SHORT,74108.3,74205.0,-0.001303146688228507,-0.002703146688228507,-15.559085889338391,5740.357142073472,5m
2026-05-31 07:50:00+00:00,2026-05-31 07:55:00+00:00,2026-05-31 07:55:00+00:00,LONG,73890.4,73853.6,-0.0004980349274058549,-0.0018980349274058549,-10.895398351439102,5729.461743722032,5m
2026-05-31 16:35:00+00:00,2026-05-31 16:40:00+00:00,2026-05-31 16:40:00+00:00,LONG,73530.5,73500.8,-0.0004039140220724047,-0.0018039140220724047,-10.335456378427585,5719.126287343604,5m
2026-05-31 22:00:00+00:00,2026-05-31 22:05:00+00:00,2026-05-31 22:05:00+00:00,SHORT,73720.1,73834.0,-0.001542649727767631,-0.002942649727767631,-16.82938541252036,5702.296901931084,5m
2026-06-01 06:45:00+00:00,2026-06-01 06:50:00+00:00,2026-06-01 06:50:00+00:00,LONG,73183.4,73126.1,-0.0007829644427559401,-0.0021829644427559403,-12.447911378952913,5689.848990552131,5m
2026-06-01 08:30:00+00:00,2026-06-01 08:35:00+00:00,2026-06-01 08:35:00+00:00,LONG,72835.1,72860.3,0.000345987030978101,-0.001054012969021899,-5.997174627818106,5683.851815924313,5m
2026-06-01 13:55:00+00:00,2026-06-01 14:00:00+00:00,2026-06-01 14:00:00+00:00,LONG,71712.1,71873.5,0.0022506662055634674,0.0008506662055634674,4.835060657237359,5688.686876581551,5m
2026-06-01 21:10:00+00:00,2026-06-01 21:15:00+00:00,2026-06-01 21:15:00+00:00,LONG,71226.9,71131.0,-0.0013464014297968063,-0.0027464014297968065,-15.6234177715099,5673.063458810041,5m
2026-06-02 02:20:00+00:00,2026-06-02 02:25:00+00:00,2026-06-02 02:25:00+00:00,LONG,70541.1,70804.9,0.0037396638271871563,0.002339663827187156,13.273061363915106,5686.336520173956,5m
2026-06-02 14:10:00+00:00,2026-06-02 14:15:00+00:00,2026-06-02 14:15:00+00:00,LONG,68583.3,68338.4,-0.0035708401316356664,-0.004970840131635667,-28.265869776466207,5658.07065039749,5m
2026-06-02 23:05:00+00:00,2026-06-02 23:10:00+00:00,2026-06-02 23:10:00+00:00,LONG,66469.4,66702.0,0.0034993545902326506,0.0020993545902326504,11.878296591772608,5669.948946989262,5m
2026-06-03 03:50:00+00:00,2026-06-03 03:55:00+00:00,2026-06-03 03:55:00+00:00,LONG,65938.7,65855.1,-0.0012678442250149136,-0.0026678442250149138,-15.126540554354696,5654.822406434908,5m
2026-06-03 19:55:00+00:00,2026-06-03 20:00:00+00:00,2026-06-03 20:00:00+00:00,LONG,65458.7,65315.6,-0.002186111242661326,-0.0035861112426613263,-20.278822206969398,5634.5435842279385,5m
2026-06-03 20:05:00+00:00,2026-06-03 20:10:00+00:00,2026-06-03 20:10:00+00:00,LONG,65388.1,65577.6,0.002898080843456441,0.001498080843456441,8.441001805152268,5642.984586033091,5m
2026-06-04 00:30:00+00:00,2026-06-04 00:35:00+00:00,2026-06-04 00:35:00+00:00,LONG,63718.2,63124.0,-0.009325436060654502,-0.010725436060654502,-60.523470368756826,5582.461115664334,5m
2026-06-04 02:05:00+00:00,2026-06-04 02:10:00+00:00,2026-06-04 02:10:00+00:00,LONG,62027.4,62400.1,0.006008634893611475,0.004608634893611475,25.727525089879894,5608.188640754214,5m
2026-06-05 06:05:00+00:00,2026-06-05 06:10:00+00:00,2026-06-05 06:10:00+00:00,LONG,62448.6,62090.7,-0.005731113267551269,-0.007131113267551269,-39.9926284230127,5568.196012331202,5m
2026-06-05 06:25:00+00:00,2026-06-05 06:30:00+00:00,2026-06-05 06:30:00+00:00,LONG,61682.6,61718.1,0.0005755269719498468,-0.0008244730280501532,-4.590827427063494,5563.605184904139,5m
2026-06-05 12:05:00+00:00,2026-06-05 12:10:00+00:00,2026-06-05 12:10:00+00:00,LONG,62050.9,62151.2,0.0016164149109842985,0.00021641491098429847,1.2040471208428105,5564.809232024982,5m
2026-06-05 14:05:00+00:00,2026-06-05 14:10:00+00:00,2026-06-05 14:10:00+00:00,LONG,61134.7,60852.1,-0.004622579320745834,-0.0060225793207458345,-33.51450500468916,5531.294727020292,5m
2026-06-05 14:30:00+00:00,2026-06-05 14:35:00+00:00,2026-06-05 14:35:00+00:00,LONG,60833.0,60883.3,0.0008268538457745223,-0.0005731461542254777,-3.1702403006793443,5528.124486719613,5m
2026-06-06 10:40:00+00:00,2026-06-06 10:45:00+00:00,2026-06-06 10:45:00+00:00,LONG,60424.1,60439.0,0.0002465903505388667,-0.0011534096494611333,-6.376192126404776,5521.748294593208,5m
2026-06-07 03:20:00+00:00,2026-06-07 03:25:00+00:00,2026-06-07 03:25:00+00:00,SHORT,61627.4,61659.4,-0.0005189800744087592,-0.0019189800744087591,-10.596124953224914,5511.152169639983,5m
2026-06-07 22:20:00+00:00,2026-06-07 22:25:00+00:00,2026-06-07 22:25:00+00:00,SHORT,62962.6,63002.0,-0.0006253769721595859,-0.002025376972159586,-11.162160694456162,5499.990008945527,5m
2026-06-08 00:40:00+00:00,2026-06-08 00:45:00+00:00,2026-06-08 00:45:00+00:00,SHORT,63727.4,63746.5,-0.00029962429309837724,-0.0016996242930983772,-9.347916631002178,5490.642092314524,5m
2026-06-09 00:55:00+00:00,2026-06-09 01:00:00+00:00,2026-06-09 01:00:00+00:00,LONG,62558.5,62641.1,0.0013203641391656973,-7.96358608343027e-05,-0.4372520095545241,5490.204840304969,5m
2026-06-09 14:55:00+00:00,2026-06-09 15:00:00+00:00,2026-06-09 15:00:00+00:00,LONG,61548.1,61430.5,-0.0019107007364971285,-0.0033107007364971287,-18.176425208317763,5472.028415096652,5m
2026-06-09 16:20:00+00:00,2026-06-09 16:25:00+00:00,2026-06-09 16:25:00+00:00,LONG,61038.2,61047.0,0.00014417201031480253,-0.0012558279896851975,-6.871926444031105,5465.15648865262,5m
2026-06-10 12:50:00+00:00,2026-06-10 12:55:00+00:00,2026-06-10 12:55:00+00:00,SHORT,61669.1,61561.5,0.0017478456502846296,0.0003478456502846296,1.9010309127026335,5467.057519565323,5m
2026-06-11 06:25:00+00:00,2026-06-11 06:30:00+00:00,2026-06-11 06:30:00+00:00,SHORT,62888.5,62963.7,-0.0011943389603850108,-0.002594338960385011,-14.183400321674156,5452.874119243648,5m
2026-06-11 11:05:00+00:00,2026-06-11 11:10:00+00:00,2026-06-11 11:10:00+00:00,SHORT,63147.0,63191.9,-0.0007105341032632717,-0.002110534103263272,-11.508476789465396,5441.365642454183,5m
2026-06-11 18:00:00+00:00,2026-06-11 18:05:00+00:00,2026-06-11 18:05:00+00:00,SHORT,63521.1,63384.5,0.0021551010104994273,0.0007551010104994273,4.108780695114019,5445.474423149297,5m
2026-06-14 15:00:00+00:00,2026-06-14 15:05:00+00:00,2026-06-14 15:05:00+00:00,LONG,64137.2,64120.8,-0.00025570183918210976,-0.0016557018391821097,-9.01608201762743,5436.45834113167,5m
2026-06-14 20:55:00+00:00,2026-06-14 21:00:00+00:00,2026-06-14 21:00:00+00:00,SHORT,64014.0,64030.9,-0.0002639350688495856,-0.0016639350688495856,-9.045913684148829,5427.412427447521,5m
2026-06-15 19:20:00+00:00,2026-06-15 19:25:00+00:00,2026-06-15 19:25:00+00:00,LONG,66571.8,66531.2,-0.0006098678419391712,-0.0020098678419391714,-10.908381702867787,5416.504045744653,5m
2026-06-15 22:30:00+00:00,2026-06-15 22:35:00+00:00,2026-06-15 22:35:00+00:00,LONG,66247.2,66317.9,0.0010672149162529454,-0.0003327850837470546,-1.8025317524793942,5414.701513992173,5m
2026-06-16 09:00:00+00:00,2026-06-16 09:05:00+00:00,2026-06-16 09:05:00+00:00,SHORT,66821.9,66772.1,0.0007458204849029038,-0.0006541795150970962,-3.5421868108189125,5411.1593271813545,5m
2026-06-16 13:35:00+00:00,2026-06-16 13:40:00+00:00,2026-06-16 13:40:00+00:00,LONG,66037.5,66133.1,0.0014476623130796895,4.7662313079689525e-05,0.25790836997619987,5411.417235551331,5m
2026-06-17 07:55:00+00:00,2026-06-17 08:00:00+00:00,2026-06-17 08:00:00+00:00,LONG,65541.4,65472.0,-0.0010588727125144803,-0.0024588727125144805,-13.305986176527712,5398.111249374803,5m
2026-06-18 03:30:00+00:00,2026-06-18 03:35:00+00:00,2026-06-18 03:35:00+00:00,LONG,64328.3,64323.1,-8.083533996705583e-05,-0.0014808353399670558,-7.993713907147925,5390.117535467655,5m
2026-06-18 10:30:00+00:00,2026-06-18 10:35:00+00:00,2026-06-18 10:35:00+00:00,LONG,64011.8,64021.0,0.0001437235009793536,-0.0012562764990206464,-6.771477986767101,5383.346057480888,5m
2026-06-19 03:20:00+00:00,2026-06-19 03:25:00+00:00,2026-06-19 03:25:00+00:00,LONG,62846.7,62845.0,-2.7049948525537104e-05,-0.001427049948525537,-7.682303714223254,5375.663753766665,5m
2026-06-20 00:35:00+00:00,2026-06-20 00:40:00+00:00,2026-06-20 00:40:00+00:00,SHORT,63583.9,63608.5,-0.00038674076577815963,-0.0017867407657781596,-9.604917571970947,5366.058836194694,5m
2026-06-20 09:00:00+00:00,2026-06-20 09:05:00+00:00,2026-06-20 09:05:00+00:00,LONG,63448.3,63455.0,0.00010559778591390234,-0.0012944022140860976,-6.94583843848668,5359.112997756207,5m
2026-06-21 08:55:00+00:00,2026-06-21 09:00:00+00:00,2026-06-21 09:00:00+00:00,LONG,64009.4,64001.9,-0.00011717029061353301,-0.001517170290613533,-8.130687024236547,5350.98231073197,5m
2026-06-21 10:50:00+00:00,2026-06-21 10:55:00+00:00,2026-06-21 10:55:00+00:00,SHORT,64378.7,64379.4,-1.0873043240655633e-05,-0.0014108730432406556,-7.54955669706933,5343.4327540349,5m
2026-06-21 11:10:00+00:00,2026-06-21 11:15:00+00:00,2026-06-21 11:15:00+00:00,SHORT,64435.4,64217.5,0.003393156071164416,0.0019931560711644158,10.650295434563455,5354.083049469464,5m
2026-06-21 20:50:00+00:00,2026-06-21 20:55:00+00:00,2026-06-21 20:55:00+00:00,LONG,63838.3,63846.6,0.00013001599353357207,-0.001269984006466428,-6.799599842119219,5347.283449627344,5m
2026-06-21 21:20:00+00:00,2026-06-21 21:25:00+00:00,2026-06-21 21:25:00+00:00,LONG,63699.9,63690.0,-0.00015541625654047486,-0.0015554162565404748,-8.317251605880202,5338.966198021464,5m
2026-06-22 01:30:00+00:00,2026-06-22 01:35:00+00:00,2026-06-22 01:35:00+00:00,SHORT,64469.6,64524.8,-0.0008554850228129629,-0.002255485022812963,-12.04195829694208,5326.9242397245225,5m
2026-06-22 22:30:00+00:00,2026-06-22 22:35:00+00:00,2026-06-22 22:35:00+00:00,LONG,64138.7,63907.0,-0.0036124835707614933,-0.0050124835707614935,-26.701120234310327,5300.223119490212,5m
2026-06-23 05:00:00+00:00,2026-06-23 05:05:00+00:00,2026-06-23 05:05:00+00:00,LONG,63706.6,63687.7,-0.00029667255825926997,-0.00169667255825927,-8.992743119490386,5291.230376370722,5m
2026-06-23 08:30:00+00:00,2026-06-23 08:35:00+00:00,2026-06-23 08:35:00+00:00,LONG,62336.1,62346.3,0.00016362910095435446,-0.0012363708990456455,-6.541923257491099,5284.688453113231,5m
2026-06-23 13:30:00+00:00,2026-06-23 13:35:00+00:00,2026-06-23 13:35:00+00:00,LONG,62322.8,62337.8,0.00024068238269148168,-0.0011593176173085183,-6.126632425681071,5278.56182068755,5m
2026-06-24 11:50:00+00:00,2026-06-24 11:55:00+00:00,2026-06-24 11:55:00+00:00,SHORT,62931.9,62919.7,0.00019389793657631493,-0.001206102063423685,-6.366484303840737,5272.195336383709,5m
2026-06-24 13:15:00+00:00,2026-06-24 13:20:00+00:00,2026-06-24 13:20:00+00:00,LONG,62204.5,61822.7,-0.0061378196111214756,-0.007537819611121476,-39.74085740025631,5232.454478983453,5m
2026-06-24 13:30:00+00:00,2026-06-24 13:35:00+00:00,2026-06-24 13:35:00+00:00,LONG,62033.0,61849.1,-0.0029645511260135704,-0.004364551126013571,-22.837315088061978,5209.617163895391,5m
2026-06-24 14:20:00+00:00,2026-06-24 14:25:00+00:00,2026-06-24 14:25:00+00:00,LONG,61244.1,61240.6,-5.71483620462887e-05,-0.0014571483620462887,-7.591185117258401,5202.025978778132,5m
2026-06-24 16:10:00+00:00,2026-06-24 16:15:00+00:00,2026-06-24 16:15:00+00:00,LONG,60531.2,60535.5,7.103774582373212e-05,-0.0013289622541762679,-6.913296171040493,5195.112682607092,5m
2026-06-25 06:55:00+00:00,2026-06-25 07:00:00+00:00,2026-06-25 07:00:00+00:00,SHORT,61725.7,61736.0,-0.00016683944538042894,-0.001566839445380429,-8.139907474304929,5186.972775132787,5m
2026-06-25 11:10:00+00:00,2026-06-25 11:15:00+00:00,2026-06-25 11:15:00+00:00,LONG,61356.2,61339.8,-0.000267291651047441,-0.001667291651047441,-8.648196402189273,5178.324578730598,5m
2026-06-25 14:05:00+00:00,2026-06-25 14:10:00+00:00,2026-06-25 14:10:00+00:00,LONG,59486.2,59263.1,-0.0037504496841284096,-0.00515044968412841,-26.670700190837387,5151.653878539761,5m
2026-06-25 22:00:00+00:00,2026-06-25 22:05:00+00:00,2026-06-25 22:05:00+00:00,SHORT,60139.5,59985.1,0.002573972536513258,0.0011739725365132582,6.047900171027687,5157.701778710788,5m
2026-06-26 07:40:00+00:00,2026-06-26 07:45:00+00:00,2026-06-26 07:45:00+00:00,SHORT,60590.8,60528.3,0.0010325748451551764,-0.0003674251548448236,-1.8950693746862333,5155.806709336101,5m
2026-06-27 02:45:00+00:00,2026-06-27 02:50:00+00:00,2026-06-27 02:50:00+00:00,SHORT,60272.4,60352.2,-0.0013222384602383785,-0.0027222384602383787,-14.03533531770981,5141.771374018392,5m
2026-06-27 17:05:00+00:00,2026-06-27 17:10:00+00:00,2026-06-27 17:10:00+00:00,LONG,60534.8,60570.2,0.0005847875932520896,-0.0008152124067479104,-4.1916358167610435,5137.579738201631,5m
2026-06-28 05:30:00+00:00,2026-06-28 05:35:00+00:00,2026-06-28 05:35:00+00:00,LONG,59930.0,59920.5,-0.0001585182713165212,-0.0015585182713165212,-8.007011892332791,5129.572726309298,5m
2026-06-28 16:35:00+00:00,2026-06-28 16:40:00+00:00,2026-06-28 16:40:00+00:00,LONG,59710.1,59628.2,-0.001371627245641882,-0.0027716272456418823,-14.217263526740359,5115.355462782557,5m
2026-06-29 12:20:00+00:00,2026-06-29 12:25:00+00:00,2026-06-29 12:25:00+00:00,SHORT,60432.8,60451.9,-0.00031595367556680465,-0.0017159536755668046,-8.777713008192462,5106.577749774365,5m
2026-06-29 14:15:00+00:00,2026-06-29 14:20:00+00:00,2026-06-29 14:20:00+00:00,LONG,59143.6,59305.0,0.0027289512305643804,0.0013289512305643804,6.786392784535327,5113.3641425589,5m
2026-06-30 01:10:00+00:00,2026-06-30 01:15:00+00:00,2026-06-30 01:15:00+00:00,LONG,59826.9,59976.0,0.0024921899680578896,0.0010921899680578896,5.584765019529764,5118.94890757843,5m
2026-06-30 12:15:00+00:00,2026-06-30 12:20:00+00:00,2026-06-30 12:20:00+00:00,LONG,59034.6,58855.4,-0.003035507990229447,-0.004435507990229447,-22.705138781140427,5096.24376879729,5m
2026-06-30 13:05:00+00:00,2026-06-30 13:10:00+00:00,2026-06-30 13:10:00+00:00,LONG,58617.1,58466.0,-0.0025777460843336986,-0.003977746084333699,-20.27156369614343,5075.972205101146,5m
2026-06-30 13:15:00+00:00,2026-06-30 13:20:00+00:00,2026-06-30 13:20:00+00:00,LONG,58539.1,58454.0,-0.0014537292168823601,-0.0028537292168823603,-14.485450185779921,5061.486754915366,5m
2026-07-01 21:20:00+00:00,2026-07-01 21:25:00+00:00,2026-07-01 21:25:00+00:00,SHORT,60408.5,60527.3,-0.001962750692662718,-0.0033627506926627183,-17.02051809099482,5044.466236824371,5m
2026-07-01 22:25:00+00:00,2026-07-01 22:30:00+00:00,2026-07-01 22:30:00+00:00,SHORT,60566.0,60507.8,0.0009618594627469612,-0.00043814053725303877,-2.2101851471570444,5042.256051677214,5m
2026-07-02 00:05:00+00:00,2026-07-02 00:10:00+00:00,2026-07-02 00:10:00+00:00,LONG,59969.9,59957.0,-0.00021510791246948102,-0.001615107912469481,-8.143787645760993,5034.1122640314525,5m
2026-07-02 00:45:00+00:00,2026-07-02 00:50:00+00:00,2026-07-02 00:50:00+00:00,LONG,59779.6,59731.2,-0.0008096407470107314,-0.0022096407470107316,-11.123579583630343,5022.988684447822,5m
2026-07-02 07:40:00+00:00,2026-07-02 07:45:00+00:00,2026-07-02 07:45:00+00:00,LONG,60126.6,60177.4,0.0008448839615078363,-0.0005551160384921637,-2.78834157990164,5020.200342867921,5m
2026-07-02 13:25:00+00:00,2026-07-02 13:30:00+00:00,2026-07-02 13:30:00+00:00,SHORT,61709.4,61986.2,-0.004465510065143508,-0.005865510065143508,-29.446035640128677,4990.754307227792,5m
2026-07-02 13:35:00+00:00,2026-07-02 13:40:00+00:00,2026-07-02 13:40:00+00:00,SHORT,61939.5,61977.3,-0.0006099007217158503,-0.0020099007217158505,-10.030920684003629,4980.723386543788,5m
2026-07-03 10:45:00+00:00,2026-07-03 10:50:00+00:00,2026-07-03 10:50:00+00:00,SHORT,61973.0,61969.5,5.6479397122721764e-05,-0.0013435206028772782,-6.6917044870542695,4974.031682056734,5m
2026-07-04 00:10:00+00:00,2026-07-04 00:15:00+00:00,2026-07-04 00:15:00+00:00,SHORT,62823.9,62845.4,-0.0003421093667953512,-0.0017421093667953512,-8.665307184047872,4965.366374872686,5m
2026-07-04 16:05:00+00:00,2026-07-04 16:10:00+00:00,2026-07-04 16:10:00+00:00,SHORT,62893.9,62787.6,0.0016930094477254354,0.0002930094477254354,1.454899259255893,4966.821274131942,5m
2026-07-04 23:15:00+00:00,2026-07-04 23:20:00+00:00,2026-07-04 23:20:00+00:00,LONG,63039.0,63081.2,0.0006694268627356337,-0.0007305731372643663,-3.62862620047397,4963.192647931468,5m
2026-07-06 05:35:00+00:00,2026-07-06 05:40:00+00:00,2026-07-06 05:40:00+00:00,LONG,63113.4,63105.7,-0.00012200261751071917,-0.0015220026175107192,-7.553992201361652,4955.638655730107,5m
2026-07-06 21:10:00+00:00,2026-07-06 21:15:00+00:00,2026-07-06 21:15:00+00:00,SHORT,64314.9,64262.4,0.0008169629518972599,-0.0005830370481027401,-2.8893209333007124,4952.749334796806,5m
2026-07-07 12:15:00+00:00,2026-07-07 12:20:00+00:00,2026-07-07 12:20:00+00:00,SHORT,63699.3,63761.7,-0.0009786439194687802,-0.0023786439194687804,-11.780827089867469,4940.968507706938,5m
2026-07-08 02:35:00+00:00,2026-07-08 02:40:00+00:00,2026-07-08 02:40:00+00:00,LONG,62761.1,62979.0,0.0034718958080721674,0.002071895808072167,10.237171938934596,4951.205679645873,5m
2026-07-09 07:20:00+00:00,2026-07-09 07:25:00+00:00,2026-07-09 07:25:00+00:00,SHORT,62865.3,62920.2,-0.0008725337808842548,-0.002272533780884255,-11.251782163101232,4939.953897482772,5m
2026-07-12 00:00:00+00:00,2026-07-12 00:05:00+00:00,2026-07-12 00:05:00+00:00,LONG,63893.6,63796.4,-0.0015212791265478698,-0.00292127912654787,-14.430984206825219,4925.522913275947,5m
2026-07-12 22:20:00+00:00,2026-07-12 22:25:00+00:00,2026-07-12 22:25:00+00:00,LONG,63846.9,63832.2,-0.00023023827311907663,-0.0016302382731190766,-8.029775968347423,4917.4931373076,5m
2026-07-13 00:15:00+00:00,2026-07-13 00:20:00+00:00,2026-07-13 00:20:00+00:00,SHORT,64234.9,64210.0,0.0003877900638529219,-0.001012209936147078,-4.97753541451782,4912.515601893082,5m
2026-07-13 09:00:00+00:00,2026-07-13 09:05:00+00:00,2026-07-13 09:05:00+00:00,SHORT,63177.6,63153.5,0.0003816098870212947,-0.0010183901129787053,-5.002857318821548,4907.51274457426,5m
2026-07-13 13:30:00+00:00,2026-07-13 13:35:00+00:00,2026-07-13 13:35:00+00:00,LONG,62713.7,62566.1,-0.002353552732497044,-0.003753552732497044,-18.420607872160783,4889.092136702099,5m
2026-07-14 12:25:00+00:00,2026-07-14 12:30:00+00:00,2026-07-14 12:30:00+00:00,SHORT,62961.5,63476.9,-0.008119489136993119,-0.009519489136993119,-46.54165948509411,4842.550477217005,5m
2026-07-14 21:40:00+00:00,2026-07-14 21:45:00+00:00,2026-07-14 21:45:00+00:00,SHORT,64742.4,64711.5,0.00047750399851653746,-0.0009224960014834625,-4.46723345221452,4838.0832437647905,5m
2026-07-15 06:15:00+00:00,2026-07-15 06:20:00+00:00,2026-07-15 06:20:00+00:00,SHORT,65008.3,65023.6,-0.00023529918368092595,-0.001635299183680926,-7.911713579108928,4830.171530185681,5m
2026-07-15 06:35:00+00:00,2026-07-15 06:40:00+00:00,2026-07-15 06:40:00+00:00,SHORT,65046.9,65047.1,-3.0746951055204974e-06,-0.0014030746951055205,-6.77709144702264,4823.394438738658,5m
2026-07-18 12:20:00+00:00,2026-07-18 12:25:00+00:00,2026-07-18 12:25:00+00:00,SHORT,64081.2,64101.1,-0.0003104470906115653,-0.0017104470906115653,-8.250160984612542,4815.144277754046,5m
2026-07-18 17:20:00+00:00,2026-07-18 17:25:00+00:00,2026-07-18 17:25:00+00:00,SHORT,64301.7,64301.3,6.220714044546938e-06,-0.001393779285955453,-6.71124835322052,4808.433029400826,5m
2026-07-19 02:15:00+00:00,2026-07-19 02:20:00+00:00,2026-07-19 02:20:00+00:00,SHORT,64828.7,64831.5,-4.31888819478754e-05,-0.0014431888819478754,-6.939477087622214,4801.4935523132035,5m
2026-07-19 10:00:00+00:00,2026-07-19 10:05:00+00:00,2026-07-19 10:05:00+00:00,LONG,64564.9,64538.5,-0.0004088908989249296,-0.0018088908989249296,-8.685377988026085,4792.808174325178,5m
2026-07-19 12:20:00+00:00,2026-07-19 12:25:00+00:00,2026-07-19 12:25:00+00:00,LONG,64433.0,64307.5,-0.0019477596883584747,-0.003347759688358475,-16.04517000004081,4776.7630043251365,5m
2026-07-19 22:30:00+00:00,2026-07-19 22:35:00+00:00,2026-07-19 22:35:00+00:00,SHORT,64753.2,64786.1,-0.0005078249809759017,-0.0019078249809759017,-9.113227787852994,4767.649776537283,5m
2026-07-20 05:15:00+00:00,2026-07-20 05:20:00+00:00,2026-07-20 05:20:00+00:00,LONG,64371.6,64199.5,-0.0026735392626562327,-0.004073539262656233,-19.421208555318838,4748.228567981964,5m
2026-07-20 12:00:00+00:00,2026-07-20 12:05:00+00:00,2026-07-20 12:05:00+00:00,SHORT,64806.6,64868.0,-0.0009465375840167489,-0.002346537584016749,-11.141896792271707,4737.086671189692,5m
2026-07-21 01:10:00+00:00,2026-07-21 01:15:00+00:00,2026-07-21 01:15:00+00:00,SHORT,65550.0,65481.1,0.0010522120123210854,-0.0003477879876789146,-1.6475018408336712,4735.439169348859,5m
2026-07-21 04:05:00+00:00,2026-07-21 04:10:00+00:00,2026-07-21 04:10:00+00:00,SHORT,65663.8,65612.2,0.0007864391073613142,-0.0006135608926386858,-2.9054802837818827,4732.533689065077,5m
2026-07-21 05:50:00+00:00,2026-07-21 05:55:00+00:00,2026-07-21 05:55:00+00:00,SHORT,65757.7,65752.2,8.364739126598408e-05,-0.001316352608734016,-6.22968306752243,4726.304005997555,5m
2026-07-21 14:15:00+00:00,2026-07-21 14:20:00+00:00,2026-07-21 14:20:00+00:00,SHORT,66851.3,66672.4,0.0026832692388456536,0.0012832692388456536,6.065120544329646,4732.369126541885,5m
2026-07-22 00:15:00+00:00,2026-07-22 00:20:00+00:00,2026-07-22 00:20:00+00:00,SHORT,66633.5,66658.1,-0.00036904742259391554,-0.0017690474225939155,-8.37178540607194,4723.997341135812,5m
2026-07-22 06:10:00+00:00,2026-07-22 06:15:00+00:00,2026-07-22 06:15:00+00:00,LONG,65986.0,65926.7,-0.0008986754766162619,-0.002298675476616262,-10.858936839669319,4713.138404296143,5m
2026-07-22 07:40:00+00:00,2026-07-22 07:45:00+00:00,2026-07-22 07:45:00+00:00,LONG,65778.9,65778.6,-4.560733000813499e-06,-0.0014045607330008135,-6.619889131872474,4706.51851516427,5m
2026-07-23 00:10:00+00:00,2026-07-23 00:15:00+00:00,2026-07-23 00:15:00+00:00,SHORT,66196.2,66200.8,-6.948556512920145e-05,-0.0014694855651292014,-6.916161020047217,4699.602354144223,5m
2026-07-23 00:35:00+00:00,2026-07-23 00:40:00+00:00,2026-07-23 00:40:00+00:00,SHORT,66213.4,66158.7,0.0008267998010842437,-0.0005732001989157563,-2.6938130042204254,4696.908541140002,5m
2026-07-23 01:40:00+00:00,2026-07-23 01:45:00+00:00,2026-07-23 01:45:00+00:00,LONG,65780.8,65818.3,0.0005700751587089936,-0.0008299248412910064,-3.8980810755639883,4693.010460064438,5m
2026-07-23 12:50:00+00:00,2026-07-23 12:55:00+00:00,2026-07-23 12:55:00+00:00,LONG,65231.2,65163.9,-0.0010317148849016133,-0.0024317148849016135,-11.412063390737664,4681.5983966737,5m
2026-07-24 03:50:00+00:00,2026-07-24 03:55:00+00:00,2026-07-24 03:55:00+00:00,SHORT,65420.8,65461.2,-0.0006171594776752665,-0.0020171594776752667,-9.443530576519688,4672.15486609718,5m
2026-07-24 09:35:00+00:00,2026-07-24 09:40:00+00:00,2026-07-24 09:40:00+00:00,LONG,65036.8,65077.9,0.0006319499114346705,-0.0007680500885653295,-3.5884489586968744,4668.566417138483,5m
2026-07-24 13:40:00+00:00,2026-07-24 13:45:00+00:00,2026-07-24 13:45:00+00:00,LONG,64410.6,64280.6,-0.002018301335494521,-0.0034183013354945214,-15.95856681854935,4652.607850319934,5m
2026-07-25 01:20:00+00:00,2026-07-25 01:25:00+00:00,2026-07-25 01:25:00+00:00,LONG,64015.1,64052.2,0.0005795507622419205,-0.0008204492377580795,-3.817228564382247,4648.790621755552,5m
2026-07-26 00:30:00+00:00,2026-07-26 00:35:00+00:00,2026-07-26 00:35:00+00:00,SHORT,64459.5,64421.5,0.0005898651847597858,-0.0008101348152402142,-3.7661471314463744,4645.024474624105,5m
2026-07-26 09:05:00+00:00,2026-07-26 09:10:00+00:00,2026-07-26 09:10:00+00:00,SHORT,64499.2,64502.1,-4.4959776503428195e-05,-0.0014449597765034282,-6.7118735267058005,4638.312601097399,5m
2026-07-26 12:15:00+00:00,2026-07-26 12:20:00+00:00,2026-07-26 12:20:00+00:00,SHORT,64546.8,64574.9,-0.00043515359683099497,-0.001835153596830995,-8.51201605313042,4629.800585044269,5m
2026-07-26 21:35:00+00:00,2026-07-26 21:40:00+00:00,2026-07-26 21:40:00+00:00,SHORT,64809.9,64791.7,0.0002809001770289754,-0.0011190998229710246,-5.181209015114187,4624.619376029154,5m
2026-07-27 13:50:00+00:00,2026-07-27 13:55:00+00:00,2026-07-27 13:55:00+00:00,SHORT,65435.7,65222.1,0.003274963547631904,0.001874963547631904,8.670992751726866,4633.290368780881,5m
2026-07-30 11:55:00+00:00,2026-07-30 12:00:00+00:00,2026-07-30 12:00:00+00:00,SHORT,64795.1,64859.4,-0.0009913751900264556,-0.0023913751900264558,-11.079935636091127,4622.21043314479,5m
2026-07-30 13:50:00+00:00,2026-07-30 13:55:00+00:00,2026-07-30 13:55:00+00:00,SHORT,65007.5,65024.5,-0.00026143991879978845,-0.0016614399187997884,-7.679524926719615,4614.53090821807,5m
2026-07-30 23:40:00+00:00,2026-07-30 23:45:00+00:00,2026-07-30 23:45:00+00:00,SHORT,64821.1,64892.7,-0.001103359854035979,-0.0025033598540359792,-11.551831420841303,4602.979076797229,5m
2026-07-31 01:10:00+00:00,2026-07-31 01:15:00+00:00,2026-07-31 01:15:00+00:00,SHORT,65191.4,65090.2,0.0015547655407419647,0.00015476554074196473,0.7123825458444727,4603.691459343074,5m
2026-07-31 07:05:00+00:00,2026-07-31 07:10:00+00:00,2026-07-31 07:10:00+00:00,LONG,64125.1,64058.4,-0.001040154323346032,-0.002440154323346032,-11.233717617867205,4592.457741725207,5m
2026-07-31 07:45:00+00:00,2026-07-31 07:50:00+00:00,2026-07-31 07:50:00+00:00,LONG,63974.3,63993.6,0.000301683644838624,-0.001098316355161376,-5.043971448124273,4587.413770277082,5m
2026-07-31 10:05:00+00:00,2026-07-31 10:10:00+00:00,2026-07-31 10:10:00+00:00,LONG,63707.6,63740.8,0.0005211309168764444,-0.0008788690831235556,-4.031736134191792,4583.38203414289,5m
2026-07-31 18:10:00+00:00,2026-07-31 18:15:00+00:00,2026-07-31 18:15:00+00:00,SHORT,63156.3,63181.6,-0.0004004330374665077,-0.0018004330374665077,-8.252072437601305,4575.129961705289,5m
2026-08-02 01:15:00+00:00,2026-08-02 01:20:00+00:00,2026-08-02 01:20:00+00:00,SHORT,63000.1,62980.8,0.0003064425983791974,-0.0010935574016208026,-5.003167232999918,4570.1267944722895,5m
2026-08-02 18:45:00+00:00,2026-08-02 18:50:00+00:00,2026-08-02 18:50:00+00:00,SHORT,63417.6,63386.2,0.0004953759651153966,-0.0009046240348846034,-4.134246540749761,4565.99254793154,5m
2026-08-03 08:10:00+00:00,2026-08-03 08:15:00+00:00,2026-08-03 08:15:00+00:00,LONG,62572.2,62490.2,-0.001310486126426702,-0.0027104861264267022,-12.376059454536147,4553.616488477003,5m
2026-08-04 12:40:00+00:00,2026-08-04 12:45:00+00:00,2026-08-04 12:45:00+00:00,SHORT,63958.9,63915.9,0.0006727590474358003,-0.0007272409525641997,-3.311576392692062,4550.304912084312,5m
2026-08-05 02:15:00+00:00,2026-08-05 02:20:00+00:00,2026-08-05 02:20:00+00:00,SHORT,64360.2,64428.2,-0.0010554384570731212,-0.0024554384570731214,-11.172993672540548,4539.131918411771,5m
2026-08-05 07:45:00+00:00,2026-08-05 07:50:00+00:00,2026-08-05 07:50:00+00:00,LONG,64053.4,64044.0,-0.00014675255333829185,-0.0015467525533382918,-7.020913884742746,4532.111004527028,5m
2026-08-06 15:10:00+00:00,2026-08-06 15:15:00+00:00,2026-08-06 15:15:00+00:00,SHORT,64851.1,64739.9,0.001717642443068268,0.000317642443068268,1.4395908117345473,4533.550595338763,5m
2026-08-07 11:10:00+00:00,2026-08-07 11:15:00+00:00,2026-08-07 11:15:00+00:00,SHORT,64964.1,64931.0,0.0005097719117217459,-0.0008902280882782541,-4.035894079601167,4529.5147012591615,5m
2026-08-07 17:35:00+00:00,2026-08-07 17:40:00+00:00,2026-08-07 17:40:00+00:00,LONG,64674.3,64683.2,0.00013761262201517077,-0.0012623873779848292,-5.71800218726629,4523.796699071895,5m
2026-08-08 11:50:00+00:00,2026-08-08 11:55:00+00:00,2026-08-08 11:55:00+00:00,LONG,64964.7,64964.6,-1.5392974953565286e-06,-0.0014015392974953565,-6.340278847629037,4517.456420224266,5m
2026-08-08 12:10:00+00:00,2026-08-08 12:15:00+00:00,2026-08-08 12:15:00+00:00,LONG,65003.6,65019.6,0.00024614021377278306,-0.001153859786227217,-5.212511299330741,4512.243908924936,5m
2026-08-09 01:30:00+00:00,2026-08-09 01:35:00+00:00,2026-08-09 01:35:00+00:00,LONG,64883.1,64885.6,3.853083468574603e-05,-0.001361469165314254,-6.143280948378359,4506.100627976557,5m
2026-08-09 02:50:00+00:00,2026-08-09 02:55:00+00:00,2026-08-09 02:55:00+00:00,LONG,64808.7,64822.1,0.00020676236369499001,-0.00119323763630501,-5.376848862279268,4500.723779114278,5m
2026-08-09 03:15:00+00:00,2026-08-09 03:20:00+00:00,2026-08-09 03:20:00+00:00,LONG,64754.9,64787.9,0.0005096139442728465,-0.0008903860557271535,-4.00738169360297,4496.716397420675,5m
2026-08-09 06:55:00+00:00,2026-08-09 07:00:00+00:00,2026-08-09 07:00:00+00:00,SHORT,64851.6,64852.0,-6.167889964880935e-06,-0.001406167889964881,-6.323138208331511,4490.393259212344,5m
2026-08-09 10:30:00+00:00,2026-08-09 10:35:00+00:00,2026-08-09 10:35:00+00:00,SHORT,64938.3,64940.7,-3.695679288939768e-05,-0.0014369567928893977,-6.452501096569939,4483.940758115774,5m
2026-08-09 11:40:00+00:00,2026-08-09 11:45:00+00:00,2026-08-09 11:45:00+00:00,SHORT,64984.3,64980.4,6.001809776479128e-05,-0.0013399819022352087,-6.0083994665699585,4477.932358649204,5m
2026-08-09 20:15:00+00:00,2026-08-09 20:20:00+00:00,2026-08-09 20:20:00+00:00,LONG,65117.2,65114.7,-3.839231416580269e-05,-0.0014383923141658027,-6.441023488035359,4471.4913351611685,5m
2026-08-09 21:40:00+00:00,2026-08-09 21:45:00+00:00,2026-08-09 21:45:00+00:00,SHORT,65227.9,65204.0,0.0003665419299430095,-0.0010334580700569905,-4.621098805512217,4466.870236355657,5m
2026-08-09 22:15:00+00:00,2026-08-09 22:20:00+00:00,2026-08-09 22:20:00+00:00,SHORT,65321.7,65216.6,0.0016115528868416718,0.00021155288684167176,0.9449792936481799,4467.815215649305,5m
2026-08-10 07:35:00+00:00,2026-08-10 07:40:00+00:00,2026-08-10 07:40:00+00:00,SHORT,65320.6,65329.4,-0.00013470198716047932,-0.0015347019871604793,-6.856764889722814,4460.958450759583,5m
2026-08-10 10:00:00+00:00,2026-08-10 10:05:00+00:00,2026-08-10 10:05:00+00:00,LONG,65046.5,65050.9,6.764391627522848e-05,-0.0013323560837247715,-5.943585131112962,4455.01486562847,5m
2026-08-11 06:35:00+00:00,2026-08-11 06:40:00+00:00,2026-08-11 06:40:00+00:00,LONG,63971.3,63936.6,-0.000542430746287903,-0.001942430746287903,-8.653557850166411,4446.361307778304,5m
2026-08-11 13:40:00+00:00,2026-08-11 13:45:00+00:00,2026-08-11 13:45:00+00:00,LONG,64176.1,64182.0,9.193453637723614e-05,-0.0013080654636227638,-5.816131665493345,4440.545176112811,5m
2026-08-11 14:25:00+00:00,2026-08-11 14:30:00+00:00,2026-08-11 14:30:00+00:00,LONG,64030.0,64037.4,0.00011557082617530412,-0.0012844291738246959,-5.703565771885816,4434.8416103409245,5m
2026-08-12 01:50:00+00:00,2026-08-12 01:55:00+00:00,2026-08-12 01:55:00+00:00,SHORT,63839.8,63828.0,0.00018487184307836024,-0.0012151281569216397,-5.388900912212964,4429.452709428711,5m
2026-08-12 02:10:00+00:00,2026-08-12 02:15:00+00:00,2026-08-12 02:15:00+00:00,SHORT,63859.8,63864.1,-6.733047204920961e-05,-0.0014673304720492096,-6.499470935045681,4422.953238493666,5m
2026-08-12 12:30:00+00:00,2026-08-12 12:35:00+00:00,2026-08-12 12:35:00+00:00,SHORT,64253.3,64071.7,0.002834324670642596,0.0014343246706425962,6.343950947070031,4429.297189440736,5m
2026-08-12 15:00:00+00:00,2026-08-12 15:05:00+00:00,2026-08-12 15:05:00+00:00,LONG,63462.3,63462.1,-3.1514773338736646e-06,-0.0014031514773338737,-6.214974894914542,4423.082214545821,5m
2026-08-13 09:15:00+00:00,2026-08-13 09:20:00+00:00,2026-08-13 09:20:00+00:00,LONG,63668.5,63713.8,0.0007114978364497482,-0.0006885021635502518,-3.045301674275437,4420.036912871546,5m
2026-08-13 11:35:00+00:00,2026-08-13 11:40:00+00:00,2026-08-13 11:40:00+00:00,LONG,63465.0,63462.5,-3.939179075085342e-05,-0.0014393917907508534,-6.362164847203048,4413.674748024343,5m
2026-08-14 06:30:00+00:00,2026-08-14 06:35:00+00:00,2026-08-14 06:35:00+00:00,LONG,63215.3,63208.1,-0.00011389647759330046,-0.0015138964775933004,-6.6818466542765504,4406.992901370067,5m
2026-08-14 07:40:00+00:00,2026-08-14 07:45:00+00:00,2026-08-14 07:45:00+00:00,LONG,63029.0,63002.1,-0.00042678766916814936,-0.0018267876691681493,-8.050640290334403,4398.942261079732,5m
2026-08-15 02:50:00+00:00,2026-08-15 02:55:00+00:00,2026-08-15 02:55:00+00:00,SHORT,63128.0,63141.0,-0.0002058884084825685,-0.0016058884084825685,-7.064210386652042,4391.87805069308,5m
2026-08-15 03:15:00+00:00,2026-08-15 03:20:00+00:00,2026-08-15 03:20:00+00:00,SHORT,63126.5,63111.3,0.00024084434958560053,-0.0011591556504143995,-5.0908702583918615,4386.787180434688,5m
2026-08-16 13:35:00+00:00,2026-08-16 13:40:00+00:00,2026-08-16 13:40:00+00:00,SHORT,63056.5,63064.9,-0.00013319612018736215,-0.0015331961201873621,-6.725805085130121,4380.061375349557,5m
2026-08-16 14:25:00+00:00,2026-08-16 14:30:00+00:00,2026-08-16 14:30:00+00:00,SHORT,63072.0,63089.9,-0.00028372211716931606,-0.001683722117169316,-7.374806212235103,4372.686569137322,5m
2026-08-16 15:40:00+00:00,2026-08-16 15:45:00+00:00,2026-08-16 15:45:00+00:00,SHORT,63116.8,63132.9,-0.0002550175898778928,-0.0016550175898778928,-7.236873186945083,4365.449695950378,5m
2026-08-16 16:00:00+00:00,2026-08-16 16:05:00+00:00,2026-08-16 16:05:00+00:00,SHORT,63141.2,63158.0,-0.00026599955666750663,-0.0016659995566675066,-7.27283725810763,4358.17685869227,5m
2026-08-16 20:50:00+00:00,2026-08-16 20:55:00+00:00,2026-08-16 20:55:00+00:00,LONG,63074.7,63065.5,-0.00014585879916984013,-0.0015458587991698401,-6.737126045347818,4351.4397326469225,5m
2026-08-16 21:45:00+00:00,2026-08-16 21:50:00+00:00,2026-08-16 21:50:00+00:00,LONG,62970.9,62928.5,-0.0006733268859108188,-0.002073326885910819,-9.02195699011745,4342.417775656805,5m
2026-08-18 01:55:00+00:00,2026-08-18 02:00:00+00:00,2026-08-18 02:00:00+00:00,LONG,64200.0,64235.9,0.0005591900311525677,-0.0008408099688474323,-3.6511481546725344,4338.766627502133,5m
2026-08-18 13:30:00+00:00,2026-08-18 13:35:00+00:00,2026-08-18 13:35:00+00:00,LONG,64110.1,64239.9,0.002024641983088493,0.0006246419830884932,2.710175790361106,4341.476803292494,5m
2026-08-18 14:30:00+00:00,2026-08-18 14:35:00+00:00,2026-08-18 14:35:00+00:00,SHORT,64813.5,64781.1,0.0005001458758804311,-0.0008998541241195689,-3.906695806212193,4337.570107486282,5m
2026-08-18 23:45:00+00:00,2026-08-18 23:50:00+00:00,2026-08-18 23:50:00+00:00,SHORT,64762.4,64749.8,0.00019459519566078498,-0.001205404804339215,-5.2285278467221294,4332.341579639559,5m
2026-08-19 01:05:00+00:00,2026-08-19 01:10:00+00:00,2026-08-19 01:10:00+00:00,LONG,64548.3,64527.4,-0.00032378854284309533,-0.0017237885428430953,-7.46804077866543,4324.873538860894,5m
2026-08-19 02:10:00+00:00,2026-08-19 02:15:00+00:00,2026-08-19 02:15:00+00:00,LONG,64401.2,64359.5,-0.0006475034626683973,-0.0020475034626683975,-8.855193546420606,4316.018345314474,5m
2026-08-19 12:50:00+00:00,2026-08-19 12:55:00+00:00,2026-08-19 12:55:00+00:00,SHORT,64839.2,64886.5,-0.0007289651930679764,-0.0021289651930679766,-9.188652829817357,4306.829692484656,5m
2026-08-19 13:00:00+00:00,2026-08-19 13:05:00+00:00,2026-08-19 13:05:00+00:00,SHORT,64804.3,64872.1,-0.0010451334240759724,-0.0024451334240759726,-10.530773232897076,4296.298919251759,5m
2026-08-19 13:35:00+00:00,2026-08-19 13:40:00+00:00,2026-08-19 13:40:00+00:00,SHORT,64827.7,65046.4,-0.003362215280169334,-0.004762215280169334,-20.45990036143572,4275.839018890323,5m
2026-08-19 20:55:00+00:00,2026-08-19 21:00:00+00:00,2026-08-19 21:00:00+00:00,SHORT,69055.0,69391.6,-0.00485073121242352,-0.0062507312124235204,-26.727120414676104,4249.111898475647,5m
2026-08-20 07:10:00+00:00,2026-08-20 07:15:00+00:00,2026-08-20 07:15:00+00:00,SHORT,69800.1,69635.0,0.0023709341566742204,0.0009709341566742204,4.125607877760848,4253.237506353407,5m
2026-08-21 07:20:00+00:00,2026-08-21 07:25:00+00:00,2026-08-21 07:25:00+00:00,SHORT,76250.0,76411.3,-0.002110944323679864,-0.0035109443236798644,-14.932880080193797,4238.304626273213,5m
2026-08-21 07:45:00+00:00,2026-08-21 07:50:00+00:00,2026-08-21 07:50:00+00:00,SHORT,76447.9,76313.5,0.001761156282964249,0.0003611562829642491,1.5306903448950147,4239.835316618109,5m
2026-08-21 09:00:00+00:00,2026-08-21 09:05:00+00:00,2026-08-21 09:05:00+00:00,SHORT,77851.6,77843.2,0.00010790923291970067,-0.0012920907670802993,-5.478252066543236,4234.357064551566,5m
2026-08-22 10:25:00+00:00,2026-08-22 10:30:00+00:00,2026-08-22 10:30:00+00:00,LONG,76944.0,76933.3,-0.00013906217508830032,-0.0015390621750883003,-6.516938793869243,4227.840125757696,5m
2026-08-23 05:20:00+00:00,2026-08-23 05:25:00+00:00,2026-08-23 05:25:00+00:00,LONG,76284.2,76236.5,-0.0006252933110656445,-0.0020252933110656447,-8.562616326951996,4219.277509430744,5m
2026-08-23 11:25:00+00:00,2026-08-23 11:30:00+00:00,2026-08-23 11:30:00+00:00,SHORT,77160.4,77193.4,-0.0004274976876261771,-0.0018274976876261771,-7.7107198919378215,4211.566789538807,5m
2026-08-23 13:25:00+00:00,2026-08-23 13:30:00+00:00,2026-08-23 13:30:00+00:00,SHORT,77439.1,77388.6,0.0006525508925088186,-0.0007474491074911814,-3.1479318379802814,4208.418857700826,5m
2026-08-23 21:35:00+00:00,2026-08-23 21:40:00+00:00,2026-08-23 21:40:00+00:00,SHORT,77640.1,77639.4,9.01604082481633e-06,-0.0013909839591751837,-5.853843124552199,4202.565014576274,5m
2026-08-27 08:45:00+00:00,2026-08-27 08:50:00+00:00,2026-08-27 08:50:00+00:00,SHORT,79798.5,79780.6,0.00022436532189518132,-0.0011756346781048187,-4.94068116812595,4197.624333408148,5m
2026-08-28 01:35:00+00:00,2026-08-28 01:40:00+00:00,2026-08-28 01:40:00+00:00,SHORT,80932.5,80843.7,0.0010984158320315185,-0.0003015841679684815,-1.2659370420351481,4196.358396366113,5m
2026-08-28 14:15:00+00:00,2026-08-28 14:20:00+00:00,2026-08-28 14:20:00+00:00,LONG,78884.5,78811.3,-0.0009279389487161227,-0.002327938948716123,-9.768866153672604,4186.589530212441,5m
2026-08-30 12:15:00+00:00,2026-08-30 12:20:00+00:00,2026-08-30 12:20:00+00:00,SHORT,78517.8,78533.6,-0.00020118777185818004,-0.00160118777185818,-6.7035159615656426,4179.886014250876,5m
2026-08-30 12:30:00+00:00,2026-08-30 12:35:00+00:00,2026-08-30 12:35:00+00:00,SHORT,78574.2,78622.8,-0.0006181413025230231,-0.0020181413025230233,-8.435600605198031,4171.450413645678,5m
2026-08-30 13:50:00+00:00,2026-08-30 13:55:00+00:00,2026-08-30 13:55:00+00:00,SHORT,78899.5,78859.1,0.0005123061257354955,-0.0008876938742645045,-3.702970978991402,4167.747442666687,5m
2026-08-30 20:45:00+00:00,2026-08-30 20:50:00+00:00,2026-08-30 20:50:00+00:00,LONG,78674.7,78689.0,0.00018176109981982158,-0.0012182389001801784,-5.077312060783016,4162.670130605904,5m
2026-08-31 05:25:00+00:00,2026-08-31 05:30:00+00:00,2026-08-31 05:30:00+00:00,SHORT,78006.1,78062.0,-0.0007160974609924375,-0.0021160974609924377,-8.808615694324212,4153.861514911579,5m
2026-09-01 18:45:00+00:00,2026-09-01 18:50:00+00:00,2026-09-01 18:50:00+00:00,LONG,76781.8,76941.3,0.0020773151970909787,0.0006773151970909787,2.8134735306609677,4156.674988442241,5m
2026-09-02 09:45:00+00:00,2026-09-02 09:50:00+00:00,2026-09-02 09:50:00+00:00,LONG,76670.0,76688.2,0.00023738098343550895,-0.001162619016564491,-4.832629387240935,4151.842359055,5m
2026-09-03 05:30:00+00:00,2026-09-03 05:35:00+00:00,2026-09-03 05:35:00+00:00,LONG,77336.5,77430.0,0.0012090022175816895,-0.00019099778241831052,-0.7929926835299119,4151.049366371471,5m
2026-09-03 07:05:00+00:00,2026-09-03 07:10:00+00:00,2026-09-03 07:10:00+00:00,SHORT,77996.1,78051.1,-0.0007046665581906808,-0.002104666558190681,-8.73657478280065,4142.31279158867,5m
2026-09-03 12:15:00+00:00,2026-09-03 12:20:00+00:00,2026-09-03 12:20:00+00:00,SHORT,77992.7,77986.0,8.591285615366928e-05,-0.0013140871438463307,-5.443359985216876,4136.8694316034525,5m
2026-09-03 13:50:00+00:00,2026-09-03 13:55:00+00:00,2026-09-03 13:55:00+00:00,SHORT,78782.7,78832.6,-0.0006329868607658495,-0.0020329868607658497,-8.410201199153708,4128.459230404299,5m
2026-09-04 04:30:00+00:00,2026-09-04 04:35:00+00:00,2026-09-04 04:35:00+00:00,SHORT,81183.2,81043.1,0.0017287097852869415,0.00032870978528694154,1.357064947192089,4129.816295351491,5m
2026-09-05 16:55:00+00:00,2026-09-05 17:00:00+00:00,2026-09-05 17:00:00+00:00,SHORT,80041.1,80040.0,1.3743128435939056e-05,-0.001386256871564061,-5.724986217728238,4124.0913091337625,5m
2026-09-07 14:10:00+00:00,2026-09-07 14:15:00+00:00,2026-09-07 14:15:00+00:00,LONG,79180.0,79137.5,-0.000536751704976024,-0.001936751704976024,-7.9873408744416174,4116.103968259321,5m
2026-09-07 19:50:00+00:00,2026-09-07 19:55:00+00:00,2026-09-07 19:55:00+00:00,SHORT,79363.5,79367.4,-4.913856318833343e-05,-0.0014491385631883334,-5.96480499049711,4110.139163268824,5m
2026-09-08 06:55:00+00:00,2026-09-08 07:00:00+00:00,2026-09-08 07:00:00+00:00,LONG,78323.5,78316.1,-9.44799453547196e-05,-0.0014944799453547196,-6.142520552122285,4103.996642716701,5m
2026-09-09 00:55:00+00:00,2026-09-09 01:00:00+00:00,2026-09-09 01:00:00+00:00,SHORT,78773.4,78711.2,0.0007902306152109961,-0.0006097693847890039,-2.5024915080055,4101.494151208695,5m
2026-09-09 04:05:00+00:00,2026-09-09 04:10:00+00:00,2026-09-09 04:10:00+00:00,SHORT,78782.2,78845.4,-0.0008015686393879617,-0.002201568639387962,-9.029720897934212,4092.464430310761,5m
2026-09-09 04:45:00+00:00,2026-09-09 04:50:00+00:00,2026-09-09 04:50:00+00:00,SHORT,79128.3,79176.3,-0.0006062420193921891,-0.0020062420193921893,-8.210474102957367,4084.2539562078036,5m
2026-09-09 08:10:00+00:00,2026-09-09 08:15:00+00:00,2026-09-09 08:15:00+00:00,SHORT,79408.8,79510.1,-0.001274051975786783,-0.002674051975786783,-10.921507361212463,4073.332448846591,5m
2026-09-09 08:35:00+00:00,2026-09-09 08:40:00+00:00,2026-09-09 08:40:00+00:00,SHORT,79627.1,79647.0,-0.00024985247404163413,-0.0016498524740416341,-6.7203976183236165,4066.6120512282673,5m
2026-09-09 13:35:00+00:00,2026-09-09 13:40:00+00:00,2026-09-09 13:40:00+00:00,SHORT,79336.1,79243.7,0.001166023292703544,-0.00023397670729645588,-0.9514924975984763,4065.660558730669,5m
2026-09-09 20:30:00+00:00,2026-09-09 20:35:00+00:00,2026-09-09 20:35:00+00:00,LONG,78243.0,78310.1,0.0008575847040630524,-0.0005424152959369476,-2.2052764751430716,4063.455282255526,5m
2026-09-10 23:15:00+00:00,2026-09-10 23:20:00+00:00,2026-09-10 23:20:00+00:00,LONG,76663.5,76713.5,0.0006522008517744204,-0.0007477991482255795,-3.038648398923414,4060.416633856603,5m
2026-09-11 06:15:00+00:00,2026-09-11 06:20:00+00:00,2026-09-11 06:20:00+00:00,SHORT,77314.2,77267.1,0.0006095738030804654,-0.0007904261969195346,-3.209459677808093,4057.207174178795,5m
2026-09-13 07:00:00+00:00,2026-09-13 07:05:00+00:00,2026-09-13 07:05:00+00:00,LONG,77157.1,77171.2,0.00018274403781370907,-0.001217255962186291,-4.938659622594131,4052.268514556201,5m
2026-09-14 09:55:00+00:00,2026-09-14 10:00:00+00:00,2026-09-14 10:00:00+00:00,SHORT,78147.6,78104.8,0.0005479816861448938,-0.0008520183138551061,-3.4526069870603098,4048.8159075691406,5m
2026-09-14 13:50:00+00:00,2026-09-14 13:55:00+00:00,2026-09-14 13:55:00+00:00,SHORT,78226.8,78175.7,0.000653655803529718,-0.000746344196470282,-3.0218102551907857,4045.79409731395,5m
2026-09-14 22:25:00+00:00,2026-09-14 22:30:00+00:00,2026-09-14 22:30:00+00:00,LONG,78587.4,78539.1,-0.0006146023408331036,-0.002014602340833104,-8.150666258977438,4037.6434310549726,5m
2026-09-14 22:35:00+00:00,2026-09-14 22:40:00+00:00,2026-09-14 22:40:00+00:00,LONG,78595.4,78664.3,0.000876641635515707,-0.000523358364484293,-2.1131344624476798,4035.530296592525,5m
2026-09-15 01:15:00+00:00,2026-09-15 01:20:00+00:00,2026-09-15 01:20:00+00:00,LONG,77877.0,78023.6,0.0018824556672702997,0.0004824556672702997,1.946964462032057,4037.477261054557,5m
2026-09-15 08:30:00+00:00,2026-09-15 08:35:00+00:00,2026-09-15 08:35:00+00:00,LONG,76881.8,76875.1,-8.714676295296098e-05,-0.001487146762952961,-6.004321239273471,4031.4729398152836,5m
2026-09-15 13:40:00+00:00,2026-09-15 13:45:00+00:00,2026-09-15 13:45:00+00:00,LONG,76433.9,76338.3,-0.0012507539193995498,-0.00265075391939955,-10.686442696168589,4020.7864971191148,5m
2026-09-15 13:55:00+00:00,2026-09-15 14:00:00+00:00,2026-09-15 14:00:00+00:00,LONG,76620.6,76434.4,-0.0024301558588684102,-0.0038301558588684104,-15.40023895919977,4005.386258159915,5m
2026-09-15 14:50:00+00:00,2026-09-15 14:55:00+00:00,2026-09-15 14:55:00+00:00,LONG,75919.0,75938.8,0.00026080427824393126,-0.0011391957217560687,-4.5629188892763235,4000.823339270639,5m
2026-09-15 18:50:00+00:00,2026-09-15 18:55:00+00:00,2026-09-15 18:55:00+00:00,LONG,75877.3,75999.9,0.0016157665072424887,0.00021576650724248873,0.8632436780086562,4001.6865829486474,5m
2026-09-16 11:45:00+00:00,2026-09-16 11:50:00+00:00,2026-09-16 11:50:00+00:00,SHORT,76229.8,76227.6,2.88609375080906e-05,-0.0013711390624919094,-5.486868789730661,3996.199714158917,5m
2026-09-17 13:40:00+00:00,2026-09-17 13:45:00+00:00,2026-09-17 13:45:00+00:00,LONG,76154.9,76354.8,0.0026249131703937056,0.0012249131703937057,4.894997661396819,4001.0947118203135,5m
2026-09-17 22:30:00+00:00,2026-09-17 22:35:00+00:00,2026-09-17 22:35:00+00:00,LONG,76311.8,76432.0,0.0015751168233484325,0.00017511682334843252,0.7006589958501853,4001.7953708161635,5m
2026-09-19 01:00:00+00:00,2026-09-19 01:05:00+00:00,2026-09-19 01:05:00+00:00,SHORT,81493.3,81411.9,0.0009998538297228965,-0.0004001461702771035,-1.601303091864729,4000.1940677242987,5m
2026-09-19 04:40:00+00:00,2026-09-19 04:45:00+00:00,2026-09-19 04:45:00+00:00,LONG,80979.4,80985.2,7.162315354269921e-05,-0.0013283768464573008,-5.313765180900806,3994.880302543398,5m
2026-09-19 15:45:00+00:00,2026-09-19 15:50:00+00:00,2026-09-19 15:50:00+00:00,SHORT,81690.5,81689.6,1.1017314321515315e-05,-0.0013889826856784847,-5.548819571590807,3989.3314829718074,5m
2026-09-21 00:30:00+00:00,2026-09-21 00:35:00+00:00,2026-09-21 00:35:00+00:00,SHORT,81639.3,81672.8,-0.0004101732767824995,-0.0018101732767824995,-7.221381242702664,3982.110101729105,5m
2026-09-21 19:35:00+00:00,2026-09-21 19:40:00+00:00,2026-09-21 19:40:00+00:00,SHORT,86600.4,86582.3,0.00020904965564549904,-0.001190950344354501,-4.742495396911814,3977.367606332193,5m
2026-09-21 20:30:00+00:00,2026-09-21 20:35:00+00:00,2026-09-21 20:35:00+00:00,SHORT,87025.3,86938.6,0.000997255534365582,-0.000402744465634418,-1.6018627912439032,3975.765743540949,5m
2026-09-22 01:05:00+00:00,2026-09-22 01:10:00+00:00,2026-09-22 01:10:00+00:00,LONG,85908.6,85780.5,-0.0014911196317948239,-0.002891119631794824,-11.494414392568585,3964.2713291483806,5m
2026-09-23 04:25:00+00:00,2026-09-23 04:30:00+00:00,2026-09-23 04:30:00+00:00,SHORT,87015.1,87253.2,-0.002728839744559397,-0.004128839744559397,-16.36784102200514,3947.9034881263756,5m
2026-09-23 07:45:00+00:00,2026-09-23 07:50:00+00:00,2026-09-23 07:50:00+00:00,LONG,86132.8,86202.8,0.0008126985306411427,-0.0005873014693588573,-2.3186095194635783,3945.584878606912,5m
2026-09-23 14:30:00+00:00,2026-09-23 14:35:00+00:00,2026-09-23 14:35:00+00:00,LONG,84430.8,84426.7,-4.856047792989315e-05,-0.0014485604779298931,-5.715418317467788,3939.869460289444,5m
2026-09-24 07:55:00+00:00,2026-09-24 08:00:00+00:00,2026-09-24 08:00:00+00:00,SHORT,84528.4,84567.5,-0.0004623525586070487,-0.0018623525586070487,-7.337425969947818,3932.5320343194962,5m
2026-09-24 09:35:00+00:00,2026-09-24 09:40:00+00:00,2026-09-24 09:40:00+00:00,LONG,83219.8,83169.9,-0.0005996169180892963,-0.0019996169180892965,-7.863557586753383,3924.668476732743,5m
2026-09-24 13:40:00+00:00,2026-09-24 13:45:00+00:00,2026-09-24 13:45:00+00:00,SHORT,83947.6,83893.3,0.0006472507339680966,-0.0007527492660319034,-2.9542913152791206,3921.714185417464,5m
2026-09-24 22:20:00+00:00,2026-09-24 22:25:00+00:00,2026-09-24 22:25:00+00:00,LONG,84155.5,84136.5,-0.00022577252823641203,-0.001625772528236412,-6.375815186246752,3915.338370231217,5m
2026-09-25 00:10:00+00:00,2026-09-25 00:15:00+00:00,2026-09-25 00:15:00+00:00,SHORT,84658.9,84562.9,0.0011352496189227512,-0.00026475038107724876,-1.0365873255650888,3914.301782905652,5m
2026-09-25 13:50:00+00:00,2026-09-25 13:55:00+00:00,2026-09-25 13:55:00+00:00,LONG,84088.3,83934.0,-0.0018349758527643756,-0.003234975852764376,-12.662671748132329,3901.63911115752,5m
2026-09-25 14:05:00+00:00,2026-09-25 14:10:00+00:00,2026-09-25 14:10:00+00:00,LONG,83465.6,83592.4,0.0015191887436258877,0.00011918874362588775,0.4650314637404902,3902.1041426212605,5m
2026-09-27 08:20:00+00:00,2026-09-27 08:25:00+00:00,2026-09-27 08:25:00+00:00,SHORT,84773.6,84807.0,-0.00039383541452941984,-0.0017938354145294198,-6.999732602215976,3895.1044100190447,5m
2026-09-27 08:35:00+00:00,2026-09-27 08:40:00+00:00,2026-09-27 08:40:00+00:00,SHORT,84749.6,84744.3,6.254107945902199e-05,-0.001337458920540978,-5.209542139618475,3889.8948678794263,5m
2026-09-27 19:00:00+00:00,2026-09-27 19:05:00+00:00,2026-09-27 19:05:00+00:00,SHORT,84744.8,84791.0,-0.0005448691488483259,-0.001944869148848326,-7.5653365208021315,3882.329531358624,5m
2026-09-28 05:40:00+00:00,2026-09-28 05:45:00+00:00,2026-09-28 05:45:00+00:00,LONG,83148.7,83143.4,-6.374122505825586e-05,-0.0014637412250582558,-5.682725784310716,3876.6468055743135,5m
2026-09-28 12:10:00+00:00,2026-09-28 12:15:00+00:00,2026-09-28 12:15:00+00:00,SHORT,83384.6,83417.8,-0.0003979965906556471,-0.001797996590655647,-6.970197739598721,3869.6766078347146,5m
2026-09-28 19:40:00+00:00,2026-09-28 19:45:00+00:00,2026-09-28 19:45:00+00:00,LONG,83314.9,83290.5,-0.00029286478168966124,-0.0016928647816896612,-6.550839245931702,3863.1257685887826,5m
2026-09-29 01:20:00+00:00,2026-09-29 01:25:00+00:00,2026-09-29 01:25:00+00:00,LONG,83013.3,82831.2,-0.0021936243951271583,-0.0035936243951271585,-13.882623003445003,3849.2431455853375,5m
2026-09-29 01:30:00+00:00,2026-09-29 01:35:00+00:00,2026-09-29 01:35:00+00:00,LONG,82903.7,82849.1,-0.0006585954547262407,-0.002058595454726241,-7.924034443638114,3841.3191111416995,5m
2026-09-29 10:00:00+00:00,2026-09-29 10:05:00+00:00,2026-09-29 10:05:00+00:00,SHORT,84187.4,84273.7,-0.0010240442747856404,-0.0024240442747856406,-9.311527598987702,3832.007583542712,5m
2026-09-29 15:05:00+00:00,2026-09-29 15:10:00+00:00,2026-09-29 15:10:00+00:00,LONG,83622.9,83431.0,-0.0022948259388276826,-0.003694825938827683,-14.158601017458,3817.848982525254,5m
2026-10-01 04:15:00+00:00,2026-10-01 04:20:00+00:00,2026-10-01 04:20:00+00:00,SHORT,83752.2,83803.5,-0.0006121462707404657,-0.002012146270740466,-7.682070592438472,3810.1669119328158,5m
2026-10-01 07:30:00+00:00,2026-10-01 07:35:00+00:00,2026-10-01 07:35:00+00:00,LONG,83655.2,83528.1,-0.0015193317331139156,-0.0029193317331139158,-11.123141174466124,3799.0437707583496,5m
2026-10-01 13:15:00+00:00,2026-10-01 13:20:00+00:00,2026-10-01 13:20:00+00:00,LONG,83572.3,83551.8,-0.0002452965875057167,-0.0016452965875057167,-6.2505537518135625,3792.793217006536,5m
2026-10-01 13:30:00+00:00,2026-10-01 13:35:00+00:00,2026-10-01 13:35:00+00:00,LONG,83716.5,83807.1,0.0010822239343499795,-0.00031777606565002044,-1.2052589063244212,3791.5879581002114,5m
2026-10-02 03:05:00+00:00,2026-10-02 03:10:00+00:00,2026-10-02 03:10:00+00:00,SHORT,85200.2,85304.0,-0.0012168245334334138,-0.002616824533433414,-9.921920389427337,3781.666037710784,5m
2026-10-02 12:35:00+00:00,2026-10-02 12:40:00+00:00,2026-10-02 12:40:00+00:00,SHORT,86795.2,86486.8,0.0035658620737499813,0.002165862073749981,8.190567046666153,3789.8566047574504,5m
2025-10-03 07:45:00+00:00,2025-10-03 07:50:00+00:00,2025-10-03 08:00:00+00:00,LONG,119757.2,119724.0,-0.00027722759049142454,-0.0016772275904914245,-16.772275904914245,9983.227724095086,15m
2025-10-03 16:45:00+00:00,2025-10-03 16:50:00+00:00,2025-10-03 17:00:00+00:00,SHORT,123193.8,122114.1,0.008841730807498838,0.0074417308074988375,74.2924933126749,10057.52021740776,15m
2025-10-04 13:10:00+00:00,2025-10-04 13:15:00+00:00,2025-10-04 13:25:00+00:00,SHORT,122397.8,122316.9,0.0006613967489366157,-0.0007386032510633843,-7.428517130213088,10050.091700277548,15m
2025-10-05 23:15:00+00:00,2025-10-05 23:20:00+00:00,2025-10-05 23:30:00+00:00,SHORT,123450.4,123518.4,-0.0005505252658712934,-0.0019505252658712933,-19.602957785714743,10030.488742491832,15m
2025-10-06 00:20:00+00:00,2025-10-06 00:25:00+00:00,2025-10-06 00:35:00+00:00,SHORT,123930.1,123528.8,0.003248635136097855,0.001848635136097855,18.542713921604392,10049.031456413437,15m
2025-10-06 14:10:00+00:00,2025-10-06 14:15:00+00:00,2025-10-06 14:25:00+00:00,SHORT,124980.7,124850.0,0.0010468562274730253,-0.00035314377252697467,-3.5487528787600797,10045.482703534677,15m
2025-10-06 19:00:00+00:00,2025-10-06 19:05:00+00:00,2025-10-06 19:15:00+00:00,SHORT,125816.0,125582.1,0.001862526586193347,0.0004625265861933471,4.64630282153021,10050.129006356206,15m
2025-10-06 21:35:00+00:00,2025-10-06 21:40:00+00:00,2025-10-06 21:50:00+00:00,LONG,124934.2,124885.4,-0.00039060561479564715,-0.0017906056147956471,-17.99581742820202,10032.133188928005,15m
2025-10-07 08:20:00+00:00,2025-10-07 08:25:00+00:00,2025-10-07 08:35:00+00:00,LONG,123500.0,123724.7,0.0018194331983805156,0.00041943319838051566,4.207809710011395,10036.340998638016,15m
2025-10-07 15:40:00+00:00,2025-10-07 15:45:00+00:00,2025-10-07 15:55:00+00:00,LONG,121712.0,121859.5,0.001211877218351587,-0.00018812278164841308,-1.8880643862357955,10034.45293425178,15m
2025-10-08 13:45:00+00:00,2025-10-08 13:50:00+00:00,2025-10-08 14:00:00+00:00,LONG,122160.2,123075.7,0.0074942575405083645,0.006094257540508364,61.15254045944019,10095.60547471122,15m
2025-10-09 08:30:00+00:00,2025-10-09 08:35:00+00:00,2025-10-09 08:45:00+00:00,LONG,121475.1,121385.6,-0.0007367765081074396,-0.0021367765081074398,-21.57205261348379,10074.033422097735,15m
2025-10-10 13:40:00+00:00,2025-10-10 13:45:00+00:00,2025-10-10 13:55:00+00:00,SHORT,122261.7,121669.7,0.004865632117116991,0.003465632117116991,34.9128937765319,10108.946315874267,15m
2025-10-10 15:35:00+00:00,2025-10-10 15:40:00+00:00,2025-10-10 15:50:00+00:00,LONG,119225.9,119175.0,-0.00042692066069527357,-0.0018269206606952736,-18.468242882330067,10090.478072991937,15m
2025-10-10 21:00:00+00:00,2025-10-10 21:05:00+00:00,2025-10-10 21:15:00+00:00,LONG,115060.6,103615.1,-0.09947366865808105,-0.10087366865808105,-1017.8635417366207,9072.614531255316,15m
2025-10-10 21:20:00+00:00,2025-10-10 21:25:00+00:00,2025-10-10 21:35:00+00:00,LONG,108200.3,110838.4,0.024381632952958476,0.022981632952958478,208.5034970809871,9281.118028336303,15m
2025-10-11 07:20:00+00:00,2025-10-11 07:25:00+00:00,2025-10-11 07:35:00+00:00,LONG,111276.9,110642.5,-0.005701093398539969,-0.007101093398539969,-65.90608596208922,9215.211942374213,15m
2025-10-11 19:25:00+00:00,2025-10-11 19:30:00+00:00,2025-10-11 19:40:00+00:00,LONG,111399.5,111065.0,-0.0030027064753432864,-0.004402706475343287,-40.57187329035173,9174.640069083862,15m
2025-10-12 00:30:00+00:00,2025-10-12 00:35:00+00:00,2025-10-12 00:45:00+00:00,LONG,110367.7,109766.3,-0.005449058012443775,-0.006849058012443775,-62.837642076446535,9111.802427007415,15m
2025-10-12 01:00:00+00:00,2025-10-12 01:05:00+00:00,2025-10-12 01:15:00+00:00,LONG,109779.2,109802.1,0.00020860053634930154,-0.0011913994636506985,-10.855796524427767,9100.946630482988,15m
2025-10-12 14:55:00+00:00,2025-10-12 15:00:00+00:00,2025-10-12 15:10:00+00:00,SHORT,112348.0,113224.3,-0.007739504682298781,-0.009139504682298781,-83.17814434265058,9017.768486140338,15m
2025-10-13 11:05:00+00:00,2025-10-13 11:10:00+00:00,2025-10-13 11:20:00+00:00,LONG,114496.0,114142.8,-0.003084823923979907,-0.004484823923979907,-40.443103847554255,8977.325382292784,15m
2025-10-13 11:30:00+00:00,2025-10-13 11:35:00+00:00,2025-10-13 11:45:00+00:00,LONG,114113.3,114060.5,-0.0004626980378273915,-0.0018626980378273915,-16.722046374534806,8960.60333591825,15m
2025-10-14 06:50:00+00:00,2025-10-14 06:55:00+00:00,2025-10-14 07:05:00+00:00,LONG,112033.7,111750.0,-0.002532273771195581,-0.003932273771195581,-35.23554547191896,8925.367790446331,15m
2025-10-14 07:10:00+00:00,2025-10-14 07:15:00+00:00,2025-10-14 07:25:00+00:00,LONG,111963.3,112097.4,0.0011977138937491194,-0.00020228610625088058,-1.8054778971864138,8923.562312549144,15m
2025-10-14 10:35:00+00:00,2025-10-14 10:40:00+00:00,2025-10-14 10:50:00+00:00,LONG,110606.0,110623.7,0.0001600274849464789,-0.001239972515053521,-11.064972003928377,8912.497340545215,15m
2025-10-15 02:30:00+00:00,2025-10-15 02:35:00+00:00,2025-10-15 02:45:00+00:00,SHORT,113227.5,113059.0,0.0014903722834980204,9.037228349802044e-05,0.8054427363351053,8913.30278328155,15m
2025-10-15 13:50:00+00:00,2025-10-15 13:55:00+00:00,2025-10-15 14:05:00+00:00,LONG,111347.3,112051.0,0.0063198658611389735,0.004919865861138973,43.852254073461886,8957.15503735501,15m
2025-10-16 09:40:00+00:00,2025-10-16 09:45:00+00:00,2025-10-16 09:55:00+00:00,LONG,111240.9,111160.4,-0.0007236546989461967,-0.002123654698946197,-19.021904384268566,8938.133132970743,15m
2025-10-16 14:20:00+00:00,2025-10-16 14:25:00+00:00,2025-10-16 14:35:00+00:00,LONG,110284.4,110690.0,0.0036777640355301067,0.0022777640355301065,20.358958195060794,8958.492091165803,15m
2025-10-16 16:40:00+00:00,2025-10-16 16:45:00+00:00,2025-10-16 16:55:00+00:00,LONG,108094.3,109237.4,0.010575025695156892,0.009175025695156892,82.19439512630603,9040.686486292108,15m
2025-10-18 00:15:00+00:00,2025-10-18 00:20:00+00:00,2025-10-18 00:30:00+00:00,LONG,106474.4,106625.2,0.0014163028859519589,1.630288595195887e-05,0.14738928071343602,9040.833875572822,15m
2025-10-18 07:10:00+00:00,2025-10-18 07:15:00+00:00,2025-10-18 07:25:00+00:00,SHORT,107300.0,107093.0,0.0019328994425404922,0.0005328994425404922,4.817855332393954,9045.651730905216,15m
2025-10-18 16:40:00+00:00,2025-10-18 16:45:00+00:00,2025-10-18 16:55:00+00:00,LONG,106580.9,106654.1,0.0006868022319197475,-0.0007131977680802524,-6.451338625312872,9039.200392279903,15m
2025-10-19 08:20:00+00:00,2025-10-19 08:25:00+00:00,2025-10-19 08:35:00+00:00,SHORT,106622.3,106493.8,0.0012066430158375052,-0.00019335698416249477,-1.7477925270916816,9037.45259975281,15m
2025-10-19 09:50:00+00:00,2025-10-19 09:55:00+00:00,2025-10-19 10:05:00+00:00,SHORT,107542.2,107365.1,0.0016495118059778324,0.00024951180597783244,2.2549511196033807,9039.707550872414,15m
2025-10-19 16:45:00+00:00,2025-10-19 16:50:00+00:00,2025-10-19 17:00:00+00:00,SHORT,108692.8,108747.1,-0.0004993236601251727,-0.0018993236601251727,-17.169330431984154,9022.53822044043,15m
2025-10-19 17:15:00+00:00,2025-10-19 17:20:00+00:00,2025-10-19 17:30:00+00:00,SHORT,109081.4,109254.9,-0.0015880294613788148,-0.002988029461378815,-26.95961001909239,8995.578610421338,15m
2025-10-20 05:35:00+00:00,2025-10-20 05:40:00+00:00,2025-10-20 05:50:00+00:00,SHORT,110729.9,111114.1,-0.0034577069876821076,-0.004857706987682108,-43.69788507408744,8951.880725347251,15m
2025-10-21 14:25:00+00:00,2025-10-21 14:30:00+00:00,2025-10-21 14:40:00+00:00,SHORT,109680.6,109949.8,-0.0024483900834744166,-0.0038483900834744168,-34.45032901187213,8917.43039633538,15m
2025-10-21 20:20:00+00:00,2025-10-21 20:25:00+00:00,2025-10-21 20:35:00+00:00,LONG,110933.0,110985.2,0.00047055429854059305,-0.0009294457014594069,-8.288267349937374,8909.142128985442,15m
2025-10-21 23:40:00+00:00,2025-10-21 23:45:00+00:00,2025-10-21 23:55:00+00:00,LONG,108504.1,108310.0,-0.001788872494219218,-0.003188872494219218,-28.410118282211325,8880.732010703232,15m
2025-10-22 07:15:00+00:00,2025-10-22 07:20:00+00:00,2025-10-22 07:30:00+00:00,LONG,107870.7,107975.9,0.0009752416550554699,-0.0004247583449445301,-3.772165030762214,8876.959845672469,15m
2025-10-22 11:05:00+00:00,2025-10-22 11:10:00+00:00,2025-10-22 11:20:00+00:00,LONG,107351.9,107967.2,0.005731617232671349,0.004331617232671349,38.45159224124646,8915.411437913715,15m
2025-10-23 01:20:00+00:00,2025-10-23 01:25:00+00:00,2025-10-23 01:35:00+00:00,SHORT,108173.2,108216.0,-0.0003955052857248509,-0.0017955052857248509,-16.007668361185868,8899.40376955253,15m
2025-10-23 03:30:00+00:00,2025-10-23 03:35:00+00:00,2025-10-23 03:45:00+00:00,SHORT,108650.0,108383.0,0.0024634859710470636,0.0010634859710470636,9.46439105960247,8908.868160612132,15m
2025-10-23 12:05:00+00:00,2025-10-23 12:10:00+00:00,2025-10-23 12:20:00+00:00,LONG,108949.2,109092.0,0.0013107026026808466,-8.929739731915339e-05,-0.7955387398021367,8908.07262187233,15m
2025-10-25 04:20:00+00:00,2025-10-25 04:25:00+00:00,2025-10-25 04:35:00+00:00,SHORT,111362.9,111339.7,0.00020837131768813855,-0.0011916286823118614,-10.615114840340093,8897.45750703199,15m
2025-10-25 07:25:00+00:00,2025-10-25 07:30:00+00:00,2025-10-25 07:40:00+00:00,SHORT,111629.2,111530.2,0.0008876519543585815,-0.0005123480456414185,-4.558594964905407,8892.898912067085,15m
2025-10-26 00:40:00+00:00,2025-10-26 00:45:00+00:00,2025-10-26 00:55:00+00:00,SHORT,111844.7,111720.6,0.00111080678048614,-0.0002891932195138601,-2.571766067191984,8890.327145999892,15m
2025-10-26 09:35:00+00:00,2025-10-26 09:40:00+00:00,2025-10-26 09:50:00+00:00,SHORT,112347.8,112420.0,-0.0006422344778509448,-0.002042234477850945,-18.15613261693517,8872.171013382957,15m
2025-10-26 21:30:00+00:00,2025-10-26 21:35:00+00:00,2025-10-26 21:45:00+00:00,LONG,113292.0,113563.7,0.0023982275888854154,0.0009982275888854154,8.856445878868342,8881.027459261824,15m
2025-10-27 05:45:00+00:00,2025-10-27 05:50:00+00:00,2025-10-27 06:00:00+00:00,SHORT,115579.0,115435.6,0.0012422510906513473,-0.00015774890934865267,-1.4009723955939888,8879.626486866231,15m
2025-10-27 13:40:00+00:00,2025-10-27 13:45:00+00:00,2025-10-27 13:55:00+00:00,LONG,114884.3,115262.2,0.0032893963753097832,0.0018893963753097833,16.7771340983898,8896.40362096462,15m
2025-10-28 13:10:00+00:00,2025-10-28 13:15:00+00:00,2025-10-28 13:25:00+00:00,SHORT,114744.4,115071.8,-0.00284518013970414,-0.00424518013970414,-37.766835966511,8858.636784998109,15m
2025-10-28 19:35:00+00:00,2025-10-28 19:40:00+00:00,2025-10-28 19:50:00+00:00,LONG,114029.8,113797.7,-0.0020354328429936785,-0.0034354328429936788,-30.433251755334435,8828.203533242775,15m
2025-10-29 01:00:00+00:00,2025-10-29 01:05:00+00:00,2025-10-29 01:15:00+00:00,LONG,112479.6,112278.7,-0.0017861016575451139,-0.003186101657545114,-28.127553910410438,8800.075979332365,15m
2025-10-29 01:30:00+00:00,2025-10-29 01:35:00+00:00,2025-10-29 01:45:00+00:00,LONG,112548.4,112425.5,-0.0010919746526827367,-0.002491974652682737,-21.929566282178467,8778.146413050186,15m
2025-10-29 05:40:00+00:00,2025-10-29 05:45:00+00:00,2025-10-29 05:55:00+00:00,SHORT,113174.9,113023.5,0.0013395444310253524,-6.045556897464762e-05,-0.5306878359437112,8777.615725214242,15m
2025-10-29 18:40:00+00:00,2025-10-29 18:45:00+00:00,2025-10-29 18:55:00+00:00,LONG,109745.5,110796.1,0.009573057665234641,0.008173057665234641,71.73995948544638,8849.355684699689,15m
2025-10-30 04:35:00+00:00,2025-10-30 04:40:00+00:00,2025-10-30 04:50:00+00:00,LONG,109439.8,109027.0,-0.003771936717720581,-0.005171936717720581,-45.768307593867675,8803.587377105821,15m
2025-10-30 07:25:00+00:00,2025-10-30 07:30:00+00:00,2025-10-30 07:40:00+00:00,SHORT,111271.9,111380.0,-0.0009705512659364812,-0.0023705512659364814,-20.869355201580632,8782.71802190424,15m
2025-10-31 17:00:00+00:00,2025-10-31 17:05:00+00:00,2025-10-31 17:15:00+00:00,LONG,109032.7,108749.8,-0.0025946344537005617,-0.003994634453700562,-35.083748007435524,8747.634273896805,15m
2025-11-01 13:45:00+00:00,2025-11-01 13:50:00+00:00,2025-11-01 14:00:00+00:00,LONG,109892.1,109960.0,0.0006178788102146893,-0.0007821211897853107,-6.841710126106932,8740.792563770698,15m
2025-11-01 22:05:00+00:00,2025-11-01 22:10:00+00:00,2025-11-01 22:20:00+00:00,LONG,110041.8,110024.9,-0.00015357800399495858,-0.0015535780039949586,-13.579503064556857,8727.21306070614,15m
2025-11-02 07:55:00+00:00,2025-11-02 08:00:00+00:00,2025-11-02 08:10:00+00:00,SHORT,110893.0,110797.8,0.0008592228365544852,-0.0005407771634455148,-4.719477523753317,8722.493583182388,15m
2025-11-03 01:05:00+00:00,2025-11-03 01:10:00+00:00,2025-11-03 01:20:00+00:00,LONG,109808.3,109617.8,-0.0017348415374793813,-0.0031348415374793815,-27.343635194957514,8695.149947987431,15m
2025-11-03 15:35:00+00:00,2025-11-03 15:40:00+00:00,2025-11-03 15:50:00+00:00,LONG,106445.7,105697.0,-0.007033633110590576,-0.008433633110590576,-73.33170450289673,8621.818243484535,15m
2025-11-04 14:40:00+00:00,2025-11-04 14:45:00+00:00,2025-11-04 14:55:00+00:00,LONG,103938.9,104505.0,0.005446469031325174,0.004046469031325174,34.88792051597458,8656.706164000509,15m
2025-11-04 21:35:00+00:00,2025-11-04 21:40:00+00:00,2025-11-04 21:50:00+00:00,LONG,99279.0,99552.2,0.0027518407719657745,0.0013518407719657745,11.702488343423326,8668.408652343933,15m
2025-11-05 12:30:00+00:00,2025-11-05 12:35:00+00:00,2025-11-05 12:45:00+00:00,SHORT,102374.9,102678.0,-0.002951946863008703,-0.004351946863008703,-37.72445384184568,8630.684198502087,15m
2025-11-06 12:45:00+00:00,2025-11-06 12:50:00+00:00,2025-11-06 13:00:00+00:00,LONG,102555.9,102642.0,0.0008395421423827987,-0.0005604578576172013,-4.837134775663112,8625.847063726424,15m
2025-11-06 16:50:00+00:00,2025-11-06 16:55:00+00:00,2025-11-06 17:05:00+00:00,LONG,101090.0,101139.9,0.0004936195469382731,-0.0009063804530617268,-7.818299169661522,8618.028764556762,15m
2025-11-07 09:10:00+00:00,2025-11-07 09:15:00+00:00,2025-11-07 09:25:00+00:00,LONG,101370.0,101026.0,-0.003393508927690636,-0.004793508927690636,-41.31059782199755,8576.718166734765,15m
2025-11-07 19:45:00+00:00,2025-11-07 19:50:00+00:00,2025-11-07 20:00:00+00:00,SHORT,103135.5,103392.0,-0.0024808495821726506,-0.003880849582172651,-33.2849531137852,8543.43321362098,15m
2025-11-08 06:15:00+00:00,2025-11-08 06:20:00+00:00,2025-11-08 06:30:00+00:00,LONG,102329.9,102377.0,0.0004602760288048291,-0.0009397239711951709,-8.028468987144628,8535.404744633835,15m
2025-11-10 15:00:00+00:00,2025-11-10 15:05:00+00:00,2025-11-10 15:15:00+00:00,LONG,105170.7,105077.0,-0.0008909325506057941,-0.0022909325506057943,-19.554036562076792,8515.850708071759,15m
2025-11-11 01:20:00+00:00,2025-11-11 01:25:00+00:00,2025-11-11 01:35:00+00:00,SHORT,106963.7,106396.1,0.005334782007986982,0.003934782007986982,33.50801614882396,8549.358724220583,15m
2025-11-11 12:50:00+00:00,2025-11-11 12:55:00+00:00,2025-11-11 13:05:00+00:00,LONG,104584.9,104600.1,0.0001453364682666436,-0.0012546635317333564,-10.726568610985979,8538.632155609597,15m
2025-11-11 14:55:00+00:00,2025-11-11 15:00:00+00:00,2025-11-11 15:10:00+00:00,LONG,104581.6,103995.8,-0.0056013677358158764,-0.007001367735815877,-59.782103682285005,8478.850051927313,15m
2025-11-12 09:30:00+00:00,2025-11-12 09:35:00+00:00,2025-11-12 09:45:00+00:00,SHORT,104563.3,104527.4,0.00034345061677609756,-0.0010565493832239024,-8.958323792811756,8469.891728134502,15m
2025-11-12 14:50:00+00:00,2025-11-12 14:55:00+00:00,2025-11-12 15:05:00+00:00,LONG,104175.0,104138.2,-0.00035325173986089364,-0.0017532517398608936,-14.849852408785207,8455.041875725718,15m
2025-11-13 06:00:00+00:00,2025-11-13 06:05:00+00:00,2025-11-13 06:15:00+00:00,SHORT,102979.2,103296.6,-0.0030727052003648447,-0.004472705200364845,-37.81690976686095,8417.224965958856,15m
2025-11-13 13:40:00+00:00,2025-11-13 13:45:00+00:00,2025-11-13 13:55:00+00:00,LONG,102548.7,102323.8,-0.0021931043494456404,-0.0035931043494456406,-30.2439676354492,8386.980998323406,15m
2025-11-13 14:15:00+00:00,2025-11-13 14:20:00+00:00,2025-11-13 14:30:00+00:00,LONG,102340.3,102378.1,0.0003693559624116105,-0.0010306440375883895,-8.643991959289137,8378.337006364118,15m
2025-11-13 14:45:00+00:00,2025-11-13 14:50:00+00:00,2025-11-13 15:00:00+00:00,LONG,102227.8,102194.0,-0.0003306341327897755,-0.0017306341327897755,-14.499835999229449,8363.837170364888,15m
2025-11-14 04:40:00+00:00,2025-11-14 04:45:00+00:00,2025-11-14 04:55:00+00:00,LONG,97590.8,97821.4,0.002362927653016378,0.0009629276530163779,8.053770096670604,8371.890940461559,15m
2025-11-14 19:05:00+00:00,2025-11-14 19:10:00+00:00,2025-11-14 19:20:00+00:00,LONG,95145.9,95846.5,0.007363428166636821,0.0059634281666368204,49.92517024236008,8421.81611070392,15m
2025-11-15 03:00:00+00:00,2025-11-15 03:05:00+00:00,2025-11-15 03:15:00+00:00,SHORT,96271.0,96501.7,-0.002390631460378434,-0.003790631460378434,-31.924001102756222,8389.892109601164,15m
2025-11-15 21:05:00+00:00,2025-11-15 21:10:00+00:00,2025-11-15 21:20:00+00:00,LONG,95522.2,95478.8,-0.00045434464449101153,-0.0018543446444910115,-15.557751501296313,8374.334358099868,15m
2025-11-16 10:00:00+00:00,2025-11-16 10:05:00+00:00,2025-11-16 10:15:00+00:00,SHORT,96471.2,96522.2,-0.0005283758555026941,-0.001928375855502694,-16.148864182066436,8358.185493917801,15m
2025-11-16 16:00:00+00:00,2025-11-16 16:05:00+00:00,2025-11-16 16:15:00+00:00,LONG,94792.9,94486.0,-0.003237584249453196,-0.004637584249453196,-38.76178940060138,8319.4237045172,15m
2025-11-16 22:10:00+00:00,2025-11-16 22:15:00+00:00,2025-11-16 22:25:00+00:00,LONG,93387.7,93674.4,0.0030699974407764063,0.0016699974407764064,13.893416295278293,8333.317120812479,15m
2025-11-17 19:45:00+00:00,2025-11-17 19:50:00+00:00,2025-11-17 20:00:00+00:00,LONG,91949.5,91593.1,-0.0038760406527494906,-0.005276040652749491,-43.96691990165998,8289.350200910818,15m
2025-11-18 03:35:00+00:00,2025-11-18 03:40:00+00:00,2025-11-18 03:50:00+00:00,LONG,90672.4,90810.0,0.0015175510960336869,0.00011755109603368689,0.9744222015241293,8290.324623112341,15m
2025-11-19 00:20:00+00:00,2025-11-19 00:25:00+00:00,2025-11-19 00:35:00+00:00,LONG,92188.7,92315.7,0.001377609186375306,-2.2390813624694047e-05,-0.18562711352432035,8290.138995998817,15m
2025-11-20 01:10:00+00:00,2025-11-20 01:15:00+00:00,2025-11-20 01:25:00+00:00,SHORT,92217.5,92231.6,-0.00015287602079983031,-0.0015528760207998303,-12.873558055984144,8277.265437942833,15m
2025-11-20 09:50:00+00:00,2025-11-20 09:55:00+00:00,2025-11-20 10:05:00+00:00,LONG,91806.9,91666.3,-0.0015314753030544193,-0.0029314753030544195,-24.26459920815534,8253.000838734677,15m
2025-11-21 02:45:00+00:00,2025-11-21 02:50:00+00:00,2025-11-21 03:00:00+00:00,LONG,86172.1,85693.0,-0.005559804159350978,-0.006959804159350979,-57.43926956455272,8195.561569170124,15m
2025-11-21 12:30:00+00:00,2025-11-21 12:35:00+00:00,2025-11-21 12:45:00+00:00,LONG,81703.3,83202.0,0.01834320033584924,0.016943200335849243,138.8590415312364,8334.42061070136,15m
2025-11-22 22:55:00+00:00,2025-11-22 23:00:00+00:00,2025-11-22 23:10:00+00:00,SHORT,85074.1,85049.7,0.00028689107662938085,-0.0011131089233706191,-9.277117952895688,8325.143492748464,15m
2025-11-23 02:05:00+00:00,2025-11-23 02:10:00+00:00,2025-11-23 02:20:00+00:00,SHORT,85724.6,85960.9,-0.0027489242201976793,-0.0041489242201976795,-34.54038947368521,8290.60310327478,15m
2025-11-23 02:40:00+00:00,2025-11-23 02:45:00+00:00,2025-11-23 02:55:00+00:00,SHORT,86179.0,86004.1,0.0020336239783915744,0.0006336239783915744,5.253124921562499,8295.856228196342,15m
2025-11-23 04:20:00+00:00,2025-11-23 04:25:00+00:00,2025-11-23 04:35:00+00:00,SHORT,86560.1,86611.0,-0.0005876851670110206,-0.001987685167011021,-16.489550372441865,8279.3666778239,15m
2025-11-23 07:10:00+00:00,2025-11-23 07:15:00+00:00,2025-11-23 07:25:00+00:00,LONG,85868.0,85526.9,-0.003972376205338524,-0.005372376205338524,-44.47987253521379,8234.886805288686,15m
2025-11-23 07:35:00+00:00,2025-11-23 07:40:00+00:00,2025-11-23 07:50:00+00:00,LONG,85643.1,85702.2,0.0006900731057142284,-0.0007099268942857716,-5.846167614473477,8229.040637674212,15m
2025-11-24 00:25:00+00:00,2025-11-24 00:30:00+00:00,2025-11-24 00:40:00+00:00,LONG,86444.0,86876.0,0.004997454999768669,0.003597454999768669,29.603603385300648,8258.644241059514,15m
2025-11-24 09:35:00+00:00,2025-11-24 09:40:00+00:00,2025-11-24 09:50:00+00:00,LONG,86115.3,86024.0,-0.0010602064906004571,-0.0024602064906004573,-20.317970165414703,8238.326270894098,15m
2025-11-25 09:30:00+00:00,2025-11-25 09:35:00+00:00,2025-11-25 09:45:00+00:00,LONG,86840.6,87080.4,0.002761381197273982,0.0013613811972739821,11.215502482203508,8249.541773376302,15m
2025-11-25 17:40:00+00:00,2025-11-25 17:45:00+00:00,2025-11-25 17:55:00+00:00,SHORT,87934.9,87617.0,0.0036282913133296457,0.0022282913133296455,18.382382272564453,8267.924155648867,15m
2025-11-27 02:30:00+00:00,2025-11-27 02:35:00+00:00,2025-11-27 02:45:00+00:00,SHORT,91374.1,91787.1,-0.004499542964098491,-0.005899542964098491,-48.77697378015823,8219.147181868708,15m
2025-11-27 02:50:00+00:00,2025-11-27 02:55:00+00:00,2025-11-27 03:05:00+00:00,SHORT,91619.3,91472.3,0.0016070438810438237,0.0002070438810438237,1.7017241314045035,8220.848906000112,15m
2025-11-27 12:55:00+00:00,2025-11-27 13:00:00+00:00,2025-11-27 13:10:00+00:00,LONG,90985.3,90820.0,-0.0018167769958443714,-0.0032167769958443716,-26.44463764713353,8194.404268352979,15m
2025-11-27 13:35:00+00:00,2025-11-27 13:40:00+00:00,2025-11-27 13:50:00+00:00,LONG,90772.3,90980.9,0.0022980578877034308,0.0008980578877034308,7.359049388225054,8201.763317741204,15m
2025-11-28 05:55:00+00:00,2025-11-28 06:00:00+00:00,2025-11-28 06:10:00+00:00,SHORT,91600.0,91389.1,0.0023077150338497443,0.0009077150338497443,7.444863867591049,8209.208181608796,15m
2025-11-28 14:30:00+00:00,2025-11-28 14:35:00+00:00,2025-11-28 14:45:00+00:00,SHORT,92578.0,92173.8,0.004385194057313413,0.0029851940573134127,24.506079478987225,8233.714261087784,15m
2025-11-28 16:30:00+00:00,2025-11-28 16:35:00+00:00,2025-11-28 16:45:00+00:00,LONG,91378.0,91467.1,0.0009750705859179476,-0.0004249294140820524,-3.498747376683071,8230.2155137111,15m
2025-11-29 15:25:00+00:00,2025-11-29 15:30:00+00:00,2025-11-29 15:40:00+00:00,SHORT,90862.3,90870.3,-8.803756562925091e-05,-0.001488037565629251,-12.246869857626761,8217.968643853474,15m
2025-11-29 17:35:00+00:00,2025-11-29 17:40:00+00:00,2025-11-29 17:50:00+00:00,LONG,90620.3,90497.9,-0.0013506907392715206,-0.002750690739271521,-22.605090244271487,8195.363553609202,15m
2025-11-30 03:20:00+00:00,2025-11-30 03:25:00+00:00,2025-11-30 03:35:00+00:00,LONG,90716.6,90732.9,0.0001796804553961806,-0.0012203195446038194,-10.00096231960312,8185.3625912896,15m
2025-11-30 08:25:00+00:00,2025-11-30 08:30:00+00:00,2025-11-30 08:40:00+00:00,SHORT,91153.7,91176.4,-0.0002489679346848739,-0.0016489679346848739,-13.497400446805639,8171.865190842794,15m
2025-11-30 13:30:00+00:00,2025-11-30 13:35:00+00:00,2025-11-30 13:45:00+00:00,SHORT,91785.5,91645.5,0.0015276254698812775,0.00012762546988127747,1.0429381347877666,8172.908128977581,15m
2025-11-30 23:40:00+00:00,2025-11-30 23:45:00+00:00,2025-11-30 23:55:00+00:00,LONG,90660.1,90367.3,-0.003229645676543491,-0.004629645676543491,-37.83766878410822,8135.070460193473,15m
2025-12-01 02:50:00+00:00,2025-12-01 02:55:00+00:00,2025-12-01 03:05:00+00:00,LONG,86773.1,86471.0,-0.0034814936887123116,-0.004881493688712312,-39.7112951086644,8095.359165084808,15m
2025-12-01 12:50:00+00:00,2025-12-01 12:55:00+00:00,2025-12-01 13:05:00+00:00,LONG,85406.4,86077.1,0.007853041458251608,0.006453041458251608,52.239688311729395,8147.598853396537,15m
2025-12-01 21:35:00+00:00,2025-12-01 21:40:00+00:00,2025-12-01 21:50:00+00:00,SHORT,86373.5,86413.8,-0.00046636069701833094,-0.001866360697018331,-15.206358275050915,8132.392495121487,15m
2025-12-01 22:10:00+00:00,2025-12-01 22:15:00+00:00,2025-12-01 22:25:00+00:00,SHORT,86493.9,86426.8,0.000776379548936168,-0.000623620451063832,-5.071526276035784,8127.320968845451,15m
2025-12-03 14:05:00+00:00,2025-12-03 14:10:00+00:00,2025-12-03 14:20:00+00:00,LONG,92070.5,92292.9,0.002415540265340077,0.001015540265340077,8.25362169320528,8135.574590538656,15m
2025-12-03 22:00:00+00:00,2025-12-03 22:05:00+00:00,2025-12-03 22:15:00+00:00,SHORT,93526.0,93595.0,-0.000737218868529288,-0.002137218868529288,-17.38750352122665,8118.187087017429,15m
2025-12-05 13:45:00+00:00,2025-12-05 13:50:00+00:00,2025-12-05 14:00:00+00:00,LONG,90538.7,90528.0,-0.00011818150691356166,-0.0015181815069135616,-12.324881505174337,8105.862205512254,15m
2025-12-06 08:35:00+00:00,2025-12-06 08:40:00+00:00,2025-12-06 08:50:00+00:00,LONG,89326.1,89313.1,-0.0001455341719833747,-0.0015455341719833747,-12.527887032007714,8093.334318480246,15m
2025-12-06 14:20:00+00:00,2025-12-06 14:25:00+00:00,2025-12-06 14:35:00+00:00,SHORT,89931.0,90076.6,-0.0016164020400415424,-0.0030164020400415426,-24.412750149002044,8068.921568331244,15m
2025-12-07 07:45:00+00:00,2025-12-07 07:50:00+00:00,2025-12-07 08:00:00+00:00,LONG,89348.3,89293.2,-0.0006166877265711967,-0.002016687726571197,-16.272495093519233,8052.649073237725,15m
2025-12-08 01:40:00+00:00,2025-12-08 01:45:00+00:00,2025-12-08 01:55:00+00:00,SHORT,91254.0,90908.0,0.003806045672548164,0.0024060456725481637,19.37504145521261,8072.0241146929375,15m
2025-12-08 15:15:00+00:00,2025-12-08 15:20:00+00:00,2025-12-08 15:30:00+00:00,LONG,90399.1,90139.3,-0.002873922417369279,-0.004273922417369279,-34.49920481733155,8037.524909875606,15m
2025-12-08 22:00:00+00:00,2025-12-08 22:05:00+00:00,2025-12-08 22:15:00+00:00,SHORT,91262.5,90992.6,0.0029661752713956435,0.0015661752713956435,12.588172757073671,8050.11308263268,15m
2025-12-09 01:50:00+00:00,2025-12-09 01:55:00+00:00,2025-12-09 02:05:00+00:00,LONG,90067.3,90146.6,0.0008804527281267571,-0.0005195472718732429,-4.18241429035291,8045.9306683423265,15m
2025-12-09 20:25:00+00:00,2025-12-09 20:30:00+00:00,2025-12-09 20:40:00+00:00,LONG,93078.0,93027.9,-0.0005382582350287324,-0.0019382582350287324,-15.595091376384747,8030.335576965942,15m
2025-12-09 21:55:00+00:00,2025-12-09 22:00:00+00:00,2025-12-09 22:10:00+00:00,LONG,92645.2,92660.1,0.00016082862360922157,-0.0012391713763907784,-9.950961989788722,8020.384614976153,15m
2025-12-10 10:05:00+00:00,2025-12-10 10:10:00+00:00,2025-12-10 10:20:00+00:00,SHORT,92987.9,92722.0,0.0028677120855891136,0.0014677120855891136,11.77161543047349,8032.1562304066265,15m
2025-12-11 03:20:00+00:00,2025-12-11 03:25:00+00:00,2025-12-11 03:35:00+00:00,LONG,89896.9,89853.1,-0.00048722480975416094,-0.001887224809754161,-15.158484513844844,8016.9977458927815,15m
2025-12-11 18:45:00+00:00,2025-12-11 18:50:00+00:00,2025-12-11 19:00:00+00:00,SHORT,90870.5,90740.9,0.001428242391248169,2.8242391248169e-05,0.2264191869751929,8017.224165079757,15m
2025-12-13 21:30:00+00:00,2025-12-13 21:35:00+00:00,2025-12-13 21:45:00+00:00,LONG,89978.3,90037.8,0.000661270550788462,-0.000738729449211538,-5.922559591674801,8011.301605488082,15m
2025-12-15 18:35:00+00:00,2025-12-15 18:40:00+00:00,2025-12-15 18:50:00+00:00,LONG,85475.0,85984.8,0.005964317051769585,0.004564317051769585,36.56612052479831,8047.86772601288,15m
2025-12-16 04:50:00+00:00,2025-12-16 04:55:00+00:00,2025-12-16 05:05:00+00:00,LONG,85726.1,85923.0,0.00229685008416336,0.0008968500841633599,7.217730847410239,8055.08545686029,15m
2025-12-16 07:05:00+00:00,2025-12-16 07:10:00+00:00,2025-12-16 07:20:00+00:00,SHORT,86527.1,86166.3,0.004187251860646279,0.002787251860646279,22.451551927298627,8077.537008787589,15m
2025-12-18 13:15:00+00:00,2025-12-18 13:20:00+00:00,2025-12-18 13:30:00+00:00,SHORT,87699.5,88125.5,-0.004834015126155333,-0.0062340151261553334,-50.355487894861334,8027.181520892727,15m
2025-12-18 14:10:00+00:00,2025-12-18 14:15:00+00:00,2025-12-18 14:25:00+00:00,SHORT,88149.9,88522.4,-0.0042079744787759665,-0.005607974478775967,-45.016229105668465,7982.165291787059,15m
2025-12-19 03:35:00+00:00,2025-12-19 03:40:00+00:00,2025-12-19 03:50:00+00:00,SHORT,86973.9,87044.3,-0.0008087835734219562,-0.0022087835734219564,-17.630875576838132,7964.534416210221,15m
2025-12-20 21:20:00+00:00,2025-12-20 21:25:00+00:00,2025-12-20 21:35:00+00:00,SHORT,88346.9,88305.3,0.0004710929015585563,-0.0009289070984414437,-7.398312554998854,7957.1361036552225,15m
2025-12-21 09:05:00+00:00,2025-12-21 09:10:00+00:00,2025-12-21 09:20:00+00:00,SHORT,88585.1,88694.0,-0.001227816988747743,-0.0026278169887477432,-20.909897434963217,7936.226206220259,15m
2025-12-21 23:05:00+00:00,2025-12-21 23:10:00+00:00,2025-12-21 23:20:00+00:00,SHORT,88625.0,88623.0,2.25675050495866e-05,-0.0013774324949504134,-10.931615863724826,7925.294590356534,15m
2025-12-22 00:15:00+00:00,2025-12-22 00:20:00+00:00,2025-12-22 00:30:00+00:00,SHORT,89166.8,88911.7,0.0028691387072792285,0.0014691387072792285,11.64335704928346,7936.937947405818,15m
2025-12-22 12:30:00+00:00,2025-12-22 12:35:00+00:00,2025-12-22 12:45:00+00:00,SHORT,90256.0,90128.2,0.0014179801660301194,1.7980166030119463e-05,0.14270746206511217,7937.080654867883,15m
2025-12-22 19:05:00+00:00,2025-12-22 19:10:00+00:00,2025-12-22 19:20:00+00:00,LONG,88929.3,88745.9,-0.002062312421215573,-0.003462312421215573,-27.480652939538906,7909.600001928344,15m
2025-12-23 03:10:00+00:00,2025-12-23 03:15:00+00:00,2025-12-23 03:25:00+00:00,LONG,88122.1,88219.0,0.0010996106538541106,-0.0003003893461458894,-2.3759595728547804,7907.224042355489,15m
2025-12-23 05:35:00+00:00,2025-12-23 05:40:00+00:00,2025-12-23 05:50:00+00:00,LONG,87765.9,87798.0,0.000365745693942765,-0.001034254306057235,-8.17808051476546,7899.045961840723,15m
2025-12-24 02:50:00+00:00,2025-12-24 02:55:00+00:00,2025-12-24 03:05:00+00:00,LONG,87182.0,87016.5,-0.0018983276364387125,-0.0032983276364387127,-26.05364159743887,7872.992320243284,15m
2025-12-24 05:45:00+00:00,2025-12-24 05:50:00+00:00,2025-12-24 06:00:00+00:00,LONG,86929.5,86938.9,0.00010813360251682447,-0.0012918663974831755,-10.170854226165398,7862.821466017118,15m
2025-12-24 14:40:00+00:00,2025-12-24 14:45:00+00:00,2025-12-24 14:55:00+00:00,LONG,86995.6,86988.0,-8.736074008341976e-05,-0.0014873607400834197,-11.69485195483902,7851.126614062279,15m
2025-12-24 22:10:00+00:00,2025-12-24 22:15:00+00:00,2025-12-24 22:25:00+00:00,SHORT,87809.8,87788.9,0.00023807110010509724,-0.0011619288998949027,-9.122450909612978,7842.0041631526665,15m
2025-12-24 23:00:00+00:00,2025-12-24 23:05:00+00:00,2025-12-24 23:15:00+00:00,SHORT,87824.9,87788.0,0.0004203307969197212,-0.0009796692030802788,-7.682569969068001,7834.321593183598,15m
2025-12-25 15:30:00+00:00,2025-12-25 15:35:00+00:00,2025-12-25 15:45:00+00:00,SHORT,87957.5,88400.9,-0.005015786038377379,-0.006415786038377379,-50.26333109770576,7784.058262085893,15m
2025-12-25 22:50:00+00:00,2025-12-25 22:55:00+00:00,2025-12-25 23:05:00+00:00,LONG,87524.7,87651.9,0.001453304038745662,5.3304038745661956e-05,0.4149217432007165,7784.473183829094,15m
2025-12-26 07:30:00+00:00,2025-12-26 07:35:00+00:00,2025-12-26 07:45:00+00:00,SHORT,89173.2,88651.1,0.005889379827210162,0.004489379827210161,34.94745687694079,7819.420640706035,15m
2025-12-26 20:50:00+00:00,2025-12-26 20:55:00+00:00,2025-12-26 21:05:00+00:00,SHORT,87671.2,87595.0,0.0008699126662481405,-0.0005300873337518595,-4.144975838916119,7815.275664867118,15m
2025-12-27 07:25:00+00:00,2025-12-27 07:30:00+00:00,2025-12-27 07:40:00+00:00,SHORT,87587.0,87549.2,0.00043175722907817793,-0.0009682427709218221,-7.567084165268824,7807.708580701849,15m
2025-12-27 13:35:00+00:00,2025-12-27 13:40:00+00:00,2025-12-27 13:50:00+00:00,LONG,87448.1,87464.1,0.00018296566763598143,-0.0012170343323640186,-9.502249399807294,7798.206331302042,15m
2025-12-27 22:15:00+00:00,2025-12-27 22:20:00+00:00,2025-12-27 22:30:00+00:00,SHORT,87770.6,87609.3,0.0018411287386157493,0.00044112873861574934,3.44001292239262,7801.646344224434,15m
2025-12-28 00:05:00+00:00,2025-12-28 00:10:00+00:00,2025-12-28 00:20:00+00:00,SHORT,87827.0,87774.5,0.0005981236008179014,-0.0008018763991820986,-6.255956078198873,7795.390388146235,15m
2025-12-28 18:20:00+00:00,2025-12-28 18:25:00+00:00,2025-12-28 18:35:00+00:00,LONG,87664.1,87741.9,0.0008874784546921699,-0.0005125215453078301,-3.9953055280105136,7791.3950826182245,15m
2025-12-28 23:00:00+00:00,2025-12-28 23:05:00+00:00,2025-12-28 23:15:00+00:00,SHORT,87793.1,87795.0,-2.164132353776882e-05,-0.0014216413235377688,-11.076569217459037,7780.318513400765,15m
2025-12-29 01:00:00+00:00,2025-12-29 01:05:00+00:00,2025-12-29 01:15:00+00:00,SHORT,88071.3,88041.3,0.0003407491711275856,-0.0010592508288724144,-8.241308834211152,7772.077204566554,15m
2025-12-29 12:25:00+00:00,2025-12-29 12:30:00+00:00,2025-12-29 12:40:00+00:00,LONG,87265.7,87302.8,0.0004251383991649149,-0.0009748616008350851,-7.576699625457624,7764.500504941097,15m
2025-12-30 15:00:00+00:00,2025-12-30 15:05:00+00:00,2025-12-30 15:15:00+00:00,SHORT,88285.4,88329.0,-0.0004936091204474913,-0.0018936091204474913,-14.702928971875611,7749.797575969221,15m
2025-12-30 15:55:00+00:00,2025-12-30 16:00:00+00:00,2025-12-30 16:10:00+00:00,SHORT,89000.6,88960.5,0.0004507618549807191,-0.0009492381450192809,-7.356403475287943,7742.441172493933,15m
2025-12-31 08:10:00+00:00,2025-12-31 08:15:00+00:00,2025-12-31 08:25:00+00:00,SHORT,88697.0,88653.1,0.0004951885495261266,-0.0009048114504738734,-7.005449427492873,7735.43572306644,15m
2025-12-31 10:20:00+00:00,2025-12-31 10:25:00+00:00,2025-12-31 10:35:00+00:00,SHORT,88801.5,88677.8,0.0013949376281323644,-5.062371867635548e-06,-0.03915965218835459,7735.396563414251,15m
2025-12-31 20:40:00+00:00,2025-12-31 20:45:00+00:00,2025-12-31 20:55:00+00:00,LONG,87428.9,87660.0,0.002643290719659186,0.001243290719659186,9.617346760176499,7745.013910174428,15m
2026-01-01 01:15:00+00:00,2026-01-01 01:20:00+00:00,2026-01-01 01:30:00+00:00,SHORT,87947.0,87890.1,0.0006473994226880997,-0.0007526005773119003,-5.828901940085973,7739.185008234342,15m
2026-01-01 04:45:00+00:00,2026-01-01 04:50:00+00:00,2026-01-01 05:00:00+00:00,LONG,87608.4,87673.1,0.0007385136585078556,-0.0006614863414921444,-5.119365177227786,7734.065643057114,15m
2026-01-01 22:10:00+00:00,2026-01-01 22:15:00+00:00,2026-01-01 22:25:00+00:00,SHORT,88513.1,88536.0,-0.0002586518478358002,-0.0016586518478358002,-12.828122270140058,7721.2375207869745,15m
2026-01-01 23:00:00+00:00,2026-01-01 23:05:00+00:00,2026-01-01 23:15:00+00:00,SHORT,88498.9,88690.1,-0.00215582122469149,-0.00355582122469149,-27.455340257298623,7693.782180529676,15m
2026-01-02 03:15:00+00:00,2026-01-02 03:20:00+00:00,2026-01-02 03:30:00+00:00,SHORT,88865.0,88853.4,0.00013055212293511254,-0.0012694478770648875,-9.766855455673058,7684.015325074003,15m
2026-01-02 14:35:00+00:00,2026-01-02 14:40:00+00:00,2026-01-02 14:50:00+00:00,LONG,89129.7,89708.2,0.0064905413122673394,0.005090541312267339,39.11579745638456,7723.131122530388,15m
2026-01-03 13:00:00+00:00,2026-01-03 13:05:00+00:00,2026-01-03 13:15:00+00:00,SHORT,90019.0,90006.9,0.00013443413782732172,-0.0012655658621726783,-9.774131097757815,7713.35699143263,15m
2026-01-04 18:35:00+00:00,2026-01-04 18:40:00+00:00,2026-01-04 18:50:00+00:00,LONG,91164.5,91189.6,0.00027532647028172264,-0.0011246735297182774,-8.675008433531689,7704.681982999098,15m
2026-01-04 19:10:00+00:00,2026-01-04 19:15:00+00:00,2026-01-04 19:25:00+00:00,LONG,91018.2,91127.6,0.001201957410715826,-0.00019804258928417403,-1.525855169524266,7703.156127829574,15m
2026-01-05 18:00:00+00:00,2026-01-05 18:05:00+00:00,2026-01-05 18:15:00+00:00,SHORT,94249.0,93981.2,0.002849506071427088,0.0014495060714270881,11.165771576439747,7714.3218994060135,15m
2026-01-06 08:00:00+00:00,2026-01-06 08:05:00+00:00,2026-01-06 08:15:00+00:00,LONG,93347.6,93365.0,0.00018640007884496157,-0.0012135999211550384,-9.362100448883725,7704.959798957129,15m
2026-01-06 14:30:00+00:00,2026-01-06 14:35:00+00:00,2026-01-06 14:45:00+00:00,SHORT,94062.0,93861.0,0.002141464506024926,0.000741464506024926,5.712954211275661,7710.672753168405,15m
2026-01-07 02:05:00+00:00,2026-01-07 02:10:00+00:00,2026-01-07 02:20:00+00:00,LONG,92554.2,92581.1,0.0002906405111815502,-0.0011093594888184498,-8.55390798390125,7702.118845184504,15m
2026-01-07 14:20:00+00:00,2026-01-07 14:25:00+00:00,2026-01-07 14:35:00+00:00,LONG,91578.1,91780.0,0.002204675571997994,0.0008046755719979938,6.197706887345368,7708.316552071849,15m
2026-01-08 06:35:00+00:00,2026-01-08 06:40:00+00:00,2026-01-08 06:50:00+00:00,LONG,90380.9,90088.0,-0.0032407289593264776,-0.004640728959326478,-35.77220785085546,7672.544344220994,15m
2026-01-09 08:05:00+00:00,2026-01-09 08:10:00+00:00,2026-01-09 08:20:00+00:00,LONG,90686.0,90837.1,0.0016661888273825642,0.00026618882738256426,2.042345582028912,7674.586689803024,15m
2026-01-09 08:55:00+00:00,2026-01-09 09:00:00+00:00,2026-01-09 09:10:00+00:00,LONG,90033.2,90159.8,0.0014061479543101552,6.147954310155171e-06,0.04718300831823401,7674.6338728113415,15m
2026-01-10 05:05:00+00:00,2026-01-10 05:10:00+00:00,2026-01-10 05:20:00+00:00,LONG,90499.5,90541.3,0.00046188100486754813,-0.0009381189951324519,-7.199719816771253,7667.4341529945705,15m
2026-01-11 15:00:00+00:00,2026-01-11 15:05:00+00:00,2026-01-11 15:15:00+00:00,SHORT,91052.0,90921.0,0.00144081125372586,4.0811253725859956e-05,0.31291760064418556,7667.747070595215,15m
2026-01-12 01:05:00+00:00,2026-01-12 01:10:00+00:00,2026-01-12 01:20:00+00:00,SHORT,91525.0,91536.1,-0.00012126363259967743,-0.0015212636325996774,-11.664664762469211,7656.082405832745,15m
2026-01-12 14:25:00+00:00,2026-01-12 14:30:00+00:00,2026-01-12 14:40:00+00:00,LONG,90289.9,90801.2,0.00566287037642077,0.00426287037642077,32.636886887260665,7688.719292720006,15m
2026-01-12 16:30:00+00:00,2026-01-12 16:35:00+00:00,2026-01-12 16:45:00+00:00,SHORT,92042.4,92038.8,3.911393890398962e-05,-0.0013608860610960104,-10.463470913142631,7678.255821806863,15m
2026-01-13 05:30:00+00:00,2026-01-13 05:35:00+00:00,2026-01-13 05:45:00+00:00,SHORT,91877.0,92109.6,-0.002525252525252597,-0.003925252525252597,-30.139093054082846,7648.116728752781,15m
2026-01-14 06:10:00+00:00,2026-01-14 06:15:00+00:00,2026-01-14 06:25:00+00:00,LONG,94871.0,94710.0,-0.001697041245480757,-0.0030970412454807573,-23.686532959198725,7624.430195793582,15m
2026-01-14 06:35:00+00:00,2026-01-14 06:40:00+00:00,2026-01-14 06:50:00+00:00,LONG,94785.1,94978.9,0.002044625157329394,0.0006446251573293939,4.914899514510419,7629.345095308093,15m
2026-01-14 14:25:00+00:00,2026-01-14 14:30:00+00:00,2026-01-14 14:40:00+00:00,SHORT,95633.1,95858.1,-0.0023472194837994564,-0.0037472194837994566,-28.588830589768307,7600.756264718325,15m
2026-01-14 15:00:00+00:00,2026-01-14 15:05:00+00:00,2026-01-14 15:15:00+00:00,SHORT,96369.4,96897.1,-0.005445983419524514,-0.006845983419524514,-52.03465136410873,7548.721613354216,15m
2026-01-14 16:45:00+00:00,2026-01-14 16:50:00+00:00,2026-01-14 17:00:00+00:00,SHORT,97486.9,97382.5,0.0010720612019612386,-0.00032793879803876143,-2.4755186926126016,7546.246094661604,15m
2026-01-15 14:45:00+00:00,2026-01-15 14:50:00+00:00,2026-01-15 15:00:00+00:00,LONG,96025.1,96101.1,0.0007914597329239381,-0.0006085402670760619,-4.592194613867061,7541.653900047737,15m
2026-01-18 09:55:00+00:00,2026-01-18 10:00:00+00:00,2026-01-18 10:10:00+00:00,SHORT,95275.1,95146.0,0.0013568620856367897,-4.3137914363210314e-05,-0.32533122009723037,7541.32856882764,15m
2026-01-18 13:25:00+00:00,2026-01-18 13:30:00+00:00,2026-01-18 13:40:00+00:00,LONG,94976.9,95177.7,0.002114198294532743,0.0007141982945327431,5.386004002367753,7546.7145728300075,15m
2026-01-19 22:15:00+00:00,2026-01-19 22:20:00+00:00,2026-01-19 22:30:00+00:00,LONG,92968.5,92838.1,-0.0014026256205058596,-0.00280262562050586,-21.150615612458314,7525.563957217549,15m
2026-01-20 15:10:00+00:00,2026-01-20 15:15:00+00:00,2026-01-20 15:25:00+00:00,LONG,90297.6,90627.7,0.0036556896307320397,0.0022556896307320395,16.975336583706397,7542.539293801256,15m
2026-01-20 22:35:00+00:00,2026-01-20 22:40:00+00:00,2026-01-20 22:50:00+00:00,LONG,88550.7,88463.5,-0.000984746591500607,-0.0023847465915006073,-17.98704487215194,7524.552248929103,15m
2026-01-21 03:45:00+00:00,2026-01-21 03:50:00+00:00,2026-01-21 04:00:00+00:00,SHORT,89493.9,89472.0,0.00024476931330474905,-0.001155230686695251,-8.692593661604663,7515.859655267499,15m
2026-01-21 07:55:00+00:00,2026-01-21 08:00:00+00:00,2026-01-21 08:10:00+00:00,LONG,89212.5,89151.0,-0.0006893652795292304,-0.0020893652795292306,-15.703376209530445,7500.156279057968,15m
2026-01-21 14:35:00+00:00,2026-01-21 14:40:00+00:00,2026-01-21 14:50:00+00:00,SHORT,89794.9,89655.5,0.0015548404726981602,0.00015484047269816018,1.16132774355941,7501.317606801527,15m
2026-01-23 02:00:00+00:00,2026-01-23 02:05:00+00:00,2026-01-23 02:15:00+00:00,SHORT,89832.0,89884.3,-0.0005818591233397452,-0.0019818591233397454,-14.866554736108672,7486.4510520654185,15m
2026-01-23 14:30:00+00:00,2026-01-23 14:35:00+00:00,2026-01-23 14:45:00+00:00,SHORT,89134.1,88795.5,0.003813256302402701,0.002413256302402701,18.0667251840262,7504.517777249444,15m
2026-01-23 17:30:00+00:00,2026-01-23 17:35:00+00:00,2026-01-23 17:45:00+00:00,SHORT,90839.1,90911.5,-0.0007963788959591822,-0.0021963788959591824,-16.48276447030119,7488.0350127791435,15m
2026-01-24 07:25:00+00:00,2026-01-24 07:30:00+00:00,2026-01-24 07:40:00+00:00,LONG,89597.5,89649.9,0.0005848377465889065,-0.0008151622534110935,-6.103963494638212,7481.931049284505,15m
2026-01-24 14:05:00+00:00,2026-01-24 14:10:00+00:00,2026-01-24 14:20:00+00:00,LONG,89484.7,89442.0,-0.0004771765452641352,-0.0018771765452641352,-14.044905479000354,7467.886143805505,15m
2026-01-24 15:45:00+00:00,2026-01-24 15:50:00+00:00,2026-01-24 16:00:00+00:00,LONG,89362.7,89255.3,-0.001201843722268836,-0.0026018437222688363,-19.43027268187878,7448.455871123626,15m
2026-01-24 16:20:00+00:00,2026-01-24 16:25:00+00:00,2026-01-24 16:35:00+00:00,LONG,89229.2,89200.1,-0.00032612642498186517,-0.0017261264249818652,-12.856976504457808,7435.598894619168,15m
2026-01-25 06:15:00+00:00,2026-01-25 06:20:00+00:00,2026-01-25 06:30:00+00:00,LONG,88743.3,88761.0,0.00019945167691526322,-0.0012005483230847368,-8.926795784065765,7426.672098835103,15m
2026-01-25 15:55:00+00:00,2026-01-25 16:00:00+00:00,2026-01-25 16:10:00+00:00,LONG,88456.1,87907.4,-0.00620307700656042,-0.00760307700656042,-56.46555986991699,7370.206538965185,15m
2026-01-25 16:25:00+00:00,2026-01-25 16:30:00+00:00,2026-01-25 16:40:00+00:00,LONG,88044.7,87940.4,-0.0011846255368012093,-0.0025846255368012095,-19.049224032108675,7351.157314933076,15m
2026-01-26 01:45:00+00:00,2026-01-26 01:50:00+00:00,2026-01-26 02:00:00+00:00,SHORT,87543.0,87498.3,0.0005108670682745231,-0.0008891329317254769,-6.536156055001631,7344.621158878074,15m
2026-01-27 09:35:00+00:00,2026-01-27 09:40:00+00:00,2026-01-27 09:50:00+00:00,LONG,88049.0,87940.0,-0.001237947052209587,-0.002637947052209587,-19.37472173565858,7325.246437142416,15m
2026-01-28 12:00:00+00:00,2026-01-28 12:05:00+00:00,2026-01-28 12:15:00+00:00,SHORT,89934.0,89864.1,0.0007778412068890628,-0.0006221587931109372,-4.5574664825727185,7320.688970659843,15m
2026-01-28 15:15:00+00:00,2026-01-28 15:20:00+00:00,2026-01-28 15:30:00+00:00,LONG,89184.8,89230.0,0.0005068128201217714,-0.0008931871798782286,-6.538745536469317,7314.150225123374,15m
2026-01-30 14:45:00+00:00,2026-01-30 14:50:00+00:00,2026-01-30 15:00:00+00:00,SHORT,83519.3,83231.1,0.003462647976537614,0.0020626479765376137,15.08651716194286,7329.236742285317,15m
2026-01-31 07:40:00+00:00,2026-01-31 07:45:00+00:00,2026-01-31 07:55:00+00:00,LONG,83485.2,83552.0,0.00080014182154442,-0.00059985817845558,-4.396502601696979,7324.84023968362,15m
2026-01-31 18:45:00+00:00,2026-01-31 18:50:00+00:00,2026-01-31 19:00:00+00:00,LONG,78009.0,77909.0,-0.0012819033701239047,-0.002681903370123905,-19.64451372442669,7305.195725959194,15m
2026-02-01 07:05:00+00:00,2026-02-01 07:10:00+00:00,2026-02-01 07:20:00+00:00,LONG,78245.0,78108.1,-0.0017496325643809874,-0.0031496325643809876,-23.008682347657885,7282.187043611536,15m
2026-02-01 14:40:00+00:00,2026-02-01 14:45:00+00:00,2026-02-01 14:55:00+00:00,LONG,77898.1,78209.3,0.003994962649923384,0.0025949626499233835,18.89700338792792,7301.084046999464,15m
2026-02-01 20:05:00+00:00,2026-02-01 20:10:00+00:00,2026-02-01 20:20:00+00:00,LONG,77174.9,77285.7,0.0014356999490767741,3.569994907677413e-05,0.26064832868312887,7301.344695328146,15m
2026-02-02 03:45:00+00:00,2026-02-02 03:50:00+00:00,2026-02-02 04:00:00+00:00,LONG,75922.0,75738.0,-0.0024235399488948817,-0.003823539948894882,-27.916983123238897,7273.427712204907,15m
2026-02-03 15:00:00+00:00,2026-02-03 15:05:00+00:00,2026-02-03 15:15:00+00:00,LONG,77420.0,77325.1,-0.001225781451821173,-0.002625781451821173,-19.098431577869754,7254.329280627037,15m
2026-02-03 19:10:00+00:00,2026-02-03 19:15:00+00:00,2026-02-03 19:25:00+00:00,LONG,74583.3,74930.4,0.004653856828539249,0.0032538568285392488,23.604548866240503,7277.933829493278,15m
2026-02-04 21:50:00+00:00,2026-02-04 21:55:00+00:00,2026-02-04 22:05:00+00:00,LONG,72420.1,72181.1,-0.0033001887597503554,-0.004700188759750356,-34.20766277959117,7243.726166713686,15m
2026-02-05 11:30:00+00:00,2026-02-05 11:35:00+00:00,2026-02-05 11:45:00+00:00,LONG,70208.0,70510.0,0.0043015041020966205,0.0029015041020966203,21.017701187184386,7264.743867900871,15m
2026-02-05 20:55:00+00:00,2026-02-05 21:00:00+00:00,2026-02-05 21:10:00+00:00,LONG,63774.9,63441.5,-0.0052277620192270335,-0.006627762019227034,-48.14899348708589,7216.594874413785,15m
2026-02-06 23:05:00+00:00,2026-02-06 23:10:00+00:00,2026-02-06 23:20:00+00:00,SHORT,71400.0,70594.9,0.0114045065578392,0.0100045065578392,72.19847074634147,7288.793345160127,15m
2026-02-07 04:25:00+00:00,2026-02-07 04:30:00+00:00,2026-02-07 04:40:00+00:00,SHORT,71152.9,70702.4,0.006371778044309773,0.0049717780443097725,36.2382627229783,7325.031607883105,15m
2026-02-07 07:40:00+00:00,2026-02-07 07:45:00+00:00,2026-02-07 07:55:00+00:00,LONG,68493.0,68096.9,-0.00578307272276013,-0.00718307272276013,-52.61623473594091,7272.415373147163,15m
2026-02-07 12:20:00+00:00,2026-02-07 12:25:00+00:00,2026-02-07 12:35:00+00:00,SHORT,69264.4,69296.4,-0.00046178445056310746,-0.0018617844505631074,-13.539669859761487,7258.875703287402,15m
2026-02-07 23:10:00+00:00,2026-02-07 23:15:00+00:00,2026-02-07 23:25:00+00:00,LONG,69068.1,69035.3,-0.00047489361948571673,-0.0018748936194857167,-13.609619740733445,7245.266083546669,15m
2026-02-08 23:10:00+00:00,2026-02-08 23:15:00+00:00,2026-02-08 23:25:00+00:00,SHORT,71363.1,70515.9,0.01201431166587974,0.01061431166587974,76.90351231299222,7322.169595859661,15m
2026-02-09 03:55:00+00:00,2026-02-09 04:00:00+00:00,2026-02-09 04:10:00+00:00,SHORT,71305.4,71040.1,0.003734510508853317,0.002334510508853317,17.09368186914062,7339.263277728802,15m
2026-02-09 10:50:00+00:00,2026-02-09 10:55:00+00:00,2026-02-09 11:05:00+00:00,LONG,68768.0,68853.4,0.0012418566775243,-0.00015814332247569992,-1.1606554792639283,7338.1026222495375,15m
2026-02-10 06:55:00+00:00,2026-02-10 07:00:00+00:00,2026-02-10 07:10:00+00:00,LONG,68919.0,69124.8,0.0029861141339833086,0.0015861141339833086,11.639068285769971,7349.7416905353075,15m
2026-02-10 14:20:00+00:00,2026-02-10 14:25:00+00:00,2026-02-10 14:35:00+00:00,SHORT,69313.9,68582.0,0.010671896415969107,0.009271896415969106,68.14604363877304,7417.887734174081,15m
2026-02-11 03:20:00+00:00,2026-02-11 03:25:00+00:00,2026-02-11 03:35:00+00:00,LONG,68247.2,68394.8,0.0021627260898615663,0.0007627260898615664,5.657816506518671,7423.545550680599,15m
2026-02-11 15:10:00+00:00,2026-02-11 15:15:00+00:00,2026-02-11 15:25:00+00:00,LONG,66107.2,66194.9,0.0013266331050172386,-7.336689498276135e-05,-0.5446424868165288,7423.000908193782,15m
2026-02-11 21:30:00+00:00,2026-02-11 21:35:00+00:00,2026-02-11 21:45:00+00:00,SHORT,68102.0,67915.9,0.002740153631182185,0.001340153631182185,9.947961621384556,7432.948869815167,15m
2026-02-12 05:00:00+00:00,2026-02-12 05:05:00+00:00,2026-02-12 05:15:00+00:00,LONG,67171.0,66705.0,-0.006937517678760163,-0.008337517678760164,-61.972342607404336,7370.976527207763,15m
2026-02-12 23:10:00+00:00,2026-02-12 23:15:00+00:00,2026-02-12 23:25:00+00:00,SHORT,66308.5,66396.9,-0.0013313874593542385,-0.0027313874593542387,-20.132992849609742,7350.843534358153,15m
2026-02-14 21:20:00+00:00,2026-02-14 21:25:00+00:00,2026-02-14 21:35:00+00:00,SHORT,70035.0,69746.3,0.004139287675475112,0.0027392876754751116,20.136075098013198,7370.979609456166,15m
2026-02-15 07:20:00+00:00,2026-02-15 07:25:00+00:00,2026-02-15 07:35:00+00:00,SHORT,70647.0,70775.1,-0.0018099585871302892,-0.0032099585871302894,-23.660539292936086,7347.31907016323,15m
2026-02-16 09:40:00+00:00,2026-02-16 09:45:00+00:00,2026-02-16 09:55:00+00:00,SHORT,69026.2,68994.5,0.0004594569132321258,-0.0009405430867678742,-6.910470157719792,7340.40860000551,15m
2026-02-16 21:00:00+00:00,2026-02-16 21:05:00+00:00,2026-02-16 21:15:00+00:00,SHORT,68452.4,68502.1,-0.0007255252028771642,-0.0021255252028771644,-15.602223478727995,7324.8063765267825,15m
2026-02-17 15:00:00+00:00,2026-02-17 15:05:00+00:00,2026-02-17 15:15:00+00:00,LONG,67100.6,67144.6,0.0006557318414439628,-0.0007442681585560372,-5.451620153637108,7319.354756373145,15m
2026-02-18 01:40:00+00:00,2026-02-18 01:45:00+00:00,2026-02-18 01:55:00+00:00,LONG,67175.0,67163.4,-0.00017268328991448811,-0.001572683289914488,-11.511026918304175,7307.843729454841,15m
2026-02-18 04:55:00+00:00,2026-02-18 05:00:00+00:00,2026-02-18 05:10:00+00:00,SHORT,67823.0,67868.0,-0.0006630518064477675,-0.0020630518064477677,-15.076460207289802,7292.767269247552,15m
2026-02-18 10:45:00+00:00,2026-02-18 10:50:00+00:00,2026-02-18 11:00:00+00:00,LONG,67814.5,67780.4,-0.0005028423124848747,-0.0019028423124848746,-13.876986135029016,7278.890283112522,15m
2026-02-18 13:55:00+00:00,2026-02-18 14:00:00+00:00,2026-02-18 14:10:00+00:00,LONG,67241.0,67287.6,0.0006930295504232742,-0.0007069704495767258,-5.145960335871721,7273.744322776651,15m
2026-02-18 14:50:00+00:00,2026-02-18 14:55:00+00:00,2026-02-18 15:05:00+00:00,LONG,67213.1,67378.8,0.002465293224088727,0.001065293224088727,7.748670540807813,7281.492993317459,15m
2026-02-18 18:45:00+00:00,2026-02-18 18:50:00+00:00,2026-02-18 19:00:00+00:00,LONG,66521.9,66538.0,0.00024202555850028062,-0.0011579744414997194,-8.431782782220905,7273.061210535238,15m
2026-02-19 06:30:00+00:00,2026-02-19 06:35:00+00:00,2026-02-19 06:45:00+00:00,SHORT,67137.0,67143.0,-8.936151199678832e-05,-0.0014893615119967883,-10.832217441367954,7262.2289930938705,15m
2026-02-19 12:05:00+00:00,2026-02-19 12:10:00+00:00,2026-02-19 12:20:00+00:00,LONG,66541.0,66637.3,0.0014472280248267744,4.722802482677439e-05,0.3429807311835581,7262.571973825054,15m
2026-02-20 09:05:00+00:00,2026-02-20 09:10:00+00:00,2026-02-20 09:20:00+00:00,SHORT,68127.1,68153.5,-0.0003873608838870224,-0.0017873608838870224,-12.980837062429064,7249.591136762625,15m
2026-02-20 13:40:00+00:00,2026-02-20 13:45:00+00:00,2026-02-20 13:55:00+00:00,LONG,66636.1,66815.9,0.0026982371417292317,0.0012982371417292317,9.411688476096282,7259.002825238721,15m
2026-02-21 09:00:00+00:00,2026-02-21 09:05:00+00:00,2026-02-21 09:15:00+00:00,SHORT,68034.1,68119.0,-0.0012463483022356892,-0.0026463483022356894,-19.209849802494563,7239.792975436227,15m
2026-02-21 09:30:00+00:00,2026-02-21 09:35:00+00:00,2026-02-21 09:45:00+00:00,SHORT,68207.9,68195.3,0.0001847634661038544,-0.0012152365338961456,-8.798060921594782,7230.994914514632,15m
2026-02-23 06:40:00+00:00,2026-02-23 06:45:00+00:00,2026-02-23 06:55:00+00:00,SHORT,65538.1,65758.2,-0.003347111082724119,-0.004747111082724119,-34.326336097814156,7196.668578416818,15m
2026-02-23 07:05:00+00:00,2026-02-23 07:10:00+00:00,2026-02-23 07:20:00+00:00,SHORT,65742.0,65734.0,0.00012170261964894458,-0.0012782973803510554,-9.199482591044973,7187.4690958257725,15m
2026-02-24 01:20:00+00:00,2026-02-24 01:25:00+00:00,2026-02-24 01:35:00+00:00,LONG,64243.9,64150.4,-0.0014553910954969718,-0.002855391095496972,-20.523035255380584,7166.946060570392,15m
2026-02-24 04:20:00+00:00,2026-02-24 04:25:00+00:00,2026-02-24 04:35:00+00:00,LONG,63285.9,63309.0,0.00036501021554569135,-0.0010349897844543086,-7.417715958425406,7159.5283446119665,15m
2026-02-24 13:35:00+00:00,2026-02-24 13:40:00+00:00,2026-02-24 13:50:00+00:00,LONG,62963.1,62978.0,0.00023664654376931438,-0.0011633534562306856,-8.329062044685891,7151.1992825672805,15m
2026-02-25 13:50:00+00:00,2026-02-25 13:55:00+00:00,2026-02-25 14:05:00+00:00,SHORT,66293.4,66430.0,-0.002056299864519162,-0.0034562998645191623,-24.716689111486822,7126.482593455794,15m
2026-02-27 17:30:00+00:00,2026-02-27 17:35:00+00:00,2026-02-27 17:45:00+00:00,LONG,65299.0,65431.5,0.002029127551723686,0.0006291275517236862,4.483466546422309,7130.966060002216,15m
2026-02-27 22:35:00+00:00,2026-02-27 22:40:00+00:00,2026-02-27 22:50:00+00:00,LONG,65281.0,65615.7,0.005127066068228103,0.003727066068228103,26.577581635920506,7157.543641638136,15m
2026-02-28 14:00:00+00:00,2026-02-28 14:05:00+00:00,2026-02-28 14:15:00+00:00,SHORT,64808.6,64841.7,-0.0005104739696830674,-0.0019104739696830673,-13.674300814220208,7143.869340823916,15m
2026-02-28 19:40:00+00:00,2026-02-28 19:45:00+00:00,2026-02-28 19:55:00+00:00,SHORT,66380.0,66358.7,0.00032098277995196156,-0.0010790172200480384,-7.708358036522235,7136.160982787394,15m
2026-03-01 02:05:00+00:00,2026-03-01 02:10:00+00:00,2026-03-01 02:20:00+00:00,SHORT,67770.1,67638.5,0.0019456374697843781,0.0005456374697843781,3.8937568226221146,7140.0547396100155,15m
2026-03-01 13:55:00+00:00,2026-03-01 14:00:00+00:00,2026-03-01 14:10:00+00:00,SHORT,66948.1,67072.0,-0.0018472686068701227,-0.003247268606870123,-23.185675607269832,7116.869064002745,15m
2026-03-02 00:45:00+00:00,2026-03-02 00:50:00+00:00,2026-03-02 01:00:00+00:00,SHORT,66575.0,66545.5,0.00044330570812456394,-0.000956694291875436,-6.808668009556304,7110.060395993189,15m
2026-03-03 16:30:00+00:00,2026-03-03 16:35:00+00:00,2026-03-03 16:45:00+00:00,SHORT,68363.7,68072.6,0.004276316755933873,0.002876316755933873,20.450785852697038,7130.511181845885,15m
2026-03-04 03:35:00+00:00,2026-03-04 03:40:00+00:00,2026-03-04 03:50:00+00:00,LONG,67631.3,67598.8,-0.00048054672910324836,-0.0018805467291032483,-13.409259479854418,7117.101922366031,15m
2026-03-04 14:35:00+00:00,2026-03-04 14:40:00+00:00,2026-03-04 14:50:00+00:00,SHORT,71906.8,71707.4,0.002780745083492242,0.001380745083492242,9.826903488020083,7126.928825854052,15m
2026-03-04 23:35:00+00:00,2026-03-04 23:40:00+00:00,2026-03-04 23:50:00+00:00,LONG,72701.1,72659.7,-0.0005694549325939713,-0.0019694549325939715,-14.036165130324424,7112.892660723727,15m
2026-03-06 01:30:00+00:00,2026-03-06 01:35:00+00:00,2026-03-06 01:45:00+00:00,LONG,70849.5,71162.3,0.0044149923429241955,0.0030149923429241953,21.445316908123743,7134.337977631851,15m
2026-03-06 04:55:00+00:00,2026-03-06 05:00:00+00:00,2026-03-06 05:10:00+00:00,LONG,70622.6,70544.9,-0.0011002143789666796,-0.00250021437896668,-17.837374396083217,7116.500603235768,15m
2026-03-06 12:15:00+00:00,2026-03-06 12:20:00+00:00,2026-03-06 12:30:00+00:00,LONG,70180.0,69887.8,-0.00416357936734113,-0.0055635793673411305,-39.59321592383323,7076.907387311934,15m
2026-03-07 03:15:00+00:00,2026-03-07 03:20:00+00:00,2026-03-07 03:30:00+00:00,SHORT,68334.7,68220.1,0.0016798568163927108,0.0002798568163927108,1.9805207713191746,7078.887908083253,15m
2026-03-07 14:10:00+00:00,2026-03-07 14:15:00+00:00,2026-03-07 14:25:00+00:00,LONG,67750.1,67809.7,0.0008797034985925656,-0.0005202965014074344,-3.6831206124311087,7075.204787470822,15m
2026-03-08 09:35:00+00:00,2026-03-08 09:40:00+00:00,2026-03-08 09:50:00+00:00,SHORT,67754.9,67689.0,0.0009735702994577711,-0.0004264297005422289,-3.0170774587961273,7072.187710012026,15m
2026-03-08 10:35:00+00:00,2026-03-08 10:40:00+00:00,2026-03-08 10:50:00+00:00,SHORT,67961.6,67919.4,0.0006213246877919687,-0.0007786753122080313,-5.506937973087417,7066.680772038939,15m
2026-03-08 12:15:00+00:00,2026-03-08 12:20:00+00:00,2026-03-08 12:30:00+00:00,LONG,67150.0,67308.1,0.002354430379746919,0.0009544303797469191,6.744654812807376,7073.425426851746,15m
2026-03-09 05:50:00+00:00,2026-03-09 05:55:00+00:00,2026-03-09 06:05:00+00:00,SHORT,67838.1,67637.4,0.002967293243087532,0.001567293243087532,11.086131876988285,7084.511558728735,15m
2026-03-09 13:35:00+00:00,2026-03-09 13:40:00+00:00,2026-03-09 13:50:00+00:00,SHORT,68732.9,68884.3,-0.0021978883432075547,-0.003597888343207555,-25.489281554469297,7059.022277174266,15m
2026-03-09 19:30:00+00:00,2026-03-09 19:35:00+00:00,2026-03-09 19:45:00+00:00,SHORT,69188.0,68934.6,0.003675947927455736,0.002275947927455736,16.06596712159864,7075.088244295865,15m
2026-03-10 00:50:00+00:00,2026-03-10 00:55:00+00:00,2026-03-10 01:05:00+00:00,SHORT,69082.0,69166.0,-0.001214469537055729,-0.0026144695370557292,-18.49760268669264,7056.590641609172,15m
2026-03-10 03:00:00+00:00,2026-03-10 03:05:00+00:00,2026-03-10 03:15:00+00:00,SHORT,70053.9,70191.0,-0.001953241868615674,-0.003353241868615674,-23.662455189125417,7032.928186420047,15m
2026-03-10 13:40:00+00:00,2026-03-10 13:45:00+00:00,2026-03-10 13:55:00+00:00,LONG,69922.9,69926.0,4.433454562113859e-05,-0.0013556654543788614,-9.534297785457033,7023.3938886345895,15m
2026-03-10 14:15:00+00:00,2026-03-10 14:20:00+00:00,2026-03-10 14:30:00+00:00,LONG,69599.3,69970.2,0.005329076585540271,0.003929076585540271,27.5954524788608,7050.98934111345,15m
2026-03-10 18:20:00+00:00,2026-03-10 18:25:00+00:00,2026-03-10 18:35:00+00:00,LONG,70325.6,70107.1,-0.00310697669127602,-0.00450697669127602,-31.778644610833982,7019.210696502616,15m
2026-03-12 07:55:00+00:00,2026-03-12 08:00:00+00:00,2026-03-12 08:10:00+00:00,SHORT,69829.2,69771.6,0.0008255507971723919,-0.0005744492028276081,-4.0321799890849475,7015.178516513531,15m
2026-03-12 09:45:00+00:00,2026-03-12 09:50:00+00:00,2026-03-12 10:00:00+00:00,SHORT,69939.3,69985.7,-0.0006629925827703609,-0.002062992582770361,-14.472261246377398,7000.706255267153,15m
2026-03-12 11:45:00+00:00,2026-03-12 11:50:00+00:00,2026-03-12 12:00:00+00:00,SHORT,70619.2,70348.7,0.0038451314665373104,0.00244513146653731,17.117647152738297,7017.823902419891,15m
2026-03-12 23:20:00+00:00,2026-03-12 23:25:00+00:00,2026-03-12 23:35:00+00:00,SHORT,70543.1,70533.9,0.00013043373470078556,-0.0012695662652992144,-8.909592482322779,7008.914309937568,15m
2026-03-13 10:20:00+00:00,2026-03-13 10:25:00+00:00,2026-03-13 10:35:00+00:00,SHORT,72306.2,72479.9,-0.0023965264852737755,-0.0037965264852737757,-26.609528810692346,6982.304781126875,15m
2026-03-13 13:55:00+00:00,2026-03-13 14:00:00+00:00,2026-03-13 14:10:00+00:00,SHORT,73374.8,73499.9,-0.0017020431320313723,-0.0031020431320313725,-21.659410592044438,6960.64537053483,15m
2026-03-13 18:10:00+00:00,2026-03-13 18:15:00+00:00,2026-03-13 18:25:00+00:00,LONG,71209.0,71190.0,-0.0002668202053111024,-0.0016668202053111024,-11.60214434561264,6949.043226189217,15m
2026-03-14 00:50:00+00:00,2026-03-14 00:55:00+00:00,2026-03-14 01:05:00+00:00,LONG,70652.1,70757.9,0.0014974784896697457,9.747848966974574e-05,0.6773822383387023,6949.720608427556,15m
2026-03-14 06:45:00+00:00,2026-03-14 06:50:00+00:00,2026-03-14 07:00:00+00:00,LONG,70635.5,70664.6,0.00041197414897609086,-0.0009880258510239091,-6.866503618520035,6942.854104809036,15m
2026-03-15 00:00:00+00:00,2026-03-15 00:05:00+00:00,2026-03-15 00:15:00+00:00,SHORT,71115.9,71071.6,0.0006233150794408004,-0.0007766849205591995,-5.392410088847718,6937.461694720188,15m
2026-03-15 02:50:00+00:00,2026-03-15 02:55:00+00:00,2026-03-15 03:05:00+00:00,SHORT,71421.3,71453.8,-0.00045483935074130954,-0.0018548393507413095,-12.867876945627497,6924.59381777456,15m
2026-03-15 13:10:00+00:00,2026-03-15 13:15:00+00:00,2026-03-15 13:25:00+00:00,LONG,71443.9,71521.8,0.0010903660074548238,-0.00030963399254517617,-2.144089630551181,6922.449728144009,15m
2026-03-15 20:45:00+00:00,2026-03-15 20:50:00+00:00,2026-03-15 21:00:00+00:00,SHORT,71792.0,71692.0,0.0013948557719132282,-5.144228086771804e-06,-0.03561066032078425,6922.414117483689,15m
2026-03-15 23:20:00+00:00,2026-03-15 23:25:00+00:00,2026-03-15 23:35:00+00:00,SHORT,72584.0,72511.2,0.0010039828329968525,-0.00039601716700314745,-2.7413948276284836,6919.67272265606,15m
2026-03-16 08:45:00+00:00,2026-03-16 08:50:00+00:00,2026-03-16 09:00:00+00:00,LONG,73086.9,73120.9,0.0004651996459010821,-0.0009348003540989179,-6.468512511387508,6913.204210144672,15m
2026-03-16 13:40:00+00:00,2026-03-16 13:45:00+00:00,2026-03-16 13:55:00+00:00,SHORT,74075.1,74111.2,-0.0004871058625415259,-0.0018871058625415259,-13.04594819391077,6900.158261950762,15m
2026-03-17 00:15:00+00:00,2026-03-17 00:20:00+00:00,2026-03-17 00:30:00+00:00,SHORT,75234.5,75150.4,0.001119089186484734,-0.0002809108135152659,-1.9383290707486716,6898.219932880013,15m
2026-03-17 03:55:00+00:00,2026-03-17 04:00:00+00:00,2026-03-17 04:10:00+00:00,LONG,74465.7,74693.0,0.0030524120501116414,0.0016524120501116414,11.398701741411253,6909.6186346214245,15m
2026-03-17 10:15:00+00:00,2026-03-17 10:20:00+00:00,2026-03-17 10:30:00+00:00,LONG,73753.0,73741.0,-0.00016270524588835045,-0.0015627052458883504,-10.797697287410802,6898.820937334013,15m
2026-03-17 15:05:00+00:00,2026-03-17 15:10:00+00:00,2026-03-17 15:20:00+00:00,SHORT,74365.9,74060.1,0.004129078950743992,0.0027290789507439916,18.827427005030188,6917.648364339044,15m
2026-03-17 22:40:00+00:00,2026-03-17 22:45:00+00:00,2026-03-17 22:55:00+00:00,LONG,74163.0,74309.8,0.001979423701846006,0.0005794237018460059,4.008249423334297,6921.656613762379,15m
2026-03-17 23:45:00+00:00,2026-03-17 23:50:00+00:00,2026-03-18 00:00:00+00:00,LONG,74040.4,73917.7,-0.0016572033646495843,-0.0030572033646495845,-21.160911888543392,6900.495701873835,15m
2026-03-18 03:35:00+00:00,2026-03-18 03:40:00+00:00,2026-03-18 03:50:00+00:00,SHORT,74473.9,74457.0,0.00022697664423754205,-0.001173023355762458,-8.094442624636464,6892.401259249199,15m
2026-03-18 14:30:00+00:00,2026-03-18 14:35:00+00:00,2026-03-18 14:45:00+00:00,LONG,71719.4,71587.9,-0.0018335345806016479,-0.003233534580601648,-22.28681781516463,6870.114441434034,15m
2026-03-18 15:05:00+00:00,2026-03-18 15:10:00+00:00,2026-03-18 15:20:00+00:00,LONG,71338.2,71274.7,-0.0008901261876526068,-0.002290126187652607,-15.733428994498444,6854.381012439536,15m
2026-03-18 20:10:00+00:00,2026-03-18 20:15:00+00:00,2026-03-18 20:25:00+00:00,LONG,70752.0,70986.5,0.0033143939393940336,0.0019143939393940336,13.121985468511788,6867.502997908047,15m
2026-03-19 03:20:00+00:00,2026-03-19 03:25:00+00:00,2026-03-19 03:35:00+00:00,SHORT,71498.0,71296.2,0.002830445381380775,0.001430445381380775,9.823587944976193,6877.326585853023,15m
2026-03-19 07:30:00+00:00,2026-03-19 07:35:00+00:00,2026-03-19 07:45:00+00:00,LONG,69975.9,70052.9,0.0011003788447165874,-0.00029962115528341256,-2.0605925369146103,6875.2659933161085,15m
2026-03-19 13:00:00+00:00,2026-03-19 13:05:00+00:00,2026-03-19 13:15:00+00:00,LONG,69431.8,69334.3,-0.0014042556868754108,-0.002804255686875411,-19.28000376053782,6855.985989555571,15m
2026-03-20 04:15:00+00:00,2026-03-20 04:20:00+00:00,2026-03-20 04:30:00+00:00,SHORT,70851.0,70649.9,0.002846430072795725,0.0014464300727957248,9.916704313959334,6865.902693869531,15m
2026-03-22 07:45:00+00:00,2026-03-22 07:50:00+00:00,2026-03-22 08:00:00+00:00,LONG,69069.8,68849.1,-0.003195318359109134,-0.004595318359109134,-31.551008700995514,6834.351685168535,15m
2026-03-22 21:20:00+00:00,2026-03-22 21:25:00+00:00,2026-03-22 21:35:00+00:00,LONG,67668.0,67938.3,0.0039945025713779,0.0025945025713779,17.73174302087065,6852.083428189406,15m
2026-03-23 07:05:00+00:00,2026-03-23 07:10:00+00:00,2026-03-23 07:20:00+00:00,LONG,67763.9,67764.1,2.9514239885397586e-06,-0.0013970485760114602,-9.572693396063734,6842.510734793342,15m
2026-03-24 14:50:00+00:00,2026-03-24 14:55:00+00:00,2026-03-24 15:05:00+00:00,LONG,69916.6,69967.6,0.0007294405048301478,-0.0006705594951698522,-4.588310544017317,6837.922424249325,15m
2026-03-24 16:40:00+00:00,2026-03-24 16:45:00+00:00,2026-03-24 16:55:00+00:00,LONG,69574.3,69474.9,-0.0014286884668621713,-0.0028286884668621715,-19.342352298772287,6818.580071950552,15m
2026-03-25 00:45:00+00:00,2026-03-25 00:50:00+00:00,2026-03-25 01:00:00+00:00,SHORT,70881.0,70812.9,0.0009616891837505026,-0.0004383108162494974,-2.988657396999203,6815.5914145535535,15m
2026-03-26 18:05:00+00:00,2026-03-26 18:10:00+00:00,2026-03-26 18:20:00+00:00,LONG,68484.9,68325.9,-0.0023216796695330055,-0.0037216796695330057,-25.36544800338766,6790.225966550166,15m
2026-03-26 18:35:00+00:00,2026-03-26 18:40:00+00:00,2026-03-26 18:50:00+00:00,LONG,68326.9,68467.0,0.002050436943575651,0.0006504369435756509,4.41661382387091,6794.642580374037,15m
2026-03-27 12:35:00+00:00,2026-03-27 12:40:00+00:00,2026-03-27 12:50:00+00:00,LONG,66595.8,66602.6,0.00010210854137948644,-0.0012978914586205135,-8.818708569446708,6785.8238718045895,15m
2026-03-28 00:05:00+00:00,2026-03-28 00:10:00+00:00,2026-03-28 00:20:00+00:00,SHORT,66361.1,66369.0,-0.00011903147553815607,-0.001519031475538156,-10.307880048729368,6775.51599175586,15m
2026-03-28 06:25:00+00:00,2026-03-28 06:30:00+00:00,2026-03-28 06:40:00+00:00,SHORT,66467.3,66436.1,0.00046962419527929455,-0.0009303758047207054,-6.303776143227867,6769.2122156126325,15m
2026-03-28 15:25:00+00:00,2026-03-28 15:30:00+00:00,2026-03-28 15:40:00+00:00,SHORT,67030.1,67053.4,-0.000347484243900964,-0.001747484243900964,-11.82909169040501,6757.383123922227,15m
2026-03-28 22:15:00+00:00,2026-03-28 22:20:00+00:00,2026-03-28 22:30:00+00:00,LONG,66722.1,66758.1,0.0005395513630417348,-0.0008604486369582652,-5.814381098383665,6751.568742823843,15m
2026-03-29 11:45:00+00:00,2026-03-29 11:50:00+00:00,2026-03-29 12:00:00+00:00,SHORT,66829.5,66791.1,0.0005749268989430067,-0.0008250731010569932,-5.570537759641134,6745.998205064202,15m
2026-03-30 05:10:00+00:00,2026-03-30 05:15:00+00:00,2026-03-30 05:25:00+00:00,SHORT,67641.1,67656.3,-0.00022466496098660915,-0.0016246649609866091,-10.959986910646368,6735.038218153556,15m
2026-03-31 00:50:00+00:00,2026-03-31 00:55:00+00:00,2026-03-31 01:05:00+00:00,SHORT,67143.7,67098.0,0.0006810933261796048,-0.0007189066738203952,-4.841863923466014,6730.19635423009,15m
2026-03-31 09:00:00+00:00,2026-03-31 09:05:00+00:00,2026-03-31 09:15:00+00:00,LONG,66855.0,66536.5,-0.004764041582529299,-0.006164041582529299,-41.485210186061366,6688.7111440440285,15m
2026-03-31 14:05:00+00:00,2026-03-31 14:10:00+00:00,2026-03-31 14:20:00+00:00,SHORT,67181.5,67644.8,-0.0068490113061167035,-0.008249011306116704,-55.175253850567984,6633.535890193461,15m
2026-03-31 17:15:00+00:00,2026-03-31 17:20:00+00:00,2026-03-31 17:30:00+00:00,SHORT,68247.8,68022.9,0.0033062395163983016,0.0019062395163983016,12.645108247333159,6646.180998440794,15m
2026-04-01 07:15:00+00:00,2026-04-01 07:20:00+00:00,2026-04-01 07:30:00+00:00,SHORT,69012.9,68910.8,0.0014816255216887342,8.16255216887342e-05,0.5424979912354821,6646.72349643203,15m
2026-04-02 01:00:00+00:00,2026-04-02 01:05:00+00:00,2026-04-02 01:15:00+00:00,SHORT,68101.5,67594.7,0.007497629251997706,0.006097629251997706,40.529255621784415,6687.252752053814,15m
2026-04-02 04:25:00+00:00,2026-04-02 04:30:00+00:00,2026-04-02 04:40:00+00:00,LONG,66425.5,66292.8,-0.0019977267766143614,-0.0033977267766143616,-22.721457737641323,6664.5312943161725,15m
2026-04-02 04:45:00+00:00,2026-04-02 04:50:00+00:00,2026-04-02 05:00:00+00:00,LONG,66346.1,66431.9,0.001293218440872712,-0.00010678155912728789,-0.7116490424596829,6663.819645273713,15m
2026-04-02 12:20:00+00:00,2026-04-02 12:25:00+00:00,2026-04-02 12:35:00+00:00,LONG,66120.6,66175.7,0.0008333257713932785,-0.0005666742286067215,-3.7762148570597978,6660.043430416653,15m
2026-04-03 08:10:00+00:00,2026-04-03 08:15:00+00:00,2026-04-03 08:25:00+00:00,SHORT,67170.1,67063.2,0.0015940187763185953,0.00019401877631859536,1.292173476598139,6661.335603893251,15m
2026-04-04 06:55:00+00:00,2026-04-04 07:00:00+00:00,2026-04-04 07:10:00+00:00,SHORT,67009.3,66999.6,0.0001447769837430446,-0.0012552230162569554,-8.361461769018733,6652.974142124232,15m
2026-04-04 15:20:00+00:00,2026-04-04 15:25:00+00:00,2026-04-04 15:35:00+00:00,SHORT,67353.8,67333.3,0.00030445559626524066,-0.0010955444037347593,-7.2886285895962635,6645.685513534635,15m
2026-04-05 01:45:00+00:00,2026-04-05 01:50:00+00:00,2026-04-05 02:00:00+00:00,LONG,67108.9,67039.1,-0.0010401004933769942,-0.0024401004933769944,-16.216140500404208,6629.469373034231,15m
2026-04-05 06:30:00+00:00,2026-04-05 06:35:00+00:00,2026-04-05 06:45:00+00:00,LONG,66813.0,66832.9,0.00029784622753048495,-0.001102153772469515,-7.306694678960787,6622.16267835527,15m
2026-04-05 22:50:00+00:00,2026-04-05 22:55:00+00:00,2026-04-05 23:05:00+00:00,SHORT,68080.0,68426.7,-0.0050667356455885715,-0.006466735645588572,-42.82377544300631,6579.338902912264,15m
2026-04-07 09:10:00+00:00,2026-04-07 09:15:00+00:00,2026-04-07 09:25:00+00:00,SHORT,69099.8,69055.0,0.0006487582361884847,-0.0007512417638115153,-4.9426741621375285,6574.396228750126,15m
2026-04-07 09:45:00+00:00,2026-04-07 09:50:00+00:00,2026-04-07 10:00:00+00:00,SHORT,69169.9,69057.5,0.0016276291496215567,0.0002276291496215567,1.4965242228255606,6575.892752972952,15m
2026-04-07 14:20:00+00:00,2026-04-07 14:25:00+00:00,2026-04-07 14:35:00+00:00,LONG,68089.7,68047.5,-0.0006197706848465323,-0.0020197706848465325,-13.28179540914953,6562.610957563802,15m
2026-04-08 13:30:00+00:00,2026-04-08 13:35:00+00:00,2026-04-08 13:45:00+00:00,SHORT,72115.5,71921.0,0.002704356168573785,0.001304356168573785,8.559982084448258,6571.17093964825,15m
2026-04-09 08:45:00+00:00,2026-04-09 08:50:00+00:00,2026-04-09 09:00:00+00:00,SHORT,71260.5,71132.5,0.0017994587565459685,0.00039945875654596855,2.6249117726028937,6573.795851420853,15m
2026-04-09 13:55:00+00:00,2026-04-09 14:00:00+00:00,2026-04-09 14:10:00+00:00,LONG,70803.1,70788.1,-0.00021185513063692873,-0.0016118551306369287,-10.59600657087246,6563.199844849981,15m
2026-04-09 15:35:00+00:00,2026-04-09 15:40:00+00:00,2026-04-09 15:50:00+00:00,SHORT,71878.5,72230.0,-0.004866399003184307,-0.006266399003184308,-41.12762896546732,6522.072215884514,15m
2026-04-10 14:40:00+00:00,2026-04-10 14:45:00+00:00,2026-04-10 14:55:00+00:00,SHORT,72851.7,72900.4,-0.0006680347432935774,-0.0020680347432935776,-13.487871940718906,6508.584343943795,15m
2026-04-12 13:05:00+00:00,2026-04-12 13:10:00+00:00,2026-04-12 13:20:00+00:00,LONG,71119.2,71099.4,-0.0002784058313367588,-0.0016784058313367588,-10.924045916622397,6497.660298027173,15m
2026-04-13 07:35:00+00:00,2026-04-13 07:40:00+00:00,2026-04-13 07:50:00+00:00,LONG,70791.7,70782.6,-0.00012854614312118873,-0.0015285461431211887,-9.931973587861108,6487.728324439312,15m
2026-04-13 14:45:00+00:00,2026-04-13 14:50:00+00:00,2026-04-13 15:00:00+00:00,SHORT,71953.2,72065.7,-0.0015610755185893055,-0.0029610755185893057,-19.210653512755663,6468.517670926556,15m
2026-04-14 07:10:00+00:00,2026-04-14 07:15:00+00:00,2026-04-14 07:25:00+00:00,SHORT,74780.1,74680.9,0.0013283182179113506,-7.168178208864936e-05,-0.46367487412393504,6468.053996052432,15m
2026-04-14 14:30:00+00:00,2026-04-14 14:35:00+00:00,2026-04-14 14:45:00+00:00,SHORT,75639.3,75176.2,0.006160194316818357,0.004760194316818357,30.78919387288305,6498.843189925315,15m
2026-04-14 18:50:00+00:00,2026-04-14 18:55:00+00:00,2026-04-14 19:05:00+00:00,LONG,74093.3,74334.4,0.0032540054228924475,0.0018540054228924476,12.048890516649186,6510.892080441964,15m
2026-04-15 07:45:00+00:00,2026-04-15 07:50:00+00:00,2026-04-15 08:00:00+00:00,LONG,73695.6,73771.6,0.001031269166680282,-0.000368730833319718,-2.4007666624761175,6508.491313779488,15m
2026-04-16 02:45:00+00:00,2026-04-16 02:50:00+00:00,2026-04-16 03:00:00+00:00,SHORT,74974.1,74991.4,-0.000230693119477543,-0.001630693119477543,-10.613352003559566,6497.877961775929,15m
2026-04-16 07:55:00+00:00,2026-04-16 08:00:00+00:00,2026-04-16 08:10:00+00:00,LONG,74701.3,74530.0,-0.0022931327834990745,-0.0036931327834990747,-23.997526123810832,6473.880435652119,15m
2026-04-16 08:15:00+00:00,2026-04-16 08:20:00+00:00,2026-04-16 08:30:00+00:00,LONG,74632.5,74697.2,0.0008669145479516249,-0.0005330854520483751,-3.451131478546741,6470.429304173572,15m
2026-04-16 13:30:00+00:00,2026-04-16 13:35:00+00:00,2026-04-16 13:45:00+00:00,SHORT,74811.3,74492.4,0.004280973629524842,0.002880973629524842,18.641136197028835,6489.0704403706,15m
2026-04-16 13:55:00+00:00,2026-04-16 14:00:00+00:00,2026-04-16 14:10:00+00:00,LONG,73791.7,73833.1,0.0005610387076053769,-0.0008389612923946231,-5.444078923093065,6483.626361447507,15m
2026-04-17 08:35:00+00:00,2026-04-17 08:40:00+00:00,2026-04-17 08:50:00+00:00,SHORT,75253.0,75761.0,-0.006705296920579196,-0.008105296920579196,-52.55171678162658,6431.07464466588,15m
2026-04-17 13:25:00+00:00,2026-04-17 13:30:00+00:00,2026-04-17 13:40:00+00:00,SHORT,76589.4,76897.3,-0.0040040417543920626,-0.005404041754392063,-34.75379590538652,6396.320848760494,15m
2026-04-18 07:55:00+00:00,2026-04-18 08:00:00+00:00,2026-04-18 08:10:00+00:00,LONG,76986.6,76804.5,-0.0023653466966979675,-0.0037653466966979677,-24.08436557890067,6372.236483181594,15m
2026-04-18 08:15:00+00:00,2026-04-18 08:20:00+00:00,2026-04-18 08:30:00+00:00,LONG,76840.8,76598.2,-0.0031571769164299157,-0.004557176916429916,-29.039409007187707,6343.197074174406,15m
2026-04-18 10:10:00+00:00,2026-04-18 10:15:00+00:00,2026-04-18 10:25:00+00:00,LONG,76300.1,76326.7,0.0003486233962994856,-0.0010513766037005144,-6.669088996448528,6336.527985177958,15m
2026-04-19 07:40:00+00:00,2026-04-19 07:45:00+00:00,2026-04-19 07:55:00+00:00,LONG,75199.4,75235.0,0.0004734080325110579,-0.0009265919674889421,-5.871375932834786,6330.656609245123,15m
2026-04-19 22:05:00+00:00,2026-04-19 22:10:00+00:00,2026-04-19 22:20:00+00:00,LONG,74187.9,73937.0,-0.0033819531217353926,-0.004781953121735393,-30.272903135214513,6300.383706109908,15m
2026-04-20 07:30:00+00:00,2026-04-20 07:35:00+00:00,2026-04-20 07:45:00+00:00,SHORT,75076.7,74848.2,0.003052845626214218,0.0016528456262142179,10.413561652115087,6310.797267762024,15m
2026-04-20 19:10:00+00:00,2026-04-20 19:15:00+00:00,2026-04-20 19:25:00+00:00,SHORT,76339.9,76202.9,0.0017978318410454275,0.0003978318410454275,2.5106360954982194,6313.3079038575215,15m
2026-04-22 23:25:00+00:00,2026-04-22 23:30:00+00:00,2026-04-22 23:40:00+00:00,LONG,78334.8,78256.2,-0.0010033854685275179,-0.002403385468527518,-15.173312474471093,6298.13459138305,15m
2026-04-23 00:15:00+00:00,2026-04-23 00:20:00+00:00,2026-04-23 00:30:00+00:00,LONG,78406.4,78430.2,0.0003035466492531391,-0.0010964533507468609,-6.9056107761766565,6291.228980606874,15m
2026-04-23 03:35:00+00:00,2026-04-23 03:40:00+00:00,2026-04-23 03:50:00+00:00,LONG,77629.6,77714.1,0.0010885023238558222,-0.00031149767614417775,-1.9597032075499454,6289.269277399324,15m
2026-04-23 08:45:00+00:00,2026-04-23 08:50:00+00:00,2026-04-23 09:00:00+00:00,LONG,77808.7,77636.4,-0.0022144053299952837,-0.003614405329995284,-22.731968398007705,6266.537309001316,15m
2026-04-23 15:40:00+00:00,2026-04-23 15:45:00+00:00,2026-04-23 15:55:00+00:00,SHORT,78488.2,78377.1,0.0014175058786303207,1.750587863032075e-05,0.10970124156375385,6266.64701024288,15m
2026-04-23 17:45:00+00:00,2026-04-23 17:50:00+00:00,2026-04-23 18:00:00+00:00,LONG,77307.6,77798.9,0.006355131966326644,0.0049551319663266435,31.052062922139786,6297.69907316502,15m
2026-04-24 22:55:00+00:00,2026-04-24 23:00:00+00:00,2026-04-24 23:10:00+00:00,LONG,77316.3,77366.1,0.0006441073874461356,-0.0007558926125538644,-4.760384205492757,6292.938688959527,15m
2026-04-25 10:40:00+00:00,2026-04-25 10:45:00+00:00,2026-04-25 10:55:00+00:00,SHORT,77808.0,77784.1,0.00030726073837694656,-0.0010927392616230534,-6.876541176412779,6286.062147783115,15m
2026-04-25 21:10:00+00:00,2026-04-25 21:15:00+00:00,2026-04-25 21:25:00+00:00,SHORT,77489.0,77508.5,-0.0002515853099982479,-0.001651585309998248,-10.381967901014628,6275.6801798821,15m
2026-04-26 13:05:00+00:00,2026-04-26 13:10:00+00:00,2026-04-26 13:20:00+00:00,LONG,77886.0,77844.0,-0.0005392496725984408,-0.0019392496725984408,-12.170110734168887,6263.510069147931,15m
2026-04-26 19:00:00+00:00,2026-04-26 19:05:00+00:00,2026-04-26 19:15:00+00:00,SHORT,78209.5,78388.0,-0.0022771342552431184,-0.0036771342552431186,-23.031767433324053,6240.478301714607,15m
2026-04-27 07:10:00+00:00,2026-04-27 07:15:00+00:00,2026-04-27 07:25:00+00:00,LONG,77657.5,77694.0,0.0004700125551297951,-0.0009299874448702049,-5.803566470579523,6234.674735244028,15m
2026-04-27 15:25:00+00:00,2026-04-27 15:30:00+00:00,2026-04-27 15:40:00+00:00,LONG,76850.0,77046.6,0.0025582303188029787,0.0011582303188029787,7.221189306234567,6241.895924550263,15m
2026-04-28 11:55:00+00:00,2026-04-28 12:00:00+00:00,2026-04-28 12:10:00+00:00,LONG,76230.5,76276.2,0.0005994975764294086,-0.0008005024235705914,-4.996652815277883,6236.899271734985,15m
2026-04-29 00:55:00+00:00,2026-04-29 01:00:00+00:00,2026-04-29 01:10:00+00:00,SHORT,76508.4,76359.2,0.0019539230374334693,0.0005539230374334693,3.4547621887660354,6240.354033923751,15m
2026-04-29 10:35:00+00:00,2026-04-29 10:40:00+00:00,2026-04-29 10:50:00+00:00,SHORT,77687.5,77629.0,0.0007535843563617473,-0.0006464156436382527,-4.033862469369388,6236.320171454381,15m
2026-04-29 18:10:00+00:00,2026-04-29 18:15:00+00:00,2026-04-29 18:25:00+00:00,LONG,75189.2,75151.2,-0.0005053917317913159,-0.001905391731791316,-11.882632891492579,6224.437538562888,15m
2026-04-30 13:45:00+00:00,2026-04-30 13:50:00+00:00,2026-04-30 14:00:00+00:00,SHORT,76462.0,76515.0,-0.0006926746389597227,-0.002092674638959723,-13.025722578739439,6211.411815984149,15m
2026-05-03 12:15:00+00:00,2026-05-03 12:20:00+00:00,2026-05-03 12:30:00+00:00,SHORT,78784.6,78723.1,0.0007812192355229897,-0.0006187807644770103,-3.8435021519762067,6207.568313832173,15m
2026-05-04 10:30:00+00:00,2026-05-04 10:35:00+00:00,2026-05-04 10:45:00+00:00,LONG,78956.3,79070.9,0.001451435794230349,5.143579423034909e-05,0.3192912064611067,6207.887605038634,15m
2026-05-05 02:05:00+00:00,2026-05-05 02:10:00+00:00,2026-05-05 02:20:00+00:00,SHORT,80447.6,80480.0,-0.0004025844930416467,-0.0018025844930416467,-11.190241931388089,6196.697363107246,15m
2026-05-05 02:45:00+00:00,2026-05-05 02:50:00+00:00,2026-05-05 03:00:00+00:00,SHORT,80560.0,80480.6,0.000986573161730897,-0.00041342683826910294,-2.561880998539916,6194.135482108706,15m
2026-05-05 05:25:00+00:00,2026-05-05 05:30:00+00:00,2026-05-05 05:40:00+00:00,SHORT,81051.5,81044.7,8.390431453264569e-05,-0.0013160956854673543,-8.15207498320352,6185.983407125503,15m
2026-05-05 12:45:00+00:00,2026-05-05 12:50:00+00:00,2026-05-05 13:00:00+00:00,SHORT,81237.6,81469.8,-0.0028501358785709696,-0.00425013587857097,-26.29127002286879,6159.692137102634,15m
2026-05-05 22:40:00+00:00,2026-05-05 22:45:00+00:00,2026-05-05 22:55:00+00:00,LONG,81023.4,81113.5,0.0011120244275111268,-0.00028797557248887314,-1.7738408695373413,6157.918296233096,15m
2026-05-07 13:50:00+00:00,2026-05-07 13:55:00+00:00,2026-05-07 14:05:00+00:00,LONG,80492.7,80514.2,0.00026710496728266087,-0.0011328950327173391,-6.9762750496816945,6150.942021183414,15m
2026-05-08 07:15:00+00:00,2026-05-08 07:20:00+00:00,2026-05-08 07:30:00+00:00,LONG,79334.7,79487.5,0.0019260172408794851,0.0005260172408794851,3.235501550792583,6154.177522734207,15m
2026-05-10 20:50:00+00:00,2026-05-10 20:55:00+00:00,2026-05-10 21:05:00+00:00,LONG,80620.4,80842.4,0.002753645479308009,0.001353645479308009,8.33057458250812,6162.508097316715,15m
2026-05-12 01:20:00+00:00,2026-05-12 01:25:00+00:00,2026-05-12 01:35:00+00:00,LONG,81406.3,80868.5,-0.00660636830319028,-0.00800636830319028,-49.33930949850999,6113.168787818205,15m
2026-05-12 01:40:00+00:00,2026-05-12 01:45:00+00:00,2026-05-12 01:55:00+00:00,LONG,81069.9,81199.9,0.001603554463493806,0.00020355446349380594,1.2443627928514147,6114.413150611056,15m
2026-05-12 07:05:00+00:00,2026-05-12 07:10:00+00:00,2026-05-12 07:20:00+00:00,LONG,80972.9,81136.0,0.0020142541516976475,0.0006142541516976476,3.755803662957535,6118.168954274014,15m
2026-05-12 11:20:00+00:00,2026-05-12 11:25:00+00:00,2026-05-12 11:35:00+00:00,LONG,80588.6,80692.1,0.0012843007571790022,-0.00011569924282099782,-0.7078675154604395,6117.461086758553,15m
2026-05-13 12:25:00+00:00,2026-05-13 12:30:00+00:00,2026-05-13 12:40:00+00:00,LONG,80360.0,80163.5,-0.0024452463912394418,-0.003845246391239442,-23.523145167406042,6093.937941591147,15m
2026-05-15 13:10:00+00:00,2026-05-15 13:15:00+00:00,2026-05-15 13:25:00+00:00,LONG,80137.7,80014.9,-0.0015323624211825981,-0.0029323624211825983,-17.869634616940715,6076.068306974206,15m
2026-05-16 04:35:00+00:00,2026-05-16 04:40:00+00:00,2026-05-16 04:50:00+00:00,LONG,78958.2,78993.3,0.0004445390092480128,-0.0009554609907519872,-5.805446244458325,6070.262860729748,15m
2026-05-16 07:25:00+00:00,2026-05-16 07:30:00+00:00,2026-05-16 07:40:00+00:00,LONG,78465.0,78507.4,0.000540368317083928,-0.000859631682916072,-5.2181902787120436,6065.044670451036,15m
2026-05-17 05:10:00+00:00,2026-05-17 05:15:00+00:00,2026-05-17 05:25:00+00:00,SHORT,78241.0,78175.0,0.0008442596738087449,-0.0005557403261912551,-3.370589903520992,6061.674080547515,15m
2026-05-17 21:35:00+00:00,2026-05-17 21:40:00+00:00,2026-05-17 21:50:00+00:00,SHORT,78382.5,78395.1,-0.00016072433098501815,-0.0015607243309850181,-9.460602224011744,6052.213478323503,15m
2026-05-18 12:00:00+00:00,2026-05-18 12:05:00+00:00,2026-05-18 12:15:00+00:00,SHORT,77284.8,77452.1,-0.0021600447244167764,-0.0035600447244167766,-21.546150664549696,6030.667327658954,15m
2026-05-18 12:25:00+00:00,2026-05-18 12:30:00+00:00,2026-05-18 12:40:00+00:00,SHORT,77344.4,77727.2,-0.004924916888811137,-0.006324916888811137,-38.14346963151164,5992.523858027442,15m
2026-05-18 13:45:00+00:00,2026-05-18 13:50:00+00:00,2026-05-18 14:00:00+00:00,LONG,76922.0,76938.6,0.00021580302124246664,-0.0011841969787575333,-7.096328647808535,5985.427529379634,15m
2026-05-20 05:40:00+00:00,2026-05-20 05:45:00+00:00,2026-05-20 05:55:00+00:00,SHORT,77136.8,77196.2,-0.0007694679271776916,-0.002169467927177692,-12.985193055435527,5972.442336324198,15m
2026-05-20 08:40:00+00:00,2026-05-20 08:45:00+00:00,2026-05-20 08:55:00+00:00,SHORT,77524.4,77452.4,0.0009296032143613076,-0.00047039678563869244,-2.809417677419345,5969.632918646778,15m
2026-05-20 13:45:00+00:00,2026-05-20 13:50:00+00:00,2026-05-20 14:00:00+00:00,LONG,77190.0,77204.9,0.00019303018525707039,-0.0012069698147429296,-7.205166737902396,5962.4277519088755,15m
2026-05-20 22:10:00+00:00,2026-05-20 22:15:00+00:00,2026-05-20 22:25:00+00:00,LONG,77375.3,77436.0,0.000784488073067191,-0.000615511926932809,-3.669945394775088,5958.757806514101,15m
2026-05-21 08:15:00+00:00,2026-05-21 08:20:00+00:00,2026-05-21 08:30:00+00:00,SHORT,78027.7,77949.9,0.0009980769699513559,-0.0004019230300486441,-2.3949619929201598,5956.362844521181,15m
2026-05-21 13:50:00+00:00,2026-05-21 13:55:00+00:00,2026-05-21 14:05:00+00:00,LONG,77084.7,77196.0,0.0014438662925329027,4.3866292532902676e-05,0.26128355496987843,5956.624128076151,15m
2026-05-21 17:55:00+00:00,2026-05-21 18:00:00+00:00,2026-05-21 18:10:00+00:00,SHORT,77871.1,77700.8,0.0021917406255791416,0.0007917406255791416,4.71610131350282,5961.340229389653,15m
2026-05-22 07:10:00+00:00,2026-05-22 07:15:00+00:00,2026-05-22 07:25:00+00:00,LONG,77376.2,77512.3,0.0017589387951335578,0.0003589387951335578,2.139756279318329,5963.4799856689715,15m
2026-05-23 07:35:00+00:00,2026-05-23 07:40:00+00:00,2026-05-23 07:50:00+00:00,LONG,75353.4,74531.2,-0.010911252843269104,-0.012311252843269104,-73.41790992934553,5890.062075739626,15m
2026-05-23 13:30:00+00:00,2026-05-23 13:35:00+00:00,2026-05-23 13:45:00+00:00,SHORT,74961.3,75144.0,-0.002431331842861706,-0.003831331842861706,-22.566782387213348,5867.495293352413,15m
2026-05-23 20:20:00+00:00,2026-05-23 20:25:00+00:00,2026-05-23 20:35:00+00:00,SHORT,76038.0,76743.0,-0.00918650560963219,-0.01058650560963219,-62.11627183756579,5805.379021514847,15m
2026-05-24 13:55:00+00:00,2026-05-24 14:00:00+00:00,2026-05-24 14:10:00+00:00,LONG,76801.8,76514.1,-0.003746005952985465,-0.005146005952985465,-29.87451500405234,5775.504506510795,15m
2026-05-24 14:20:00+00:00,2026-05-24 14:25:00+00:00,2026-05-24 14:35:00+00:00,LONG,76492.9,76531.6,0.0005059293084719307,-0.0008940706915280692,-5.163709308059587,5770.340797202735,15m
2026-05-24 22:00:00+00:00,2026-05-24 22:05:00+00:00,2026-05-24 22:15:00+00:00,LONG,76598.8,76857.1,0.0033721154900598904,0.00197211549005989,11.37977846908805,5781.720575671823,15m
2026-05-25 05:15:00+00:00,2026-05-25 05:20:00+00:00,2026-05-25 05:30:00+00:00,SHORT,77412.3,77437.0,-0.00031896896832261934,-0.0017189689683226193,-9.938598253092254,5771.781977418731,15m
2026-05-25 09:35:00+00:00,2026-05-25 09:40:00+00:00,2026-05-25 09:50:00+00:00,SHORT,77595.7,77646.6,-0.0006555341766414369,-0.002055534176641437,-11.864095114707297,5759.917882304024,15m
2026-05-25 09:55:00+00:00,2026-05-25 10:00:00+00:00,2026-05-25 10:10:00+00:00,SHORT,77600.1,77633.0,-0.0004237888526785749,-0.001823788852678575,-10.504874026090063,5749.413008277934,15m
2026-05-25 15:10:00+00:00,2026-05-25 15:15:00+00:00,2026-05-25 15:25:00+00:00,SHORT,77712.1,77607.8,0.0013439370784895655,-5.6062921510434535e-05,-0.3223288902141571,5749.090679387719,15m
2026-05-26 01:10:00+00:00,2026-05-26 01:15:00+00:00,2026-05-26 01:25:00+00:00,LONG,76841.2,76794.2,-0.0006116510413683995,-0.0020116510413683997,-11.565164252111666,5737.525515135608,15m
2026-05-26 14:30:00+00:00,2026-05-26 14:35:00+00:00,2026-05-26 14:45:00+00:00,SHORT,77571.4,76975.1,0.007746660933210636,0.006346660933210636,36.41412904021039,5773.939644175818,15m
2026-05-27 12:15:00+00:00,2026-05-27 12:20:00+00:00,2026-05-27 12:30:00+00:00,LONG,75833.6,75821.8,-0.0001556038484260558,-0.0015556038484260558,-8.981962731059674,5764.957681444758,15m
2026-05-27 13:55:00+00:00,2026-05-27 14:00:00+00:00,2026-05-27 14:10:00+00:00,LONG,75083.2,75022.5,-0.0008084365077672961,-0.0022084365077672963,-12.73154300943611,5752.226138435322,15m
2026-05-27 22:00:00+00:00,2026-05-27 22:05:00+00:00,2026-05-27 22:15:00+00:00,LONG,74660.2,74500.4,-0.002140363942234269,-0.0035403639422342693,-20.364974008093885,5731.861164427229,15m
2026-05-28 03:20:00+00:00,2026-05-28 03:25:00+00:00,2026-05-28 03:35:00+00:00,LONG,73944.5,73478.4,-0.006303376180784359,-0.007703376180784359,-44.15468276561162,5687.706481661617,15m
2026-05-28 13:50:00+00:00,2026-05-28 13:55:00+00:00,2026-05-28 14:05:00+00:00,LONG,72989.1,72873.5,-0.0015837981287617486,-0.002983798128761749,-16.970967956928003,5670.735513704689,15m
2026-05-29 07:55:00+00:00,2026-05-29 08:00:00+00:00,2026-05-29 08:10:00+00:00,LONG,73526.2,73709.9,0.0024984291313843165,0.0010984291313843166,6.228901084628838,5676.964414789318,15m
2026-05-29 12:50:00+00:00,2026-05-29 12:55:00+00:00,2026-05-29 13:05:00+00:00,LONG,73327.3,73215.0,-0.0015314896361928731,-0.0029314896361928734,-16.641962346990624,5660.322452442327,15m
2026-05-29 13:35:00+00:00,2026-05-29 13:40:00+00:00,2026-05-29 13:50:00+00:00,LONG,73217.2,73120.8,-0.001316630518511941,-0.002716630518511941,-15.37700471892318,5644.945447723404,15m
2026-05-29 14:25:00+00:00,2026-05-29 14:30:00+00:00,2026-05-29 14:40:00+00:00,LONG,72727.0,72651.6,-0.00103675388782698,-0.00243675388782698,-13.755342766311218,5631.190104957092,15m
2026-05-29 15:40:00+00:00,2026-05-29 15:45:00+00:00,2026-05-29 15:55:00+00:00,SHORT,73816.2,73805.7,0.00014226543478357279,-0.0012577345652164272,-7.082542438309256,5624.107562518783,15m
2026-05-30 04:10:00+00:00,2026-05-30 04:15:00+00:00,2026-05-30 04:25:00+00:00,LONG,73484.3,73336.9,-0.00200587064175628,-0.00340587064175628,-19.154982833262196,5604.952579685521,15m
2026-05-30 04:35:00+00:00,2026-05-30 04:40:00+00:00,2026-05-30 04:50:00+00:00,LONG,73258.5,73337.0,0.0010715480114935616,-0.0003284519885064384,-1.840957820282001,5603.11162186524,15m
2026-05-30 14:40:00+00:00,2026-05-30 14:45:00+00:00,2026-05-30 14:55:00+00:00,SHORT,74003.1,73928.4,0.0010104371256514089,-0.0003895628743485911,-2.182764268709819,5600.92885759653,15m
2026-05-31 01:25:00+00:00,2026-05-31 01:30:00+00:00,2026-05-31 01:40:00+00:00,SHORT,74108.3,74075.7,0.00044009034001701863,-0.0009599096599829814,-5.3763857152843535,5595.552471881246,15m
2026-05-31 07:50:00+00:00,2026-05-31 07:55:00+00:00,2026-05-31 08:05:00+00:00,LONG,73890.4,73869.7,-0.0002801446466658142,-0.0016801446466658142,-9.401337530768938,5586.151134350477,15m
2026-05-31 16:35:00+00:00,2026-05-31 16:40:00+00:00,2026-05-31 16:50:00+00:00,LONG,73530.5,73529.8,-9.519859106021933e-06,-0.001409519859106022,-7.873790959834629,5578.277343390642,15m
2026-05-31 22:00:00+00:00,2026-05-31 22:05:00+00:00,2026-05-31 22:15:00+00:00,SHORT,73720.1,73889.4,-0.002291262346155065,-0.0036912623461550654,-20.590885114067788,5557.686458276575,15m
2026-06-01 06:45:00+00:00,2026-06-01 06:50:00+00:00,2026-06-01 07:00:00+00:00,LONG,73183.4,73127.3,-0.0007665672816511426,-0.002166567281651143,-12.041101642177646,5545.645356634397,15m
2026-06-01 08:30:00+00:00,2026-06-01 08:35:00+00:00,2026-06-01 08:45:00+00:00,LONG,72835.1,72812.6,-0.0003089169919447965,-0.0017089169919447965,-9.477047581252283,5536.168309053145,15m
2026-06-01 13:55:00+00:00,2026-06-01 14:00:00+00:00,2026-06-01 14:10:00+00:00,LONG,71712.1,71667.4,-0.0006233257706860229,-0.002023325770686023,-11.201472010562492,5524.9668370425825,15m
2026-06-01 21:10:00+00:00,2026-06-01 21:15:00+00:00,2026-06-01 21:25:00+00:00,LONG,71226.9,71155.7,-0.0009996223336968812,-0.0023996223336968815,-13.257833815102,5511.709003227481,15m
2026-06-02 02:20:00+00:00,2026-06-02 02:25:00+00:00,2026-06-02 02:35:00+00:00,LONG,70541.1,70739.1,0.0028068742903073485,0.0014068742903073485,7.754281692296285,5519.463284919777,15m
2026-06-02 14:10:00+00:00,2026-06-02 14:15:00+00:00,2026-06-02 14:25:00+00:00,LONG,68583.3,67892.6,-0.010070964797552762,-0.011470964797552762,-63.31356904269969,5456.149715877077,15m
2026-06-02 23:05:00+00:00,2026-06-02 23:10:00+00:00,2026-06-02 23:20:00+00:00,LONG,66469.4,66445.4,-0.0003610684013997112,-0.0017610684013997112,-9.608652857937132,5446.54106301914,15m
2026-06-03 03:50:00+00:00,2026-06-03 03:55:00+00:00,2026-06-03 04:05:00+00:00,LONG,65938.7,66369.1,0.006527274574718689,0.005127274574718689,27.925911512579336,5474.46697453172,15m
2026-06-03 19:55:00+00:00,2026-06-03 20:00:00+00:00,2026-06-03 20:10:00+00:00,LONG,65458.7,65577.6,0.0018164124860409192,0.0004164124860409192,2.279636402613663,5476.746610934333,15m
2026-06-04 00:30:00+00:00,2026-06-04 00:35:00+00:00,2026-06-04 00:45:00+00:00,LONG,63718.2,63257.7,-0.007227134476491814,-0.008627134476491815,-47.24862950620129,5429.497981428131,15m
2026-06-04 02:05:00+00:00,2026-06-04 02:10:00+00:00,2026-06-04 02:20:00+00:00,LONG,62027.4,63020.9,0.016017115016911943,0.014617115016911942,79.36359647862622,5508.861577906758,15m
2026-06-05 06:05:00+00:00,2026-06-05 06:10:00+00:00,2026-06-05 06:20:00+00:00,LONG,62448.6,61455.9,-0.015896273094993307,-0.017296273094993306,-95.28277429399103,5413.578803612767,15m
2026-06-05 06:25:00+00:00,2026-06-05 06:30:00+00:00,2026-06-05 06:40:00+00:00,LONG,61682.6,62154.5,0.0076504557200895995,0.006250455720089599,33.83733459919723,5447.416138211965,15m
2026-06-05 12:05:00+00:00,2026-06-05 12:10:00+00:00,2026-06-05 12:20:00+00:00,LONG,62050.9,62381.6,0.005329495623753955,0.003929495623753955,21.405597875870583,5468.821736087835,15m
2026-06-05 14:05:00+00:00,2026-06-05 14:10:00+00:00,2026-06-05 14:20:00+00:00,LONG,61134.7,60547.8,-0.009600112538378225,-0.011000112538378225,-60.15765454929517,5408.66408153854,15m
2026-06-05 14:30:00+00:00,2026-06-05 14:35:00+00:00,2026-06-05 14:45:00+00:00,LONG,60833.0,60788.9,-0.0007249354790984652,-0.0021249354790984654,-11.493062201386758,5397.171019337153,15m
2026-06-06 10:40:00+00:00,2026-06-06 10:45:00+00:00,2026-06-06 10:55:00+00:00,LONG,60424.1,60587.0,0.002695944167972808,0.001295944167972808,6.994432306061839,5404.1654516432145,15m
2026-06-07 03:20:00+00:00,2026-06-07 03:25:00+00:00,2026-06-07 03:35:00+00:00,SHORT,61627.4,61583.0,0.00072097819203365,-0.00067902180796635,-3.669546195524062,5400.49590544769,15m
2026-06-07 22:20:00+00:00,2026-06-07 22:25:00+00:00,2026-06-07 22:35:00+00:00,SHORT,62962.6,63049.5,-0.001378282143395304,-0.0027782821433953043,-15.004101339584773,5385.4918041081055,15m
2026-06-08 00:40:00+00:00,2026-06-08 00:45:00+00:00,2026-06-08 00:55:00+00:00,SHORT,63727.4,63636.6,0.0014268518431217458,2.685184312174586e-05,0.14461038105735893,5385.636414489163,15m
2026-06-09 00:55:00+00:00,2026-06-09 01:00:00+00:00,2026-06-09 01:10:00+00:00,LONG,62558.5,62666.1,0.0017199900892763686,0.00031999008927636866,1.7233502770824494,5387.3597647662455,15m
2026-06-09 14:55:00+00:00,2026-06-09 15:00:00+00:00,2026-06-09 15:10:00+00:00,LONG,61548.1,61654.0,0.0017206055101619544,0.0003206055101619544,1.727217225808869,5389.0869819920545,15m
2026-06-09 16:20:00+00:00,2026-06-09 16:25:00+00:00,2026-06-09 16:35:00+00:00,LONG,61038.2,60843.2,-0.003194720683113217,-0.004594720683113217,-24.76134941925508,5364.3256325728,15m
2026-06-10 12:50:00+00:00,2026-06-10 12:55:00+00:00,2026-06-10 13:05:00+00:00,SHORT,61669.1,61574.3,0.0015396033734853543,0.00013960337348535427,0.7488779547811198,5365.074510527581,15m
2026-06-11 06:25:00+00:00,2026-06-11 06:30:00+00:00,2026-06-11 06:40:00+00:00,SHORT,62888.5,62950.4,-0.000983313847092382,-0.002383313847092382,-12.786656371622767,5352.2878541559585,15m
2026-06-11 11:05:00+00:00,2026-06-11 11:10:00+00:00,2026-06-11 11:20:00+00:00,SHORT,63147.0,63162.4,-0.00024381594112954375,-0.0016438159411295437,-8.798176096175602,5343.489678059783,15m
2026-06-11 18:00:00+00:00,2026-06-11 18:05:00+00:00,2026-06-11 18:15:00+00:00,SHORT,63521.1,63575.0,-0.0008478175383405118,-0.002247817538340512,-12.011189814284275,5331.478488245499,15m
2026-06-14 15:00:00+00:00,2026-06-14 15:05:00+00:00,2026-06-14 15:15:00+00:00,LONG,64137.2,64046.0,-0.0014219516910622954,-0.0028219516910622956,-15.045174735766636,5316.433313509732,15m
2026-06-14 20:55:00+00:00,2026-06-14 21:00:00+00:00,2026-06-14 21:10:00+00:00,SHORT,64014.0,64109.6,-0.0014911963262912442,-0.0028911963262912444,-15.370852464991726,5301.06246104474,15m
2026-06-15 19:20:00+00:00,2026-06-15 19:25:00+00:00,2026-06-15 19:35:00+00:00,LONG,66571.8,66693.8,0.0018326078009007762,0.00043260780090077625,2.293280973710222,5303.355742018451,15m
2026-06-15 22:30:00+00:00,2026-06-15 22:35:00+00:00,2026-06-15 22:45:00+00:00,LONG,66247.2,66213.3,-0.0005117197406078189,-0.0019117197406078189,-10.1385298634825,5293.217212154968,15m
2026-06-16 09:00:00+00:00,2026-06-16 09:05:00+00:00,2026-06-16 09:15:00+00:00,SHORT,66821.9,66623.9,0.0029719064780056037,0.0015719064780056037,8.320442425277157,5301.5376545802455,15m
2026-06-16 13:35:00+00:00,2026-06-16 13:40:00+00:00,2026-06-16 13:50:00+00:00,LONG,66037.5,66041.4,5.9057353776204025e-05,-0.001340942646223796,-7.109057931587931,5294.428596648658,15m
2026-06-17 07:55:00+00:00,2026-06-17 08:00:00+00:00,2026-06-17 08:10:00+00:00,LONG,65541.4,65343.3,-0.003022517065549235,-0.004422517065549235,-23.414700821010577,5271.0138958276475,15m
2026-06-18 03:30:00+00:00,2026-06-18 03:35:00+00:00,2026-06-18 03:45:00+00:00,LONG,64328.3,64319.0,-0.00014457089647945676,-0.0015445708964794567,-8.141454658434183,5262.872441169214,15m
2026-06-18 10:30:00+00:00,2026-06-18 10:35:00+00:00,2026-06-18 10:45:00+00:00,LONG,64011.8,64015.2,5.311520688366933e-05,-0.0013468847931163307,-7.088482859121835,5255.783958310092,15m
2026-06-19 03:20:00+00:00,2026-06-19 03:25:00+00:00,2026-06-19 03:35:00+00:00,LONG,62846.7,62643.8,-0.00322849091519517,-0.00462849091519517,-24.326348303266773,5231.457610006825,15m
2026-06-20 00:35:00+00:00,2026-06-20 00:40:00+00:00,2026-06-20 00:50:00+00:00,SHORT,63583.9,63610.2,-0.0004134557036449271,-0.001813455703644927,-9.487016641243535,5221.970593365581,15m
2026-06-20 09:00:00+00:00,2026-06-20 09:05:00+00:00,2026-06-20 09:15:00+00:00,LONG,63448.3,63504.4,0.0008841844462341708,-0.0005158155537658292,-2.693573653365743,5219.277019712215,15m
2026-06-21 08:55:00+00:00,2026-06-21 09:00:00+00:00,2026-06-21 09:10:00+00:00,LONG,64009.4,63965.8,-0.0006811499561001355,-0.0020811499561001357,-10.862098140448524,5208.414921571767,15m
2026-06-21 10:50:00+00:00,2026-06-21 10:55:00+00:00,2026-06-21 11:05:00+00:00,SHORT,64378.7,64445.1,-0.0010303343465989379,-0.002430334346598938,-12.65818967523428,5195.756731896533,15m
2026-06-21 11:10:00+00:00,2026-06-21 11:15:00+00:00,2026-06-21 11:25:00+00:00,SHORT,64435.4,64403.0,0.0005030821545579656,-0.0008969178454420344,-4.660166933413584,5191.09656496312,15m
2026-06-21 20:50:00+00:00,2026-06-21 20:55:00+00:00,2026-06-21 21:05:00+00:00,LONG,63838.3,63555.2,-0.004434641899925373,-0.005834641899925374,-30.2881895244925,5160.808375438627,15m
2026-06-21 21:20:00+00:00,2026-06-21 21:25:00+00:00,2026-06-21 21:35:00+00:00,LONG,63699.9,63946.5,0.0038712776629161727,0.0024712776629161725,12.75379046081218,5173.56216589944,15m
2026-06-22 01:30:00+00:00,2026-06-22 01:35:00+00:00,2026-06-22 01:45:00+00:00,SHORT,64469.6,64633.8,-0.00254046644325423,-0.00394046644325423,-20.386248106816417,5153.175917792623,15m
2026-06-22 22:30:00+00:00,2026-06-22 22:35:00+00:00,2026-06-22 22:45:00+00:00,LONG,64138.7,63931.1,-0.003236735387527334,-0.004636735387527334,-23.893913136182707,5129.28200465644,15m
2026-06-23 05:00:00+00:00,2026-06-23 05:05:00+00:00,2026-06-23 05:15:00+00:00,LONG,63706.6,63565.2,-0.0022195502506804354,-0.0036195502506804356,-18.565693965764865,5110.7163106906755,15m
2026-06-23 08:30:00+00:00,2026-06-23 08:35:00+00:00,2026-06-23 08:45:00+00:00,LONG,62336.1,62326.0,-0.00016202489408223553,-0.0015620248940822355,-7.983066103890956,5102.733244586784,15m
2026-06-23 13:30:00+00:00,2026-06-23 13:35:00+00:00,2026-06-23 13:45:00+00:00,LONG,62322.8,62375.7,0.0008488065362914909,-0.000551193463708509,-2.8125932114643484,5099.92065137532,15m
2026-06-24 11:50:00+00:00,2026-06-24 11:55:00+00:00,2026-06-24 12:05:00+00:00,SHORT,62931.9,62905.1,0.0004260385882861595,-0.0009739614117138405,-4.967125917242075,5094.953525458078,15m
2026-06-24 13:15:00+00:00,2026-06-24 13:20:00+00:00,2026-06-24 13:30:00+00:00,LONG,62204.5,62042.1,-0.002610743595720555,-0.004010743595720555,-20.43455222272485,5074.518973235353,15m
2026-06-24 14:20:00+00:00,2026-06-24 14:25:00+00:00,2026-06-24 14:35:00+00:00,LONG,61244.1,61115.5,-0.0020997941026156264,-0.0034997941026156266,-17.759771576140192,5056.7592016592125,15m
2026-06-24 16:10:00+00:00,2026-06-24 16:15:00+00:00,2026-06-24 16:25:00+00:00,LONG,60531.2,60554.0,0.00037666525692547914,-0.0010233347430745208,-5.174757378419649,5051.584444280793,15m
2026-06-25 06:55:00+00:00,2026-06-25 07:00:00+00:00,2026-06-25 07:10:00+00:00,SHORT,61725.7,61750.2,-0.00039675984855114255,-0.0017967598485511425,-9.076484101049266,5042.507960179743,15m
2026-06-25 11:10:00+00:00,2026-06-25 11:15:00+00:00,2026-06-25 11:25:00+00:00,LONG,61356.2,61235.7,-0.0019639417043428864,-0.0033639417043428866,-16.962702821729618,5025.545257358014,15m
2026-06-25 14:05:00+00:00,2026-06-25 14:10:00+00:00,2026-06-25 14:20:00+00:00,LONG,59486.2,59296.1,-0.003195699170563948,-0.004595699170563948,-23.09589417087181,5002.449363187143,15m
2026-06-25 22:00:00+00:00,2026-06-25 22:05:00+00:00,2026-06-25 22:15:00+00:00,SHORT,60139.5,59885.8,0.004236396608210846,0.002836396608210846,14.188930406490519,5016.6382935936335,15m
2026-06-26 07:40:00+00:00,2026-06-26 07:45:00+00:00,2026-06-26 07:55:00+00:00,SHORT,60590.8,60528.1,0.0010358825074634481,-0.00036411749253655186,-1.8266457564261602,5014.811647837208,15m
2026-06-27 02:45:00+00:00,2026-06-27 02:50:00+00:00,2026-06-27 03:00:00+00:00,SHORT,60272.4,60275.1,-4.479461668249751e-05,-0.0014447946166824975,-7.245372872471882,5007.566274964735,15m
2026-06-27 17:05:00+00:00,2026-06-27 17:10:00+00:00,2026-06-27 17:20:00+00:00,LONG,60534.8,60607.5,0.001200962091226776,-0.000199037908773224,-0.996695519412304,5006.569579445323,15m
2026-06-28 05:30:00+00:00,2026-06-28 05:35:00+00:00,2026-06-28 05:45:00+00:00,LONG,59930.0,59932.7,4.505256132159019e-05,-0.0013549474386784098,-6.783638628234684,4999.785940817089,15m
2026-06-28 16:35:00+00:00,2026-06-28 16:40:00+00:00,2026-06-28 16:50:00+00:00,LONG,59710.1,59679.4,-0.0005141508722978916,-0.0019141508722978916,-9.570344619917766,4990.215596197171,15m
2026-06-29 12:20:00+00:00,2026-06-29 12:25:00+00:00,2026-06-29 12:35:00+00:00,SHORT,60432.8,59908.1,0.008758414972265927,0.007358414972265926,36.7200771578922,5026.935673355063,15m
2026-06-29 14:15:00+00:00,2026-06-29 14:20:00+00:00,2026-06-29 14:30:00+00:00,LONG,59143.6,59585.7,0.007475026883720259,0.006075026883720259,30.538769358364412,5057.474442713427,15m
2026-06-30 01:10:00+00:00,2026-06-30 01:15:00+00:00,2026-06-30 01:25:00+00:00,LONG,59826.9,60037.8,0.0035251701157841264,0.0021251701157841262,10.747993546996554,5068.222436260424,15m
2026-06-30 12:15:00+00:00,2026-06-30 12:20:00+00:00,2026-06-30 12:30:00+00:00,LONG,59034.6,58789.4,-0.004153496424130876,-0.005553496424130876,-28.14635517647214,5040.076081083952,15m
2026-06-30 13:05:00+00:00,2026-06-30 13:10:00+00:00,2026-06-30 13:20:00+00:00,LONG,58617.1,58454.0,-0.0027824645026792716,-0.004182464502679272,-21.079939299936484,5018.996141784016,15m
2026-07-01 21:20:00+00:00,2026-07-01 21:25:00+00:00,2026-07-01 21:35:00+00:00,SHORT,60408.5,60717.1,-0.005082587936512062,-0.006482587936512062,-32.53608384212964,4986.460057941887,15m
2026-07-01 22:25:00+00:00,2026-07-01 22:30:00+00:00,2026-07-01 22:40:00+00:00,SHORT,60566.0,60495.9,0.001158756213230916,-0.00024124378676908405,-1.202952506950687,4985.2571054349355,15m
2026-07-02 00:05:00+00:00,2026-07-02 00:10:00+00:00,2026-07-02 00:20:00+00:00,LONG,59969.9,59851.9,-0.001967653772976141,-0.0033676537729761414,-16.788619900374076,4968.468485534561,15m
2026-07-02 00:45:00+00:00,2026-07-02 00:50:00+00:00,2026-07-02 01:00:00+00:00,LONG,59779.6,59733.6,-0.000769493271952304,-0.002169493271952304,-10.779058951274285,4957.689426583287,15m
2026-07-02 07:40:00+00:00,2026-07-02 07:45:00+00:00,2026-07-02 07:55:00+00:00,LONG,60126.6,60128.6,3.326314809082298e-05,-0.001366736851909177,-6.775856839631855,4950.913569743655,15m
2026-07-02 13:25:00+00:00,2026-07-02 13:30:00+00:00,2026-07-02 13:40:00+00:00,SHORT,61709.4,61977.3,-0.00432255035311313,-0.005722550353113131,-28.331852196769145,4922.581717546886,15m
2026-07-03 10:45:00+00:00,2026-07-03 10:50:00+00:00,2026-07-03 11:00:00+00:00,SHORT,61973.0,61963.3,0.00015654427701550233,-0.0012434557229844977,-6.121012408542533,4916.460705138343,15m
2026-07-04 00:10:00+00:00,2026-07-04 00:15:00+00:00,2026-07-04 00:25:00+00:00,SHORT,62823.9,62763.4,0.0009639375814567419,-0.0004360624185432581,-2.1438837457555175,4914.316821392587,15m
2026-07-04 16:05:00+00:00,2026-07-04 16:10:00+00:00,2026-07-04 16:20:00+00:00,SHORT,62893.9,62856.4,0.0005965979597941651,-0.0008034020402058349,-3.9481721605246585,4910.368649232063,15m
2026-07-04 23:15:00+00:00,2026-07-04 23:20:00+00:00,2026-07-04 23:30:00+00:00,LONG,63039.0,63165.2,0.0020019353098874593,0.0006019353098874593,2.955724274537167,4913.3243735066,15m
2026-07-06 05:35:00+00:00,2026-07-06 05:40:00+00:00,2026-07-06 05:50:00+00:00,LONG,63113.4,63160.1,0.0007399379529544614,-0.0006600620470455386,-3.2430989437755047,4910.081274562825,15m
2026-07-06 21:10:00+00:00,2026-07-06 21:15:00+00:00,2026-07-06 21:25:00+00:00,SHORT,64314.9,64227.1,0.001367024200065181,-3.297579993481888e-05,-0.1619138577736842,4909.919360705051,15m
2026-07-07 12:15:00+00:00,2026-07-07 12:20:00+00:00,2026-07-07 12:30:00+00:00,SHORT,63699.3,63602.3,0.001525102079641849,0.0001251020796418491,0.61424112289798,4910.5336018279495,15m
2026-07-08 02:35:00+00:00,2026-07-08 02:40:00+00:00,2026-07-08 02:50:00+00:00,LONG,62761.1,62946.3,0.0029508724353142224,0.0015508724353142224,7.615611205759232,4918.149213033708,15m
2026-07-09 07:20:00+00:00,2026-07-09 07:25:00+00:00,2026-07-09 07:35:00+00:00,SHORT,62865.3,62830.6,0.0005522786667644386,-0.0008477213332355614,-4.169220007924363,4913.979993025784,15m
2026-07-12 00:00:00+00:00,2026-07-12 00:05:00+00:00,2026-07-12 00:15:00+00:00,LONG,63893.6,63853.5,-0.0006276058948000429,-0.002027605894800043,-9.963614800788555,4904.016378224996,15m
2026-07-12 22:20:00+00:00,2026-07-12 22:25:00+00:00,2026-07-12 22:35:00+00:00,LONG,63846.9,63820.2,-0.00041818788382841365,-0.0018181878838284136,-8.916423160984786,4895.099955064011,15m
2026-07-13 00:15:00+00:00,2026-07-13 00:20:00+00:00,2026-07-13 00:30:00+00:00,SHORT,64234.9,64080.7,0.0024063407547045834,0.0010063407547045834,4.926138583133489,4900.026093647144,15m
2026-07-13 09:00:00+00:00,2026-07-13 09:05:00+00:00,2026-07-13 09:15:00+00:00,SHORT,63177.6,63110.4,0.0010648007301490292,-0.0003351992698509708,-1.6424851688412272,4898.383608478302,15m
2026-07-13 13:30:00+00:00,2026-07-13 13:35:00+00:00,2026-07-13 13:45:00+00:00,LONG,62713.7,62323.1,-0.006228304182339772,-0.0076283041823397724,-37.36636016725962,4861.017248311043,15m
2026-07-14 12:25:00+00:00,2026-07-14 12:30:00+00:00,2026-07-14 12:40:00+00:00,SHORT,62961.5,63557.6,-0.009378894105504298,-0.010778894105504299,-52.396390164574626,4808.620858146468,15m
2026-07-14 21:40:00+00:00,2026-07-14 21:45:00+00:00,2026-07-14 21:55:00+00:00,SHORT,64742.4,64680.3,0.000960106864068333,-0.000439893135931667,-2.1152793087964734,4806.505578837671,15m
2026-07-15 06:15:00+00:00,2026-07-15 06:20:00+00:00,2026-07-15 06:30:00+00:00,SHORT,65008.3,65252.9,-0.0037484924041689682,-0.005148492404168968,-24.74625746324152,4781.759321374429,15m
2026-07-15 06:35:00+00:00,2026-07-15 06:40:00+00:00,2026-07-15 06:50:00+00:00,SHORT,65046.9,64913.4,0.002056586159406182,0.0006565861594061818,3.139636988025947,4784.898958362455,15m
2026-07-18 12:20:00+00:00,2026-07-18 12:25:00+00:00,2026-07-18 12:35:00+00:00,SHORT,64081.2,64206.3,-0.0019484069320301334,-0.0033484069320301336,-16.02178884124461,4768.877169521211,15m
2026-07-18 17:20:00+00:00,2026-07-18 17:25:00+00:00,2026-07-18 17:35:00+00:00,SHORT,64301.7,64409.9,-0.001679865983334916,-0.0030798659833349163,-14.687502573110876,4754.1896669481,15m
2026-07-19 02:15:00+00:00,2026-07-19 02:20:00+00:00,2026-07-19 02:30:00+00:00,SHORT,64828.7,64891.3,-0.0009646901818888276,-0.002364690181888828,-11.242185628269489,4742.94748131983,15m
2026-07-19 10:00:00+00:00,2026-07-19 10:05:00+00:00,2026-07-19 10:15:00+00:00,LONG,64564.9,64609.8,0.0006954242940049316,-0.0007045757059950684,-3.341765570148451,4739.605715749682,15m
2026-07-19 12:20:00+00:00,2026-07-19 12:25:00+00:00,2026-07-19 12:35:00+00:00,LONG,64433.0,64407.8,-0.0003911039374233649,-0.001791103937423365,-8.48912645931354,4731.116589290368,15m
2026-07-19 22:30:00+00:00,2026-07-19 22:35:00+00:00,2026-07-19 22:45:00+00:00,SHORT,64753.2,64734.6,0.0002873270244969639,-0.001112672975503036,-5.26418557285749,4725.852403717511,15m
2026-07-20 05:15:00+00:00,2026-07-20 05:20:00+00:00,2026-07-20 05:30:00+00:00,LONG,64371.6,64169.2,-0.0031442437348147,-0.0045442437348147,-21.47542517725229,4704.376978540259,15m
2026-07-20 12:00:00+00:00,2026-07-20 12:05:00+00:00,2026-07-20 12:15:00+00:00,SHORT,64806.6,64699.4,0.00165689326330698,0.00025689326330697996,1.2085227538434375,4705.585501294103,15m
2026-07-21 01:10:00+00:00,2026-07-21 01:15:00+00:00,2026-07-21 01:25:00+00:00,SHORT,65550.0,65451.0,0.0015125819315213729,0.0001125819315213729,0.5297639046746578,4706.115265198778,15m
2026-07-21 04:05:00+00:00,2026-07-21 04:10:00+00:00,2026-07-21 04:20:00+00:00,SHORT,65663.8,65571.2,0.0014122053584502137,1.220535845021368e-05,0.0574398237197735,4706.172705022497,15m
2026-07-21 05:50:00+00:00,2026-07-21 05:55:00+00:00,2026-07-21 06:05:00+00:00,SHORT,65757.7,65696.4,0.0009330800470042089,-0.0004669199529957911,-2.1974059382191795,4703.975299084278,15m
2026-07-21 14:15:00+00:00,2026-07-21 14:20:00+00:00,2026-07-21 14:30:00+00:00,SHORT,66851.3,66839.4,0.00017803870172405922,-0.0012219612982759408,-5.748075763526981,4698.227223320751,15m
2026-07-22 00:15:00+00:00,2026-07-22 00:20:00+00:00,2026-07-22 00:30:00+00:00,SHORT,66633.5,66733.7,-0.0015014902515519957,-0.002901490251551996,-13.631860488041362,4684.59536283271,15m
2026-07-22 06:10:00+00:00,2026-07-22 06:15:00+00:00,2026-07-22 06:25:00+00:00,LONG,65986.0,65864.8,-0.001836753250689549,-0.003236753250689549,-15.162879268813962,4669.432483563895,15m
2026-07-22 07:40:00+00:00,2026-07-22 07:45:00+00:00,2026-07-22 07:55:00+00:00,LONG,65778.9,65844.6,0.000998800527221011,-0.000401199472778989,-1.87337385058292,4667.559109713313,15m
2026-07-23 00:10:00+00:00,2026-07-23 00:15:00+00:00,2026-07-23 00:25:00+00:00,SHORT,66196.2,66260.5,-0.0009704122365512546,-0.002370412236551255,-11.064039228490717,4656.4950704848225,15m
2026-07-23 00:35:00+00:00,2026-07-23 00:40:00+00:00,2026-07-23 00:50:00+00:00,SHORT,66213.4,66128.2,0.0012884064589691047,-0.00011159354103089532,-0.5196347737083098,4655.975435711114,15m
2026-07-23 01:40:00+00:00,2026-07-23 01:45:00+00:00,2026-07-23 01:55:00+00:00,LONG,65780.8,65822.9,0.0006400043781771281,-0.0007599956218228719,-3.5385209464552854,4652.4369147646585,15m
2026-07-23 12:50:00+00:00,2026-07-23 12:55:00+00:00,2026-07-23 13:05:00+00:00,LONG,65231.2,65023.0,-0.0031917242055947703,-0.0045917242055947705,-21.362707196527538,4631.074207568131,15m
2026-07-24 03:50:00+00:00,2026-07-24 03:55:00+00:00,2026-07-24 04:05:00+00:00,SHORT,65420.8,65420.6,3.0571410229995877e-06,-0.0013969428589770004,-6.4693460436548715,4624.604861524476,15m
2026-07-24 09:35:00+00:00,2026-07-24 09:40:00+00:00,2026-07-24 09:50:00+00:00,LONG,65036.8,65126.2,0.001374606376697507,-2.5393623302493026e-05,-0.11743547377643047,4624.4874260506995,15m
2026-07-24 13:40:00+00:00,2026-07-24 13:45:00+00:00,2026-07-24 13:55:00+00:00,LONG,64410.6,64155.9,-0.003954318078080221,-0.005354318078080221,-24.76097662715793,4599.726449423541,15m
2026-07-25 01:20:00+00:00,2026-07-25 01:25:00+00:00,2026-07-25 01:35:00+00:00,LONG,64015.1,64073.7,0.0009154090206842103,-0.0004845909793157897,-2.228985944710894,4597.4974634788305,15m
2026-07-26 00:30:00+00:00,2026-07-26 00:35:00+00:00,2026-07-26 00:45:00+00:00,SHORT,64459.5,64432.2,0.0004237011928818202,-0.0009762988071181798,-4.488531289323239,4593.0089321895075,15m
2026-07-26 09:05:00+00:00,2026-07-26 09:10:00+00:00,2026-07-26 09:20:00+00:00,SHORT,64499.2,64546.0,-0.0007250642952313369,-0.002125064295231337,-9.760439289474531,4583.248492900033,15m
2026-07-26 12:15:00+00:00,2026-07-26 12:20:00+00:00,2026-07-26 12:30:00+00:00,SHORT,64546.8,64558.1,-0.00017503613024538733,-0.0015750361302453873,-7.218781970210271,4576.029710929823,15m
2026-07-26 21:35:00+00:00,2026-07-26 21:40:00+00:00,2026-07-26 21:50:00+00:00,SHORT,64809.9,64878.1,-0.0010512021776223346,-0.002451202177622335,-11.216773992295684,4564.8129369375265,15m
2026-07-27 13:50:00+00:00,2026-07-27 13:55:00+00:00,2026-07-27 14:05:00+00:00,SHORT,65435.7,65399.9,0.0005474014486259726,-0.0008525985513740274,-3.8919528973263544,4560.9209840402,15m
2026-07-30 11:55:00+00:00,2026-07-30 12:00:00+00:00,2026-07-30 12:10:00+00:00,SHORT,64795.1,64985.3,-0.002926815756794321,-0.004326815756794321,-19.734264779239,4541.186719260961,15m
2026-07-30 13:50:00+00:00,2026-07-30 13:55:00+00:00,2026-07-30 14:05:00+00:00,SHORT,65007.5,64780.0,0.00351188638468658,0.00211188638468658,9.59047040272674,4550.777189663688,15m
2026-07-30 23:40:00+00:00,2026-07-30 23:45:00+00:00,2026-07-30 23:55:00+00:00,SHORT,64821.1,64782.6,0.0005942953817845709,-0.0008057046182154291,-3.666582198181465,4547.110607465506,15m
2026-07-31 01:10:00+00:00,2026-07-31 01:15:00+00:00,2026-07-31 01:25:00+00:00,SHORT,65191.4,65184.1,0.00011199050075094696,-0.001288009499249053,-5.856721656551704,4541.253885808955,15m
2026-07-31 07:05:00+00:00,2026-07-31 07:10:00+00:00,2026-07-31 07:20:00+00:00,LONG,64125.1,63980.2,-0.002259645598993276,-0.0036596455989932764,-16.619379797111858,4524.634506011843,15m
2026-07-31 07:45:00+00:00,2026-07-31 07:50:00+00:00,2026-07-31 08:00:00+00:00,LONG,63974.3,63949.2,-0.00039234505105967266,-0.0017923450510596726,-8.109706264704153,4516.524799747139,15m
2026-07-31 10:05:00+00:00,2026-07-31 10:10:00+00:00,2026-07-31 10:20:00+00:00,LONG,63707.6,63784.1,0.0012007986488267175,-0.0001992013511732825,-0.8996978427172692,4515.625101904421,15m
2026-07-31 18:10:00+00:00,2026-07-31 18:15:00+00:00,2026-07-31 18:25:00+00:00,SHORT,63156.3,63063.8,0.0014667685740472614,6.676857404726137e-05,0.3015018489861775,4515.926603753407,15m
2026-08-02 01:15:00+00:00,2026-08-02 01:20:00+00:00,2026-08-02 01:30:00+00:00,SHORT,63000.1,63009.0,-0.0001412496627466453,-0.0015412496627466453,-6.960170355023542,4508.966433398384,15m
2026-08-02 18:45:00+00:00,2026-08-02 18:50:00+00:00,2026-08-02 19:00:00+00:00,SHORT,63417.6,63350.3,0.0010623469817820919,-0.0003376530182179081,-1.5224661252802008,4507.443967273103,15m
2026-08-03 08:10:00+00:00,2026-08-03 08:15:00+00:00,2026-08-03 08:25:00+00:00,LONG,62572.2,62338.3,-0.003738081767941548,-0.005138081767941548,-23.159615668264053,4484.284351604839,15m
2026-08-04 12:40:00+00:00,2026-08-04 12:45:00+00:00,2026-08-04 12:55:00+00:00,SHORT,63958.9,63909.5,0.0007729680250980753,-0.0006270319749019247,-2.811789673008579,4481.472561931831,15m
2026-08-05 02:15:00+00:00,2026-08-05 02:20:00+00:00,2026-08-05 02:30:00+00:00,SHORT,64360.2,64497.9,-0.002134953231035519,-0.0035349532310355192,-15.84179591259795,4465.630766019232,15m
2026-08-05 07:45:00+00:00,2026-08-05 07:50:00+00:00,2026-08-05 08:00:00+00:00,LONG,64053.4,64211.1,0.0024620082618564965,0.0010620082618564965,4.74253676791298,4470.373302787146,15m
2026-08-06 15:10:00+00:00,2026-08-06 15:15:00+00:00,2026-08-06 15:25:00+00:00,SHORT,64851.1,64822.2,0.000445834914581722,-0.000954165085418278,-4.265474124305487,4466.10782866284,15m
2026-08-07 11:10:00+00:00,2026-08-07 11:15:00+00:00,2026-08-07 11:25:00+00:00,SHORT,64964.1,65078.7,-0.0017609448252653426,-0.0031609448252653428,-14.117120430088839,4451.990708232751,15m
2026-08-07 17:35:00+00:00,2026-08-07 17:40:00+00:00,2026-08-07 17:50:00+00:00,LONG,64674.3,64724.4,0.000774650827299217,-0.000625349172700783,-2.7840487062649237,4449.206659526486,15m
2026-08-08 11:50:00+00:00,2026-08-08 11:55:00+00:00,2026-08-08 12:05:00+00:00,LONG,64964.7,64921.4,-0.0006665158155120254,-0.0020665158155120256,-9.19435592839291,4440.012303598093,15m
2026-08-08 12:10:00+00:00,2026-08-08 12:15:00+00:00,2026-08-08 12:25:00+00:00,LONG,65003.6,64975.5,-0.0004322837504384669,-0.0018322837504384669,-8.13536239562965,4431.876941202464,15m
2026-08-09 01:30:00+00:00,2026-08-09 01:35:00+00:00,2026-08-09 01:45:00+00:00,LONG,64883.1,64890.7,0.00011713373744459687,-0.0012828662625554031,-5.685505407665877,4426.191435794798,15m
2026-08-09 02:50:00+00:00,2026-08-09 02:55:00+00:00,2026-08-09 03:05:00+00:00,LONG,64808.7,64803.7,-7.715013570708251e-05,-0.0014771501357070825,-6.538149280049812,4419.653286514748,15m
2026-08-09 03:15:00+00:00,2026-08-09 03:20:00+00:00,2026-08-09 03:30:00+00:00,LONG,64754.9,64788.9,0.0005250567910690673,-0.0008749432089309327,-3.8669456288653565,4415.786340885883,15m
2026-08-09 06:55:00+00:00,2026-08-09 07:00:00+00:00,2026-08-09 07:10:00+00:00,SHORT,64851.6,64855.6,-6.167547598046053e-05,-0.0014616754759804605,-6.454446601642389,4409.331894284241,15m
2026-08-09 10:30:00+00:00,2026-08-09 10:35:00+00:00,2026-08-09 10:45:00+00:00,SHORT,64938.3,64971.1,-0.0005048398441768187,-0.0019048398441768187,-8.39907107843227,4400.932823205809,15m
2026-08-09 11:40:00+00:00,2026-08-09 11:45:00+00:00,2026-08-09 11:55:00+00:00,SHORT,64984.3,64947.9,0.0005604492216069179,-0.0008395507783930821,-3.694806577378101,4397.238016628431,15m
2026-08-09 20:15:00+00:00,2026-08-09 20:20:00+00:00,2026-08-09 20:30:00+00:00,LONG,65117.2,65159.3,0.0006465265705528633,-0.0007534734294471367,-3.313202008484349,4393.924814619947,15m
2026-08-09 21:40:00+00:00,2026-08-09 21:45:00+00:00,2026-08-09 21:55:00+00:00,SHORT,65227.9,65200.4,0.00042177655351816057,-0.0009782234464818394,-4.298240275739602,4389.626574344207,15m
2026-08-09 22:15:00+00:00,2026-08-09 22:20:00+00:00,2026-08-09 22:30:00+00:00,SHORT,65321.7,65100.5,0.003397823365411945,0.0019978233654119448,8.769698535658051,4398.396272879865,15m
2026-08-10 07:35:00+00:00,2026-08-10 07:40:00+00:00,2026-08-10 07:50:00+00:00,SHORT,65320.6,65207.3,0.0017375355213296029,0.0003375355213296029,1.4846149789806875,4399.880887858846,15m
2026-08-10 10:00:00+00:00,2026-08-10 10:05:00+00:00,2026-08-10 10:15:00+00:00,LONG,65046.5,65025.0,-0.00033053277270878034,-0.0017305327727087803,-7.614138072454739,4392.266749786391,15m
2026-08-11 06:35:00+00:00,2026-08-11 06:40:00+00:00,2026-08-11 06:50:00+00:00,LONG,63971.3,63869.4,-0.0015929018169085207,-0.002992901816908521,-13.145623135782575,4379.121126650609,15m
2026-08-11 13:40:00+00:00,2026-08-11 13:45:00+00:00,2026-08-11 13:55:00+00:00,LONG,64176.1,64204.7,0.0004456487695574385,-0.0009543512304425615,-4.1792196354760245,4374.9419070151325,15m
2026-08-11 14:25:00+00:00,2026-08-11 14:30:00+00:00,2026-08-11 14:40:00+00:00,LONG,64030.0,63963.8,-0.0010338903638918984,-0.0024338903638918986,-10.648128950070978,4364.293778065062,15m
2026-08-12 01:50:00+00:00,2026-08-12 01:55:00+00:00,2026-08-12 02:05:00+00:00,SHORT,63839.8,63874.8,-0.0005479469211645549,-0.0019479469211645549,-8.50141262803946,4355.792365437022,15m
2026-08-12 02:10:00+00:00,2026-08-12 02:15:00+00:00,2026-08-12 02:25:00+00:00,SHORT,63859.8,63905.5,-0.0007151184170376412,-0.0021151184170376414,-9.213016652927799,4346.579348784095,15m
2026-08-12 12:30:00+00:00,2026-08-12 12:35:00+00:00,2026-08-12 12:45:00+00:00,SHORT,64253.3,63991.0,0.00409901392383305,0.00269901392383305,11.731478183413463,4358.310826967509,15m
2026-08-12 15:00:00+00:00,2026-08-12 15:05:00+00:00,2026-08-12 15:15:00+00:00,LONG,63462.3,63536.3,0.0011660466135012815,-0.00023395338649871852,-1.0196415773830791,4357.291185390125,15m
2026-08-13 09:15:00+00:00,2026-08-13 09:20:00+00:00,2026-08-13 09:30:00+00:00,LONG,63668.5,63702.5,0.0005340160361875235,-0.0008659839638124765,-3.773344292209305,4353.517841097916,15m
2026-08-13 11:35:00+00:00,2026-08-13 11:40:00+00:00,2026-08-13 11:50:00+00:00,LONG,63465.0,63465.8,1.2605373040264212e-05,-0.0013873946269597358,-6.040047261112598,4347.477793836803,15m
2026-08-14 06:30:00+00:00,2026-08-14 06:35:00+00:00,2026-08-14 06:45:00+00:00,LONG,63215.3,63164.4,-0.000805184820763305,-0.002205184820763305,-9.586992039574461,4337.890801797229,15m
2026-08-14 07:40:00+00:00,2026-08-14 07:45:00+00:00,2026-08-14 07:55:00+00:00,LONG,63029.0,62923.5,-0.0016738326801948311,-0.0030738326801948313,-13.333950509680882,4324.556851287548,15m
2026-08-15 02:50:00+00:00,2026-08-15 02:55:00+00:00,2026-08-15 03:05:00+00:00,SHORT,63128.0,63136.5,-0.00013462893888638305,-0.001534628938886383,-6.636590091845248,4317.920261195703,15m
2026-08-15 03:15:00+00:00,2026-08-15 03:20:00+00:00,2026-08-15 03:30:00+00:00,SHORT,63126.5,63084.7,0.0006626012329455921,-0.0007373987670544078,-3.1840290768449577,4314.7362321188575,15m
2026-08-16 13:35:00+00:00,2026-08-16 13:40:00+00:00,2026-08-16 13:50:00+00:00,SHORT,63056.5,63063.5,-0.00011099923093393915,-0.0015109992309339391,-6.519563128414396,4308.216668990443,15m
2026-08-16 14:25:00+00:00,2026-08-16 14:30:00+00:00,2026-08-16 14:40:00+00:00,SHORT,63072.0,63099.9,-0.00044215600975594516,-0.0018421560097559451,-7.936407228111484,4300.280261762332,15m
2026-08-16 15:40:00+00:00,2026-08-16 15:45:00+00:00,2026-08-16 15:55:00+00:00,SHORT,63116.8,63146.6,-0.0004719177279536302,-0.0018719177279536302,-8.049770857161986,4292.23049090517,15m
2026-08-16 16:00:00+00:00,2026-08-16 16:05:00+00:00,2026-08-16 16:15:00+00:00,SHORT,63141.2,63319.2,-0.0028111536469190845,-0.004211153646919085,-18.0752420851926,4274.155248819978,15m
2026-08-16 20:50:00+00:00,2026-08-16 20:55:00+00:00,2026-08-16 21:05:00+00:00,LONG,63074.7,63051.8,-0.0003630615761944789,-0.0017630615761944789,-7.535598889884455,4266.619649930093,15m
2026-08-16 21:45:00+00:00,2026-08-16 21:50:00+00:00,2026-08-16 22:00:00+00:00,LONG,62970.9,62869.8,-0.0016055034944711943,-0.0030055034944711945,-12.82334026744436,4253.796309662649,15m
2026-08-18 01:55:00+00:00,2026-08-18 02:00:00+00:00,2026-08-18 02:10:00+00:00,LONG,64200.0,64184.5,-0.00024143302180690274,-0.0016414330218069027,-6.982321730720614,4246.813987931929,15m
2026-08-18 13:30:00+00:00,2026-08-18 13:35:00+00:00,2026-08-18 13:45:00+00:00,LONG,64110.1,64240.1,0.0020277616163444367,0.0006277616163444368,2.665986813378311,4249.479974745307,15m
2026-08-18 14:30:00+00:00,2026-08-18 14:35:00+00:00,2026-08-18 14:45:00+00:00,SHORT,64813.5,64810.9,4.011670876358231e-05,-0.0013598832912364177,-5.7787968140998975,4243.701177931207,15m
2026-08-18 23:45:00+00:00,2026-08-18 23:50:00+00:00,2026-08-19 00:00:00+00:00,SHORT,64762.4,64636.6,0.001946265737987396,0.000546265737987396,2.3181885557605724,4246.019366486968,15m
2026-08-19 01:05:00+00:00,2026-08-19 01:10:00+00:00,2026-08-19 01:20:00+00:00,LONG,64548.3,64482.0,-0.0010271378177272306,-0.0024271378177272308,-10.305674179202738,4235.713692307765,15m
2026-08-19 02:10:00+00:00,2026-08-19 02:15:00+00:00,2026-08-19 02:25:00+00:00,LONG,64401.2,64399.4,-2.79497897553993e-05,-0.0014279497897553993,-6.048386476394939,4229.6653058313705,15m
2026-08-19 12:50:00+00:00,2026-08-19 12:55:00+00:00,2026-08-19 13:05:00+00:00,SHORT,64839.2,64872.1,-0.0005071517647802226,-0.0019071517647802226,-8.066613652445978,4221.5986921789245,15m
2026-08-19 13:35:00+00:00,2026-08-19 13:40:00+00:00,2026-08-19 13:50:00+00:00,SHORT,64827.7,65010.0,-0.002804183971696683,-0.004204183971696683,-17.748377556594313,4203.85031462233,15m
2026-08-19 20:55:00+00:00,2026-08-19 21:00:00+00:00,2026-08-19 21:10:00+00:00,SHORT,69055.0,69440.9,-0.0055572436417153925,-0.006957243641715393,-29.24721087212946,4174.603103750201,15m
2026-08-20 07:10:00+00:00,2026-08-20 07:15:00+00:00,2026-08-20 07:25:00+00:00,SHORT,69800.1,69688.9,0.0015956630108957537,0.0001956630108957537,0.8168154125745227,4175.419919162775,15m
2026-08-21 07:20:00+00:00,2026-08-21 07:25:00+00:00,2026-08-21 07:35:00+00:00,SHORT,76250.0,76527.1,-0.003620939510317389,-0.005020939510317389,-20.964530844290618,4154.455388318484,15m
2026-08-21 07:45:00+00:00,2026-08-21 07:50:00+00:00,2026-08-21 08:00:00+00:00,SHORT,76447.9,76626.7,-0.0023333903195622563,-0.0037333903195622565,-15.510203529801485,4138.945184788683,15m
2026-08-21 09:00:00+00:00,2026-08-21 09:05:00+00:00,2026-08-21 09:15:00+00:00,SHORT,77851.6,77589.7,0.0033754480298289202,0.00197544802982892,8.1762711108607,4147.121455899543,15m
2026-08-22 10:25:00+00:00,2026-08-22 10:30:00+00:00,2026-08-22 10:40:00+00:00,LONG,76944.0,77165.9,0.0028839155749635914,0.0014839155749635914,6.153978119675017,4153.275434019219,15m
2026-08-23 05:20:00+00:00,2026-08-23 05:25:00+00:00,2026-08-23 05:35:00+00:00,LONG,76284.2,76241.8,-0.0005558162765028074,-0.0019558162765028076,-8.12304369465405,4145.152390324564,15m
2026-08-23 11:25:00+00:00,2026-08-23 11:30:00+00:00,2026-08-23 11:40:00+00:00,SHORT,77160.4,77275.4,-0.0014881838204654496,-0.00288818382046545,-11.971962067099092,4133.180428257465,15m
2026-08-23 13:25:00+00:00,2026-08-23 13:30:00+00:00,2026-08-23 13:40:00+00:00,SHORT,77439.1,77525.2,-0.0011106066156552075,-0.0025106066156552077,-10.376790126879817,4122.803638130585,15m
2026-08-23 21:35:00+00:00,2026-08-23 21:40:00+00:00,2026-08-23 21:50:00+00:00,SHORT,77640.1,77788.8,-0.001911586243777963,-0.003311586243777963,-13.653019813830984,4109.150618316754,15m
2026-08-27 08:45:00+00:00,2026-08-27 08:50:00+00:00,2026-08-27 09:00:00+00:00,SHORT,79798.5,79750.1,0.0006068957907261474,-0.0007931042092738526,-3.2589846519272716,4105.891633664826,15m
2026-08-28 01:35:00+00:00,2026-08-28 01:40:00+00:00,2026-08-28 01:50:00+00:00,SHORT,80932.5,80622.8,0.0038413451281771316,0.0024413451281771314,10.023898536670867,4115.915532201497,15m
2026-08-28 14:15:00+00:00,2026-08-28 14:20:00+00:00,2026-08-28 14:30:00+00:00,LONG,78884.5,79279.8,0.005011123858299271,0.003611123858299271,14.863080777077366,4130.7786129785745,15m
2026-08-30 12:15:00+00:00,2026-08-30 12:20:00+00:00,2026-08-30 12:30:00+00:00,SHORT,78517.8,78578.2,-0.0007686610281222306,-0.002168661028122231,-8.958258593767438,4121.820354384807,15m
2026-08-30 13:50:00+00:00,2026-08-30 13:55:00+00:00,2026-08-30 14:05:00+00:00,SHORT,78899.5,78888.8,0.0001356339556437547,-0.0012643660443562453,-5.211489697020575,4116.608864687786,15m
2026-08-30 20:45:00+00:00,2026-08-30 20:50:00+00:00,2026-08-30 21:00:00+00:00,LONG,78674.7,78464.3,-0.0026743031749723034,-0.004074303174972304,-16.772312567516575,4099.8365521202695,15m
2026-08-31 05:25:00+00:00,2026-08-31 05:30:00+00:00,2026-08-31 05:40:00+00:00,SHORT,78006.1,77969.7,0.0004668480191665214,-0.0009331519808334786,-3.8257705997045286,4096.010781520565,15m
2026-09-01 18:45:00+00:00,2026-09-01 18:50:00+00:00,2026-09-01 19:00:00+00:00,LONG,76781.8,77294.6,0.0066786660380455665,0.005278666038045566,21.621473003881082,4117.632254524446,15m
2026-09-02 09:45:00+00:00,2026-09-02 09:50:00+00:00,2026-09-02 10:00:00+00:00,LONG,76670.0,76610.0,-0.0007825746706664471,-0.0021825746706664474,-8.987039861844233,4108.645214662602,15m
2026-09-03 05:30:00+00:00,2026-09-03 05:35:00+00:00,2026-09-03 05:45:00+00:00,LONG,77336.5,77509.5,0.0022369773651509384,0.0008369773651509384,3.4388430461083157,4112.08405770871,15m
2026-09-03 07:05:00+00:00,2026-09-03 07:10:00+00:00,2026-09-03 07:20:00+00:00,SHORT,77996.1,77952.9,0.0005541807937872179,-0.0008458192062127821,-3.4780796735714175,4108.605978035139,15m
2026-09-03 12:15:00+00:00,2026-09-03 12:20:00+00:00,2026-09-03 12:30:00+00:00,SHORT,77992.7,78291.6,-0.003817778663356086,-0.005217778663356086,-21.437796608329013,4087.16818142681,15m
2026-09-03 13:50:00+00:00,2026-09-03 13:55:00+00:00,2026-09-03 14:05:00+00:00,SHORT,78782.7,78876.2,-0.0011854019336631216,-0.002585401933663122,-10.56697251946726,4076.601208907343,15m
2026-09-04 04:30:00+00:00,2026-09-04 04:35:00+00:00,2026-09-04 04:45:00+00:00,SHORT,81183.2,81043.3,0.0017262377025613063,0.0003262377025613063,1.3299410126525752,4077.9311499199953,15m
2026-09-05 16:55:00+00:00,2026-09-05 17:00:00+00:00,2026-09-05 17:10:00+00:00,SHORT,80041.1,80130.5,-0.0011156800469234174,-0.0025156800469234176,-10.2587700265812,4067.672379893414,15m
2026-09-07 14:10:00+00:00,2026-09-07 14:15:00+00:00,2026-09-07 14:25:00+00:00,LONG,79180.0,79058.2,-0.001538267239201807,-0.0029382672392018073,-11.951908493646867,4055.720471399767,15m
2026-09-07 19:50:00+00:00,2026-09-07 19:55:00+00:00,2026-09-07 20:05:00+00:00,SHORT,79363.5,79252.5,0.0014005867322797183,5.867322797183192e-07,0.0023796221180846415,4055.722851021885,15m
2026-09-08 06:55:00+00:00,2026-09-08 07:00:00+00:00,2026-09-08 07:10:00+00:00,LONG,78323.5,78405.2,0.0010431096669580864,-0.0003568903330419136,-1.4474482790268999,4054.275402742858,15m
2026-09-09 00:55:00+00:00,2026-09-09 01:00:00+00:00,2026-09-09 01:10:00+00:00,SHORT,78773.4,78739.2,0.0004343452816386595,-0.0009656547183613405,-3.915030172194965,4050.3603725706635,15m
2026-09-09 04:05:00+00:00,2026-09-09 04:10:00+00:00,2026-09-09 04:20:00+00:00,SHORT,78782.2,78924.1,-0.0017979299098755952,-0.0031979299098755954,-12.952768581218585,4037.407603989445,15m
2026-09-09 04:45:00+00:00,2026-09-09 04:50:00+00:00,2026-09-09 05:00:00+00:00,SHORT,79128.3,79125.3,3.79145481912424e-05,-0.0013620854518087576,-5.499294160416077,4031.908309829029,15m
2026-09-09 08:10:00+00:00,2026-09-09 08:15:00+00:00,2026-09-09 08:25:00+00:00,SHORT,79408.8,79686.6,-0.0034861570201263348,-0.004886157020126335,-19.700537092576816,4012.207772736452,15m
2026-09-09 08:35:00+00:00,2026-09-09 08:40:00+00:00,2026-09-09 08:50:00+00:00,SHORT,79627.1,79700.5,-0.00092094779831986,-0.00232094779831986,-9.312124796534498,4002.8956479399176,15m
2026-09-09 13:35:00+00:00,2026-09-09 13:40:00+00:00,2026-09-09 13:50:00+00:00,SHORT,79336.1,79183.2,0.0019309651542247508,0.0005309651542247508,2.125398105054002,4005.0210460449716,15m
2026-09-09 20:30:00+00:00,2026-09-09 20:35:00+00:00,2026-09-09 20:45:00+00:00,LONG,78243.0,78115.9,-0.0016244264662653718,-0.003024426466265372,-12.112891649608237,3992.9081543953635,15m
2026-09-10 23:15:00+00:00,2026-09-10 23:20:00+00:00,2026-09-10 23:30:00+00:00,LONG,76663.5,76775.9,0.0014661475147885739,6.614751478857387e-05,0.2641209511922845,3993.1722753465556,15m
2026-09-11 06:15:00+00:00,2026-09-11 06:20:00+00:00,2026-09-11 06:30:00+00:00,SHORT,77314.2,77187.8,0.0016375644855792792,0.00023756448557927926,0.9486359174221446,3994.1209112639776,15m
2026-09-13 07:00:00+00:00,2026-09-13 07:05:00+00:00,2026-09-13 07:15:00+00:00,LONG,77157.1,77171.5,0.00018663220883108345,-0.0012133677911689165,-4.8463376677619525,3989.2745735962158,15m
2026-09-14 09:55:00+00:00,2026-09-14 10:00:00+00:00,2026-09-14 10:10:00+00:00,SHORT,78147.6,78038.0,0.0014044439888261095,4.44398882610956e-06,0.017728291629344563,3989.292301887845,15m
2026-09-14 13:50:00+00:00,2026-09-14 13:55:00+00:00,2026-09-14 14:05:00+00:00,SHORT,78226.8,78310.4,-0.0010675465838507758,-0.002467546583850776,-9.84376459150555,3979.4485372963395,15m
2026-09-14 22:25:00+00:00,2026-09-14 22:30:00+00:00,2026-09-14 22:40:00+00:00,LONG,78587.4,78664.3,0.000978528364597997,-0.000421471635402003,-1.677224683012397,3977.771312613327,15m
2026-09-15 01:15:00+00:00,2026-09-15 01:20:00+00:00,2026-09-15 01:30:00+00:00,LONG,77877.0,77960.1,0.0010670672984323115,-0.00033293270156768847,-1.3243301493268054,3976.4469824640005,15m
2026-09-15 08:30:00+00:00,2026-09-15 08:35:00+00:00,2026-09-15 08:45:00+00:00,LONG,76881.8,76883.5,2.2111865226825955e-05,-0.001377888134773174,-5.479099115691738,3970.9678833483085,15m
2026-09-15 13:40:00+00:00,2026-09-15 13:45:00+00:00,2026-09-15 13:55:00+00:00,LONG,76433.9,76620.6,0.0024426334388276683,0.0010426334388276683,4.140263899689674,3975.108147247998,15m
2026-09-15 14:50:00+00:00,2026-09-15 14:55:00+00:00,2026-09-15 15:05:00+00:00,LONG,75919.0,76036.6,0.001549019349569969,0.0001490193495699689,0.5923680305731809,3975.7005152785714,15m
2026-09-15 18:50:00+00:00,2026-09-15 18:55:00+00:00,2026-09-15 19:05:00+00:00,LONG,75877.3,76018.7,0.001863534943916001,0.00046353494391600096,1.8428761153764688,3977.543391393948,15m
2026-09-16 11:45:00+00:00,2026-09-16 11:50:00+00:00,2026-09-16 12:00:00+00:00,SHORT,76229.8,76285.7,-0.0007327716728036116,-0.0021327716728036118,-8.48319187251222,3969.0601995214356,15m
2026-09-17 13:40:00+00:00,2026-09-17 13:45:00+00:00,2026-09-17 13:55:00+00:00,LONG,76154.9,76691.7,0.007048791345008798,0.005648791345008798,22.420392902875577,3991.480592424311,15m
2026-09-17 22:30:00+00:00,2026-09-17 22:35:00+00:00,2026-09-17 22:45:00+00:00,LONG,76311.8,76415.9,0.001364140277126058,-3.5859722873941976e-05,-0.14313338790105354,3991.33745903641,15m
2026-09-19 01:00:00+00:00,2026-09-19 01:05:00+00:00,2026-09-19 01:15:00+00:00,SHORT,81493.3,81172.1,0.003957024642703644,0.0025570246427036435,10.205948240102245,4001.5434072765124,15m
2026-09-19 04:40:00+00:00,2026-09-19 04:45:00+00:00,2026-09-19 04:55:00+00:00,LONG,80979.4,81040.0,0.0007483384663260484,-0.0006516615336739516,-2.607651913848702,3998.9357553626637,15m
2026-09-19 15:45:00+00:00,2026-09-19 15:50:00+00:00,2026-09-19 16:00:00+00:00,SHORT,81690.5,81492.8,0.0024259811909763673,0.0010259811909763673,4.102832868924965,4003.0385882315886,15m
2026-09-21 00:30:00+00:00,2026-09-21 00:35:00+00:00,2026-09-21 00:45:00+00:00,SHORT,81639.3,81663.9,-0.0003012346948895184,-0.0017012346948895184,-6.810108131281135,3996.2284801003075,15m
2026-09-21 19:35:00+00:00,2026-09-21 19:40:00+00:00,2026-09-21 19:50:00+00:00,SHORT,86600.4,86513.3,0.001006781616236907,-0.000393218383763093,-1.5713905040930847,3994.6570895962145,15m
2026-09-21 20:30:00+00:00,2026-09-21 20:35:00+00:00,2026-09-21 20:45:00+00:00,SHORT,87025.3,86862.8,0.0018707663119310602,0.00047076631193106026,1.8805499854984729,3996.537639581713,15m
2026-09-22 01:05:00+00:00,2026-09-22 01:10:00+00:00,2026-09-22 01:20:00+00:00,LONG,85908.6,85685.6,-0.002595782028807392,-0.003995782028807392,-15.969293277692923,3980.56834630402,15m
2026-09-23 04:25:00+00:00,2026-09-23 04:30:00+00:00,2026-09-23 04:40:00+00:00,SHORT,87015.1,87148.1,-0.0015261376897488521,-0.0029261376897488523,-11.647691064741455,3968.9206552392784,15m
2026-09-23 07:45:00+00:00,2026-09-23 07:50:00+00:00,2026-09-23 08:00:00+00:00,LONG,86132.8,86149.2,0.000190403655750071,-0.001209596344249929,-4.800791915195464,3964.119863324083,15m
2026-09-23 14:30:00+00:00,2026-09-23 14:35:00+00:00,2026-09-23 14:45:00+00:00,LONG,84430.8,84337.5,-0.001105046973379431,-0.0025050469733794312,-9.930306465733278,3954.1895568583495,15m
2026-09-24 07:55:00+00:00,2026-09-24 08:00:00+00:00,2026-09-24 08:10:00+00:00,SHORT,84528.4,84403.9,0.0014750503235039236,7.505032350392364e-05,0.29676320543805557,3954.4863200637874,15m
2026-09-24 09:35:00+00:00,2026-09-24 09:40:00+00:00,2026-09-24 09:50:00+00:00,LONG,83219.8,83241.2,0.0002571503416253229,-0.001142849658374677,-4.519383339932233,3949.9669367238553,15m
2026-09-24 13:40:00+00:00,2026-09-24 13:45:00+00:00,2026-09-24 13:55:00+00:00,SHORT,83947.6,84256.2,-0.0036626384764562037,-0.005062638476456204,-19.997254594588036,3929.9696821292673,15m
2026-09-24 22:20:00+00:00,2026-09-24 22:25:00+00:00,2026-09-24 22:35:00+00:00,LONG,84155.5,84114.3,-0.0004895699033337086,-0.0018895699033337086,-7.425952432365405,3922.543729696902,15m
2026-09-25 00:10:00+00:00,2026-09-25 00:15:00+00:00,2026-09-25 00:25:00+00:00,SHORT,84658.9,84669.9,-0.00012991629847203257,-0.0015299162984720326,-6.001163583532565,3916.5425661133695,15m
2026-09-25 13:50:00+00:00,2026-09-25 13:55:00+00:00,2026-09-25 14:05:00+00:00,LONG,84088.3,83465.7,-0.0074041216197735515,-0.008804121619773552,-34.4817170810821,3882.0608490322875,15m
2026-09-27 08:20:00+00:00,2026-09-27 08:25:00+00:00,2026-09-27 08:35:00+00:00,SHORT,84773.6,84749.7,0.0002820068979596524,-0.0011179931020403476,-4.3401172509189925,3877.7207317813686,15m
2026-09-27 19:00:00+00:00,2026-09-27 19:05:00+00:00,2026-09-27 19:15:00+00:00,SHORT,84744.8,84847.9,-0.001215115518474752,-0.002615115518474752,-10.140687661992729,3867.580044119376,15m
2026-09-28 05:40:00+00:00,2026-09-28 05:45:00+00:00,2026-09-28 05:55:00+00:00,LONG,83148.7,83180.0,0.00037643402723075425,-0.0010235659727692457,-3.9587233301219715,3863.6213207892542,15m
2026-09-28 12:10:00+00:00,2026-09-28 12:15:00+00:00,2026-09-28 12:25:00+00:00,SHORT,83384.6,83376.2,0.0001007481751387207,-0.0012992518248612793,-5.019817051608385,3858.601503737646,15m
2026-09-28 19:40:00+00:00,2026-09-28 19:45:00+00:00,2026-09-28 19:55:00+00:00,LONG,83314.9,83387.7,0.0008737932830742423,-0.0005262067169257577,-2.030422029206578,3856.5710817084396,15m
2026-09-29 01:20:00+00:00,2026-09-29 01:25:00+00:00,2026-09-29 01:35:00+00:00,LONG,83013.3,82849.1,-0.0019779962969789233,-0.0033779962969789235,-13.02748283304711,3843.5435988753925,15m
2026-09-29 10:00:00+00:00,2026-09-29 10:05:00+00:00,2026-09-29 10:15:00+00:00,SHORT,84187.4,84108.0,0.000944024349645689,-0.00045597565035431094,-1.7525622921623558,3841.79103658323,15m
2026-09-29 15:05:00+00:00,2026-09-29 15:10:00+00:00,2026-09-29 15:20:00+00:00,LONG,83622.9,83050.6,-0.006843819097400172,-0.008243819097400172,-31.671030315605634,3810.1200062676244,15m
2026-10-01 04:15:00+00:00,2026-10-01 04:20:00+00:00,2026-10-01 04:30:00+00:00,SHORT,83752.2,83815.7,-0.0007576146235132031,-0.0021576146235132033,-8.220770642863243,3801.8992356247613,15m
2026-10-01 07:30:00+00:00,2026-10-01 07:35:00+00:00,2026-10-01 07:45:00+00:00,LONG,83655.2,83550.7,-0.0012491751857625077,-0.002649175185762508,-10.071897113786564,3791.8273385109746,15m
2026-10-01 13:15:00+00:00,2026-10-01 13:20:00+00:00,2026-10-01 13:30:00+00:00,LONG,83572.3,83716.6,0.0017266486622959931,0.00032664866229599313,1.2385953277819859,3793.065933838757,15m
2026-10-02 03:05:00+00:00,2026-10-02 03:10:00+00:00,2026-10-02 03:20:00+00:00,SHORT,85200.2,85229.1,-0.00033908606332822,-0.00173908606332822,-6.596468102824022,3786.4694657359328,15m
2026-10-02 12:35:00+00:00,2026-10-02 12:40:00+00:00,2026-10-02 12:50:00+00:00,SHORT,86795.2,86790.0,5.991473672084524e-05,-0.0013400852632791547,-5.074191930889218,3781.3952738050434,15m
2025-10-03 07:45:00+00:00,2025-10-03 07:50:00+00:00,2025-10-03 08:15:00+00:00,LONG,119757.2,119340.1,-0.0034828803612642067,-0.004882880361264207,-48.82880361264207,9951.171196387359,30m
2025-10-03 16:45:00+00:00,2025-10-03 16:50:00+00:00,2025-10-03 17:15:00+00:00,SHORT,123193.8,122341.4,0.006967387981501094,0.005567387981501094,55.40203092062684,10006.573227307985,30m
2025-10-04 13:10:00+00:00,2025-10-04 13:15:00+00:00,2025-10-04 13:40:00+00:00,SHORT,122397.8,122413.4,-0.0001274370289526816,-0.0015274370289526816,-15.284410480316755,9991.288816827668,30m
2025-10-05 23:15:00+00:00,2025-10-05 23:20:00+00:00,2025-10-05 23:45:00+00:00,SHORT,123450.4,123518.3,-0.0005497161149401464,-0.0019497161149401464,-19.480176815190173,9971.808640012478,30m
2025-10-06 00:20:00+00:00,2025-10-06 00:25:00+00:00,2025-10-06 00:50:00+00:00,SHORT,123930.1,123168.5,0.0061833991645592334,0.004783399164559233,47.69914111778023,10019.507781130258,30m
2025-10-06 14:10:00+00:00,2025-10-06 14:15:00+00:00,2025-10-06 14:40:00+00:00,SHORT,124980.7,124742.7,0.0019079272775079925,0.0005079272775079925,5.089181309239639,10024.596962439498,30m
2025-10-06 19:00:00+00:00,2025-10-06 19:05:00+00:00,2025-10-06 19:30:00+00:00,SHORT,125816.0,125675.5,0.0011179585519851543,-0.00028204144801484573,-2.82735184305166,10021.769610596446,30m
2025-10-06 21:35:00+00:00,2025-10-06 21:40:00+00:00,2025-10-06 22:05:00+00:00,LONG,124934.2,125083.1,0.0011918273779318866,-0.00020817262206811334,-2.0862580576003973,10019.683352538845,30m
2025-10-07 08:20:00+00:00,2025-10-07 08:25:00+00:00,2025-10-07 08:50:00+00:00,LONG,123500.0,123960.1,0.0037255060728744738,0.0023255060728744736,23.300834484608348,10042.984187023452,30m
2025-10-07 15:40:00+00:00,2025-10-07 15:45:00+00:00,2025-10-07 16:10:00+00:00,LONG,121712.0,121559.0,-0.0012570658603917595,-0.0026570658603917597,-26.684870419794308,10016.299316603658,30m
2025-10-08 13:45:00+00:00,2025-10-08 13:50:00+00:00,2025-10-08 14:15:00+00:00,LONG,122160.2,123071.9,0.007463150846183986,0.0060631508461839855,60.73033367709754,10077.029650280756,30m
2025-10-09 08:30:00+00:00,2025-10-09 08:35:00+00:00,2025-10-09 09:00:00+00:00,LONG,121475.1,121497.5,0.00018439993052066228,-0.0012156000694793377,-12.249637943026633,10064.78001233773,30m
2025-10-10 13:40:00+00:00,2025-10-10 13:45:00+00:00,2025-10-10 14:10:00+00:00,SHORT,122261.7,121669.0,0.004871413424947901,0.003471413424947901,34.939012453976495,10099.719024791706,30m
2025-10-10 15:35:00+00:00,2025-10-10 15:40:00+00:00,2025-10-10 16:05:00+00:00,LONG,119225.9,119165.8,-0.0005040851023141446,-0.0019040851023141446,-19.230724532664627,10080.488300259041,30m
2025-10-10 21:00:00+00:00,2025-10-10 21:05:00+00:00,2025-10-10 21:30:00+00:00,LONG,115060.6,111091.2,-0.03449834261250162,-0.03589834261250162,-361.8728227040132,9718.615477555028,30m
2025-10-11 07:20:00+00:00,2025-10-11 07:25:00+00:00,2025-10-11 07:50:00+00:00,LONG,111276.9,110392.3,-0.007949538493613573,-0.009349538493613573,-90.86456951202939,9627.750908042999,30m
2025-10-11 19:25:00+00:00,2025-10-11 19:30:00+00:00,2025-10-11 19:55:00+00:00,LONG,111399.5,111184.3,-0.0019317860493089922,-0.0033317860493089924,-32.07760616163965,9595.67330188136,30m
2025-10-12 00:30:00+00:00,2025-10-12 00:35:00+00:00,2025-10-12 01:00:00+00:00,LONG,110367.7,109769.5,-0.005420064022354287,-0.0068200640223542875,-65.44310625642663,9530.230195624932,30m
2025-10-12 14:55:00+00:00,2025-10-12 15:00:00+00:00,2025-10-12 15:25:00+00:00,SHORT,112348.0,113182.0,-0.007368662861585773,-0.008768662861585773,-83.56737557873966,9446.662820046193,30m
2025-10-13 11:05:00+00:00,2025-10-13 11:10:00+00:00,2025-10-13 11:35:00+00:00,LONG,114496.0,114015.1,-0.004200146730016674,-0.005600146730016674,-52.90269790125178,9393.76012214494,30m
2025-10-14 06:50:00+00:00,2025-10-14 06:55:00+00:00,2025-10-14 07:20:00+00:00,LONG,112033.7,111878.8,-0.001382619693895637,-0.002782619693895637,-26.139261915611996,9367.620860229328,30m
2025-10-14 10:35:00+00:00,2025-10-14 10:40:00+00:00,2025-10-14 11:05:00+00:00,LONG,110606.0,111208.1,0.005443646818436676,0.004043646818436676,37.87935028778736,9405.500210517115,30m
2025-10-15 02:30:00+00:00,2025-10-15 02:35:00+00:00,2025-10-15 03:00:00+00:00,SHORT,113227.5,112624.0,0.0053585381446228375,0.003958538144622837,37.23203135259013,9442.732241869706,30m
2025-10-15 13:50:00+00:00,2025-10-15 13:55:00+00:00,2025-10-15 14:20:00+00:00,LONG,111347.3,112099.6,0.0067563380522024374,0.005356338052202437,50.57846602388553,9493.310707893592,30m
2025-10-16 09:40:00+00:00,2025-10-16 09:45:00+00:00,2025-10-16 10:10:00+00:00,LONG,111240.9,111387.1,0.0013142648072788088,-8.57351927211912e-05,-0.8139108231034051,9492.49679707049,30m
2025-10-16 14:20:00+00:00,2025-10-16 14:25:00+00:00,2025-10-16 14:50:00+00:00,LONG,110284.4,110792.0,0.004602645523754889,0.003202645523754889,30.40110237639542,9522.897899446885,30m
2025-10-16 16:40:00+00:00,2025-10-16 16:45:00+00:00,2025-10-16 17:10:00+00:00,LONG,108094.3,108492.6,0.003684745634136233,0.0022847456341362326,21.75739940008637,9544.655298846972,30m
2025-10-18 00:15:00+00:00,2025-10-18 00:20:00+00:00,2025-10-18 00:45:00+00:00,LONG,106474.4,106810.9,0.0031603840923264404,0.0017603840923264404,16.802259354829477,9561.457558201802,30m
2025-10-18 07:10:00+00:00,2025-10-18 07:15:00+00:00,2025-10-18 07:40:00+00:00,SHORT,107300.0,107204.7,0.0008889535626703804,-0.0005110464373296196,-4.886348820797395,9556.571209381005,30m
2025-10-18 16:40:00+00:00,2025-10-18 16:45:00+00:00,2025-10-18 17:10:00+00:00,LONG,106580.9,106709.6,0.0012075334323504716,-0.00019246656764952837,-1.8393204591678645,9554.731888921837,30m
2025-10-19 08:20:00+00:00,2025-10-19 08:25:00+00:00,2025-10-19 08:50:00+00:00,SHORT,106622.3,106452.0,0.001599782061398658,0.000199782061398658,1.9088640328802977,9556.640752954718,30m
2025-10-19 09:50:00+00:00,2025-10-19 09:55:00+00:00,2025-10-19 10:20:00+00:00,SHORT,107542.2,107642.3,-0.0009299318204832874,-0.0023299318204832876,-22.266321387236562,9534.374431567481,30m
2025-10-19 16:45:00+00:00,2025-10-19 16:50:00+00:00,2025-10-19 17:15:00+00:00,SHORT,108692.8,109078.0,-0.0035314178844496613,-0.0049314178844496615,-47.01798458887145,9487.35644697861,30m
2025-10-20 05:35:00+00:00,2025-10-20 05:40:00+00:00,2025-10-20 06:05:00+00:00,SHORT,110729.9,111139.3,-0.003683665454074392,-0.005083665454074392,-48.23054621999513,9439.125900758616,30m
2025-10-21 14:25:00+00:00,2025-10-21 14:30:00+00:00,2025-10-21 14:55:00+00:00,SHORT,109680.6,112192.0,-0.022384840273816264,-0.023784840273816263,-224.50810187398574,9214.61779888463,30m
2025-10-21 20:20:00+00:00,2025-10-21 20:25:00+00:00,2025-10-21 20:50:00+00:00,LONG,110933.0,111109.0,0.0015865432287958114,0.00018654322879581146,1.7189245563232922,9216.336723440954,30m
2025-10-21 23:40:00+00:00,2025-10-21 23:45:00+00:00,2025-10-22 00:10:00+00:00,LONG,108504.1,108556.2,0.0004801661872684271,-0.0009198338127315729,-8.477498147740706,9207.859225293214,30m
2025-10-22 07:15:00+00:00,2025-10-22 07:20:00+00:00,2025-10-22 07:45:00+00:00,LONG,107870.7,108198.7,0.003040677403595149,0.001640677403595149,15.10712656642371,9222.966351859637,30m
2025-10-22 11:05:00+00:00,2025-10-22 11:10:00+00:00,2025-10-22 11:35:00+00:00,LONG,107351.9,107995.9,0.005998962291305476,0.004598962291305476,42.416074466181705,9265.38242632582,30m
2025-10-23 01:20:00+00:00,2025-10-23 01:25:00+00:00,2025-10-23 01:50:00+00:00,SHORT,108173.2,108181.5,-7.672291473126425e-05,-0.0014767229147312642,-13.682402542703697,9251.700023783116,30m
2025-10-23 03:30:00+00:00,2025-10-23 03:35:00+00:00,2025-10-23 04:00:00+00:00,SHORT,108650.0,108450.0,0.0018441678192715472,0.0004441678192715472,4.109307424118268,9255.809331207234,30m
2025-10-23 12:05:00+00:00,2025-10-23 12:10:00+00:00,2025-10-23 12:35:00+00:00,LONG,108949.2,108936.1,-0.00012023952447559605,-0.001520239524475596,-14.07104717631127,9241.738284030924,30m
2025-10-25 04:20:00+00:00,2025-10-25 04:25:00+00:00,2025-10-25 04:50:00+00:00,SHORT,111362.9,111297.2,0.0005903113465568488,-0.0008096886534431512,-7.482930626671017,9234.255353404253,30m
2025-10-25 07:25:00+00:00,2025-10-25 07:30:00+00:00,2025-10-25 07:55:00+00:00,SHORT,111629.2,111501.1,0.0011488675896469402,-0.00025113241035305974,-2.3190208047160557,9231.936332599536,30m
2025-10-26 00:40:00+00:00,2025-10-26 00:45:00+00:00,2025-10-26 01:10:00+00:00,SHORT,111844.7,111802.0,0.0003819251891736819,-0.001018074810826318,-9.398801835371886,9222.537530764164,30m
2025-10-26 09:35:00+00:00,2025-10-26 09:40:00+00:00,2025-10-26 10:05:00+00:00,SHORT,112347.8,112343.0,4.272629358315072e-05,-0.0013572737064168493,-12.517507696948774,9210.020023067216,30m
2025-10-26 21:30:00+00:00,2025-10-26 21:35:00+00:00,2025-10-26 22:00:00+00:00,LONG,113292.0,114804.5,0.013350457225576484,0.011950457225576484,110.06395033236771,9320.083973399584,30m
2025-10-27 05:45:00+00:00,2025-10-27 05:50:00+00:00,2025-10-27 06:15:00+00:00,SHORT,115579.0,115687.7,-0.0009395985917257654,-0.0023395985917257656,-21.805255338931545,9298.278718060652,30m
2025-10-27 13:40:00+00:00,2025-10-27 13:45:00+00:00,2025-10-27 14:10:00+00:00,LONG,114884.3,114825.6,-0.0005109488415736552,-0.0019109488415736552,-17.768534944906975,9280.510183115744,30m
2025-10-28 13:10:00+00:00,2025-10-28 13:15:00+00:00,2025-10-28 13:40:00+00:00,SHORT,114744.4,115147.9,-0.0035041889604586762,-0.004904188960458676,-45.513375587460565,9234.996807528283,30m
2025-10-28 19:35:00+00:00,2025-10-28 19:40:00+00:00,2025-10-28 20:05:00+00:00,LONG,114029.8,113160.0,-0.00762783061971517,-0.00902783061971517,-83.37198695197569,9151.624820576308,30m
2025-10-29 01:00:00+00:00,2025-10-29 01:05:00+00:00,2025-10-29 01:30:00+00:00,LONG,112479.6,112548.4,0.0006116664710755781,-0.0007883335289244218,-7.21453269019725,9144.41028788611,30m
2025-10-29 05:40:00+00:00,2025-10-29 05:45:00+00:00,2025-10-29 06:10:00+00:00,SHORT,113174.9,113071.8,0.0009118100180591782,-0.0004881899819408218,-4.464209493302586,9139.946078392808,30m
2025-10-29 18:40:00+00:00,2025-10-29 18:45:00+00:00,2025-10-29 19:10:00+00:00,LONG,109745.5,111297.7,0.014143632312942245,0.012743632312942245,116.47611218315633,9256.422190575964,30m
2025-10-30 04:35:00+00:00,2025-10-30 04:40:00+00:00,2025-10-30 05:05:00+00:00,LONG,109439.8,108740.0,-0.006394383030670747,-0.007794383030670747,-72.14810004694944,9184.274090529014,30m
2025-10-30 07:25:00+00:00,2025-10-30 07:30:00+00:00,2025-10-30 07:55:00+00:00,SHORT,111271.9,111367.2,-0.0008557277187538626,-0.0022557277187538628,-20.71722164263922,9163.556868886375,30m
2025-10-31 17:00:00+00:00,2025-10-31 17:05:00+00:00,2025-10-31 17:30:00+00:00,LONG,109032.7,109189.9,0.0014417693040711388,4.1769304071138805e-05,0.3827553932296876,9163.939624279605,30m
2025-11-01 13:45:00+00:00,2025-11-01 13:50:00+00:00,2025-11-01 14:15:00+00:00,LONG,109892.1,109850.0,-0.0003831030620036202,-0.0017831030620036202,-16.34024880406927,9147.599375475535,30m
2025-11-01 22:05:00+00:00,2025-11-01 22:10:00+00:00,2025-11-01 22:35:00+00:00,LONG,110041.8,110055.4,0.00012358939966450322,-0.0012764106003354968,-11.676092810479343,9135.923282665055,30m
2025-11-02 07:55:00+00:00,2025-11-02 08:00:00+00:00,2025-11-02 08:25:00+00:00,SHORT,110893.0,110791.4,0.0009170386871184544,-0.0004829613128815456,-4.412297502980995,9131.510985162075,30m
2025-11-03 01:05:00+00:00,2025-11-03 01:10:00+00:00,2025-11-03 01:35:00+00:00,LONG,109808.3,109659.9,-0.0013514461110863962,-0.0027514461110863964,-25.1248603884669,9106.386124773608,30m
2025-11-03 15:35:00+00:00,2025-11-03 15:40:00+00:00,2025-11-03 16:05:00+00:00,LONG,106445.7,105524.0,-0.008658874900536073,-0.010058874900536073,-91.5999988250752,9014.786125948533,30m
2025-11-04 14:40:00+00:00,2025-11-04 14:45:00+00:00,2025-11-04 15:10:00+00:00,LONG,103938.9,104095.1,0.0015028059754338408,0.00010280597543384077,0.9267738810055934,9015.712899829537,30m
2025-11-04 21:35:00+00:00,2025-11-04 21:40:00+00:00,2025-11-04 22:05:00+00:00,LONG,99279.0,101000.0,0.017334985243606438,0.01593498524360644,143.6652520193759,9159.378151848914,30m
2025-11-05 12:30:00+00:00,2025-11-05 12:35:00+00:00,2025-11-05 13:00:00+00:00,SHORT,102374.9,102726.4,-0.0034217104853280222,-0.0048217104853280224,-44.163869673854315,9115.21428217506,30m
2025-11-06 12:45:00+00:00,2025-11-06 12:50:00+00:00,2025-11-06 13:15:00+00:00,LONG,102555.9,103171.9,0.006006480368267342,0.004606480368267342,41.989055643389506,9157.20333781845,30m
2025-11-06 16:50:00+00:00,2025-11-06 16:55:00+00:00,2025-11-06 17:20:00+00:00,LONG,101090.0,101113.2,0.0002294984667128297,-0.0011705015332871703,-10.718520547538889,9146.484817270912,30m
2025-11-07 09:10:00+00:00,2025-11-07 09:15:00+00:00,2025-11-07 09:40:00+00:00,LONG,101370.0,100951.0,-0.004133372792739509,-0.005533372792739509,-50.610910237091865,9095.87390703382,30m
2025-11-07 19:45:00+00:00,2025-11-07 19:50:00+00:00,2025-11-07 20:15:00+00:00,SHORT,103135.5,103257.1,-0.0011776429901673158,-0.002577642990167316,-23.445915615911524,9072.427991417908,30m
2025-11-08 06:15:00+00:00,2025-11-08 06:20:00+00:00,2025-11-08 06:45:00+00:00,LONG,102329.9,102432.8,0.0010055711966885372,-0.00039442880331146276,-3.5784269157843833,9068.849564502123,30m
2025-11-10 15:00:00+00:00,2025-11-10 15:05:00+00:00,2025-11-10 15:30:00+00:00,LONG,105170.7,105421.0,0.0023799404206685804,0.0009799404206685804,8.886932257218282,9077.736496759342,30m
2025-11-11 01:20:00+00:00,2025-11-11 01:25:00+00:00,2025-11-11 01:50:00+00:00,SHORT,106963.7,106390.9,0.0053839191133828734,0.003983919113382873,36.16496793569283,9113.901464695035,30m
2025-11-11 12:50:00+00:00,2025-11-11 12:55:00+00:00,2025-11-11 13:20:00+00:00,LONG,104584.9,104384.3,-0.0019180589167269169,-0.003318058916726917,-30.24046202110187,9083.661002673933,30m
2025-11-11 14:55:00+00:00,2025-11-11 15:00:00+00:00,2025-11-11 15:25:00+00:00,LONG,104581.6,103723.8,-0.008202207654118943,-0.009602207654118943,-87.22319920729738,8996.437803466635,30m
2025-11-12 09:30:00+00:00,2025-11-12 09:35:00+00:00,2025-11-12 10:00:00+00:00,SHORT,104563.3,104666.2,-0.0009831254024699199,-0.00238312540246992,-21.43963946118203,8974.998164005454,30m
2025-11-12 14:50:00+00:00,2025-11-12 14:55:00+00:00,2025-11-12 15:20:00+00:00,LONG,104175.0,103595.3,-0.00556467482601386,-0.00696467482601386,-62.5079437763694,8912.490220229085,30m
2025-11-13 06:00:00+00:00,2025-11-13 06:05:00+00:00,2025-11-13 06:30:00+00:00,SHORT,102979.2,103464.5,-0.004690497706942964,-0.0060904977069429645,-54.28150124945684,8858.208718979628,30m
2025-11-13 13:40:00+00:00,2025-11-13 13:45:00+00:00,2025-11-13 14:10:00+00:00,LONG,102548.7,102229.9,-0.003108766859063139,-0.004508766859063139,-39.93959790279949,8818.269121076828,30m
2025-11-13 14:15:00+00:00,2025-11-13 14:20:00+00:00,2025-11-13 14:45:00+00:00,LONG,102340.3,102227.7,-0.0011002508298295632,-0.0025002508298295634,-22.047884687632756,8796.221236389196,30m
2025-11-14 04:40:00+00:00,2025-11-14 04:45:00+00:00,2025-11-14 05:10:00+00:00,LONG,97590.8,97469.7,-0.001240895658197294,-0.0026408956581972943,-23.22990247172306,8772.991333917473,30m
2025-11-14 19:05:00+00:00,2025-11-14 19:10:00+00:00,2025-11-14 19:35:00+00:00,LONG,95145.9,95531.3,0.004050621203856464,0.0026506212038564635,23.253876850930652,8796.245210768404,30m
2025-11-15 03:00:00+00:00,2025-11-15 03:05:00+00:00,2025-11-15 03:30:00+00:00,SHORT,96271.0,96378.9,-0.0011195396502761135,-0.0025195396502761137,-22.162488582082364,8774.082722186322,30m
2025-11-15 21:05:00+00:00,2025-11-15 21:10:00+00:00,2025-11-15 21:35:00+00:00,LONG,95522.2,95380.0,-0.001488659180797769,-0.002888659180797769,-25.345334608522602,8748.7373875778,30m
2025-11-16 10:00:00+00:00,2025-11-16 10:05:00+00:00,2025-11-16 10:30:00+00:00,SHORT,96471.2,96473.5,-2.3840743831216038e-05,-0.001423840743831216,-12.456808749512744,8736.280578828286,30m
2025-11-16 16:00:00+00:00,2025-11-16 16:05:00+00:00,2025-11-16 16:30:00+00:00,LONG,94792.9,94187.2,-0.006389719061237642,-0.007789719061237642,-68.05317134921891,8668.227407479068,30m
2025-11-16 22:10:00+00:00,2025-11-16 22:15:00+00:00,2025-11-16 22:40:00+00:00,LONG,93387.7,93575.3,0.0020088298566085516,0.0006088298566085516,5.277475649545798,8673.504883128613,30m
2025-11-17 19:45:00+00:00,2025-11-17 19:50:00+00:00,2025-11-17 20:15:00+00:00,LONG,91949.5,91655.1,-0.003201757486446355,-0.004601757486446355,-39.913366029666115,8633.591517098946,30m
2025-11-18 03:35:00+00:00,2025-11-18 03:40:00+00:00,2025-11-18 04:05:00+00:00,LONG,90672.4,90318.5,-0.0039030620122550985,-0.005303062012255099,-45.784471203655286,8587.807045895292,30m
2025-11-19 00:20:00+00:00,2025-11-19 00:25:00+00:00,2025-11-19 00:50:00+00:00,LONG,92188.7,92576.1,0.004202250384266248,0.002802250384266248,24.065185594364475,8611.872231489657,30m
2025-11-20 01:10:00+00:00,2025-11-20 01:15:00+00:00,2025-11-20 01:40:00+00:00,SHORT,92217.5,92572.9,-0.0038391365075524098,-0.00523913650755241,-45.1187742063743,8566.753457283283,30m
2025-11-20 09:50:00+00:00,2025-11-20 09:55:00+00:00,2025-11-20 10:20:00+00:00,LONG,91806.9,91792.1,-0.00016120792663720795,-0.001561207926637208,-13.374483403057367,8553.378973880226,30m
2025-11-21 02:45:00+00:00,2025-11-21 02:50:00+00:00,2025-11-21 03:15:00+00:00,LONG,86172.1,85528.0,-0.007474577038275809,-0.00887457703827581,-75.90762064126857,8477.471353238958,30m
2025-11-21 12:30:00+00:00,2025-11-21 12:35:00+00:00,2025-11-21 13:00:00+00:00,LONG,81703.3,83244.7,0.0188658230450911,0.017465823045091103,148.06601452550063,8625.537367764458,30m
2025-11-22 22:55:00+00:00,2025-11-22 23:00:00+00:00,2025-11-22 23:25:00+00:00,SHORT,85074.1,84861.7,0.0025028958882511443,0.0011028958882511443,9.513069696864019,8635.050437461323,30m
2025-11-23 02:05:00+00:00,2025-11-23 02:10:00+00:00,2025-11-23 02:35:00+00:00,SHORT,85724.6,86277.9,-0.006412997998328507,-0.007812997998328507,-67.46563178335101,8567.584805677972,30m
2025-11-23 02:40:00+00:00,2025-11-23 02:45:00+00:00,2025-11-23 03:10:00+00:00,SHORT,86179.0,85892.7,0.0033332285514369175,0.0019332285514369176,16.56309956319377,8584.147905241167,30m
2025-11-23 04:20:00+00:00,2025-11-23 04:25:00+00:00,2025-11-23 04:50:00+00:00,SHORT,86560.1,86554.0,7.047623448941387e-05,-0.0013295237655105861,-11.412828646676045,8572.73507659449,30m
2025-11-23 07:10:00+00:00,2025-11-23 07:15:00+00:00,2025-11-23 07:40:00+00:00,LONG,85868.0,85697.2,-0.001989099548143747,-0.003389099548143747,-29.053852574442438,8543.681224020047,30m
2025-11-24 00:25:00+00:00,2025-11-24 00:30:00+00:00,2025-11-24 00:55:00+00:00,LONG,86444.0,86733.7,0.0033513025773910243,0.0019513025773910243,16.67130719283762,8560.352531212884,30m
2025-11-24 09:35:00+00:00,2025-11-24 09:40:00+00:00,2025-11-24 10:05:00+00:00,LONG,86115.3,86054.6,-0.0007048689373432282,-0.0021048689373432284,-18.01842013565748,8542.334111077227,30m
2025-11-25 09:30:00+00:00,2025-11-25 09:35:00+00:00,2025-11-25 10:00:00+00:00,LONG,86840.6,87028.0,0.00215797679887042,0.0007579767988704202,6.474891064395913,8548.809002141623,30m
2025-11-25 17:40:00+00:00,2025-11-25 17:45:00+00:00,2025-11-25 18:10:00+00:00,SHORT,87934.9,87625.1,0.003535516649909587,0.0021355166499095867,18.256123960970395,8567.065126102592,30m
2025-11-27 02:30:00+00:00,2025-11-27 02:35:00+00:00,2025-11-27 03:00:00+00:00,SHORT,91374.1,91383.7,-0.00010505155733453453,-0.0015050515573345345,-12.893874709827086,8554.171251392765,30m
2025-11-27 12:55:00+00:00,2025-11-27 13:00:00+00:00,2025-11-27 13:25:00+00:00,LONG,90985.3,90714.0,-0.0029818003567609885,-0.004381800356760989,-37.482670641147415,8516.688580751617,30m
2025-11-27 13:35:00+00:00,2025-11-27 13:40:00+00:00,2025-11-27 14:05:00+00:00,LONG,90772.3,90861.9,0.0009870852672013708,-0.0004129147327986292,-3.5166661896501905,8513.171914561966,30m
2025-11-28 05:55:00+00:00,2025-11-28 06:00:00+00:00,2025-11-28 06:25:00+00:00,SHORT,91600.0,91298.3,0.0033045522205779054,0.0019045522205779054,16.21378047404045,8529.385695036006,30m
2025-11-28 14:30:00+00:00,2025-11-28 14:35:00+00:00,2025-11-28 15:00:00+00:00,SHORT,92578.0,92187.2,0.004239200236041407,0.002839200236041407,24.21663387863443,8553.60232891464,30m
2025-11-28 16:30:00+00:00,2025-11-28 16:35:00+00:00,2025-11-28 17:00:00+00:00,LONG,91378.0,90996.0,-0.004180437304383999,-0.0055804373043839995,-47.73284152314111,8505.8694873915,30m
2025-11-29 15:25:00+00:00,2025-11-29 15:30:00+00:00,2025-11-29 15:55:00+00:00,SHORT,90862.3,91068.0,-0.0022587517020248304,-0.0036587517020248306,-31.12086446419472,8474.748622927304,30m
2025-11-29 17:35:00+00:00,2025-11-29 17:40:00+00:00,2025-11-29 18:05:00+00:00,LONG,90620.3,90512.9,-0.0011851649133803877,-0.002585164913380388,-21.908622789710424,8452.840000137594,30m
2025-11-30 03:20:00+00:00,2025-11-30 03:25:00+00:00,2025-11-30 03:50:00+00:00,LONG,90716.6,90873.0,0.001724050504538166,0.000324050504538166,2.7391470668249784,8455.579147204418,30m
2025-11-30 08:25:00+00:00,2025-11-30 08:30:00+00:00,2025-11-30 08:55:00+00:00,SHORT,91153.7,91182.9,-0.0003202354827495091,-0.001720235482749509,-14.545587276217875,8441.0335599282,30m
2025-11-30 13:30:00+00:00,2025-11-30 13:35:00+00:00,2025-11-30 14:00:00+00:00,SHORT,91785.5,91735.9,0.0005406825463096787,-0.0008593174536903213,-7.253527465232049,8433.780032462968,30m
2025-11-30 23:40:00+00:00,2025-11-30 23:45:00+00:00,2025-12-01 00:10:00+00:00,LONG,90660.1,88935.0,-0.019028216381848262,-0.02042821638184826,-172.28708342006476,8261.492949042904,30m
2025-12-01 02:50:00+00:00,2025-12-01 02:55:00+00:00,2025-12-01 03:20:00+00:00,LONG,86773.1,86495.3,-0.0032014529848536366,-0.004601452984853637,-38.014871389720746,8223.478077653182,30m
2025-12-01 12:50:00+00:00,2025-12-01 12:55:00+00:00,2025-12-01 13:20:00+00:00,LONG,85406.4,85941.1,0.006260654939208354,0.004860654939208354,39.97148933561656,8263.449566988798,30m
2025-12-01 21:35:00+00:00,2025-12-01 21:40:00+00:00,2025-12-01 22:05:00+00:00,SHORT,86373.5,86787.9,-0.004774859168155898,-0.0061748591681558985,-51.02563731931467,8212.423929669483,30m
2025-12-01 22:10:00+00:00,2025-12-01 22:15:00+00:00,2025-12-01 22:40:00+00:00,SHORT,86493.9,86634.9,-0.0016275196254627033,-0.0030275196254627035,-24.863274619693897,8187.56065504979,30m
2025-12-03 14:05:00+00:00,2025-12-03 14:10:00+00:00,2025-12-03 14:35:00+00:00,LONG,92070.5,92618.9,0.005956305222628355,0.004556305222628355,37.30502537318979,8224.86568042298,30m
2025-12-03 22:00:00+00:00,2025-12-03 22:05:00+00:00,2025-12-03 22:30:00+00:00,SHORT,93526.0,93336.6,0.0020292146917715304,0.0006292146917715304,5.175206323969584,8230.040886746949,30m
2025-12-05 13:45:00+00:00,2025-12-05 13:50:00+00:00,2025-12-05 14:15:00+00:00,LONG,90538.7,90424.6,-0.0012602345737235954,-0.0026602345737235956,-21.89383931008303,8208.147047436865,30m
2025-12-06 08:35:00+00:00,2025-12-06 08:40:00+00:00,2025-12-06 09:05:00+00:00,LONG,89326.1,89397.9,0.000803796426800174,-0.0005962035731998259,-4.89372659903146,8203.253320837834,30m
2025-12-06 14:20:00+00:00,2025-12-06 14:25:00+00:00,2025-12-06 14:50:00+00:00,SHORT,89931.0,90061.8,-0.0014523360625704473,-0.0028523360625704475,-23.398435277426536,8179.854885560407,30m
2025-12-07 07:45:00+00:00,2025-12-07 07:50:00+00:00,2025-12-07 08:15:00+00:00,LONG,89348.3,89252.0,-0.001077804502156221,-0.0024778045021562212,-20.268081262426136,8159.586804297981,30m
2025-12-08 01:40:00+00:00,2025-12-08 01:45:00+00:00,2025-12-08 02:10:00+00:00,SHORT,91254.0,90951.1,0.0033303610401633765,0.0019303610401633765,15.750948470848012,8175.337752768829,30m
2025-12-08 15:15:00+00:00,2025-12-08 15:20:00+00:00,2025-12-08 15:45:00+00:00,LONG,90399.1,89858.3,-0.005982360443854029,-0.007382360443854029,-60.353290041187094,8114.984462727642,30m
2025-12-08 22:00:00+00:00,2025-12-08 22:05:00+00:00,2025-12-08 22:30:00+00:00,SHORT,91262.5,90929.0,0.0036676967744064815,0.0022676967744064812,18.402324090486186,8133.386786818128,30m
2025-12-09 01:50:00+00:00,2025-12-09 01:55:00+00:00,2025-12-09 02:20:00+00:00,LONG,90067.3,90200.1,0.0014744529923735872,7.44529923735872e-05,0.6055549844104049,8133.992341802538,30m
2025-12-09 20:25:00+00:00,2025-12-09 20:30:00+00:00,2025-12-09 20:55:00+00:00,LONG,93078.0,93117.1,0.00042007778422403774,-0.0009799222157759622,-7.970679798683851,8126.0216620038545,30m
2025-12-09 21:55:00+00:00,2025-12-09 22:00:00+00:00,2025-12-09 22:25:00+00:00,LONG,92645.2,92510.1,-0.0014582514798391344,-0.0028582514798391346,-23.22621344062738,8102.795448563227,30m
2025-12-10 10:05:00+00:00,2025-12-10 10:10:00+00:00,2025-12-10 10:35:00+00:00,SHORT,92987.9,92373.2,0.006654527503648255,0.005254527503648255,42.57636154091138,8145.371810104139,30m
2025-12-11 03:20:00+00:00,2025-12-11 03:25:00+00:00,2025-12-11 03:50:00+00:00,LONG,89896.9,89853.1,-0.00048722480975416094,-0.001887224809754161,-15.372147764700689,8129.999662339438,30m
2025-12-11 18:45:00+00:00,2025-12-11 18:50:00+00:00,2025-12-11 19:15:00+00:00,SHORT,90870.5,90923.8,-0.0005862051520064693,-0.0019862051520064695,-16.14784721514945,8113.851815124289,30m
2025-12-13 21:30:00+00:00,2025-12-13 21:35:00+00:00,2025-12-13 22:00:00+00:00,LONG,89978.3,90207.1,0.002542835328073645,0.0011428353280736449,9.272796501078506,8123.124611625367,30m
2025-12-15 18:35:00+00:00,2025-12-15 18:40:00+00:00,2025-12-15 19:05:00+00:00,LONG,85475.0,86248.0,0.009043579994150397,0.007643579994150397,62.08975277141037,8185.2143643967775,30m
2025-12-16 04:50:00+00:00,2025-12-16 04:55:00+00:00,2025-12-16 05:20:00+00:00,LONG,85726.1,85965.0,0.0027867825551377567,0.0013867825551377568,11.351112490608433,8196.565476887386,30m
2025-12-16 07:05:00+00:00,2025-12-16 07:10:00+00:00,2025-12-16 07:35:00+00:00,SHORT,86527.1,86052.0,0.00552108027704179,0.00412108027704179,33.77870432628224,8230.344181213668,30m
2025-12-18 13:15:00+00:00,2025-12-18 13:20:00+00:00,2025-12-18 13:45:00+00:00,SHORT,87699.5,89041.8,-0.015074942330456031,-0.01647494233045603,-135.59444574529954,8094.749735468368,30m
2025-12-18 14:10:00+00:00,2025-12-18 14:15:00+00:00,2025-12-18 14:40:00+00:00,SHORT,88149.9,87824.0,0.0037108307524138517,0.0023108307524138515,18.705596621814195,8113.455332090182,30m
2025-12-19 03:35:00+00:00,2025-12-19 03:40:00+00:00,2025-12-19 04:05:00+00:00,SHORT,86973.9,87127.9,-0.0017675164901254092,-0.0031675164901254094,-25.69950355629158,8087.755828533891,30m
2025-12-20 21:20:00+00:00,2025-12-20 21:25:00+00:00,2025-12-20 21:50:00+00:00,SHORT,88346.9,88231.0,0.0013135972617333014,-8.64027382666986e-05,-0.6988042500177799,8087.057024283873,30m
2025-12-21 09:05:00+00:00,2025-12-21 09:10:00+00:00,2025-12-21 09:35:00+00:00,SHORT,88585.1,88826.0,-0.002712043770967898,-0.004112043770967898,-33.25433246216868,8053.802691821705,30m
2025-12-21 23:05:00+00:00,2025-12-21 23:10:00+00:00,2025-12-21 23:35:00+00:00,SHORT,88625.0,88548.0,0.0008695848579300947,-0.0005304151420699053,-4.271858898985595,8049.530832922719,30m
2025-12-22 00:15:00+00:00,2025-12-22 00:20:00+00:00,2025-12-22 00:45:00+00:00,SHORT,89166.8,89154.9,0.00013347555770915065,-0.0012665244422908493,-10.194927548870442,8039.335905373849,30m
2025-12-22 12:30:00+00:00,2025-12-22 12:35:00+00:00,2025-12-22 13:00:00+00:00,SHORT,90256.0,90276.1,-0.00022265029171630868,-0.0016226502917163087,-13.04503075206027,8026.290874621788,30m
2025-12-22 19:05:00+00:00,2025-12-22 19:10:00+00:00,2025-12-22 19:35:00+00:00,LONG,88929.3,88451.0,-0.005378429831337961,-0.006778429831337961,-54.40564949953198,7971.885225122256,30m
2025-12-23 03:10:00+00:00,2025-12-23 03:15:00+00:00,2025-12-23 03:40:00+00:00,LONG,88122.1,88326.0,0.0023138350084710435,0.0009138350084710435,7.284987802229783,7979.170212924486,30m
2025-12-23 05:35:00+00:00,2025-12-23 05:40:00+00:00,2025-12-23 06:05:00+00:00,LONG,87765.9,87771.0,5.810912894421705e-05,-0.001341890871055783,-10.707175667323595,7968.463037257162,30m
2025-12-24 02:50:00+00:00,2025-12-24 02:55:00+00:00,2025-12-24 03:20:00+00:00,LONG,87182.0,87232.1,0.0005746599068616742,-0.0008253400931383258,-6.576692025339132,7961.886345231823,30m
2025-12-24 05:45:00+00:00,2025-12-24 05:50:00+00:00,2025-12-24 06:15:00+00:00,LONG,86929.5,86878.1,-0.000591283741422588,-0.001991283741422588,-15.85437483031464,7946.031970401508,30m
2025-12-24 14:40:00+00:00,2025-12-24 14:45:00+00:00,2025-12-24 15:10:00+00:00,LONG,86995.6,86901.8,-0.0010782154499767715,-0.0024782154499767717,-19.691979195058387,7926.33999120645,30m
2025-12-24 22:10:00+00:00,2025-12-24 22:15:00+00:00,2025-12-24 22:40:00+00:00,SHORT,87809.8,87990.1,-0.0020490941594566436,-0.003449094159456644,-27.338692969537792,7899.001298236912,30m
2025-12-24 23:00:00+00:00,2025-12-24 23:05:00+00:00,2025-12-24 23:30:00+00:00,SHORT,87824.9,87681.1,0.0016400341692792697,0.00024003416927926972,1.8960302147581702,7900.89732845167,30m
2025-12-25 15:30:00+00:00,2025-12-25 15:35:00+00:00,2025-12-25 16:00:00+00:00,SHORT,87957.5,88285.1,-0.0037107054304746923,-0.0051107054304746925,-40.379158882140935,7860.518169569528,30m
2025-12-25 22:50:00+00:00,2025-12-25 22:55:00+00:00,2025-12-25 23:20:00+00:00,LONG,87524.7,87560.9,0.00041359753303926716,-0.0009864024669607328,-7.753634514053046,7852.764535055475,30m
2025-12-26 07:30:00+00:00,2025-12-26 07:35:00+00:00,2025-12-26 08:00:00+00:00,SHORT,89173.2,88692.0,0.005425517521309597,0.004025517521309597,31.611441226584425,7884.375976282059,30m
2025-12-26 20:50:00+00:00,2025-12-26 20:55:00+00:00,2025-12-26 21:20:00+00:00,SHORT,87671.2,87573.9,0.0011110616290928021,-0.00028893837090719784,-2.2780987502067855,7882.097877531853,30m
2025-12-27 07:25:00+00:00,2025-12-27 07:30:00+00:00,2025-12-27 07:55:00+00:00,SHORT,87587.0,87539.9,0.0005380403678780787,-0.0008619596321219212,-6.794050186866332,7875.3038273449865,30m
2025-12-27 13:35:00+00:00,2025-12-27 13:40:00+00:00,2025-12-27 14:05:00+00:00,LONG,87448.1,87443.1,-5.7176771136258076e-05,-0.001457176771136258,-11.475709802847582,7863.828117542139,30m
2025-12-27 22:15:00+00:00,2025-12-27 22:20:00+00:00,2025-12-27 22:45:00+00:00,SHORT,87770.6,87597.5,0.0019760837923457064,0.0005760837923457064,4.530223924308473,7868.358341466447,30m
2025-12-28 00:05:00+00:00,2025-12-28 00:10:00+00:00,2025-12-28 00:35:00+00:00,SHORT,87827.0,87880.2,-0.0006053695826818695,-0.0020053695826818697,-15.778966483617978,7852.579374982829,30m
2025-12-28 18:20:00+00:00,2025-12-28 18:25:00+00:00,2025-12-28 18:50:00+00:00,LONG,87664.1,87554.6,-0.001249085999856292,-0.002649085999856292,-20.802158085027287,7831.777216897802,30m
2025-12-28 23:00:00+00:00,2025-12-28 23:05:00+00:00,2025-12-28 23:30:00+00:00,SHORT,87793.1,87750.0,0.0004911680911681149,-0.0009088319088318851,-7.117769037579298,7824.659447860223,30m
2025-12-29 01:00:00+00:00,2025-12-29 01:05:00+00:00,2025-12-29 01:30:00+00:00,SHORT,88071.3,88054.9,0.0001862474433564909,-0.001213752556643509,-9.497200409705133,7815.1622474505175,30m
2025-12-29 12:25:00+00:00,2025-12-29 12:30:00+00:00,2025-12-29 12:55:00+00:00,LONG,87265.7,87377.9,0.001285728527932406,-0.00011427147206759399,-0.8930500944632569,7814.269197356054,30m
2025-12-30 15:00:00+00:00,2025-12-30 15:05:00+00:00,2025-12-30 15:30:00+00:00,SHORT,88285.4,88458.2,-0.0019534650264192432,-0.0033534650264192434,-26.2048784603587,7788.064318895696,30m
2025-12-30 15:55:00+00:00,2025-12-30 16:00:00+00:00,2025-12-30 16:25:00+00:00,SHORT,89000.6,89211.0,-0.002358453553933826,-0.003758453553933826,-29.27107801761875,7758.793240878077,30m
2025-12-31 08:10:00+00:00,2025-12-31 08:15:00+00:00,2025-12-31 08:40:00+00:00,SHORT,88697.0,88423.9,0.003088531494313207,0.001688531494313207,13.100966745087069,7771.894207623164,30m
2025-12-31 10:20:00+00:00,2025-12-31 10:25:00+00:00,2025-12-31 10:50:00+00:00,SHORT,88801.5,88769.1,0.00036499187217176043,-0.0010350081278282396,-8.043973673511191,7763.850233949653,30m
2025-12-31 20:40:00+00:00,2025-12-31 20:45:00+00:00,2025-12-31 21:10:00+00:00,LONG,87428.9,87749.8,0.0036704110425729297,0.0022704110425729295,17.627131304041715,7781.477365253694,30m
2026-01-01 01:15:00+00:00,2026-01-01 01:20:00+00:00,2026-01-01 01:45:00+00:00,SHORT,87947.0,87913.6,0.0003799184654023069,-0.001020081534597693,-7.937741372185202,7773.539623881509,30m
2026-01-01 04:45:00+00:00,2026-01-01 04:50:00+00:00,2026-01-01 05:15:00+00:00,LONG,87608.4,87710.7,0.001167696248304928,-0.00023230375169507197,-1.8058224185779732,7771.733801462931,30m
2026-01-01 22:10:00+00:00,2026-01-01 22:15:00+00:00,2026-01-01 22:40:00+00:00,SHORT,88513.1,88578.2,-0.000734943812360056,-0.0021349438123600562,-16.592214990742782,7755.1415864721885,30m
2026-01-01 23:00:00+00:00,2026-01-01 23:05:00+00:00,2026-01-01 23:30:00+00:00,SHORT,88498.9,88769.4,-0.0030472212271345223,-0.0044472212271345225,-34.48883028279281,7720.652756189395,30m
2026-01-02 03:15:00+00:00,2026-01-02 03:20:00+00:00,2026-01-02 03:45:00+00:00,SHORT,88865.0,89056.2,-0.0021469588866356304,-0.0035469588866356306,-27.38483790419385,7693.267918285202,30m
2026-01-02 14:35:00+00:00,2026-01-02 14:40:00+00:00,2026-01-02 15:05:00+00:00,LONG,89129.7,89391.1,0.002932804665560562,0.0015328046655605622,11.79227695855495,7705.060195243756,30m
2026-01-03 13:00:00+00:00,2026-01-03 13:05:00+00:00,2026-01-03 13:30:00+00:00,SHORT,90019.0,90014.9,4.554801482870019e-05,-0.0013544519851712998,-10.43613407731227,7694.624061166444,30m
2026-01-04 18:35:00+00:00,2026-01-04 18:40:00+00:00,2026-01-04 19:05:00+00:00,LONG,91164.5,90936.0,-0.0025064581059512925,-0.003906458105951293,-30.05872653599151,7664.5653346304525,30m
2026-01-04 19:10:00+00:00,2026-01-04 19:15:00+00:00,2026-01-04 19:40:00+00:00,LONG,91018.2,91069.8,0.0005669195831163876,-0.0008330804168836124,-6.385199284205622,7658.180135346247,30m
2026-01-05 18:00:00+00:00,2026-01-05 18:05:00+00:00,2026-01-05 18:30:00+00:00,SHORT,94249.0,94048.1,0.0021361409746714077,0.0007361409746714077,5.637500189042999,7663.81763553529,30m
2026-01-06 08:00:00+00:00,2026-01-06 08:05:00+00:00,2026-01-06 08:30:00+00:00,LONG,93347.6,93310.0,-0.0004027955726768617,-0.0018027955726768617,-13.816296503145875,7650.001339032144,30m
2026-01-06 14:30:00+00:00,2026-01-06 14:35:00+00:00,2026-01-06 15:00:00+00:00,SHORT,94062.0,93763.9,0.0031792619547608147,0.0017792619547608148,13.611356336409182,7663.6126953685525,30m
2026-01-07 02:05:00+00:00,2026-01-07 02:10:00+00:00,2026-01-07 02:35:00+00:00,LONG,92554.2,92926.4,0.004021427444675707,0.002621427444675707,20.08960464500429,7683.702300013557,30m
2026-01-07 14:20:00+00:00,2026-01-07 14:25:00+00:00,2026-01-07 14:50:00+00:00,LONG,91578.1,91938.9,0.003939806569474458,0.0025398065694744575,19.51511757946043,7703.217417593018,30m
2026-01-08 06:35:00+00:00,2026-01-08 06:40:00+00:00,2026-01-08 07:05:00+00:00,LONG,90380.9,89978.1,-0.004456693836861425,-0.005856693836861425,-45.11538597362061,7658.102031619397,30m
2026-01-09 08:05:00+00:00,2026-01-09 08:10:00+00:00,2026-01-09 08:35:00+00:00,LONG,90686.0,90422.2,-0.002908938535165273,-0.004308938535165273,-32.998290950272285,7625.103740669125,30m
2026-01-09 08:55:00+00:00,2026-01-09 09:00:00+00:00,2026-01-09 09:25:00+00:00,LONG,90033.2,90410.9,0.004195119133830527,0.002795119133830527,21.313073362986994,7646.416814032112,30m
2026-01-10 05:05:00+00:00,2026-01-10 05:10:00+00:00,2026-01-10 05:35:00+00:00,LONG,90499.5,90585.2,0.0009469665578263342,-0.0004530334421736658,-3.4640825295555624,7642.952731502556,30m
2026-01-11 15:00:00+00:00,2026-01-11 15:05:00+00:00,2026-01-11 15:30:00+00:00,SHORT,91052.0,90959.1,0.0010213381618771056,-0.0003786618381228944,-2.8940945299971546,7640.058636972559,30m
2026-01-12 01:05:00+00:00,2026-01-12 01:10:00+00:00,2026-01-12 01:35:00+00:00,SHORT,91525.0,91261.0,0.002892801963598979,0.0014928019635989788,11.405094535283974,7651.463731507843,30m
2026-01-12 14:25:00+00:00,2026-01-12 14:30:00+00:00,2026-01-12 14:55:00+00:00,LONG,90289.9,90908.1,0.006846834474288022,0.005446834474288021,41.67625643154138,7693.139987939384,30m
2026-01-12 16:30:00+00:00,2026-01-12 16:35:00+00:00,2026-01-12 17:00:00+00:00,SHORT,92042.4,92282.5,-0.0026017934061171033,-0.0040017934061171035,-30.78635687607164,7662.353631063313,30m
2026-01-13 05:30:00+00:00,2026-01-13 05:35:00+00:00,2026-01-13 06:00:00+00:00,SHORT,91877.0,91978.9,-0.0011078627815727105,-0.0025078627815727107,-19.216131490592197,7643.13749957272,30m
2026-01-14 06:10:00+00:00,2026-01-14 06:15:00+00:00,2026-01-14 06:40:00+00:00,LONG,94871.0,94894.5,0.000247704778067126,-0.001152295221932874,-8.80715082133362,7634.330348751387,30m
2026-01-14 14:25:00+00:00,2026-01-14 14:30:00+00:00,2026-01-14 14:55:00+00:00,SHORT,95633.1,96481.3,-0.008791340912694956,-0.010191340912694956,-77.80406322425875,7556.526285527128,30m
2026-01-14 15:00:00+00:00,2026-01-14 15:05:00+00:00,2026-01-14 15:30:00+00:00,SHORT,96369.4,96843.9,-0.004899637457805861,-0.006299637457805861,-47.60337603920128,7508.9229094879265,30m
2026-01-14 16:45:00+00:00,2026-01-14 16:50:00+00:00,2026-01-14 17:15:00+00:00,SHORT,97486.9,97583.1,-0.000985826439209414,-0.0023858264392094142,-17.914986807441576,7491.007922680485,30m
2026-01-15 14:45:00+00:00,2026-01-15 14:50:00+00:00,2026-01-15 15:15:00+00:00,LONG,96025.1,96348.5,0.003367869442468585,0.001967869442468585,14.741325584332998,7505.749248264818,30m
2026-01-18 09:55:00+00:00,2026-01-18 10:00:00+00:00,2026-01-18 10:25:00+00:00,SHORT,95275.1,95135.3,0.0014694860898110118,6.948608981101182e-05,0.5215451663638636,7506.270793431181,30m
2026-01-18 13:25:00+00:00,2026-01-18 13:30:00+00:00,2026-01-18 13:55:00+00:00,LONG,94976.9,95154.9,0.001874139922444229,0.000474139922444229,3.5590226518428416,7509.829816083024,30m
2026-01-19 22:15:00+00:00,2026-01-19 22:20:00+00:00,2026-01-19 22:45:00+00:00,LONG,92968.5,92808.0,-0.0017263911970183399,-0.00312639119701834,-23.478665828107825,7486.351150254915,30m
2026-01-20 15:10:00+00:00,2026-01-20 15:15:00+00:00,2026-01-20 15:40:00+00:00,LONG,90297.6,90550.5,0.0028007388900701535,0.0014007388900701535,10.486423200883488,7496.8375734557985,30m
2026-01-20 22:35:00+00:00,2026-01-20 22:40:00+00:00,2026-01-20 23:05:00+00:00,LONG,88550.7,88155.7,-0.004460721372050114,-0.005860721372050114,-43.93687618954071,7452.900697266258,30m
2026-01-21 03:45:00+00:00,2026-01-21 03:50:00+00:00,2026-01-21 04:15:00+00:00,SHORT,89493.9,89394.0,0.0011175246660848348,-0.0002824753339151652,-2.1052606130968536,7450.795436653161,30m
2026-01-21 07:55:00+00:00,2026-01-21 08:00:00+00:00,2026-01-21 08:25:00+00:00,LONG,89212.5,89251.1,0.00043267479333053416,-0.0009673252066694658,-7.207342235612432,7443.588094417549,30m
2026-01-21 14:35:00+00:00,2026-01-21 14:40:00+00:00,2026-01-21 15:05:00+00:00,SHORT,89794.9,90137.9,-0.0038052805756513264,-0.005205280575651327,-38.745964521021136,7404.842129896528,30m
2026-01-23 02:00:00+00:00,2026-01-23 02:05:00+00:00,2026-01-23 02:30:00+00:00,SHORT,89832.0,89810.5,0.00023939294403207967,-0.0011606070559679203,-8.594112024286433,7396.248017872242,30m
2026-01-23 14:30:00+00:00,2026-01-23 14:35:00+00:00,2026-01-23 15:00:00+00:00,SHORT,89134.1,89031.0,0.001158023609753922,-0.00024197639024607794,-1.789717396729434,7394.458300475512,30m
2026-01-23 17:30:00+00:00,2026-01-23 17:35:00+00:00,2026-01-23 18:00:00+00:00,SHORT,90839.1,90744.9,0.0010380748670173467,-0.00036192513298265324,-2.676240303734284,7391.782060171778,30m
2026-01-24 07:25:00+00:00,2026-01-24 07:30:00+00:00,2026-01-24 07:55:00+00:00,LONG,89597.5,89608.0,0.00011719076983185417,-0.0012828092301681458,-9.48224625417967,7382.299813917598,30m
2026-01-24 14:05:00+00:00,2026-01-24 14:10:00+00:00,2026-01-24 14:35:00+00:00,LONG,89484.7,89498.5,0.00015421630736867087,-0.0012457836926313291,-9.196748722293838,7373.103065195304,30m
2026-01-24 15:45:00+00:00,2026-01-24 15:50:00+00:00,2026-01-24 16:15:00+00:00,LONG,89362.7,89223.6,-0.0015565778563090271,-0.0029565778563090273,-21.79915325484065,7351.303911940464,30m
2026-01-24 16:20:00+00:00,2026-01-24 16:25:00+00:00,2026-01-24 16:50:00+00:00,LONG,89229.2,89296.7,0.0007564788208345163,-0.0006435211791654836,-4.73071976181576,7346.573192178648,30m
2026-01-25 06:15:00+00:00,2026-01-25 06:20:00+00:00,2026-01-25 06:45:00+00:00,LONG,88743.3,88863.4,0.001353341604380276,-4.665839561972403e-05,-0.34277931844993026,7346.230412860198,30m
2026-01-25 15:55:00+00:00,2026-01-25 16:00:00+00:00,2026-01-25 16:25:00+00:00,LONG,88456.1,88044.6,-0.004652025128849213,-0.006052025128849213,-44.45957106094625,7301.770841799252,30m
2026-01-26 01:45:00+00:00,2026-01-26 01:50:00+00:00,2026-01-26 02:15:00+00:00,SHORT,87543.0,87565.0,-0.0002512419345629402,-0.0016512419345629402,-12.056990210547864,7289.713851588704,30m
2026-01-27 09:35:00+00:00,2026-01-27 09:40:00+00:00,2026-01-27 10:05:00+00:00,LONG,88049.0,87978.9,-0.000796147599632091,-0.0021961475996320912,-16.00928757717134,7273.704564011532,30m
2026-01-28 12:00:00+00:00,2026-01-28 12:05:00+00:00,2026-01-28 12:30:00+00:00,SHORT,89934.0,89822.9,0.0012368783461678134,-0.00016312165383218654,-1.1864987179682844,7272.518065293564,30m
2026-01-28 15:15:00+00:00,2026-01-28 15:20:00+00:00,2026-01-28 15:45:00+00:00,LONG,89184.8,89383.9,0.0022324431965983216,0.0008324431965983216,6.053958185592016,7278.572023479156,30m
2026-01-30 14:45:00+00:00,2026-01-30 14:50:00+00:00,2026-01-30 15:15:00+00:00,SHORT,83519.3,83217.0,0.0036326712090077873,0.002232671209007787,16.250658199511463,7294.822681678667,30m
2026-01-31 07:40:00+00:00,2026-01-31 07:45:00+00:00,2026-01-31 08:10:00+00:00,LONG,83485.2,83350.5,-0.0016134596311681015,-0.0030134596311681017,-21.9826536677681,7272.840028010899,30m
2026-01-31 18:45:00+00:00,2026-01-31 18:50:00+00:00,2026-01-31 19:15:00+00:00,LONG,78009.0,78176.5,0.0021471881449577346,0.0007471881449577346,5.434179849103822,7278.274207860003,30m
2026-02-01 07:05:00+00:00,2026-02-01 07:10:00+00:00,2026-02-01 07:35:00+00:00,LONG,78245.0,78389.1,0.0018416512237204863,0.0004416512237204863,3.2144587104746236,7281.488666570478,30m
2026-02-01 14:40:00+00:00,2026-02-01 14:45:00+00:00,2026-02-01 15:10:00+00:00,LONG,77898.1,77621.0,-0.003557211279864414,-0.004957211279864414,-36.09587775212807,7245.39278881835,30m
2026-02-01 20:05:00+00:00,2026-02-01 20:10:00+00:00,2026-02-01 20:35:00+00:00,LONG,77174.9,77658.1,0.0062611030270205426,0.004861103027020542,35.22060081767769,7280.613389636028,30m
2026-02-02 03:45:00+00:00,2026-02-02 03:50:00+00:00,2026-02-02 04:15:00+00:00,LONG,75922.0,76031.7,0.00144490398040098,4.490398040098002e-05,0.32692852095532887,7280.940318156983,30m
2026-02-03 15:00:00+00:00,2026-02-03 15:05:00+00:00,2026-02-03 15:30:00+00:00,LONG,77420.0,77928.3,0.006565486954275501,0.005165486954275501,37.609602228298414,7318.549920385281,30m
2026-02-03 19:10:00+00:00,2026-02-03 19:15:00+00:00,2026-02-03 19:40:00+00:00,LONG,74583.3,74920.1,0.0045157562081592495,0.0031157562081592493,22.80281734916382,7341.352737734445,30m
2026-02-04 21:50:00+00:00,2026-02-04 21:55:00+00:00,2026-02-04 22:20:00+00:00,LONG,72420.1,73286.1,0.011958006133656163,0.010558006133656163,77.51004723433374,7418.862784968779,30m
2026-02-05 11:30:00+00:00,2026-02-05 11:35:00+00:00,2026-02-05 12:00:00+00:00,LONG,70208.0,70499.9,0.004157645852324476,0.002757645852324476,20.458596187933566,7439.321381156713,30m
2026-02-05 20:55:00+00:00,2026-02-05 21:00:00+00:00,2026-02-05 21:25:00+00:00,LONG,63774.9,63978.6,0.003194046560637487,0.0017940465606374868,13.34648893734112,7452.667870094054,30m
2026-02-06 23:05:00+00:00,2026-02-06 23:10:00+00:00,2026-02-06 23:35:00+00:00,SHORT,71400.0,70821.1,0.008174117600545427,0.006774117600545427,50.485248589823534,7503.153118683877,30m
2026-02-07 04:25:00+00:00,2026-02-07 04:30:00+00:00,2026-02-07 04:55:00+00:00,SHORT,71152.9,70756.0,0.005609418282548351,0.0042094182825483505,31.583909914547586,7534.737028598425,30m
2026-02-07 07:40:00+00:00,2026-02-07 07:45:00+00:00,2026-02-07 08:10:00+00:00,LONG,68493.0,68261.1,-0.003385747448644283,-0.004785747448644283,-36.05934851082052,7498.677680087605,30m
2026-02-07 12:20:00+00:00,2026-02-07 12:25:00+00:00,2026-02-07 12:50:00+00:00,SHORT,69264.4,68813.0,0.006559807013209573,0.005159807013209573,38.69172968351411,7537.3694097711195,30m
2026-02-07 23:10:00+00:00,2026-02-07 23:15:00+00:00,2026-02-07 23:40:00+00:00,LONG,69068.1,69259.1,0.002765386625663613,0.0013653866256636128,10.291423384787526,7547.660833155907,30m
2026-02-08 23:10:00+00:00,2026-02-08 23:15:00+00:00,2026-02-08 23:40:00+00:00,SHORT,71363.1,70470.0,0.0126734780757769,0.0112734780757769,85.08838892598314,7632.74922208189,30m
2026-02-09 03:55:00+00:00,2026-02-09 04:00:00+00:00,2026-02-09 04:25:00+00:00,SHORT,71305.4,71251.6,0.0007550707633230402,-0.0006449292366769597,-4.9225831295439315,7627.826638952346,30m
2026-02-09 10:50:00+00:00,2026-02-09 10:55:00+00:00,2026-02-09 11:20:00+00:00,LONG,68768.0,68823.2,0.0008026989297347242,-0.0005973010702652758,-4.556109015244218,7623.270529937102,30m
2026-02-10 06:55:00+00:00,2026-02-10 07:00:00+00:00,2026-02-10 07:25:00+00:00,LONG,68919.0,69098.8,0.0026088596758513383,0.0012088596758513383,9.215464341746825,7632.485994278849,30m
2026-02-10 14:20:00+00:00,2026-02-10 14:25:00+00:00,2026-02-10 14:50:00+00:00,SHORT,69313.9,68422.0,0.01303528104995455,0.01163528104995455,88.8061196532762,7721.292113932125,30m
2026-02-11 03:20:00+00:00,2026-02-11 03:25:00+00:00,2026-02-11 03:50:00+00:00,LONG,68247.2,68283.0,0.0005245636451018942,-0.0008754363548981057,-6.759499823324229,7714.532614108801,30m
2026-02-11 15:10:00+00:00,2026-02-11 15:15:00+00:00,2026-02-11 15:40:00+00:00,LONG,66107.2,66762.8,0.009917225355180692,0.008517225355180692,65.70641278425586,7780.239026893057,30m
2026-02-11 21:30:00+00:00,2026-02-11 21:35:00+00:00,2026-02-11 22:00:00+00:00,SHORT,68102.0,67779.4,0.004759558213852655,0.0033595582138526547,26.138165928535553,7806.377192821592,30m
2026-02-12 05:00:00+00:00,2026-02-12 05:05:00+00:00,2026-02-12 05:30:00+00:00,LONG,67171.0,67090.8,-0.0011939676348423633,-0.0025939676348423635,-20.249489783550793,7786.127703038042,30m
2026-02-12 23:10:00+00:00,2026-02-12 23:15:00+00:00,2026-02-12 23:40:00+00:00,SHORT,66308.5,66238.1,0.0010628324182002657,-0.00033716758179973424,-2.6252298492172557,7783.502473188824,30m
2026-02-14 21:20:00+00:00,2026-02-14 21:25:00+00:00,2026-02-14 21:50:00+00:00,SHORT,70035.0,69920.0,0.00164473684210531,0.0002447368421053099,1.9049098158071025,7785.407383004632,30m
2026-02-15 07:20:00+00:00,2026-02-15 07:25:00+00:00,2026-02-15 07:50:00+00:00,SHORT,70647.0,70672.6,-0.0003622337369787454,-0.0017622337369787454,-13.719707546454167,7771.687675458178,30m
2026-02-16 09:40:00+00:00,2026-02-16 09:45:00+00:00,2026-02-16 10:10:00+00:00,SHORT,69026.2,68950.0,0.0011051486584481296,-0.0002948513415518704,-2.291492537230981,7769.3961829209475,30m
2026-02-16 21:00:00+00:00,2026-02-16 21:05:00+00:00,2026-02-16 21:30:00+00:00,SHORT,68452.4,68539.7,-0.0012737143582478572,-0.0026737143582478574,-20.773146129191833,7748.623036791756,30m
2026-02-17 15:00:00+00:00,2026-02-17 15:05:00+00:00,2026-02-17 15:30:00+00:00,LONG,67100.6,66730.0,-0.005523050464526502,-0.006923050464526502,-53.644108314301924,7694.978928477454,30m
2026-02-18 01:40:00+00:00,2026-02-18 01:45:00+00:00,2026-02-18 02:10:00+00:00,LONG,67175.0,67275.1,0.001490137700037364,9.013770003736391e-05,0.6936077024489368,7695.672536179904,30m
2026-02-18 04:55:00+00:00,2026-02-18 05:00:00+00:00,2026-02-18 05:25:00+00:00,SHORT,67823.0,67718.9,0.0015372370195028129,0.0001372370195028129,1.0561311619349831,7696.728667341838,30m
2026-02-18 10:45:00+00:00,2026-02-18 10:50:00+00:00,2026-02-18 11:15:00+00:00,LONG,67814.5,67313.7,-0.007384851322357333,-0.008784851322357333,-67.61461701112354,7629.114050330715,30m
2026-02-18 13:55:00+00:00,2026-02-18 14:00:00+00:00,2026-02-18 14:25:00+00:00,LONG,67241.0,67085.1,-0.0023185258993767555,-0.0037185258993767557,-28.369058185453866,7600.744992145262,30m
2026-02-18 14:50:00+00:00,2026-02-18 14:55:00+00:00,2026-02-18 15:20:00+00:00,LONG,67213.1,67362.8,0.0022272443913462503,0.0008272443913462503,6.287673664805267,7607.032665810067,30m
2026-02-18 18:45:00+00:00,2026-02-18 18:50:00+00:00,2026-02-18 19:15:00+00:00,LONG,66521.9,66412.0,-0.001652087508023592,-0.003052087508023592,-23.217329372446308,7583.81533643762,30m
2026-02-19 06:30:00+00:00,2026-02-19 06:35:00+00:00,2026-02-19 07:00:00+00:00,SHORT,67137.0,67106.0,0.000461955711858808,-0.000938044288141192,-7.113954658662882,7576.7013817789575,30m
2026-02-19 12:05:00+00:00,2026-02-19 12:10:00+00:00,2026-02-19 12:35:00+00:00,LONG,66541.0,66645.4,0.0015689574848589682,0.00016895748485896826,1.280140408992842,7577.981522187951,30m
2026-02-20 09:05:00+00:00,2026-02-20 09:10:00+00:00,2026-02-20 09:35:00+00:00,SHORT,68127.1,68153.9,-0.0003932276802940393,-0.0017932276802940393,-13.589046226344191,7564.392475961607,30m
2026-02-20 13:40:00+00:00,2026-02-20 13:45:00+00:00,2026-02-20 14:10:00+00:00,LONG,66636.1,66935.0,0.0044855566277137715,0.0030855566277137713,23.34036133883152,7587.732837300438,30m
2026-02-21 09:00:00+00:00,2026-02-21 09:05:00+00:00,2026-02-21 09:30:00+00:00,SHORT,68034.1,68207.9,-0.002548091936564356,-0.003948091936564356,-29.957066831750446,7557.775770468688,30m
2026-02-23 06:40:00+00:00,2026-02-23 06:45:00+00:00,2026-02-23 07:10:00+00:00,SHORT,65538.1,65792.0,-0.0038591318093383897,-0.00525913180933839,-39.747338962318835,7518.028431506369,30m
2026-02-24 01:20:00+00:00,2026-02-24 01:25:00+00:00,2026-02-24 01:50:00+00:00,LONG,64243.9,64245.0,1.7122248182399602e-05,-0.0013828777518176004,-10.396514255462328,7507.631917250907,30m
2026-02-24 04:20:00+00:00,2026-02-24 04:25:00+00:00,2026-02-24 04:50:00+00:00,LONG,63285.9,63279.0,-0.00010902902542275772,-0.0015090290254227577,-11.329234475321925,7496.302682775585,30m
2026-02-24 13:35:00+00:00,2026-02-24 13:40:00+00:00,2026-02-24 14:05:00+00:00,LONG,62963.1,62912.1,-0.0008099982370626257,-0.002209998237062626,-16.566815713421875,7479.735867062163,30m
2026-02-25 13:50:00+00:00,2026-02-25 13:55:00+00:00,2026-02-25 14:20:00+00:00,SHORT,66293.4,66556.0,-0.0039455496123566025,-0.005345549612356603,-39.98329916470392,7439.75256789746,30m
2026-02-27 17:30:00+00:00,2026-02-27 17:35:00+00:00,2026-02-27 18:00:00+00:00,LONG,65299.0,65703.2,0.0061899875955220285,0.004789987595522028,35.63632251398199,7475.388890411442,30m
2026-02-27 22:35:00+00:00,2026-02-27 22:40:00+00:00,2026-02-27 23:05:00+00:00,LONG,65281.0,65828.4,0.008385288215560394,0.006985288215560393,52.21774592292213,7527.606636334364,30m
2026-02-28 14:00:00+00:00,2026-02-28 14:05:00+00:00,2026-02-28 14:30:00+00:00,SHORT,64808.6,64730.1,0.001212727927192958,-0.0001872720728070419,-1.409710498062381,7526.196925836302,30m
2026-02-28 19:40:00+00:00,2026-02-28 19:45:00+00:00,2026-02-28 20:10:00+00:00,SHORT,66380.0,66566.8,-0.0028062036931323364,-0.004206203693132337,-31.656717304693895,7494.540208531608,30m
2026-03-01 02:05:00+00:00,2026-03-01 02:10:00+00:00,2026-03-01 02:35:00+00:00,SHORT,67770.1,67801.5,-0.0004631165977152518,-0.0018631165977152518,-13.963202254759564,7480.577006276849,30m
2026-03-01 13:55:00+00:00,2026-03-01 14:00:00+00:00,2026-03-01 14:25:00+00:00,SHORT,66948.1,66927.2,0.00031227961127933135,-0.0010877203887206686,-8.13677612912235,7472.440230147727,30m
2026-03-02 00:45:00+00:00,2026-03-02 00:50:00+00:00,2026-03-02 01:15:00+00:00,SHORT,66575.0,66809.4,-0.0035084883264928646,-0.004908488326492865,-36.67838564009577,7435.7618445076305,30m
2026-03-03 16:30:00+00:00,2026-03-03 16:35:00+00:00,2026-03-03 17:00:00+00:00,SHORT,68363.7,67986.8,0.005543723193325745,0.0041437231933257445,30.811738815132887,7466.573583322764,30m
2026-03-04 03:35:00+00:00,2026-03-04 03:40:00+00:00,2026-03-04 04:05:00+00:00,LONG,67631.3,67742.8,0.0016486449321542196,0.0002486449321542196,1.8565256820497769,7468.430109004813,30m
2026-03-04 14:35:00+00:00,2026-03-04 14:40:00+00:00,2026-03-04 15:05:00+00:00,SHORT,71906.8,72017.0,-0.0015301942596886997,-0.0029301942596887,-21.883951034292153,7446.546157970521,30m
2026-03-04 23:35:00+00:00,2026-03-04 23:40:00+00:00,2026-03-05 00:05:00+00:00,LONG,72701.1,72589.5,-0.001535052426992256,-0.0029350524269922563,-21.85600337366124,7424.690154596859,30m
2026-03-06 01:30:00+00:00,2026-03-06 01:35:00+00:00,2026-03-06 02:00:00+00:00,LONG,70849.5,71210.1,0.005089661888933561,0.0036896618889335608,27.39459630055626,7452.084750897416,30m
2026-03-06 04:55:00+00:00,2026-03-06 05:00:00+00:00,2026-03-06 05:25:00+00:00,LONG,70622.6,70399.9,-0.003153381495442087,-0.004553381495442087,-33.93218480720245,7418.152566090213,30m
2026-03-06 12:15:00+00:00,2026-03-06 12:20:00+00:00,2026-03-06 12:45:00+00:00,LONG,70180.0,69769.9,-0.0058435451695640905,-0.007243545169564091,-53.73372318719223,7364.418842903021,30m
2026-03-07 03:15:00+00:00,2026-03-07 03:20:00+00:00,2026-03-07 03:45:00+00:00,SHORT,68334.7,68184.5,0.002202846688030169,0.0008028466880301689,5.912499277291659,7370.331342180312,30m
2026-03-07 14:10:00+00:00,2026-03-07 14:15:00+00:00,2026-03-07 14:40:00+00:00,LONG,67750.1,68015.9,0.003923241441709857,0.002523241441709857,18.597125481722397,7388.928467662035,30m
2026-03-08 09:35:00+00:00,2026-03-08 09:40:00+00:00,2026-03-08 10:05:00+00:00,SHORT,67754.9,67812.1,-0.0008435072796744159,-0.002243507279674416,-16.577114806193304,7372.3513528558415,30m
2026-03-08 10:35:00+00:00,2026-03-08 10:40:00+00:00,2026-03-08 11:05:00+00:00,SHORT,67961.6,67548.1,0.006121563744946101,0.004721563744946101,34.80902686264848,7407.16037971849,30m
2026-03-08 12:15:00+00:00,2026-03-08 12:20:00+00:00,2026-03-08 12:45:00+00:00,LONG,67150.0,67324.1,0.002592702903946531,0.001192702903946531,8.834541694887932,7415.994921413378,30m
2026-03-09 05:50:00+00:00,2026-03-09 05:55:00+00:00,2026-03-09 06:20:00+00:00,SHORT,67838.1,67574.0,0.003908307929085142,0.0025083079290851417,18.60159886343632,7434.596520276814,30m
2026-03-09 13:35:00+00:00,2026-03-09 13:40:00+00:00,2026-03-09 14:05:00+00:00,SHORT,68732.9,68750.0,-0.00024872727272740036,-0.0016487272727274003,-12.257622044704613,7422.338898232109,30m
2026-03-09 19:30:00+00:00,2026-03-09 19:35:00+00:00,2026-03-09 20:00:00+00:00,SHORT,69188.0,68995.4,0.002791490447189293,0.0013914904471892932,10.328113672691483,7432.667011904801,30m
2026-03-10 00:50:00+00:00,2026-03-10 00:55:00+00:00,2026-03-10 01:20:00+00:00,SHORT,69082.0,68990.8,0.0013219153858194943,-7.808461418050568e-05,-0.5803769359567584,7432.086634968845,30m
2026-03-10 03:00:00+00:00,2026-03-10 03:05:00+00:00,2026-03-10 03:30:00+00:00,SHORT,70053.9,70085.2,-0.00044659928201673527,-0.0018465992820167353,-13.724085844019642,7418.362549124825,30m
2026-03-10 13:40:00+00:00,2026-03-10 13:45:00+00:00,2026-03-10 14:10:00+00:00,LONG,69922.9,69491.9,-0.006163931987946736,-0.007563931987946736,-56.111989783511355,7362.250559341313,30m
2026-03-10 14:15:00+00:00,2026-03-10 14:20:00+00:00,2026-03-10 14:45:00+00:00,LONG,69599.3,70642.9,0.014994403679347235,0.013594403679347234,100.08540609218579,7462.335965433499,30m
2026-03-10 18:20:00+00:00,2026-03-10 18:25:00+00:00,2026-03-10 18:50:00+00:00,LONG,70325.6,70069.9,-0.003635944805305824,-0.005035944805305824,-37.57991204057165,7424.756053392927,30m
2026-03-12 07:55:00+00:00,2026-03-12 08:00:00+00:00,2026-03-12 08:25:00+00:00,SHORT,69829.2,69810.8,0.00026356953365369584,-0.0011364304663463041,-8.437718984264869,7416.318334408662,30m
2026-03-12 09:45:00+00:00,2026-03-12 09:50:00+00:00,2026-03-12 10:15:00+00:00,SHORT,69939.3,70037.1,-0.0013964027636781395,-0.0027964027636781397,-20.73901308665724,7395.579321322005,30m
2026-03-12 11:45:00+00:00,2026-03-12 11:50:00+00:00,2026-03-12 12:15:00+00:00,SHORT,70619.2,70398.5,0.0031350099789058117,0.0017350099789058117,12.83140392228315,7408.410725244288,30m
2026-03-12 23:20:00+00:00,2026-03-12 23:25:00+00:00,2026-03-12 23:50:00+00:00,SHORT,70543.1,70525.1,0.00025522828042778833,-0.0011447717195722117,-8.48093908523512,7399.929786159053,30m
2026-03-13 10:20:00+00:00,2026-03-13 10:25:00+00:00,2026-03-13 10:50:00+00:00,SHORT,72306.2,72454.0,-0.002039914980539459,-0.003439914980539459,-25.455129326348683,7374.474656832705,30m
2026-03-13 13:55:00+00:00,2026-03-13 14:00:00+00:00,2026-03-13 14:25:00+00:00,SHORT,73374.8,73725.1,-0.004751434721689152,-0.006151434721689152,-45.36359945825739,7329.111057374447,30m
2026-03-13 18:10:00+00:00,2026-03-13 18:15:00+00:00,2026-03-13 18:40:00+00:00,LONG,71209.0,71229.5,0.0002878849583620724,-0.0011121150416379276,-8.15081464874098,7320.960242725706,30m
2026-03-14 00:50:00+00:00,2026-03-14 00:55:00+00:00,2026-03-14 01:20:00+00:00,LONG,70652.1,70800.0,0.0020933560361262593,0.0006933560361262593,5.076031974534232,7326.03627470024,30m
2026-03-14 06:45:00+00:00,2026-03-14 06:50:00+00:00,2026-03-14 07:15:00+00:00,LONG,70635.5,70674.8,0.0005563774589265602,-0.0008436225410734398,-6.180409338058813,7319.855865362181,30m
2026-03-15 00:00:00+00:00,2026-03-15 00:05:00+00:00,2026-03-15 00:30:00+00:00,SHORT,71115.9,71052.7,0.0008894806249446496,-0.0005105193750553504,-3.7369282418799417,7316.118937120301,30m
2026-03-15 02:50:00+00:00,2026-03-15 02:55:00+00:00,2026-03-15 03:20:00+00:00,SHORT,71421.3,71386.5,0.00048748712991963927,-0.0009125128700803607,-6.676052689160924,7309.44288443114,30m
2026-03-15 13:10:00+00:00,2026-03-15 13:15:00+00:00,2026-03-15 13:40:00+00:00,LONG,71443.9,71448.0,5.738768460306076e-05,-0.0013426123153969392,-9.813748035327775,7299.629136395812,30m
2026-03-15 20:45:00+00:00,2026-03-15 20:50:00+00:00,2026-03-15 21:15:00+00:00,SHORT,71792.0,71720.5,0.0009969255652149123,-0.0004030744347850877,-2.9422938882935,7296.686842507518,30m
2026-03-15 23:20:00+00:00,2026-03-15 23:25:00+00:00,2026-03-15 23:50:00+00:00,SHORT,72584.0,72686.0,-0.0014032963706903656,-0.002803296370690366,-20.454775743665472,7276.232066763852,30m
2026-03-16 08:45:00+00:00,2026-03-16 08:50:00+00:00,2026-03-16 09:15:00+00:00,LONG,73086.9,73208.0,0.0016569316799590617,0.00025693167995906167,1.869494528685632,7278.101561292538,30m
2026-03-16 13:40:00+00:00,2026-03-16 13:45:00+00:00,2026-03-16 14:10:00+00:00,SHORT,74075.1,74294.1,-0.002947744168110278,-0.004347744168110278,-31.64332361802394,7246.458237674514,30m
2026-03-17 00:15:00+00:00,2026-03-17 00:20:00+00:00,2026-03-17 00:45:00+00:00,SHORT,75234.5,75016.0,0.0029127119547829317,0.0015127119547829317,10.961804005965492,7257.42004168048,30m
2026-03-17 03:55:00+00:00,2026-03-17 04:00:00+00:00,2026-03-17 04:25:00+00:00,LONG,74465.7,74429.3,-0.0004888156560670653,-0.0018888156560670653,-13.707928597380985,7243.712113083098,30m
2026-03-17 10:15:00+00:00,2026-03-17 10:20:00+00:00,2026-03-17 10:45:00+00:00,LONG,73753.0,73699.4,-0.0007267500983011432,-0.0021267500983011434,-15.405565448564662,7228.306547634534,30m
2026-03-17 15:05:00+00:00,2026-03-17 15:10:00+00:00,2026-03-17 15:35:00+00:00,SHORT,74365.9,73860.9,0.006837176368010622,0.005437176368010622,39.30157754153493,7267.608125176069,30m
2026-03-17 22:40:00+00:00,2026-03-17 22:45:00+00:00,2026-03-17 23:10:00+00:00,LONG,74163.0,74322.0,0.0021439262165769968,0.0007439262165769968,5.4065642161264735,7273.014689392196,30m
2026-03-17 23:45:00+00:00,2026-03-17 23:50:00+00:00,2026-03-18 00:15:00+00:00,LONG,74040.4,73886.1,-0.002083997385211145,-0.003483997385211145,-25.339164160444657,7247.675525231751,30m
2026-03-18 03:35:00+00:00,2026-03-18 03:40:00+00:00,2026-03-18 04:05:00+00:00,SHORT,74473.9,74403.1,0.0009515732543401434,-0.0004484267456598566,-3.250051549378266,7244.425473682372,30m
2026-03-18 14:30:00+00:00,2026-03-18 14:35:00+00:00,2026-03-18 15:00:00+00:00,LONG,71719.4,71309.6,-0.005713935141676951,-0.0071139351416769515,-51.53637295848873,7192.8891007238835,30m
2026-03-18 15:05:00+00:00,2026-03-18 15:10:00+00:00,2026-03-18 15:35:00+00:00,LONG,71338.2,71395.0,0.0007962073615539467,-0.0006037926384460533,-4.3430134881759335,7188.546087235708,30m
2026-03-18 20:10:00+00:00,2026-03-18 20:15:00+00:00,2026-03-18 20:40:00+00:00,LONG,70752.0,71168.9,0.005892412935323277,0.004492412935323277,32.29391742846522,7220.840004664174,30m
2026-03-19 03:20:00+00:00,2026-03-19 03:25:00+00:00,2026-03-19 03:50:00+00:00,SHORT,71498.0,71285.9,0.0029753429500083417,0.0015753429500083417,11.375299394485907,7232.21530405866,30m
2026-03-19 07:30:00+00:00,2026-03-19 07:35:00+00:00,2026-03-19 08:00:00+00:00,LONG,69975.9,70116.0,0.0020021178720102117,0.0006021178720102118,4.354646088799487,7236.569950147459,30m
2026-03-19 13:00:00+00:00,2026-03-19 13:05:00+00:00,2026-03-19 13:30:00+00:00,LONG,69431.8,69425.0,-9.793783252054489e-05,-0.0014979378325205449,-10.839931906007193,7225.730018241452,30m
2026-03-20 04:15:00+00:00,2026-03-20 04:20:00+00:00,2026-03-20 04:45:00+00:00,SHORT,70851.0,70748.9,0.001443131978023704,4.313197802370398e-05,0.31166002835200846,7226.041678269804,30m
2026-03-22 07:45:00+00:00,2026-03-22 07:50:00+00:00,2026-03-22 08:15:00+00:00,LONG,69069.8,68830.0,-0.003471850215289507,-0.004871850215289507,-35.204192705969696,7190.837485563834,30m
2026-03-22 21:20:00+00:00,2026-03-22 21:25:00+00:00,2026-03-22 21:50:00+00:00,LONG,67668.0,67851.9,0.0027176804397941456,0.0013176804397941457,9.475225900465981,7200.3127114643,30m
2026-03-23 07:05:00+00:00,2026-03-23 07:10:00+00:00,2026-03-23 07:35:00+00:00,LONG,67763.9,68214.1,0.006643655397638115,0.005243655397638115,37.75595861415211,7238.068670078453,30m
2026-03-24 14:50:00+00:00,2026-03-24 14:55:00+00:00,2026-03-24 15:20:00+00:00,LONG,69916.6,70211.9,0.004223603550515653,0.002823603550515653,20.43743639570963,7258.506106474162,30m
2026-03-24 16:40:00+00:00,2026-03-24 16:45:00+00:00,2026-03-24 17:10:00+00:00,LONG,69574.3,69237.7,-0.0048379933394947505,-0.006237993339494751,-45.2785127468678,7213.227593727294,30m
2026-03-25 00:45:00+00:00,2026-03-25 00:50:00+00:00,2026-03-25 01:15:00+00:00,SHORT,70881.0,70725.7,0.0021958071818306557,0.0007958071818306557,5.74033832326724,7218.967932050562,30m
2026-03-26 18:05:00+00:00,2026-03-26 18:10:00+00:00,2026-03-26 18:35:00+00:00,LONG,68484.9,68327.6,-0.002296856679355419,-0.0036968566793554192,-26.6874898176537,7192.280442232908,30m
2026-03-27 12:35:00+00:00,2026-03-27 12:40:00+00:00,2026-03-27 13:05:00+00:00,LONG,66595.8,66557.0,-0.0005826193243417821,-0.0019826193243417823,-14.259554190856424,7178.020888042051,30m
2026-03-28 00:05:00+00:00,2026-03-28 00:10:00+00:00,2026-03-28 00:35:00+00:00,SHORT,66361.1,66482.9,-0.0018320500459514388,-0.003232050045951439,-23.1997227410367,7154.821165301015,30m
2026-03-28 06:25:00+00:00,2026-03-28 06:30:00+00:00,2026-03-28 06:55:00+00:00,SHORT,66467.3,66392.7,0.0011236175061415388,-0.0002763824938584612,-1.9774673167771961,7152.843697984237,30m
2026-03-28 15:25:00+00:00,2026-03-28 15:30:00+00:00,2026-03-28 15:55:00+00:00,SHORT,67030.1,67020.0,0.00015070128319916165,-0.0012492987168008383,-8.93603845336867,7143.907659530869,30m
2026-03-28 22:15:00+00:00,2026-03-28 22:20:00+00:00,2026-03-28 22:45:00+00:00,LONG,66722.1,66747.6,0.000382182215487914,-0.001017817784512086,-7.27119626678263,7136.636463264086,30m
2026-03-29 11:45:00+00:00,2026-03-29 11:50:00+00:00,2026-03-29 12:15:00+00:00,SHORT,66829.5,66779.8,0.0007442370297605638,-0.0006557629702394362,-4.679941924669122,7131.956521339417,30m
2026-03-30 05:10:00+00:00,2026-03-30 05:15:00+00:00,2026-03-30 05:40:00+00:00,SHORT,67641.1,67492.1,0.002207665786069679,0.0008076657860696791,5.760237270022374,7137.716758609439,30m
2026-03-31 00:50:00+00:00,2026-03-31 00:55:00+00:00,2026-03-31 01:20:00+00:00,SHORT,67143.7,67798.4,-0.009656570066550185,-0.011056570066550185,-78.91866545675474,7058.7980931526845,30m
2026-03-31 09:00:00+00:00,2026-03-31 09:05:00+00:00,2026-03-31 09:30:00+00:00,LONG,66855.0,66455.3,-0.0059786104255478145,-0.007378610425547815,-52.08412120197343,7006.713971950711,30m
2026-03-31 14:05:00+00:00,2026-03-31 14:10:00+00:00,2026-03-31 14:35:00+00:00,SHORT,67181.5,67328.5,-0.002183325040658879,-0.003583325040658879,-25.10733362842542,6981.606638322286,30m
2026-03-31 17:15:00+00:00,2026-03-31 17:20:00+00:00,2026-03-31 17:45:00+00:00,SHORT,68247.8,67660.2,0.00868457379670784,0.007284573796707839,50.85802877644403,7032.46466709873,30m
2026-04-01 07:15:00+00:00,2026-04-01 07:20:00+00:00,2026-04-01 07:45:00+00:00,SHORT,69012.9,68757.6,0.003713044085308148,0.002313044085308148,16.26640080337125,7048.731067902102,30m
2026-04-02 01:00:00+00:00,2026-04-02 01:05:00+00:00,2026-04-02 01:30:00+00:00,SHORT,68101.5,67329.6,0.011464497041419941,0.01006449704141994,70.94193297866552,7119.673000880767,30m
2026-04-02 04:25:00+00:00,2026-04-02 04:30:00+00:00,2026-04-02 04:55:00+00:00,LONG,66425.5,66324.1,-0.0015265221940368168,-0.002926522194036817,-20.83588105136227,7098.837119829405,30m
2026-04-02 12:20:00+00:00,2026-04-02 12:25:00+00:00,2026-04-02 12:50:00+00:00,LONG,66120.6,66105.4,-0.00022988297141901537,-0.0016298829714190154,-11.570273738487156,7087.266846090918,30m
2026-04-03 08:10:00+00:00,2026-04-03 08:15:00+00:00,2026-04-03 08:40:00+00:00,SHORT,67170.1,66936.0,0.0034973706226844037,0.0020973706226844035,14.864625278116238,7102.131471369034,30m
2026-04-04 06:55:00+00:00,2026-04-04 07:00:00+00:00,2026-04-04 07:25:00+00:00,SHORT,67009.3,66956.5,0.0007885716846012247,-0.0006114283153987753,-4.342444281279794,7097.789027087754,30m
2026-04-04 15:20:00+00:00,2026-04-04 15:25:00+00:00,2026-04-04 15:50:00+00:00,SHORT,67353.8,67324.7,0.00043223363787747715,-0.0009677663621225228,-6.869001465857877,7090.9200256218965,30m
2026-04-05 01:45:00+00:00,2026-04-05 01:50:00+00:00,2026-04-05 02:15:00+00:00,LONG,67108.9,67079.2,-0.0004425642500472948,-0.0018425642500472948,-13.065475739155355,7077.854549882741,30m
2026-04-05 06:30:00+00:00,2026-04-05 06:35:00+00:00,2026-04-05 07:00:00+00:00,LONG,66813.0,66859.6,0.0006974690554233387,-0.0007025309445766613,-4.972411842505341,7072.882138040235,30m
2026-04-05 22:50:00+00:00,2026-04-05 22:55:00+00:00,2026-04-05 23:20:00+00:00,SHORT,68080.0,68754.9,-0.009816027657665094,-0.011216027657665094,-79.3296416796647,6993.55249636057,30m
2026-04-07 09:10:00+00:00,2026-04-07 09:15:00+00:00,2026-04-07 09:40:00+00:00,SHORT,69099.8,69180.6,-0.0011679574909729817,-0.002567957490972982,-17.959145521541924,6975.593350839028,30m
2026-04-07 09:45:00+00:00,2026-04-07 09:50:00+00:00,2026-04-07 10:15:00+00:00,SHORT,69169.9,68929.0,0.003494900549841029,0.002094900549841029,14.613174346140104,6990.206525185168,30m
2026-04-07 14:20:00+00:00,2026-04-07 14:25:00+00:00,2026-04-07 14:50:00+00:00,LONG,68089.7,68030.2,-0.0008738472926155261,-0.0022738472926155263,-15.894662182115681,6974.311863003052,30m
2026-04-08 13:30:00+00:00,2026-04-08 13:35:00+00:00,2026-04-08 14:00:00+00:00,SHORT,72115.5,71613.4,0.007011257669654158,0.005611257669654158,39.13466093183586,7013.446523934888,30m
2026-04-09 08:45:00+00:00,2026-04-09 08:50:00+00:00,2026-04-09 09:15:00+00:00,SHORT,71260.5,71378.3,-0.0016503615244409797,-0.00305036152444098,-21.393547430335317,6992.052976504553,30m
2026-04-09 13:55:00+00:00,2026-04-09 14:00:00+00:00,2026-04-09 14:25:00+00:00,LONG,70803.1,70643.6,-0.0022527262224394384,-0.0036527262224394386,-25.54005525596391,6966.512921248589,30m
2026-04-09 15:35:00+00:00,2026-04-09 15:40:00+00:00,2026-04-09 16:05:00+00:00,SHORT,71878.5,72118.2,-0.003323710242352118,-0.004723710242352118,-32.90778843958034,6933.605132809009,30m
2026-04-10 14:40:00+00:00,2026-04-10 14:45:00+00:00,2026-04-10 15:10:00+00:00,SHORT,72851.7,73014.0,-0.0022228613690525867,-0.003622861369052587,-25.11949018391849,6908.485642625091,30m
2026-04-12 13:05:00+00:00,2026-04-12 13:10:00+00:00,2026-04-12 13:35:00+00:00,LONG,71119.2,70964.4,-0.0021766274086323367,-0.003576627408632337,-24.709079101555883,6883.776563523535,30m
2026-04-13 07:35:00+00:00,2026-04-13 07:40:00+00:00,2026-04-13 08:05:00+00:00,LONG,70791.7,70737.3,-0.0007684516687690435,-0.0021684516687690437,-14.927136776605842,6868.849426746929,30m
2026-04-13 14:45:00+00:00,2026-04-13 14:50:00+00:00,2026-04-13 15:15:00+00:00,SHORT,71953.2,71862.9,0.0012565593651243656,-0.00014344063487563437,-0.9852721226377167,6867.864154624291,30m
2026-04-14 07:10:00+00:00,2026-04-14 07:15:00+00:00,2026-04-14 07:40:00+00:00,SHORT,74780.1,74489.6,0.0038998732708994677,0.0024998732708994675,17.168790028313833,6885.032944652605,30m
2026-04-14 14:30:00+00:00,2026-04-14 14:35:00+00:00,2026-04-14 15:00:00+00:00,SHORT,75639.3,75017.0,0.008295453030646494,0.006895453030646493,47.47542128430575,6932.50836593691,30m
2026-04-14 18:50:00+00:00,2026-04-14 18:55:00+00:00,2026-04-14 19:20:00+00:00,LONG,74093.3,74011.8,-0.0010999645042129025,-0.0024999645042129027,-17.331024840001266,6915.177341096909,30m
2026-04-15 07:45:00+00:00,2026-04-15 07:50:00+00:00,2026-04-15 08:15:00+00:00,LONG,73695.6,73863.7,0.0022810045647227994,0.0008810045647227995,6.092302803374048,6921.269643900283,30m
2026-04-16 02:45:00+00:00,2026-04-16 02:50:00+00:00,2026-04-16 03:15:00+00:00,SHORT,74974.1,75065.5,-0.0012176032931239256,-0.0026176032931239258,-18.117138212472042,6903.152505687811,30m
2026-04-16 07:55:00+00:00,2026-04-16 08:00:00+00:00,2026-04-16 08:25:00+00:00,LONG,74701.3,74685.1,-0.0002168636958125303,-0.0016168636958125303,-11.161456673103922,6891.991049014707,30m
2026-04-16 13:30:00+00:00,2026-04-16 13:35:00+00:00,2026-04-16 14:00:00+00:00,SHORT,74811.3,73703.0,0.015037379753876978,0.013637379753876978,93.98869919573451,6985.979748210441,30m
2026-04-17 08:35:00+00:00,2026-04-17 08:40:00+00:00,2026-04-17 09:05:00+00:00,SHORT,75253.0,75746.7,-0.00651777569187828,-0.00791777569187828,-55.313420634334584,6930.666327576107,30m
2026-04-17 13:25:00+00:00,2026-04-17 13:30:00+00:00,2026-04-17 13:55:00+00:00,SHORT,76589.4,77341.3,-0.009721843310107392,-0.011121843310107392,-77.08178492993889,6853.584542646167,30m
2026-04-18 07:55:00+00:00,2026-04-18 08:00:00+00:00,2026-04-18 08:25:00+00:00,LONG,76986.6,76684.0,-0.003930554148384391,-0.005330554148384391,-36.53340351510567,6817.051139131062,30m
2026-04-18 10:10:00+00:00,2026-04-18 10:15:00+00:00,2026-04-18 10:40:00+00:00,LONG,76300.1,76231.5,-0.0008990813904570238,-0.002299081390457024,-15.672955411770081,6801.378183719292,30m
2026-04-19 07:40:00+00:00,2026-04-19 07:45:00+00:00,2026-04-19 08:10:00+00:00,LONG,75199.4,75267.8,0.0009095817253861327,-0.0004904182746138673,-3.3355201538560135,6798.042663565436,30m
2026-04-19 22:05:00+00:00,2026-04-19 22:10:00+00:00,2026-04-19 22:35:00+00:00,LONG,74187.9,74111.4,-0.0010311654595964725,-0.0024311654595964727,-16.527166516523494,6781.515497048912,30m
2026-04-20 07:30:00+00:00,2026-04-20 07:35:00+00:00,2026-04-20 08:00:00+00:00,SHORT,75076.7,74676.3,0.005361808230991638,0.003961808230991638,26.86706391480573,6808.382560963718,30m
2026-04-20 19:10:00+00:00,2026-04-20 19:15:00+00:00,2026-04-20 19:40:00+00:00,SHORT,76339.9,76247.9,0.0012065906077414201,-0.00019340939225857986,-1.3168051333799062,6807.065755830338,30m
2026-04-22 23:25:00+00:00,2026-04-22 23:30:00+00:00,2026-04-22 23:55:00+00:00,LONG,78334.8,78183.1,-0.001936559485694711,-0.0033365594856947112,-22.712179817363353,6784.353576012975,30m
2026-04-23 00:15:00+00:00,2026-04-23 00:20:00+00:00,2026-04-23 00:45:00+00:00,LONG,78406.4,78363.0,-0.0005535262427556198,-0.00195352624275562,-13.253412750874283,6771.100163262101,30m
2026-04-23 03:35:00+00:00,2026-04-23 03:40:00+00:00,2026-04-23 04:05:00+00:00,LONG,77629.6,77776.7,0.0018948957614104422,0.0004948957614104423,3.3509887708839674,6774.451152032985,30m
2026-04-23 08:45:00+00:00,2026-04-23 08:50:00+00:00,2026-04-23 09:15:00+00:00,LONG,77808.7,77667.2,-0.0018185627057129006,-0.0032185627057129008,-21.803995829607164,6752.6471562033785,30m
2026-04-23 15:40:00+00:00,2026-04-23 15:45:00+00:00,2026-04-23 16:10:00+00:00,SHORT,78488.2,78301.9,0.002379252610728466,0.0009792526107284662,6.612547357040311,6759.2597035604185,30m
2026-04-23 17:45:00+00:00,2026-04-23 17:50:00+00:00,2026-04-23 18:15:00+00:00,LONG,77307.6,77897.8,0.0076344369764420605,0.00623443697644206,42.14017862925187,6801.39988218967,30m
2026-04-24 22:55:00+00:00,2026-04-24 23:00:00+00:00,2026-04-24 23:25:00+00:00,LONG,77316.3,77384.1,0.0008769172865230601,-0.0005230827134769399,-3.5576947058175117,6797.842187483853,30m
2026-04-25 10:40:00+00:00,2026-04-25 10:45:00+00:00,2026-04-25 11:10:00+00:00,SHORT,77808.0,77743.0,0.0008360881365525596,-0.0005639118634474403,-3.8333838553656436,6794.008803628488,30m
2026-04-25 21:10:00+00:00,2026-04-25 21:15:00+00:00,2026-04-25 21:40:00+00:00,SHORT,77489.0,77459.1,0.0003860101653645476,-0.0010139898346354524,-6.889055863303058,6787.119747765185,30m
2026-04-26 13:05:00+00:00,2026-04-26 13:10:00+00:00,2026-04-26 13:35:00+00:00,LONG,77886.0,77970.4,0.0010836350563643293,-0.00031636494363567066,-2.14720675645028,6784.972541008735,30m
2026-04-26 19:00:00+00:00,2026-04-26 19:05:00+00:00,2026-04-26 19:30:00+00:00,SHORT,78209.5,78148.4,0.0007818458215396173,-0.0006181541784603826,-4.194159126963509,6780.778381881772,30m
2026-04-27 07:10:00+00:00,2026-04-27 07:15:00+00:00,2026-04-27 07:40:00+00:00,LONG,77657.5,77690.0,0.00041850432991008546,-0.0009814956700899145,-6.6553046216562555,6774.123077260116,30m
2026-04-27 15:25:00+00:00,2026-04-27 15:30:00+00:00,2026-04-27 15:55:00+00:00,LONG,76850.0,76790.2,-0.0007781392322706582,-0.0021781392322706584,-14.754983238810299,6759.368094021305,30m
2026-04-28 11:55:00+00:00,2026-04-28 12:00:00+00:00,2026-04-28 12:25:00+00:00,LONG,76230.5,76224.9,-7.346140980324378e-05,-0.0014734614098032438,-9.959668041195698,6749.408425980109,30m
2026-04-29 00:55:00+00:00,2026-04-29 01:00:00+00:00,2026-04-29 01:25:00+00:00,SHORT,76508.4,76226.3,0.0037008224195584916,0.0023008224195584914,15.529190225252023,6764.937616205361,30m
2026-04-29 10:35:00+00:00,2026-04-29 10:40:00+00:00,2026-04-29 11:05:00+00:00,SHORT,77687.5,77523.7,0.002112902247957793,0.000712902247957793,4.822739233887036,6769.760355439248,30m
2026-04-29 18:10:00+00:00,2026-04-29 18:15:00+00:00,2026-04-29 18:40:00+00:00,LONG,75189.2,75246.8,0.0007660674671363665,-0.0006339325328636335,-4.291571329003414,6765.468784110245,30m
2026-04-30 13:45:00+00:00,2026-04-30 13:50:00+00:00,2026-04-30 14:15:00+00:00,SHORT,76462.0,76281.1,0.0023714917587711604,0.0009714917587711604,6.572597167986646,6772.041381278232,30m
2026-05-03 12:15:00+00:00,2026-05-03 12:20:00+00:00,2026-05-03 12:45:00+00:00,SHORT,78784.6,78785.0,-5.07710858654864e-06,-0.0014050771085865486,-9.515240323234874,6762.526140954997,30m
2026-05-04 10:30:00+00:00,2026-05-04 10:35:00+00:00,2026-05-04 11:00:00+00:00,LONG,78956.3,78919.5,-0.0004660806040810428,-0.0018660806040810428,-12.619418866227143,6749.906722088769,30m
2026-05-05 02:05:00+00:00,2026-05-05 02:10:00+00:00,2026-05-05 02:35:00+00:00,SHORT,80447.6,80715.9,-0.0033240043163736965,-0.004724004316373697,-31.886588490267176,6718.020133598502,30m
2026-05-05 02:45:00+00:00,2026-05-05 02:50:00+00:00,2026-05-05 03:15:00+00:00,SHORT,80560.0,80753.6,-0.002397416338095204,-0.0037974163380952042,-25.51111941497948,6692.509014183523,30m
2026-05-05 05:25:00+00:00,2026-05-05 05:30:00+00:00,2026-05-05 05:55:00+00:00,SHORT,81051.5,80962.7,0.0010968013665553222,-0.00030319863344467775,-2.0291595874166317,6690.479854596106,30m
2026-05-05 12:45:00+00:00,2026-05-05 12:50:00+00:00,2026-05-05 13:15:00+00:00,SHORT,81237.6,81560.0,-0.003952918097106406,-0.005352918097106406,-35.81359069199333,6654.666263904112,30m
2026-05-05 22:40:00+00:00,2026-05-05 22:45:00+00:00,2026-05-05 23:10:00+00:00,LONG,81023.4,81223.3,0.00246718849122618,0.00106718849122618,7.101783249789589,6661.7680471539015,30m
2026-05-07 13:50:00+00:00,2026-05-07 13:55:00+00:00,2026-05-07 14:20:00+00:00,LONG,80492.7,80521.8,0.0003615234673455259,-0.0010384765326544741,-6.918089782956751,6654.849957370945,30m
2026-05-08 07:15:00+00:00,2026-05-08 07:20:00+00:00,2026-05-08 07:45:00+00:00,LONG,79334.7,79685.1,0.00441673063615311,0.00301673063615311,20.075889745403146,6674.925847116348,30m
2026-05-10 20:50:00+00:00,2026-05-10 20:55:00+00:00,2026-05-10 21:20:00+00:00,LONG,80620.4,80750.5,0.0016137354813423599,0.0002137354813423599,1.4266684888579722,6676.3525156052065,30m
2026-05-12 01:20:00+00:00,2026-05-12 01:25:00+00:00,2026-05-12 01:50:00+00:00,LONG,81406.3,81200.1,-0.002532973492223589,-0.003932973492223589,-26.257917468615556,6650.094598136591,30m
2026-05-12 07:05:00+00:00,2026-05-12 07:10:00+00:00,2026-05-12 07:35:00+00:00,LONG,80972.9,80959.9,-0.0001605475412144175,-0.0015605475412144175,-10.377788773965337,6639.716809362626,30m
2026-05-12 11:20:00+00:00,2026-05-12 11:25:00+00:00,2026-05-12 11:50:00+00:00,LONG,80588.6,80760.9,0.0021380195213713815,0.0007380195213713815,4.900240621687321,6644.617049984314,30m
2026-05-13 12:25:00+00:00,2026-05-13 12:30:00+00:00,2026-05-13 12:55:00+00:00,LONG,80360.0,80200.0,-0.0019910403185664505,-0.0033910403185664507,-22.532164317930878,6622.084885666383,30m
2026-05-15 13:10:00+00:00,2026-05-15 13:15:00+00:00,2026-05-15 13:40:00+00:00,LONG,80137.7,79146.1,-0.01237370176583541,-0.01377370176583541,-91.21062228321505,6530.874263383168,30m
2026-05-16 04:35:00+00:00,2026-05-16 04:40:00+00:00,2026-05-16 05:05:00+00:00,LONG,78958.2,79019.1,0.0007712941784387972,-0.0006287058215612028,-4.105998669273229,6526.7682647138945,30m
2026-05-16 07:25:00+00:00,2026-05-16 07:30:00+00:00,2026-05-16 07:55:00+00:00,LONG,78465.0,78386.2,-0.0010042694194863921,-0.0024042694194863923,-15.692109346925884,6511.076155366969,30m
2026-05-17 05:10:00+00:00,2026-05-17 05:15:00+00:00,2026-05-17 05:40:00+00:00,SHORT,78241.0,78157.0,0.0010747597783946627,-0.00032524022160533724,-2.1176638516607804,6508.958491515308,30m
2026-05-17 21:35:00+00:00,2026-05-17 21:40:00+00:00,2026-05-17 22:05:00+00:00,SHORT,78382.5,78111.2,0.0034732535155010957,0.0020732535155010955,13.49472107478482,6522.453212590093,30m
2026-05-18 12:00:00+00:00,2026-05-18 12:05:00+00:00,2026-05-18 12:30:00+00:00,SHORT,77284.8,77568.7,-0.0036599814100274353,-0.0050599814100274355,-33.00349200347959,6489.449720586614,30m
2026-05-18 13:45:00+00:00,2026-05-18 13:50:00+00:00,2026-05-18 14:15:00+00:00,LONG,76922.0,76617.3,-0.0039611554561763684,-0.005361155456176369,-34.790948777105136,6454.658771809509,30m
2026-05-20 05:40:00+00:00,2026-05-20 05:45:00+00:00,2026-05-20 06:10:00+00:00,SHORT,77136.8,77232.0,-0.0012326496788895858,-0.002632649678889586,-16.992855342946154,6437.6659164665625,30m
2026-05-20 08:40:00+00:00,2026-05-20 08:45:00+00:00,2026-05-20 09:10:00+00:00,SHORT,77524.4,77420.5,0.0013420218159272412,-5.797818407275875e-05,-0.37324417950382355,6437.292672287059,30m
2026-05-20 13:45:00+00:00,2026-05-20 13:50:00+00:00,2026-05-20 14:15:00+00:00,LONG,77190.0,77459.4,0.003490089389817319,0.002090089389817319,13.454517113495957,6450.747189400555,30m
2026-05-20 22:10:00+00:00,2026-05-20 22:15:00+00:00,2026-05-20 22:40:00+00:00,LONG,77375.3,77436.7,0.0007935348877483595,-0.0006064651122516405,-3.912153118326762,6446.835036282228,30m
2026-05-21 08:15:00+00:00,2026-05-21 08:20:00+00:00,2026-05-21 08:45:00+00:00,SHORT,78027.7,77915.3,0.0014425921481402426,4.259214814024263e-05,0.2745845529010391,6447.109620835129,30m
2026-05-21 13:50:00+00:00,2026-05-21 13:55:00+00:00,2026-05-21 14:20:00+00:00,LONG,77084.7,76939.6,-0.0018823450049100243,-0.0032823450049100245,-21.161638060055548,6425.947982775074,30m
2026-05-21 17:55:00+00:00,2026-05-21 18:00:00+00:00,2026-05-21 18:25:00+00:00,SHORT,77871.1,77739.9,0.0016876790425510713,0.0002876790425510713,1.848610563167721,6427.796593338241,30m
2026-05-22 07:10:00+00:00,2026-05-22 07:15:00+00:00,2026-05-22 07:40:00+00:00,LONG,77376.2,77465.7,0.001156686422956854,-0.0002433135770431459,-1.5639701816308749,6426.23262315661,30m
2026-05-23 07:35:00+00:00,2026-05-23 07:40:00+00:00,2026-05-23 08:05:00+00:00,LONG,75353.4,74591.7,-0.010108369363558856,-0.011508369363558856,-73.95545864343799,6352.2771645131725,30m
2026-05-23 13:30:00+00:00,2026-05-23 13:35:00+00:00,2026-05-23 14:00:00+00:00,SHORT,74961.3,75141.9,-0.002403452667552819,-0.003803452667552819,-24.160585526402485,6328.11657898677,30m
2026-05-23 20:20:00+00:00,2026-05-23 20:25:00+00:00,2026-05-23 20:50:00+00:00,SHORT,76038.0,76894.6,-0.011139923999864854,-0.012539923999864854,-79.35410096277887,6248.762478023991,30m
2026-05-24 13:55:00+00:00,2026-05-24 14:00:00+00:00,2026-05-24 14:25:00+00:00,LONG,76801.8,76420.1,-0.0049699356004676565,-0.006369935600467657,-39.80421456763151,6208.958263456359,30m
2026-05-24 22:00:00+00:00,2026-05-24 22:05:00+00:00,2026-05-24 22:30:00+00:00,LONG,76598.8,76855.1,0.003346005420450382,0.001946005420450382,12.082666436036266,6221.040929892396,30m
2026-05-25 05:15:00+00:00,2026-05-25 05:20:00+00:00,2026-05-25 05:45:00+00:00,SHORT,77412.3,77442.4,-0.0003886759707859566,-0.0017886759707859566,-11.127426424574452,6209.913503467821,30m
2026-05-25 09:35:00+00:00,2026-05-25 09:40:00+00:00,2026-05-25 10:05:00+00:00,SHORT,77595.7,77616.3,-0.00026540816812969936,-0.0016654081681296993,-10.342040672054228,6199.571462795767,30m
2026-05-25 15:10:00+00:00,2026-05-25 15:15:00+00:00,2026-05-25 15:40:00+00:00,SHORT,77712.1,77661.5,0.0006515454890776429,-0.0007484545109223571,-4.640097227115008,6194.931365568652,30m
2026-05-26 01:10:00+00:00,2026-05-26 01:15:00+00:00,2026-05-26 01:40:00+00:00,LONG,76841.2,76670.4,-0.0022227659120368504,-0.0036227659120368506,-22.44278617859001,6172.488579390062,30m
2026-05-26 14:30:00+00:00,2026-05-26 14:35:00+00:00,2026-05-26 15:00:00+00:00,SHORT,77571.4,76849.4,0.00939499852959158,0.00799499852959158,49.349037116144366,6221.837616506206,30m
2026-05-27 12:15:00+00:00,2026-05-27 12:20:00+00:00,2026-05-27 12:45:00+00:00,LONG,75833.6,75810.5,-0.00030461431344419587,-0.0017046143134441959,-10.605833457022,6211.231783049185,30m
2026-05-27 13:55:00+00:00,2026-05-27 14:00:00+00:00,2026-05-27 14:25:00+00:00,LONG,75083.2,74896.0,-0.002493234172224912,-0.003893234172224912,-24.181779829376556,6187.050003219808,30m
2026-05-27 22:00:00+00:00,2026-05-27 22:05:00+00:00,2026-05-27 22:30:00+00:00,LONG,74660.2,74611.2,-0.0006563068408603767,-0.002056306840860377,-12.722473246366109,6174.327529973441,30m
2026-05-28 03:20:00+00:00,2026-05-28 03:25:00+00:00,2026-05-28 03:50:00+00:00,LONG,73944.5,73248.0,-0.009419226582098705,-0.010819226582098706,-66.8014485388725,6107.526081434569,30m
2026-05-28 13:50:00+00:00,2026-05-28 13:55:00+00:00,2026-05-28 14:20:00+00:00,LONG,72989.1,73032.1,0.0005891290617365819,-0.0008108709382634181,-4.952415404121147,6102.573666030448,30m
2026-05-29 07:55:00+00:00,2026-05-29 08:00:00+00:00,2026-05-29 08:25:00+00:00,LONG,73526.2,73783.1,0.003493992617597641,0.002093992617597641,12.77874420501353,6115.352410235462,30m
2026-05-29 12:50:00+00:00,2026-05-29 12:55:00+00:00,2026-05-29 13:20:00+00:00,LONG,73327.3,73031.6,-0.004032604500643022,-0.005432604500643022,-33.222291026863324,6082.130119208599,30m
2026-05-29 13:35:00+00:00,2026-05-29 13:40:00+00:00,2026-05-29 14:05:00+00:00,LONG,73217.2,72954.9,-0.0035824915457024487,-0.004982491545702449,-30.304161898819075,6051.82595730978,30m
2026-05-29 14:25:00+00:00,2026-05-29 14:30:00+00:00,2026-05-29 14:55:00+00:00,LONG,72727.0,73093.9,0.005044893918352056,0.0036448939183520556,22.058263626723527,6073.884220936504,30m
2026-05-29 15:40:00+00:00,2026-05-29 15:45:00+00:00,2026-05-29 16:10:00+00:00,SHORT,73816.2,73947.3,-0.0017728842026687452,-0.0031728842026687454,-19.271731293448394,6054.612489643056,30m
2026-05-30 04:10:00+00:00,2026-05-30 04:15:00+00:00,2026-05-30 04:40:00+00:00,LONG,73484.3,73307.3,-0.0024086777719867225,-0.0038086777719867227,-23.060068007296696,6031.552421635759,30m
2026-05-30 14:40:00+00:00,2026-05-30 14:45:00+00:00,2026-05-30 15:10:00+00:00,SHORT,74003.1,74033.4,-0.00040927473275564896,-0.001809274732755649,-10.912735395756725,6020.639686240002,30m
2026-05-31 01:25:00+00:00,2026-05-31 01:30:00+00:00,2026-05-31 01:55:00+00:00,SHORT,74108.3,74057.8,0.0006818998133890641,-0.0007181001866109359,-4.323422482206152,6016.316263757796,30m
2026-05-31 07:50:00+00:00,2026-05-31 07:55:00+00:00,2026-05-31 08:20:00+00:00,LONG,73890.4,73970.4,0.001082684624795549,-0.00031731537520445093,-1.9090696525829454,6014.407194105213,30m
2026-05-31 16:35:00+00:00,2026-05-31 16:40:00+00:00,2026-05-31 17:05:00+00:00,LONG,73530.5,73514.7,-0.00021487681982312878,-0.0016148768198231288,-9.712526762737975,6004.694667342475,30m
2026-05-31 22:00:00+00:00,2026-05-31 22:05:00+00:00,2026-05-31 22:30:00+00:00,SHORT,73720.1,73995.0,-0.003715115886208431,-0.005115115886208431,-30.71470908475455,5973.979958257721,30m
2026-06-01 06:45:00+00:00,2026-06-01 06:50:00+00:00,2026-06-01 07:15:00+00:00,LONG,73183.4,73118.1,-0.0008922788501215528,-0.002292278850121553,-13.69402790936421,5960.2859303483565,30m
2026-06-01 08:30:00+00:00,2026-06-01 08:35:00+00:00,2026-06-01 09:00:00+00:00,LONG,72835.1,72963.3,0.0017601403718809916,0.0003601403718809916,2.146539591472699,5962.432469939829,30m
2026-06-01 13:55:00+00:00,2026-06-01 14:00:00+00:00,2026-06-01 14:25:00+00:00,LONG,71712.1,71531.3,-0.002521192378970971,-0.003921192378970971,-23.379844761257125,5939.052625178572,30m
2026-06-01 21:10:00+00:00,2026-06-01 21:15:00+00:00,2026-06-01 21:40:00+00:00,LONG,71226.9,71017.6,-0.002938496551162406,-0.004338496551162406,-25.76655933150927,5913.286065847063,30m
2026-06-02 02:20:00+00:00,2026-06-02 02:25:00+00:00,2026-06-02 02:50:00+00:00,LONG,70541.1,70686.6,0.0020626273193924405,0.0006626273193924405,3.9183048946129095,5917.204370741676,30m
2026-06-02 14:10:00+00:00,2026-06-02 14:15:00+00:00,2026-06-02 14:40:00+00:00,LONG,68583.3,68036.0,-0.007980076782540424,-0.009380076782540424,-55.50383133554072,5861.700539406135,30m
2026-06-02 23:05:00+00:00,2026-06-02 23:10:00+00:00,2026-06-02 23:35:00+00:00,LONG,66469.4,66555.0,0.0012878106316591698,-0.00011218936834083023,-0.6576204809190781,5861.042918925216,30m
2026-06-03 03:50:00+00:00,2026-06-03 03:55:00+00:00,2026-06-03 04:20:00+00:00,LONG,65938.7,66464.9,0.007980139129221575,0.006580139129221575,38.56647784886685,5899.6093967740835,30m
2026-06-03 19:55:00+00:00,2026-06-03 20:00:00+00:00,2026-06-03 20:25:00+00:00,LONG,65458.7,65541.2,0.0012603366702974572,-0.00013966332970254277,-0.8239590922978782,5898.785437681786,30m
2026-06-04 00:30:00+00:00,2026-06-04 00:35:00+00:00,2026-06-04 01:00:00+00:00,LONG,63718.2,63382.8,-0.005263802178969157,-0.006663802178969157,-39.308339252895415,5859.477098428891,30m
2026-06-04 02:05:00+00:00,2026-06-04 02:10:00+00:00,2026-06-04 02:35:00+00:00,LONG,62027.4,63351.8,0.021351854180571728,0.01995185418057173,116.90743264225277,5976.384531071143,30m
2026-06-05 06:05:00+00:00,2026-06-05 06:10:00+00:00,2026-06-05 06:35:00+00:00,LONG,62448.6,61816.8,-0.010117120319750872,-0.011517120319750872,-68.83073972144425,5907.553791349699,30m
2026-06-05 12:05:00+00:00,2026-06-05 12:10:00+00:00,2026-06-05 12:35:00+00:00,LONG,62050.9,61937.1,-0.0018339782339982236,-0.0032339782339982238,-19.10490037739861,5888.4488909723,30m
2026-06-05 14:05:00+00:00,2026-06-05 14:10:00+00:00,2026-06-05 14:35:00+00:00,LONG,61134.7,60883.3,-0.00411223086070589,-0.00551223086070589,-32.45848969850689,5855.990401273793,30m
2026-06-06 10:40:00+00:00,2026-06-06 10:45:00+00:00,2026-06-06 11:10:00+00:00,LONG,60424.1,60643.6,0.0036326565062616556,0.0022326565062616554,13.074415070009737,5869.064816343803,30m
2026-06-07 03:20:00+00:00,2026-06-07 03:25:00+00:00,2026-06-07 03:50:00+00:00,SHORT,61627.4,61624.2,5.1927651799177355e-05,-0.0013480723482008226,-7.91192398871142,5861.152892355091,30m
2026-06-07 22:20:00+00:00,2026-06-07 22:25:00+00:00,2026-06-07 22:50:00+00:00,SHORT,62962.6,63031.9,-0.0010994432977587953,-0.0024994432977587955,-14.649619313936512,5846.503273041155,30m
2026-06-08 00:40:00+00:00,2026-06-08 00:45:00+00:00,2026-06-08 01:10:00+00:00,SHORT,63727.4,63072.2,0.010388094913448498,0.008988094913448498,52.5489263298812,5899.052199371036,30m
2026-06-09 00:55:00+00:00,2026-06-09 01:00:00+00:00,2026-06-09 01:25:00+00:00,LONG,62558.5,62787.3,0.003657376695413106,0.0022573766954131057,13.316382959885603,5912.3685823309215,30m
2026-06-09 14:55:00+00:00,2026-06-09 15:00:00+00:00,2026-06-09 15:25:00+00:00,LONG,61548.1,61309.2,-0.0038815170573909263,-0.0052815170573909265,-31.22627551716297,5881.142306813758,30m
2026-06-09 16:20:00+00:00,2026-06-09 16:25:00+00:00,2026-06-09 16:50:00+00:00,LONG,61038.2,61191.5,0.0025115419524166516,0.0011115419524166516,6.537136402155935,5887.679443215914,30m
2026-06-10 12:50:00+00:00,2026-06-10 12:55:00+00:00,2026-06-10 13:20:00+00:00,SHORT,61669.1,61536.0,0.0021629615184606266,0.0007629615184606266,4.492072848205431,5892.17151606412,30m
2026-06-11 06:25:00+00:00,2026-06-11 06:30:00+00:00,2026-06-11 06:55:00+00:00,SHORT,62888.5,62764.1,0.0019820247561903592,0.0005820247561903592,3.429389690068999,5895.600905754189,30m
2026-06-11 11:05:00+00:00,2026-06-11 11:10:00+00:00,2026-06-11 11:35:00+00:00,SHORT,63147.0,63144.6,3.800800068409771e-05,-0.0013619919993159023,-8.029761264796791,5887.571144489392,30m
2026-06-11 18:00:00+00:00,2026-06-11 18:05:00+00:00,2026-06-11 18:30:00+00:00,SHORT,63521.1,63436.5,0.001333617081648475,-6.638291835152506e-05,-0.3908341545734343,5887.180310334819,30m
2026-06-14 15:00:00+00:00,2026-06-14 15:05:00+00:00,2026-06-14 15:30:00+00:00,LONG,64137.2,64045.4,-0.001431306636398122,-0.002831306636398122,-16.66841268232333,5870.511897652496,30m
2026-06-14 20:55:00+00:00,2026-06-14 21:00:00+00:00,2026-06-14 21:25:00+00:00,SHORT,64014.0,64788.6,-0.011955807040127442,-0.013355807040127442,-78.40542413181912,5792.106473520677,30m
2026-06-15 19:20:00+00:00,2026-06-15 19:25:00+00:00,2026-06-15 19:50:00+00:00,LONG,66571.8,66647.8,0.0011416245317086293,-0.00025837546829137067,-1.4965382224893846,5790.609935298188,30m
2026-06-15 22:30:00+00:00,2026-06-15 22:35:00+00:00,2026-06-15 23:00:00+00:00,LONG,66247.2,66221.1,-0.00039397891533510254,-0.0017939789153351025,-10.388232130854911,5780.2217031673335,30m
2026-06-16 09:00:00+00:00,2026-06-16 09:05:00+00:00,2026-06-16 09:30:00+00:00,SHORT,66821.9,66712.8,0.0016353683251189022,0.0002353683251189022,1.3604811010904234,5781.582184268424,30m
2026-06-16 13:35:00+00:00,2026-06-16 13:40:00+00:00,2026-06-16 14:05:00+00:00,LONG,66037.5,66110.1,0.0010993753549120022,-0.00030062464508799776,-1.7380860921927856,5779.844098176231,30m
2026-06-17 07:55:00+00:00,2026-06-17 08:00:00+00:00,2026-06-17 08:25:00+00:00,LONG,65541.4,65328.4,-0.003249854290570453,-0.004649854290570453,-26.875432878733058,5752.968665297498,30m
2026-06-18 03:30:00+00:00,2026-06-18 03:35:00+00:00,2026-06-18 04:00:00+00:00,LONG,64328.3,64200.1,-0.001992902035340638,-0.003392902035340638,-19.519259093738796,5733.449406203759,30m
2026-06-18 10:30:00+00:00,2026-06-18 10:35:00+00:00,2026-06-18 11:00:00+00:00,LONG,64011.8,64149.0,0.002143354818955112,0.0007433548189551122,4.261987245336891,5737.711393449096,30m
2026-06-19 03:20:00+00:00,2026-06-19 03:25:00+00:00,2026-06-19 03:50:00+00:00,LONG,62846.7,62768.9,-0.0012379329384040183,-0.0026379329384040185,-15.13569787583539,5722.57569557326,30m
2026-06-20 00:35:00+00:00,2026-06-20 00:40:00+00:00,2026-06-20 01:05:00+00:00,SHORT,63583.9,63450.1,0.002108743721444206,0.0007087437214442062,4.055839594726759,5726.631535167987,30m
2026-06-20 09:00:00+00:00,2026-06-20 09:05:00+00:00,2026-06-20 09:30:00+00:00,LONG,63448.3,63604.0,0.0024539664577301057,0.0010539664577301057,6.03567755384652,5732.6672127218335,30m
2026-06-21 08:55:00+00:00,2026-06-21 09:00:00+00:00,2026-06-21 09:25:00+00:00,LONG,64009.4,64045.5,0.0005639796654866025,-0.0008360203345133975,-4.792626360833693,5727.874586361,30m
2026-06-21 10:50:00+00:00,2026-06-21 10:55:00+00:00,2026-06-21 11:20:00+00:00,SHORT,64378.7,64328.3,0.0007834809873725757,-0.0006165190126274243,-3.5313435844370002,5724.343242776563,30m
2026-06-21 20:50:00+00:00,2026-06-21 20:55:00+00:00,2026-06-21 21:20:00+00:00,LONG,63838.3,63700.0,-0.0021664110729766595,-0.0035664110729766597,-20.415361126557453,5703.9278816500055,30m
2026-06-22 01:30:00+00:00,2026-06-22 01:35:00+00:00,2026-06-22 02:00:00+00:00,SHORT,64469.6,64576.8,-0.001660038899419014,-0.0030600388994190143,-17.45424119732971,5686.473640452676,30m
2026-06-22 22:30:00+00:00,2026-06-22 22:35:00+00:00,2026-06-22 23:00:00+00:00,LONG,64138.7,63997.7,-0.002198360740083616,-0.003598360740083616,-20.461983497325264,5666.01165695535,30m
2026-06-23 05:00:00+00:00,2026-06-23 05:05:00+00:00,2026-06-23 05:30:00+00:00,LONG,63706.6,63449.6,-0.004034118913895934,-0.0054341189138959346,-30.789781111415913,5635.221875843934,30m
2026-06-23 08:30:00+00:00,2026-06-23 08:35:00+00:00,2026-06-23 09:00:00+00:00,LONG,62336.1,62426.0,0.0014421819780192635,4.2181978019263525e-05,0.2377048053005218,5635.459580649234,30m
2026-06-23 13:30:00+00:00,2026-06-23 13:35:00+00:00,2026-06-23 14:00:00+00:00,LONG,62322.8,62571.7,0.0039937230034592375,0.0025937230034592373,14.616821149394665,5650.076401798629,30m
2026-06-24 11:50:00+00:00,2026-06-24 11:55:00+00:00,2026-06-24 12:20:00+00:00,SHORT,62931.9,62781.1,0.0024019967792854313,0.0010019967792854313,5.6613583573188455,5655.737760155948,30m
2026-06-24 13:15:00+00:00,2026-06-24 13:20:00+00:00,2026-06-24 13:45:00+00:00,LONG,62204.5,61491.0,-0.011470231253365881,-0.012870231253365881,-72.79065288160064,5582.947107274347,30m
2026-06-24 14:20:00+00:00,2026-06-24 14:25:00+00:00,2026-06-24 14:50:00+00:00,LONG,61244.1,61000.1,-0.003984057239799443,-0.005384057239799444,-30.058906792337808,5552.88820048201,30m
2026-06-24 16:10:00+00:00,2026-06-24 16:15:00+00:00,2026-06-24 16:40:00+00:00,LONG,60531.2,60266.8,-0.004367995347853593,-0.005767995347853593,-32.02903330753134,5520.859167174478,30m
2026-06-25 06:55:00+00:00,2026-06-25 07:00:00+00:00,2026-06-25 07:25:00+00:00,SHORT,61725.7,61801.0,-0.0012184268862963643,-0.0026184268862963645,-14.455966078785409,5506.403201095693,30m
2026-06-25 11:10:00+00:00,2026-06-25 11:15:00+00:00,2026-06-25 11:40:00+00:00,LONG,61356.2,61319.0,-0.0006062956962784583,-0.0020062956962784585,-11.047473044332214,5495.3557280513605,30m
2026-06-25 14:05:00+00:00,2026-06-25 14:10:00+00:00,2026-06-25 14:35:00+00:00,LONG,59486.2,59750.8,0.004448090481489864,0.0030480904814898634,16.750341487074152,5512.106069538435,30m
2026-06-25 22:00:00+00:00,2026-06-25 22:05:00+00:00,2026-06-25 22:30:00+00:00,SHORT,60139.5,59798.3,0.0057058478251053035,0.004305847825105303,23.73428993127181,5535.8403594697065,30m
2026-06-26 07:40:00+00:00,2026-06-26 07:45:00+00:00,2026-06-26 08:10:00+00:00,SHORT,60590.8,60277.3,0.005200962883208149,0.0038009628832081487,21.04152373371001,5556.881883203417,30m
2026-06-27 02:45:00+00:00,2026-06-27 02:50:00+00:00,2026-06-27 03:15:00+00:00,SHORT,60272.4,60272.3,1.6591369500496e-06,-0.0013983408630499504,-7.770415008425299,5549.111468194991,30m
2026-06-27 17:05:00+00:00,2026-06-27 17:10:00+00:00,2026-06-27 17:35:00+00:00,LONG,60534.8,60600.4,0.0010836741841055986,-0.0003163258158944014,-1.7553272126657604,5547.356140982325,30m
2026-06-28 05:30:00+00:00,2026-06-28 05:35:00+00:00,2026-06-28 06:00:00+00:00,LONG,59930.0,59960.5,0.0005089270815952229,-0.0008910729184047771,-4.943098825975782,5542.41304215635,30m
2026-06-28 16:35:00+00:00,2026-06-28 16:40:00+00:00,2026-06-28 17:05:00+00:00,LONG,59710.1,59756.2,0.0007720636877177611,-0.0006279363122822389,-3.480282406836643,5538.932759749513,30m
2026-06-29 12:20:00+00:00,2026-06-29 12:25:00+00:00,2026-06-29 12:50:00+00:00,SHORT,60432.8,59938.7,0.008243422029506897,0.006843422029506897,37.90525446802725,5576.83801421754,30m
2026-06-29 14:15:00+00:00,2026-06-29 14:20:00+00:00,2026-06-29 14:45:00+00:00,LONG,59143.6,59364.9,0.0037417404419075595,0.0023417404419075593,13.059507115860658,5589.897521333401,30m
2026-06-30 01:10:00+00:00,2026-06-30 01:15:00+00:00,2026-06-30 01:40:00+00:00,LONG,59826.9,59830.2,5.515913410181206e-05,-0.001344840865898188,-7.517522622872145,5582.3799987105285,30m
2026-06-30 12:15:00+00:00,2026-06-30 12:20:00+00:00,2026-06-30 12:45:00+00:00,LONG,59034.6,58673.0,-0.006125221480284382,-0.007525221480284382,-42.00864587740637,5540.371352833122,30m
2026-06-30 13:05:00+00:00,2026-06-30 13:10:00+00:00,2026-06-30 13:35:00+00:00,LONG,58617.1,58360.6,-0.004375856192135097,-0.005775856192135097,-32.00038818498909,5508.370964648133,30m
2026-07-01 21:20:00+00:00,2026-07-01 21:25:00+00:00,2026-07-01 21:50:00+00:00,SHORT,60408.5,60778.4,-0.006086043726060586,-0.007486043726060586,-41.23590590071846,5467.135058747414,30m
2026-07-01 22:25:00+00:00,2026-07-01 22:30:00+00:00,2026-07-01 22:55:00+00:00,SHORT,60566.0,60482.3,0.0013838759438711268,-1.6124056128873207e-05,-0.08815239255137383,5467.046906354863,30m
2026-07-02 00:05:00+00:00,2026-07-02 00:10:00+00:00,2026-07-02 00:35:00+00:00,LONG,59969.9,59634.3,-0.005596140730599775,-0.006996140730599775,-38.24822953764875,5428.798676817214,30m
2026-07-02 00:45:00+00:00,2026-07-02 00:50:00+00:00,2026-07-02 01:15:00+00:00,LONG,59779.6,59973.7,0.0032469270453465704,0.0018469270453465704,10.026595099955388,5438.82527191717,30m
2026-07-02 07:40:00+00:00,2026-07-02 07:45:00+00:00,2026-07-02 08:10:00+00:00,LONG,60126.6,60309.7,0.00304524120771843,0.0016452412077184299,8.948179458938522,5447.773451376108,30m
2026-07-02 13:25:00+00:00,2026-07-02 13:30:00+00:00,2026-07-02 13:55:00+00:00,SHORT,61709.4,61941.3,-0.0037438671774728816,-0.005143867177472882,-28.02262304684172,5419.750828329266,30m
2026-07-03 10:45:00+00:00,2026-07-03 10:50:00+00:00,2026-07-03 11:15:00+00:00,SHORT,61973.0,61951.6,0.0003454309493218233,-0.0010545690506781767,-5.715501485943456,5414.035326843323,30m
2026-07-04 00:10:00+00:00,2026-07-04 00:15:00+00:00,2026-07-04 00:40:00+00:00,SHORT,62823.9,62717.1,0.0017028848591533752,0.0003028848591533752,1.6398293274223374,5415.675156170745,30m
2026-07-04 16:05:00+00:00,2026-07-04 16:10:00+00:00,2026-07-04 16:35:00+00:00,SHORT,62893.9,62948.6,-0.0008689629316616099,-0.00226896293166161,-12.287966179272122,5403.387189991473,30m
2026-07-04 23:15:00+00:00,2026-07-04 23:20:00+00:00,2026-07-04 23:45:00+00:00,LONG,63039.0,63213.7,0.0027713003061595742,0.0013713003061595742,7.409666507934029,5410.796856499407,30m
2026-07-06 05:35:00+00:00,2026-07-06 05:40:00+00:00,2026-07-06 06:05:00+00:00,LONG,63113.4,63116.2,4.436458818557476e-05,-0.0013556354118144252,-7.335067824804772,5403.461788674603,30m
2026-07-06 21:10:00+00:00,2026-07-06 21:15:00+00:00,2026-07-06 21:40:00+00:00,SHORT,64314.9,64226.7,0.0013732606532796954,-2.673934672030461e-05,-0.14448503825728753,5403.317303636345,30m
2026-07-07 12:15:00+00:00,2026-07-07 12:20:00+00:00,2026-07-07 12:45:00+00:00,SHORT,63699.3,63475.1,0.0035320936871310327,0.0021320936871310325,11.520378712648924,5414.837682348994,30m
2026-07-08 02:35:00+00:00,2026-07-08 02:40:00+00:00,2026-07-08 03:05:00+00:00,LONG,62761.1,63022.8,0.00416978032571147,0.0027697803257114694,14.997910879491336,5429.835593228486,30m
2026-07-09 07:20:00+00:00,2026-07-09 07:25:00+00:00,2026-07-09 07:50:00+00:00,SHORT,62865.3,63120.1,-0.004036748991208761,-0.005436748991208761,-29.520653183914394,5400.314940044572,30m
2026-07-12 00:00:00+00:00,2026-07-12 00:05:00+00:00,2026-07-12 00:30:00+00:00,LONG,63893.6,63810.9,-0.0012943393391512403,-0.0026943393391512405,-14.550280986768263,5385.764659057803,30m
2026-07-12 22:20:00+00:00,2026-07-12 22:25:00+00:00,2026-07-12 22:50:00+00:00,LONG,63846.9,63820.3,-0.00041662163707245625,-0.0018166216370724562,-9.783896611824566,5375.980762445979,30m
2026-07-13 00:15:00+00:00,2026-07-13 00:20:00+00:00,2026-07-13 00:45:00+00:00,SHORT,64234.9,63913.4,0.0050302440489786715,0.0036302440489786713,19.516122170293336,5395.496884616273,30m
2026-07-13 09:00:00+00:00,2026-07-13 09:05:00+00:00,2026-07-13 09:30:00+00:00,SHORT,63177.6,63120.7,0.0009014475441495584,-0.0004985524558504416,-2.6899382223588493,5392.806946393914,30m
2026-07-13 13:30:00+00:00,2026-07-13 13:35:00+00:00,2026-07-13 14:00:00+00:00,LONG,62713.7,62294.0,-0.006692317627567723,-0.008092317627567723,-43.64030671437313,5349.166639679541,30m
2026-07-14 12:25:00+00:00,2026-07-14 12:30:00+00:00,2026-07-14 12:55:00+00:00,SHORT,62961.5,63964.6,-0.015682111668016363,-0.01708211166801636,-91.37506186983376,5257.791577809707,30m
2026-07-14 21:40:00+00:00,2026-07-14 21:45:00+00:00,2026-07-14 22:10:00+00:00,SHORT,64742.4,64546.9,0.00302880541125905,0.0016288054112590501,8.563919373208709,5266.355497182915,30m
2026-07-15 06:15:00+00:00,2026-07-15 06:20:00+00:00,2026-07-15 06:45:00+00:00,SHORT,65008.3,64972.3,0.0005540822781400223,-0.0008459177218599777,-4.454903444681742,5261.9005937382335,30m
2026-07-18 12:20:00+00:00,2026-07-18 12:25:00+00:00,2026-07-18 12:50:00+00:00,SHORT,64081.2,64207.8,-0.0019717230616841386,-0.0033717230616841388,-17.741671580196666,5244.158922158037,30m
2026-07-18 17:20:00+00:00,2026-07-18 17:25:00+00:00,2026-07-18 17:50:00+00:00,SHORT,64301.7,64461.5,-0.002478999092481615,-0.0038789990924816154,-20.34208769988039,5223.816834458156,30m
2026-07-19 02:15:00+00:00,2026-07-19 02:20:00+00:00,2026-07-19 02:45:00+00:00,SHORT,64828.7,64847.5,-0.0002899109449092663,-0.0016899109449092663,-8.827785242752116,5214.9890492154045,30m
2026-07-19 10:00:00+00:00,2026-07-19 10:05:00+00:00,2026-07-19 10:30:00+00:00,LONG,64564.9,64649.0,0.0013025653257419112,-9.743467425808879e-05,-0.5081207592698032,5214.480928456134,30m
2026-07-19 12:20:00+00:00,2026-07-19 12:25:00+00:00,2026-07-19 12:50:00+00:00,LONG,64433.0,64421.0,-0.0001862399702016182,-0.0015862399702016182,-8.271418072571164,5206.209510383563,30m
2026-07-19 22:30:00+00:00,2026-07-19 22:35:00+00:00,2026-07-19 23:00:00+00:00,SHORT,64753.2,64617.0,0.0021078044477458313,0.0007078044477458313,3.6849782473461326,5209.894488630909,30m
2026-07-20 05:15:00+00:00,2026-07-20 05:20:00+00:00,2026-07-20 05:45:00+00:00,LONG,64371.6,64172.9,-0.0030867649708877787,-0.004486764970887779,-23.37557209361046,5186.5189165372985,30m
2026-07-20 12:00:00+00:00,2026-07-20 12:05:00+00:00,2026-07-20 12:30:00+00:00,SHORT,64806.6,64717.3,0.0013798474287400886,-2.0152571259911397e-05,-0.10452169205639636,5186.414394845242,30m
2026-07-21 01:10:00+00:00,2026-07-21 01:15:00+00:00,2026-07-21 01:40:00+00:00,SHORT,65550.0,65348.5,0.003083467868428613,0.0016834678684286132,8.731161986077595,5195.1455568313195,30m
2026-07-21 04:05:00+00:00,2026-07-21 04:10:00+00:00,2026-07-21 04:35:00+00:00,SHORT,65663.8,65540.1,0.0018873941297006258,0.0004873941297006258,2.532083447339874,5197.677640278659,30m
2026-07-21 05:50:00+00:00,2026-07-21 05:55:00+00:00,2026-07-21 06:20:00+00:00,SHORT,65757.7,65806.9,-0.0007476419645964238,-0.002147641964596424,-11.162750618706966,5186.514889659952,30m
2026-07-21 14:15:00+00:00,2026-07-21 14:20:00+00:00,2026-07-21 14:45:00+00:00,SHORT,66851.3,66841.9,0.00014063035311706606,-0.001259369646882934,-6.531739425144133,5179.983150234808,30m
2026-07-22 00:15:00+00:00,2026-07-22 00:20:00+00:00,2026-07-22 00:45:00+00:00,SHORT,66633.5,66711.2,-0.0011647219657268115,-0.0025647219657268117,-13.28521656750198,5166.697933667306,30m
2026-07-22 06:10:00+00:00,2026-07-22 06:15:00+00:00,2026-07-22 06:40:00+00:00,LONG,65986.0,65957.9,-0.00042584790713184884,-0.0018258479071318488,-9.433604608968897,5157.264329058336,30m
2026-07-22 07:40:00+00:00,2026-07-22 07:45:00+00:00,2026-07-22 08:10:00+00:00,LONG,65778.9,66034.0,0.0038781432951904282,0.002478143295190428,12.780440018580677,5170.044769076917,30m
2026-07-23 00:10:00+00:00,2026-07-23 00:15:00+00:00,2026-07-23 00:40:00+00:00,SHORT,66196.2,66158.7,0.0005668188764289539,-0.0008331811235710461,-4.307583709612115,5165.737185367305,30m
2026-07-23 01:40:00+00:00,2026-07-23 01:45:00+00:00,2026-07-23 02:10:00+00:00,LONG,65780.8,65737.9,-0.0006521659815631464,-0.0020521659815631466,-10.600950121506541,5155.136235245798,30m
2026-07-23 12:50:00+00:00,2026-07-23 12:55:00+00:00,2026-07-23 13:20:00+00:00,LONG,65231.2,65058.8,-0.0026429070751419204,-0.0040429070751419206,-20.841736758795722,5134.294498487003,30m
2026-07-24 03:50:00+00:00,2026-07-24 03:55:00+00:00,2026-07-24 04:20:00+00:00,SHORT,65420.8,65414.1,0.00010242440085561633,-0.0012975755991443837,-6.662135260057985,5127.632363226945,30m
2026-07-24 09:35:00+00:00,2026-07-24 09:40:00+00:00,2026-07-24 10:05:00+00:00,LONG,65036.8,65046.3,0.00014607114741194138,-0.0012539288525880586,-6.429686165714559,5121.20267706123,30m
2026-07-24 13:40:00+00:00,2026-07-24 13:45:00+00:00,2026-07-24 14:10:00+00:00,LONG,64410.6,63982.1,-0.006652631709687551,-0.008052631709687551,-41.239159069040035,5079.96351799219,30m
2026-07-25 01:20:00+00:00,2026-07-25 01:25:00+00:00,2026-07-25 01:50:00+00:00,LONG,64015.1,64090.7,0.0011809713645687392,-0.0002190286354312608,-1.1126574773864164,5078.850860514804,30m
2026-07-26 00:30:00+00:00,2026-07-26 00:35:00+00:00,2026-07-26 01:00:00+00:00,SHORT,64459.5,64484.2,-0.00038303956628127356,-0.0017830395662812735,-9.055792035539588,5069.795068479264,30m
2026-07-26 09:05:00+00:00,2026-07-26 09:10:00+00:00,2026-07-26 09:35:00+00:00,SHORT,64499.2,64538.0,-0.0006011961944900612,-0.0020011961944900614,-10.145654597885184,5059.649413881379,30m
2026-07-26 12:15:00+00:00,2026-07-26 12:20:00+00:00,2026-07-26 12:45:00+00:00,SHORT,64546.8,64466.4,0.0012471613119393599,-0.00015283868806064012,-0.7733101784644166,5058.876103702914,30m
2026-07-26 21:35:00+00:00,2026-07-26 21:40:00+00:00,2026-07-26 22:05:00+00:00,SHORT,64809.9,65203.4,-0.006034961367045288,-0.007434961367045289,-37.61254839169976,5021.263555311215,30m
2026-07-27 13:50:00+00:00,2026-07-27 13:55:00+00:00,2026-07-27 14:20:00+00:00,SHORT,65435.7,65060.4,0.0057684858992566035,0.004368485899256603,21.935319037828123,5043.198874349043,30m
2026-07-30 11:55:00+00:00,2026-07-30 12:00:00+00:00,2026-07-30 12:25:00+00:00,SHORT,64795.1,64877.9,-0.0012762435282276385,-0.0026762435282276387,-13.496828349041538,5029.702046000001,30m
2026-07-30 13:50:00+00:00,2026-07-30 13:55:00+00:00,2026-07-30 14:20:00+00:00,SHORT,65007.5,64764.0,0.003759804829843727,0.002359804829843727,11.869115180825677,5041.5711611808265,30m
2026-07-30 23:40:00+00:00,2026-07-30 23:45:00+00:00,2026-07-31 00:10:00+00:00,SHORT,64821.1,64822.3,-1.8512147825777703e-05,-0.0014185121478257777,-7.151529936263114,5034.419631244564,30m
2026-07-31 01:10:00+00:00,2026-07-31 01:15:00+00:00,2026-07-31 01:40:00+00:00,SHORT,65191.4,64830.0,0.005574579669905821,0.004174579669905821,21.01658584236832,5055.436217086932,30m
2026-07-31 07:05:00+00:00,2026-07-31 07:10:00+00:00,2026-07-31 07:35:00+00:00,LONG,64125.1,63994.4,-0.0020382034491953638,-0.003438203449195364,-17.381618238775452,5038.054598848156,30m
2026-07-31 07:45:00+00:00,2026-07-31 07:50:00+00:00,2026-07-31 08:15:00+00:00,LONG,63974.3,63896.3,-0.0012192396009022,-0.0026192396009022,-13.19587211681054,5024.858726731346,30m
2026-07-31 10:05:00+00:00,2026-07-31 10:10:00+00:00,2026-07-31 10:35:00+00:00,LONG,63707.6,63857.7,0.0023560768259986986,0.0009560768259986986,4.804150982545168,5029.662877713891,30m
2026-07-31 18:10:00+00:00,2026-07-31 18:15:00+00:00,2026-07-31 18:40:00+00:00,SHORT,63156.3,63039.6,0.0018512173300593293,0.00045121733005932933,2.269471054780585,5031.932348768672,30m
2026-08-02 01:15:00+00:00,2026-08-02 01:20:00+00:00,2026-08-02 01:45:00+00:00,SHORT,63000.1,62990.3,0.00015557950986089253,-0.0012444204901391075,-6.26183971980154,5025.67050904887,30m
2026-08-02 18:45:00+00:00,2026-08-02 18:50:00+00:00,2026-08-02 19:15:00+00:00,SHORT,63417.6,63360.1,0.0009075111939533809,-0.0004924888060466191,-2.4750864685851828,5023.195422580286,30m
2026-08-03 08:10:00+00:00,2026-08-03 08:15:00+00:00,2026-08-03 08:40:00+00:00,LONG,62572.2,62437.9,-0.002146320570476923,-0.003546320570476923,-17.813861256621987,5005.381561323664,30m
2026-08-04 12:40:00+00:00,2026-08-04 12:45:00+00:00,2026-08-04 13:10:00+00:00,SHORT,63958.9,63943.8,0.00023614486470924234,-0.0011638551352907576,-5.8255390342362166,4999.556022289427,30m
2026-08-05 02:15:00+00:00,2026-08-05 02:20:00+00:00,2026-08-05 02:45:00+00:00,SHORT,64360.2,64435.3,-0.0011655102094659808,-0.002565510209465981,-12.826412017980656,4986.729610271446,30m
2026-08-05 07:45:00+00:00,2026-08-05 07:50:00+00:00,2026-08-05 08:15:00+00:00,LONG,64053.4,64197.5,0.0022496854187288307,0.0008496854187288307,4.237151436990953,4990.966761708437,30m
2026-08-06 15:10:00+00:00,2026-08-06 15:15:00+00:00,2026-08-06 15:40:00+00:00,SHORT,64851.1,64750.0,0.0015613899613899918,0.00016138996138999177,0.8054919329708569,4991.772253641408,30m
2026-08-07 11:10:00+00:00,2026-08-07 11:15:00+00:00,2026-08-07 11:40:00+00:00,SHORT,64964.1,65024.2,-0.0009242712713112278,-0.002324271271311228,-11.602232842067227,4980.17002079934,30m
2026-08-07 17:35:00+00:00,2026-08-07 17:40:00+00:00,2026-08-07 18:05:00+00:00,LONG,64674.3,64865.6,0.0029578982687095134,0.0015578982687095135,7.7585982532823135,4987.928619052622,30m
2026-08-08 11:50:00+00:00,2026-08-08 11:55:00+00:00,2026-08-08 12:20:00+00:00,LONG,64964.7,64984.9,0.0003109380940726769,-0.001089061905927323,-5.432163048494889,4982.496456004127,30m
2026-08-09 01:30:00+00:00,2026-08-09 01:35:00+00:00,2026-08-09 02:00:00+00:00,LONG,64883.1,64858.2,-0.00038376711347021253,-0.0017837671134702125,-8.887613321202046,4973.608842682925,30m
2026-08-09 02:50:00+00:00,2026-08-09 02:55:00+00:00,2026-08-09 03:20:00+00:00,LONG,64808.7,64787.9,-0.0003209445645414588,-0.0017209445645414588,-8.559305103970514,4965.049537578954,30m
2026-08-09 06:55:00+00:00,2026-08-09 07:00:00+00:00,2026-08-09 07:25:00+00:00,SHORT,64851.6,64840.1,0.00017735938100038595,-0.001222640618999614,-6.07047123998928,4958.979066338965,30m
2026-08-09 10:30:00+00:00,2026-08-09 10:35:00+00:00,2026-08-09 11:00:00+00:00,SHORT,64938.3,64961.6,-0.00035867343168882737,-0.0017586734316888274,-8.721224732271404,4950.257841606694,30m
2026-08-09 11:40:00+00:00,2026-08-09 11:45:00+00:00,2026-08-09 12:10:00+00:00,SHORT,64984.3,64940.8,0.0006698408396570432,-0.0007301591603429568,-3.614476109108681,4946.643365497584,30m
2026-08-09 20:15:00+00:00,2026-08-09 20:20:00+00:00,2026-08-09 20:45:00+00:00,LONG,65117.2,65137.2,0.00030713851332664355,-0.0010928614866733564,-5.405996022460585,4941.237369475124,30m
2026-08-09 21:40:00+00:00,2026-08-09 21:45:00+00:00,2026-08-09 22:10:00+00:00,SHORT,65227.9,65420.4,-0.0029425072301606514,-0.004342507230160652,-21.457359002885724,4919.780010472238,30m
2026-08-09 22:15:00+00:00,2026-08-09 22:20:00+00:00,2026-08-09 22:45:00+00:00,SHORT,65321.7,65016.6,0.00469264772381206,0.00329264772381206,16.19910245313749,4935.979112925375,30m
2026-08-10 07:35:00+00:00,2026-08-10 07:40:00+00:00,2026-08-10 08:05:00+00:00,SHORT,65320.6,65270.2,0.000772174744370302,-0.000627825255629698,-3.098932348355224,4932.88018057702,30m
2026-08-10 10:00:00+00:00,2026-08-10 10:05:00+00:00,2026-08-10 10:30:00+00:00,LONG,65046.5,65033.8,-0.00019524494015810134,-0.0015952449401581013,-7.869152148471672,4925.011028428548,30m
2026-08-11 06:35:00+00:00,2026-08-11 06:40:00+00:00,2026-08-11 07:05:00+00:00,LONG,63971.3,63988.8,0.00027356017464086335,-0.0011264398253591366,-5.547728562754876,4919.4632998657935,30m
2026-08-11 13:40:00+00:00,2026-08-11 13:45:00+00:00,2026-08-11 14:10:00+00:00,LONG,64176.1,64223.9,0.0007448255659039393,-0.0006551744340960607,-3.2231065835459103,4916.240193282248,30m
2026-08-11 14:25:00+00:00,2026-08-11 14:30:00+00:00,2026-08-11 14:55:00+00:00,LONG,64030.0,63770.1,-0.004059034827424646,-0.005459034827424646,-26.837926435112664,4889.402266847135,30m
2026-08-12 01:50:00+00:00,2026-08-12 01:55:00+00:00,2026-08-12 02:20:00+00:00,SHORT,63839.8,63815.8,0.00037608241219255767,-0.0010239175878074423,-5.006344974890359,4884.395921872245,30m
2026-08-12 12:30:00+00:00,2026-08-12 12:35:00+00:00,2026-08-12 13:00:00+00:00,SHORT,64253.3,64065.0,0.002939202372590488,0.0015392023725904881,7.518073791617064,4891.913995663862,30m
2026-08-12 15:00:00+00:00,2026-08-12 15:05:00+00:00,2026-08-12 15:30:00+00:00,LONG,63462.3,63470.5,0.0001292105706851565,-0.0012707894293148435,-6.216592594806975,4885.697403069055,30m
2026-08-13 09:15:00+00:00,2026-08-13 09:20:00+00:00,2026-08-13 09:45:00+00:00,LONG,63668.5,63719.9,0.0008073065958833503,-0.0005926934041166497,-2.8957206253088734,4882.801682443746,30m
2026-08-13 11:35:00+00:00,2026-08-13 11:40:00+00:00,2026-08-13 12:05:00+00:00,LONG,63465.0,63541.5,0.0012053887969747379,-0.0001946112030252621,-0.9502479095541513,4881.851434534192,30m
2026-08-14 06:30:00+00:00,2026-08-14 06:35:00+00:00,2026-08-14 07:00:00+00:00,LONG,63215.3,63035.0,-0.0028521576263974557,-0.004252157626397456,-20.758401808293925,4861.0930327258975,30m
2026-08-14 07:40:00+00:00,2026-08-14 07:45:00+00:00,2026-08-14 08:10:00+00:00,LONG,63029.0,62911.9,-0.0018578749464531752,-0.0032578749464531754,-15.836833203695788,4845.256199522201,30m
2026-08-15 02:50:00+00:00,2026-08-15 02:55:00+00:00,2026-08-15 03:20:00+00:00,SHORT,63128.0,63111.3,0.0002646118840841094,-0.0011353881159158906,-5.5012463075053,4839.754953214696,30m
2026-08-16 13:35:00+00:00,2026-08-16 13:40:00+00:00,2026-08-16 14:05:00+00:00,SHORT,63056.5,63058.5,-3.171658063538807e-05,-0.001431716580635388,-6.929157412729727,4832.825795801966,30m
2026-08-16 14:25:00+00:00,2026-08-16 14:30:00+00:00,2026-08-16 14:55:00+00:00,SHORT,63072.0,63099.9,-0.00044215600975594516,-0.0018421560097559451,-8.90281908384015,4823.922976718126,30m
2026-08-16 15:40:00+00:00,2026-08-16 15:45:00+00:00,2026-08-16 16:10:00+00:00,SHORT,63116.8,63211.8,-0.0015028839552109208,-0.002902883955210921,-14.003288610288353,4809.919688107838,30m
2026-08-16 20:50:00+00:00,2026-08-16 20:55:00+00:00,2026-08-16 21:20:00+00:00,LONG,63074.7,63042.3,-0.0005136766405546833,-0.0019136766405546833,-9.204630950076037,4800.715057157762,30m
2026-08-16 21:45:00+00:00,2026-08-16 21:50:00+00:00,2026-08-16 22:15:00+00:00,LONG,62970.9,62911.3,-0.0009464689245349822,-0.0023464689245349824,-11.264728697167872,4789.450328460594,30m
2026-08-18 01:55:00+00:00,2026-08-18 02:00:00+00:00,2026-08-18 02:25:00+00:00,LONG,64200.0,64157.7,-0.000658878504672944,-0.002058878504672944,-9.86089633046629,4779.589432130128,30m
2026-08-18 13:30:00+00:00,2026-08-18 13:35:00+00:00,2026-08-18 14:00:00+00:00,LONG,64110.1,64376.3,0.0041522318636222355,0.0027522318636222353,13.154538330140644,4792.743970460269,30m
2026-08-18 14:30:00+00:00,2026-08-18 14:35:00+00:00,2026-08-18 15:00:00+00:00,SHORT,64813.5,64794.1,0.00029940997714295037,-0.0011005900228570496,-5.2748461959968544,4787.469124264272,30m
2026-08-18 23:45:00+00:00,2026-08-18 23:50:00+00:00,2026-08-19 00:15:00+00:00,SHORT,64762.4,64596.2,0.0025729067654134408,0.0011729067654134408,5.615254925057525,4793.084379189329,30m
2026-08-19 01:05:00+00:00,2026-08-19 01:10:00+00:00,2026-08-19 01:35:00+00:00,LONG,64548.3,64469.3,-0.0012238897073973964,-0.0026238897073973966,-12.576524769242122,4780.507854420087,30m
2026-08-19 02:10:00+00:00,2026-08-19 02:15:00+00:00,2026-08-19 02:40:00+00:00,LONG,64401.2,64391.5,-0.0001506183114600157,-0.0015506183114600157,-7.412743017142217,4773.095111402945,30m
2026-08-19 12:50:00+00:00,2026-08-19 12:55:00+00:00,2026-08-19 13:20:00+00:00,SHORT,64839.2,64992.9,-0.0023648737015889987,-0.003764873701588999,-17.970100260103962,4755.125011142841,30m
2026-08-19 13:35:00+00:00,2026-08-19 13:40:00+00:00,2026-08-19 14:05:00+00:00,SHORT,64827.7,65391.3,-0.008618883551787526,-0.010018883551787526,-47.64104376083249,4707.483967382008,30m
2026-08-19 20:55:00+00:00,2026-08-19 21:00:00+00:00,2026-08-19 21:25:00+00:00,SHORT,69055.0,69645.6,-0.008480076271867976,-0.009880076271867976,-46.510300646329895,4660.973666735678,30m
2026-08-20 07:10:00+00:00,2026-08-20 07:15:00+00:00,2026-08-20 07:40:00+00:00,SHORT,69800.1,69611.8,0.0027050011635958437,0.0013050011635958438,6.0825760585796464,4667.056242794258,30m
2026-08-21 07:20:00+00:00,2026-08-21 07:25:00+00:00,2026-08-21 07:50:00+00:00,SHORT,76250.0,76313.5,-0.0008320939283350537,-0.002232093928335054,-10.417307902739271,4656.638934891518,30m
2026-08-21 09:00:00+00:00,2026-08-21 09:05:00+00:00,2026-08-21 09:30:00+00:00,SHORT,77851.6,77913.8,-0.0007983181413304674,-0.0021983181413304676,-10.23677384819781,4646.40216104332,30m
2026-08-22 10:25:00+00:00,2026-08-22 10:30:00+00:00,2026-08-22 10:55:00+00:00,LONG,76944.0,76970.3,0.00034180702848818356,-0.0010581929715118164,-4.916790109633356,4641.485370933687,30m
2026-08-23 05:20:00+00:00,2026-08-23 05:25:00+00:00,2026-08-23 05:50:00+00:00,LONG,76284.2,76153.0,-0.0017198843272918651,-0.0031198843272918653,-14.480897464130479,4627.004473469557,30m
2026-08-23 11:25:00+00:00,2026-08-23 11:30:00+00:00,2026-08-23 11:55:00+00:00,SHORT,77160.4,77308.9,-0.0019208655148372777,-0.003320865514837278,-15.365659592942867,4611.638813876613,30m
2026-08-23 13:25:00+00:00,2026-08-23 13:30:00+00:00,2026-08-23 13:55:00+00:00,SHORT,77439.1,77486.8,-0.0006155887196270804,-0.0020155887196270806,-9.295167172244112,4602.343646704369,30m
2026-08-23 21:35:00+00:00,2026-08-23 21:40:00+00:00,2026-08-23 22:05:00+00:00,SHORT,77640.1,77736.3,-0.0012375170930439827,-0.002637517093043983,-12.138760036245152,4590.204886668124,30m
2026-08-27 08:45:00+00:00,2026-08-27 08:50:00+00:00,2026-08-27 09:15:00+00:00,SHORT,79798.5,79998.9,-0.002505034444223564,-0.003905034444223564,-17.92490818848235,4572.279978479642,30m
2026-08-28 01:35:00+00:00,2026-08-28 01:40:00+00:00,2026-08-28 02:05:00+00:00,SHORT,80932.5,80431.0,0.006235158085812653,0.004835158085812653,22.107696508545143,4594.3876749881865,30m
2026-08-28 14:15:00+00:00,2026-08-28 14:20:00+00:00,2026-08-28 14:45:00+00:00,LONG,78884.5,79176.5,0.003701614385589025,0.0023016143855890247,10.574508765725723,4604.9621837539125,30m
2026-08-30 12:15:00+00:00,2026-08-30 12:20:00+00:00,2026-08-30 12:45:00+00:00,SHORT,78517.8,78615.8,-0.0012465687558989025,-0.0026465687558989027,-12.187349037619086,4592.774834716293,30m
2026-08-30 13:50:00+00:00,2026-08-30 13:55:00+00:00,2026-08-30 14:20:00+00:00,SHORT,78899.5,78842.5,0.0007229603323080092,-0.0006770396676919908,-3.109490747880457,4589.665343968413,30m
2026-08-30 20:45:00+00:00,2026-08-30 20:50:00+00:00,2026-08-30 21:15:00+00:00,LONG,78674.7,78604.8,-0.0008884685928258751,-0.0022884685928258753,-10.503304991253081,4579.162038977161,30m
2026-08-31 05:25:00+00:00,2026-08-31 05:30:00+00:00,2026-08-31 05:55:00+00:00,SHORT,78006.1,78011.0,-6.281165476651474e-05,-0.0014628116547665147,-6.698451599680188,4572.4635873774805,30m
2026-09-01 18:45:00+00:00,2026-09-01 18:50:00+00:00,2026-09-01 19:15:00+00:00,LONG,76781.8,77223.1,0.00574745577728053,0.00434745577728053,19.878583239349084,4592.342170616829,30m
2026-09-02 09:45:00+00:00,2026-09-02 09:50:00+00:00,2026-09-02 10:15:00+00:00,LONG,76670.0,76694.7,0.00032215990609096856,-0.0010778400939090314,-4.949810516440048,4587.392360100389,30m
2026-09-03 05:30:00+00:00,2026-09-03 05:35:00+00:00,2026-09-03 06:00:00+00:00,LONG,77336.5,77727.9,0.005060999657341636,0.003660999657341636,16.794441858419162,4604.186801958808,30m
2026-09-03 07:05:00+00:00,2026-09-03 07:10:00+00:00,2026-09-03 07:35:00+00:00,SHORT,77996.1,77976.3,0.00025392330746654146,-0.0011460766925334585,-5.276751181795153,4598.910050777013,30m
2026-09-03 12:15:00+00:00,2026-09-03 12:20:00+00:00,2026-09-03 12:45:00+00:00,SHORT,77992.7,78357.0,-0.004649233635795169,-0.006049233635795169,-27.819881367156775,4571.090169409856,30m
2026-09-03 13:50:00+00:00,2026-09-03 13:55:00+00:00,2026-09-03 14:20:00+00:00,SHORT,78782.7,79373.7,-0.007445791238155697,-0.008845791238155697,-40.434909369385345,4530.65526004047,30m
2026-09-04 04:30:00+00:00,2026-09-04 04:35:00+00:00,2026-09-04 05:00:00+00:00,SHORT,81183.2,80996.5,0.0023050378720068654,0.0009050378720068654,4.1004145953437385,4534.755674635814,30m
2026-09-05 16:55:00+00:00,2026-09-05 17:00:00+00:00,2026-09-05 17:25:00+00:00,SHORT,80041.1,80034.6,8.121487456680399e-05,-0.001318785125433196,-5.98036833118349,4528.77530630463,30m
2026-09-07 14:10:00+00:00,2026-09-07 14:15:00+00:00,2026-09-07 14:40:00+00:00,LONG,79180.0,79036.9,-0.0018072745642839783,-0.0032072745642839785,-14.525025847268225,4514.250280457362,30m
2026-09-07 19:50:00+00:00,2026-09-07 19:55:00+00:00,2026-09-07 20:20:00+00:00,SHORT,79363.5,79216.5,0.001855674007309016,0.0004556740073090161,2.0570265152918563,4516.307306972654,30m
2026-09-08 06:55:00+00:00,2026-09-08 07:00:00+00:00,2026-09-08 07:25:00+00:00,LONG,78323.5,78464.1,0.0017951189617420038,0.0003951189617420038,1.7844786540388604,4518.091785626693,30m
2026-09-09 00:55:00+00:00,2026-09-09 01:00:00+00:00,2026-09-09 01:25:00+00:00,SHORT,78773.4,78731.2,0.0005360009754709072,-0.0008639990245290928,-3.9036268955143703,4514.188158731179,30m
2026-09-09 04:05:00+00:00,2026-09-09 04:10:00+00:00,2026-09-09 04:35:00+00:00,SHORT,78782.2,78927.6,-0.0018421946188660332,-0.0032421946188660334,-14.635876556786997,4499.5522821743925,30m
2026-09-09 04:45:00+00:00,2026-09-09 04:50:00+00:00,2026-09-09 05:15:00+00:00,SHORT,79128.3,79312.2,-0.002318684893370726,-0.0037186848933707262,-16.732417098653688,4482.819865075739,30m
2026-09-09 08:10:00+00:00,2026-09-09 08:15:00+00:00,2026-09-09 08:40:00+00:00,SHORT,79408.8,79647.0,-0.002990696448077146,-0.004390696448077146,-19.682701258957717,4463.137163816781,30m
2026-09-09 13:35:00+00:00,2026-09-09 13:40:00+00:00,2026-09-09 14:05:00+00:00,SHORT,79336.1,78985.3,0.00444133275432268,0.0030413327543226797,13.573885243350803,4476.711049060132,30m
2026-09-09 20:30:00+00:00,2026-09-09 20:35:00+00:00,2026-09-09 21:00:00+00:00,LONG,78243.0,78320.0,0.000984113594826308,-0.000415886405173692,-1.8618032651949656,4474.849245794937,30m
2026-09-10 23:15:00+00:00,2026-09-10 23:20:00+00:00,2026-09-10 23:45:00+00:00,LONG,76663.5,76709.6,0.0006013291853359526,-0.0007986708146640474,-3.5739314926378403,4471.275314302299,30m
2026-09-11 06:15:00+00:00,2026-09-11 06:20:00+00:00,2026-09-11 06:45:00+00:00,SHORT,77314.2,77291.6,0.00029239917403689475,-0.0011076008259631052,-4.952388231229669,4466.32292607107,30m
2026-09-13 07:00:00+00:00,2026-09-13 07:05:00+00:00,2026-09-13 07:30:00+00:00,LONG,77157.1,77143.6,-0.00017496769577918236,-0.0015749676957791823,-7.034314327479888,4459.28861174359,30m
2026-09-14 09:55:00+00:00,2026-09-14 10:00:00+00:00,2026-09-14 10:25:00+00:00,SHORT,78147.6,77977.9,0.0021762576319701576,0.0007762576319701577,3.461556818023571,4462.7501685616135,30m
2026-09-14 13:50:00+00:00,2026-09-14 13:55:00+00:00,2026-09-14 14:20:00+00:00,SHORT,78226.8,78291.5,-0.0008263987789223215,-0.0022263987789223217,-9.935861525920961,4452.814307035693,30m
2026-09-14 22:25:00+00:00,2026-09-14 22:30:00+00:00,2026-09-14 22:55:00+00:00,LONG,78587.4,78557.6,-0.0003791956471391744,-0.0017791956471391744,-7.922427832596944,4444.891879203095,30m
2026-09-15 01:15:00+00:00,2026-09-15 01:20:00+00:00,2026-09-15 01:45:00+00:00,LONG,77877.0,78069.1,0.0024667103252564715,0.0010667103252564715,4.741412062194582,4449.63329126529,30m
2026-09-15 08:30:00+00:00,2026-09-15 08:35:00+00:00,2026-09-15 09:00:00+00:00,LONG,76881.8,76945.5,0.0008285445970306338,-0.0005714554029693662,-2.5427669855259136,4447.0905242797635,30m
2026-09-15 13:40:00+00:00,2026-09-15 13:45:00+00:00,2026-09-15 14:10:00+00:00,LONG,76433.9,76406.9,-0.0003532463998304758,-0.0017532463998304758,-7.796845451413718,4439.29367882835,30m
2026-09-15 14:50:00+00:00,2026-09-15 14:55:00+00:00,2026-09-15 15:20:00+00:00,LONG,75919.0,76366.7,0.005897074513626421,0.004497074513626421,19.963834461561845,4459.257513289911,30m
2026-09-15 18:50:00+00:00,2026-09-15 18:55:00+00:00,2026-09-15 19:20:00+00:00,LONG,75877.3,76124.8,0.0032618451104611257,0.0018618451104611257,8.302446797405858,4467.5599600873165,30m
2026-09-16 11:45:00+00:00,2026-09-16 11:50:00+00:00,2026-09-16 12:15:00+00:00,SHORT,76229.8,76103.3,0.0016622143849216453,0.0002622143849216453,1.171458487034866,4468.731418574352,30m
2026-09-17 13:40:00+00:00,2026-09-17 13:45:00+00:00,2026-09-17 14:10:00+00:00,LONG,76154.9,76957.3,0.010536419849543677,0.009136419849543677,40.82820643494218,4509.559625009294,30m
2026-09-17 22:30:00+00:00,2026-09-17 22:35:00+00:00,2026-09-17 23:00:00+00:00,LONG,76311.8,76466.3,0.002024588595734844,0.0006245885957348442,2.8166195135671055,4512.376244522861,30m
2026-09-19 01:00:00+00:00,2026-09-19 01:05:00+00:00,2026-09-19 01:30:00+00:00,SHORT,81493.3,81111.1,0.004712055440007523,0.003312055440007523,14.94524028803266,4527.321484810894,30m
2026-09-19 04:40:00+00:00,2026-09-19 04:45:00+00:00,2026-09-19 05:10:00+00:00,LONG,80979.4,81061.4,0.0010126032052595324,-0.0003873967947404676,-1.7538698319753947,4525.567614978919,30m
2026-09-19 15:45:00+00:00,2026-09-19 15:50:00+00:00,2026-09-19 16:15:00+00:00,SHORT,81690.5,81818.1,-0.0015595571151126864,-0.0029595571151126866,-13.39367583483441,4512.173939144084,30m
2026-09-21 00:30:00+00:00,2026-09-21 00:35:00+00:00,2026-09-21 01:00:00+00:00,SHORT,81639.3,81619.6,0.00024136359403859053,-0.0011586364059614095,-5.227968995922637,4506.945970148162,30m
2026-09-21 19:35:00+00:00,2026-09-21 19:40:00+00:00,2026-09-21 20:05:00+00:00,SHORT,86600.4,86709.1,-0.001253616979071559,-0.002653616979071559,-11.959708350143304,4494.986261798019,30m
2026-09-21 20:30:00+00:00,2026-09-21 20:35:00+00:00,2026-09-21 21:00:00+00:00,SHORT,87025.3,86747.1,0.003207023635372286,0.0018070236353722859,8.122546415742738,4503.108808213761,30m
2026-09-22 01:05:00+00:00,2026-09-22 01:10:00+00:00,2026-09-22 01:35:00+00:00,LONG,85908.6,85669.9,-0.0027785343958580677,-0.004178534395858068,-18.816395043412633,4484.2924131703485,30m
2026-09-23 04:25:00+00:00,2026-09-23 04:30:00+00:00,2026-09-23 04:55:00+00:00,SHORT,87015.1,87169.8,-0.0017746972001770889,-0.003174697200177089,-14.236270568867267,4470.056142601481,30m
2026-09-23 07:45:00+00:00,2026-09-23 07:50:00+00:00,2026-09-23 08:15:00+00:00,LONG,86132.8,86277.9,0.0016846079542287562,0.0002846079542287562,1.2722135340334928,4471.328356135515,30m
2026-09-23 14:30:00+00:00,2026-09-23 14:35:00+00:00,2026-09-23 15:00:00+00:00,LONG,84430.8,84562.6,0.0015610417051596936,0.00016104170515969366,0.7200703428009533,4472.048426478315,30m
2026-09-24 07:55:00+00:00,2026-09-24 08:00:00+00:00,2026-09-24 08:25:00+00:00,SHORT,84528.4,83788.1,0.00883538354491864,0.00743538354491864,33.25139528231616,4505.299821760632,30m
2026-09-24 09:35:00+00:00,2026-09-24 09:40:00+00:00,2026-09-24 10:05:00+00:00,LONG,83219.8,83307.6,0.001055037382930557,-0.00034496261706944294,-1.5541600171970424,4503.7456617434345,30m
2026-09-24 13:40:00+00:00,2026-09-24 13:45:00+00:00,2026-09-24 14:10:00+00:00,SHORT,83947.6,84229.3,-0.0033444418984842628,-0.004744441898484263,-21.367759617692283,4482.377902125742,30m
2026-09-24 22:20:00+00:00,2026-09-24 22:25:00+00:00,2026-09-24 22:50:00+00:00,LONG,84155.5,84252.2,0.0011490633410768947,-0.0002509366589231053,-1.1247929347901917,4481.253109190952,30m
2026-09-25 00:10:00+00:00,2026-09-25 00:15:00+00:00,2026-09-25 00:40:00+00:00,SHORT,84658.9,84600.9,0.0006855719028993068,-0.0007144280971006932,-3.201533131425857,4478.051576059526,30m
2026-09-25 13:50:00+00:00,2026-09-25 13:55:00+00:00,2026-09-25 14:20:00+00:00,LONG,84088.3,83629.6,-0.00545498006262457,-0.0068549800626245706,-30.696954273292587,4447.354621786234,30m
2026-09-27 08:20:00+00:00,2026-09-27 08:25:00+00:00,2026-09-27 08:50:00+00:00,SHORT,84773.6,84791.1,-0.0002063895856994069,-0.001606389585699407,-7.144184148349531,4440.210437637885,30m
2026-09-27 19:00:00+00:00,2026-09-27 19:05:00+00:00,2026-09-27 19:30:00+00:00,SHORT,84744.8,84702.0,0.0005053009374040851,-0.0008946990625959149,-3.9726521162832125,4436.237785521602,30m
2026-09-28 05:40:00+00:00,2026-09-28 05:45:00+00:00,2026-09-28 06:10:00+00:00,LONG,83148.7,83250.0,0.0012182992638489765,-0.00018170073615102352,-0.8060676713702615,4435.4317178502315,30m
2026-09-28 12:10:00+00:00,2026-09-28 12:15:00+00:00,2026-09-28 12:40:00+00:00,SHORT,83384.6,83349.4,0.0004223185769784976,-0.0009776814230215024,-4.336439193622521,4431.095278656609,30m
2026-09-28 19:40:00+00:00,2026-09-28 19:45:00+00:00,2026-09-28 20:10:00+00:00,LONG,83314.9,83578.3,0.0031614993236503963,0.0017614993236503963,7.805371336384081,4438.900649992993,30m
2026-09-29 01:20:00+00:00,2026-09-29 01:25:00+00:00,2026-09-29 01:50:00+00:00,LONG,83013.3,83044.6,0.0003770480151976674,-0.0010229519848023326,-4.540782230250696,4434.359867762742,30m
2026-09-29 10:00:00+00:00,2026-09-29 10:05:00+00:00,2026-09-29 10:30:00+00:00,SHORT,84187.4,84058.4,0.0015346473404205252,0.0001346473404205252,0.5970747626617652,4434.956942525404,30m
2026-09-29 15:05:00+00:00,2026-09-29 15:10:00+00:00,2026-09-29 15:35:00+00:00,LONG,83622.9,83214.8,-0.0048802421346304525,-0.006280242134630453,-27.85260345571989,4407.104339069684,30m
2026-10-01 04:15:00+00:00,2026-10-01 04:20:00+00:00,2026-10-01 04:45:00+00:00,SHORT,83752.2,84116.7,-0.004333265570332645,-0.005733265570332645,-25.267099572051826,4381.837239497632,30m
2026-10-01 07:30:00+00:00,2026-10-01 07:35:00+00:00,2026-10-01 08:00:00+00:00,LONG,83655.2,83509.5,-0.0017416729623501714,-0.0031416729623501716,-13.766299580748825,4368.070939916884,30m
2026-10-01 13:15:00+00:00,2026-10-01 13:20:00+00:00,2026-10-01 13:45:00+00:00,LONG,83572.3,83674.6,0.0012240898000892564,-0.0001759101999107436,-0.7683882322650887,4367.302551684618,30m
2026-10-02 03:05:00+00:00,2026-10-02 03:10:00+00:00,2026-10-02 03:35:00+00:00,SHORT,85200.2,85420.0,-0.002573167876375626,-0.003973167876375626,-17.352026204766627,4349.950525479851,30m
2026-10-02 12:35:00+00:00,2026-10-02 12:40:00+00:00,2026-10-02 13:05:00+00:00,SHORT,86795.2,86754.7,0.0004668334972053323,-0.0009331665027946677,-4.05922811919186,4345.891297360659,30m
2025-10-03 07:45:00+00:00,2025-10-03 07:50:00+00:00,2025-10-03 08:45:00+00:00,LONG,119757.2,119877.7,0.001006202549825863,-0.0003937974501741369,-3.937974501741369,9996.062025498259,1h
2025-10-03 16:45:00+00:00,2025-10-03 16:50:00+00:00,2025-10-03 17:45:00+00:00,SHORT,123193.8,122190.2,0.008213424644529566,0.006813424644529565,68.10741535277596,10064.169440851034,1h
2025-10-04 13:10:00+00:00,2025-10-04 13:15:00+00:00,2025-10-04 14:10:00+00:00,SHORT,122397.8,122433.0,-0.0002875041859629057,-0.0016875041859629057,-16.983328059676076,10047.186112791358,1h
2025-10-05 23:15:00+00:00,2025-10-05 23:20:00+00:00,2025-10-06 00:15:00+00:00,SHORT,123450.4,124340.0,-0.007154576162136106,-0.008554576162136106,-85.94941881702988,9961.236693974328,1h
2025-10-06 00:20:00+00:00,2025-10-06 00:25:00+00:00,2025-10-06 01:20:00+00:00,SHORT,123930.1,123880.8,0.00039796320333751467,-0.0010020367966624853,-9.98152570762684,9951.255168266702,1h
2025-10-06 14:10:00+00:00,2025-10-06 14:15:00+00:00,2025-10-06 15:10:00+00:00,SHORT,124980.7,124733.0,0.0019858417579949883,0.0005858417579949883,5.829860822034078,9957.085029088736,1h
2025-10-06 19:00:00+00:00,2025-10-06 19:05:00+00:00,2025-10-06 20:00:00+00:00,SHORT,125816.0,125353.9,0.003686363168597051,0.002286363168597051,22.76551247709758,9979.850541565833,1h
2025-10-06 21:35:00+00:00,2025-10-06 21:40:00+00:00,2025-10-06 22:35:00+00:00,LONG,124934.2,124873.6,-0.00048505533312726,-0.00188505533312726,-18.812570487191646,9961.037971078642,1h
2025-10-07 08:20:00+00:00,2025-10-07 08:25:00+00:00,2025-10-07 09:20:00+00:00,LONG,123500.0,124055.9,0.004501214574898826,0.003101214574898826,30.891316137029715,9991.929287215671,1h
2025-10-07 15:40:00+00:00,2025-10-07 15:45:00+00:00,2025-10-07 16:40:00+00:00,LONG,121712.0,121775.4,0.0005209018009726396,-0.0008790981990273604,-8.783887041200034,9983.145400174471,1h
2025-10-08 13:45:00+00:00,2025-10-08 13:50:00+00:00,2025-10-08 14:45:00+00:00,LONG,122160.2,122581.1,0.0034454756950299537,0.0020454756950299535,20.42028127600696,10003.565681450478,1h
2025-10-09 08:30:00+00:00,2025-10-09 08:35:00+00:00,2025-10-09 09:30:00+00:00,LONG,121475.1,121747.2,0.0022399652274416315,0.0008399652274416315,8.402647322846851,10011.968328773324,1h
2025-10-10 13:40:00+00:00,2025-10-10 13:45:00+00:00,2025-10-10 14:40:00+00:00,SHORT,122261.7,121354.6,0.007474788759552542,0.006074788759552542,60.820592664628236,10072.788921437952,1h
2025-10-10 15:35:00+00:00,2025-10-10 15:40:00+00:00,2025-10-10 16:35:00+00:00,LONG,119225.9,119300.2,0.0006231867404649094,-0.0007768132595350906,-7.824675994671165,10064.964245443281,1h
2025-10-10 21:00:00+00:00,2025-10-10 21:05:00+00:00,2025-10-10 22:00:00+00:00,LONG,115060.6,113023.0,-0.017708929033917853,-0.01910892903391785,-192.3306874950962,9872.633557948186,1h
2025-10-11 07:20:00+00:00,2025-10-11 07:25:00+00:00,2025-10-11 08:20:00+00:00,LONG,111276.9,110816.6,-0.004136527886740127,-0.005536527886740127,-54.660111009146526,9817.973446939039,1h
2025-10-11 19:25:00+00:00,2025-10-11 19:30:00+00:00,2025-10-11 20:25:00+00:00,LONG,111399.5,110631.8,-0.0068914133366846375,-0.008291413336684638,-81.40487597716599,9736.568570961872,1h
2025-10-12 00:30:00+00:00,2025-10-12 00:35:00+00:00,2025-10-12 01:30:00+00:00,LONG,110367.7,109943.0,-0.0038480461221896967,-0.005248046122189697,-51.09796093227053,9685.4706100296,1h
2025-10-12 14:55:00+00:00,2025-10-12 15:00:00+00:00,2025-10-12 15:55:00+00:00,SHORT,112348.0,113199.0,-0.007517734255602981,-0.008917734255602982,-86.37245304069688,9599.098156988905,1h
2025-10-13 11:05:00+00:00,2025-10-13 11:10:00+00:00,2025-10-13 12:05:00+00:00,LONG,114496.0,114256.9,-0.002088282560089527,-0.0034882825600895274,-33.48436669361192,9565.613790295292,1h
2025-10-14 06:50:00+00:00,2025-10-14 06:55:00+00:00,2025-10-14 07:50:00+00:00,LONG,112033.7,111612.9,-0.003756012699750233,-0.005156012699750233,-49.32042618366849,9516.293364111623,1h
2025-10-14 10:35:00+00:00,2025-10-14 10:40:00+00:00,2025-10-14 11:35:00+00:00,LONG,110606.0,111395.0,0.007133428566262312,0.005733428566262312,54.56098821873006,9570.854352330354,1h
2025-10-15 02:30:00+00:00,2025-10-15 02:35:00+00:00,2025-10-15 03:30:00+00:00,SHORT,113227.5,112179.0,0.009346669162677568,0.007946669162677568,76.056413142142,9646.910765472496,1h
2025-10-15 13:50:00+00:00,2025-10-15 13:55:00+00:00,2025-10-15 14:50:00+00:00,LONG,111347.3,111006.6,-0.0030597957920847074,-0.004459795792084708,-43.0232520384709,9603.887513434025,1h
2025-10-16 09:40:00+00:00,2025-10-16 09:45:00+00:00,2025-10-16 10:40:00+00:00,LONG,111240.9,111452.5,0.0019021780658012855,0.0005021780658012855,4.822861655669416,9608.710375089695,1h
2025-10-16 14:20:00+00:00,2025-10-16 14:25:00+00:00,2025-10-16 15:20:00+00:00,LONG,110284.4,110351.8,0.0006111471794743029,-0.0007888528205256971,-7.579858281004035,9601.130516808691,1h
2025-10-16 16:40:00+00:00,2025-10-16 16:45:00+00:00,2025-10-16 17:40:00+00:00,LONG,108094.3,108519.6,0.003934527537529764,0.0025345275375297637,24.334329686269,9625.46484649496,1h
2025-10-18 00:15:00+00:00,2025-10-18 00:20:00+00:00,2025-10-18 01:15:00+00:00,LONG,106474.4,106999.9,0.004935458664242276,0.0035354586642422758,34.030433088900054,9659.49527958386,1h
2025-10-18 07:10:00+00:00,2025-10-18 07:15:00+00:00,2025-10-18 08:10:00+00:00,SHORT,107300.0,106974.5,0.0030427812235627183,0.0016427812235627183,15.868437474393074,9675.363717058253,1h
2025-10-18 16:40:00+00:00,2025-10-18 16:45:00+00:00,2025-10-18 17:40:00+00:00,LONG,106580.9,106800.5,0.0020604066957587985,0.0006604066957587985,6.3896749826470085,9681.7533920409,1h
2025-10-19 08:20:00+00:00,2025-10-19 08:25:00+00:00,2025-10-19 09:20:00+00:00,SHORT,106622.3,106272.9,0.0032877619788300727,0.0018877619788300727,18.2768459419039,9700.030237982804,1h
2025-10-19 09:50:00+00:00,2025-10-19 09:55:00+00:00,2025-10-19 10:50:00+00:00,SHORT,107542.2,107695.7,-0.0014253122455214484,-0.0028253122455214486,-27.40561421330115,9672.624623769503,1h
2025-10-19 16:45:00+00:00,2025-10-19 16:50:00+00:00,2025-10-19 17:45:00+00:00,SHORT,108692.8,109102.0,-0.003750618687100138,-0.005150618687100138,-49.820001140492145,9622.804622629012,1h
2025-10-20 05:35:00+00:00,2025-10-20 05:40:00+00:00,2025-10-20 06:35:00+00:00,SHORT,110729.9,111154.2,-0.0038172196822072735,-0.005217219682207274,-50.20428567521522,9572.600336953796,1h
2025-10-21 14:25:00+00:00,2025-10-21 14:30:00+00:00,2025-10-21 15:25:00+00:00,SHORT,109680.6,112991.3,-0.029300485966618606,-0.030700485966618604,-293.88348230869855,9278.716854645098,1h
2025-10-21 20:20:00+00:00,2025-10-21 20:25:00+00:00,2025-10-21 21:20:00+00:00,LONG,110933.0,110288.0,-0.005814320355529867,-0.0072143203555298675,-66.93963587766419,9211.777218767433,1h
2025-10-21 23:40:00+00:00,2025-10-21 23:45:00+00:00,2025-10-22 00:40:00+00:00,LONG,108504.1,108079.4,-0.003914137806774187,-0.005314137806774187,-48.95265358583319,9162.8245651816,1h
2025-10-22 07:15:00+00:00,2025-10-22 07:20:00+00:00,2025-10-22 08:15:00+00:00,LONG,107870.7,108133.6,0.0024371771018452115,0.0010371771018452115,9.503471827231163,9172.32803700883,1h
2025-10-22 11:05:00+00:00,2025-10-22 11:10:00+00:00,2025-10-22 12:05:00+00:00,LONG,107351.9,107725.0,0.003475485762245434,0.0020754857622454336,19.037036247456435,9191.365073256287,1h
2025-10-23 01:20:00+00:00,2025-10-23 01:25:00+00:00,2025-10-23 02:20:00+00:00,SHORT,108173.2,108352.9,-0.0016584696856291048,-0.003058469685629105,-28.111511446104494,9163.253561810183,1h
2025-10-23 03:30:00+00:00,2025-10-23 03:35:00+00:00,2025-10-23 04:30:00+00:00,SHORT,108650.0,108504.6,0.001340035353339708,-5.996464666029196e-05,-0.5494712620926094,9162.70409054809,1h
2025-10-23 12:05:00+00:00,2025-10-23 12:10:00+00:00,2025-10-23 13:05:00+00:00,LONG,108949.2,108900.0,-0.0004515866110076372,-0.0018515866110076372,-16.965540214683752,9145.738550333406,1h
2025-10-25 04:20:00+00:00,2025-10-25 04:25:00+00:00,2025-10-25 05:20:00+00:00,SHORT,111362.9,111176.8,0.0016739103841807434,0.00027391038418074346,2.5051127599384593,9148.243663093344,1h
2025-10-25 07:25:00+00:00,2025-10-25 07:30:00+00:00,2025-10-25 08:25:00+00:00,SHORT,111629.2,111667.5,-0.000342982515055934,-0.001742982515055934,-15.945228748242949,9132.2984343451,1h
2025-10-26 00:40:00+00:00,2025-10-26 00:45:00+00:00,2025-10-26 01:40:00+00:00,SHORT,111844.7,111745.5,0.0008877314970177075,-0.0005122685029822925,-4.678188847749499,9127.620245497352,1h
2025-10-26 09:35:00+00:00,2025-10-26 09:40:00+00:00,2025-10-26 10:35:00+00:00,SHORT,112347.8,112449.9,-0.0009079599003644079,-0.002307959900364408,-21.06618151236222,9106.55406398499,1h
2025-10-26 21:30:00+00:00,2025-10-26 21:35:00+00:00,2025-10-26 22:30:00+00:00,LONG,113292.0,114498.8,0.010652120185008718,0.009252120185008718,84.25493267126869,9190.808996656258,1h
2025-10-27 05:45:00+00:00,2025-10-27 05:50:00+00:00,2025-10-27 06:45:00+00:00,SHORT,115579.0,115960.9,-0.003293351465881944,-0.004693351465881944,-43.13569687709761,9147.67329977916,1h
2025-10-27 13:40:00+00:00,2025-10-27 13:45:00+00:00,2025-10-27 14:40:00+00:00,LONG,114884.3,114870.0,-0.00012447305680585163,-0.0015244730568058516,-13.945381477975609,9133.727918301185,1h
2025-10-28 13:10:00+00:00,2025-10-28 13:15:00+00:00,2025-10-28 14:10:00+00:00,SHORT,114744.4,115796.7,-0.009087478313285269,-0.010487478313285269,-95.78977346263189,9037.938144838554,1h
2025-10-28 19:35:00+00:00,2025-10-28 19:40:00+00:00,2025-10-28 20:35:00+00:00,LONG,114029.8,113019.5,-0.008859964675900556,-0.010259964675900556,-92.72892610901776,8945.209218729537,1h
2025-10-29 01:00:00+00:00,2025-10-29 01:05:00+00:00,2025-10-29 02:00:00+00:00,LONG,112479.6,112502.4,0.00020270342355410698,-0.001197296576445893,-10.710068373177116,8934.49915035636,1h
2025-10-29 05:40:00+00:00,2025-10-29 05:45:00+00:00,2025-10-29 06:40:00+00:00,SHORT,113174.9,113028.3,0.0012970203037645511,-0.00010297969623544886,-0.9200720085195738,8933.57907834784,1h
2025-10-29 18:40:00+00:00,2025-10-29 18:45:00+00:00,2025-10-29 19:40:00+00:00,LONG,109745.5,110384.7,0.0058243845989129905,0.00442438459891299,39.52558968741349,8973.104668035254,1h
2025-10-30 04:35:00+00:00,2025-10-30 04:40:00+00:00,2025-10-30 05:35:00+00:00,LONG,109439.8,109387.1,-0.00048154327767413463,-0.0018815432776741346,-16.883284768008128,8956.221383267246,1h
2025-10-30 07:25:00+00:00,2025-10-30 07:30:00+00:00,2025-10-30 08:25:00+00:00,SHORT,111271.9,110675.9,0.005385092870263453,0.003985092870263452,35.691373978959376,8991.912757246206,1h
2025-10-31 17:00:00+00:00,2025-10-31 17:05:00+00:00,2025-10-31 18:00:00+00:00,LONG,109032.7,109402.9,0.0033953116817249107,0.0019953116817249105,17.941668565584603,9009.85442581179,1h
2025-11-01 13:45:00+00:00,2025-11-01 13:50:00+00:00,2025-11-01 14:45:00+00:00,LONG,109892.1,109923.8,0.0002884647759029413,-0.0011115352240970587,-10.014770558276584,8999.839655253514,1h
2025-11-01 22:05:00+00:00,2025-11-01 22:10:00+00:00,2025-11-01 23:05:00+00:00,LONG,110041.8,110062.4,0.00018720159066809572,-0.0012127984093319043,-10.914991218133656,8988.924664035381,1h
2025-11-02 07:55:00+00:00,2025-11-02 08:00:00+00:00,2025-11-02 08:55:00+00:00,SHORT,110893.0,110840.5,0.0004736535833020916,-0.0009263464166979084,-8.326858152496625,8980.597805882884,1h
2025-11-03 01:05:00+00:00,2025-11-03 01:10:00+00:00,2025-11-03 02:05:00+00:00,LONG,109808.3,109580.0,-0.0020790778110579833,-0.0034790778110579835,-31.244198556483155,8949.3536073264,1h
2025-11-03 15:35:00+00:00,2025-11-03 15:40:00+00:00,2025-11-03 16:35:00+00:00,LONG,106445.7,106370.1,-0.0007102212677448927,-0.002110221267744893,-18.88511631474965,8930.46849101165,1h
2025-11-04 14:40:00+00:00,2025-11-04 14:45:00+00:00,2025-11-04 15:40:00+00:00,LONG,103938.9,104127.5,0.00181452757341094,0.0004145275734109401,3.7019254330019193,8934.170416444653,1h
2025-11-04 21:35:00+00:00,2025-11-04 21:40:00+00:00,2025-11-04 22:35:00+00:00,LONG,99279.0,101532.0,0.02269362100746375,0.02129362100746375,190.24083886386703,9124.41125530852,1h
2025-11-05 12:30:00+00:00,2025-11-05 12:35:00+00:00,2025-11-05 13:30:00+00:00,SHORT,102374.9,102440.3,-0.0006384206215718224,-0.0020384206215718226,-18.599388062522927,9105.811867245997,1h
2025-11-06 12:45:00+00:00,2025-11-06 12:50:00+00:00,2025-11-06 13:45:00+00:00,LONG,102555.9,103381.0,0.008045368428340138,0.006645368428340138,60.51147469700151,9166.323341942998,1h
2025-11-06 16:50:00+00:00,2025-11-06 16:55:00+00:00,2025-11-06 17:50:00+00:00,LONG,101090.0,101850.1,0.007519042437432066,0.006119042437432066,56.08912152457332,9222.412463467572,1h
2025-11-07 09:10:00+00:00,2025-11-07 09:15:00+00:00,2025-11-07 10:10:00+00:00,LONG,101370.0,100960.7,-0.0040376837328598425,-0.005437683732859843,-50.14856223032148,9172.263901237251,1h
2025-11-07 19:45:00+00:00,2025-11-07 19:50:00+00:00,2025-11-07 20:45:00+00:00,SHORT,103135.5,103675.4,-0.0052075998742228125,-0.006607599874222813,-60.606649800153704,9111.657251437098,1h
2025-11-08 06:15:00+00:00,2025-11-08 06:20:00+00:00,2025-11-08 07:15:00+00:00,LONG,102329.9,102294.7,-0.0003439854822490096,-0.0017439854822490096,-15.890597965735212,9095.766653471363,1h
2025-11-10 15:00:00+00:00,2025-11-10 15:05:00+00:00,2025-11-10 16:00:00+00:00,LONG,105170.7,104962.7,-0.0019777371454217096,-0.00337773714542171,-30.72310889151834,9065.043544579845,1h
2025-11-11 01:20:00+00:00,2025-11-11 01:25:00+00:00,2025-11-11 02:20:00+00:00,SHORT,106963.7,106202.6,0.007166491215845783,0.0057664912158457825,52.27349397107919,9117.317038550924,1h
2025-11-11 12:50:00+00:00,2025-11-11 12:55:00+00:00,2025-11-11 13:50:00+00:00,LONG,104584.9,104399.6,-0.0017717662874849882,-0.0031717662874849884,-28.91799881518829,9088.399039735736,1h
2025-11-11 14:55:00+00:00,2025-11-11 15:00:00+00:00,2025-11-11 15:55:00+00:00,LONG,104581.6,103472.9,-0.010601291240524224,-0.012001291240524225,-109.07252378596925,8979.326515949766,1h
2025-11-12 09:30:00+00:00,2025-11-12 09:35:00+00:00,2025-11-12 10:30:00+00:00,SHORT,104563.3,104921.2,-0.0034111314014707572,-0.004811131401470757,-43.20071976494493,8936.12579618482,1h
2025-11-12 14:50:00+00:00,2025-11-12 14:55:00+00:00,2025-11-12 15:50:00+00:00,LONG,104175.0,102104.2,-0.019878089752819794,-0.021278089752819793,-190.14368673370885,8745.982109451112,1h
2025-11-13 06:00:00+00:00,2025-11-13 06:05:00+00:00,2025-11-13 07:00:00+00:00,SHORT,102979.2,103609.7,-0.006085337569744942,-0.007485337569744942,-65.46662846819153,8680.51548098292,1h
2025-11-13 13:40:00+00:00,2025-11-13 13:45:00+00:00,2025-11-13 14:40:00+00:00,LONG,102548.7,101817.6,-0.007129295641972955,-0.008529295641972955,-74.03868286202639,8606.476798120893,1h
2025-11-13 14:45:00+00:00,2025-11-13 14:50:00+00:00,2025-11-13 15:45:00+00:00,LONG,102227.8,101303.8,-0.009038637239576763,-0.010438637239576764,-89.83988920641815,8516.636908914475,1h
2025-11-14 04:40:00+00:00,2025-11-14 04:45:00+00:00,2025-11-14 05:40:00+00:00,LONG,97590.8,97303.3,-0.0029459744156211665,-0.004345974415621167,-37.01308611327725,8479.623822801199,1h
2025-11-14 19:05:00+00:00,2025-11-14 19:10:00+00:00,2025-11-14 20:05:00+00:00,LONG,95145.9,95676.0,0.0055714434358180576,0.004171443435818057,35.37227113383048,8514.99609393503,1h
2025-11-15 03:00:00+00:00,2025-11-15 03:05:00+00:00,2025-11-15 04:00:00+00:00,SHORT,96271.0,96280.1,-9.451589684683626e-05,-0.0014945158968468362,-12.725797023974618,8502.270296911054,1h
2025-11-15 21:05:00+00:00,2025-11-15 21:10:00+00:00,2025-11-15 22:05:00+00:00,LONG,95522.2,95301.7,-0.0023083639195914385,-0.0037083639195914387,-31.529512403678943,8470.740784507376,1h
2025-11-16 10:00:00+00:00,2025-11-16 10:05:00+00:00,2025-11-16 11:00:00+00:00,SHORT,96471.2,96422.9,0.0005009183503088543,-0.0008990816496911456,-7.615887598640961,8463.124896908736,1h
2025-11-16 16:00:00+00:00,2025-11-16 16:05:00+00:00,2025-11-16 17:00:00+00:00,LONG,94792.9,94234.5,-0.005890736542504715,-0.0072907365425047155,-61.702413949673975,8401.422482959062,1h
2025-11-16 22:10:00+00:00,2025-11-16 22:15:00+00:00,2025-11-16 23:10:00+00:00,LONG,93387.7,93831.2,0.004749019410479116,0.003349019410479116,28.13652697106555,8429.559009930128,1h
2025-11-17 19:45:00+00:00,2025-11-17 19:50:00+00:00,2025-11-17 20:45:00+00:00,LONG,91949.5,91935.0,-0.00015769525663544837,-0.0015576952566354484,-13.130684085296767,8416.42832584483,1h
2025-11-18 03:35:00+00:00,2025-11-18 03:40:00+00:00,2025-11-18 04:35:00+00:00,LONG,90672.4,90000.5,-0.0074101931789606335,-0.008810193178960634,-74.15035942756919,8342.277966417261,1h
2025-11-19 00:20:00+00:00,2025-11-19 00:25:00+00:00,2025-11-19 01:20:00+00:00,LONG,92188.7,92394.7,0.0022345471841993536,0.0008345471841993536,6.962024586681835,8349.239991003944,1h
2025-11-20 01:10:00+00:00,2025-11-20 01:15:00+00:00,2025-11-20 02:10:00+00:00,SHORT,92217.5,92666.5,-0.0048453324556338995,-0.0062453324556339,-52.14377949569342,8297.096211508251,1h
2025-11-20 09:50:00+00:00,2025-11-20 09:55:00+00:00,2025-11-20 10:50:00+00:00,LONG,91806.9,91806.9,0.0,-0.0014,-11.615934696111552,8285.480276812139,1h
2025-11-21 02:45:00+00:00,2025-11-21 02:50:00+00:00,2025-11-21 03:45:00+00:00,LONG,86172.1,85982.0,-0.0022060504502038336,-0.003606050450203834,-29.8778598823534,8255.602416929785,1h
2025-11-21 12:30:00+00:00,2025-11-21 12:35:00+00:00,2025-11-21 13:30:00+00:00,LONG,81703.3,83516.2,0.02218882223851426,0.020788822238514262,171.62425111740203,8427.226668047188,1h
2025-11-22 22:55:00+00:00,2025-11-22 23:00:00+00:00,2025-11-22 23:55:00+00:00,SHORT,85074.1,84741.1,0.003929616207483777,0.002529616207483777,21.31764916363167,8448.544317210819,1h
2025-11-23 02:05:00+00:00,2025-11-23 02:10:00+00:00,2025-11-23 03:05:00+00:00,SHORT,85724.6,86044.1,-0.0037132121784061445,-0.005113212178406145,-43.19919969256639,8405.345117518253,1h
2025-11-23 04:20:00+00:00,2025-11-23 04:25:00+00:00,2025-11-23 05:20:00+00:00,SHORT,86560.1,86331.1,0.0026525782713298085,0.0012525782713298085,10.528352657231459,8415.873470175484,1h
2025-11-23 07:10:00+00:00,2025-11-23 07:15:00+00:00,2025-11-23 08:10:00+00:00,LONG,85868.0,85989.0,0.001409139609633403,9.139609633403026e-06,0.0769177982415168,8415.950387973726,1h
2025-11-24 00:25:00+00:00,2025-11-24 00:30:00+00:00,2025-11-24 01:25:00+00:00,LONG,86444.0,86824.1,0.0043970663088241935,0.0029970663088241933,25.22316136453195,8441.173549338258,1h
2025-11-24 09:35:00+00:00,2025-11-24 09:40:00+00:00,2025-11-24 10:35:00+00:00,LONG,86115.3,85892.0,-0.0025930351517093886,-0.003993035151709389,-33.705902704187174,8407.467646634072,1h
2025-11-25 09:30:00+00:00,2025-11-25 09:35:00+00:00,2025-11-25 10:30:00+00:00,LONG,86840.6,87318.8,0.005506640902987803,0.0041066409029878025,34.52645052821408,8441.994097162285,1h
2025-11-25 17:40:00+00:00,2025-11-25 17:45:00+00:00,2025-11-25 18:40:00+00:00,SHORT,87934.9,87508.7,0.004870372888638563,0.003470372888638563,29.296867440838778,8471.290964603124,1h
2025-11-27 02:30:00+00:00,2025-11-27 02:35:00+00:00,2025-11-27 03:30:00+00:00,SHORT,91374.1,91119.7,0.0027919319312947888,0.0013919319312947888,11.79146039292012,8483.082424996044,1h
2025-11-27 12:55:00+00:00,2025-11-27 13:00:00+00:00,2025-11-27 13:55:00+00:00,LONG,90985.3,90856.8,-0.0014123160554506686,-0.002812316055450669,-23.85710890352777,8459.225316092516,1h
2025-11-28 05:55:00+00:00,2025-11-28 06:00:00+00:00,2025-11-28 06:55:00+00:00,SHORT,91600.0,91295.0,0.0033408182266279063,0.0019408182266279063,16.417818676624567,8475.64313476914,1h
2025-11-28 14:30:00+00:00,2025-11-28 14:35:00+00:00,2025-11-28 15:30:00+00:00,SHORT,92578.0,92742.0,-0.0017683465959328348,-0.003168346595932835,-26.853775074387308,8448.789359694752,1h
2025-11-28 16:30:00+00:00,2025-11-28 16:35:00+00:00,2025-11-28 17:30:00+00:00,LONG,91378.0,90329.0,-0.011479787257326679,-0.01287978725732668,-108.81860953483371,8339.970750159919,1h
2025-11-29 15:25:00+00:00,2025-11-29 15:30:00+00:00,2025-11-29 16:25:00+00:00,SHORT,90862.3,90911.9,-0.0005455831414807877,-0.0019455831414807877,-16.226106491954017,8323.744643667964,1h
2025-11-29 17:35:00+00:00,2025-11-29 17:40:00+00:00,2025-11-29 18:35:00+00:00,LONG,90620.3,90454.0,-0.0018351296563794417,-0.003235129656379442,-26.92839314885976,8296.816250519105,1h
2025-11-30 03:20:00+00:00,2025-11-30 03:25:00+00:00,2025-11-30 04:20:00+00:00,LONG,90716.6,90925.0,0.00229726422727472,0.0008972642272747201,7.444436421862365,8304.260686940966,1h
2025-11-30 08:25:00+00:00,2025-11-30 08:30:00+00:00,2025-11-30 09:25:00+00:00,SHORT,91153.7,91417.7,-0.0028878433826272643,-0.0042878433826272645,-35.607369234111566,8268.653317706854,1h
2025-11-30 13:30:00+00:00,2025-11-30 13:35:00+00:00,2025-11-30 14:30:00+00:00,SHORT,91785.5,91504.0,0.0030763682461969477,0.0016763682461969477,13.861307860614811,8282.514625567468,1h
2025-11-30 23:40:00+00:00,2025-11-30 23:45:00+00:00,2025-12-01 00:40:00+00:00,LONG,90660.1,87748.0,-0.03212107641619644,-0.033521076416196435,-277.6388056819117,8004.875819885557,1h
2025-12-01 02:50:00+00:00,2025-12-01 02:55:00+00:00,2025-12-01 03:50:00+00:00,LONG,86773.1,86306.2,-0.005380699779079068,-0.006780699779079068,-54.278659703453364,7950.597160182103,1h
2025-12-01 12:50:00+00:00,2025-12-01 12:55:00+00:00,2025-12-01 13:50:00+00:00,LONG,85406.4,86022.0,0.007207890743550882,0.005807890743550882,46.17619965232356,7996.773359834427,1h
2025-12-01 21:35:00+00:00,2025-12-01 21:40:00+00:00,2025-12-01 22:35:00+00:00,SHORT,86373.5,86563.0,-0.0021891570301398877,-0.003589157030139888,-28.701675322885105,7968.071684511541,1h
2025-12-03 14:05:00+00:00,2025-12-03 14:10:00+00:00,2025-12-03 15:05:00+00:00,LONG,92070.5,92561.5,0.005332869920332772,0.003932869920332772,31.337389451070724,7999.409073962612,1h
2025-12-03 22:00:00+00:00,2025-12-03 22:05:00+00:00,2025-12-03 23:00:00+00:00,SHORT,93526.0,93824.9,-0.0031857214875794515,-0.004585721487579452,-36.68306207840839,7962.726011884203,1h
2025-12-05 13:45:00+00:00,2025-12-05 13:50:00+00:00,2025-12-05 14:45:00+00:00,LONG,90538.7,90100.3,-0.0048421282832644685,-0.006242128283264469,-49.704357250668075,7913.021654633535,1h
2025-12-06 08:35:00+00:00,2025-12-06 08:40:00+00:00,2025-12-06 09:35:00+00:00,LONG,89326.1,89625.6,0.0033528834237697147,0.0019528834237697147,15.453208821264631,7928.4748634548,1h
2025-12-06 14:20:00+00:00,2025-12-06 14:25:00+00:00,2025-12-06 15:20:00+00:00,SHORT,89931.0,89588.9,0.0038185534145414035,0.0024185534145414033,19.175439953114292,7947.650303407914,1h
2025-12-07 07:45:00+00:00,2025-12-07 07:50:00+00:00,2025-12-07 08:45:00+00:00,LONG,89348.3,89460.0,0.0012501636852630948,-0.00014983631473690514,-1.1908466322802878,7946.459456775634,1h
2025-12-08 01:40:00+00:00,2025-12-08 01:45:00+00:00,2025-12-08 02:40:00+00:00,SHORT,91254.0,91208.1,0.0005032447776018856,-0.0008967552223981144,-7.126029017438433,7939.333427758195,1h
2025-12-08 15:15:00+00:00,2025-12-08 15:20:00+00:00,2025-12-08 16:15:00+00:00,LONG,90399.1,90081.9,-0.0035088844911067563,-0.0049088844911067565,-38.97327073324765,7900.3601570249475,1h
2025-12-08 22:00:00+00:00,2025-12-08 22:05:00+00:00,2025-12-08 23:00:00+00:00,SHORT,91262.5,90934.0,0.0036125101722128683,0.002212510172212868,17.47962721156295,7917.83978423651,1h
2025-12-09 01:50:00+00:00,2025-12-09 01:55:00+00:00,2025-12-09 02:50:00+00:00,LONG,90067.3,90113.3,0.000510729199165505,-0.000889270800834495,-7.041103725807226,7910.798680510703,1h
2025-12-09 20:25:00+00:00,2025-12-09 20:30:00+00:00,2025-12-09 21:25:00+00:00,LONG,93078.0,93116.0,0.00040825973914349056,-0.0009917402608565094,-7.845457546993015,7902.95322296371,1h
2025-12-09 21:55:00+00:00,2025-12-09 22:00:00+00:00,2025-12-09 22:55:00+00:00,LONG,92645.2,92876.3,0.0024944627460463664,0.0010944627460463664,8.649487886280843,7911.60271084999,1h
2025-12-10 10:05:00+00:00,2025-12-10 10:10:00+00:00,2025-12-10 11:05:00+00:00,SHORT,92987.9,92325.9,0.007170252334393723,0.005770252334393723,45.65194401107786,7957.254654861068,1h
2025-12-11 03:20:00+00:00,2025-12-11 03:25:00+00:00,2025-12-11 04:20:00+00:00,LONG,89896.9,90022.5,0.00139715607545976,-2.843924540239925e-06,-0.022629831785897767,7957.232025029282,1h
2025-12-11 18:45:00+00:00,2025-12-11 18:50:00+00:00,2025-12-11 19:45:00+00:00,SHORT,90870.5,91401.3,-0.005807357225772525,-0.007207357225772525,-57.35061373274334,7899.881411296539,1h
2025-12-13 21:30:00+00:00,2025-12-13 21:35:00+00:00,2025-12-13 22:30:00+00:00,LONG,89978.3,90151.1,0.0019204630449787263,0.0005204630449787263,4.1115963342942345,7903.993007630834,1h
2025-12-15 18:35:00+00:00,2025-12-15 18:40:00+00:00,2025-12-15 19:35:00+00:00,LONG,85475.0,86273.4,0.009340742907282706,0.007940742907282706,62.763576414556645,7966.756584045391,1h
2025-12-16 04:50:00+00:00,2025-12-16 04:55:00+00:00,2025-12-16 05:50:00+00:00,LONG,85726.1,85995.8,0.003146066367185618,0.0017460663671856182,13.91048572695624,7980.667069772347,1h
2025-12-16 07:05:00+00:00,2025-12-16 07:10:00+00:00,2025-12-16 08:05:00+00:00,SHORT,86527.1,86164.6,0.004207064153956441,0.002807064153956441,22.402244456218543,8003.069314228565,1h
2025-12-18 13:15:00+00:00,2025-12-18 13:20:00+00:00,2025-12-18 14:15:00+00:00,SHORT,87699.5,88697.7,-0.011253955852293718,-0.012653955852293718,-101.27048578509483,7901.7988284434705,1h
2025-12-19 03:35:00+00:00,2025-12-19 03:40:00+00:00,2025-12-19 04:35:00+00:00,SHORT,86973.9,87028.9,-0.0006319739764606425,-0.0020319739764606427,-16.056249586624325,7885.742578856846,1h
2025-12-20 21:20:00+00:00,2025-12-20 21:25:00+00:00,2025-12-20 22:20:00+00:00,SHORT,88346.9,88160.0,0.002120009074410012,0.000720009074410012,5.677806215238339,7891.420385072084,1h
2025-12-21 09:05:00+00:00,2025-12-21 09:10:00+00:00,2025-12-21 10:05:00+00:00,SHORT,88585.1,88879.6,-0.003313471257746392,-0.004713471257746392,-37.19598316783124,7854.224401904253,1h
2025-12-21 23:05:00+00:00,2025-12-21 23:10:00+00:00,2025-12-22 00:05:00+00:00,SHORT,88625.0,88939.0,-0.0035305096751706566,-0.004930509675170657,-38.725329404550386,7815.499072499702,1h
2025-12-22 00:15:00+00:00,2025-12-22 00:20:00+00:00,2025-12-22 01:15:00+00:00,SHORT,89166.8,88972.4,0.002184947242066082,0.0007849472420660821,6.1347544423286635,7821.633826942031,1h
2025-12-22 12:30:00+00:00,2025-12-22 12:35:00+00:00,2025-12-22 13:30:00+00:00,SHORT,90256.0,89935.0,0.0035692444543280466,0.0021692444543280464,16.967035802878655,7838.60086274491,1h
2025-12-22 19:05:00+00:00,2025-12-22 19:10:00+00:00,2025-12-22 20:05:00+00:00,LONG,88929.3,88139.0,-0.008886834822718792,-0.010286834822718792,-80.63439231627791,7757.966470428632,1h
2025-12-23 03:10:00+00:00,2025-12-23 03:15:00+00:00,2025-12-23 04:10:00+00:00,LONG,88122.1,88305.0,0.002075529294013556,0.0006755292940135561,5.240733612749494,7763.207204041382,1h
2025-12-23 05:35:00+00:00,2025-12-23 05:40:00+00:00,2025-12-23 06:35:00+00:00,LONG,87765.9,87259.8,-0.005766476501693596,-0.007166476501693596,-55.63484200554101,7707.572362035841,1h
2025-12-24 02:50:00+00:00,2025-12-24 02:55:00+00:00,2025-12-24 03:50:00+00:00,LONG,87182.0,87382.9,0.0023043747562569994,0.0009043747562569994,6.970533876249349,7714.542895912091,1h
2025-12-24 05:45:00+00:00,2025-12-24 05:50:00+00:00,2025-12-24 06:45:00+00:00,LONG,86929.5,87041.9,0.0012930018003094457,-0.00010699819969055432,-0.825442201298149,7713.717453710793,1h
2025-12-24 14:40:00+00:00,2025-12-24 14:45:00+00:00,2025-12-24 15:40:00+00:00,LONG,86995.6,87055.3,0.0006862416030235519,-0.0007137583969764481,-5.505730604489865,7708.211723106303,1h
2025-12-24 22:10:00+00:00,2025-12-24 22:15:00+00:00,2025-12-24 23:10:00+00:00,SHORT,87809.8,87823.9,-0.00016054855227320974,-0.0015605485522732097,-12.029038645108924,7696.182684461194,1h
2025-12-25 15:30:00+00:00,2025-12-25 15:35:00+00:00,2025-12-25 16:30:00+00:00,SHORT,87957.5,88349.1,-0.0044324164026572355,-0.005832416402657236,-44.887342126698066,7651.295342334496,1h
2025-12-25 22:50:00+00:00,2025-12-25 22:55:00+00:00,2025-12-25 23:50:00+00:00,LONG,87524.7,87262.0,-0.0030014384510885783,-0.0044014384510885785,-33.676705520386,7617.61863681411,1h
2025-12-26 07:30:00+00:00,2025-12-26 07:35:00+00:00,2025-12-26 08:30:00+00:00,SHORT,89173.2,88675.5,0.005612598744861863,0.004212598744861863,32.08997070827945,7649.708607522389,1h
2025-12-26 20:50:00+00:00,2025-12-26 20:55:00+00:00,2025-12-26 21:50:00+00:00,SHORT,87671.2,87513.8,0.0017985734821250876,0.0003985734821250876,3.0489709969424537,7652.757578519331,1h
2025-12-27 07:25:00+00:00,2025-12-27 07:30:00+00:00,2025-12-27 08:25:00+00:00,SHORT,87587.0,87590.4,-3.881703931019054e-05,-0.0014388170393101905,-11.010918001683807,7641.746660517648,1h
2025-12-27 13:35:00+00:00,2025-12-27 13:40:00+00:00,2025-12-27 14:35:00+00:00,LONG,87448.1,87474.2,0.000298462745331074,-0.001101537254668926,-8.417668637302043,7633.328991880346,1h
2025-12-27 22:15:00+00:00,2025-12-27 22:20:00+00:00,2025-12-27 23:15:00+00:00,SHORT,87770.6,87669.1,0.0011577625411918202,-0.00024223745880817978,-1.8490782172398998,7631.479913663105,1h
2025-12-28 00:05:00+00:00,2025-12-28 00:10:00+00:00,2025-12-28 01:05:00+00:00,SHORT,87827.0,87884.1,-0.0006497193462754458,-0.002049719346275446,-15.642392019747737,7615.837521643358,1h
2025-12-28 18:20:00+00:00,2025-12-28 18:25:00+00:00,2025-12-28 19:20:00+00:00,LONG,87664.1,87540.9,-0.0014053643395643967,-0.002805364339564397,-21.365198999134773,7594.472322644223,1h
2025-12-28 23:00:00+00:00,2025-12-28 23:05:00+00:00,2025-12-29 00:00:00+00:00,SHORT,87793.1,87864.9,-0.0008171636227889412,-0.0022171636227889414,-16.83818776804421,7577.634134876179,1h
2025-12-29 01:00:00+00:00,2025-12-29 01:05:00+00:00,2025-12-29 02:00:00+00:00,SHORT,88071.3,88868.8,-0.00897390310210111,-0.01037390310210111,-78.60964225837925,7499.024492617799,1h
2025-12-29 12:25:00+00:00,2025-12-29 12:30:00+00:00,2025-12-29 13:25:00+00:00,LONG,87265.7,87290.0,0.0002784599218250694,-0.0011215400781749306,-8.410456515686286,7490.6140361021135,1h
2025-12-30 15:00:00+00:00,2025-12-30 15:05:00+00:00,2025-12-30 16:00:00+00:00,SHORT,88285.4,88818.6,-0.0060032470676189,-0.0074032470676189,-55.45486639743795,7435.159169704675,1h
2025-12-31 08:10:00+00:00,2025-12-31 08:15:00+00:00,2025-12-31 09:10:00+00:00,SHORT,88697.0,88557.0,0.0015809026954392014,0.00018090269543920138,1.3450403348190703,7436.504210039494,1h
2025-12-31 10:20:00+00:00,2025-12-31 10:25:00+00:00,2025-12-31 11:20:00+00:00,SHORT,88801.5,88861.9,-0.0006797063758483546,-0.002079706375848355,-15.465745219642269,7421.0384648198515,1h
2025-12-31 20:40:00+00:00,2025-12-31 20:45:00+00:00,2025-12-31 21:40:00+00:00,LONG,87428.9,87822.0,0.004496224932488024,0.003096224932488024,22.977204319727875,7444.01566913958,1h
2026-01-01 01:15:00+00:00,2026-01-01 01:20:00+00:00,2026-01-01 02:15:00+00:00,SHORT,87947.0,88002.0,-0.0006249857957774108,-0.002024985795777411,-15.074025993552128,7428.941643146028,1h
2026-01-01 04:45:00+00:00,2026-01-01 04:50:00+00:00,2026-01-01 05:45:00+00:00,LONG,87608.4,87697.7,0.0010193086507686022,-0.00038069134923139777,-2.8281338174905786,7426.1135093285375,1h
2026-01-01 22:10:00+00:00,2026-01-01 22:15:00+00:00,2026-01-01 23:10:00+00:00,SHORT,88513.1,88580.9,-0.0007654020223319957,-0.002165402022331996,-16.08052121116697,7410.03298811737,1h
2026-01-02 03:15:00+00:00,2026-01-02 03:20:00+00:00,2026-01-02 04:15:00+00:00,SHORT,88865.0,88817.1,0.0005393105606914528,-0.0008606894393085472,-6.377737137800578,7403.655250979569,1h
2026-01-02 14:35:00+00:00,2026-01-02 14:40:00+00:00,2026-01-02 15:35:00+00:00,LONG,89129.7,89644.9,0.005780340335488576,0.004380340335488576,32.4305297259176,7436.085780705487,1h
2026-01-03 13:00:00+00:00,2026-01-03 13:05:00+00:00,2026-01-03 14:00:00+00:00,SHORT,90019.0,89997.9,0.00023444991494248058,-0.0011655500850575194,-8.667130414196292,7427.418650291291,1h
2026-01-04 18:35:00+00:00,2026-01-04 18:40:00+00:00,2026-01-04 19:35:00+00:00,LONG,91164.5,91100.9,-0.0006976399804748956,-0.002097639980474896,-15.5800503125759,7411.838599978715,1h
2026-01-05 18:00:00+00:00,2026-01-05 18:05:00+00:00,2026-01-05 19:00:00+00:00,SHORT,94249.0,94308.7,-0.0006330274937518254,-0.0020330274937518256,-15.068471653007768,7396.770128325707,1h
2026-01-06 08:00:00+00:00,2026-01-06 08:05:00+00:00,2026-01-06 09:00:00+00:00,LONG,93347.6,93391.2,0.00046707146193347704,-0.000932928538066523,-6.900657942233029,7389.869470383474,1h
2026-01-06 14:30:00+00:00,2026-01-06 14:35:00+00:00,2026-01-06 15:30:00+00:00,SHORT,94062.0,94051.6,0.00011057759782917564,-0.0012894224021708243,-9.528663244230698,7380.340807139244,1h
2026-01-07 02:05:00+00:00,2026-01-07 02:10:00+00:00,2026-01-07 03:05:00+00:00,LONG,92554.2,92964.0,0.004427675891531591,0.0030276758915315904,22.345279933062287,7402.686087072307,1h
2026-01-07 14:20:00+00:00,2026-01-07 14:25:00+00:00,2026-01-07 15:20:00+00:00,LONG,91578.1,91298.9,-0.00304876384201036,-0.00444876384201036,-32.93280219792044,7369.753284874386,1h
2026-01-08 06:35:00+00:00,2026-01-08 06:40:00+00:00,2026-01-08 07:35:00+00:00,LONG,90380.9,90374.9,-6.63857075997587e-05,-0.0014663857075997587,-10.806900885476173,7358.9463839889095,1h
2026-01-09 08:05:00+00:00,2026-01-09 08:10:00+00:00,2026-01-09 09:05:00+00:00,LONG,90686.0,90190.0,-0.00546942196149347,-0.0068694219614934705,-50.55170790362638,7308.394676085283,1h
2026-01-10 05:05:00+00:00,2026-01-10 05:10:00+00:00,2026-01-10 06:05:00+00:00,LONG,90499.5,90595.9,0.0010651992552443978,-0.00033480074475560214,-2.4468559805212307,7305.947820104762,1h
2026-01-11 15:00:00+00:00,2026-01-11 15:05:00+00:00,2026-01-11 16:00:00+00:00,SHORT,91052.0,90936.0,0.0012756224157648433,-0.00012437758423515673,-0.9086961404127398,7305.0391239643495,1h
2026-01-12 01:05:00+00:00,2026-01-12 01:10:00+00:00,2026-01-12 02:05:00+00:00,SHORT,91525.0,91554.8,-0.0003254881229602935,-0.0017254881229602935,-12.604758246160753,7292.434365718189,1h
2026-01-12 14:25:00+00:00,2026-01-12 14:30:00+00:00,2026-01-12 15:25:00+00:00,LONG,90289.9,91324.8,0.01146196861442994,0.01006196861442994,73.37624571064673,7365.810611428836,1h
2026-01-12 16:30:00+00:00,2026-01-12 16:35:00+00:00,2026-01-12 17:30:00+00:00,SHORT,92042.4,91128.4,0.010029804100587736,0.008629804100587736,63.56550261866122,7429.376114047497,1h
2026-01-13 05:30:00+00:00,2026-01-13 05:35:00+00:00,2026-01-13 06:30:00+00:00,SHORT,91877.0,91964.0,-0.0009460223565742609,-0.002346022356574261,-17.429482458954237,7411.946631588543,1h
2026-01-14 06:10:00+00:00,2026-01-14 06:15:00+00:00,2026-01-14 07:10:00+00:00,LONG,94871.0,95043.3,0.0018161503515299326,0.00041615035152993266,3.0844841962566725,7415.0311157848,1h
2026-01-14 14:25:00+00:00,2026-01-14 14:30:00+00:00,2026-01-14 15:25:00+00:00,SHORT,95633.1,96745.7,-0.011500252724410354,-0.012900252724410354,-95.65577535299042,7319.3753404318095,1h
2026-01-14 16:45:00+00:00,2026-01-14 16:50:00+00:00,2026-01-14 17:45:00+00:00,SHORT,97486.9,97325.1,0.0016624693938149804,0.0002624693938149804,1.9211120087074527,7321.296452440517,1h
2026-01-15 14:45:00+00:00,2026-01-15 14:50:00+00:00,2026-01-15 15:45:00+00:00,LONG,96025.1,95477.6,-0.0057016342602090875,-0.007101634260209088,-51.99316971579883,7269.303282724718,1h
2026-01-18 09:55:00+00:00,2026-01-18 10:00:00+00:00,2026-01-18 10:55:00+00:00,SHORT,95275.1,95176.0,0.0010412288812307047,-0.0003587711187692953,-2.608016071416458,7266.695266653302,1h
2026-01-18 13:25:00+00:00,2026-01-18 13:30:00+00:00,2026-01-18 14:25:00+00:00,LONG,94976.9,95171.8,0.0020520779263168976,0.0006520779263168976,4.7384515806561,7271.433718233958,1h
2026-01-19 22:15:00+00:00,2026-01-19 22:20:00+00:00,2026-01-19 23:15:00+00:00,LONG,92968.5,92374.9,-0.0063849583461065285,-0.007784958346106529,-56.60780861292588,7214.825909621032,1h
2026-01-20 15:10:00+00:00,2026-01-20 15:15:00+00:00,2026-01-20 16:10:00+00:00,LONG,90297.6,90763.1,0.0051551757743284465,0.0037551757743284463,27.092939471806098,7241.918849092838,1h
2026-01-20 22:35:00+00:00,2026-01-20 22:40:00+00:00,2026-01-20 23:35:00+00:00,LONG,88550.7,88416.7,-0.0015132573768473767,-0.002913257376847377,-21.097573509649777,7220.821275583188,1h
2026-01-21 03:45:00+00:00,2026-01-21 03:50:00+00:00,2026-01-21 04:45:00+00:00,SHORT,89493.9,89571.1,-0.0008618851392917515,-0.0022618851392917517,-16.332668336723323,7204.488607246465,1h
2026-01-21 07:55:00+00:00,2026-01-21 08:00:00+00:00,2026-01-21 08:55:00+00:00,LONG,89212.5,89199.0,-0.0001513240857503595,-0.0015513240857503595,-11.176496701935504,7193.31211054453,1h
2026-01-21 14:35:00+00:00,2026-01-21 14:40:00+00:00,2026-01-21 15:35:00+00:00,SHORT,89794.9,90005.7,-0.0023420738908758176,-0.003742073890875818,-26.91790543778951,7166.394205106741,1h
2026-01-23 02:00:00+00:00,2026-01-23 02:05:00+00:00,2026-01-23 03:00:00+00:00,SHORT,89832.0,89716.4,0.001288504665813761,-0.00011149533418623888,-0.7990195168087018,7165.595185589932,1h
2026-01-23 14:30:00+00:00,2026-01-23 14:35:00+00:00,2026-01-23 15:30:00+00:00,SHORT,89134.1,88977.2,0.0017633730888362287,0.0003633730888362287,2.603784455937823,7168.19897004587,1h
2026-01-23 17:30:00+00:00,2026-01-23 17:35:00+00:00,2026-01-23 18:30:00+00:00,SHORT,90839.1,90836.3,3.082468132231675e-05,-0.0013691753186776832,-9.814521109157594,7158.384448936712,1h
2026-01-24 07:25:00+00:00,2026-01-24 07:30:00+00:00,2026-01-24 08:25:00+00:00,LONG,89597.5,89616.3,0.00020982728312746168,-0.0011901727168725383,-8.519713868009134,7149.864735068703,1h
2026-01-24 14:05:00+00:00,2026-01-24 14:10:00+00:00,2026-01-24 15:05:00+00:00,LONG,89484.7,89456.2,-0.0003184902000006318,-0.0017184902000006318,-12.28697247854568,7137.577762590157,1h
2026-01-24 15:45:00+00:00,2026-01-24 15:50:00+00:00,2026-01-24 16:45:00+00:00,LONG,89362.7,89264.4,-0.0011000115260617616,-0.0025000115260617618,-17.844026674637515,7119.73373591552,1h
2026-01-25 06:15:00+00:00,2026-01-25 06:20:00+00:00,2026-01-25 07:15:00+00:00,LONG,88743.3,88740.6,-3.0424832071829222e-05,-0.0014304248320718292,-10.184243933593095,7109.549491981927,1h
2026-01-25 15:55:00+00:00,2026-01-25 16:00:00+00:00,2026-01-25 16:55:00+00:00,LONG,88456.1,88087.9,-0.004162516773857483,-0.005562516773857483,-39.54698830371942,7070.002503678207,1h
2026-01-26 01:45:00+00:00,2026-01-26 01:50:00+00:00,2026-01-26 02:45:00+00:00,SHORT,87543.0,87645.7,-0.0011717631327036182,-0.0025717631327036184,-18.18237178708189,7051.820131891125,1h
2026-01-27 09:35:00+00:00,2026-01-27 09:40:00+00:00,2026-01-27 10:35:00+00:00,LONG,88049.0,87834.0,-0.0024418221672023455,-0.0038418221672023457,-27.091838901823092,7024.728292989302,1h
2026-01-28 12:00:00+00:00,2026-01-28 12:05:00+00:00,2026-01-28 13:00:00+00:00,SHORT,89934.0,89971.0,-0.000411243622945201,-0.001811243622945201,-12.723494323599601,7012.004798665702,1h
2026-01-28 15:15:00+00:00,2026-01-28 15:20:00+00:00,2026-01-28 16:15:00+00:00,LONG,89184.8,89405.0,0.0024690305971419857,0.0010690305971419857,7.496047677080065,7019.500846342782,1h
2026-01-30 14:45:00+00:00,2026-01-30 14:50:00+00:00,2026-01-30 15:45:00+00:00,SHORT,83519.3,83041.9,0.005748905070813715,0.004348905070813714,30.527142825241285,7050.027989168023,1h
2026-01-31 07:40:00+00:00,2026-01-31 07:45:00+00:00,2026-01-31 08:40:00+00:00,LONG,83485.2,82797.9,-0.008232596915381474,-0.009632596915381474,-67.91007786181295,6982.11791130621,1h
2026-01-31 18:45:00+00:00,2026-01-31 18:50:00+00:00,2026-01-31 19:45:00+00:00,LONG,78009.0,77774.5,-0.0030060634029407396,-0.00440606340294074,-30.76365420402333,6951.354257102186,1h
2026-02-01 07:05:00+00:00,2026-02-01 07:10:00+00:00,2026-02-01 08:05:00+00:00,LONG,78245.0,78476.0,0.002952265320467662,0.001552265320467662,10.790346143584971,6962.144603245772,1h
2026-02-01 14:40:00+00:00,2026-02-01 14:45:00+00:00,2026-02-01 15:40:00+00:00,LONG,77898.1,77174.0,-0.009295477039876543,-0.010695477039876543,-74.46345775231553,6887.681145493456,1h
2026-02-01 20:05:00+00:00,2026-02-01 20:10:00+00:00,2026-02-01 21:05:00+00:00,LONG,77174.9,76474.9,-0.009070306537488193,-0.010470306537488193,-72.1161329257943,6815.565012567662,1h
2026-02-02 03:45:00+00:00,2026-02-02 03:50:00+00:00,2026-02-02 04:45:00+00:00,LONG,75922.0,75936.1,0.00018571691999702544,-0.0012142830800029745,-8.276025275421173,6807.288987292241,1h
2026-02-03 15:00:00+00:00,2026-02-03 15:05:00+00:00,2026-02-03 16:00:00+00:00,LONG,77420.0,77806.0,0.004985791785068416,0.003585791785068416,24.409520929219216,6831.69850822146,1h
2026-02-03 19:10:00+00:00,2026-02-03 19:15:00+00:00,2026-02-03 20:10:00+00:00,LONG,74583.3,74712.8,0.0017363136251680178,0.0003363136251680178,2.2975932913548984,6833.996101512815,1h
2026-02-04 21:50:00+00:00,2026-02-04 21:55:00+00:00,2026-02-04 22:50:00+00:00,LONG,72420.1,72845.0,0.0058671556653469015,0.004467155665346901,30.528524401831607,6864.524625914646,1h
2026-02-05 11:30:00+00:00,2026-02-05 11:35:00+00:00,2026-02-05 12:30:00+00:00,LONG,70208.0,69612.9,-0.00847624202370112,-0.00987624202370112,-67.79570658318943,6796.728919331456,1h
2026-02-05 20:55:00+00:00,2026-02-05 21:00:00+00:00,2026-02-05 21:55:00+00:00,LONG,63774.9,63226.7,-0.008595858245171728,-0.009995858245171728,-67.93913880849647,6728.7897805229595,1h
2026-02-06 23:05:00+00:00,2026-02-06 23:10:00+00:00,2026-02-07 00:05:00+00:00,SHORT,71400.0,70096.8,0.01859143356044779,0.01719143356044779,115.67754245408054,6844.46732297704,1h
2026-02-07 04:25:00+00:00,2026-02-07 04:30:00+00:00,2026-02-07 05:25:00+00:00,SHORT,71152.9,70264.7,0.012640771254982974,0.011240771254982974,76.93709153979057,6921.40441451683,1h
2026-02-07 07:40:00+00:00,2026-02-07 07:45:00+00:00,2026-02-07 08:40:00+00:00,LONG,68493.0,68360.9,-0.0019286642430613732,-0.0033286642430613734,-23.039031386369313,6898.365383130461,1h
2026-02-07 12:20:00+00:00,2026-02-07 12:25:00+00:00,2026-02-07 13:20:00+00:00,SHORT,69264.4,69219.5,0.0006486611431748557,-0.0007513388568251443,-5.183009960923389,6893.182373169538,1h
2026-02-07 23:10:00+00:00,2026-02-07 23:15:00+00:00,2026-02-08 00:10:00+00:00,LONG,69068.1,69358.1,0.0041987545625259415,0.0027987545625259413,19.29232561723164,6912.474698786769,1h
2026-02-08 23:10:00+00:00,2026-02-08 23:15:00+00:00,2026-02-09 00:10:00+00:00,SHORT,71363.1,70613.4,0.010616965051959193,0.009216965051959193,63.7120377212698,6976.186736508039,1h
2026-02-09 03:55:00+00:00,2026-02-09 04:00:00+00:00,2026-02-09 04:55:00+00:00,SHORT,71305.4,70996.8,0.004346674779708293,0.0029466747797082925,20.55655351500374,6996.743290023042,1h
2026-02-09 10:50:00+00:00,2026-02-09 10:55:00+00:00,2026-02-09 11:50:00+00:00,LONG,68768.0,68872.0,0.0015123313168916575,0.00011233131689165747,0.7859533877211564,6997.529243410763,1h
2026-02-10 06:55:00+00:00,2026-02-10 07:00:00+00:00,2026-02-10 07:55:00+00:00,LONG,68919.0,68924.0,7.254893425612252e-05,-0.0013274510657438775,-9.288877651739567,6988.240365759024,1h
2026-02-10 14:20:00+00:00,2026-02-10 14:25:00+00:00,2026-02-10 15:20:00+00:00,SHORT,69313.9,68980.0,0.0048405334879675355,0.0034405334879675353,24.04327500036042,7012.283640759384,1h
2026-02-11 03:20:00+00:00,2026-02-11 03:25:00+00:00,2026-02-11 04:20:00+00:00,LONG,68247.2,67836.3,-0.006020759826044109,-0.007420759826044109,-52.03647273017356,6960.24716802921,1h
2026-02-11 15:10:00+00:00,2026-02-11 15:15:00+00:00,2026-02-11 16:10:00+00:00,LONG,66107.2,67157.1,0.015881779896894876,0.014481779896894876,100.79676751538491,7061.043935544595,1h
2026-02-11 21:30:00+00:00,2026-02-11 21:35:00+00:00,2026-02-11 22:30:00+00:00,SHORT,68102.0,67540.1,0.008319502043970806,0.006919502043970805,48.858907944568486,7109.902843489163,1h
2026-02-12 05:00:00+00:00,2026-02-12 05:05:00+00:00,2026-02-12 06:00:00+00:00,LONG,67171.0,67028.1,-0.0021274061723064452,-0.0035274061723064454,-25.079515174622824,7084.823328314541,1h
2026-02-12 23:10:00+00:00,2026-02-12 23:15:00+00:00,2026-02-13 00:10:00+00:00,SHORT,66308.5,66377.6,-0.0010410138359929766,-0.002441013835992977,-17.294151769981607,7067.529176544559,1h
2026-02-14 21:20:00+00:00,2026-02-14 21:25:00+00:00,2026-02-14 22:20:00+00:00,SHORT,70035.0,69888.9,0.0020904607169378586,0.0006904607169378586,4.87985126221619,7072.409027806775,1h
2026-02-15 07:20:00+00:00,2026-02-15 07:25:00+00:00,2026-02-15 08:20:00+00:00,SHORT,70647.0,70783.0,-0.0019213652995775377,-0.003321365299577538,-23.490053929376334,7048.9189738773985,1h
2026-02-16 09:40:00+00:00,2026-02-16 09:45:00+00:00,2026-02-16 10:40:00+00:00,SHORT,69026.2,68787.7,0.00346718962837822,0.0020671896283782198,14.571452194077802,7063.490426071477,1h
2026-02-16 21:00:00+00:00,2026-02-16 21:05:00+00:00,2026-02-16 22:00:00+00:00,SHORT,68452.4,68791.9,-0.004935174053922076,-0.006335174053922076,-44.74844127737501,7018.741984794102,1h
2026-02-17 15:00:00+00:00,2026-02-17 15:05:00+00:00,2026-02-17 16:00:00+00:00,LONG,67100.6,67757.9,0.009795739531389902,0.008395739531389902,58.92752954236186,7077.669514336464,1h
2026-02-18 01:40:00+00:00,2026-02-18 01:45:00+00:00,2026-02-18 02:40:00+00:00,LONG,67175.0,67365.0,0.0028284331968737586,0.0014284331968737586,10.109978090779578,7087.779492427244,1h
2026-02-18 04:55:00+00:00,2026-02-18 05:00:00+00:00,2026-02-18 05:55:00+00:00,SHORT,67823.0,67643.9,0.0026476888529491927,0.0012476888529491927,8.84334346486336,7096.622835892107,1h
2026-02-18 10:45:00+00:00,2026-02-18 10:50:00+00:00,2026-02-18 11:45:00+00:00,LONG,67814.5,67555.9,-0.0038133437539170645,-0.005213343753917065,-36.997134335403324,7059.6257015567035,1h
2026-02-18 13:55:00+00:00,2026-02-18 14:00:00+00:00,2026-02-18 14:55:00+00:00,LONG,67241.0,67229.3,-0.0001740009815439647,-0.0015740009815439647,-11.111857783583252,7048.51384377312,1h
2026-02-18 18:45:00+00:00,2026-02-18 18:50:00+00:00,2026-02-18 19:45:00+00:00,LONG,66521.9,66218.0,-0.004568420324735034,-0.005968420324735034,-42.06849328435175,7006.445350488769,1h
2026-02-19 06:30:00+00:00,2026-02-19 06:35:00+00:00,2026-02-19 07:30:00+00:00,SHORT,67137.0,67219.7,-0.0012302940953321517,-0.002630294095332152,-18.429011834658017,6988.016338654111,1h
2026-02-19 12:05:00+00:00,2026-02-19 12:10:00+00:00,2026-02-19 13:05:00+00:00,LONG,66541.0,66354.5,-0.0028027832464194713,-0.0042027832464194715,-29.369117993801034,6958.647220660309,1h
2026-02-20 09:05:00+00:00,2026-02-20 09:10:00+00:00,2026-02-20 10:05:00+00:00,SHORT,68127.1,68216.1,-0.0013046773415660295,-0.0027046773415660297,-18.820895465671367,6939.826325194638,1h
2026-02-20 13:40:00+00:00,2026-02-20 13:45:00+00:00,2026-02-20 14:40:00+00:00,LONG,66636.1,67079.2,0.006649548818133066,0.005249548818133066,36.430957083474254,6976.257282278112,1h
2026-02-21 09:00:00+00:00,2026-02-21 09:05:00+00:00,2026-02-21 10:00:00+00:00,SHORT,68034.1,68222.1,-0.00275570526266411,-0.00415570526266411,-28.991269101661974,6947.2660131764505,1h
2026-02-23 06:40:00+00:00,2026-02-23 06:45:00+00:00,2026-02-23 07:40:00+00:00,SHORT,65538.1,65957.1,-0.006352614047615779,-0.007752614047615779,-53.85947208627542,6893.406541090175,1h
2026-02-24 01:20:00+00:00,2026-02-24 01:25:00+00:00,2026-02-24 02:20:00+00:00,LONG,64243.9,64205.5,-0.0005977221183646186,-0.001997722118364619,-13.771110718015183,6879.63543037216,1h
2026-02-24 04:20:00+00:00,2026-02-24 04:25:00+00:00,2026-02-24 05:20:00+00:00,LONG,63285.9,62723.0,-0.008894556291369815,-0.010294556291369815,-70.82279420206841,6808.8126361700915,1h
2026-02-24 13:35:00+00:00,2026-02-24 13:40:00+00:00,2026-02-24 14:35:00+00:00,LONG,62963.1,63177.3,0.0034019925956632058,0.0020019925956632056,13.631192482870595,6822.443828652962,1h
2026-02-25 13:50:00+00:00,2026-02-25 13:55:00+00:00,2026-02-25 14:50:00+00:00,SHORT,66293.4,66690.0,-0.005946918578497606,-0.007346918578497607,-50.12393931548679,6772.319889337476,1h
2026-02-27 17:30:00+00:00,2026-02-27 17:35:00+00:00,2026-02-27 18:30:00+00:00,LONG,65299.0,65590.0,0.0044564235286910225,0.0030564235286910223,20.69907785359324,6793.018967191068,1h
2026-02-27 22:35:00+00:00,2026-02-27 22:40:00+00:00,2026-02-27 23:35:00+00:00,LONG,65281.0,65950.0,0.010248004779338515,0.008848004779338515,60.10466428784376,6853.123631478912,1h
2026-02-28 14:00:00+00:00,2026-02-28 14:05:00+00:00,2026-02-28 15:00:00+00:00,SHORT,64808.6,64547.6,0.0040435275672527915,0.0026435275672527913,18.116421241606062,6871.240052720518,1h
2026-02-28 19:40:00+00:00,2026-02-28 19:45:00+00:00,2026-02-28 20:40:00+00:00,SHORT,66380.0,66779.9,-0.005988328823493205,-0.0073883288234932055,-50.766980934655976,6820.473071785862,1h
2026-03-01 02:05:00+00:00,2026-03-01 02:10:00+00:00,2026-03-01 03:05:00+00:00,SHORT,67770.1,67759.9,0.00015053150904908996,-0.00124946849095091,-8.5219661965756,6811.951105589286,1h
2026-03-01 13:55:00+00:00,2026-03-01 14:00:00+00:00,2026-03-01 14:55:00+00:00,SHORT,66948.1,66854.5,0.001400055344068285,5.534406828503792e-08,0.00037700108714207304,6811.951482590373,1h
2026-03-02 00:45:00+00:00,2026-03-02 00:50:00+00:00,2026-03-02 01:45:00+00:00,SHORT,66575.0,66495.1,0.0012015922977781646,-0.00019840770222183542,-1.3515436413073811,6810.599938949066,1h
2026-03-03 16:30:00+00:00,2026-03-03 16:35:00+00:00,2026-03-03 17:30:00+00:00,SHORT,68363.7,67864.6,0.007354349690412931,0.005954349690412931,40.5526936380077,6851.152632587074,1h
2026-03-04 03:35:00+00:00,2026-03-04 03:40:00+00:00,2026-03-04 04:35:00+00:00,LONG,67631.3,67566.1,-0.0009640506688470829,-0.002364050668847083,-16.196471963440924,6834.956160623633,1h
2026-03-04 14:35:00+00:00,2026-03-04 14:40:00+00:00,2026-03-04 15:35:00+00:00,SHORT,71906.8,72684.2,-0.010695584459896268,-0.012095584459896268,-82.67278952051147,6752.283371103122,1h
2026-03-04 23:35:00+00:00,2026-03-04 23:40:00+00:00,2026-03-05 00:35:00+00:00,LONG,72701.1,72784.1,0.0011416608552001772,-0.00025833914479982275,-1.7443791115368446,6750.538991991585,1h
2026-03-06 01:30:00+00:00,2026-03-06 01:35:00+00:00,2026-03-06 02:30:00+00:00,LONG,70849.5,71183.0,0.004707160953852929,0.003307160953852929,22.32511897177628,6772.864110963362,1h
2026-03-06 04:55:00+00:00,2026-03-06 05:00:00+00:00,2026-03-06 05:55:00+00:00,LONG,70622.6,70442.5,-0.002550175156394774,-0.003950175156394774,-26.75399954876525,6746.110111414597,1h
2026-03-06 12:15:00+00:00,2026-03-06 12:20:00+00:00,2026-03-06 13:15:00+00:00,LONG,70180.0,70031.4,-0.002117412368196181,-0.003517412368196181,-23.72885114310302,6722.381260271493,1h
2026-03-07 03:15:00+00:00,2026-03-07 03:20:00+00:00,2026-03-07 04:15:00+00:00,SHORT,68334.7,68022.0,0.004597042133427376,0.0031970421334273757,21.491736126050586,6743.872996397544,1h
2026-03-07 14:10:00+00:00,2026-03-07 14:15:00+00:00,2026-03-07 15:10:00+00:00,LONG,67750.1,67932.3,0.0026892949235499675,0.0012892949235499675,8.694841219321061,6752.567837616865,1h
2026-03-08 09:35:00+00:00,2026-03-08 09:40:00+00:00,2026-03-08 10:35:00+00:00,SHORT,67754.9,67955.4,-0.0029504645694087284,-0.004350464569408729,-29.376807130081087,6723.191030486784,1h
2026-03-08 12:15:00+00:00,2026-03-08 12:20:00+00:00,2026-03-08 13:15:00+00:00,LONG,67150.0,67074.4,-0.0011258376768429335,-0.0025258376768429337,-16.98168921341599,6706.209341273368,1h
2026-03-09 05:50:00+00:00,2026-03-09 05:55:00+00:00,2026-03-09 06:50:00+00:00,SHORT,67838.1,67325.9,0.007607770560809524,0.006207770560809523,41.630608923382646,6747.8399501967515,1h
2026-03-09 13:35:00+00:00,2026-03-09 13:40:00+00:00,2026-03-09 14:35:00+00:00,SHORT,68732.9,69347.9,-0.00886832910585611,-0.01026832910585611,-69.28904136226394,6678.550908834488,1h
2026-03-09 19:30:00+00:00,2026-03-09 19:35:00+00:00,2026-03-09 20:30:00+00:00,SHORT,69188.0,68865.5,0.004683041581052816,0.0032830415810528157,21.925960334881697,6700.47686916937,1h
2026-03-10 00:50:00+00:00,2026-03-10 00:55:00+00:00,2026-03-10 01:50:00+00:00,SHORT,69082.0,69255.6,-0.0025066565014237874,-0.003906656501423788,-26.176461523580222,6674.300407645789,1h
2026-03-10 03:00:00+00:00,2026-03-10 03:05:00+00:00,2026-03-10 04:00:00+00:00,SHORT,70053.9,69600.1,0.006520105574560731,0.00512010557456073,34.17312272348016,6708.47353036927,1h
2026-03-10 13:40:00+00:00,2026-03-10 13:45:00+00:00,2026-03-10 14:40:00+00:00,LONG,69922.9,70455.1,0.007611240380476447,0.006211240380476447,41.667941683186996,6750.141472052456,1h
2026-03-10 18:20:00+00:00,2026-03-10 18:25:00+00:00,2026-03-10 19:20:00+00:00,LONG,70325.6,70138.6,-0.002659060143105796,-0.004059060143105796,-27.399230209533613,6722.742241842922,1h
2026-03-12 07:55:00+00:00,2026-03-12 08:00:00+00:00,2026-03-12 08:55:00+00:00,SHORT,69829.2,69907.8,-0.001124338056697649,-0.0025243380566976493,-16.97047408645296,6705.77176775647,1h
2026-03-12 09:45:00+00:00,2026-03-12 09:50:00+00:00,2026-03-12 10:45:00+00:00,SHORT,69939.3,70383.2,-0.006306902783618784,-0.007706902783618784,-51.68073110323459,6654.091036653235,1h
2026-03-12 11:45:00+00:00,2026-03-12 11:50:00+00:00,2026-03-12 12:45:00+00:00,SHORT,70619.2,70599.0,0.00028612303290409535,-0.0011138769670959046,-7.411838742687349,6646.679197910548,1h
2026-03-12 23:20:00+00:00,2026-03-12 23:25:00+00:00,2026-03-13 00:20:00+00:00,SHORT,70543.1,71530.1,-0.013798386972756926,-0.015198386972756927,-101.01880253361813,6545.66039537693,1h
2026-03-13 10:20:00+00:00,2026-03-13 10:25:00+00:00,2026-03-13 11:20:00+00:00,SHORT,72306.2,72349.9,-0.000604009127863292,-0.002004009127863292,-13.117563180228613,6532.542832196701,1h
2026-03-13 13:55:00+00:00,2026-03-13 14:00:00+00:00,2026-03-13 14:55:00+00:00,SHORT,73374.8,72389.0,0.013618091146444966,0.012218091146444966,79.81520374183503,6612.358035938536,1h
2026-03-13 18:10:00+00:00,2026-03-13 18:15:00+00:00,2026-03-13 19:10:00+00:00,LONG,71209.0,71219.9,0.00015307053883639732,-0.0012469294611636027,-8.245144042773656,6604.112891895762,1h
2026-03-14 00:50:00+00:00,2026-03-14 00:55:00+00:00,2026-03-14 01:50:00+00:00,LONG,70652.1,70899.8,0.0035059113600302005,0.0021059113600302003,13.907676361965184,6618.020568257727,1h
2026-03-14 06:45:00+00:00,2026-03-14 06:50:00+00:00,2026-03-14 07:45:00+00:00,LONG,70635.5,70522.1,-0.0016054250341541731,-0.0030054250341541733,-19.889964692389,6598.130603565338,1h
2026-03-15 00:00:00+00:00,2026-03-15 00:05:00+00:00,2026-03-15 01:00:00+00:00,SHORT,71115.9,70989.0,0.0017876008959134548,0.00038760089591345485,2.5574413332959094,6600.688044898634,1h
2026-03-15 02:50:00+00:00,2026-03-15 02:55:00+00:00,2026-03-15 03:50:00+00:00,SHORT,71421.3,71325.9,0.0013375225549205894,-6.247744507941063e-05,-0.41239412481147675,6600.275650773822,1h
2026-03-15 13:10:00+00:00,2026-03-15 13:15:00+00:00,2026-03-15 14:10:00+00:00,LONG,71443.9,71579.0,0.001890994192646378,0.000490994192646378,3.24069701439524,6603.516347788218,1h
2026-03-15 20:45:00+00:00,2026-03-15 20:50:00+00:00,2026-03-15 21:45:00+00:00,SHORT,71792.0,72057.1,-0.0036790267718240788,-0.005079026771824079,-33.539436318594326,6569.976911469624,1h
2026-03-15 23:20:00+00:00,2026-03-15 23:25:00+00:00,2026-03-16 00:20:00+00:00,SHORT,72584.0,72538.3,0.0006300120074498317,-0.0007699879925501683,-5.058803333163451,6564.91810813646,1h
2026-03-16 08:45:00+00:00,2026-03-16 08:50:00+00:00,2026-03-16 09:45:00+00:00,LONG,73086.9,73289.9,0.0027775155328793044,0.0013775155328793044,9.043276666038592,6573.961384802499,1h
2026-03-16 13:40:00+00:00,2026-03-16 13:45:00+00:00,2026-03-16 14:40:00+00:00,SHORT,74075.1,73140.6,0.012776761470373543,0.011376761470373543,74.79039059034457,6648.751775392844,1h
2026-03-17 00:15:00+00:00,2026-03-17 00:20:00+00:00,2026-03-17 01:15:00+00:00,SHORT,75234.5,75838.0,-0.007957752050423261,-0.009357752050423261,-62.21737055893769,6586.534404833907,1h
2026-03-17 03:55:00+00:00,2026-03-17 04:00:00+00:00,2026-03-17 04:55:00+00:00,LONG,74465.7,74246.3,-0.002946322937943169,-0.004346322937943169,-28.627205565281468,6557.907199268625,1h
2026-03-17 10:15:00+00:00,2026-03-17 10:20:00+00:00,2026-03-17 11:15:00+00:00,LONG,73753.0,74000.0,0.003349016311200881,0.0019490163112008808,12.781468098716235,6570.688667367342,1h
2026-03-17 15:05:00+00:00,2026-03-17 15:10:00+00:00,2026-03-17 16:05:00+00:00,SHORT,74365.9,74093.2,0.003680499694978634,0.0022804996949786337,14.984453501730789,6585.673120869073,1h
2026-03-17 22:40:00+00:00,2026-03-17 22:45:00+00:00,2026-03-17 23:40:00+00:00,LONG,74163.0,73949.0,-0.0028855359141350956,-0.004285535914135096,-28.22313867823857,6557.449982190834,1h
2026-03-17 23:45:00+00:00,2026-03-17 23:50:00+00:00,2026-03-18 00:45:00+00:00,LONG,74040.4,73800.0,-0.003246876029843082,-0.004646876029843082,-30.471657139137534,6526.978325051697,1h
2026-03-18 03:35:00+00:00,2026-03-18 03:40:00+00:00,2026-03-18 04:35:00+00:00,SHORT,74473.9,74228.0,0.00331276607210218,0.0019127660721021801,12.4845826935052,6539.462907745202,1h
2026-03-18 14:30:00+00:00,2026-03-18 14:35:00+00:00,2026-03-18 15:30:00+00:00,LONG,71719.4,71448.1,-0.0037827979598266115,-0.005182797959826612,-33.89271501662363,6505.570192728578,1h
2026-03-18 20:10:00+00:00,2026-03-18 20:15:00+00:00,2026-03-18 21:10:00+00:00,LONG,70752.0,71283.9,0.007517808683853433,0.006117808683853433,39.79983381849295,6545.370026547071,1h
2026-03-19 03:20:00+00:00,2026-03-19 03:25:00+00:00,2026-03-19 04:20:00+00:00,SHORT,71498.0,70777.0,0.010186925131045355,0.008786925131045354,57.51367637825745,6602.883702925328,1h
2026-03-19 07:30:00+00:00,2026-03-19 07:35:00+00:00,2026-03-19 08:30:00+00:00,LONG,69975.9,70059.1,0.0011889807776679362,-0.0002110192223320638,-1.3933353841403604,6601.490367541188,1h
2026-03-19 13:00:00+00:00,2026-03-19 13:05:00+00:00,2026-03-19 14:00:00+00:00,LONG,69431.8,69819.9,0.005589657764885736,0.004189657764885736,27.657985378187327,6629.148352919376,1h
2026-03-20 04:15:00+00:00,2026-03-20 04:20:00+00:00,2026-03-20 05:15:00+00:00,SHORT,70851.0,70819.8,0.00044055476010940176,-0.0009594452398905982,-6.3603048317370945,6622.788048087638,1h
2026-03-22 07:45:00+00:00,2026-03-22 07:50:00+00:00,2026-03-22 08:45:00+00:00,LONG,69069.8,68774.1,-0.00428117643311543,-0.00568117643311543,-37.62522738031403,6585.1628207073245,1h
2026-03-22 21:20:00+00:00,2026-03-22 21:25:00+00:00,2026-03-22 22:20:00+00:00,LONG,67668.0,68225.0,0.008231364899213833,0.006831364899213833,44.98565014898797,6630.148470856312,1h
2026-03-23 07:05:00+00:00,2026-03-23 07:10:00+00:00,2026-03-23 08:05:00+00:00,LONG,67763.9,68551.4,0.011621231953886868,0.010221231953886868,67.76828540933069,6697.916756265643,1h
2026-03-24 14:50:00+00:00,2026-03-24 14:55:00+00:00,2026-03-24 15:50:00+00:00,LONG,69916.6,70103.0,0.00266603353137862,0.0012660335313786199,8.479787203815023,6706.396543469458,1h
2026-03-24 16:40:00+00:00,2026-03-24 16:45:00+00:00,2026-03-24 17:40:00+00:00,LONG,69574.3,68951.5,-0.008951581259171837,-0.010351581259171837,-69.42180877595322,6636.974734693505,1h
2026-03-25 00:45:00+00:00,2026-03-25 00:50:00+00:00,2026-03-25 01:45:00+00:00,SHORT,70881.0,70784.1,0.0013689515018202592,-3.104849817974083e-05,-0.20606809796911718,6636.768666595535,1h
2026-03-26 18:05:00+00:00,2026-03-26 18:10:00+00:00,2026-03-26 19:05:00+00:00,LONG,68484.9,68506.2,0.0003110174651639319,-0.001088982534836068,-7.227325165669797,6629.5413414298655,1h
2026-03-27 12:35:00+00:00,2026-03-27 12:40:00+00:00,2026-03-27 13:35:00+00:00,LONG,66595.8,66435.1,-0.002413065088188726,-0.0038130650881887263,-25.278872639710077,6604.262468790155,1h
2026-03-28 00:05:00+00:00,2026-03-28 00:10:00+00:00,2026-03-28 01:05:00+00:00,SHORT,66361.1,66309.1,0.000784206089360362,-0.000615793910639638,-4.06686461254688,6600.195604177608,1h
2026-03-28 06:25:00+00:00,2026-03-28 06:30:00+00:00,2026-03-28 07:25:00+00:00,SHORT,66467.3,66470.1,-4.212420321325627e-05,-0.0014421242032132563,-9.51830182672627,6590.677302350882,1h
2026-03-28 15:25:00+00:00,2026-03-28 15:30:00+00:00,2026-03-28 16:25:00+00:00,SHORT,67030.1,67077.1,-0.0007006862252542101,-0.0021006862252542103,-13.844945024144076,6576.832357326738,1h
2026-03-28 22:15:00+00:00,2026-03-28 22:20:00+00:00,2026-03-28 23:15:00+00:00,LONG,66722.1,66325.2,-0.005948553777534116,-0.007348553777534116,-48.330206263642005,6528.502151063096,1h
2026-03-29 11:45:00+00:00,2026-03-29 11:50:00+00:00,2026-03-29 12:45:00+00:00,SHORT,66829.5,66801.9,0.00041316190108364736,-0.0009868380989163526,-6.442574651526424,6522.05957641157,1h
2026-03-30 05:10:00+00:00,2026-03-30 05:15:00+00:00,2026-03-30 06:10:00+00:00,SHORT,67641.1,67440.1,0.0029804226268941303,0.0015804226268941303,10.307610528512392,6532.367186940082,1h
2026-03-31 00:50:00+00:00,2026-03-31 00:55:00+00:00,2026-03-31 01:50:00+00:00,SHORT,67143.7,67973.2,-0.012203338963003074,-0.013603338963003074,-88.86200507474481,6443.505181865337,1h
2026-03-31 09:00:00+00:00,2026-03-31 09:05:00+00:00,2026-03-31 10:00:00+00:00,LONG,66855.0,66235.9,-0.009260339540797302,-0.010660339540797302,-68.68995307157137,6374.815228793766,1h
2026-03-31 14:05:00+00:00,2026-03-31 14:10:00+00:00,2026-03-31 15:05:00+00:00,SHORT,67181.5,66933.6,0.003703670503304668,0.0023036705033046678,14.685473806589597,6389.500702600356,1h
2026-03-31 17:15:00+00:00,2026-03-31 17:20:00+00:00,2026-03-31 18:15:00+00:00,SHORT,68247.8,67756.6,0.007249478279606647,0.005849478279606647,37.37524557739219,6426.875948177748,1h
2026-04-01 07:15:00+00:00,2026-04-01 07:20:00+00:00,2026-04-01 08:15:00+00:00,SHORT,69012.9,68542.8,0.006858488418914677,0.0054584884189146764,35.081027932929516,6461.956976110678,1h
2026-04-02 01:00:00+00:00,2026-04-02 01:05:00+00:00,2026-04-02 02:00:00+00:00,SHORT,68101.5,67140.0,0.014320822162645186,0.012920822162645186,83.49379691099051,6545.450773021668,1h
2026-04-02 04:25:00+00:00,2026-04-02 04:30:00+00:00,2026-04-02 05:25:00+00:00,LONG,66425.5,66469.8,0.0006669125561720168,-0.0007330874438279832,-4.798387775896352,6540.652385245772,1h
2026-04-02 12:20:00+00:00,2026-04-02 12:25:00+00:00,2026-04-02 13:20:00+00:00,LONG,66120.6,66027.9,-0.0014019836480614334,-0.0028019836480614336,-18.326801031112666,6522.325584214659,1h
2026-04-03 08:10:00+00:00,2026-04-03 08:15:00+00:00,2026-04-03 09:10:00+00:00,SHORT,67170.1,66888.5,0.004209991254102041,0.002809991254102041,18.327677848049177,6540.653262062709,1h
2026-04-04 06:55:00+00:00,2026-04-04 07:00:00+00:00,2026-04-04 07:55:00+00:00,SHORT,67009.3,67021.7,-0.00018501470419274302,-0.001585014704192743,-10.367031595395623,6530.286230467313,1h
2026-04-04 15:20:00+00:00,2026-04-04 15:25:00+00:00,2026-04-04 16:20:00+00:00,SHORT,67353.8,67376.5,-0.0003369127217947021,-0.001736912721794702,-11.342537230659445,6518.943693236653,1h
2026-04-05 01:45:00+00:00,2026-04-05 01:50:00+00:00,2026-04-05 02:45:00+00:00,LONG,67108.9,67136.6,0.0004127619436469221,-0.000987238056353078,-6.435749301186109,6512.507943935468,1h
2026-04-05 06:30:00+00:00,2026-04-05 06:35:00+00:00,2026-04-05 07:30:00+00:00,LONG,66813.0,66763.6,-0.0007393770673370659,-0.002139377067337066,-13.932710146106007,6498.575233789362,1h
2026-04-05 22:50:00+00:00,2026-04-05 22:55:00+00:00,2026-04-05 23:50:00+00:00,SHORT,68080.0,68997.2,-0.013293293061167666,-0.014693293061167666,-95.48547039011328,6403.089763399248,1h
2026-04-07 09:10:00+00:00,2026-04-07 09:15:00+00:00,2026-04-07 10:10:00+00:00,SHORT,69099.8,68908.0,0.0027834213734254654,0.0013834213734254654,8.858171234648326,6411.947934633897,1h
2026-04-07 14:20:00+00:00,2026-04-07 14:25:00+00:00,2026-04-07 15:20:00+00:00,LONG,68089.7,68030.4,-0.0008709099907916462,-0.0022709099907916464,-14.56095662519598,6397.386978008701,1h
2026-04-08 13:30:00+00:00,2026-04-08 13:35:00+00:00,2026-04-08 14:30:00+00:00,SHORT,72115.5,71035.4,0.015205094924502616,0.013805094924502615,88.31653450018703,6485.703512508888,1h
2026-04-09 08:45:00+00:00,2026-04-09 08:50:00+00:00,2026-04-09 09:45:00+00:00,SHORT,71260.5,71355.5,-0.0013313619833089652,-0.0027313619833089654,-17.714804009080197,6467.988708499807,1h
2026-04-09 13:55:00+00:00,2026-04-09 14:00:00+00:00,2026-04-09 14:55:00+00:00,LONG,70803.1,71123.0,0.004518163752716964,0.0031181637527169636,20.168247943826707,6488.156956443634,1h
2026-04-09 15:35:00+00:00,2026-04-09 15:40:00+00:00,2026-04-09 16:35:00+00:00,SHORT,71878.5,71858.5,0.0002783247632500707,-0.0011216752367499293,-7.277604990189614,6480.8793514534445,1h
2026-04-10 14:40:00+00:00,2026-04-10 14:45:00+00:00,2026-04-10 15:40:00+00:00,SHORT,72851.7,72740.9,0.001523214587666688,0.00012321458766668806,0.7985388770068889,6481.677890330451,1h
2026-04-12 13:05:00+00:00,2026-04-12 13:10:00+00:00,2026-04-12 14:05:00+00:00,LONG,71119.2,70997.3,-0.0017140237797950153,-0.0031140237797950155,-20.184099083460612,6461.49379124699,1h
2026-04-13 07:35:00+00:00,2026-04-13 07:40:00+00:00,2026-04-13 08:35:00+00:00,LONG,70791.7,70691.3,-0.0014182453592722633,-0.0028182453592722635,-18.210074891148373,6443.283716355842,1h
2026-04-13 14:45:00+00:00,2026-04-13 14:50:00+00:00,2026-04-13 15:45:00+00:00,SHORT,71953.2,71834.0,0.0016593813514491629,0.0002593813514491629,1.6712676381187632,6444.954983993961,1h
2026-04-14 07:10:00+00:00,2026-04-14 07:15:00+00:00,2026-04-14 08:10:00+00:00,SHORT,74780.1,74540.3,0.003217051715649122,0.0018170517156491219,11.710816510947586,6456.6658005049085,1h
2026-04-14 14:30:00+00:00,2026-04-14 14:35:00+00:00,2026-04-14 15:30:00+00:00,SHORT,75639.3,75088.3,0.0073380273624519265,0.005938027362451926,38.339858193605714,6495.005658698514,1h
2026-04-14 18:50:00+00:00,2026-04-14 18:55:00+00:00,2026-04-14 19:50:00+00:00,LONG,74093.3,74228.8,0.001828775341360167,0.0004287753413601671,2.784898268444672,6497.790556966958,1h
2026-04-15 07:45:00+00:00,2026-04-15 07:50:00+00:00,2026-04-15 08:45:00+00:00,LONG,73695.6,74067.3,0.0050437203849347245,0.0036437203849347243,23.676131909456863,6521.466688876415,1h
2026-04-16 02:45:00+00:00,2026-04-16 02:50:00+00:00,2026-04-16 03:45:00+00:00,SHORT,74974.1,74935.4,0.0005164448311480996,-0.0008835551688519004,-5.762075601452245,6515.704613274963,1h
2026-04-16 07:55:00+00:00,2026-04-16 08:00:00+00:00,2026-04-16 08:55:00+00:00,LONG,74701.3,74673.7,-0.0003694714817547018,-0.0017694714817547018,-11.529353496727595,6504.175259778235,1h
2026-04-16 13:30:00+00:00,2026-04-16 13:35:00+00:00,2026-04-16 14:30:00+00:00,SHORT,74811.3,73893.3,0.01242331848760303,0.01102331848760303,71.69759538772365,6575.872855165959,1h
2026-04-17 08:35:00+00:00,2026-04-17 08:40:00+00:00,2026-04-17 09:35:00+00:00,SHORT,75253.0,75640.9,-0.005128178009515927,-0.006528178009515927,-42.928468566467124,6532.944386599492,1h
2026-04-17 13:25:00+00:00,2026-04-17 13:30:00+00:00,2026-04-17 14:25:00+00:00,SHORT,76589.4,77454.8,-0.01117296797616174,-0.01257296797616174,-82.13850056276102,6450.805886036731,1h
2026-04-18 07:55:00+00:00,2026-04-18 08:00:00+00:00,2026-04-18 08:55:00+00:00,LONG,76986.6,76738.9,-0.0032174430355413897,-0.00461744303554139,-29.786228712109708,6421.019657324621,1h
2026-04-18 10:10:00+00:00,2026-04-18 10:15:00+00:00,2026-04-18 11:10:00+00:00,LONG,76300.1,75956.4,-0.004504581252187223,-0.005904581252187223,-37.913432288564586,6383.1062250360565,1h
2026-04-19 07:40:00+00:00,2026-04-19 07:45:00+00:00,2026-04-19 08:40:00+00:00,LONG,75199.4,75223.2,0.0003164918869034139,-0.001083508113096586,-6.91614738158389,6376.190077654473,1h
2026-04-19 22:05:00+00:00,2026-04-19 22:10:00+00:00,2026-04-19 23:05:00+00:00,LONG,74187.9,73959.3,-0.003081365020441207,-0.004481365020441207,-28.574035177685058,6347.616042476788,1h
2026-04-20 07:30:00+00:00,2026-04-20 07:35:00+00:00,2026-04-20 08:30:00+00:00,SHORT,75076.7,74884.9,0.00256126401984913,0.00116126401984913,7.37125812194542,6354.987300598733,1h
2026-04-20 19:10:00+00:00,2026-04-20 19:15:00+00:00,2026-04-20 20:10:00+00:00,SHORT,76339.9,76333.0,9.03934078313462e-05,-0.0013096065921686538,-8.322533262012179,6346.664767336721,1h
2026-04-22 23:25:00+00:00,2026-04-22 23:30:00+00:00,2026-04-23 00:25:00+00:00,LONG,78334.8,78440.1,0.0013442301505843801,-5.5769849415619873e-05,-0.35395253836578905,6346.310814798355,1h
2026-04-23 03:35:00+00:00,2026-04-23 03:40:00+00:00,2026-04-23 04:35:00+00:00,LONG,77629.6,77879.8,0.003222997413357742,0.0018229974133577422,11.569308199741666,6357.880122998096,1h
2026-04-23 08:45:00+00:00,2026-04-23 08:50:00+00:00,2026-04-23 09:45:00+00:00,LONG,77808.7,77620.4,-0.0024200378620899965,-0.0038200378620899967,-24.287342792482132,6333.592780205614,1h
2026-04-23 15:40:00+00:00,2026-04-23 15:45:00+00:00,2026-04-23 16:40:00+00:00,SHORT,78488.2,78322.6,0.002114332261696994,0.000714332261696994,4.524289655352028,6338.117069860966,1h
2026-04-23 17:45:00+00:00,2026-04-23 17:50:00+00:00,2026-04-23 18:45:00+00:00,LONG,77307.6,77877.9,0.007377023733759591,0.005977023733759591,37.88307615390579,6376.0001460148715,1h
2026-04-24 22:55:00+00:00,2026-04-24 23:00:00+00:00,2026-04-24 23:55:00+00:00,LONG,77316.3,77413.5,0.0012571734550153035,-0.00014282654498469645,-0.9106620716772242,6375.089483943194,1h
2026-04-25 10:40:00+00:00,2026-04-25 10:45:00+00:00,2026-04-25 11:40:00+00:00,SHORT,77808.0,77649.0,0.0020476760808252337,0.0006476760808252337,4.128992971870489,6379.2184769150645,1h
2026-04-25 21:10:00+00:00,2026-04-25 21:15:00+00:00,2026-04-25 22:10:00+00:00,SHORT,77489.0,77508.3,-0.0002490055903691113,-0.0016490055903691113,-10.519366930618869,6368.699109984445,1h
2026-04-26 13:05:00+00:00,2026-04-26 13:10:00+00:00,2026-04-26 14:05:00+00:00,LONG,77886.0,77945.5,0.0007639370361811615,-0.0006360629638188385,-4.050893631567106,6364.648216352878,1h
2026-04-26 19:00:00+00:00,2026-04-26 19:05:00+00:00,2026-04-26 20:00:00+00:00,SHORT,78209.5,78237.4,-0.0003566069424596474,-0.0017566069424596474,-11.180185243158878,6353.468031109719,1h
2026-04-27 07:10:00+00:00,2026-04-27 07:15:00+00:00,2026-04-27 08:10:00+00:00,LONG,77657.5,77640.0,-0.00022534848533628526,-0.0016253484853362853,-10.326599640996692,6343.141431468723,1h
2026-04-27 15:25:00+00:00,2026-04-27 15:30:00+00:00,2026-04-27 16:25:00+00:00,LONG,76850.0,76748.6,-0.0013194534808066427,-0.002719453480806643,-17.249878045056448,6325.891553423666,1h
2026-04-28 11:55:00+00:00,2026-04-28 12:00:00+00:00,2026-04-28 12:55:00+00:00,LONG,76230.5,76378.3,0.0019388564944478048,0.0005388564944478048,3.4087477467348553,6329.3003011704,1h
2026-04-29 00:55:00+00:00,2026-04-29 01:00:00+00:00,2026-04-29 01:55:00+00:00,SHORT,76508.4,76572.0,-0.0008305908164865095,-0.0022305908164865097,-14.118079126575996,6315.182222043824,1h
2026-04-29 10:35:00+00:00,2026-04-29 10:40:00+00:00,2026-04-29 11:35:00+00:00,SHORT,77687.5,77601.0,0.0011146763572633667,-0.0002853236427366333,-1.8018707961391702,6313.380351247685,1h
2026-04-29 18:10:00+00:00,2026-04-29 18:15:00+00:00,2026-04-29 19:10:00+00:00,LONG,75189.2,75564.6,0.004992738318801315,0.003592738318801315,22.682323509094864,6336.06267475678,1h
2026-04-30 13:45:00+00:00,2026-04-30 13:50:00+00:00,2026-04-30 14:45:00+00:00,SHORT,76462.0,76379.9,0.001074890121615768,-0.00032510987838423196,-2.0599165656250484,6334.002758191155,1h
2026-05-03 12:15:00+00:00,2026-05-03 12:20:00+00:00,2026-05-03 13:15:00+00:00,SHORT,78784.6,78679.0,0.0013421624575808977,-5.783754241910229e-05,-0.3663431532095919,6333.636415037946,1h
2026-05-04 10:30:00+00:00,2026-05-04 10:35:00+00:00,2026-05-04 11:30:00+00:00,LONG,78956.3,78890.3,-0.0008359054312322423,-0.0022359054312322425,-14.161412059833653,6319.475002978113,1h
2026-05-05 02:05:00+00:00,2026-05-05 02:10:00+00:00,2026-05-05 03:05:00+00:00,SHORT,80447.6,80521.1,-0.0009128042215021948,-0.002312804221502195,-14.615708464565374,6304.859294513547,1h
2026-05-05 05:25:00+00:00,2026-05-05 05:30:00+00:00,2026-05-05 06:25:00+00:00,SHORT,81051.5,80825.9,0.0027911845089261256,0.0013911845089261256,8.771222581486148,6313.630517095033,1h
2026-05-05 12:45:00+00:00,2026-05-05 12:50:00+00:00,2026-05-05 13:45:00+00:00,SHORT,81237.6,81632.5,-0.004837534070376348,-0.006237534070376348,-39.381485458148106,6274.249031636885,1h
2026-05-05 22:40:00+00:00,2026-05-05 22:45:00+00:00,2026-05-05 23:40:00+00:00,LONG,81023.4,80924.1,-0.0012255718718294784,-0.0026255718718294786,-16.47349177431915,6257.775539862566,1h
2026-05-07 13:50:00+00:00,2026-05-07 13:55:00+00:00,2026-05-07 14:50:00+00:00,LONG,80492.7,80269.1,-0.0027778916597405168,-0.004177891659740517,-26.144308236520025,6231.6312316260455,1h
2026-05-08 07:15:00+00:00,2026-05-08 07:20:00+00:00,2026-05-08 08:15:00+00:00,LONG,79334.7,79743.3,0.005150331443870115,0.003750331443870115,23.370682554570212,6255.001914180616,1h
2026-05-10 20:50:00+00:00,2026-05-10 20:55:00+00:00,2026-05-10 21:50:00+00:00,LONG,80620.4,80761.0,0.0017439754702284205,0.0003439754702284205,2.1515672247099475,6257.153481405326,1h
2026-05-12 01:20:00+00:00,2026-05-12 01:25:00+00:00,2026-05-12 02:20:00+00:00,LONG,81406.3,81209.0,-0.0024236453444020922,-0.0038236453444020924,-23.925135778384817,6233.228345626941,1h
2026-05-12 07:05:00+00:00,2026-05-12 07:10:00+00:00,2026-05-12 08:05:00+00:00,LONG,80972.9,80906.2,-0.0008237323845384781,-0.0022237323845384783,-13.861031732393831,6219.367313894547,1h
2026-05-12 11:20:00+00:00,2026-05-12 11:25:00+00:00,2026-05-12 12:20:00+00:00,LONG,80588.6,80821.9,0.0028949504024140538,0.0014949504024140538,9.297645668667466,6228.664959563214,1h
2026-05-13 12:25:00+00:00,2026-05-13 12:30:00+00:00,2026-05-13 13:25:00+00:00,LONG,80360.0,80150.0,-0.002613240418118501,-0.004013240418118501,-24.99712996663753,6203.667829596577,1h
2026-05-15 13:10:00+00:00,2026-05-15 13:15:00+00:00,2026-05-15 14:10:00+00:00,LONG,80137.7,79252.6,-0.01104473924257865,-0.01244473924257865,-77.20302848690324,6126.464801109673,1h
2026-05-16 04:35:00+00:00,2026-05-16 04:40:00+00:00,2026-05-16 05:35:00+00:00,LONG,78958.2,79024.1,0.0008346188236307839,-0.0005653811763692161,-3.463787876235983,6123.001013233437,1h
2026-05-16 07:25:00+00:00,2026-05-16 07:30:00+00:00,2026-05-16 08:25:00+00:00,LONG,78465.0,78419.0,-0.0005862486458930727,-0.001986248645893073,-12.161802471336829,6110.8392107621,1h
2026-05-17 05:10:00+00:00,2026-05-17 05:15:00+00:00,2026-05-17 06:10:00+00:00,SHORT,78241.0,78189.3,0.000661215792953751,-0.000738784207046249,-4.514591500710004,6106.324619261391,1h
2026-05-17 21:35:00+00:00,2026-05-17 21:40:00+00:00,2026-05-17 22:35:00+00:00,SHORT,78382.5,78042.2,0.004360461391401005,0.0029604613914010047,18.077538278684788,6124.402157540076,1h
2026-05-18 12:00:00+00:00,2026-05-18 12:05:00+00:00,2026-05-18 13:00:00+00:00,SHORT,77284.8,77522.2,-0.003062348591758135,-0.004462348591758135,-27.32921734305944,6097.072940197017,1h
2026-05-18 13:45:00+00:00,2026-05-18 13:50:00+00:00,2026-05-18 14:45:00+00:00,LONG,76922.0,76405.6,-0.006713293986115754,-0.008113293986115754,-49.46734521860955,6047.605594978407,1h
2026-05-20 05:40:00+00:00,2026-05-20 05:45:00+00:00,2026-05-20 06:40:00+00:00,SHORT,77136.8,77313.2,-0.002281628492935117,-0.0036816284929351174,-22.265037072506335,6025.340557905901,1h
2026-05-20 08:40:00+00:00,2026-05-20 08:45:00+00:00,2026-05-20 09:40:00+00:00,SHORT,77524.4,77508.0,0.00021159106156787288,-0.001188408938432127,-7.1605685761129925,6018.1799893297875,1h
2026-05-20 13:45:00+00:00,2026-05-20 13:50:00+00:00,2026-05-20 14:45:00+00:00,LONG,77190.0,77412.9,0.002887679751263139,0.0014876797512631392,8.95312450958294,6027.133113839371,1h
2026-05-20 22:10:00+00:00,2026-05-20 22:15:00+00:00,2026-05-20 23:10:00+00:00,LONG,77375.3,77448.4,0.0009447459331335395,-0.0004552540668664605,-2.7438768616208873,6024.3892369777495,1h
2026-05-21 08:15:00+00:00,2026-05-21 08:20:00+00:00,2026-05-21 09:15:00+00:00,SHORT,78027.7,77915.3,0.0014425921481402426,4.259214814024263e-05,0.25659167883583955,6024.645828656586,1h
2026-05-21 13:50:00+00:00,2026-05-21 13:55:00+00:00,2026-05-21 14:50:00+00:00,LONG,77084.7,76988.0,-0.0012544642451743915,-0.0026544642451743917,-15.992206942007952,6008.653621714578,1h
2026-05-21 17:55:00+00:00,2026-05-21 18:00:00+00:00,2026-05-21 18:55:00+00:00,SHORT,77871.1,77391.4,0.006198363125618833,0.004798363125618833,28.83170197305128,6037.485323687629,1h
2026-05-22 07:10:00+00:00,2026-05-22 07:15:00+00:00,2026-05-22 08:10:00+00:00,LONG,77376.2,77399.4,0.0002998337990234301,-0.0011001662009765699,-6.642237292013215,6030.8430863956155,1h
2026-05-23 07:35:00+00:00,2026-05-23 07:40:00+00:00,2026-05-23 08:35:00+00:00,LONG,75353.4,74355.9,-0.013237624314231367,-0.014637624314231367,-88.2772153967386,5942.565870998877,1h
2026-05-23 13:30:00+00:00,2026-05-23 13:35:00+00:00,2026-05-23 14:30:00+00:00,SHORT,74961.3,75363.6,-0.005338120790408185,-0.006738120790408185,-40.04172664374766,5902.524144355129,1h
2026-05-23 20:20:00+00:00,2026-05-23 20:25:00+00:00,2026-05-23 21:20:00+00:00,SHORT,76038.0,76985.4,-0.012306229492864751,-0.013706229492864751,-80.90135050970655,5821.622793845422,1h
2026-05-24 13:55:00+00:00,2026-05-24 14:00:00+00:00,2026-05-24 14:55:00+00:00,LONG,76801.8,76464.3,-0.004394428255587779,-0.005794428255587779,-33.73297561003178,5787.8898182353905,1h
2026-05-24 22:00:00+00:00,2026-05-24 22:05:00+00:00,2026-05-24 23:00:00+00:00,LONG,76598.8,76910.5,0.004069254348632034,0.002669254348632034,15.44935006672789,5803.339168302118,1h
2026-05-25 05:15:00+00:00,2026-05-25 05:20:00+00:00,2026-05-25 06:15:00+00:00,SHORT,77412.3,77306.8,0.0013646923685886048,-3.530763141139522e-05,-0.20490216030972408,5803.134266141808,1h
2026-05-25 09:35:00+00:00,2026-05-25 09:40:00+00:00,2026-05-25 10:35:00+00:00,SHORT,77595.7,77524.0,0.0009248748774572935,-0.0004751251225427065,-2.757214879332406,5800.377051262476,1h
2026-05-25 15:10:00+00:00,2026-05-25 15:15:00+00:00,2026-05-25 16:10:00+00:00,SHORT,77712.1,77516.9,0.002518160555956328,0.001118160555956328,6.485752828395977,5806.862804090872,1h
2026-05-26 01:10:00+00:00,2026-05-26 01:15:00+00:00,2026-05-26 02:10:00+00:00,LONG,76841.2,76770.1,-0.0009252848732189678,-0.002325284873218968,-13.502610239210384,5793.360193851661,1h
2026-05-26 14:30:00+00:00,2026-05-26 14:35:00+00:00,2026-05-26 15:30:00+00:00,SHORT,77571.4,76439.4,0.014809116764391117,0.013409116764391117,77.68384329753248,5871.044037149194,1h
2026-05-27 12:15:00+00:00,2026-05-27 12:20:00+00:00,2026-05-27 13:15:00+00:00,LONG,75833.6,75465.1,-0.004859323571609453,-0.006259323571609453,-36.748764331685074,5834.295272817509,1h
2026-05-27 13:55:00+00:00,2026-05-27 14:00:00+00:00,2026-05-27 14:55:00+00:00,LONG,75083.2,75043.6,-0.0005274149210474643,-0.0019274149210474643,-11.245107762625153,5823.050165054883,1h
2026-05-27 22:00:00+00:00,2026-05-27 22:05:00+00:00,2026-05-27 23:00:00+00:00,LONG,74660.2,74470.0,-0.002547542063910835,-0.003947542063910835,-22.98673546681708,5800.063429588066,1h
2026-05-28 03:20:00+00:00,2026-05-28 03:25:00+00:00,2026-05-28 04:20:00+00:00,LONG,73944.5,72905.5,-0.014051078849677823,-0.015451078849677823,-89.61723738369798,5710.446192204368,1h
2026-05-28 13:50:00+00:00,2026-05-28 13:55:00+00:00,2026-05-28 14:50:00+00:00,LONG,72989.1,72960.9,-0.00038635905909256696,-0.001786359059092567,-10.200907286904927,5700.245284917463,1h
2026-05-29 07:55:00+00:00,2026-05-29 08:00:00+00:00,2026-05-29 08:55:00+00:00,LONG,73526.2,73654.1,0.0017395159820581263,0.0003395159820581263,1.9353243758809566,5702.180609293344,1h
2026-05-29 12:50:00+00:00,2026-05-29 12:55:00+00:00,2026-05-29 13:50:00+00:00,LONG,73327.3,73120.8,-0.002816140782491705,-0.004216140782491705,-24.041196215975067,5678.139413077369,1h
2026-05-29 14:25:00+00:00,2026-05-29 14:30:00+00:00,2026-05-29 15:25:00+00:00,LONG,72727.0,73662.1,0.012857673216274623,0.011457673216274623,65.05826587148988,5743.197678948859,1h
2026-05-29 15:40:00+00:00,2026-05-29 15:45:00+00:00,2026-05-29 16:40:00+00:00,SHORT,73816.2,74070.5,-0.003433215652655308,-0.004833215652655308,-27.758112918189262,5715.43956603067,1h
2026-05-30 04:10:00+00:00,2026-05-30 04:15:00+00:00,2026-05-30 05:10:00+00:00,LONG,73484.3,73497.2,0.00017554770202599101,-0.001224452297974009,-6.998283110557827,5708.441282920112,1h
2026-05-30 14:40:00+00:00,2026-05-30 14:45:00+00:00,2026-05-30 15:40:00+00:00,SHORT,74003.1,73881.0,0.001652657652170486,0.0002526576521704861,1.442281372095673,5709.883564292208,1h
2026-05-31 01:25:00+00:00,2026-05-31 01:30:00+00:00,2026-05-31 02:25:00+00:00,SHORT,74108.3,73967.1,0.0019089568199914808,0.0005089568199914808,2.906084181403784,5712.789648473611,1h
2026-05-31 07:50:00+00:00,2026-05-31 07:55:00+00:00,2026-05-31 08:50:00+00:00,LONG,73890.4,73902.8,0.00016781611684346665,-0.0012321838831565333,-7.039207332712661,5705.750441140898,1h
2026-05-31 16:35:00+00:00,2026-05-31 16:40:00+00:00,2026-05-31 17:35:00+00:00,LONG,73530.5,73721.8,0.002601641495705964,0.0012016414957059642,6.856266494217514,5712.6067076351155,1h
2026-05-31 22:00:00+00:00,2026-05-31 22:05:00+00:00,2026-05-31 23:00:00+00:00,SHORT,73720.1,74067.2,-0.004686284887237435,-0.006086284887237435,-34.76855187141081,5677.838155763705,1h
2026-06-01 06:45:00+00:00,2026-06-01 06:50:00+00:00,2026-06-01 07:45:00+00:00,LONG,73183.4,72757.7,-0.0058168929019422055,-0.007216892901942206,-40.97634988470771,5636.861805878997,1h
2026-06-01 08:30:00+00:00,2026-06-01 08:35:00+00:00,2026-06-01 09:30:00+00:00,LONG,72835.1,72987.7,0.0020951436875900065,0.0006951436875900065,3.9184289021739893,5640.780234781171,1h
2026-06-01 13:55:00+00:00,2026-06-01 14:00:00+00:00,2026-06-01 14:55:00+00:00,LONG,71712.1,71577.1,-0.001882527495359887,-0.003282527495359887,-18.516016215951794,5622.264218565219,1h
2026-06-01 21:10:00+00:00,2026-06-01 21:15:00+00:00,2026-06-01 22:10:00+00:00,LONG,71226.9,70978.0,-0.003494466276083852,-0.004894466276083852,-27.5179826130004,5594.746235952219,1h
2026-06-02 02:20:00+00:00,2026-06-02 02:25:00+00:00,2026-06-02 03:20:00+00:00,LONG,70541.1,70948.7,0.005778191720854808,0.004378191720854808,24.494871650529607,5619.241107602748,1h
2026-06-02 14:10:00+00:00,2026-06-02 14:15:00+00:00,2026-06-02 15:10:00+00:00,LONG,68583.3,67855.1,-0.010617745136206613,-0.012017745136206614,-67.5306074900652,5551.710500112683,1h
2026-06-02 23:05:00+00:00,2026-06-02 23:10:00+00:00,2026-06-03 00:05:00+00:00,LONG,66469.4,66838.4,0.005551426671521087,0.004151426671521087,23.047519042731462,5574.758019155414,1h
2026-06-03 03:50:00+00:00,2026-06-03 03:55:00+00:00,2026-06-03 04:50:00+00:00,LONG,65938.7,66328.1,0.005905484942833494,0.004505484942833494,25.116988315244996,5599.8750074706595,1h
2026-06-03 19:55:00+00:00,2026-06-03 20:00:00+00:00,2026-06-03 20:55:00+00:00,LONG,65458.7,65002.9,-0.006963169143291759,-0.008363169143291759,-46.83270186876933,5553.04230560189,1h
2026-06-04 00:30:00+00:00,2026-06-04 00:35:00+00:00,2026-06-04 01:30:00+00:00,LONG,63718.2,62911.4,-0.01266200237922599,-0.01406200237922599,-78.08689411331635,5474.955411488573,1h
2026-06-04 02:05:00+00:00,2026-06-04 02:10:00+00:00,2026-06-04 03:05:00+00:00,LONG,62027.4,63808.4,0.02871311710631108,0.027313117106311083,149.53809830581898,5624.493509794393,1h
2026-06-05 06:05:00+00:00,2026-06-05 06:10:00+00:00,2026-06-05 07:05:00+00:00,LONG,62448.6,61549.3,-0.01440064308887623,-0.01580064308887623,-88.87061450396197,5535.62289529043,1h
2026-06-05 12:05:00+00:00,2026-06-05 12:10:00+00:00,2026-06-05 13:05:00+00:00,LONG,62050.9,61974.9,-0.0012248009295594553,-0.0026248009295594555,-14.529908121248926,5521.0929871691815,1h
2026-06-05 14:05:00+00:00,2026-06-05 14:10:00+00:00,2026-06-05 15:05:00+00:00,LONG,61134.7,60749.8,-0.006295933406068821,-0.007695933406068821,-42.4899639579676,5478.603023211213,1h
2026-06-06 10:40:00+00:00,2026-06-06 10:45:00+00:00,2026-06-06 11:40:00+00:00,LONG,60424.1,60833.1,0.006768822373854233,0.005368822373854233,29.413646488481803,5508.016669699695,1h
2026-06-07 03:20:00+00:00,2026-06-07 03:25:00+00:00,2026-06-07 04:20:00+00:00,SHORT,61627.4,61530.3,0.001578084293429427,0.00017808429342942704,0.980891256820976,5508.997560956515,1h
2026-06-07 22:20:00+00:00,2026-06-07 22:25:00+00:00,2026-06-07 23:20:00+00:00,SHORT,62962.6,62970.0,-0.00011751627759248873,-0.0015175162775924887,-8.359993471968831,5500.637567484547,1h
2026-06-08 00:40:00+00:00,2026-06-08 00:45:00+00:00,2026-06-08 01:40:00+00:00,SHORT,63727.4,63125.0,0.009542970297029774,0.008142970297029773,44.79152832675277,5545.4290958113,1h
2026-06-09 00:55:00+00:00,2026-06-09 01:00:00+00:00,2026-06-09 01:55:00+00:00,LONG,62558.5,62766.1,0.003318493889719276,0.0019184938897192762,10.63887183618547,5556.067967647486,1h
2026-06-09 14:55:00+00:00,2026-06-09 15:00:00+00:00,2026-06-09 15:55:00+00:00,LONG,61548.1,61131.3,-0.006771939344999978,-0.008171939344999978,-45.40385042831255,5510.664117219173,1h
2026-06-09 16:20:00+00:00,2026-06-09 16:25:00+00:00,2026-06-09 17:20:00+00:00,LONG,61038.2,61762.8,0.011871254394788977,0.010471254394788977,57.70356585563718,5568.36768307481,1h
2026-06-10 12:50:00+00:00,2026-06-10 12:55:00+00:00,2026-06-10 13:50:00+00:00,SHORT,61669.1,62219.4,-0.008844508304483911,-0.010244508304483911,-57.04518897167973,5511.32249410313,1h
2026-06-11 06:25:00+00:00,2026-06-11 06:30:00+00:00,2026-06-11 07:25:00+00:00,SHORT,62888.5,62792.8,0.00152406008332151,0.00012406008332151012,0.6837351278301473,5512.00622923096,1h
2026-06-11 11:05:00+00:00,2026-06-11 11:10:00+00:00,2026-06-11 12:05:00+00:00,SHORT,63147.0,63026.6,0.00191030453808394,0.0005103045380839401,2.8128017927235054,5514.819031023684,1h
2026-06-11 18:00:00+00:00,2026-06-11 18:05:00+00:00,2026-06-11 19:00:00+00:00,SHORT,63521.1,63503.9,0.0002708495068806105,-0.0011291504931193895,-6.227060628344587,5508.59197039534,1h
2026-06-14 15:00:00+00:00,2026-06-14 15:05:00+00:00,2026-06-14 16:00:00+00:00,LONG,64137.2,64034.2,-0.0016059322826690314,-0.0030059322826690316,-16.55845443586276,5492.033515959477,1h
2026-06-14 20:55:00+00:00,2026-06-14 21:00:00+00:00,2026-06-14 21:55:00+00:00,SHORT,64014.0,65315.8,-0.01993085899583258,-0.021330858995832577,-117.14979252931823,5374.883723430159,1h
2026-06-15 19:20:00+00:00,2026-06-15 19:25:00+00:00,2026-06-15 20:20:00+00:00,LONG,66571.8,66566.6,-7.811115216949105e-05,-0.001478111152169491,-7.944675573216396,5366.939047856943,1h
2026-06-15 22:30:00+00:00,2026-06-15 22:35:00+00:00,2026-06-15 23:30:00+00:00,LONG,66247.2,66186.5,-0.00091626514026244,-0.00231626514026244,-12.43125382646433,5354.507794030479,1h
2026-06-16 09:00:00+00:00,2026-06-16 09:05:00+00:00,2026-06-16 10:00:00+00:00,SHORT,66821.9,66521.2,0.004520363433010877,0.0031203634330108764,16.70801032226444,5371.215804352743,1h
2026-06-16 13:35:00+00:00,2026-06-16 13:40:00+00:00,2026-06-16 14:35:00+00:00,LONG,66037.5,65661.5,-0.005693734620480839,-0.007093734620480839,-38.101979505410895,5333.113824847333,1h
2026-06-17 07:55:00+00:00,2026-06-17 08:00:00+00:00,2026-06-17 08:55:00+00:00,LONG,65541.4,64926.3,-0.009384907859764868,-0.010784907859764869,-57.51714120661668,5275.596683640716,1h
2026-06-18 03:30:00+00:00,2026-06-18 03:35:00+00:00,2026-06-18 04:30:00+00:00,LONG,64328.3,63926.1,-0.006252302641294838,-0.007652302641294838,-40.37046243663014,5235.226221204086,1h
2026-06-18 10:30:00+00:00,2026-06-18 10:35:00+00:00,2026-06-18 11:30:00+00:00,LONG,64011.8,64045.9,0.0005327142808044805,-0.0008672857191955195,-4.540436938408227,5230.685784265677,1h
2026-06-19 03:20:00+00:00,2026-06-19 03:25:00+00:00,2026-06-19 04:20:00+00:00,LONG,62846.7,62770.0,-0.001220430030534625,-0.002620430030534625,-13.706646109380339,5216.979138156297,1h
2026-06-20 00:35:00+00:00,2026-06-20 00:40:00+00:00,2026-06-20 01:35:00+00:00,SHORT,63583.9,63607.0,-0.0003631675758957176,-0.0017631675758957176,-9.198408460521568,5207.780729695775,1h
2026-06-20 09:00:00+00:00,2026-06-20 09:05:00+00:00,2026-06-20 10:00:00+00:00,LONG,63448.3,63747.2,0.004710922120844785,0.0033109221208447847,17.242556418458935,5225.023286114234,1h
2026-06-21 08:55:00+00:00,2026-06-21 09:00:00+00:00,2026-06-21 09:55:00+00:00,LONG,64009.4,64207.7,0.0030979824838226477,0.0016979824838226478,8.87199801738742,5233.895284131621,1h
2026-06-21 10:50:00+00:00,2026-06-21 10:55:00+00:00,2026-06-21 11:50:00+00:00,SHORT,64378.7,64170.7,0.0032413546992631215,0.0018413546992631215,9.637457676886852,5243.532741808508,1h
2026-06-21 20:50:00+00:00,2026-06-21 20:55:00+00:00,2026-06-21 21:50:00+00:00,LONG,63838.3,63818.4,-0.000311725092930093,-0.001711725092930093,-8.975486569754153,5234.557255238754,1h
2026-06-22 01:30:00+00:00,2026-06-22 01:35:00+00:00,2026-06-22 02:30:00+00:00,SHORT,64469.6,64508.3,-0.0005999228006319246,-0.001999922800631925,-10.46871040596525,5224.088544832789,1h
2026-06-22 22:30:00+00:00,2026-06-22 22:35:00+00:00,2026-06-22 23:30:00+00:00,LONG,64138.7,63997.2,-0.002206156345544885,-0.0036061563455448854,-18.83888005563711,5205.249664777152,1h
2026-06-23 05:00:00+00:00,2026-06-23 05:05:00+00:00,2026-06-23 06:00:00+00:00,LONG,63706.6,63347.3,-0.005639917999076927,-0.007039917999076927,-36.64453080475381,5168.605133972398,1h
2026-06-23 08:30:00+00:00,2026-06-23 08:35:00+00:00,2026-06-23 09:30:00+00:00,LONG,62336.1,62475.9,0.0022426812071978386,0.0008426812071978386,4.355486413824806,5172.960620386223,1h
2026-06-23 13:30:00+00:00,2026-06-23 13:35:00+00:00,2026-06-23 14:30:00+00:00,LONG,62322.8,62592.1,0.004321051043919555,0.0029210510439195547,15.110482020333924,5188.071102406557,1h
2026-06-24 11:50:00+00:00,2026-06-24 11:55:00+00:00,2026-06-24 12:50:00+00:00,SHORT,62931.9,62650.6,0.0044899809419223224,0.0030899809419223222,16.03104083177419,5204.102143238331,1h
2026-06-24 13:15:00+00:00,2026-06-24 13:20:00+00:00,2026-06-24 14:15:00+00:00,LONG,62204.5,61014.2,-0.019135271563954448,-0.020535271563954446,-106.8676507579565,5097.234492480375,1h
2026-06-24 14:20:00+00:00,2026-06-24 14:25:00+00:00,2026-06-24 15:20:00+00:00,LONG,61244.1,60958.1,-0.004669837584355019,-0.006069837584355019,-30.93938549872816,5066.295106981646,1h
2026-06-24 16:10:00+00:00,2026-06-24 16:15:00+00:00,2026-06-24 17:10:00+00:00,LONG,60531.2,59840.6,-0.011408992387396899,-0.0128089923873969,-64.89413545763406,5001.400971524013,1h
2026-06-25 06:55:00+00:00,2026-06-25 07:00:00+00:00,2026-06-25 07:55:00+00:00,SHORT,61725.7,61911.7,-0.003004278674305527,-0.004404278674305527,-22.027563640534154,4979.373407883479,1h
2026-06-25 11:10:00+00:00,2026-06-25 11:15:00+00:00,2026-06-25 12:10:00+00:00,LONG,61356.2,61222.6,-0.0021774490597527008,-0.003577449059752701,-17.813454716190353,4961.559953167288,1h
2026-06-25 14:05:00+00:00,2026-06-25 14:10:00+00:00,2026-06-25 15:05:00+00:00,LONG,59486.2,59281.3,-0.003444496370586747,-0.004844496370586747,-24.036259185567477,4937.5236939817205,1h
2026-06-25 22:00:00+00:00,2026-06-25 22:05:00+00:00,2026-06-25 23:00:00+00:00,SHORT,60139.5,59928.1,0.0035275605266977816,0.0021275605266977814,10.504880510950525,4948.028574492671,1h
2026-06-26 07:40:00+00:00,2026-06-26 07:45:00+00:00,2026-06-26 08:40:00+00:00,SHORT,60590.8,60214.0,0.006257680937987953,0.004857680937987953,24.03594408693275,4972.064518579604,1h
2026-06-27 02:45:00+00:00,2026-06-27 02:50:00+00:00,2026-06-27 03:45:00+00:00,SHORT,60272.4,60347.0,-0.0012361840688021042,-0.0026361840688021044,-13.107277272935756,4958.957241306668,1h
2026-06-27 17:05:00+00:00,2026-06-27 17:10:00+00:00,2026-06-27 18:05:00+00:00,LONG,60534.8,60566.5,0.0005236657261606936,-0.0008763342738393064,-4.345704193060649,4954.6115371136075,1h
2026-06-28 05:30:00+00:00,2026-06-28 05:35:00+00:00,2026-06-28 06:30:00+00:00,LONG,59930.0,59972.6,0.0007108293008508682,-0.0006891706991491318,-3.4145730970449395,4951.196964016563,1h
2026-06-28 16:35:00+00:00,2026-06-28 16:40:00+00:00,2026-06-28 17:35:00+00:00,LONG,59710.1,59445.7,-0.004428061584221155,-0.005828061584221155,-28.85588082189734,4922.341083194665,1h
2026-06-29 12:20:00+00:00,2026-06-29 12:25:00+00:00,2026-06-29 13:20:00+00:00,SHORT,60432.8,60069.1,0.00605469367778122,0.00465469367778122,22.91198991982897,4945.253073114493,1h
2026-06-29 14:15:00+00:00,2026-06-29 14:20:00+00:00,2026-06-29 15:15:00+00:00,LONG,59143.6,59387.8,0.004128933646244226,0.002728933646244226,13.495267500414798,4958.748340614909,1h
2026-06-30 01:10:00+00:00,2026-06-30 01:15:00+00:00,2026-06-30 02:10:00+00:00,LONG,59826.9,59797.0,-0.0004997751847413134,-0.0018997751847413134,-9.42050704487737,4949.3278335700315,1h
2026-06-30 12:15:00+00:00,2026-06-30 12:20:00+00:00,2026-06-30 13:15:00+00:00,LONG,59034.6,58539.2,-0.00839168894173925,-0.00979168894173925,-48.46227861700996,4900.865554953021,1h
2026-07-01 21:20:00+00:00,2026-07-01 21:25:00+00:00,2026-07-01 22:20:00+00:00,SHORT,60408.5,60983.0,-0.009420658216224176,-0.010820658216224176,-53.030591133812464,4847.8349638192085,1h
2026-07-01 22:25:00+00:00,2026-07-01 22:30:00+00:00,2026-07-01 23:25:00+00:00,SHORT,60566.0,60210.8,0.005899273884419465,0.0044992738844194646,21.811737248687344,4869.646701067896,1h
2026-07-02 00:05:00+00:00,2026-07-02 00:10:00+00:00,2026-07-02 01:05:00+00:00,LONG,59969.9,59820.0,-0.002499587292958627,-0.0038995872929586273,-18.98961239668227,4850.657088671214,1h
2026-07-02 07:40:00+00:00,2026-07-02 07:45:00+00:00,2026-07-02 08:40:00+00:00,LONG,60126.6,60440.6,0.005222314250265203,0.003822314250265203,18.540735713177906,4869.197824384392,1h
2026-07-02 13:25:00+00:00,2026-07-02 13:30:00+00:00,2026-07-02 14:25:00+00:00,SHORT,61709.4,61678.7,0.0004977407111370624,-0.0009022592888629376,-4.393278966362025,4864.80454541803,1h
2026-07-03 10:45:00+00:00,2026-07-03 10:50:00+00:00,2026-07-03 11:45:00+00:00,SHORT,61973.0,62038.0,-0.0010477449305265063,-0.0024477449305265065,-11.907800664049288,4852.896744753981,1h
2026-07-04 00:10:00+00:00,2026-07-04 00:15:00+00:00,2026-07-04 01:10:00+00:00,SHORT,62823.9,62516.0,0.004925139164373871,0.0035251391643738705,17.107136375594724,4870.003881129575,1h
2026-07-04 16:05:00+00:00,2026-07-04 16:10:00+00:00,2026-07-04 17:05:00+00:00,SHORT,62893.9,62938.6,-0.0007102159882805825,-0.0021102159882805827,-10.27676005294812,4859.727121076628,1h
2026-07-04 23:15:00+00:00,2026-07-04 23:20:00+00:00,2026-07-05 00:15:00+00:00,LONG,63039.0,63044.7,9.042021605676354e-05,-0.0013095797839432364,-6.3642003932426165,4853.362920683385,1h
2026-07-06 05:35:00+00:00,2026-07-06 05:40:00+00:00,2026-07-06 06:35:00+00:00,LONG,63113.4,63025.9,-0.0013863933808034856,-0.002786393380803486,-13.523378316829257,4839.839542366555,1h
2026-07-06 21:10:00+00:00,2026-07-06 21:15:00+00:00,2026-07-06 22:10:00+00:00,SHORT,64314.9,64372.9,-0.0009010002656397731,-0.0023010002656397733,-11.136472072639322,4828.7030702939155,1h
2026-07-07 12:15:00+00:00,2026-07-07 12:20:00+00:00,2026-07-07 13:15:00+00:00,SHORT,63699.3,63305.4,0.006222218009838132,0.004822218009838132,23.285058909732,4851.988129203647,1h
2026-07-08 02:35:00+00:00,2026-07-08 02:40:00+00:00,2026-07-08 03:35:00+00:00,LONG,62761.1,62981.1,0.003505356024671391,0.002105356024671391,10.21516243945297,4862.2032916431,1h
2026-07-09 07:20:00+00:00,2026-07-09 07:25:00+00:00,2026-07-09 08:20:00+00:00,SHORT,62865.3,63021.2,-0.002473770731118985,-0.003873770731118985,-18.83506079991743,4843.368230843183,1h
2026-07-12 00:00:00+00:00,2026-07-12 00:05:00+00:00,2026-07-12 01:00:00+00:00,LONG,63893.6,63905.2,0.00018155182991730356,-0.0012184481700826964,-5.901393157907543,4837.466837685275,1h
2026-07-12 22:20:00+00:00,2026-07-12 22:25:00+00:00,2026-07-12 23:20:00+00:00,LONG,63846.9,63856.7,0.00015349218207916238,-0.0012465078179208376,-6.029940232107487,4831.436897453168,1h
2026-07-13 00:15:00+00:00,2026-07-13 00:20:00+00:00,2026-07-13 01:15:00+00:00,SHORT,64234.9,63788.2,0.007002862598411763,0.005602862598411763,27.069877089326923,4858.506774542495,1h
2026-07-13 09:00:00+00:00,2026-07-13 09:05:00+00:00,2026-07-13 10:00:00+00:00,SHORT,63177.6,63108.2,0.001099698612858635,-0.00030030138714136497,-1.4590163238308302,4857.047758218664,1h
2026-07-13 13:30:00+00:00,2026-07-13 13:35:00+00:00,2026-07-13 14:30:00+00:00,LONG,62713.7,62660.0,-0.0008562722339775508,-0.002256272233977551,-10.95882199597168,4846.088936222693,1h
2026-07-14 12:25:00+00:00,2026-07-14 12:30:00+00:00,2026-07-14 13:25:00+00:00,SHORT,62961.5,63963.0,-0.015657489486109122,-0.01705748948610912,-82.66211107836831,4763.4268251443245,1h
2026-07-14 21:40:00+00:00,2026-07-14 21:45:00+00:00,2026-07-14 22:40:00+00:00,SHORT,64742.4,64918.5,-0.0027126319924212217,-0.004112631992421222,-19.590221554646,4743.836603589679,1h
2026-07-15 06:15:00+00:00,2026-07-15 06:20:00+00:00,2026-07-15 07:15:00+00:00,SHORT,65008.3,64810.3,0.003055069950301137,0.001655069950301137,7.851381411739884,4751.687985001418,1h
2026-07-18 12:20:00+00:00,2026-07-18 12:25:00+00:00,2026-07-18 13:20:00+00:00,SHORT,64081.2,63979.2,0.0015942681371445833,0.00019426813714458328,0.9231015731385241,4752.611086574557,1h
2026-07-18 17:20:00+00:00,2026-07-18 17:25:00+00:00,2026-07-18 18:20:00+00:00,SHORT,64301.7,64597.6,-0.00458066553556169,-0.00598066553556169,-28.423777329404846,4724.187309245152,1h
2026-07-19 02:15:00+00:00,2026-07-19 02:20:00+00:00,2026-07-19 03:15:00+00:00,SHORT,64828.7,64678.5,0.0023222554635620174,0.0009222554635620174,4.356907556841688,4728.5442168019945,1h
2026-07-19 10:00:00+00:00,2026-07-19 10:05:00+00:00,2026-07-19 11:00:00+00:00,LONG,64564.9,64564.4,-7.744145812949021e-06,-0.001407744145812949,-6.656580439420684,4721.887636362574,1h
2026-07-19 12:20:00+00:00,2026-07-19 12:25:00+00:00,2026-07-19 13:20:00+00:00,LONG,64433.0,64355.5,-0.0012027998075520019,-0.002602799807552002,-12.290128231206685,4709.597508131367,1h
2026-07-19 22:30:00+00:00,2026-07-19 22:35:00+00:00,2026-07-19 23:30:00+00:00,SHORT,64753.2,64763.1,-0.00015286482580356697,-0.001552864825803567,-7.313368314069328,4702.284139817298,1h
2026-07-20 05:15:00+00:00,2026-07-20 05:20:00+00:00,2026-07-20 06:15:00+00:00,LONG,64371.6,64187.7,-0.002856849915179982,-0.004256849915179982,-20.016917841733438,4682.267221975564,1h
2026-07-20 12:00:00+00:00,2026-07-20 12:05:00+00:00,2026-07-20 13:00:00+00:00,SHORT,64806.6,64647.7,0.002457937405352384,0.001057937405352384,4.953545635983343,4687.220767611548,1h
2026-07-21 01:10:00+00:00,2026-07-21 01:15:00+00:00,2026-07-21 02:10:00+00:00,SHORT,65550.0,65297.6,0.003865379432015814,0.002465379432015814,11.555777673786885,4698.776545285335,1h
2026-07-21 04:05:00+00:00,2026-07-21 04:10:00+00:00,2026-07-21 05:05:00+00:00,SHORT,65663.8,65545.9,0.0017987395092600167,0.0003987395092600167,1.873587853789551,4700.650133139124,1h
2026-07-21 05:50:00+00:00,2026-07-21 05:55:00+00:00,2026-07-21 06:50:00+00:00,SHORT,65757.7,65919.2,-0.002449969053022527,-0.0038499690530225273,-18.097357541671848,4682.552775597452,1h
2026-07-21 14:15:00+00:00,2026-07-21 14:20:00+00:00,2026-07-21 15:15:00+00:00,SHORT,66851.3,66735.8,0.0017307052586468252,0.00033070525864682524,1.5485448267813646,4684.101320424233,1h
2026-07-22 00:15:00+00:00,2026-07-22 00:20:00+00:00,2026-07-22 01:15:00+00:00,SHORT,66633.5,66440.1,0.002910892668734677,0.001510892668734677,7.077174344639394,4691.178494768872,1h
2026-07-22 06:10:00+00:00,2026-07-22 06:15:00+00:00,2026-07-22 07:10:00+00:00,LONG,65986.0,65904.8,-0.0012305640590427602,-0.0026305640590427604,-12.340445542893312,4678.8380492259785,1h
2026-07-22 07:40:00+00:00,2026-07-22 07:45:00+00:00,2026-07-22 08:40:00+00:00,LONG,65778.9,65928.9,0.0022803665005040052,0.0008803665005040053,4.119092279822062,4682.957141505801,1h
2026-07-23 00:10:00+00:00,2026-07-23 00:15:00+00:00,2026-07-23 01:10:00+00:00,SHORT,66196.2,66050.8,0.0022013359414267963,0.0008013359414267964,3.75262186964989,4686.709763375451,1h
2026-07-23 01:40:00+00:00,2026-07-23 01:45:00+00:00,2026-07-23 02:40:00+00:00,LONG,65780.8,65775.5,-8.057062243094215e-05,-0.0014805706224309421,-6.939004791513965,4679.770758583937,1h
2026-07-23 12:50:00+00:00,2026-07-23 12:55:00+00:00,2026-07-23 13:50:00+00:00,LONG,65231.2,65095.1,-0.002086424900967665,-0.003486424900967665,-16.315669303547377,4663.45508928039,1h
2026-07-24 03:50:00+00:00,2026-07-24 03:55:00+00:00,2026-07-24 04:50:00+00:00,SHORT,65420.8,65317.8,0.0015769055295800083,0.0001769055295800083,0.8249909922417323,4664.2800802726315,1h
2026-07-24 09:35:00+00:00,2026-07-24 09:40:00+00:00,2026-07-24 10:35:00+00:00,LONG,65036.8,65012.8,-0.00036902184609333144,-0.0017690218460933314,-8.251213358300243,4656.028866914331,1h
2026-07-24 13:40:00+00:00,2026-07-24 13:45:00+00:00,2026-07-24 14:40:00+00:00,LONG,64410.6,63836.6,-0.008911576665952547,-0.010311576665952548,-48.0109986200753,4608.017868294256,1h
2026-07-25 01:20:00+00:00,2026-07-25 01:25:00+00:00,2026-07-25 02:20:00+00:00,LONG,64015.1,64040.1,0.0003905328586537582,-0.0010094671413462418,-4.651642624779406,4603.366225669477,1h
2026-07-26 00:30:00+00:00,2026-07-26 00:35:00+00:00,2026-07-26 01:30:00+00:00,SHORT,64459.5,64498.2,-0.0006000167446532645,-0.0020000167446532647,-9.206809533110253,4594.159416136366,1h
2026-07-26 09:05:00+00:00,2026-07-26 09:10:00+00:00,2026-07-26 10:05:00+00:00,SHORT,64499.2,64509.5,-0.00015966640572318003,-0.00155966640572318,-7.16535610388471,4586.994060032482,1h
2026-07-26 12:15:00+00:00,2026-07-26 12:20:00+00:00,2026-07-26 13:15:00+00:00,SHORT,64546.8,64470.8,0.0011788282447247056,-0.0002211717552752944,-1.014513527694733,4585.979546504787,1h
2026-07-26 21:35:00+00:00,2026-07-26 21:40:00+00:00,2026-07-26 22:35:00+00:00,SHORT,64809.9,65419.8,-0.009322865554465154,-0.010722865554465154,-49.17484211269791,4536.80470439209,1h
2026-07-27 13:50:00+00:00,2026-07-27 13:55:00+00:00,2026-07-27 14:50:00+00:00,SHORT,65435.7,64587.9,0.01312629765017892,0.01172629765017892,53.19992234443363,4590.004626736523,1h
2026-07-30 11:55:00+00:00,2026-07-30 12:00:00+00:00,2026-07-30 12:55:00+00:00,SHORT,64795.1,64920.9,-0.0019377426991924462,-0.0033377426991924464,-15.320254432149381,4574.684372304374,1h
2026-07-30 13:50:00+00:00,2026-07-30 13:55:00+00:00,2026-07-30 14:50:00+00:00,SHORT,65007.5,64745.9,0.004040410280805373,0.002640410280805373,12.079043648072144,4586.763415952446,1h
2026-07-30 23:40:00+00:00,2026-07-30 23:45:00+00:00,2026-07-31 00:40:00+00:00,SHORT,64821.1,64797.7,0.0003611239287815149,-0.001038876071218485,-4.765078757173355,4581.998337195272,1h
2026-07-31 01:10:00+00:00,2026-07-31 01:15:00+00:00,2026-07-31 02:10:00+00:00,SHORT,65191.4,64490.9,0.010861997584155292,0.009461997584155292,43.35485719714523,4625.353194392417,1h
2026-07-31 07:05:00+00:00,2026-07-31 07:10:00+00:00,2026-07-31 08:05:00+00:00,LONG,64125.1,63866.0,-0.004040539507930596,-0.005440539507930596,-25.164416792224934,4600.188777600192,1h
2026-07-31 10:05:00+00:00,2026-07-31 10:10:00+00:00,2026-07-31 11:05:00+00:00,LONG,63707.6,63938.0,0.0036165229894078443,0.002216522989407844,10.196424181166794,4610.385201781359,1h
2026-07-31 18:10:00+00:00,2026-07-31 18:15:00+00:00,2026-07-31 19:10:00+00:00,SHORT,63156.3,63072.8,0.001323867023502956,-7.613297649704405e-05,-0.3510023482095399,4610.034199433149,1h
2026-08-02 01:15:00+00:00,2026-08-02 01:20:00+00:00,2026-08-02 02:15:00+00:00,SHORT,63000.1,63539.5,-0.008489207500845919,-0.009889207500845919,-45.589584784190514,4564.444614648959,1h
2026-08-02 18:45:00+00:00,2026-08-02 18:50:00+00:00,2026-08-02 19:45:00+00:00,SHORT,63417.6,63472.5,-0.0008649415101028568,-0.002264941510102857,-10.338200078283867,4554.106414570675,1h
2026-08-03 08:10:00+00:00,2026-08-03 08:15:00+00:00,2026-08-03 09:10:00+00:00,LONG,62572.2,62576.1,6.232799869598793e-05,-0.001337672001304012,-6.091900641730193,4548.014513928945,1h
2026-08-04 12:40:00+00:00,2026-08-04 12:45:00+00:00,2026-08-04 13:40:00+00:00,SHORT,63958.9,64023.0,-0.0010012026927822548,-0.002401202692782255,-10.920704697658962,4537.093809231286,1h
2026-08-05 02:15:00+00:00,2026-08-05 02:20:00+00:00,2026-08-05 03:15:00+00:00,SHORT,64360.2,64131.6,0.00356454540351403,0.00216454540351403,9.820745550083542,4546.91455478137,1h
2026-08-05 07:45:00+00:00,2026-08-05 07:50:00+00:00,2026-08-05 08:45:00+00:00,LONG,64053.4,64154.9,0.0015846153365786098,0.00018461533657860977,0.8394301609251421,4547.753984942295,1h
2026-08-06 15:10:00+00:00,2026-08-06 15:15:00+00:00,2026-08-06 16:10:00+00:00,SHORT,64851.1,64640.6,0.003256467297642729,0.001856467297642729,8.442756550769774,4556.196741493064,1h
2026-08-07 11:10:00+00:00,2026-08-07 11:15:00+00:00,2026-08-07 12:10:00+00:00,SHORT,64964.1,65214.1,-0.0038335267986524535,-0.005233526798652454,-23.844977746536937,4532.3517637465275,1h
2026-08-07 17:35:00+00:00,2026-08-07 17:40:00+00:00,2026-08-07 18:35:00+00:00,LONG,64674.3,64758.9,0.0013080930137627789,-9.190698623722112e-05,-0.41655479117289695,4531.935208955355,1h
2026-08-08 11:50:00+00:00,2026-08-08 11:55:00+00:00,2026-08-08 12:50:00+00:00,LONG,64964.7,65023.9,0.0009112641172821512,-0.0004887358827178488,-2.214919354768894,4529.720289600586,1h
2026-08-09 01:30:00+00:00,2026-08-09 01:35:00+00:00,2026-08-09 02:30:00+00:00,LONG,64883.1,64843.5,-0.0006103284214225013,-0.0020103284214225015,-9.106225439278221,4520.614064161307,1h
2026-08-09 02:50:00+00:00,2026-08-09 02:55:00+00:00,2026-08-09 03:50:00+00:00,LONG,64808.7,64791.2,-0.0002700254749747888,-0.0016700254749747888,-7.549540649678698,4513.064523511629,1h
2026-08-09 06:55:00+00:00,2026-08-09 07:00:00+00:00,2026-08-09 07:55:00+00:00,SHORT,64851.6,64824.0,0.0004257682339874336,-0.0009742317660125664,-4.396770820869396,4508.66775269076,1h
2026-08-09 10:30:00+00:00,2026-08-09 10:35:00+00:00,2026-08-09 11:30:00+00:00,SHORT,64938.3,64982.8,-0.0006847965923290067,-0.002084796592329007,-9.399655166753378,4499.268097524006,1h
2026-08-09 11:40:00+00:00,2026-08-09 11:45:00+00:00,2026-08-09 12:40:00+00:00,SHORT,64984.3,64936.9,0.0007299393719133462,-0.0006700606280866538,-3.0147824073571794,4496.253315116649,1h
2026-08-09 20:15:00+00:00,2026-08-09 20:20:00+00:00,2026-08-09 21:15:00+00:00,LONG,65117.2,65132.1,0.00022881819242837054,-0.0011711818075716294,-5.265930084898248,4490.987385031751,1h
2026-08-09 21:40:00+00:00,2026-08-09 21:45:00+00:00,2026-08-09 22:40:00+00:00,SHORT,65227.9,65040.7,0.0028781978053742385,0.0014781978053742385,6.638567696517325,4497.625952728268,1h
2026-08-10 07:35:00+00:00,2026-08-10 07:40:00+00:00,2026-08-10 08:35:00+00:00,SHORT,65320.6,65243.5,0.001181726915324921,-0.00021827308467507896,-0.98171069041669,4496.644242037852,1h
2026-08-10 10:00:00+00:00,2026-08-10 10:05:00+00:00,2026-08-10 11:00:00+00:00,LONG,65046.5,65005.6,-0.0006287809490134189,-0.002028780949013419,-9.12270617273728,4487.521535865114,1h
2026-08-11 06:35:00+00:00,2026-08-11 06:40:00+00:00,2026-08-11 07:35:00+00:00,LONG,63971.3,64093.8,0.0019149212224855994,0.0005149212224855994,2.310720075178119,4489.832255940292,1h
2026-08-11 13:40:00+00:00,2026-08-11 13:45:00+00:00,2026-08-11 14:40:00+00:00,LONG,64176.1,63963.8,-0.0033080850970999,-0.0047080850970999,-21.138512332670913,4468.693743607621,1h
2026-08-12 01:50:00+00:00,2026-08-12 01:55:00+00:00,2026-08-12 02:50:00+00:00,SHORT,63839.8,63778.3,0.0009642778186311762,-0.00043572218136882375,-1.947108985833928,4466.746634621787,1h
2026-08-12 12:30:00+00:00,2026-08-12 12:35:00+00:00,2026-08-12 13:30:00+00:00,SHORT,64253.3,63924.2,0.005148285000047048,0.003748285000047048,16.742639409563477,4483.489274031351,1h
2026-08-12 15:00:00+00:00,2026-08-12 15:05:00+00:00,2026-08-12 16:00:00+00:00,LONG,63462.3,63484.9,0.0003561169387178431,-0.0010438830612821569,-4.680238508601562,4478.80903552275,1h
2026-08-13 09:15:00+00:00,2026-08-13 09:20:00+00:00,2026-08-13 10:15:00+00:00,LONG,63668.5,63659.5,-0.00014135718604957326,-0.0015413571860495732,-6.903444491846749,4471.9055910309025,1h
2026-08-13 11:35:00+00:00,2026-08-13 11:40:00+00:00,2026-08-13 12:35:00+00:00,LONG,63465.0,63565.5,0.0015835499881824422,0.0001835499881824422,0.8208182183867194,4472.72640924929,1h
2026-08-14 06:30:00+00:00,2026-08-14 06:35:00+00:00,2026-08-14 07:30:00+00:00,LONG,63215.3,63022.2,-0.003054640253229879,-0.004454640253229879,-19.92438710432622,4452.802022144963,1h
2026-08-14 07:40:00+00:00,2026-08-14 07:45:00+00:00,2026-08-14 08:40:00+00:00,LONG,63029.0,62837.4,-0.0030398705357851386,-0.004439870535785139,-19.76986449980591,4433.032157645157,1h
2026-08-15 02:50:00+00:00,2026-08-15 02:55:00+00:00,2026-08-15 03:50:00+00:00,SHORT,63128.0,63072.9,0.0008735923035090298,-0.0005264076964909702,-2.3335822465763822,4430.698575398581,1h
2026-08-16 13:35:00+00:00,2026-08-16 13:40:00+00:00,2026-08-16 14:35:00+00:00,SHORT,63056.5,63092.0,-0.0005626703861028037,-0.001962670386102804,-8.696000883682677,4422.002574514899,1h
2026-08-16 15:40:00+00:00,2026-08-16 15:45:00+00:00,2026-08-16 16:40:00+00:00,SHORT,63116.8,63285.4,-0.0026641215825450315,-0.004064121582545032,-17.971556101155695,4404.031018413743,1h
2026-08-16 20:50:00+00:00,2026-08-16 20:55:00+00:00,2026-08-16 21:50:00+00:00,LONG,63074.7,62928.5,-0.0023178865694168937,-0.003717886569416894,-16.373687774655863,4387.657330639087,1h
2026-08-18 01:55:00+00:00,2026-08-18 02:00:00+00:00,2026-08-18 02:55:00+00:00,LONG,64200.0,64106.2,-0.0014610591900311443,-0.0028610591900311445,-12.55334732853248,4375.103983310555,1h
2026-08-18 13:30:00+00:00,2026-08-18 13:35:00+00:00,2026-08-18 14:30:00+00:00,LONG,64110.1,64814.6,0.010988908143958698,0.009588908143958698,41.95247021623272,4417.056453526788,1h
2026-08-18 23:45:00+00:00,2026-08-18 23:50:00+00:00,2026-08-19 00:45:00+00:00,SHORT,64762.4,64578.1,0.002853908678019268,0.001453908678019268,6.421996709083608,4423.478450235872,1h
2026-08-19 01:05:00+00:00,2026-08-19 01:10:00+00:00,2026-08-19 02:05:00+00:00,LONG,64548.3,64363.7,-0.002859873923867995,-0.004259873923867995,-18.8434605029518,4404.63498973292,1h
2026-08-19 02:10:00+00:00,2026-08-19 02:15:00+00:00,2026-08-19 03:10:00+00:00,LONG,64401.2,64352.9,-0.0007499860251050094,-0.0021499860251050096,-9.469903673614326,4395.165086059305,1h
2026-08-19 12:50:00+00:00,2026-08-19 12:55:00+00:00,2026-08-19 13:50:00+00:00,SHORT,64839.2,65010.0,-0.0026272881095216194,-0.00402728810952162,-17.70059609047121,4377.464489968834,1h
2026-08-19 20:55:00+00:00,2026-08-19 21:00:00+00:00,2026-08-19 21:55:00+00:00,SHORT,69055.0,69718.5,-0.009516842731843056,-0.010916842731843056,-47.788091401217336,4329.676398567616,1h
2026-08-20 07:10:00+00:00,2026-08-20 07:15:00+00:00,2026-08-20 08:10:00+00:00,SHORT,69800.1,71300.0,-0.021036465638148538,-0.022436465638148537,-97.14263574076503,4232.533762826851,1h
2026-08-21 07:20:00+00:00,2026-08-21 07:25:00+00:00,2026-08-21 08:20:00+00:00,SHORT,76250.0,77044.3,-0.010309653017809284,-0.011709653017809284,-49.56150174886512,4182.972261077985,1h
2026-08-21 09:00:00+00:00,2026-08-21 09:05:00+00:00,2026-08-21 10:00:00+00:00,SHORT,77851.6,77666.5,0.0023832669168819542,0.0009832669168819543,4.112978238552888,4187.085239316539,1h
2026-08-22 10:25:00+00:00,2026-08-22 10:30:00+00:00,2026-08-22 11:25:00+00:00,LONG,76944.0,76983.4,0.0005120607194841753,-0.0008879392805158247,-3.717877454857157,4183.367361861681,1h
2026-08-23 05:20:00+00:00,2026-08-23 05:25:00+00:00,2026-08-23 06:20:00+00:00,LONG,76284.2,76276.7,-9.83165583436918e-05,-0.0014983165583436918,-6.268008587911924,4177.099353273769,1h
2026-08-23 11:25:00+00:00,2026-08-23 11:30:00+00:00,2026-08-23 12:25:00+00:00,SHORT,77160.4,77051.5,0.0014133404281551076,1.3340428155107645e-05,0.05572429381909533,4177.155077567589,1h
2026-08-23 13:25:00+00:00,2026-08-23 13:30:00+00:00,2026-08-23 14:25:00+00:00,SHORT,77439.1,77454.3,-0.00019624475335777714,-0.0015962447533577771,-6.667761876529062,4170.48731569106,1h
2026-08-23 21:35:00+00:00,2026-08-23 21:40:00+00:00,2026-08-23 22:35:00+00:00,SHORT,77640.1,77701.2,-0.0007863456420234005,-0.0021863456420234007,-9.118126767775019,4161.369188923285,1h
2026-08-27 08:45:00+00:00,2026-08-27 08:50:00+00:00,2026-08-27 09:45:00+00:00,SHORT,79798.5,80200.1,-0.00500747505302368,-0.00640747505302368,-26.663869264447335,4134.705319658838,1h
2026-08-28 01:35:00+00:00,2026-08-28 01:40:00+00:00,2026-08-28 02:35:00+00:00,SHORT,80932.5,80083.0,0.010607744465117364,0.009207744465117363,38.07131002197998,4172.776629680818,1h
2026-08-28 14:15:00+00:00,2026-08-28 14:20:00+00:00,2026-08-28 15:15:00+00:00,LONG,78884.5,79459.6,0.007290405592987215,0.0058904055929872145,24.579346797758227,4197.355976478576,1h
2026-08-30 12:15:00+00:00,2026-08-30 12:20:00+00:00,2026-08-30 13:15:00+00:00,SHORT,78517.8,78679.8,-0.002058978289217861,-0.003458978289217861,-14.51856319475823,4182.837413283818,1h
2026-08-30 13:50:00+00:00,2026-08-30 13:55:00+00:00,2026-08-30 14:50:00+00:00,SHORT,78899.5,78818.8,0.0010238674021934013,-0.00037613259780659865,-1.5733015024610757,4181.264111781357,1h
2026-08-30 20:45:00+00:00,2026-08-30 20:50:00+00:00,2026-08-30 21:45:00+00:00,LONG,78674.7,78563.1,-0.0014184992125803042,-0.0028184992125803044,-11.784889606646042,4169.479222174711,1h
2026-08-31 05:25:00+00:00,2026-08-31 05:30:00+00:00,2026-08-31 06:25:00+00:00,SHORT,78006.1,78020.1,-0.000179440938937514,-0.001579440938937514,-6.585446177552082,4162.893775997159,1h
2026-09-01 18:45:00+00:00,2026-09-01 18:50:00+00:00,2026-09-01 19:45:00+00:00,LONG,76781.8,77296.3,0.0067008067015881245,0.005300806701588124,22.06669522580523,4184.960471222964,1h
2026-09-02 09:45:00+00:00,2026-09-02 09:50:00+00:00,2026-09-02 10:45:00+00:00,LONG,76670.0,76449.9,-0.0028707447502283046,-0.004270744750228305,-17.872897962388446,4167.0875732605755,1h
2026-09-03 05:30:00+00:00,2026-09-03 05:35:00+00:00,2026-09-03 06:30:00+00:00,LONG,77336.5,77797.5,0.005960962805402259,0.004560962805402259,19.005931428495444,4186.093504689071,1h
2026-09-03 07:05:00+00:00,2026-09-03 07:10:00+00:00,2026-09-03 08:05:00+00:00,SHORT,77996.1,77928.4,0.0008687461823932985,-0.0005312538176067015,-2.2238781552246856,4183.869626533846,1h
2026-09-03 12:15:00+00:00,2026-09-03 12:20:00+00:00,2026-09-03 13:15:00+00:00,SHORT,77992.7,78493.5,-0.00638014612674942,-0.00778014612674942,-32.551117069701846,4151.318509464144,1h
2026-09-03 13:50:00+00:00,2026-09-03 13:55:00+00:00,2026-09-03 14:50:00+00:00,SHORT,78782.7,80249.3,-0.018275548820986698,-0.019675548820986696,-81.67947000442749,4069.6390394597165,1h
2026-09-04 04:30:00+00:00,2026-09-04 04:35:00+00:00,2026-09-04 05:30:00+00:00,SHORT,81183.2,80993.0,0.002348351092069656,0.000948351092069656,3.859446627400928,4073.4984860871173,1h
2026-09-05 16:55:00+00:00,2026-09-05 17:00:00+00:00,2026-09-05 17:55:00+00:00,SHORT,80041.1,80064.9,-0.0002972588487587524,-0.0016972588487587524,-6.913781350916741,4066.5847047362004,1h
2026-09-07 14:10:00+00:00,2026-09-07 14:15:00+00:00,2026-09-07 15:10:00+00:00,LONG,79180.0,79045.5,-0.0016986612781004773,-0.0030986612781004775,-12.600968558681728,4053.9837361775185,1h
2026-09-07 19:50:00+00:00,2026-09-07 19:55:00+00:00,2026-09-07 20:50:00+00:00,SHORT,79363.5,79206.5,0.001982160555004997,0.000582160555004997,2.3600694218343357,4056.343805599353,1h
2026-09-08 06:55:00+00:00,2026-09-08 07:00:00+00:00,2026-09-08 07:55:00+00:00,LONG,78323.5,78485.5,0.0020683447496601115,0.0006683447496601115,2.7110360852886437,4059.0548416846414,1h
2026-09-09 00:55:00+00:00,2026-09-09 01:00:00+00:00,2026-09-09 01:55:00+00:00,SHORT,78773.4,78886.9,-0.001438768667548107,-0.0028387686675481073,-11.522717704433802,4047.5321239802074,1h
2026-09-09 04:05:00+00:00,2026-09-09 04:10:00+00:00,2026-09-09 05:05:00+00:00,SHORT,78782.2,79125.1,-0.004333643812140631,-0.005733643812140631,-23.20710751709954,4024.3250164631077,1h
2026-09-09 08:10:00+00:00,2026-09-09 08:15:00+00:00,2026-09-09 09:10:00+00:00,SHORT,79408.8,79537.3,-0.001615594192913239,-0.003015594192913239,-12.135731150041623,4012.189285313066,1h
2026-09-09 13:35:00+00:00,2026-09-09 13:40:00+00:00,2026-09-09 14:35:00+00:00,SHORT,79336.1,79261.4,0.000942451180524273,-0.00045754881947572697,-1.8357724710081542,4010.353512842058,1h
2026-09-09 20:30:00+00:00,2026-09-09 20:35:00+00:00,2026-09-09 21:30:00+00:00,LONG,78243.0,78177.9,-0.0008320233119896159,-0.002232023311989616,-8.951202529982922,4001.4023103120753,1h
2026-09-10 23:15:00+00:00,2026-09-10 23:20:00+00:00,2026-09-11 00:15:00+00:00,LONG,76663.5,76821.5,0.002060954691606831,0.0006609546916068311,2.644745630007179,4004.0470559420824,1h
2026-09-11 06:15:00+00:00,2026-09-11 06:20:00+00:00,2026-09-11 07:15:00+00:00,SHORT,77314.2,77341.0,-0.0003465173711226788,-0.0017465173711226788,-6.993137737995467,3997.053918204087,1h
2026-09-13 07:00:00+00:00,2026-09-13 07:05:00+00:00,2026-09-13 08:00:00+00:00,LONG,77157.1,77165.0,0.0001023885034558969,-0.001297611496544103,-5.186623116568277,3991.867295087519,1h
2026-09-14 09:55:00+00:00,2026-09-14 10:00:00+00:00,2026-09-14 10:55:00+00:00,SHORT,78147.6,77901.7,0.0031565421550494577,0.0017565421550494577,7.01188318118448,3998.8791782687035,1h
2026-09-14 13:50:00+00:00,2026-09-14 13:55:00+00:00,2026-09-14 14:50:00+00:00,SHORT,78226.8,78561.7,-0.0042628914598333845,-0.005662891459833385,-22.645218747523383,3976.23395952118,1h
2026-09-14 22:25:00+00:00,2026-09-14 22:30:00+00:00,2026-09-14 23:25:00+00:00,LONG,78587.4,78396.9,-0.0024240527107398657,-0.003824052710739866,-15.205328251442879,3961.028631269737,1h
2026-09-15 01:15:00+00:00,2026-09-15 01:20:00+00:00,2026-09-15 02:15:00+00:00,LONG,77877.0,77945.4,0.000878308101236458,-0.000521691898763542,-2.066436547703863,3958.9621947220335,1h
2026-09-15 08:30:00+00:00,2026-09-15 08:35:00+00:00,2026-09-15 09:30:00+00:00,LONG,76881.8,76977.6,0.0012460686404325294,-0.00015393135956747058,-0.6094084331097798,3958.3527862889237,1h
2026-09-15 13:40:00+00:00,2026-09-15 13:45:00+00:00,2026-09-15 14:40:00+00:00,LONG,76433.9,75909.9,-0.006855596796709329,-0.00825559679670933,-32.678564582732285,3925.6742217061915,1h
2026-09-15 14:50:00+00:00,2026-09-15 14:55:00+00:00,2026-09-15 15:50:00+00:00,LONG,75919.0,76460.4,0.007131284658649317,0.005731284658649317,22.499156441719794,3948.173378147911,1h
2026-09-15 18:50:00+00:00,2026-09-15 18:55:00+00:00,2026-09-15 19:50:00+00:00,LONG,75877.3,76046.1,0.0022246442611955075,0.0008246442611955075,3.255838518494555,3951.4292166664054,1h
2026-09-16 11:45:00+00:00,2026-09-16 11:50:00+00:00,2026-09-16 12:45:00+00:00,SHORT,76229.8,76024.1,0.0027057209490148892,0.0013057209490148893,5.159463906750819,3956.588680573156,1h
2026-09-17 13:40:00+00:00,2026-09-17 13:45:00+00:00,2026-09-17 14:40:00+00:00,LONG,76154.9,76614.6,0.006036381112705991,0.0046363811127059906,18.344253029355695,3974.9329336025116,1h
2026-09-17 22:30:00+00:00,2026-09-17 22:35:00+00:00,2026-09-17 23:30:00+00:00,LONG,76311.8,76406.9,0.0012462030773745525,-0.0001537969226254475,-0.6113324528306086,3974.321601149681,1h
2026-09-19 01:00:00+00:00,2026-09-19 01:05:00+00:00,2026-09-19 02:00:00+00:00,SHORT,81493.3,81273.0,0.0027106173021791413,0.0013106173021791413,5.20881465489108,3979.5304158045724,1h
2026-09-19 04:40:00+00:00,2026-09-19 04:45:00+00:00,2026-09-19 05:40:00+00:00,LONG,80979.4,81034.0,0.0006742455488679688,-0.0007257544511320311,-2.888161912685471,3976.642253891887,1h
2026-09-19 15:45:00+00:00,2026-09-19 15:50:00+00:00,2026-09-19 16:45:00+00:00,SHORT,81690.5,81856.0,-0.0020218432369037975,-0.0034218432369037977,-13.607446402065827,3963.034807489821,1h
2026-09-21 00:30:00+00:00,2026-09-21 00:35:00+00:00,2026-09-21 01:30:00+00:00,SHORT,81639.3,81364.8,0.003373694767270452,0.001973694767270452,7.821821062053322,3970.8566285518746,1h
2026-09-21 19:35:00+00:00,2026-09-21 19:40:00+00:00,2026-09-21 20:35:00+00:00,SHORT,86600.4,86938.6,-0.0038901017499708423,-0.0052901017499708426,-21.00623559958559,3949.850392952289,1h
2026-09-22 01:05:00+00:00,2026-09-22 01:10:00+00:00,2026-09-22 02:05:00+00:00,LONG,85908.6,85574.0,-0.003894837071026669,-0.005294837071026669,-20.913814285613036,3928.936578666676,1h
2026-09-23 04:25:00+00:00,2026-09-23 04:30:00+00:00,2026-09-23 05:25:00+00:00,SHORT,87015.1,86785.1,0.002650224520107658,0.001250224520107658,4.912052848596969,3933.8486315152727,1h
2026-09-23 07:45:00+00:00,2026-09-23 07:50:00+00:00,2026-09-23 08:45:00+00:00,LONG,86132.8,85815.2,-0.00368732933330862,-0.00508732933330862,-20.01278353590362,3913.835847979369,1h
2026-09-23 14:30:00+00:00,2026-09-23 14:35:00+00:00,2026-09-23 15:30:00+00:00,LONG,84430.8,84499.5,0.0008136841058001831,-0.0005863158941998169,-2.2947441649593223,3911.54110381441,1h
2026-09-24 07:55:00+00:00,2026-09-24 08:00:00+00:00,2026-09-24 08:55:00+00:00,SHORT,84528.4,83665.3,0.010316104765057732,0.008916104765057732,34.87571027443884,3946.4168140888487,1h
2026-09-24 09:35:00+00:00,2026-09-24 09:40:00+00:00,2026-09-24 10:35:00+00:00,LONG,83219.8,83371.3,0.0018204802222547833,0.00042048022225478336,1.6593902190980931,3948.0762043079467,1h
2026-09-24 13:40:00+00:00,2026-09-24 13:45:00+00:00,2026-09-24 14:40:00+00:00,SHORT,83947.6,84411.7,-0.0054980529950231505,-0.006898052995023151,-27.234038885706063,3920.8421654222407,1h
2026-09-24 22:20:00+00:00,2026-09-24 22:25:00+00:00,2026-09-24 23:20:00+00:00,LONG,84155.5,84389.7,0.00278294347963004,0.00138294347963004,5.422303107329215,3926.26446852957,1h
2026-09-25 00:10:00+00:00,2026-09-25 00:15:00+00:00,2026-09-25 01:10:00+00:00,SHORT,84658.9,84700.0,-0.00048524203069666427,-0.0018852420306966643,-7.401958799702846,3918.8625097298673,1h
2026-09-25 13:50:00+00:00,2026-09-25 13:55:00+00:00,2026-09-25 14:50:00+00:00,LONG,84088.3,83809.6,-0.003314373105414159,-0.004714373105414159,-18.47498001968632,3900.387529710181,1h
2026-09-27 08:20:00+00:00,2026-09-27 08:25:00+00:00,2026-09-27 09:20:00+00:00,SHORT,84773.6,84649.0,0.0014719606847097833,7.196068470978327e-05,0.28067455727144475,3900.6682042674524,1h
2026-09-27 19:00:00+00:00,2026-09-27 19:05:00+00:00,2026-09-27 20:00:00+00:00,SHORT,84744.8,84779.8,-0.0004128341892761789,-0.0018128341892761789,-7.071264681718556,3893.5969395857337,1h
2026-09-28 05:40:00+00:00,2026-09-28 05:45:00+00:00,2026-09-28 06:40:00+00:00,LONG,83148.7,83187.2,0.00046302588014013324,-0.0009369741198598667,-3.6481995655574138,3889.9487400201765,1h
2026-09-28 12:10:00+00:00,2026-09-28 12:15:00+00:00,2026-09-28 13:10:00+00:00,SHORT,83384.6,83411.0,-0.0003165050173238315,-0.0017165050173238315,-6.67711652937715,3883.2716234907994,1h
2026-09-28 19:40:00+00:00,2026-09-28 19:45:00+00:00,2026-09-28 20:40:00+00:00,LONG,83314.9,83495.8,0.002171280287199595,0.0007712802871995951,2.9950908530400215,3886.2667143438393,1h
2026-09-29 01:20:00+00:00,2026-09-29 01:25:00+00:00,2026-09-29 02:20:00+00:00,LONG,83013.3,82998.4,-0.00017948931074907026,-0.0015794893107490702,-6.138316734026005,3880.1283976098134,1h
2026-09-29 10:00:00+00:00,2026-09-29 10:05:00+00:00,2026-09-29 11:00:00+00:00,SHORT,84187.4,83939.9,0.002948538180293392,0.0015485381802933919,6.008526968139415,3886.136924577953,1h
2026-09-29 15:05:00+00:00,2026-09-29 15:10:00+00:00,2026-09-29 16:05:00+00:00,LONG,83622.9,83006.3,-0.007373578290157279,-0.008773578290157279,-34.0953265540557,3852.041598023897,1h
2026-10-01 04:15:00+00:00,2026-10-01 04:20:00+00:00,2026-10-01 05:15:00+00:00,SHORT,83752.2,84299.9,-0.00649704210799773,-0.00789704210799773,-30.419734701353583,3821.6218633225435,1h
2026-10-01 07:30:00+00:00,2026-10-01 07:35:00+00:00,2026-10-01 08:30:00+00:00,LONG,83655.2,83213.0,-0.005285983417647633,-0.006685983417647633,-25.551300406694175,3796.070562915849,1h
2026-10-01 13:15:00+00:00,2026-10-01 13:20:00+00:00,2026-10-01 14:15:00+00:00,LONG,83572.3,83973.8,0.004804223408952479,0.003404223408952479,12.922672272313548,3808.9932351881625,1h
2026-10-02 03:05:00+00:00,2026-10-02 03:10:00+00:00,2026-10-02 04:05:00+00:00,SHORT,85200.2,85508.9,-0.0036101505223432584,-0.005010150522343259,-19.08362944687991,3789.9096057412826,1h
2026-10-02 12:35:00+00:00,2026-10-02 12:40:00+00:00,2026-10-02 13:35:00+00:00,SHORT,86795.2,87088.5,-0.0033678384631725677,-0.004767838463172568,-18.069676790200468,3771.839928951082,1h
2025-10-03 07:45:00+00:00,2025-10-03 07:50:00+00:00,2025-10-03 09:45:00+00:00,LONG,119757.2,120295.9,0.004498268162582253,0.0030982681625822527,30.982681625822526,10030.982681625823,2h
2025-10-03 16:45:00+00:00,2025-10-03 16:50:00+00:00,2025-10-03 18:45:00+00:00,SHORT,123193.8,122469.7,0.005912482842695077,0.004512482842695077,45.264637246207975,10076.24731887203,2h
2025-10-04 13:10:00+00:00,2025-10-04 13:15:00+00:00,2025-10-04 15:10:00+00:00,SHORT,122397.8,121903.4,0.004055670309441872,0.002655670309441872,26.759190835321718,10103.006509707353,2h
2025-10-05 23:15:00+00:00,2025-10-05 23:20:00+00:00,2025-10-06 01:15:00+00:00,SHORT,123450.4,123565.2,-0.0009290641701709124,-0.0023290641701709126,-23.530550472762883,10079.47595923459,2h
2025-10-06 14:10:00+00:00,2025-10-06 14:15:00+00:00,2025-10-06 16:10:00+00:00,SHORT,124980.7,124861.2,0.0009570627224471107,-0.00044293727755288933,-4.464575640543167,10075.011383594048,2h
2025-10-06 19:00:00+00:00,2025-10-06 19:05:00+00:00,2025-10-06 21:00:00+00:00,SHORT,125816.0,125181.7,0.0050670345585657195,0.0036670345585657193,36.9454149215824,10111.95679851563,2h
2025-10-06 21:35:00+00:00,2025-10-06 21:40:00+00:00,2025-10-06 23:35:00+00:00,LONG,124934.2,124781.2,-0.0012246446529453614,-0.0026246446529453616,-26.540293342038545,10085.41650517359,2h
2025-10-07 08:20:00+00:00,2025-10-07 08:25:00+00:00,2025-10-07 10:20:00+00:00,LONG,123500.0,124262.3,0.006172469635627564,0.004772469635627564,48.13234403359803,10133.548849207189,2h
2025-10-07 15:40:00+00:00,2025-10-07 15:45:00+00:00,2025-10-07 17:40:00+00:00,LONG,121712.0,121430.0,-0.002316944919153463,-0.003716944919153463,-37.66584290805409,10095.883006299135,2h
2025-10-08 13:45:00+00:00,2025-10-08 13:50:00+00:00,2025-10-08 15:45:00+00:00,LONG,122160.2,122068.6,-0.0007498350526602415,-0.0021498350526602417,-21.70448317449874,10074.178523124636,2h
2025-10-09 08:30:00+00:00,2025-10-09 08:35:00+00:00,2025-10-09 10:30:00+00:00,LONG,121475.1,122015.8,0.004451117965739382,0.0030511179657393816,30.737507081971405,10104.916030206607,2h
2025-10-10 13:40:00+00:00,2025-10-10 13:45:00+00:00,2025-10-10 15:40:00+00:00,SHORT,122261.7,119569.1,0.022519196013016662,0.021119196013016664,213.40770233700755,10318.323732543615,2h
2025-10-10 21:00:00+00:00,2025-10-10 21:05:00+00:00,2025-10-10 23:00:00+00:00,LONG,115060.6,113383.0,-0.01458014298552246,-0.015980142985522458,-164.88828861695674,10153.435443926657,2h
2025-10-11 07:20:00+00:00,2025-10-11 07:25:00+00:00,2025-10-11 09:20:00+00:00,LONG,111276.9,111708.7,0.0038804100401790276,0.0024804100401790274,25.18468321742528,10178.620127144082,2h
2025-10-11 19:25:00+00:00,2025-10-11 19:30:00+00:00,2025-10-11 21:25:00+00:00,LONG,111399.5,110809.6,-0.005295355903751742,-0.006695355903751742,-68.14948436032044,10110.470642783763,2h
2025-10-12 00:30:00+00:00,2025-10-12 00:35:00+00:00,2025-10-12 02:30:00+00:00,LONG,110367.7,110507.9,0.0012702991907957983,-0.00012970080920420165,-1.3113362238043789,10109.159306559959,2h
2025-10-12 14:55:00+00:00,2025-10-12 15:00:00+00:00,2025-10-12 16:55:00+00:00,SHORT,112348.0,114082.0,-0.015199593275012746,-0.016599593275012745,-167.8079328412052,9941.351373718753,2h
2025-10-13 11:05:00+00:00,2025-10-13 11:10:00+00:00,2025-10-13 13:05:00+00:00,LONG,114496.0,114345.8,-0.001311836221352669,-0.0027118362213526693,-26.95931674444463,9914.392056974308,2h
2025-10-14 06:50:00+00:00,2025-10-14 06:55:00+00:00,2025-10-14 08:50:00+00:00,LONG,112033.7,111774.7,-0.0023118043945705713,-0.0037118043945705715,-36.8002840065728,9877.591772967735,2h
2025-10-14 10:35:00+00:00,2025-10-14 10:40:00+00:00,2025-10-14 12:35:00+00:00,LONG,110606.0,110933.0,0.0029564399761314863,0.0015564399761314864,15.373878703354467,9892.96565167109,2h
2025-10-15 02:30:00+00:00,2025-10-15 02:35:00+00:00,2025-10-15 04:30:00+00:00,SHORT,113227.5,112114.9,0.009923747869373445,0.008523747869373445,84.32514489521611,9977.290796566305,2h
2025-10-15 13:50:00+00:00,2025-10-15 13:55:00+00:00,2025-10-15 15:50:00+00:00,LONG,111347.3,110647.5,-0.006284840314942586,-0.007684840314942586,-76.67388654735836,9900.616910018947,2h
2025-10-16 09:40:00+00:00,2025-10-16 09:45:00+00:00,2025-10-16 11:40:00+00:00,LONG,111240.9,111154.8,-0.0007739958953945081,-0.0021739958953945083,-21.52390052425465,9879.093009494693,2h
2025-10-16 14:20:00+00:00,2025-10-16 14:25:00+00:00,2025-10-16 16:20:00+00:00,LONG,110284.4,108059.4,-0.02017511089510393,-0.02157511089510393,-213.14252722289402,9665.950482271799,2h
2025-10-16 16:40:00+00:00,2025-10-16 16:45:00+00:00,2025-10-16 18:40:00+00:00,LONG,108094.3,108467.8,0.0034553163302781797,0.0020553163302781795,19.866585873873476,9685.817068145672,2h
2025-10-18 00:15:00+00:00,2025-10-18 00:20:00+00:00,2025-10-18 02:15:00+00:00,LONG,106474.4,106894.4,0.003944610159813067,0.0025446101598130665,24.646628517694285,9710.463696663366,2h
2025-10-18 07:10:00+00:00,2025-10-18 07:15:00+00:00,2025-10-18 09:10:00+00:00,SHORT,107300.0,106728.4,0.005355650417321112,0.0039556504173211115,38.41119977408795,9748.874896437454,2h
2025-10-18 16:40:00+00:00,2025-10-18 16:45:00+00:00,2025-10-18 18:40:00+00:00,LONG,106580.9,106852.5,0.0025482989916580934,0.0011482989916580934,11.194623213380028,9760.069519650833,2h
2025-10-19 08:20:00+00:00,2025-10-19 08:25:00+00:00,2025-10-19 10:20:00+00:00,SHORT,106622.3,107642.3,-0.009475828740188597,-0.010875828740188597,-106.14884458805724,9653.920675062776,2h
2025-10-19 16:45:00+00:00,2025-10-19 16:50:00+00:00,2025-10-19 18:45:00+00:00,SHORT,108692.8,109357.0,-0.006073685269347151,-0.007473685269347151,-72.15036474066258,9581.770310322114,2h
2025-10-20 05:35:00+00:00,2025-10-20 05:40:00+00:00,2025-10-20 07:35:00+00:00,SHORT,110729.9,111178.9,-0.004038536089132072,-0.005438536089132072,-52.11080363046103,9529.659506691652,2h
2025-10-21 14:25:00+00:00,2025-10-21 14:30:00+00:00,2025-10-21 16:25:00+00:00,SHORT,109680.6,113686.7,-0.03523807094409448,-0.03663807094409448,-349.14834107923315,9180.511165612419,2h
2025-10-21 20:20:00+00:00,2025-10-21 20:25:00+00:00,2025-10-21 22:20:00+00:00,LONG,110933.0,110025.0,-0.008185120748559926,-0.009585120748559927,-87.99630805589767,9092.514857556522,2h
2025-10-21 23:40:00+00:00,2025-10-21 23:45:00+00:00,2025-10-22 01:40:00+00:00,LONG,108504.1,108263.3,-0.002219270976857146,-0.0036192709768571463,-32.90827513059671,9059.606582425926,2h
2025-10-22 07:15:00+00:00,2025-10-22 07:20:00+00:00,2025-10-22 09:15:00+00:00,LONG,107870.7,107883.9,0.00012236872477888738,-0.0012776312752211126,-11.574836710906421,9048.03174571502,2h
2025-10-22 11:05:00+00:00,2025-10-22 11:10:00+00:00,2025-10-22 13:05:00+00:00,LONG,107351.9,108064.9,0.006641708251088341,0.0052417082510883405,47.42714265762366,9095.458888372643,2h
2025-10-23 01:20:00+00:00,2025-10-23 01:25:00+00:00,2025-10-23 03:20:00+00:00,SHORT,108173.2,108648.3,-0.004372824977473266,-0.005772824977473267,-52.50649225237883,9042.952396120265,2h
2025-10-23 03:30:00+00:00,2025-10-23 03:35:00+00:00,2025-10-23 05:30:00+00:00,SHORT,108650.0,108739.9,-0.0008267434492765791,-0.0022267434492765793,-20.136335010180748,9022.816061110085,2h
2025-10-23 12:05:00+00:00,2025-10-23 12:10:00+00:00,2025-10-23 14:05:00+00:00,LONG,108949.2,109167.3,0.00200185040367451,0.00060185040367451,5.430385488659956,9028.246446598745,2h
2025-10-25 04:20:00+00:00,2025-10-25 04:25:00+00:00,2025-10-25 06:20:00+00:00,SHORT,111362.9,111313.9,0.00044019659719052306,-0.0009598034028094769,-8.665341660848044,9019.581104937897,2h
2025-10-25 07:25:00+00:00,2025-10-25 07:30:00+00:00,2025-10-25 09:25:00+00:00,SHORT,111629.2,111674.9,-0.00040922355874062344,-0.0018092235587406234,-16.318438625025426,9003.262666312872,2h
2025-10-26 00:40:00+00:00,2025-10-26 00:45:00+00:00,2025-10-26 02:40:00+00:00,SHORT,111844.7,111599.8,0.002194448377147662,0.000794448377147662,7.1526274142863935,9010.41529372716,2h
2025-10-26 09:35:00+00:00,2025-10-26 09:40:00+00:00,2025-10-26 11:35:00+00:00,SHORT,112347.8,112960.6,-0.0054249003634896376,-0.006824900363489638,-61.49518661335108,8948.920107113809,2h
2025-10-26 21:30:00+00:00,2025-10-26 21:35:00+00:00,2025-10-26 23:30:00+00:00,LONG,113292.0,114658.9,0.012065282632489405,0.010665282632489404,95.44276219793612,9044.362869311744,2h
2025-10-27 05:45:00+00:00,2025-10-27 05:50:00+00:00,2025-10-27 07:45:00+00:00,SHORT,115579.0,115701.3,-0.0010570322027496637,-0.002457032202749664,-22.222290823252305,9022.140578488492,2h
2025-10-27 13:40:00+00:00,2025-10-27 13:45:00+00:00,2025-10-27 15:40:00+00:00,LONG,114884.3,114963.0,0.0006850370329105626,-0.0007149629670894374,-6.450496397494145,9015.690082090998,2h
2025-10-28 13:10:00+00:00,2025-10-28 13:15:00+00:00,2025-10-28 15:10:00+00:00,SHORT,114744.4,115334.0,-0.005112109178559754,-0.006512109178559754,-58.71115813463493,8956.978923956363,2h
2025-10-28 19:35:00+00:00,2025-10-28 19:40:00+00:00,2025-10-28 21:35:00+00:00,LONG,114029.8,112940.6,-0.009551889067594632,-0.010951889067594632,-98.09583955595323,8858.88308440041,2h
2025-10-29 01:00:00+00:00,2025-10-29 01:05:00+00:00,2025-10-29 03:00:00+00:00,LONG,112479.6,112421.8,-0.0005138709597117819,-0.0019138709597117819,-16.954759070715884,8841.928325329694,2h
2025-10-29 05:40:00+00:00,2025-10-29 05:45:00+00:00,2025-10-29 07:40:00+00:00,SHORT,113174.9,113278.0,-0.0009101502498278791,-0.0023101502498278793,-20.426182929720596,8821.502142399973,2h
2025-10-29 18:40:00+00:00,2025-10-29 18:45:00+00:00,2025-10-29 20:40:00+00:00,LONG,109745.5,111258.5,0.013786442268703514,0.012386442268703514,109.26702701008163,8930.769169410056,2h
2025-10-30 04:35:00+00:00,2025-10-30 04:40:00+00:00,2025-10-30 06:35:00+00:00,LONG,109439.8,110236.5,0.007279801315426271,0.005879801315426271,52.51114831006563,8983.280317720122,2h
2025-10-30 07:25:00+00:00,2025-10-30 07:30:00+00:00,2025-10-30 09:25:00+00:00,SHORT,111271.9,110414.4,0.007766197162689004,0.006366197162689003,57.189333670309814,9040.469651390433,2h
2025-10-31 17:00:00+00:00,2025-10-31 17:05:00+00:00,2025-10-31 19:00:00+00:00,LONG,109032.7,109199.8,0.0015325677526101256,0.00013256775261012558,1.198474744224875,9041.668126134658,2h
2025-11-01 13:45:00+00:00,2025-11-01 13:50:00+00:00,2025-11-01 15:45:00+00:00,LONG,109892.1,110119.0,0.0020647526073303,0.0006647526073303002,6.010472461463284,9047.678598596121,2h
2025-11-01 22:05:00+00:00,2025-11-01 22:10:00+00:00,2025-11-02 00:05:00+00:00,LONG,110041.8,110030.0,-0.00010723197912065885,-0.0015072319791206588,-13.63695052060966,9034.041648075512,2h
2025-11-02 07:55:00+00:00,2025-11-02 08:00:00+00:00,2025-11-02 09:55:00+00:00,SHORT,110893.0,110701.0,0.0017344016765883374,0.00033440167658833745,3.0209986734853183,9037.062646748996,2h
2025-11-03 01:05:00+00:00,2025-11-03 01:10:00+00:00,2025-11-03 03:05:00+00:00,LONG,109808.3,108800.0,-0.009182365996013075,-0.010582365996013076,-95.6335044567965,8941.4291422922,2h
2025-11-03 15:35:00+00:00,2025-11-03 15:40:00+00:00,2025-11-03 17:35:00+00:00,LONG,106445.7,107470.1,0.009623686067168569,0.008223686067168568,73.53150625804336,9014.960648550243,2h
2025-11-04 14:40:00+00:00,2025-11-04 14:45:00+00:00,2025-11-04 16:40:00+00:00,LONG,103938.9,102665.4,-0.01225239058716232,-0.01365239058716232,-123.07576390190606,8891.884884648336,2h
2025-11-04 21:35:00+00:00,2025-11-04 21:40:00+00:00,2025-11-04 23:35:00+00:00,LONG,99279.0,101217.0,0.019520744568337633,0.018120744568337635,161.12757472577485,9053.012459374111,2h
2025-11-05 12:30:00+00:00,2025-11-05 12:35:00+00:00,2025-11-05 14:30:00+00:00,SHORT,102374.9,102264.8,0.0010766167830964513,-0.00032338321690354873,-2.927592291780307,9050.08486708233,2h
2025-11-06 12:45:00+00:00,2025-11-06 12:50:00+00:00,2025-11-06 14:45:00+00:00,LONG,102555.9,102614.1,0.0005674953854435394,-0.0008325046145564606,-7.534237413973632,9042.550629668358,2h
2025-11-06 16:50:00+00:00,2025-11-06 16:55:00+00:00,2025-11-06 18:50:00+00:00,LONG,101090.0,102021.0,0.009209615194381238,0.0078096151943812375,70.61884079341964,9113.169470461778,2h
2025-11-07 09:10:00+00:00,2025-11-07 09:15:00+00:00,2025-11-07 11:10:00+00:00,LONG,101370.0,100108.1,-0.012448456150734866,-0.013848456150734866,-126.20332780590562,8986.966142655872,2h
2025-11-07 19:45:00+00:00,2025-11-07 19:50:00+00:00,2025-11-07 21:45:00+00:00,SHORT,103135.5,103535.2,-0.0038605227980434975,-0.005260522798043498,-47.27614027868625,8939.690002377187,2h
2025-11-08 06:15:00+00:00,2025-11-08 06:20:00+00:00,2025-11-08 08:15:00+00:00,LONG,102329.9,102263.9,-0.0006449727792170457,-0.002044972779217046,-18.281422709500116,8921.408579667686,2h
2025-11-10 15:00:00+00:00,2025-11-10 15:05:00+00:00,2025-11-10 17:00:00+00:00,LONG,105170.7,105337.8,0.001588845562499941,0.00018884556249994093,1.6847684215191432,8923.093348089205,2h
2025-11-11 01:20:00+00:00,2025-11-11 01:25:00+00:00,2025-11-11 03:20:00+00:00,SHORT,106963.7,106969.1,-5.0481868128393614e-05,-0.0014504818681283936,-12.942785109020473,8910.150562980185,2h
2025-11-11 12:50:00+00:00,2025-11-11 12:55:00+00:00,2025-11-11 14:50:00+00:00,LONG,104584.9,103958.3,-0.005991304672089304,-0.007391304672089304,-65.85763748517458,8844.29292549501,2h
2025-11-11 14:55:00+00:00,2025-11-11 15:00:00+00:00,2025-11-11 16:55:00+00:00,LONG,104581.6,103423.2,-0.011076518240302424,-0.012476518240302424,-110.34598200751618,8733.946943487494,2h
2025-11-12 09:30:00+00:00,2025-11-12 09:35:00+00:00,2025-11-12 11:30:00+00:00,SHORT,104563.3,104892.0,-0.0031336994241696337,-0.004533699424169634,-39.597090228417386,8694.349853259077,2h
2025-11-12 14:50:00+00:00,2025-11-12 14:55:00+00:00,2025-11-12 16:50:00+00:00,LONG,104175.0,101441.4,-0.026240460763139017,-0.027640460763139016,-240.31583598001097,8454.034017279066,2h
2025-11-13 06:00:00+00:00,2025-11-13 06:05:00+00:00,2025-11-13 08:00:00+00:00,SHORT,102979.2,103449.7,-0.004548104054434177,-0.005948104054434177,-50.285474014502064,8403.748543264564,2h
2025-11-13 13:40:00+00:00,2025-11-13 13:45:00+00:00,2025-11-13 15:40:00+00:00,LONG,102548.7,101594.1,-0.00930874794122194,-0.01070874794122194,-89.99362491123128,8313.754918353334,2h
2025-11-14 04:40:00+00:00,2025-11-14 04:45:00+00:00,2025-11-14 06:40:00+00:00,LONG,97590.8,96773.8,-0.008371690774130358,-0.009771690774130358,-81.23944223405417,8232.515476119279,2h
2025-11-14 19:05:00+00:00,2025-11-14 19:10:00+00:00,2025-11-14 21:05:00+00:00,LONG,95145.9,94830.1,-0.003319113067404733,-0.004719113067404733,-38.850171360966186,8193.665304758313,2h
2025-11-15 03:00:00+00:00,2025-11-15 03:05:00+00:00,2025-11-15 05:00:00+00:00,SHORT,96271.0,96116.2,0.0016105505627563854,0.00021055056275638543,1.7251808409543332,8195.390485599268,2h
2025-11-15 21:05:00+00:00,2025-11-15 21:10:00+00:00,2025-11-15 23:05:00+00:00,LONG,95522.2,95516.5,-5.9671992479248814e-05,-0.0014596719924792488,-11.962581959260161,8183.427903640008,2h
2025-11-16 10:00:00+00:00,2025-11-16 10:05:00+00:00,2025-11-16 12:00:00+00:00,SHORT,96471.2,95722.0,0.00782683186728228,0.00642683186728228,52.59351523472062,8236.021418874729,2h
2025-11-16 16:00:00+00:00,2025-11-16 16:05:00+00:00,2025-11-16 18:00:00+00:00,LONG,94792.9,94645.0,-0.0015602434359535122,-0.0029602434359535124,-24.38062834359645,8211.640790531132,2h
2025-11-16 22:10:00+00:00,2025-11-16 22:15:00+00:00,2025-11-17 00:10:00+00:00,LONG,93387.7,94238.1,0.009106124254050663,0.007706124254050662,63.279924261463705,8274.920714792595,2h
2025-11-17 19:45:00+00:00,2025-11-17 19:50:00+00:00,2025-11-17 21:45:00+00:00,LONG,91949.5,91678.4,-0.0029483575223356873,-0.0043483575223356875,-35.98231373689978,8238.938401055695,2h
2025-11-18 03:35:00+00:00,2025-11-18 03:40:00+00:00,2025-11-18 05:35:00+00:00,LONG,90672.4,90065.4,-0.006694429616950659,-0.00809442961695066,-66.68950700573733,8172.248894049958,2h
2025-11-19 00:20:00+00:00,2025-11-19 00:25:00+00:00,2025-11-19 02:20:00+00:00,LONG,92188.7,92520.0,0.0035937159326469015,0.0021937159326469013,17.92759260443341,8190.176486654392,2h
2025-11-20 01:10:00+00:00,2025-11-20 01:15:00+00:00,2025-11-20 03:10:00+00:00,SHORT,92217.5,92442.5,-0.002433945425534767,-0.003833945425534767,-31.400689675331016,8158.775796979061,2h
2025-11-20 09:50:00+00:00,2025-11-20 09:55:00+00:00,2025-11-20 11:50:00+00:00,LONG,91806.9,92003.0,0.002136005027944643,0.000736005027944643,6.004900008449651,8164.780696987511,2h
2025-11-21 02:45:00+00:00,2025-11-21 02:50:00+00:00,2025-11-21 04:45:00+00:00,LONG,86172.1,85780.0,-0.0045501966413723505,-0.005950196641372351,-48.582050680756886,8116.198646306754,2h
2025-11-21 12:30:00+00:00,2025-11-21 12:35:00+00:00,2025-11-21 14:30:00+00:00,LONG,81703.3,84763.2,0.037451363653610015,0.036051363653610016,292.6000288829421,8408.798675189697,2h
2025-11-22 22:55:00+00:00,2025-11-22 23:00:00+00:00,2025-11-23 00:55:00+00:00,SHORT,85074.1,84974.4,0.0011732945451807808,-0.00022670545481921918,-1.906320528142128,8406.892354661555,2h
2025-11-23 02:05:00+00:00,2025-11-23 02:10:00+00:00,2025-11-23 04:05:00+00:00,SHORT,85724.6,86452.0,-0.00841391754962284,-0.00981391754962284,-82.50454841720313,8324.387806244353,2h
2025-11-23 04:20:00+00:00,2025-11-23 04:25:00+00:00,2025-11-23 06:20:00+00:00,SHORT,86560.1,86146.9,0.00479645814300933,0.00339645814300933,28.273434750086203,8352.66124099444,2h
2025-11-23 07:10:00+00:00,2025-11-23 07:15:00+00:00,2025-11-23 09:10:00+00:00,LONG,85868.0,86224.1,0.004147062933805401,0.002747062933805401,22.945286093768843,8375.606527088208,2h
2025-11-24 00:25:00+00:00,2025-11-24 00:30:00+00:00,2025-11-24 02:25:00+00:00,LONG,86444.0,87712.4,0.014673083152098476,0.013273083152098476,111.17012188330052,8486.776648971509,2h
2025-11-24 09:35:00+00:00,2025-11-24 09:40:00+00:00,2025-11-24 11:35:00+00:00,LONG,86115.3,86271.3,0.001811524781310636,0.0004115247813106361,3.4925189045002134,8490.26916787601,2h
2025-11-25 09:30:00+00:00,2025-11-25 09:35:00+00:00,2025-11-25 11:30:00+00:00,LONG,86840.6,87405.6,0.006506173379732472,0.0051061733797324715,43.35278641177184,8533.62195428778,2h
2025-11-25 17:40:00+00:00,2025-11-25 17:45:00+00:00,2025-11-25 19:40:00+00:00,SHORT,87934.9,86621.0,0.015168377183361947,0.013768377183361947,117.49412580685247,8651.116080094633,2h
2025-11-27 02:30:00+00:00,2025-11-27 02:35:00+00:00,2025-11-27 04:30:00+00:00,SHORT,91374.1,91100.1,0.0030076805623704406,0.0016076805623704406,13.9082311647785,8665.02431125941,2h
2025-11-27 12:55:00+00:00,2025-11-27 13:00:00+00:00,2025-11-27 14:55:00+00:00,LONG,90985.3,90789.7,-0.002149797824483768,-0.003549797824483768,-30.759084449207617,8634.265226810203,2h
2025-11-28 05:55:00+00:00,2025-11-28 06:00:00+00:00,2025-11-28 07:55:00+00:00,SHORT,91600.0,90902.7,0.007670839260000006,0.006270839260000006,54.14408936553428,8688.409316175737,2h
2025-11-28 14:30:00+00:00,2025-11-28 14:35:00+00:00,2025-11-28 16:30:00+00:00,SHORT,92578.0,91378.3,0.013128937614291347,0.011728937614291347,101.90581083685296,8790.31512701259,2h
2025-11-29 15:25:00+00:00,2025-11-29 15:30:00+00:00,2025-11-29 17:25:00+00:00,SHORT,90862.3,90711.6,0.001661309027731761,0.00026130902773176105,2.2969886992954516,8792.612115711887,2h
2025-11-29 17:35:00+00:00,2025-11-29 17:40:00+00:00,2025-11-29 19:35:00+00:00,LONG,90620.3,90691.8,0.000789006436747508,-0.000610993563252492,-5.372229406875838,8787.239886305011,2h
2025-11-30 03:20:00+00:00,2025-11-30 03:25:00+00:00,2025-11-30 05:20:00+00:00,LONG,90716.6,90694.9,-0.00023920649583442088,-0.0016392064958344209,-14.404100702086492,8772.835785602925,2h
2025-11-30 08:25:00+00:00,2025-11-30 08:30:00+00:00,2025-11-30 10:25:00+00:00,SHORT,91153.7,91391.8,-0.00260526655564286,-0.00400526655564286,-35.13754577022225,8737.698239832704,2h
2025-11-30 13:30:00+00:00,2025-11-30 13:35:00+00:00,2025-11-30 15:30:00+00:00,SHORT,91785.5,91406.3,0.004148510551241991,0.0027485105512419904,24.015655805748754,8761.713895638452,2h
2025-11-30 23:40:00+00:00,2025-11-30 23:45:00+00:00,2025-12-01 01:40:00+00:00,LONG,90660.1,87430.8,-0.03561985923245181,-0.03701985923245181,-324.35741505155244,8437.3564805869,2h
2025-12-01 02:50:00+00:00,2025-12-01 02:55:00+00:00,2025-12-01 04:50:00+00:00,LONG,86773.1,85771.8,-0.011539290402209912,-0.012939290402209912,-109.17340572928167,8328.183074857618,2h
2025-12-01 12:50:00+00:00,2025-12-01 12:55:00+00:00,2025-12-01 14:50:00+00:00,LONG,85406.4,86027.9,0.0072769722175387574,0.005876972217538757,48.94450055351472,8377.127575411132,2h
2025-12-01 21:35:00+00:00,2025-12-01 21:40:00+00:00,2025-12-01 23:35:00+00:00,SHORT,86373.5,86607.3,-0.0026995414936155093,-0.0040995414936155095,-34.342382092708625,8342.785193318423,2h
2025-12-03 14:05:00+00:00,2025-12-03 14:10:00+00:00,2025-12-03 16:05:00+00:00,LONG,92070.5,91894.7,-0.0019094063788075433,-0.0033094063788075435,-27.609666535789113,8315.175526782634,2h
2025-12-03 22:00:00+00:00,2025-12-03 22:05:00+00:00,2025-12-04 00:00:00+00:00,SHORT,93526.0,93409.1,0.0012514840631159263,-0.00014851593688407368,-1.2349360837156438,8313.940590698918,2h
2025-12-05 13:45:00+00:00,2025-12-05 13:50:00+00:00,2025-12-05 15:45:00+00:00,LONG,90538.7,91076.4,0.0059388968474254344,0.004538896847425434,37.73611873680567,8351.676709435724,2h
2025-12-06 08:35:00+00:00,2025-12-06 08:40:00+00:00,2025-12-06 10:35:00+00:00,LONG,89326.1,89541.5,0.002411389280400522,0.0010113892804005222,8.446796297293998,8360.123505733018,2h
2025-12-06 14:20:00+00:00,2025-12-06 14:25:00+00:00,2025-12-06 16:20:00+00:00,SHORT,89931.0,89904.0,0.00030032034169780175,-0.0010996796583021982,-9.193457760148661,8350.93004797287,2h
2025-12-07 07:45:00+00:00,2025-12-07 07:50:00+00:00,2025-12-07 09:45:00+00:00,LONG,89348.3,89100.0,-0.002779012023731875,-0.004179012023731875,-34.89863707982243,8316.031410893047,2h
2025-12-08 01:40:00+00:00,2025-12-08 01:45:00+00:00,2025-12-08 03:40:00+00:00,SHORT,91254.0,91011.4,0.0026656001336096136,0.0012656001336096136,10.524770464727984,8326.556181357775,2h
2025-12-08 15:15:00+00:00,2025-12-08 15:20:00+00:00,2025-12-08 17:15:00+00:00,LONG,90399.1,90036.1,-0.004015526703252559,-0.005415526703252559,-45.09268734627569,8281.4634940115,2h
2025-12-08 22:00:00+00:00,2025-12-08 22:05:00+00:00,2025-12-09 00:00:00+00:00,SHORT,91262.5,90642.9,0.006835615365351266,0.005435615365351266,45.014850215644486,8326.478344227144,2h
2025-12-09 01:50:00+00:00,2025-12-09 01:55:00+00:00,2025-12-09 03:50:00+00:00,LONG,90067.3,90340.6,0.003034397611563877,0.0016343976115638771,13.60877631854319,8340.087120545686,2h
2025-12-09 20:25:00+00:00,2025-12-09 20:30:00+00:00,2025-12-09 22:25:00+00:00,LONG,93078.0,92510.1,-0.006101334364726263,-0.007501334364726263,-62.56178212216027,8277.525338423526,2h
2025-12-10 10:05:00+00:00,2025-12-10 10:10:00+00:00,2025-12-10 12:05:00+00:00,SHORT,92987.9,92087.0,0.009783139856874401,0.0083831398568744,69.39165258082602,8346.916991004351,2h
2025-12-11 03:20:00+00:00,2025-12-11 03:25:00+00:00,2025-12-11 05:20:00+00:00,LONG,89896.9,90303.0,0.004517397151625913,0.0031173971516259124,26.020655252614894,8372.937646256965,2h
2025-12-11 18:45:00+00:00,2025-12-11 18:50:00+00:00,2025-12-11 20:45:00+00:00,SHORT,90870.5,91427.3,-0.006090084690240305,-0.007490084690240305,-62.71401207656599,8310.2236341804,2h
2025-12-13 21:30:00+00:00,2025-12-13 21:35:00+00:00,2025-12-13 23:30:00+00:00,LONG,89978.3,90204.0,0.00250838257668784,0.0011083825766878398,9.210907084505056,8319.434541264905,2h
2025-12-15 18:35:00+00:00,2025-12-15 18:40:00+00:00,2025-12-15 20:35:00+00:00,LONG,85475.0,86036.6,0.006570342205323154,0.005170342205323154,43.014323533125214,8362.44886479803,2h
2025-12-16 04:50:00+00:00,2025-12-16 04:55:00+00:00,2025-12-16 06:50:00+00:00,LONG,85726.1,86545.2,0.009554849689884293,0.008154849689884293,68.19451353177148,8430.643378329802,2h
2025-12-16 07:05:00+00:00,2025-12-16 07:10:00+00:00,2025-12-16 09:05:00+00:00,SHORT,86527.1,86334.9,0.0022262144277691576,0.0008262144277691576,6.965519194552595,8437.608897524355,2h
2025-12-18 13:15:00+00:00,2025-12-18 13:20:00+00:00,2025-12-18 15:15:00+00:00,SHORT,87699.5,88178.1,-0.005427651537059708,-0.006827651537059708,-57.60905335829083,8379.999844166065,2h
2025-12-19 03:35:00+00:00,2025-12-19 03:40:00+00:00,2025-12-19 05:35:00+00:00,SHORT,86973.9,86882.7,0.001049691135289299,-0.00035030886471070096,-2.935588231685665,8377.06425593438,2h
2025-12-20 21:20:00+00:00,2025-12-20 21:25:00+00:00,2025-12-20 23:20:00+00:00,SHORT,88346.9,88285.1,0.0007000048705838591,-0.0006999951294161409,-5.863904177960114,8371.200351756419,2h
2025-12-21 09:05:00+00:00,2025-12-21 09:10:00+00:00,2025-12-21 11:05:00+00:00,SHORT,88585.1,88668.9,-0.0009450889770820092,-0.0023450889770820094,-19.631209669849017,8351.56914208657,2h
2025-12-21 23:05:00+00:00,2025-12-21 23:10:00+00:00,2025-12-22 01:05:00+00:00,SHORT,88625.0,88846.0,-0.0024874501947189653,-0.0038874501947189655,-32.46630908761334,8319.102832998957,2h
2025-12-22 12:30:00+00:00,2025-12-22 12:35:00+00:00,2025-12-22 14:30:00+00:00,SHORT,90256.0,89878.1,0.004204583764009229,0.0028045837640092285,23.33162073655205,8342.434453735508,2h
2025-12-22 19:05:00+00:00,2025-12-22 19:10:00+00:00,2025-12-22 21:05:00+00:00,LONG,88929.3,88427.9,-0.005638186739353679,-0.007038186739353679,-58.71561154620851,8283.718842189299,2h
2025-12-23 03:10:00+00:00,2025-12-23 03:15:00+00:00,2025-12-23 05:10:00+00:00,LONG,88122.1,87907.0,-0.0024409313895152884,-0.0038409313895152886,-31.817195722884122,8251.901646466415,2h
2025-12-23 05:35:00+00:00,2025-12-23 05:40:00+00:00,2025-12-23 07:35:00+00:00,LONG,87765.9,87523.0,-0.002767589690301109,-0.004167589690301109,-34.390540227192176,8217.511106239222,2h
2025-12-24 02:50:00+00:00,2025-12-24 02:55:00+00:00,2025-12-24 04:50:00+00:00,LONG,87182.0,87174.8,-8.258585487830317e-05,-0.0014825858548783032,-12.183165728415629,8205.327940510806,2h
2025-12-24 05:45:00+00:00,2025-12-24 05:50:00+00:00,2025-12-24 07:45:00+00:00,LONG,86929.5,87176.2,0.0028379318873339443,0.0014379318873339443,11.79870269169265,8217.126643202499,2h
2025-12-24 14:40:00+00:00,2025-12-24 14:45:00+00:00,2025-12-24 16:40:00+00:00,LONG,86995.6,87507.3,0.005881906671141968,0.004481906671141967,36.82839471978768,8253.955037922286,2h
2025-12-24 22:10:00+00:00,2025-12-24 22:15:00+00:00,2025-12-25 00:10:00+00:00,SHORT,87809.8,87656.0,0.0017545861093364312,0.00035458610933643124,2.926737803534699,8256.88177572582,2h
2025-12-25 15:30:00+00:00,2025-12-25 15:35:00+00:00,2025-12-25 17:30:00+00:00,SHORT,87957.5,88054.0,-0.0010959184137007139,-0.002495918413700714,-20.608503263783923,8236.273272462036,2h
2025-12-25 22:50:00+00:00,2025-12-25 22:55:00+00:00,2025-12-26 00:50:00+00:00,LONG,87524.7,87081.0,-0.005069426116284803,-0.006469426116284803,-53.2839614097244,8182.989311052312,2h
2025-12-26 07:30:00+00:00,2025-12-26 07:35:00+00:00,2025-12-26 09:30:00+00:00,SHORT,89173.2,88768.4,0.0045601813257871715,0.0031601813257871713,25.859730009903547,8208.849041062214,2h
2025-12-26 20:50:00+00:00,2025-12-26 20:55:00+00:00,2025-12-26 22:50:00+00:00,SHORT,87671.2,87446.9,0.0025649851509887966,0.0011649851509887967,9.563187239546103,8218.41222830176,2h
2025-12-27 07:25:00+00:00,2025-12-27 07:30:00+00:00,2025-12-27 09:25:00+00:00,SHORT,87587.0,87565.2,0.0002489573483530627,-0.0011510426516469373,-9.459743003592072,8208.952485298169,2h
2025-12-27 13:35:00+00:00,2025-12-27 13:40:00+00:00,2025-12-27 15:35:00+00:00,LONG,87448.1,87578.0,0.0014854525141196895,8.54525141196895e-05,0.701475628157802,8209.653960926325,2h
2025-12-27 22:15:00+00:00,2025-12-27 22:20:00+00:00,2025-12-28 00:15:00+00:00,SHORT,87770.6,87796.0,-0.0002893070299329059,-0.001689307029932906,-13.868626149509367,8195.785334776816,2h
2025-12-28 18:20:00+00:00,2025-12-28 18:25:00+00:00,2025-12-28 20:20:00+00:00,LONG,87664.1,87576.9,-0.000994705928652806,-0.002394705928652806,-19.626495731155764,8176.15883904566,2h
2025-12-28 23:00:00+00:00,2025-12-28 23:05:00+00:00,2025-12-29 01:00:00+00:00,SHORT,87793.1,88071.3,-0.0031588042869811206,-0.004558804286981121,-37.27350796647994,8138.88533107918,2h
2025-12-29 12:25:00+00:00,2025-12-29 12:30:00+00:00,2025-12-29 14:25:00+00:00,LONG,87265.7,87613.8,0.003988967028282664,0.0025889670282826637,21.071305769137428,8159.956636848317,2h
2025-12-30 15:00:00+00:00,2025-12-30 15:05:00+00:00,2025-12-30 17:00:00+00:00,SHORT,88285.4,88822.3,-0.006044653200829142,-0.007444653200829142,-60.74804729513983,8099.208589553177,2h
2025-12-31 08:10:00+00:00,2025-12-31 08:15:00+00:00,2025-12-31 10:10:00+00:00,SHORT,88697.0,88800.1,-0.0011610347285645473,-0.0025610347285645475,-20.74235447173397,8078.466235081443,2h
2025-12-31 10:20:00+00:00,2025-12-31 10:25:00+00:00,2025-12-31 12:20:00+00:00,SHORT,88801.5,88951.9,-0.0016908014331340482,-0.0030908014331340484,-24.968935016914745,8053.497300064529,2h
2025-12-31 20:40:00+00:00,2025-12-31 20:45:00+00:00,2025-12-31 22:40:00+00:00,LONG,87428.9,87735.0,0.0035011306330059444,0.002101130633005944,16.921449879996246,8070.418749944525,2h
2026-01-01 01:15:00+00:00,2026-01-01 01:20:00+00:00,2026-01-01 03:15:00+00:00,SHORT,87947.0,88008.4,-0.0006976606778442696,-0.0020976606778442698,-16.929000065495735,8053.48974987903,2h
2026-01-01 04:45:00+00:00,2026-01-01 04:50:00+00:00,2026-01-01 06:45:00+00:00,LONG,87608.4,87657.5,0.000560448541464087,-0.000839551458535913,-6.7613190658149644,8046.728430813215,2h
2026-01-01 22:10:00+00:00,2026-01-01 22:15:00+00:00,2026-01-02 00:10:00+00:00,SHORT,88513.1,88637.9,-0.001407975595089539,-0.002807975595089539,-22.59501705403665,8024.133413759178,2h
2026-01-02 03:15:00+00:00,2026-01-02 03:20:00+00:00,2026-01-02 05:15:00+00:00,SHORT,88865.0,88754.9,0.0012404948909863212,-0.00015950510901367883,-1.2798902749019607,8022.853523484277,2h
2026-01-02 14:35:00+00:00,2026-01-02 14:40:00+00:00,2026-01-02 16:35:00+00:00,LONG,89129.7,90521.8,0.015618811686789025,0.014218811686789025,114.07544344111474,8136.928966925391,2h
2026-01-03 13:00:00+00:00,2026-01-03 13:05:00+00:00,2026-01-03 15:00:00+00:00,SHORT,90019.0,90059.9,-0.0004541421875884355,-0.0018541421875884355,-15.087023274986754,8121.841943650405,2h
2026-01-04 18:35:00+00:00,2026-01-04 18:40:00+00:00,2026-01-04 20:35:00+00:00,LONG,91164.5,91326.0,0.0017715229063943738,0.00037152290639437383,3.0174503241807287,8124.859393974585,2h
2026-01-05 18:00:00+00:00,2026-01-05 18:05:00+00:00,2026-01-05 20:00:00+00:00,SHORT,94249.0,94463.6,-0.0022717745247905485,-0.0036717745247905487,-29.83265174030106,8095.026742234284,2h
2026-01-06 08:00:00+00:00,2026-01-06 08:05:00+00:00,2026-01-06 10:00:00+00:00,LONG,93347.6,93475.7,0.0013722902356352318,-2.7709764364768205e-05,-0.22431128355380922,8094.80243095073,2h
2026-01-06 14:30:00+00:00,2026-01-06 14:35:00+00:00,2026-01-06 16:30:00+00:00,SHORT,94062.0,92811.7,0.013471361908035329,0.012071361908035328,97.71528971805041,8192.51772066878,2h
2026-01-07 02:05:00+00:00,2026-01-07 02:10:00+00:00,2026-01-07 04:05:00+00:00,LONG,92554.2,92800.0,0.0026557411765215644,0.0012557411765215644,10.28768184122638,8202.805402510006,2h
2026-01-07 14:20:00+00:00,2026-01-07 14:25:00+00:00,2026-01-07 16:20:00+00:00,LONG,91578.1,91682.8,0.001143286440753899,-0.00025671355924610103,-2.1057713706814902,8200.699631139325,2h
2026-01-08 06:35:00+00:00,2026-01-08 06:40:00+00:00,2026-01-08 08:35:00+00:00,LONG,90380.9,90400.1,0.00021243426431927226,-0.0011875657356807277,-9.738869890550644,8190.960761248774,2h
2026-01-09 08:05:00+00:00,2026-01-09 08:10:00+00:00,2026-01-09 10:05:00+00:00,LONG,90686.0,90451.2,-0.0025891537833844236,-0.003989153783384424,-32.67500211028891,8158.285759138485,2h
2026-01-10 05:05:00+00:00,2026-01-10 05:10:00+00:00,2026-01-10 07:05:00+00:00,LONG,90499.5,90550.9,0.0005679589389995243,-0.0008320410610004757,-6.788028738978657,8151.4977303995065,2h
2026-01-11 15:00:00+00:00,2026-01-11 15:05:00+00:00,2026-01-11 17:00:00+00:00,SHORT,91052.0,91058.7,-7.357891118586757e-05,-0.0014735789111858676,-12.011875150096175,8139.485855249411,2h
2026-01-12 01:05:00+00:00,2026-01-12 01:10:00+00:00,2026-01-12 03:05:00+00:00,SHORT,91525.0,92324.6,-0.008660746973179423,-0.010060746973179423,-81.88930768143723,8057.596547567973,2h
2026-01-12 14:25:00+00:00,2026-01-12 14:30:00+00:00,2026-01-12 16:25:00+00:00,LONG,90289.9,92204.8,0.021208352207722214,0.019808352207722216,159.60771036195297,8217.204257929927,2h
2026-01-12 16:30:00+00:00,2026-01-12 16:35:00+00:00,2026-01-12 18:30:00+00:00,SHORT,92042.4,91563.5,0.005230250045050733,0.0038302500450507326,31.473946979127174,8248.678204909054,2h
2026-01-13 05:30:00+00:00,2026-01-13 05:35:00+00:00,2026-01-13 07:30:00+00:00,SHORT,91877.0,92002.9,-0.0013684351254145133,-0.0027684351254145135,-22.83593048071136,8225.842274428343,2h
2026-01-14 06:10:00+00:00,2026-01-14 06:15:00+00:00,2026-01-14 08:10:00+00:00,LONG,94871.0,95269.1,0.004196224346744604,0.0027962243467446034,23.00130044023754,8248.84357486858,2h
2026-01-14 14:25:00+00:00,2026-01-14 14:30:00+00:00,2026-01-14 16:25:00+00:00,SHORT,95633.1,97245.2,-0.01657768198327514,-0.017977681983275137,-148.29508651876975,8100.548488349811,2h
2026-01-14 16:45:00+00:00,2026-01-14 16:50:00+00:00,2026-01-14 18:45:00+00:00,SHORT,97486.9,96647.6,0.0086841266622244,0.0072841266622244005,59.005421222630424,8159.553909572442,2h
2026-01-15 14:45:00+00:00,2026-01-15 14:50:00+00:00,2026-01-15 16:45:00+00:00,LONG,96025.1,96695.1,0.006977342382356255,0.005577342382356255,45.50862584097906,8205.06253541342,2h
2026-01-18 09:55:00+00:00,2026-01-18 10:00:00+00:00,2026-01-18 11:55:00+00:00,SHORT,95275.1,95165.9,0.001147469839511972,-0.000252530160488028,-2.072025758882257,8202.990509654539,2h
2026-01-18 13:25:00+00:00,2026-01-18 13:30:00+00:00,2026-01-18 15:25:00+00:00,LONG,94976.9,95058.4,0.0008581033914563108,-0.0005418966085436892,-4.445172737097863,8198.545336917441,2h
2026-01-19 22:15:00+00:00,2026-01-19 22:20:00+00:00,2026-01-20 00:15:00+00:00,LONG,92968.5,92587.0,-0.004103540446495302,-0.005503540446495302,-45.12102586415059,8153.424311053291,2h
2026-01-20 15:10:00+00:00,2026-01-20 15:15:00+00:00,2026-01-20 17:10:00+00:00,LONG,90297.6,90464.6,0.0018494400737119054,0.00044944007371190546,3.664475623364233,8157.088786676655,2h
2026-01-20 22:35:00+00:00,2026-01-20 22:40:00+00:00,2026-01-21 00:35:00+00:00,LONG,88550.7,88888.1,0.003810246559315944,0.002410246559315944,19.660595182122076,8176.749381858777,2h
2026-01-21 03:45:00+00:00,2026-01-21 03:50:00+00:00,2026-01-21 05:45:00+00:00,SHORT,89493.9,90035.9,-0.006019820982519186,-0.007419820982519186,-60.670016632316546,8116.079365226461,2h
2026-01-21 07:55:00+00:00,2026-01-21 08:00:00+00:00,2026-01-21 09:55:00+00:00,LONG,89212.5,89103.9,-0.001217318200924855,-0.0026173182009248553,-21.242362242757864,8094.837002983703,2h
2026-01-21 14:35:00+00:00,2026-01-21 14:40:00+00:00,2026-01-21 16:35:00+00:00,SHORT,89794.9,88860.6,0.010514221150881076,0.009114221150881075,73.77813462552885,8168.615137609232,2h
2026-01-23 02:00:00+00:00,2026-01-23 02:05:00+00:00,2026-01-23 04:00:00+00:00,SHORT,89832.0,89892.3,-0.0006708027272636086,-0.0020708027272636088,-16.915590504927998,8151.699547104304,2h
2026-01-23 14:30:00+00:00,2026-01-23 14:35:00+00:00,2026-01-23 16:30:00+00:00,SHORT,89134.1,89808.2,-0.007505996111713542,-0.008905996111713542,-72.59900447036797,8079.100542633936,2h
2026-01-23 17:30:00+00:00,2026-01-23 17:35:00+00:00,2026-01-23 19:30:00+00:00,SHORT,90839.1,89673.6,0.012997136280912036,0.011597136280912036,93.69443002011614,8172.794972654052,2h
2026-01-24 07:25:00+00:00,2026-01-24 07:30:00+00:00,2026-01-24 09:25:00+00:00,LONG,89597.5,89614.9,0.0001942018471496887,-0.0012057981528503113,-9.854741081650566,8162.940231572401,2h
2026-01-24 14:05:00+00:00,2026-01-24 14:10:00+00:00,2026-01-24 16:05:00+00:00,LONG,89484.7,89336.9,-0.001651679002108719,-0.0030516790021087193,-24.91067330015798,8138.029558272243,2h
2026-01-24 16:20:00+00:00,2026-01-24 16:25:00+00:00,2026-01-24 18:20:00+00:00,LONG,89229.2,89401.1,0.0019264993970584676,0.0005264993970584676,4.2846676556743235,8142.3142259279175,2h
2026-01-25 06:15:00+00:00,2026-01-25 06:20:00+00:00,2026-01-25 08:15:00+00:00,LONG,88743.3,88702.3,-0.00046200670923890463,-0.0018620067092389046,-15.16104371740916,8127.153182210508,2h
2026-01-25 15:55:00+00:00,2026-01-25 16:00:00+00:00,2026-01-25 17:55:00+00:00,LONG,88456.1,87886.3,-0.006441613410494096,-0.007841613410494096,-63.729993382761684,8063.423188827746,2h
2026-01-26 01:45:00+00:00,2026-01-26 01:50:00+00:00,2026-01-26 03:45:00+00:00,SHORT,87543.0,87287.9,0.00292251274231603,0.0015225127423160302,12.2766645516768,8075.699853379423,2h
2026-01-27 09:35:00+00:00,2026-01-27 09:40:00+00:00,2026-01-27 11:35:00+00:00,LONG,88049.0,87956.3,-0.0010528228599984146,-0.002452822859998415,-19.808261210854894,8055.891592168568,2h
2026-01-28 12:00:00+00:00,2026-01-28 12:05:00+00:00,2026-01-28 14:00:00+00:00,SHORT,89934.0,90247.5,-0.003473780437131202,-0.004873780437131202,-39.2626468455609,8016.628945323007,2h
2026-01-28 15:15:00+00:00,2026-01-28 15:20:00+00:00,2026-01-28 17:15:00+00:00,LONG,89184.8,89682.3,0.005578304823243396,0.004178304823243396,33.49591938839574,8050.1248647114035,2h
2026-01-30 14:45:00+00:00,2026-01-30 14:50:00+00:00,2026-01-30 16:45:00+00:00,SHORT,83519.3,83155.9,0.00437010482719824,0.00297010482719824,23.909714720227917,8074.034579431632,2h
2026-01-31 07:40:00+00:00,2026-01-31 07:45:00+00:00,2026-01-31 09:40:00+00:00,LONG,83485.2,83217.8,-0.0032029629203738086,-0.004602962920373809,-37.16448178693974,8036.870097644692,2h
2026-01-31 18:45:00+00:00,2026-01-31 18:50:00+00:00,2026-01-31 20:45:00+00:00,LONG,78009.0,77414.0,-0.00762732505223751,-0.00902732505223751,-72.55143877404645,7964.318658870645,2h
2026-02-01 07:05:00+00:00,2026-02-01 07:10:00+00:00,2026-02-01 09:05:00+00:00,LONG,78245.0,78786.0,0.006914179819796695,0.005514179819796695,43.91668522717479,8008.2353440978195,2h
2026-02-01 14:40:00+00:00,2026-02-01 14:45:00+00:00,2026-02-01 16:40:00+00:00,LONG,77898.1,77255.9,-0.008244103514720047,-0.009644103514720047,-77.23225062871909,7931.0030934691,2h
2026-02-01 20:05:00+00:00,2026-02-01 20:10:00+00:00,2026-02-01 22:05:00+00:00,LONG,77174.9,77199.0,0.00031227769650499226,-0.0010877223034950077,-8.626728953854242,7922.376364515246,2h
2026-02-02 03:45:00+00:00,2026-02-02 03:50:00+00:00,2026-02-02 05:45:00+00:00,LONG,75922.0,75319.3,-0.00793841047390742,-0.00933841047390742,-73.98240242062576,7848.39396209462,2h
2026-02-03 15:00:00+00:00,2026-02-03 15:05:00+00:00,2026-02-03 17:00:00+00:00,LONG,77420.0,76419.9,-0.012917850684577736,-0.014317850684577737,-112.37213286301224,7736.021829231608,2h
2026-02-03 19:10:00+00:00,2026-02-03 19:15:00+00:00,2026-02-03 21:10:00+00:00,LONG,74583.3,76792.8,0.0296245942456288,0.0282245942456288,218.3460772053892,7954.367906436997,2h
2026-02-04 21:50:00+00:00,2026-02-04 21:55:00+00:00,2026-02-04 23:50:00+00:00,LONG,72420.1,73388.0,0.01336507406093057,0.01196507406093057,95.17460110840793,8049.542507545405,2h
2026-02-05 11:30:00+00:00,2026-02-05 11:35:00+00:00,2026-02-05 13:30:00+00:00,LONG,70208.0,69623.1,-0.008330959434822205,-0.009730959434822205,-78.32977160980136,7971.212735935604,2h
2026-02-05 20:55:00+00:00,2026-02-05 21:00:00+00:00,2026-02-05 22:55:00+00:00,LONG,63774.9,63911.4,0.002140340478777647,0.000740340478777647,5.9014114533610424,7977.114147388965,2h
2026-02-06 23:05:00+00:00,2026-02-06 23:10:00+00:00,2026-02-07 01:05:00+00:00,SHORT,71400.0,69985.1,0.020217160509879983,0.018817160509879985,150.10663731705256,8127.220784706017,2h
2026-02-07 04:25:00+00:00,2026-02-07 04:30:00+00:00,2026-02-07 06:25:00+00:00,SHORT,71152.9,70224.2,0.013224785757616209,0.011824785757616208,96.10264458399413,8223.32342929001,2h
2026-02-07 07:40:00+00:00,2026-02-07 07:45:00+00:00,2026-02-07 09:40:00+00:00,LONG,68493.0,68133.1,-0.00525455156001331,-0.00665455156001331,-54.72252975487584,8168.600899535135,2h
2026-02-07 12:20:00+00:00,2026-02-07 12:25:00+00:00,2026-02-07 14:20:00+00:00,SHORT,69264.4,69053.2,0.0030585114085950327,0.0016585114085950327,13.547717784138667,8182.148617319273,2h
2026-02-07 23:10:00+00:00,2026-02-07 23:15:00+00:00,2026-02-08 01:10:00+00:00,LONG,69068.1,69380.0,0.004515832924316676,0.003115832924316676,25.49420805349556,8207.642825372768,2h
2026-02-08 23:10:00+00:00,2026-02-08 23:15:00+00:00,2026-02-09 01:10:00+00:00,SHORT,71363.1,70419.8,0.013395380276570057,0.011995380276570057,98.45379686460824,8306.096622237377,2h
2026-02-09 03:55:00+00:00,2026-02-09 04:00:00+00:00,2026-02-09 05:55:00+00:00,SHORT,71305.4,71052.2,0.0035635772009874334,0.002163577200987433,17.970881281071517,8324.067503518449,2h
2026-02-09 10:50:00+00:00,2026-02-09 10:55:00+00:00,2026-02-09 12:50:00+00:00,LONG,68768.0,69042.0,0.003984411354118089,0.002584411354118089,21.512814568538495,8345.580318086988,2h
2026-02-10 06:55:00+00:00,2026-02-10 07:00:00+00:00,2026-02-10 08:55:00+00:00,LONG,68919.0,69135.0,0.0031341139598659584,0.0017341139598659584,14.472187332777231,8360.052505419766,2h
2026-02-10 14:20:00+00:00,2026-02-10 14:25:00+00:00,2026-02-10 16:20:00+00:00,SHORT,69313.9,69414.8,-0.0014535805044458838,-0.002853580504445884,-23.856082845609812,8336.196422574156,2h
2026-02-11 03:20:00+00:00,2026-02-11 03:25:00+00:00,2026-02-11 05:20:00+00:00,LONG,68247.2,67679.0,-0.008325616289019844,-0.009725616289019844,-81.07464771585616,8255.1217748583,2h
2026-02-11 15:10:00+00:00,2026-02-11 15:15:00+00:00,2026-02-11 17:10:00+00:00,LONG,66107.2,66269.0,0.0024475397536123378,0.0010475397536123378,8.647568230074908,8263.769343088376,2h
2026-02-11 21:30:00+00:00,2026-02-11 21:35:00+00:00,2026-02-11 23:30:00+00:00,SHORT,68102.0,66898.2,0.017994505083843926,0.016594505083843927,137.13316237559363,8400.90250546397,2h
2026-02-12 05:00:00+00:00,2026-02-12 05:05:00+00:00,2026-02-12 07:00:00+00:00,LONG,67171.0,67078.0,-0.0013845260603534415,-0.0027845260603534417,-23.392531956952944,8377.509973507016,2h
2026-02-12 23:10:00+00:00,2026-02-12 23:15:00+00:00,2026-02-13 01:10:00+00:00,SHORT,66308.5,66255.8,0.0007954020629137304,-0.0006045979370862696,-5.065025247901991,8372.444948259114,2h
2026-02-14 21:20:00+00:00,2026-02-14 21:25:00+00:00,2026-02-14 23:20:00+00:00,SHORT,70035.0,69808.5,0.003244590558456384,0.001844590558456384,15.443732902754608,8387.888681161869,2h
2026-02-15 07:20:00+00:00,2026-02-15 07:25:00+00:00,2026-02-15 09:20:00+00:00,SHORT,70647.0,70569.0,0.0011053011945754143,-0.00029469880542458567,-2.471900774372806,8385.416780387495,2h
2026-02-16 09:40:00+00:00,2026-02-16 09:45:00+00:00,2026-02-16 11:40:00+00:00,SHORT,69026.2,68582.9,0.006463710341790829,0.005063710341790829,42.461321671074515,8427.87810205857,2h
2026-02-16 21:00:00+00:00,2026-02-16 21:05:00+00:00,2026-02-16 23:00:00+00:00,SHORT,68452.4,68670.7,-0.003178939489476673,-0.004578939489476673,-38.590743854011706,8389.287358204558,2h
2026-02-17 15:00:00+00:00,2026-02-17 15:05:00+00:00,2026-02-17 17:00:00+00:00,LONG,67100.6,67571.0,0.007010369504892644,0.005610369504892644,47.06700196225222,8436.35436016681,2h
2026-02-18 01:40:00+00:00,2026-02-18 01:45:00+00:00,2026-02-18 03:40:00+00:00,LONG,67175.0,67625.0,0.006698920729438118,0.005298920729438118,44.70357299997356,8481.057933166783,2h
2026-02-18 04:55:00+00:00,2026-02-18 05:00:00+00:00,2026-02-18 06:55:00+00:00,SHORT,67823.0,67843.9,-0.0003080601203644395,-0.0017080601203644395,-14.48615683414264,8466.571776332641,2h
2026-02-18 10:45:00+00:00,2026-02-18 10:50:00+00:00,2026-02-18 12:45:00+00:00,LONG,67814.5,67566.5,-0.0036570349998894525,-0.005057034999889453,-42.81574980199038,8423.756026530651,2h
2026-02-18 13:55:00+00:00,2026-02-18 14:00:00+00:00,2026-02-18 15:55:00+00:00,LONG,67241.0,67695.9,0.006765217649945532,0.005365217649945532,45.19528451237729,8468.951311043029,2h
2026-02-18 18:45:00+00:00,2026-02-18 18:50:00+00:00,2026-02-18 20:45:00+00:00,LONG,66521.9,66465.6,-0.0008463378225815887,-0.002246337822581589,-19.02412564759789,8449.92718539543,2h
2026-02-19 06:30:00+00:00,2026-02-19 06:35:00+00:00,2026-02-19 08:30:00+00:00,SHORT,67137.0,66850.2,0.004290189109381837,0.0028901891093818365,24.42188752629939,8474.34907292173,2h
2026-02-19 12:05:00+00:00,2026-02-19 12:10:00+00:00,2026-02-19 14:05:00+00:00,LONG,66541.0,65967.3,-0.008621752002524685,-0.010021752002524685,-84.92782479164656,8389.421248130084,2h
2026-02-20 09:05:00+00:00,2026-02-20 09:10:00+00:00,2026-02-20 11:05:00+00:00,SHORT,68127.1,67964.9,0.0023865259862076993,0.0009865259862076993,8.276382070523358,8397.697630200608,2h
2026-02-20 13:40:00+00:00,2026-02-20 13:45:00+00:00,2026-02-20 15:40:00+00:00,LONG,66636.1,67229.0,0.00889757954021908,0.00749757954021908,62.962405937138335,8460.660036137746,2h
2026-02-21 09:00:00+00:00,2026-02-21 09:05:00+00:00,2026-02-21 11:00:00+00:00,SHORT,68034.1,68200.7,-0.002442790176640286,-0.003842790176640286,-32.51254127476318,8428.147494862982,2h
2026-02-23 06:40:00+00:00,2026-02-23 06:45:00+00:00,2026-02-23 08:40:00+00:00,SHORT,65538.1,65620.8,-0.0012602711335429895,-0.0026602711335429897,-22.421157489826655,8405.726337373155,2h
2026-02-24 01:20:00+00:00,2026-02-24 01:25:00+00:00,2026-02-24 03:20:00+00:00,LONG,64243.9,63715.1,-0.008231131671645131,-0.009631131671645131,-80.95665715105622,8324.769680222098,2h
2026-02-24 04:20:00+00:00,2026-02-24 04:25:00+00:00,2026-02-24 06:20:00+00:00,LONG,63285.9,63261.9,-0.00037923139277473705,-0.001779231392774737,-14.811691552670466,8309.957988669428,2h
2026-02-24 13:35:00+00:00,2026-02-24 13:40:00+00:00,2026-02-24 15:35:00+00:00,LONG,62963.1,63772.0,0.012847207332548738,0.011447207332548738,95.12581202106864,8405.083800690496,2h
2026-02-25 13:50:00+00:00,2026-02-25 13:55:00+00:00,2026-02-25 15:50:00+00:00,SHORT,66293.4,67318.9,-0.015233463410721182,-0.01663346341072118,-139.80565386283067,8265.278146827666,2h
2026-02-27 17:30:00+00:00,2026-02-27 17:35:00+00:00,2026-02-27 19:30:00+00:00,LONG,65299.0,65359.8,0.0009311015482627027,-0.00046889845173729724,-3.87557612622561,8261.40257070144,2h
2026-02-27 22:35:00+00:00,2026-02-27 22:40:00+00:00,2026-02-28 00:35:00+00:00,LONG,65281.0,65828.9,0.008392947411957508,0.006992947411957507,57.77155372592574,8319.174124427367,2h
2026-02-28 14:00:00+00:00,2026-02-28 14:05:00+00:00,2026-02-28 16:00:00+00:00,SHORT,64808.6,64727.0,0.0012606794691549794,-0.00013932053084502057,-1.15903175520738,8318.01509267216,2h
2026-02-28 19:40:00+00:00,2026-02-28 19:45:00+00:00,2026-02-28 21:40:00+00:00,SHORT,66380.0,66845.6,-0.006965305121055199,-0.008365305121055199,-69.58273425174485,8248.432358420416,2h
2026-03-01 02:05:00+00:00,2026-03-01 02:10:00+00:00,2026-03-01 04:05:00+00:00,SHORT,67770.1,67369.0,0.005953776959729318,0.0045537769597293175,37.56152122766065,8285.993879648076,2h
2026-03-01 13:55:00+00:00,2026-03-01 14:00:00+00:00,2026-03-01 15:55:00+00:00,SHORT,66948.1,66841.6,0.001593319130601234,0.000193319130601234,1.601841132980712,8287.595720781057,2h
2026-03-02 00:45:00+00:00,2026-03-02 00:50:00+00:00,2026-03-02 02:45:00+00:00,SHORT,66575.0,66236.4,0.0051119928015412874,0.0037119928015412872,30.76349565762366,8318.359216438681,2h
2026-03-03 16:30:00+00:00,2026-03-03 16:35:00+00:00,2026-03-03 18:30:00+00:00,SHORT,68363.7,68678.1,-0.004577878537699864,-0.0059778785376998645,-49.72614102882665,8268.633075409854,2h
2026-03-04 03:35:00+00:00,2026-03-04 03:40:00+00:00,2026-03-04 05:35:00+00:00,LONG,67631.3,67950.9,0.004725622603735102,0.003325622603735102,27.498353057574704,8296.13142846743,2h
2026-03-04 14:35:00+00:00,2026-03-04 14:40:00+00:00,2026-03-04 16:35:00+00:00,SHORT,71906.8,73163.9,-0.017181970890015275,-0.018581970890015273,-154.15847270352262,8141.9729557639075,2h
2026-03-04 23:35:00+00:00,2026-03-04 23:40:00+00:00,2026-03-05 01:35:00+00:00,LONG,72701.1,72817.4,0.001599700692286543,0.00019970069228654312,1.625957635844364,8143.598913399752,2h
2026-03-06 01:30:00+00:00,2026-03-06 01:35:00+00:00,2026-03-06 03:30:00+00:00,LONG,70849.5,71141.2,0.0041171779617357185,0.0027171779617357183,22.127607496704748,8165.726520896456,2h
2026-03-06 04:55:00+00:00,2026-03-06 05:00:00+00:00,2026-03-06 06:55:00+00:00,LONG,70622.6,70610.0,-0.00017841314253519425,-0.0015784131425351942,-12.888890058931153,8152.8376308375255,2h
2026-03-06 12:15:00+00:00,2026-03-06 12:20:00+00:00,2026-03-06 14:15:00+00:00,LONG,70180.0,68982.6,-0.01706184098033614,-0.01846184098033614,-150.51639187902282,8002.321238958502,2h
2026-03-07 03:15:00+00:00,2026-03-07 03:20:00+00:00,2026-03-07 05:15:00+00:00,SHORT,68334.7,67940.2,0.005806576960326826,0.004406576960326826,35.262844400728554,8037.584083359231,2h
2026-03-07 14:10:00+00:00,2026-03-07 14:15:00+00:00,2026-03-07 16:10:00+00:00,LONG,67750.1,67887.8,0.0020324693247684156,0.0006324693247684156,5.083525377971577,8042.6676087372025,2h
2026-03-08 09:35:00+00:00,2026-03-08 09:40:00+00:00,2026-03-08 11:35:00+00:00,SHORT,67754.9,67550.1,0.0030318237870852194,0.0016318237870852194,13.124216315557167,8055.79182505276,2h
2026-03-08 12:15:00+00:00,2026-03-08 12:20:00+00:00,2026-03-08 14:15:00+00:00,LONG,67150.0,67377.9,0.003393894266567221,0.001993894266567221,16.062397132631787,8071.854222185392,2h
2026-03-09 05:50:00+00:00,2026-03-09 05:55:00+00:00,2026-03-09 07:50:00+00:00,SHORT,67838.1,67513.8,0.0048034624032420314,0.0034034624032420312,27.47225236965843,8099.3264745550505,2h
2026-03-09 13:35:00+00:00,2026-03-09 13:40:00+00:00,2026-03-09 15:35:00+00:00,SHORT,68732.9,68803.1,-0.0010203028642606915,-0.0024203028642606917,-19.60282306494804,8079.723651490102,2h
2026-03-09 19:30:00+00:00,2026-03-09 19:35:00+00:00,2026-03-09 21:30:00+00:00,SHORT,69188.0,68923.1,0.0038434138917140537,0.0024434138917140535,19.742109011261515,8099.465760501364,2h
2026-03-10 00:50:00+00:00,2026-03-10 00:55:00+00:00,2026-03-10 02:50:00+00:00,SHORT,69082.0,70374.0,-0.01835905305936847,-0.019759053059368467,-160.0377737142846,7939.427986787079,2h
2026-03-10 03:00:00+00:00,2026-03-10 03:05:00+00:00,2026-03-10 05:00:00+00:00,SHORT,70053.9,70219.1,-0.002352636248542206,-0.003752636248542206,-29.793785255907665,7909.634201531171,2h
2026-03-10 13:40:00+00:00,2026-03-10 13:45:00+00:00,2026-03-10 15:40:00+00:00,LONG,69922.9,71112.7,0.017015884638652112,0.015615884638652112,123.51593522504798,8033.150136756219,2h
2026-03-10 18:20:00+00:00,2026-03-10 18:25:00+00:00,2026-03-10 20:20:00+00:00,LONG,70325.6,70202.2,-0.001754695302990772,-0.003154695302990772,-25.34214100464452,8007.807995751574,2h
2026-03-12 07:55:00+00:00,2026-03-12 08:00:00+00:00,2026-03-12 09:55:00+00:00,SHORT,69829.2,69948.6,-0.0017069676877022877,-0.003106967687702288,-24.88000069212416,7982.92799505945,2h
2026-03-12 11:45:00+00:00,2026-03-12 11:50:00+00:00,2026-03-12 13:45:00+00:00,SHORT,70619.2,70040.3,0.008265241582346095,0.006865241582346094,54.80472922055687,8037.732724280007,2h
2026-03-12 23:20:00+00:00,2026-03-12 23:25:00+00:00,2026-03-13 01:20:00+00:00,SHORT,70543.1,71492.3,-0.013276954301372323,-0.014676954301372324,-117.96943588090252,7919.763288399104,2h
2026-03-13 10:20:00+00:00,2026-03-13 10:25:00+00:00,2026-03-13 12:20:00+00:00,SHORT,72306.2,72439.2,-0.0018360224850633156,-0.0032360224850633158,-25.628532077638486,7894.134756321465,2h
2026-03-13 13:55:00+00:00,2026-03-13 14:00:00+00:00,2026-03-13 15:55:00+00:00,SHORT,73374.8,71832.0,0.02147789286112034,0.02007789286112034,158.4975918686687,8052.632348190134,2h
2026-03-13 18:10:00+00:00,2026-03-13 18:15:00+00:00,2026-03-13 20:10:00+00:00,LONG,71209.0,71352.1,0.002009577441053789,0.0006095774410537892,4.9087030205567075,8057.54105121069,2h
2026-03-14 00:50:00+00:00,2026-03-14 00:55:00+00:00,2026-03-14 02:50:00+00:00,LONG,70652.1,70773.8,0.0017225248789489722,0.00032252487894897223,2.598757452168102,8060.139808662858,2h
2026-03-14 06:45:00+00:00,2026-03-14 06:50:00+00:00,2026-03-14 08:45:00+00:00,LONG,70635.5,70547.1,-0.0012514953529032535,-0.0026514953529032537,-21.37142324642009,8038.768385416438,2h
2026-03-15 00:00:00+00:00,2026-03-15 00:05:00+00:00,2026-03-15 02:00:00+00:00,SHORT,71115.9,71194.5,-0.0011040178665487899,-0.00250401786654879,-20.129219662130332,8018.639165754307,2h
2026-03-15 02:50:00+00:00,2026-03-15 02:55:00+00:00,2026-03-15 04:50:00+00:00,SHORT,71421.3,71524.0,-0.001435881662099403,-0.0028358816620994032,-22.739911765154698,7995.899253989152,2h
2026-03-15 13:10:00+00:00,2026-03-15 13:15:00+00:00,2026-03-15 15:10:00+00:00,LONG,71443.9,71539.9,0.0013437116394821036,-5.628836051789639e-05,-0.4500760598733202,7995.449177929279,2h
2026-03-15 20:45:00+00:00,2026-03-15 20:50:00+00:00,2026-03-15 22:45:00+00:00,SHORT,71792.0,72490.3,-0.009633012968631727,-0.011033012968631727,-88.21389447012962,7907.235283459149,2h
2026-03-15 23:20:00+00:00,2026-03-15 23:25:00+00:00,2026-03-16 01:20:00+00:00,SHORT,72584.0,72610.9,-0.000370467794780005,-0.001770467794780005,-13.999505415112568,7893.235778044037,2h
2026-03-16 08:45:00+00:00,2026-03-16 08:50:00+00:00,2026-03-16 10:45:00+00:00,LONG,73086.9,73450.0,0.004968058571372058,0.003568058571372058,28.16352757371062,7921.399305617748,2h
2026-03-16 13:40:00+00:00,2026-03-16 13:45:00+00:00,2026-03-16 15:40:00+00:00,SHORT,74075.1,73545.9,0.0071955064796271895,0.005795506479627189,45.908521003421974,7967.30782662117,2h
2026-03-17 00:15:00+00:00,2026-03-17 00:20:00+00:00,2026-03-17 02:15:00+00:00,SHORT,75234.5,75159.3,0.0010005415164855425,-0.0003994584835144575,-3.182608702114961,7964.125217919055,2h
2026-03-17 03:55:00+00:00,2026-03-17 04:00:00+00:00,2026-03-17 05:55:00+00:00,LONG,74465.7,74046.2,-0.005633466146158561,-0.007033466146158561,-56.015405104001346,7908.109812815053,2h
2026-03-17 10:15:00+00:00,2026-03-17 10:20:00+00:00,2026-03-17 12:15:00+00:00,LONG,73753.0,74107.9,0.00481200764714651,0.00341200764714651,26.982531155799318,7935.092343970853,2h
2026-03-17 15:05:00+00:00,2026-03-17 15:10:00+00:00,2026-03-17 17:05:00+00:00,SHORT,74365.9,74199.5,0.0022426027129562875,0.0008426027129562876,6.686130336588508,7941.778474307442,2h
2026-03-17 22:40:00+00:00,2026-03-17 22:45:00+00:00,2026-03-18 00:40:00+00:00,LONG,74163.0,73723.9,-0.00592074214905014,-0.00732074214905014,-58.1397124152816,7883.63876189216,2h
2026-03-18 03:35:00+00:00,2026-03-18 03:40:00+00:00,2026-03-18 05:35:00+00:00,SHORT,74473.9,74078.0,0.0053443667485622015,0.003944366748562201,31.095962590083516,7914.734724482243,2h
2026-03-18 14:30:00+00:00,2026-03-18 14:35:00+00:00,2026-03-18 16:30:00+00:00,LONG,71719.4,71126.9,-0.00826136303426972,-0.00966136303426972,-76.46712549316368,7838.2675989890795,2h
2026-03-18 20:10:00+00:00,2026-03-18 20:15:00+00:00,2026-03-18 22:10:00+00:00,LONG,70752.0,71001.2,0.0035221619176841745,0.0021221619176841743,16.634072999192394,7854.901671988272,2h
2026-03-19 03:20:00+00:00,2026-03-19 03:25:00+00:00,2026-03-19 05:20:00+00:00,SHORT,71498.0,70823.1,0.009529376714659366,0.008129376714659365,63.85545474820037,7918.757126736473,2h
2026-03-19 07:30:00+00:00,2026-03-19 07:35:00+00:00,2026-03-19 09:30:00+00:00,LONG,69975.9,70198.8,0.0031853823959393512,0.0017853823959393513,14.138009571794576,7932.895136308268,2h
2026-03-19 13:00:00+00:00,2026-03-19 13:05:00+00:00,2026-03-19 15:00:00+00:00,LONG,69431.8,69771.0,0.004885369528083716,0.003485369528083716,27.649070977572354,7960.5442072858405,2h
2026-03-20 04:15:00+00:00,2026-03-20 04:20:00+00:00,2026-03-20 06:15:00+00:00,SHORT,70851.0,70480.0,0.005263904653802554,0.0038639046538025534,30.758783809332716,7991.302991095173,2h
2026-03-22 07:45:00+00:00,2026-03-22 07:50:00+00:00,2026-03-22 09:45:00+00:00,LONG,69069.8,68784.0,-0.0041378431673466665,-0.005537843167346667,-44.25458266743338,7947.04840842774,2h
2026-03-22 21:20:00+00:00,2026-03-22 21:25:00+00:00,2026-03-22 23:20:00+00:00,LONG,67668.0,68176.0,0.007507241236625939,0.006107241236625939,48.534541749412426,7995.582950177152,2h
2026-03-23 07:05:00+00:00,2026-03-23 07:10:00+00:00,2026-03-23 09:05:00+00:00,LONG,67763.9,68284.0,0.007675178081544942,0.006275178081544942,50.17370687812611,8045.756657055278,2h
2026-03-24 14:50:00+00:00,2026-03-24 14:55:00+00:00,2026-03-24 16:50:00+00:00,LONG,69916.6,69520.0,-0.00567247263167836,-0.0070724726316783604,-56.90339375816743,7988.853263297111,2h
2026-03-25 00:45:00+00:00,2026-03-25 00:50:00+00:00,2026-03-25 02:45:00+00:00,SHORT,70881.0,70636.4,0.0034628038801525207,0.0020628038801525205,16.479437509498407,8005.332700806609,2h
2026-03-26 18:05:00+00:00,2026-03-26 18:10:00+00:00,2026-03-26 20:05:00+00:00,LONG,68484.9,68515.1,0.0004409731196222122,-0.0009590268803777878,-7.677329246440853,7997.6553715601685,2h
2026-03-27 12:35:00+00:00,2026-03-27 12:40:00+00:00,2026-03-27 14:35:00+00:00,LONG,66595.8,65806.1,-0.011858105165791222,-0.013258105165791222,-106.03375599589978,7891.621615564269,2h
2026-03-28 00:05:00+00:00,2026-03-28 00:10:00+00:00,2026-03-28 02:05:00+00:00,SHORT,66361.1,66227.1,0.0020233408982124335,0.0006233408982124335,4.919170506198487,7896.540786070467,2h
2026-03-28 06:25:00+00:00,2026-03-28 06:30:00+00:00,2026-03-28 08:25:00+00:00,SHORT,66467.3,66557.0,-0.0013477169944557943,-0.0027477169944557945,-21.69745931529914,7874.843326755168,2h
2026-03-28 15:25:00+00:00,2026-03-28 15:30:00+00:00,2026-03-28 17:25:00+00:00,SHORT,67030.1,66775.2,0.0038172854592724015,0.0024172854592724013,19.03574426781357,7893.879071022981,2h
2026-03-28 22:15:00+00:00,2026-03-28 22:20:00+00:00,2026-03-29 00:15:00+00:00,LONG,66722.1,66469.9,-0.003779857048864077,-0.005179857048864077,-40.889165148919005,7852.989905874062,2h
2026-03-29 11:45:00+00:00,2026-03-29 11:50:00+00:00,2026-03-29 13:45:00+00:00,SHORT,66829.5,66612.2,0.0032621651889594983,0.0018621651889594983,14.623564431969005,7867.613470306031,2h
2026-03-30 05:10:00+00:00,2026-03-30 05:15:00+00:00,2026-03-30 07:10:00+00:00,SHORT,67641.1,67381.6,0.003851199734052013,0.002451199734052013,19.285092046038177,7886.898562352068,2h
2026-03-31 00:50:00+00:00,2026-03-31 00:55:00+00:00,2026-03-31 02:50:00+00:00,SHORT,67143.7,68003.0,-0.012636207226151885,-0.014036207226151886,-110.70214259281302,7776.196419759255,2h
2026-03-31 09:00:00+00:00,2026-03-31 09:05:00+00:00,2026-03-31 11:00:00+00:00,LONG,66855.0,66393.2,-0.006907486351058312,-0.008307486351058312,-64.60064562029852,7711.595774138957,2h
2026-03-31 14:05:00+00:00,2026-03-31 14:10:00+00:00,2026-03-31 16:05:00+00:00,SHORT,67181.5,66977.6,0.0030443013783711947,0.0016443013783711948,12.680187560858167,7724.275961699815,2h
2026-03-31 17:15:00+00:00,2026-03-31 17:20:00+00:00,2026-03-31 19:15:00+00:00,SHORT,68247.8,67927.0,0.004722717034463475,0.003322717034463475,25.665583316836713,7749.941545016652,2h
2026-04-01 07:15:00+00:00,2026-04-01 07:20:00+00:00,2026-04-01 09:15:00+00:00,SHORT,69012.9,68452.5,0.008186698805741077,0.006786698805741077,52.596519028127666,7802.538064044779,2h
2026-04-02 01:00:00+00:00,2026-04-02 01:05:00+00:00,2026-04-02 03:00:00+00:00,SHORT,68101.5,66852.0,0.01869054029797157,0.01729054029797157,134.91009882282336,7937.448162867603,2h
2026-04-02 04:25:00+00:00,2026-04-02 04:30:00+00:00,2026-04-02 06:25:00+00:00,LONG,66425.5,66641.0,0.0032442360238160717,0.0018442360238160717,14.63852783913313,7952.086690706737,2h
2026-04-02 12:20:00+00:00,2026-04-02 12:25:00+00:00,2026-04-02 14:20:00+00:00,LONG,66120.6,66395.5,0.004157554529148122,0.0027575545291481218,21.92831267013686,7974.015003376873,2h
2026-04-03 08:10:00+00:00,2026-04-03 08:15:00+00:00,2026-04-03 10:10:00+00:00,SHORT,67170.1,66823.9,0.0051807811277104765,0.0037807811277104763,30.148005436847473,8004.163008813721,2h
2026-04-04 06:55:00+00:00,2026-04-04 07:00:00+00:00,2026-04-04 08:55:00+00:00,SHORT,67009.3,66944.5,0.0009679660016879144,-0.00043203399831208563,-3.458070547839485,8000.7049382658815,2h
2026-04-04 15:20:00+00:00,2026-04-04 15:25:00+00:00,2026-04-04 17:20:00+00:00,SHORT,67353.8,67395.6,-0.0006202185305865804,-0.0020202185305865806,-16.163172374040297,7984.541765891841,2h
2026-04-05 01:45:00+00:00,2026-04-05 01:50:00+00:00,2026-04-05 03:45:00+00:00,LONG,67108.9,67133.5,0.00036656836872617227,-0.0010334316312738277,-8.251478022099615,7976.290287869741,2h
2026-04-05 06:30:00+00:00,2026-04-05 06:35:00+00:00,2026-04-05 08:30:00+00:00,LONG,66813.0,66865.6,0.0007872719380959126,-0.0006127280619040874,-4.887296889270822,7971.40299098047,2h
2026-04-05 22:50:00+00:00,2026-04-05 22:55:00+00:00,2026-04-06 00:50:00+00:00,SHORT,68080.0,69133.5,-0.015238632500885974,-0.016638632500885972,-132.6332448833873,7838.769746097083,2h
2026-04-07 09:10:00+00:00,2026-04-07 09:15:00+00:00,2026-04-07 11:10:00+00:00,SHORT,69099.8,68350.1,0.010968528209907458,0.009568528209907457,75.00548944649906,7913.775235543582,2h
2026-04-07 14:20:00+00:00,2026-04-07 14:25:00+00:00,2026-04-07 16:20:00+00:00,LONG,68089.7,68315.9,0.0033220883628506392,0.0019220883628506393,15.210975286453897,7928.986210830036,2h
2026-04-08 13:30:00+00:00,2026-04-08 13:35:00+00:00,2026-04-08 15:30:00+00:00,SHORT,72115.5,71187.8,0.013031727346539679,0.011631727346539679,92.22780573884775,8021.214016568883,2h
2026-04-09 08:45:00+00:00,2026-04-09 08:50:00+00:00,2026-04-09 10:45:00+00:00,SHORT,71260.5,71411.0,-0.0021075184495386035,-0.0035075184495386037,-28.134556150813005,7993.07946041807,2h
2026-04-09 13:55:00+00:00,2026-04-09 14:00:00+00:00,2026-04-09 15:55:00+00:00,LONG,70803.1,72144.4,0.018944085781554598,0.0175440857815546,140.23127171235677,8133.310732130427,2h
2026-04-10 14:40:00+00:00,2026-04-10 14:45:00+00:00,2026-04-10 16:40:00+00:00,SHORT,72851.7,72719.6,0.0018165666477811815,0.0004165666477811815,3.388065987046279,8136.698798117473,2h
2026-04-12 13:05:00+00:00,2026-04-12 13:10:00+00:00,2026-04-12 15:05:00+00:00,LONG,71119.2,70770.2,-0.004907254299823416,-0.006307254299823416,-51.320228480794455,8085.378569636679,2h
2026-04-13 07:35:00+00:00,2026-04-13 07:40:00+00:00,2026-04-13 09:35:00+00:00,LONG,70791.7,70803.9,0.000172336587481281,-0.001227663412518719,-9.926123446305883,8075.452446190373,2h
2026-04-13 14:45:00+00:00,2026-04-13 14:50:00+00:00,2026-04-13 16:45:00+00:00,SHORT,71953.2,72313.3,-0.004979720189785319,-0.00637972018978532,-51.51912701261197,8023.933319177761,2h
2026-04-14 07:10:00+00:00,2026-04-14 07:15:00+00:00,2026-04-14 09:10:00+00:00,SHORT,74780.1,74796.0,-0.0002125782127385678,-0.0016125782127385678,-12.939220050973118,8010.994099126789,2h
2026-04-14 14:30:00+00:00,2026-04-14 14:35:00+00:00,2026-04-14 16:30:00+00:00,SHORT,75639.3,75179.0,0.0061227204405485125,0.004722720440548512,37.8336855810596,8048.827784707848,2h
2026-04-14 18:50:00+00:00,2026-04-14 18:55:00+00:00,2026-04-14 20:50:00+00:00,LONG,74093.3,74140.0,0.0006302864091625171,-0.0007697135908374829,-6.19529213619998,8042.632492571648,2h
2026-04-15 07:45:00+00:00,2026-04-15 07:50:00+00:00,2026-04-15 09:45:00+00:00,LONG,73695.6,73950.1,0.003453394775264629,0.0020533947752646286,16.51469953962016,8059.147192111268,2h
2026-04-16 02:45:00+00:00,2026-04-16 02:50:00+00:00,2026-04-16 04:45:00+00:00,SHORT,74974.1,74818.3,0.0020823782416869996,0.0006823782416869996,5.499386690449607,8064.646578801718,2h
2026-04-16 07:55:00+00:00,2026-04-16 08:00:00+00:00,2026-04-16 09:55:00+00:00,LONG,74701.3,74597.8,-0.0013855180565800485,-0.0027855180565800487,-22.4642186651887,8042.182360136529,2h
2026-04-16 13:30:00+00:00,2026-04-16 13:35:00+00:00,2026-04-16 15:30:00+00:00,SHORT,74811.3,74214.9,0.008036122126419576,0.006636122126419576,53.36890430480322,8095.551264441332,2h
2026-04-17 08:35:00+00:00,2026-04-17 08:40:00+00:00,2026-04-17 10:35:00+00:00,SHORT,75253.0,75205.7,0.0006289416892601984,-0.0007710583107398015,-6.2421420824675975,8089.309122358864,2h
2026-04-17 13:25:00+00:00,2026-04-17 13:30:00+00:00,2026-04-17 15:25:00+00:00,SHORT,76589.4,77733.1,-0.014713165948611495,-0.016113165948611494,-130.34438029818517,7958.964742060679,2h
2026-04-18 07:55:00+00:00,2026-04-18 08:00:00+00:00,2026-04-18 09:55:00+00:00,LONG,76986.6,76602.3,-0.0049917777899011195,-0.00639177778990112,-50.87193406890954,7908.092807991769,2h
2026-04-18 10:10:00+00:00,2026-04-18 10:15:00+00:00,2026-04-18 12:10:00+00:00,LONG,76300.1,76220.7,-0.001040627731811683,-0.002440627731811683,-19.300710612925236,7888.792097378844,2h
2026-04-19 07:40:00+00:00,2026-04-19 07:45:00+00:00,2026-04-19 09:40:00+00:00,LONG,75199.4,75063.2,-0.0018111846637073326,-0.0032111846637073328,-25.332368198278548,7863.459729180566,2h
2026-04-19 22:05:00+00:00,2026-04-19 22:10:00+00:00,2026-04-20 00:05:00+00:00,LONG,74187.9,74073.0,-0.0015487700824526884,-0.0029487700824526886,-23.187534793979175,7840.272194386586,2h
2026-04-20 07:30:00+00:00,2026-04-20 07:35:00+00:00,2026-04-20 09:30:00+00:00,SHORT,75076.7,74985.0,0.0012229112489163807,-0.00017708875108361929,-1.3884240110595478,7838.883770375527,2h
2026-04-20 19:10:00+00:00,2026-04-20 19:15:00+00:00,2026-04-20 21:10:00+00:00,SHORT,76339.9,75987.8,0.004633638557768327,0.003233638557768327,25.348116809750664,7864.231887185278,2h
2026-04-22 23:25:00+00:00,2026-04-22 23:30:00+00:00,2026-04-23 01:25:00+00:00,LONG,78334.8,78089.9,-0.0031263244432870874,-0.0045263244432870876,-35.59606501864447,7828.635822166633,2h
2026-04-23 03:35:00+00:00,2026-04-23 03:40:00+00:00,2026-04-23 05:35:00+00:00,LONG,77629.6,77796.4,0.0021486649422384207,0.0007486649422384208,5.861025185608014,7834.496847352241,2h
2026-04-23 08:45:00+00:00,2026-04-23 08:50:00+00:00,2026-04-23 10:45:00+00:00,LONG,77808.7,77368.7,-0.005654894632605378,-0.007054894632605379,-55.27154975754909,7779.225297594692,2h
2026-04-23 15:40:00+00:00,2026-04-23 15:45:00+00:00,2026-04-23 17:40:00+00:00,SHORT,78488.2,77193.1,0.016777406270767514,0.015377406270767514,119.6243078729459,7898.849605467638,2h
2026-04-23 17:45:00+00:00,2026-04-23 17:50:00+00:00,2026-04-23 19:45:00+00:00,LONG,77307.6,77778.5,0.00609125105423014,0.00469125105423014,37.055486538855384,7935.905092006494,2h
2026-04-24 22:55:00+00:00,2026-04-24 23:00:00+00:00,2026-04-25 00:55:00+00:00,LONG,77316.3,77450.3,0.0017331403597946604,0.0003331403597946604,2.643770277647321,7938.548862284141,2h
2026-04-25 10:40:00+00:00,2026-04-25 10:45:00+00:00,2026-04-25 12:40:00+00:00,SHORT,77808.0,77552.8,0.0032906613300873744,0.0018906613300873744,15.009107350929748,7953.557969635071,2h
2026-04-25 21:10:00+00:00,2026-04-25 21:15:00+00:00,2026-04-25 23:10:00+00:00,SHORT,77489.0,77582.1,-0.0012000190765654173,-0.0026000190765654175,-20.67940244762009,7932.87856718745,2h
2026-04-26 13:05:00+00:00,2026-04-26 13:10:00+00:00,2026-04-26 15:05:00+00:00,LONG,77886.0,78082.0,0.002516498472125983,0.0011164984721259831,8.857046799825746,7941.735613987276,2h
2026-04-26 19:00:00+00:00,2026-04-26 19:05:00+00:00,2026-04-26 21:00:00+00:00,SHORT,78209.5,78260.6,-0.0006529466934831474,-0.0020529466934831476,-16.303959869252534,7925.431654118024,2h
2026-04-27 07:10:00+00:00,2026-04-27 07:15:00+00:00,2026-04-27 09:10:00+00:00,LONG,77657.5,77850.0,0.002478833338698694,0.0010788333386986938,8.55021989204046,7933.9818740100645,2h
2026-04-27 15:25:00+00:00,2026-04-27 15:30:00+00:00,2026-04-27 17:25:00+00:00,LONG,76850.0,76835.3,-0.00019128171763171942,-0.0015912817176317194,-12.625200304133664,7921.356673705931,2h
2026-04-28 11:55:00+00:00,2026-04-28 12:00:00+00:00,2026-04-28 13:55:00+00:00,LONG,76230.5,76191.8,-0.0005076708141753539,-0.0019076708141753539,-15.111340935101966,7906.245332770829,2h
2026-04-29 00:55:00+00:00,2026-04-29 01:00:00+00:00,2026-04-29 02:55:00+00:00,SHORT,76508.4,76519.3,-0.0001424477223394005,-0.0015424477223394005,-12.194970105788881,7894.05036266504,2h
2026-04-29 10:35:00+00:00,2026-04-29 10:40:00+00:00,2026-04-29 12:35:00+00:00,SHORT,77687.5,77098.6,0.007638270993247431,0.006238270993247431,49.24522539664768,7943.295588061687,2h
2026-04-29 18:10:00+00:00,2026-04-29 18:15:00+00:00,2026-04-29 20:10:00+00:00,LONG,75189.2,75526.9,0.004491336521734501,0.003091336521734501,24.555399754307626,7967.850987815995,2h
2026-04-30 13:45:00+00:00,2026-04-30 13:50:00+00:00,2026-04-30 15:45:00+00:00,SHORT,76462.0,76434.8,0.00035585884963396097,-0.001044141150366039,-8.319561096363373,7959.531426719632,2h
2026-05-03 12:15:00+00:00,2026-05-03 12:20:00+00:00,2026-05-03 14:15:00+00:00,SHORT,78784.6,78701.9,0.001050800552464537,-0.000349199447535463,-2.7794639768516514,7956.75196274278,2h
2026-05-04 10:30:00+00:00,2026-05-04 10:35:00+00:00,2026-05-04 12:30:00+00:00,LONG,78956.3,78851.5,-0.00132731650292639,-0.0027273165029263902,-21.700580937680332,7935.0513818050995,2h
2026-05-05 02:05:00+00:00,2026-05-05 02:10:00+00:00,2026-05-05 04:05:00+00:00,SHORT,80447.6,80844.5,-0.0049094248835727106,-0.006309424883572711,-50.06561064078912,7884.985771164311,2h
2026-05-05 05:25:00+00:00,2026-05-05 05:30:00+00:00,2026-05-05 07:25:00+00:00,SHORT,81051.5,81044.8,8.267032554831744e-05,-0.0013173296744516825,-10.38712573898403,7874.598645425327,2h
2026-05-05 12:45:00+00:00,2026-05-05 12:50:00+00:00,2026-05-05 14:45:00+00:00,SHORT,81237.6,81201.9,0.000439644885156687,-0.000960355114843313,-7.562411086472437,7867.036234338854,2h
2026-05-05 22:40:00+00:00,2026-05-05 22:45:00+00:00,2026-05-06 00:40:00+00:00,LONG,81023.4,80906.1,-0.0014477299150614797,-0.00284772991506148,-22.40319442739937,7844.633039911455,2h
2026-05-07 13:50:00+00:00,2026-05-07 13:55:00+00:00,2026-05-07 15:50:00+00:00,LONG,80492.7,80024.8,-0.005812949497283504,-0.007212949497283504,-56.5829419416029,7788.050097969852,2h
2026-05-08 07:15:00+00:00,2026-05-08 07:20:00+00:00,2026-05-08 09:15:00+00:00,LONG,79334.7,79969.9,0.008006584760514635,0.006606584760514634,51.45241309137213,7839.502511061224,2h
2026-05-10 20:50:00+00:00,2026-05-10 20:55:00+00:00,2026-05-10 22:50:00+00:00,LONG,80620.4,82035.3,0.017550148597625492,0.016150148597625494,126.60913048509697,7966.111641546321,2h
2026-05-12 01:20:00+00:00,2026-05-12 01:25:00+00:00,2026-05-12 03:20:00+00:00,LONG,81406.3,81195.3,-0.002591936987677901,-0.003991936987677901,-31.800215709860282,7934.311425836461,2h
2026-05-12 07:05:00+00:00,2026-05-12 07:10:00+00:00,2026-05-12 09:05:00+00:00,LONG,80972.9,80805.9,-0.0020624184140619617,-0.003462418414061962,-27.471905983718383,7906.839519852743,2h
2026-05-12 11:20:00+00:00,2026-05-12 11:25:00+00:00,2026-05-12 13:20:00+00:00,LONG,80588.6,80699.9,0.0013810886403287093,-1.8911359671290725e-05,-0.14952908602311088,7906.68999076672,2h
2026-05-13 12:25:00+00:00,2026-05-13 12:30:00+00:00,2026-05-13 14:25:00+00:00,LONG,80360.0,79850.9,-0.006335241413638726,-0.007735241413638726,-61.16015586138153,7845.529834905339,2h
2026-05-15 13:10:00+00:00,2026-05-15 13:15:00+00:00,2026-05-15 15:10:00+00:00,LONG,80137.7,79240.0,-0.011201968611527335,-0.012601968611527336,-98.86912072027832,7746.660714185061,2h
2026-05-16 04:35:00+00:00,2026-05-16 04:40:00+00:00,2026-05-16 06:35:00+00:00,LONG,78958.2,78815.8,-0.0018034858950684018,-0.003203485895068402,-24.816318331772358,7721.844395853289,2h
2026-05-16 07:25:00+00:00,2026-05-16 07:30:00+00:00,2026-05-16 09:25:00+00:00,LONG,78465.0,78060.9,-0.0051500669088129225,-0.006550066908812923,-50.578597452281144,7671.2657984010075,2h
2026-05-17 05:10:00+00:00,2026-05-17 05:15:00+00:00,2026-05-17 07:10:00+00:00,SHORT,78241.0,78089.7,0.0019375154469796207,0.0005375154469796208,4.123423864526995,7675.389222265534,2h
2026-05-17 21:35:00+00:00,2026-05-17 21:40:00+00:00,2026-05-17 23:35:00+00:00,SHORT,78382.5,77739.7,0.008268619508436492,0.006868619508436492,52.71932814689624,7728.10855041243,2h
2026-05-18 12:00:00+00:00,2026-05-18 12:05:00+00:00,2026-05-18 14:00:00+00:00,SHORT,77284.8,76938.6,0.004499691962162045,0.0030996919621620444,23.954755956429178,7752.063306368859,2h
2026-05-20 05:40:00+00:00,2026-05-20 05:45:00+00:00,2026-05-20 07:40:00+00:00,SHORT,77136.8,77368.2,-0.0029908928991496664,-0.004390892899149667,-34.03847972569371,7718.024826643165,2h
2026-05-20 08:40:00+00:00,2026-05-20 08:45:00+00:00,2026-05-20 10:40:00+00:00,SHORT,77524.4,77549.1,-0.00031850788726128787,-0.0017185078872612879,-13.263486538664713,7704.761340104501,2h
2026-05-20 13:45:00+00:00,2026-05-20 13:50:00+00:00,2026-05-20 15:45:00+00:00,LONG,77190.0,77546.0,0.004611996372587024,0.0032119963725870237,24.74766547606439,7729.509005580565,2h
2026-05-20 22:10:00+00:00,2026-05-20 22:15:00+00:00,2026-05-21 00:10:00+00:00,LONG,77375.3,77669.1,0.003797077361897161,0.0023970773618971607,18.528231055857407,7748.037236636423,2h
2026-05-21 08:15:00+00:00,2026-05-21 08:20:00+00:00,2026-05-21 10:15:00+00:00,SHORT,78027.7,77665.6,0.004662295791186821,0.003262295791186821,25.276389267037768,7773.313625903461,2h
2026-05-21 13:50:00+00:00,2026-05-21 13:55:00+00:00,2026-05-21 15:50:00+00:00,LONG,77084.7,77166.1,0.0010559812777375388,-0.0003440187222624612,-2.674165421328688,7770.639460482133,2h
2026-05-21 17:55:00+00:00,2026-05-21 18:00:00+00:00,2026-05-21 19:55:00+00:00,SHORT,77871.1,77688.4,0.002351702442063619,0.000951702442063619,7.395336550936769,7778.0347970330695,2h
2026-05-22 07:10:00+00:00,2026-05-22 07:15:00+00:00,2026-05-22 09:10:00+00:00,LONG,77376.2,77215.9,-0.002071696464804429,-0.003471696464804429,-27.002975907985544,7751.031821125084,2h
2026-05-23 07:35:00+00:00,2026-05-23 07:40:00+00:00,2026-05-23 09:35:00+00:00,LONG,75353.4,74685.8,-0.008859586959579668,-0.010259586959579669,-79.52238499530196,7671.509436129782,2h
2026-05-23 13:30:00+00:00,2026-05-23 13:35:00+00:00,2026-05-23 15:30:00+00:00,SHORT,74961.3,75449.9,-0.0064758203788207735,-0.007875820378820774,-60.4194303533868,7611.090005776396,2h
2026-05-23 20:20:00+00:00,2026-05-23 20:25:00+00:00,2026-05-23 22:20:00+00:00,SHORT,76038.0,76582.9,-0.0071151653959303784,-0.008515165395930379,-64.8096902424987,7546.280315533897,2h
2026-05-24 13:55:00+00:00,2026-05-24 14:00:00+00:00,2026-05-24 15:55:00+00:00,LONG,76801.8,76377.7,-0.005522005994651247,-0.006922005994651247,-52.23539758144434,7494.044917952453,2h
2026-05-24 22:00:00+00:00,2026-05-24 22:05:00+00:00,2026-05-25 00:00:00+00:00,LONG,76598.8,77139.2,0.007054940808472132,0.005654940808472132,42.37838042705252,7536.4232983795055,2h
2026-05-25 05:15:00+00:00,2026-05-25 05:20:00+00:00,2026-05-25 07:15:00+00:00,SHORT,77412.3,77250.3,0.0020970792346437506,0.0006970792346437506,5.253484184785716,7541.676782564291,2h
2026-05-25 09:35:00+00:00,2026-05-25 09:40:00+00:00,2026-05-25 11:35:00+00:00,SHORT,77595.7,77502.1,0.001207709210460095,-0.00019229078953990494,-1.4501949829740575,7540.226587581317,2h
2026-05-25 15:10:00+00:00,2026-05-25 15:15:00+00:00,2026-05-25 17:10:00+00:00,SHORT,77712.1,77686.4,0.0003308172344196336,-0.0010691827655803664,-8.061880316012802,7532.164707265304,2h
2026-05-26 01:10:00+00:00,2026-05-26 01:15:00+00:00,2026-05-26 03:10:00+00:00,LONG,76841.2,76562.5,-0.003626960536795343,-0.005026960536795343,-37.863894740065334,7494.300812525239,2h
2026-05-26 14:30:00+00:00,2026-05-26 14:35:00+00:00,2026-05-26 16:30:00+00:00,SHORT,77571.4,76606.6,0.01259421511984593,0.01119421511984593,83.89281546824367,7578.193627993483,2h
2026-05-27 12:15:00+00:00,2026-05-27 12:20:00+00:00,2026-05-27 14:15:00+00:00,LONG,75833.6,75176.6,-0.00866370579795761,-0.01006370579795761,-76.26471115208344,7501.928916841399,2h
2026-05-27 22:00:00+00:00,2026-05-27 22:05:00+00:00,2026-05-28 00:00:00+00:00,LONG,74660.2,74556.4,-0.0013902989812510924,-0.0027902989812510926,-20.93262461408067,7480.996292227318,2h
2026-05-28 03:20:00+00:00,2026-05-28 03:25:00+00:00,2026-05-28 05:20:00+00:00,LONG,73944.5,73032.6,-0.012332222139577631,-0.013732222139577631,-102.73070291022215,7378.265589317096,2h
2026-05-28 13:50:00+00:00,2026-05-28 13:55:00+00:00,2026-05-28 15:50:00+00:00,LONG,72989.1,72908.2,-0.0011083846766162253,-0.0025083846766162255,-18.50752834424779,7359.758060972848,2h
2026-05-29 07:55:00+00:00,2026-05-29 08:00:00+00:00,2026-05-29 09:55:00+00:00,LONG,73526.2,73739.0,0.0028942064189363403,0.0014942064189363404,10.996997736524104,7370.755058709373,2h
2026-05-29 12:50:00+00:00,2026-05-29 12:55:00+00:00,2026-05-29 14:50:00+00:00,LONG,73327.3,72929.6,-0.005423628034851968,-0.0068236280348519685,-50.29529085663624,7320.459767852737,2h
2026-05-29 15:40:00+00:00,2026-05-29 15:45:00+00:00,2026-05-29 17:40:00+00:00,SHORT,73816.2,74211.4,-0.005325327375578337,-0.006725327375578337,-49.23248847855985,7271.227279374177,2h
2026-05-30 04:10:00+00:00,2026-05-30 04:15:00+00:00,2026-05-30 06:10:00+00:00,LONG,73484.3,73531.4,0.0006409532376301375,-0.0007590467623698625,-5.519201524864393,7265.708077849313,2h
2026-05-30 14:40:00+00:00,2026-05-30 14:45:00+00:00,2026-05-30 16:40:00+00:00,SHORT,74003.1,73960.6,0.0005746302761200361,-0.0008253697238799638,-5.99689547000691,7259.711182379306,2h
2026-05-31 01:25:00+00:00,2026-05-31 01:30:00+00:00,2026-05-31 03:25:00+00:00,SHORT,74108.3,74207.3,-0.0013341005534496242,-0.0027341005534496244,-19.848780361627686,7239.862402017678,2h
2026-05-31 07:50:00+00:00,2026-05-31 07:55:00+00:00,2026-05-31 09:50:00+00:00,LONG,73890.4,73897.7,9.879497201259468e-05,-0.0013012050279874053,-9.420545359442375,7230.441856658235,2h
2026-05-31 16:35:00+00:00,2026-05-31 16:40:00+00:00,2026-05-31 18:35:00+00:00,LONG,73530.5,73672.0,0.001924371519301582,0.000524371519301582,3.7914377815976303,7234.233294439833,2h
2026-05-31 22:00:00+00:00,2026-05-31 22:05:00+00:00,2026-06-01 00:00:00+00:00,SHORT,73720.1,73867.6,-0.0019968159247085726,-0.003396815924708573,-24.573358857610188,7209.659935582223,2h
2026-06-01 06:45:00+00:00,2026-06-01 06:50:00+00:00,2026-06-01 08:45:00+00:00,LONG,73183.4,72812.6,-0.005066722781395638,-0.006466722781395639,-46.622872151544975,7163.037063430677,2h
2026-06-01 13:55:00+00:00,2026-06-01 14:00:00+00:00,2026-06-01 15:55:00+00:00,LONG,71712.1,71130.6,-0.008108812878161453,-0.009508812878161453,-68.11197907549743,7094.92508435518,2h
2026-06-01 21:10:00+00:00,2026-06-01 21:15:00+00:00,2026-06-01 23:10:00+00:00,LONG,71226.9,71367.4,0.0019725693523093835,0.0005725693523093835,4.062336660232844,7098.987421015413,2h
2026-06-02 02:20:00+00:00,2026-06-02 02:25:00+00:00,2026-06-02 04:20:00+00:00,LONG,70541.1,70871.3,0.004680959043734667,0.003280959043734667,23.291486980339158,7122.278907995752,2h
2026-06-02 14:10:00+00:00,2026-06-02 14:15:00+00:00,2026-06-02 16:10:00+00:00,LONG,68583.3,67933.3,-0.009477525870000392,-0.010877525870000392,-77.47277307508193,7044.80613492067,2h
2026-06-02 23:05:00+00:00,2026-06-02 23:10:00+00:00,2026-06-03 01:05:00+00:00,LONG,66469.4,66837.6,0.005539391058141163,0.004139391058141163,29.16120752122863,7073.967342441899,2h
2026-06-03 03:50:00+00:00,2026-06-03 03:55:00+00:00,2026-06-03 05:50:00+00:00,LONG,65938.7,67309.4,0.020787488985982483,0.019387488985982484,137.1464639387921,7211.113806380691,2h
2026-06-03 19:55:00+00:00,2026-06-03 20:00:00+00:00,2026-06-03 21:55:00+00:00,LONG,65458.7,65771.2,0.004774002539005506,0.003374002539005506,24.33031629178611,7235.4441226724775,2h
2026-06-04 00:30:00+00:00,2026-06-04 00:35:00+00:00,2026-06-04 02:30:00+00:00,LONG,63718.2,63271.3,-0.007013694674362969,-0.00841369467436297,-60.87681768158027,7174.567304990897,2h
2026-06-05 06:05:00+00:00,2026-06-05 06:10:00+00:00,2026-06-05 08:05:00+00:00,LONG,62448.6,62755.5,0.004914441636802103,0.0035144416368021025,25.214598062699057,7199.781903053597,2h
2026-06-05 12:05:00+00:00,2026-06-05 12:10:00+00:00,2026-06-05 14:05:00+00:00,LONG,62050.9,61134.7,-0.014765297521873277,-0.016165297521873276,-116.38661655546036,7083.395286498137,2h
2026-06-05 14:30:00+00:00,2026-06-05 14:35:00+00:00,2026-06-05 16:30:00+00:00,LONG,60833.0,60823.8,-0.00015123370539016356,-0.0015512337053901635,-10.988001517017723,7072.407284981119,2h
2026-06-06 10:40:00+00:00,2026-06-06 10:45:00+00:00,2026-06-06 12:40:00+00:00,LONG,60424.1,60838.0,0.00684991584483674,0.00544991584483674,38.54402452355739,7110.951309504677,2h
2026-06-07 03:20:00+00:00,2026-06-07 03:25:00+00:00,2026-06-07 05:20:00+00:00,SHORT,61627.4,61914.7,-0.004640255060591403,-0.006040255060591403,-42.95195963285469,7067.999349871822,2h
2026-06-07 22:20:00+00:00,2026-06-07 22:25:00+00:00,2026-06-08 00:20:00+00:00,SHORT,62962.6,63273.1,-0.004907298678269334,-0.006307298678269334,-44.57998295745506,7023.419366914367,2h
2026-06-08 00:40:00+00:00,2026-06-08 00:45:00+00:00,2026-06-08 02:40:00+00:00,SHORT,63727.4,63062.6,0.010541905979138289,0.009141905979138288,64.20743950439011,7087.626806418757,2h
2026-06-09 00:55:00+00:00,2026-06-09 01:00:00+00:00,2026-06-09 02:55:00+00:00,LONG,62558.5,62872.0,0.00501130941438821,0.0036113094143882096,25.595613411690298,7113.2224198304475,2h
2026-06-09 14:55:00+00:00,2026-06-09 15:00:00+00:00,2026-06-09 16:55:00+00:00,LONG,61548.1,61395.6,-0.002477736924454188,-0.0038777369244541882,-27.583205229231897,7085.639214601216,2h
2026-06-10 12:50:00+00:00,2026-06-10 12:55:00+00:00,2026-06-10 14:50:00+00:00,SHORT,61669.1,61920.0,-0.004052002583979308,-0.0054520025839793086,-38.630923307150944,7047.008291294065,2h
2026-06-11 06:25:00+00:00,2026-06-11 06:30:00+00:00,2026-06-11 08:25:00+00:00,SHORT,62888.5,62950.0,-0.00097696584590945,-0.00237696584590945,-16.750498024246706,7030.257793269819,2h
2026-06-11 11:05:00+00:00,2026-06-11 11:10:00+00:00,2026-06-11 13:05:00+00:00,SHORT,63147.0,62889.9,0.004088096816817988,0.0026880968168179874,18.898013595498448,7049.155806865317,2h
2026-06-11 18:00:00+00:00,2026-06-11 18:05:00+00:00,2026-06-11 20:00:00+00:00,SHORT,63521.1,63613.9,-0.001458800670922633,-0.0028588006709226333,-20.152131350104742,7029.003675515212,2h
2026-06-14 15:00:00+00:00,2026-06-14 15:05:00+00:00,2026-06-14 17:00:00+00:00,LONG,64137.2,64010.4,-0.0019770117809944088,-0.003377011780994409,-23.737028220867874,7005.266647294345,2h
2026-06-14 20:55:00+00:00,2026-06-14 21:00:00+00:00,2026-06-14 22:55:00+00:00,SHORT,64014.0,65423.9,-0.02155022858618949,-0.02295022858618949,-160.77247086261448,6844.49417643173,2h
2026-06-15 19:20:00+00:00,2026-06-15 19:25:00+00:00,2026-06-15 21:20:00+00:00,LONG,66571.8,66562.1,-0.0001457073415469523,-0.0015457073415469523,-10.579584897685885,6833.914591534044,2h
2026-06-15 22:30:00+00:00,2026-06-15 22:35:00+00:00,2026-06-16 00:30:00+00:00,LONG,66247.2,66331.7,0.001275525607119965,-0.000124474392880035,-0.8506473697752125,6833.063944164269,2h
2026-06-16 09:00:00+00:00,2026-06-16 09:05:00+00:00,2026-06-16 11:00:00+00:00,SHORT,66821.9,66577.4,0.003672417366854308,0.002272417366854308,15.527573175544878,6848.591517339813,2h
2026-06-16 13:35:00+00:00,2026-06-16 13:40:00+00:00,2026-06-16 15:35:00+00:00,LONG,66037.5,65844.4,-0.0029240961574863444,-0.004324096157486345,-29.61396826432266,6818.977549075491,2h
2026-06-17 07:55:00+00:00,2026-06-17 08:00:00+00:00,2026-06-17 09:55:00+00:00,LONG,65541.4,64916.7,-0.009531380165818781,-0.010931380165818782,-74.54083593112739,6744.436713144363,2h
2026-06-18 03:30:00+00:00,2026-06-18 03:35:00+00:00,2026-06-18 05:30:00+00:00,LONG,64328.3,63957.1,-0.005770399653029945,-0.007170399653029945,-48.360306667812765,6696.076406476551,2h
2026-06-18 10:30:00+00:00,2026-06-18 10:35:00+00:00,2026-06-18 12:30:00+00:00,LONG,64011.8,64206.9,0.003047875547945722,0.001647875547945722,11.034300577408967,6707.11070705396,2h
2026-06-19 03:20:00+00:00,2026-06-19 03:25:00+00:00,2026-06-19 05:20:00+00:00,LONG,62846.7,62609.2,-0.003779036926362056,-0.005179036926362056,-34.73637402103078,6672.374333032929,2h
2026-06-20 00:35:00+00:00,2026-06-20 00:40:00+00:00,2026-06-20 02:35:00+00:00,SHORT,63583.9,63401.5,0.00287690354329162,0.0014769035432916201,9.854453294624394,6682.228786327553,2h
2026-06-20 09:00:00+00:00,2026-06-20 09:05:00+00:00,2026-06-20 11:00:00+00:00,LONG,63448.3,63665.0,0.0034153791354536445,0.0020153791354536443,13.467224474292278,6695.696010801846,2h
2026-06-21 08:55:00+00:00,2026-06-21 09:00:00+00:00,2026-06-21 10:55:00+00:00,LONG,64009.4,64379.4,0.005780401003602664,0.004380401003602664,29.32983352553476,6725.025844327381,2h
2026-06-21 11:10:00+00:00,2026-06-21 11:15:00+00:00,2026-06-21 13:10:00+00:00,SHORT,64435.4,64119.6,0.004925171086532121,0.0035251710865321206,23.706866662604142,6748.732710989984,2h
2026-06-21 20:50:00+00:00,2026-06-21 20:55:00+00:00,2026-06-21 22:50:00+00:00,LONG,63838.3,63808.7,-0.00046367149501169713,-0.0018636714950116971,-12.577420780925047,6736.155290209059,2h
2026-06-22 01:30:00+00:00,2026-06-22 01:35:00+00:00,2026-06-22 03:30:00+00:00,SHORT,64469.6,64281.1,0.0029324327057254074,0.0015324327057254074,10.322704677561585,6746.477994886621,2h
2026-06-22 22:30:00+00:00,2026-06-22 22:35:00+00:00,2026-06-23 00:30:00+00:00,LONG,64138.7,64007.0,-0.0020533624785035176,-0.003453362478503518,-23.298033969591103,6723.179960917029,2h
2026-06-23 05:00:00+00:00,2026-06-23 05:05:00+00:00,2026-06-23 07:00:00+00:00,LONG,63706.6,62943.7,-0.011975211359576576,-0.013375211359576577,-89.92395298573506,6633.256007931294,2h
2026-06-23 08:30:00+00:00,2026-06-23 08:35:00+00:00,2026-06-23 10:30:00+00:00,LONG,62336.1,62302.5,-0.0005390135090260761,-0.0019390135090260761,-12.86197300820716,6620.394034923087,2h
2026-06-23 13:30:00+00:00,2026-06-23 13:35:00+00:00,2026-06-23 15:30:00+00:00,LONG,62322.8,62446.2,0.001980013734941277,0.0005800137349412772,3.839919470978692,6624.233954394066,2h
2026-06-24 11:50:00+00:00,2026-06-24 11:55:00+00:00,2026-06-24 13:50:00+00:00,SHORT,62931.9,61494.5,0.02337444812137668,0.02197444812137668,145.5638853746943,6769.79783976876,2h
2026-06-24 14:20:00+00:00,2026-06-24 14:25:00+00:00,2026-06-24 16:20:00+00:00,LONG,61244.1,60620.9,-0.010175674064930251,-0.011575674064930251,-78.36497327863208,6691.432866490128,2h
2026-06-25 06:55:00+00:00,2026-06-25 07:00:00+00:00,2026-06-25 08:55:00+00:00,SHORT,61725.7,61715.2,0.0001701363683501711,-0.0012298636316498289,-8.229549926122573,6683.203316564005,2h
2026-06-25 11:10:00+00:00,2026-06-25 11:15:00+00:00,2026-06-25 13:10:00+00:00,LONG,61356.2,61322.5,-0.0005492517463597801,-0.0019492517463597801,-13.027245736089862,6670.176070827915,2h
2026-06-25 14:05:00+00:00,2026-06-25 14:10:00+00:00,2026-06-25 16:05:00+00:00,LONG,59486.2,59950.2,0.007800128433149256,0.006400128433149256,42.689983525017524,6712.866054352933,2h
2026-06-25 22:00:00+00:00,2026-06-25 22:05:00+00:00,2026-06-26 00:00:00+00:00,SHORT,60139.5,59822.4,0.0053006900425258685,0.0039006900425258683,26.1848097750244,6739.0508641279575,2h
2026-06-26 07:40:00+00:00,2026-06-26 07:45:00+00:00,2026-06-26 09:40:00+00:00,SHORT,60590.8,59997.3,0.009892111811698134,0.008492111811698134,57.228773442895545,6796.279637570853,2h
2026-06-27 02:45:00+00:00,2026-06-27 02:50:00+00:00,2026-06-27 04:45:00+00:00,SHORT,60272.4,60324.2,-0.0008586935259812245,-0.0022586935259812247,-15.35071281813931,6780.928924752714,2h
2026-06-27 17:05:00+00:00,2026-06-27 17:10:00+00:00,2026-06-27 19:05:00+00:00,LONG,60534.8,60591.1,0.0009300435452004319,-0.0004699564547995681,-3.186741317724633,6777.74218343499,2h
2026-06-28 05:30:00+00:00,2026-06-28 05:35:00+00:00,2026-06-28 07:30:00+00:00,LONG,59930.0,60129.9,0.0033355581511764765,0.0019355581511764765,13.118714129720244,6790.86089756471,2h
2026-06-28 16:35:00+00:00,2026-06-28 16:40:00+00:00,2026-06-28 18:35:00+00:00,LONG,59710.1,59579.5,-0.0021872346554435707,-0.003587234655443571,-24.360411552040762,6766.500486012669,2h
2026-06-29 12:20:00+00:00,2026-06-29 12:25:00+00:00,2026-06-29 14:20:00+00:00,SHORT,60432.8,59305.0,0.01901694629457884,0.017616946294578842,119.20507566432683,6885.705561676996,2h
2026-06-30 01:10:00+00:00,2026-06-30 01:15:00+00:00,2026-06-30 03:10:00+00:00,LONG,59826.9,59922.5,0.0015979434000423787,0.00019794340004237868,1.3629799705690613,6887.068541647564,2h
2026-06-30 12:15:00+00:00,2026-06-30 12:20:00+00:00,2026-06-30 14:15:00+00:00,LONG,59034.6,58962.8,-0.0012162359023352165,-0.0026162359023352167,-18.0181959805018,6869.050345667062,2h
2026-07-01 21:20:00+00:00,2026-07-01 21:25:00+00:00,2026-07-01 23:20:00+00:00,SHORT,60408.5,60214.8,0.003216817128014915,0.001816817128014915,12.47980832120469,6881.530153988267,2h
2026-07-02 00:05:00+00:00,2026-07-02 00:10:00+00:00,2026-07-02 02:05:00+00:00,LONG,59969.9,60112.5,0.0023778595595456142,0.0009778595595456142,6.7291700453788295,6888.2593240336455,2h
2026-07-02 07:40:00+00:00,2026-07-02 07:45:00+00:00,2026-07-02 09:40:00+00:00,LONG,60126.6,61079.4,0.015846563750486542,0.014446563750486542,99.51167745453539,6987.77100148818,2h
2026-07-02 13:25:00+00:00,2026-07-02 13:30:00+00:00,2026-07-02 15:25:00+00:00,SHORT,61709.4,61715.6,-0.00010046082351944374,-0.0015004608235194437,-10.484876631458244,6977.286124856722,2h
2026-07-03 10:45:00+00:00,2026-07-03 10:50:00+00:00,2026-07-03 12:45:00+00:00,SHORT,61973.0,61947.6,0.0004100239557303098,-0.0009899760442696902,-6.907346117623454,6970.378778739099,2h
2026-07-04 00:10:00+00:00,2026-07-04 00:15:00+00:00,2026-07-04 02:10:00+00:00,SHORT,62823.9,62525.3,0.004775666810075352,0.0033756668100753517,23.529676297043142,6993.908455036142,2h
2026-07-04 16:05:00+00:00,2026-07-04 16:10:00+00:00,2026-07-04 18:05:00+00:00,SHORT,62893.9,63194.8,-0.004761467715698187,-0.006161467715698187,-43.09274115225377,6950.815713883889,2h
2026-07-04 23:15:00+00:00,2026-07-04 23:20:00+00:00,2026-07-05 01:15:00+00:00,LONG,63039.0,62877.6,-0.002560319802027311,-0.003960319802027311,-27.527453111936968,6923.288260771952,2h
2026-07-06 05:35:00+00:00,2026-07-06 05:40:00+00:00,2026-07-06 07:35:00+00:00,LONG,63113.4,63015.2,-0.0015559294856560824,-0.0029559294856560826,-20.46475190771243,6902.82350886424,2h
2026-07-06 21:10:00+00:00,2026-07-06 21:15:00+00:00,2026-07-06 23:10:00+00:00,SHORT,64314.9,64278.5,0.0005662857720700742,-0.0008337142279299257,-5.75498217222929,6897.06852669201,2h
2026-07-07 12:15:00+00:00,2026-07-07 12:20:00+00:00,2026-07-07 14:15:00+00:00,SHORT,63699.3,63039.3,0.010469659402943865,0.009069659402943865,62.55406241586038,6959.62258910787,2h
2026-07-08 02:35:00+00:00,2026-07-08 02:40:00+00:00,2026-07-08 04:35:00+00:00,LONG,62761.1,62738.1,-0.00036646903894288485,-0.0017664690389428848,-12.29395782638657,6947.3286312814835,2h
2026-07-09 07:20:00+00:00,2026-07-09 07:25:00+00:00,2026-07-09 09:20:00+00:00,SHORT,62865.3,62854.2,0.00017659917714341056,-0.0012234008228565894,-8.49936756416491,6938.829263717319,2h
2026-07-12 00:00:00+00:00,2026-07-12 00:05:00+00:00,2026-07-12 02:00:00+00:00,LONG,63893.6,64075.9,0.0028531809132683605,0.0014531809132683606,10.08337424646196,6948.912637963781,2h
2026-07-12 22:20:00+00:00,2026-07-12 22:25:00+00:00,2026-07-13 00:20:00+00:00,LONG,63846.9,64210.0,0.005687041970714235,0.004287041970714235,29.7902801297773,6978.702918093558,2h
2026-07-13 09:00:00+00:00,2026-07-13 09:05:00+00:00,2026-07-13 11:00:00+00:00,SHORT,63177.6,62975.9,0.0032028125044658573,0.0018028125044658573,12.581292885691434,6991.284210979249,2h
2026-07-13 13:30:00+00:00,2026-07-13 13:35:00+00:00,2026-07-13 15:30:00+00:00,LONG,62713.7,62720.4,0.00010683471075711992,-0.00129316528924288,-9.040886068870162,6982.243324910379,2h
2026-07-14 12:25:00+00:00,2026-07-14 12:30:00+00:00,2026-07-14 14:25:00+00:00,SHORT,62961.5,63921.5,-0.015018421032047091,-0.01641842103204709,-114.63741065657896,6867.6059142538,2h
2026-07-14 21:40:00+00:00,2026-07-14 21:45:00+00:00,2026-07-14 23:40:00+00:00,SHORT,64742.4,65004.8,-0.004036624987693194,-0.005436624987693194,-37.33659791906177,6830.269316334738,2h
2026-07-15 06:15:00+00:00,2026-07-15 06:20:00+00:00,2026-07-15 08:15:00+00:00,SHORT,65008.3,64616.9,0.006057238895706973,0.004657238895706973,31.810195928188016,6862.079512262925,2h
2026-07-18 12:20:00+00:00,2026-07-18 12:25:00+00:00,2026-07-18 14:20:00+00:00,SHORT,64081.2,64149.0,-0.001056914371229567,-0.002456914371229567,-16.85954177019876,6845.219970492726,2h
2026-07-18 17:20:00+00:00,2026-07-18 17:25:00+00:00,2026-07-18 19:20:00+00:00,SHORT,64301.7,64510.8,-0.0032413177328448617,-0.004641317732844862,-31.770840834271674,6813.449129658455,2h
2026-07-19 02:15:00+00:00,2026-07-19 02:20:00+00:00,2026-07-19 04:15:00+00:00,SHORT,64828.7,64666.4,0.0025098041641407054,0.0011098041641407054,7.561594216255818,6821.0107238747105,2h
2026-07-19 10:00:00+00:00,2026-07-19 10:05:00+00:00,2026-07-19 12:00:00+00:00,LONG,64564.9,64421.9,-0.0022148257025101925,-0.0036148257025101927,-24.65676488175996,6796.3539589929505,2h
2026-07-19 12:20:00+00:00,2026-07-19 12:25:00+00:00,2026-07-19 14:20:00+00:00,LONG,64433.0,64446.1,0.00020331196747003233,-0.0011966880325299677,-8.133115447564531,6788.220843545386,2h
2026-07-19 22:30:00+00:00,2026-07-19 22:35:00+00:00,2026-07-20 00:30:00+00:00,SHORT,64753.2,64806.9,-0.0008286154715008154,-0.0022286154715008156,-15.128333995889564,6773.092509549496,2h
2026-07-20 05:15:00+00:00,2026-07-20 05:20:00+00:00,2026-07-20 07:15:00+00:00,LONG,64371.6,63965.4,-0.006310236191115259,-0.0077102361911152596,-52.2221429929002,6720.870366556595,2h
2026-07-20 12:00:00+00:00,2026-07-20 12:05:00+00:00,2026-07-20 14:00:00+00:00,SHORT,64806.6,64438.3,0.005715544947647588,0.004315544947647588,29.004218154187708,6749.874584710783,2h
2026-07-21 01:10:00+00:00,2026-07-21 01:15:00+00:00,2026-07-21 03:10:00+00:00,SHORT,65550.0,65494.5,0.0008473993999495999,-0.0005526006000504001,-3.729984745776124,6746.144599965007,2h
2026-07-21 04:05:00+00:00,2026-07-21 04:10:00+00:00,2026-07-21 06:05:00+00:00,SHORT,65663.8,65696.4,-0.0004962220152092689,-0.0018962220152092689,-12.792187908238771,6733.352412056768,2h
2026-07-21 14:15:00+00:00,2026-07-21 14:20:00+00:00,2026-07-21 16:15:00+00:00,SHORT,66851.3,66566.8,0.004273902305653943,0.0028739023056539425,19.35099702179048,6752.703409078558,2h
2026-07-22 00:15:00+00:00,2026-07-22 00:20:00+00:00,2026-07-22 02:15:00+00:00,SHORT,66633.5,66476.2,0.0023662604059799808,0.0009662604059799808,6.524869937518648,6759.228279016077,2h
2026-07-22 06:10:00+00:00,2026-07-22 06:15:00+00:00,2026-07-22 08:10:00+00:00,LONG,65986.0,66034.0,0.0007274270299759689,-0.0006725729700240311,-4.546074238688264,6754.6822047773885,2h
2026-07-23 00:10:00+00:00,2026-07-23 00:15:00+00:00,2026-07-23 02:10:00+00:00,SHORT,66196.2,65737.9,0.006971625196424025,0.005571625196424025,37.63455756597468,6792.316762343363,2h
2026-07-23 12:50:00+00:00,2026-07-23 12:55:00+00:00,2026-07-23 14:50:00+00:00,LONG,65231.2,64861.8,-0.005662934301377209,-0.0070629343013772095,-47.97368704657433,6744.343075296789,2h
2026-07-24 03:50:00+00:00,2026-07-24 03:55:00+00:00,2026-07-24 05:50:00+00:00,SHORT,65420.8,65312.5,0.001658181818181781,0.0002581818181817809,1.7412667576218286,6746.084342054411,2h
2026-07-24 09:35:00+00:00,2026-07-24 09:40:00+00:00,2026-07-24 11:35:00+00:00,LONG,65036.8,65012.8,-0.00036902184609333144,-0.0017690218460933314,-11.93397057668241,6734.150371477728,2h
2026-07-24 13:40:00+00:00,2026-07-24 13:45:00+00:00,2026-07-24 15:40:00+00:00,LONG,64410.6,64173.6,-0.0036795185885553083,-0.0050795185885553085,-34.20624199004776,6699.944129487681,2h
2026-07-25 01:20:00+00:00,2026-07-25 01:25:00+00:00,2026-07-25 03:20:00+00:00,LONG,64015.1,64068.8,0.0008388645803880657,-0.0005611354196119343,-3.7595759604765857,6696.184553527204,2h
2026-07-26 00:30:00+00:00,2026-07-26 00:35:00+00:00,2026-07-26 02:30:00+00:00,SHORT,64459.5,64441.1,0.000285532059508542,-0.001114467940491458,-7.462683008520177,6688.721870518684,2h
2026-07-26 09:05:00+00:00,2026-07-26 09:10:00+00:00,2026-07-26 11:05:00+00:00,SHORT,64499.2,64511.3,-0.00018756403916841968,-0.0015875640391684197,-10.618774309634789,6678.103096209049,2h
2026-07-26 12:15:00+00:00,2026-07-26 12:20:00+00:00,2026-07-26 14:15:00+00:00,SHORT,64546.8,64670.1,-0.0019065998042371302,-0.0033065998042371304,-22.081814390600215,6656.021281818449,2h
2026-07-26 21:35:00+00:00,2026-07-26 21:40:00+00:00,2026-07-26 23:35:00+00:00,SHORT,64809.9,65347.1,-0.008220716757132207,-0.009620716757132207,-64.03569548181935,6591.98558633663,2h
2026-07-27 13:50:00+00:00,2026-07-27 13:55:00+00:00,2026-07-27 15:50:00+00:00,SHORT,65435.7,64589.1,0.013107474790638118,0.011707474790638118,77.17550507228593,6669.161091408916,2h
2026-07-30 11:55:00+00:00,2026-07-30 12:00:00+00:00,2026-07-30 13:55:00+00:00,SHORT,64795.1,65024.5,-0.003527901021922575,-0.004927901021922575,-32.86496575772027,6636.296125651195,2h
2026-07-30 23:40:00+00:00,2026-07-30 23:45:00+00:00,2026-07-31 01:40:00+00:00,SHORT,64821.1,64830.0,-0.00013728212247421379,-0.0015372821224742138,-10.201859393408471,6626.094266257787,2h
2026-07-31 07:05:00+00:00,2026-07-31 07:10:00+00:00,2026-07-31 09:05:00+00:00,LONG,64125.1,63785.7,-0.005292779270519632,-0.006692779270519632,-44.34698634971911,6581.747279908068,2h
2026-07-31 10:05:00+00:00,2026-07-31 10:10:00+00:00,2026-07-31 12:05:00+00:00,LONG,63707.6,63762.1,0.0008554709328243426,-0.0005445290671756574,-3.5839527067142605,6578.163327201353,2h
2026-07-31 18:10:00+00:00,2026-07-31 18:15:00+00:00,2026-07-31 20:10:00+00:00,SHORT,63156.3,63003.2,0.002430035299794353,0.001030035299794353,6.775740434830065,6584.939067636184,2h
2026-08-02 01:15:00+00:00,2026-08-02 01:20:00+00:00,2026-08-02 03:15:00+00:00,SHORT,63000.1,63441.3,-0.006954460264843365,-0.008354460264843365,-55.013611786981215,6529.925455849202,2h
2026-08-02 18:45:00+00:00,2026-08-02 18:50:00+00:00,2026-08-02 20:45:00+00:00,SHORT,63417.6,63486.7,-0.0010884169440212865,-0.0024884169440212867,-16.24917714753108,6513.676278701671,2h
2026-08-03 08:10:00+00:00,2026-08-03 08:15:00+00:00,2026-08-03 10:10:00+00:00,LONG,62572.2,62784.5,0.003392880544395238,0.001992880544395238,12.980978728313334,6526.657257429984,2h
2026-08-04 12:40:00+00:00,2026-08-04 12:45:00+00:00,2026-08-04 14:40:00+00:00,SHORT,63958.9,64118.3,-0.0024860297294220235,-0.0038860297294220237,-25.36278413612093,6501.294473293863,2h
2026-08-05 02:15:00+00:00,2026-08-05 02:20:00+00:00,2026-08-05 04:15:00+00:00,SHORT,64360.2,64165.7,0.0030312144962183485,0.0016312144962183485,10.605005789021183,6511.899479082885,2h
2026-08-05 07:45:00+00:00,2026-08-05 07:50:00+00:00,2026-08-05 09:45:00+00:00,LONG,64053.4,64179.1,0.0019624251015557537,0.0005624251015557537,3.662455725844051,6515.561934808728,2h
2026-08-06 15:10:00+00:00,2026-08-06 15:15:00+00:00,2026-08-06 17:10:00+00:00,SHORT,64851.1,64721.4,0.002003973956063998,0.000603973956063998,3.9352297177464246,6519.497164526475,2h
2026-08-07 11:10:00+00:00,2026-08-07 11:15:00+00:00,2026-08-07 13:10:00+00:00,SHORT,64964.1,65217.1,-0.0038793506610995676,-0.005279350661099568,-34.4187116655796,6485.078452860896,2h
2026-08-07 17:35:00+00:00,2026-08-07 17:40:00+00:00,2026-08-07 19:35:00+00:00,LONG,64674.3,64990.0,0.004881382558450609,0.0034813825584506086,22.577039015973778,6507.65549187687,2h
2026-08-08 11:50:00+00:00,2026-08-08 11:55:00+00:00,2026-08-08 13:50:00+00:00,LONG,64964.7,65008.5,0.0006742123029892522,-0.0007257876970107478,-4.723176292388659,6502.932315584481,2h
2026-08-09 01:30:00+00:00,2026-08-09 01:35:00+00:00,2026-08-09 03:30:00+00:00,LONG,64883.1,64788.9,-0.0014518418509595898,-0.00285184185095959,-18.54533453154138,6484.3869810529395,2h
2026-08-09 06:55:00+00:00,2026-08-09 07:00:00+00:00,2026-08-09 08:55:00+00:00,SHORT,64851.6,64822.4,0.0004504615688403213,-0.0009495384311596787,-6.157174641021253,6478.229806411919,2h
2026-08-09 10:30:00+00:00,2026-08-09 10:35:00+00:00,2026-08-09 12:30:00+00:00,SHORT,64938.3,64938.9,-9.239454317855333e-06,-0.0014092394543178553,-9.129377037333597,6469.100429374585,2h
2026-08-09 20:15:00+00:00,2026-08-09 20:20:00+00:00,2026-08-09 22:15:00+00:00,LONG,65117.2,65321.7,0.003140491298765813,0.001740491298765813,11.259413008168648,6480.359842382753,2h
2026-08-10 07:35:00+00:00,2026-08-10 07:40:00+00:00,2026-08-10 09:35:00+00:00,SHORT,65320.6,65078.2,0.0037247496089320986,0.0023247496089320984,15.06521400931858,6495.425056392072,2h
2026-08-10 10:00:00+00:00,2026-08-10 10:05:00+00:00,2026-08-10 12:00:00+00:00,LONG,65046.5,65188.2,0.0021784415764107834,0.0007784415764107834,5.056308920355947,6500.481365312428,2h
2026-08-11 06:35:00+00:00,2026-08-11 06:40:00+00:00,2026-08-11 08:35:00+00:00,LONG,63971.3,64083.0,0.0017460955147072799,0.0003460955147072799,2.2497874439728864,6502.731152756402,2h
2026-08-11 13:40:00+00:00,2026-08-11 13:45:00+00:00,2026-08-11 15:40:00+00:00,LONG,64176.1,63557.8,-0.009634427769839471,-0.011034427769839471,-71.75391721177547,6430.977235544626,2h
2026-08-12 01:50:00+00:00,2026-08-12 01:55:00+00:00,2026-08-12 03:50:00+00:00,SHORT,63839.8,63793.5,0.0007257792721828693,-0.0006742207278171307,-4.3358981523242965,6426.6413373923015,2h
2026-08-12 12:30:00+00:00,2026-08-12 12:35:00+00:00,2026-08-12 14:30:00+00:00,SHORT,64253.3,63587.9,0.01046425499190895,0.00906425499190895,58.25271582366658,6484.894053215968,2h
2026-08-12 15:00:00+00:00,2026-08-12 15:05:00+00:00,2026-08-12 17:00:00+00:00,LONG,63462.3,63516.4,0.0008524746187894561,-0.0005475253812105439,-3.550644088597062,6481.34340912737,2h
2026-08-13 09:15:00+00:00,2026-08-13 09:20:00+00:00,2026-08-13 11:15:00+00:00,LONG,63668.5,63622.2,-0.000727204190455244,-0.002127204190455244,-13.78714085967522,6467.556268267695,2h
2026-08-13 11:35:00+00:00,2026-08-13 11:40:00+00:00,2026-08-13 13:35:00+00:00,LONG,63465.0,63812.6,0.0054770345859922465,0.004077034585992246,26.368450592578338,6493.924718860273,2h
2026-08-14 06:30:00+00:00,2026-08-14 06:35:00+00:00,2026-08-14 08:30:00+00:00,LONG,63215.3,62796.8,-0.0066202327601071476,-0.008020232760107148,-52.08278777187276,6441.8419310884,2h
2026-08-15 02:50:00+00:00,2026-08-15 02:55:00+00:00,2026-08-15 04:50:00+00:00,SHORT,63128.0,63120.1,0.00012515823010428306,-0.001274841769895717,-8.21232916881718,6433.6296019195825,2h
2026-08-16 13:35:00+00:00,2026-08-16 13:40:00+00:00,2026-08-16 15:35:00+00:00,SHORT,63056.5,63137.8,-0.0012876596903915738,-0.002687659690391574,-17.29140694398925,6416.338194975593,2h
2026-08-16 15:40:00+00:00,2026-08-16 15:45:00+00:00,2026-08-16 17:40:00+00:00,SHORT,63116.8,63123.3,-0.0001029730701658238,-0.0015029730701658238,-9.643583516124707,6406.694611459468,2h
2026-08-16 20:50:00+00:00,2026-08-16 20:55:00+00:00,2026-08-16 22:50:00+00:00,LONG,63074.7,62827.8,-0.003914406251634861,-0.005314406251634861,-34.047777895455575,6372.646833564013,2h
2026-08-18 01:55:00+00:00,2026-08-18 02:00:00+00:00,2026-08-18 03:55:00+00:00,LONG,64200.0,64182.5,-0.000272585669781944,-0.001672585669781944,-10.65879777240045,6361.988035791613,2h
2026-08-18 13:30:00+00:00,2026-08-18 13:35:00+00:00,2026-08-18 15:30:00+00:00,LONG,64110.1,64866.0,0.011790653890728642,0.010390653890728642,66.1052157368672,6428.09325152848,2h
2026-08-18 23:45:00+00:00,2026-08-18 23:50:00+00:00,2026-08-19 01:45:00+00:00,SHORT,64762.4,64415.0,0.005393153768532111,0.0039931537685321105,25.668364791816778,6453.761616320297,2h
2026-08-19 02:10:00+00:00,2026-08-19 02:15:00+00:00,2026-08-19 04:10:00+00:00,LONG,64401.2,64319.3,-0.0012717154338738323,-0.0026717154338738325,-17.24261451686547,6436.519001803432,2h
2026-08-19 12:50:00+00:00,2026-08-19 12:55:00+00:00,2026-08-19 14:50:00+00:00,SHORT,64839.2,65763.8,-0.01405940654280935,-0.01545940654280935,-99.50476396939668,6337.014237834035,2h
2026-08-19 20:55:00+00:00,2026-08-19 21:00:00+00:00,2026-08-19 22:55:00+00:00,SHORT,69055.0,69264.5,-0.0030246374405359377,-0.004424637440535938,-28.03899045792978,6308.9752473761055,2h
2026-08-20 07:10:00+00:00,2026-08-20 07:15:00+00:00,2026-08-20 09:10:00+00:00,SHORT,69800.1,71936.3,-0.029695716905095204,-0.031095716905095203,-196.18210825366035,6112.793139122445,2h
2026-08-21 07:20:00+00:00,2026-08-21 07:25:00+00:00,2026-08-21 09:20:00+00:00,SHORT,76250.0,77657.6,-0.018125721114224613,-0.019525721114224612,-119.35669406345046,5993.436445058995,2h
2026-08-22 10:25:00+00:00,2026-08-22 10:30:00+00:00,2026-08-22 12:25:00+00:00,LONG,76944.0,77324.7,0.0049477542108546935,0.0035477542108546933,21.26323938544803,6014.699684444443,2h
2026-08-23 05:20:00+00:00,2026-08-23 05:25:00+00:00,2026-08-23 07:20:00+00:00,LONG,76284.2,76239.6,-0.0005846558002835511,-0.0019846558002835513,-11.93710861569631,6002.762575828747,2h
2026-08-23 11:25:00+00:00,2026-08-23 11:30:00+00:00,2026-08-23 13:25:00+00:00,SHORT,77160.4,77437.6,-0.0035796563943099047,-0.004979656394309905,-29.891695044249815,5972.870880784497,2h
2026-08-23 21:35:00+00:00,2026-08-23 21:40:00+00:00,2026-08-23 23:35:00+00:00,SHORT,77640.1,77545.6,0.0012186378079477311,-0.00018136219205226885,-1.083252955784242,5971.787627828713,2h
2026-08-27 08:45:00+00:00,2026-08-27 08:50:00+00:00,2026-08-27 10:45:00+00:00,SHORT,79798.5,79519.9,0.0035035255326025805,0.0021035255326025803,12.561807750417893,5984.349435579131,2h
2026-08-28 01:35:00+00:00,2026-08-28 01:40:00+00:00,2026-08-28 03:35:00+00:00,SHORT,80932.5,79871.1,0.013288911759071764,0.011888911759071764,71.1474023750512,6055.496837954182,2h
2026-08-28 14:15:00+00:00,2026-08-28 14:20:00+00:00,2026-08-28 16:15:00+00:00,LONG,78884.5,77648.4,-0.015669745006940627,-0.017069745006940626,-103.36578691421316,5952.131051039969,2h
2026-08-30 12:15:00+00:00,2026-08-30 12:20:00+00:00,2026-08-30 14:15:00+00:00,SHORT,78517.8,78798.0,-0.003555927815426796,-0.004955927815426796,-29.498331836914513,5922.632719203055,2h
2026-08-30 20:45:00+00:00,2026-08-30 20:50:00+00:00,2026-08-30 22:45:00+00:00,LONG,78674.7,78435.0,-0.0030467227711068467,-0.004446722771106847,-26.336305777382687,5896.296413425672,2h
2026-08-31 05:25:00+00:00,2026-08-31 05:30:00+00:00,2026-08-31 07:25:00+00:00,SHORT,78006.1,78214.7,-0.002667017836800345,-0.004067017836800345,-23.98034268446411,5872.316070741208,2h
2026-09-01 18:45:00+00:00,2026-09-01 18:50:00+00:00,2026-09-01 20:45:00+00:00,LONG,76781.8,77349.2,0.007389772055356847,0.005989772055356847,35.17383470074861,5907.489905441957,2h
2026-09-02 09:45:00+00:00,2026-09-02 09:50:00+00:00,2026-09-02 11:45:00+00:00,LONG,76670.0,76614.9,-0.0007186644058955194,-0.0021186644058955196,-12.515988590846963,5894.97391685111,2h
2026-09-03 05:30:00+00:00,2026-09-03 05:35:00+00:00,2026-09-03 07:30:00+00:00,LONG,77336.5,77915.8,0.007490641547005739,0.006090641547005738,35.90417305648852,5930.878089907598,2h
2026-09-03 12:15:00+00:00,2026-09-03 12:20:00+00:00,2026-09-03 14:15:00+00:00,SHORT,77992.7,79018.9,-0.012986766457138699,-0.014386766457138699,-85.32615796526147,5845.5519319423365,2h
2026-09-04 04:30:00+00:00,2026-09-04 04:35:00+00:00,2026-09-04 06:30:00+00:00,SHORT,81183.2,80700.1,0.005986361850852662,0.0045863618508526615,26.809816377838406,5872.361748320175,2h
2026-09-05 16:55:00+00:00,2026-09-05 17:00:00+00:00,2026-09-05 18:55:00+00:00,SHORT,80041.1,80001.1,0.0004999931250946332,-0.0009000068749053668,-5.285165945419457,5867.076582374756,2h
2026-09-07 14:10:00+00:00,2026-09-07 14:15:00+00:00,2026-09-07 16:10:00+00:00,LONG,79180.0,78910.9,-0.003398585501389273,-0.004798585501389273,-28.15366862372403,5838.922913751032,2h
2026-09-07 19:50:00+00:00,2026-09-07 19:55:00+00:00,2026-09-07 21:50:00+00:00,SHORT,79363.5,79184.2,0.0022643406134053023,0.0008643406134053024,5.0468182128978425,5843.96973196393,2h
2026-09-08 06:55:00+00:00,2026-09-08 07:00:00+00:00,2026-09-08 08:55:00+00:00,LONG,78323.5,78422.3,0.0012614349460891017,-0.00013856505391089831,-0.8097699809632399,5843.159961982967,2h
2026-09-09 00:55:00+00:00,2026-09-09 01:00:00+00:00,2026-09-09 02:55:00+00:00,SHORT,78773.4,78720.9,0.0006669131069385603,-0.0007330868930614397,-4.283543982191093,5838.876418000776,2h
2026-09-09 04:05:00+00:00,2026-09-09 04:10:00+00:00,2026-09-09 06:05:00+00:00,SHORT,78782.2,78953.8,-0.002173422938477998,-0.003573422938477998,-20.86477492702222,5818.0116430737535,2h
2026-09-09 08:10:00+00:00,2026-09-09 08:15:00+00:00,2026-09-09 10:10:00+00:00,SHORT,79408.8,79000.1,0.005173411172897158,0.0037734111728971575,21.95375013802025,5839.9653932117735,2h
2026-09-09 13:35:00+00:00,2026-09-09 13:40:00+00:00,2026-09-09 15:35:00+00:00,SHORT,79336.1,78731.9,0.007674144787564119,0.006274144787564119,36.64078843137449,5876.606181643148,2h
2026-09-09 20:30:00+00:00,2026-09-09 20:35:00+00:00,2026-09-09 22:30:00+00:00,LONG,78243.0,77992.9,-0.0031964520787802764,-0.004596452078780277,-27.011538699786673,5849.594642943362,2h
2026-09-10 23:15:00+00:00,2026-09-10 23:20:00+00:00,2026-09-11 01:15:00+00:00,LONG,76663.5,76914.7,0.003276657079314127,0.001876657079314127,10.977683197797653,5860.5723261411595,2h
2026-09-11 06:15:00+00:00,2026-09-11 06:20:00+00:00,2026-09-11 08:15:00+00:00,SHORT,77314.2,77230.0,0.00109024990288753,-0.0003097500971124699,-1.8153128471568778,5858.757013294003,2h
2026-09-13 07:00:00+00:00,2026-09-13 07:05:00+00:00,2026-09-13 09:00:00+00:00,LONG,77157.1,76856.8,-0.0038920591883313538,-0.005292059188331354,-31.004888884403286,5827.7521244096,2h
2026-09-14 09:55:00+00:00,2026-09-14 10:00:00+00:00,2026-09-14 11:55:00+00:00,SHORT,78147.6,77788.2,0.00462023803096101,0.00322023803096101,18.766749026037612,5846.518873435637,2h
2026-09-14 13:50:00+00:00,2026-09-14 13:55:00+00:00,2026-09-14 15:50:00+00:00,SHORT,78226.8,78586.7,-0.004579655336080957,-0.005979655336080957,-34.960167779037434,5811.558705656599,2h
2026-09-14 22:25:00+00:00,2026-09-14 22:30:00+00:00,2026-09-15 00:25:00+00:00,LONG,78587.4,78025.5,-0.007150001145221685,-0.008550001145221685,-49.68883358888698,5761.869872067712,2h
2026-09-15 01:15:00+00:00,2026-09-15 01:20:00+00:00,2026-09-15 03:15:00+00:00,LONG,77877.0,77759.2,-0.0015126417299075046,-0.0029126417299075048,-16.782262631681235,5745.087609436031,2h
2026-09-15 08:30:00+00:00,2026-09-15 08:35:00+00:00,2026-09-15 10:30:00+00:00,LONG,76881.8,76962.2,0.0010457611554359758,-0.0003542388445640242,-2.0351331966857114,5743.052476239345,2h
2026-09-15 13:40:00+00:00,2026-09-15 13:45:00+00:00,2026-09-15 15:40:00+00:00,LONG,76433.9,76430.3,-4.709951997727835e-05,-0.0014470995199772783,-8.310768481570276,5734.741707757775,2h
2026-09-15 18:50:00+00:00,2026-09-15 18:55:00+00:00,2026-09-15 20:50:00+00:00,LONG,75877.3,75990.7,0.0014945181233385618,9.451812333856184e-05,0.5420370240486441,5735.283744781824,2h
2026-09-16 11:45:00+00:00,2026-09-16 11:50:00+00:00,2026-09-16 13:45:00+00:00,SHORT,76229.8,75867.4,0.004776755233473207,0.0033767552334732064,19.366649400645834,5754.650394182469,2h
2026-09-17 13:40:00+00:00,2026-09-17 13:45:00+00:00,2026-09-17 15:40:00+00:00,LONG,76154.9,76756.9,0.007904941113441089,0.006504941113441088,37.43366194259751,5792.084056125067,2h
2026-09-17 22:30:00+00:00,2026-09-17 22:35:00+00:00,2026-09-18 00:30:00+00:00,LONG,76311.8,76447.4,0.0017769204762565494,0.0003769204762565494,2.1831550809526266,5794.26721120602,2h
2026-09-19 01:00:00+00:00,2026-09-19 01:05:00+00:00,2026-09-19 03:00:00+00:00,SHORT,81493.3,81397.4,0.0011781703101083618,-0.00022182968989163817,-1.2853404986111185,5792.981870707409,2h
2026-09-19 04:40:00+00:00,2026-09-19 04:45:00+00:00,2026-09-19 06:40:00+00:00,LONG,80979.4,81069.1,0.0011076891159975677,-0.0002923108840024323,-1.6933516516365468,5791.288519055773,2h
2026-09-19 15:45:00+00:00,2026-09-19 15:50:00+00:00,2026-09-19 17:45:00+00:00,SHORT,81690.5,81507.1,0.0022501107265502363,0.0008501107265502363,4.923236490596545,5796.211755546369,2h
2026-09-21 00:30:00+00:00,2026-09-21 00:35:00+00:00,2026-09-21 02:30:00+00:00,SHORT,81639.3,81168.5,0.005800279665141073,0.004400279665141072,25.504952722782324,5821.716708269151,2h
2026-09-21 19:35:00+00:00,2026-09-21 19:40:00+00:00,2026-09-21 21:35:00+00:00,SHORT,86600.4,86808.0,-0.0023914846557921976,-0.003791484655792198,-22.07294956977155,5799.64375869938,2h
2026-09-22 01:05:00+00:00,2026-09-22 01:10:00+00:00,2026-09-22 03:05:00+00:00,LONG,85908.6,85603.8,-0.003547956781975281,-0.004947956781975281,-28.69638666889721,5770.947372030482,2h
2026-09-23 04:25:00+00:00,2026-09-23 04:30:00+00:00,2026-09-23 06:25:00+00:00,SHORT,87015.1,86430.4,0.00676498084007493,0.00536498084007493,30.961022080024307,5801.908394110506,2h
2026-09-23 07:45:00+00:00,2026-09-23 07:50:00+00:00,2026-09-23 09:45:00+00:00,LONG,86132.8,85850.7,-0.0032751750784835165,-0.004675175078483517,-27.12493753178976,5774.783456578717,2h
2026-09-23 14:30:00+00:00,2026-09-23 14:35:00+00:00,2026-09-23 16:30:00+00:00,LONG,84430.8,84245.8,-0.0021911435163470827,-0.003591143516347083,-20.738076168401054,5754.045380410316,2h
2026-09-24 07:55:00+00:00,2026-09-24 08:00:00+00:00,2026-09-24 09:55:00+00:00,SHORT,84528.4,83263.7,0.015189092005279514,0.013789092005279514,79.34306115303141,5833.388441563347,2h
2026-09-24 13:40:00+00:00,2026-09-24 13:45:00+00:00,2026-09-24 15:40:00+00:00,SHORT,83947.6,84423.3,-0.005634700373001289,-0.007034700373001289,-41.03613984572709,5792.35230171762,2h
2026-09-24 22:20:00+00:00,2026-09-24 22:25:00+00:00,2026-09-25 00:20:00+00:00,LONG,84155.5,84619.6,0.0055147910712907144,0.004114791071290714,23.83431953287788,5816.186621250498,2h
2026-09-25 13:50:00+00:00,2026-09-25 13:55:00+00:00,2026-09-25 15:50:00+00:00,LONG,84088.3,83513.9,-0.006830914645676089,-0.00823091464567609,-47.872535642836056,5768.3140856076625,2h
2026-09-27 08:20:00+00:00,2026-09-27 08:25:00+00:00,2026-09-27 10:20:00+00:00,SHORT,84773.6,84948.1,-0.0020541954440417287,-0.003454195444041729,-19.92488423430772,5748.389201373355,2h
2026-09-27 19:00:00+00:00,2026-09-27 19:05:00+00:00,2026-09-27 21:00:00+00:00,SHORT,84744.8,84620.4,0.0014700946816608162,7.009468166081626e-05,0.4029315111327391,5748.792132884488,2h
2026-09-28 05:40:00+00:00,2026-09-28 05:45:00+00:00,2026-09-28 07:40:00+00:00,LONG,83148.7,82960.1,-0.0022682254803741975,-0.0036682254803741977,-21.08786578322161,5727.704267101266,2h
2026-09-28 12:10:00+00:00,2026-09-28 12:15:00+00:00,2026-09-28 14:10:00+00:00,SHORT,83384.6,83406.4,-0.00026137083005606243,-0.0016613708300560624,-9.51584079254968,5718.188426308716,2h
2026-09-28 19:40:00+00:00,2026-09-28 19:45:00+00:00,2026-09-28 21:40:00+00:00,LONG,83314.9,83431.0,0.0013935082440237334,-6.491755976266575e-06,-0.037121083889907966,5718.151305224826,2h
2026-09-29 01:20:00+00:00,2026-09-29 01:25:00+00:00,2026-09-29 03:20:00+00:00,LONG,83013.3,83138.4,0.001506987434543472,0.00010698743454347196,0.6117703384774098,5718.763075563303,2h
2026-09-29 10:00:00+00:00,2026-09-29 10:05:00+00:00,2026-09-29 12:00:00+00:00,SHORT,84187.4,84425.0,-0.0028143322475571164,-0.004214332247557117,-24.10076764548534,5694.662307917817,2h
2026-09-29 15:05:00+00:00,2026-09-29 15:10:00+00:00,2026-09-29 17:05:00+00:00,LONG,83622.9,83163.5,-0.005493710454911205,-0.006893710454911205,-39.25735308928183,5655.404954828536,2h
2026-10-01 04:15:00+00:00,2026-10-01 04:20:00+00:00,2026-10-01 06:15:00+00:00,SHORT,83752.2,84324.2,-0.006783343334416436,-0.008183343334416436,-46.280120440521785,5609.124834388014,2h
2026-10-01 07:30:00+00:00,2026-10-01 07:35:00+00:00,2026-10-01 09:30:00+00:00,LONG,83655.2,83816.0,0.0019221757882355028,0.0005221757882355028,2.9289491817078956,5612.053783569722,2h
2026-10-01 13:15:00+00:00,2026-10-01 13:20:00+00:00,2026-10-01 15:15:00+00:00,LONG,83572.3,84220.0,0.007750175596459519,0.0063501755964595185,35.63752698244276,5647.691310552165,2h
2026-10-02 03:05:00+00:00,2026-10-02 03:10:00+00:00,2026-10-02 05:05:00+00:00,SHORT,85200.2,86580.1,-0.015937842529634483,-0.01733784252963448,-97.91878259833844,5549.772527953827,2h
2026-10-02 12:35:00+00:00,2026-10-02 12:40:00+00:00,2026-10-02 14:35:00+00:00,SHORT,86795.2,85993.1,0.009327492554635164,0.007927492554635164,43.99578039527274,5593.7683083491,2h
2025-10-03 07:45:00+00:00,2025-10-03 07:50:00+00:00,2025-10-03 11:45:00+00:00,LONG,119757.2,120363.1,0.005059403526468609,0.0036594035264686086,36.594035264686084,10036.594035264687,4h
2025-10-03 16:45:00+00:00,2025-10-03 16:50:00+00:00,2025-10-03 20:45:00+00:00,SHORT,123193.8,122610.1,0.004760619231205299,0.0033606192312052984,33.72917093071089,10070.323206195397,4h
2025-10-04 13:10:00+00:00,2025-10-04 13:15:00+00:00,2025-10-04 17:10:00+00:00,SHORT,122397.8,121785.5,0.005027692130836536,0.003627692130836536,36.5320322500956,10106.855238445492,4h
2025-10-05 23:15:00+00:00,2025-10-05 23:20:00+00:00,2025-10-06 03:15:00+00:00,SHORT,123450.4,123947.0,-0.004006551187201057,-0.0054065511872010575,-54.6432301882867,10052.212008257206,4h
2025-10-06 14:10:00+00:00,2025-10-06 14:15:00+00:00,2025-10-06 18:10:00+00:00,SHORT,124980.7,125242.9,-0.0020935318489111454,-0.0034935318489111456,-35.11772280285361,10017.094285454352,4h
2025-10-06 19:00:00+00:00,2025-10-06 19:05:00+00:00,2025-10-06 23:00:00+00:00,SHORT,125816.0,124997.9,0.006544909954487199,0.005144909954487199,51.53704810427093,10068.631333558622,4h
2025-10-07 08:20:00+00:00,2025-10-07 08:25:00+00:00,2025-10-07 12:20:00+00:00,LONG,123500.0,124412.0,0.007384615384615323,0.005984615384615323,60.256885980834824,10128.888219539456,4h
2025-10-07 15:40:00+00:00,2025-10-07 15:45:00+00:00,2025-10-07 19:40:00+00:00,LONG,121712.0,121382.0,-0.002711318522413575,-0.004111318522413575,-41.643085748449224,10087.245133791008,4h
2025-10-08 13:45:00+00:00,2025-10-08 13:50:00+00:00,2025-10-08 17:45:00+00:00,LONG,122160.2,123879.0,0.014070049001229545,0.012670049001229545,127.80589013254635,10215.051023923554,4h
2025-10-09 08:30:00+00:00,2025-10-09 08:35:00+00:00,2025-10-09 12:30:00+00:00,LONG,121475.1,123091.1,0.0133031378447106,0.0119031378447106,121.59116042851421,10336.642184352067,4h
2025-10-10 13:40:00+00:00,2025-10-10 13:45:00+00:00,2025-10-10 17:40:00+00:00,SHORT,122261.7,117847.6,0.03745600249814163,0.03605600249814163,372.6979964213943,10709.340180773463,4h
2025-10-10 21:00:00+00:00,2025-10-10 21:05:00+00:00,2025-10-11 01:00:00+00:00,LONG,115060.6,112196.1,-0.024895576765634808,-0.026295576765634807,-281.60827683282594,10427.731903940637,4h
2025-10-11 07:20:00+00:00,2025-10-11 07:25:00+00:00,2025-10-11 11:20:00+00:00,LONG,111276.9,111974.1,0.006265451320085491,0.004865451320085491,50.73562195752557,10478.467525898162,4h
2025-10-11 19:25:00+00:00,2025-10-11 19:30:00+00:00,2025-10-11 23:25:00+00:00,LONG,111399.5,110966.9,-0.00388332084075782,-0.00528332084075782,-55.3611058587818,10423.106420039381,4h
2025-10-12 00:30:00+00:00,2025-10-12 00:35:00+00:00,2025-10-12 04:30:00+00:00,LONG,110367.7,111284.8,0.008309496347210343,0.006909496347210343,72.01841573584679,10495.124835775228,4h
2025-10-12 14:55:00+00:00,2025-10-12 15:00:00+00:00,2025-10-12 18:55:00+00:00,SHORT,112348.0,113876.0,-0.01341810390249043,-0.01481810390249043,-155.51785028612514,10339.606985489103,4h
2025-10-13 11:05:00+00:00,2025-10-13 11:10:00+00:00,2025-10-13 15:05:00+00:00,LONG,114496.0,114330.0,-0.0014498323085522236,-0.0028498323085522238,-29.46614604497911,10310.140839444124,4h
2025-10-14 06:50:00+00:00,2025-10-14 06:55:00+00:00,2025-10-14 10:50:00+00:00,LONG,112033.7,110623.7,-0.012585498827584862,-0.013985498827584862,-144.1924626222806,10165.948376821843,4h
2025-10-15 02:30:00+00:00,2025-10-15 02:35:00+00:00,2025-10-15 06:30:00+00:00,SHORT,113227.5,112021.2,0.010768497391565157,0.009368497391565157,95.23966085104148,10261.188037672884,4h
2025-10-15 13:50:00+00:00,2025-10-15 13:55:00+00:00,2025-10-15 17:50:00+00:00,LONG,111347.3,111091.5,-0.002297316594115917,-0.003697316594115917,-37.938860807031695,10223.249176865853,4h
2025-10-16 09:40:00+00:00,2025-10-16 09:45:00+00:00,2025-10-16 13:40:00+00:00,LONG,111240.9,111323.9,0.0007461284473606611,-0.0006538715526393389,-6.684691812296118,10216.564485053557,4h
2025-10-16 14:20:00+00:00,2025-10-16 14:25:00+00:00,2025-10-16 18:20:00+00:00,LONG,110284.4,107931.4,-0.021335746488170604,-0.022735746488170602,-232.2812201122249,9984.283264941332,4h
2025-10-18 00:15:00+00:00,2025-10-18 00:20:00+00:00,2025-10-18 04:15:00+00:00,LONG,106474.4,106718.3,0.002290691471377171,0.0008906914713771709,8.89291595189706,9993.17618089323,4h
2025-10-18 07:10:00+00:00,2025-10-18 07:15:00+00:00,2025-10-18 11:10:00+00:00,SHORT,107300.0,106880.8,0.003922126331389775,0.0025221263313897745,25.20405278004792,10018.380233673277,4h
2025-10-18 16:40:00+00:00,2025-10-18 16:45:00+00:00,2025-10-18 20:40:00+00:00,LONG,106580.9,107170.0,0.005527256759888521,0.004127256759888521,41.34842754256157,10059.728661215839,4h
2025-10-19 08:20:00+00:00,2025-10-19 08:25:00+00:00,2025-10-19 12:20:00+00:00,SHORT,106622.3,107631.4,-0.009375516810150142,-0.010775516810150142,-108.39877529448046,9951.329885921357,4h
2025-10-19 16:45:00+00:00,2025-10-19 16:50:00+00:00,2025-10-19 20:45:00+00:00,SHORT,108692.8,108870.9,-0.001635882499363861,-0.003035882499363861,-30.211068246065217,9921.118817675293,4h
2025-10-20 05:35:00+00:00,2025-10-20 05:40:00+00:00,2025-10-20 09:35:00+00:00,SHORT,110729.9,110724.9,4.515696108109424e-05,-0.0013548430389189057,-13.441558768414735,9907.677258906879,4h
2025-10-21 14:25:00+00:00,2025-10-21 14:30:00+00:00,2025-10-21 18:25:00+00:00,SHORT,109680.6,111860.0,-0.01948328267477195,-0.02088328267477195,-206.90482484816206,9700.772434058717,4h
2025-10-21 20:20:00+00:00,2025-10-21 20:25:00+00:00,2025-10-22 00:20:00+00:00,LONG,110933.0,108229.0,-0.02437507324240762,-0.025775073242407617,-250.03811999579227,9450.734314062925,4h
2025-10-22 07:15:00+00:00,2025-10-22 07:20:00+00:00,2025-10-22 11:15:00+00:00,LONG,107870.7,108086.0,0.00199590806400618,0.0005959080640061799,5.631768788530011,9456.366082851455,4h
2025-10-23 01:20:00+00:00,2025-10-23 01:25:00+00:00,2025-10-23 05:20:00+00:00,SHORT,108173.2,108792.5,-0.005692487993198103,-0.007092487993198103,-67.06916290190972,9389.296919949546,4h
2025-10-23 12:05:00+00:00,2025-10-23 12:10:00+00:00,2025-10-23 16:05:00+00:00,LONG,108949.2,109852.1,0.00828734859916369,0.006887348599163691,64.66736098874645,9453.964280938291,4h
2025-10-25 04:20:00+00:00,2025-10-25 04:25:00+00:00,2025-10-25 08:20:00+00:00,SHORT,111362.9,111696.7,-0.002988449972112006,-0.004388449972112006,-41.48824928503155,9412.47603165326,4h
2025-10-26 00:40:00+00:00,2025-10-26 00:45:00+00:00,2025-10-26 04:40:00+00:00,SHORT,111844.7,111419.0,0.003820712804817772,0.0024207128048177717,22.78490125486341,9435.260932908122,4h
2025-10-26 09:35:00+00:00,2025-10-26 09:40:00+00:00,2025-10-26 13:35:00+00:00,SHORT,112347.8,113642.8,-0.011395354567117266,-0.012795354567117266,-120.72750906982907,9314.533423838293,4h
2025-10-26 21:30:00+00:00,2025-10-26 21:35:00+00:00,2025-10-27 01:30:00+00:00,LONG,113292.0,115130.3,0.016226211912580002,0.014826211912580002,138.09924640863588,9452.632670246929,4h
2025-10-27 05:45:00+00:00,2025-10-27 05:50:00+00:00,2025-10-27 09:45:00+00:00,SHORT,115579.0,115248.6,0.002866846104855103,0.001466846104855103,13.865557412977799,9466.498227659906,4h
2025-10-27 13:40:00+00:00,2025-10-27 13:45:00+00:00,2025-10-27 17:40:00+00:00,LONG,114884.3,115633.2,0.006518732324608312,0.0051187323246083116,48.45647047877005,9514.954698138676,4h
2025-10-28 13:10:00+00:00,2025-10-28 13:15:00+00:00,2025-10-28 17:10:00+00:00,SHORT,114744.4,115479.1,-0.006362190214506458,-0.007762190214506458,-73.85688824936427,9441.097809889312,4h
2025-10-28 19:35:00+00:00,2025-10-28 19:40:00+00:00,2025-10-28 23:35:00+00:00,LONG,114029.8,113015.5,-0.008895043225542798,-0.010295043225542798,-97.19651004938791,9343.901299839925,4h
2025-10-29 01:00:00+00:00,2025-10-29 01:05:00+00:00,2025-10-29 05:00:00+00:00,LONG,112479.6,112921.4,0.003927823356413063,0.0025278233564130625,23.619731945753735,9367.521031785678,4h
2025-10-29 05:40:00+00:00,2025-10-29 05:45:00+00:00,2025-10-29 09:40:00+00:00,SHORT,113174.9,112925.3,0.002210310709823249,0.0008103107098232489,7.590602616550465,9375.111634402228,4h
2025-10-29 18:40:00+00:00,2025-10-29 18:45:00+00:00,2025-10-29 22:40:00+00:00,LONG,109745.5,111133.0,0.012642887407684045,0.011242887407684045,105.40332454005299,9480.514958942282,4h
2025-10-30 04:35:00+00:00,2025-10-30 04:40:00+00:00,2025-10-30 08:35:00+00:00,LONG,109439.8,110885.9,0.013213657188700934,0.011813657188700933,111.99955369729523,9592.514512639576,4h
2025-10-31 17:00:00+00:00,2025-10-31 17:05:00+00:00,2025-10-31 21:00:00+00:00,LONG,109032.7,109575.1,0.0049746543926731945,0.0035746543926731943,34.289924139388425,9626.804436778964,4h
2025-11-01 13:45:00+00:00,2025-11-01 13:50:00+00:00,2025-11-01 17:45:00+00:00,LONG,109892.1,110279.1,0.0035216362231680343,0.002121636223168034,20.424577006424997,9647.229013785389,4h
2025-11-01 22:05:00+00:00,2025-11-01 22:10:00+00:00,2025-11-02 02:05:00+00:00,LONG,110041.8,109925.0,-0.001061414844177433,-0.002461414844177433,-23.745832699710576,9623.483181085678,4h
2025-11-02 07:55:00+00:00,2025-11-02 08:00:00+00:00,2025-11-02 11:55:00+00:00,SHORT,110893.0,111196.0,-0.0027249181625238483,-0.0041249181625238485,-39.6960805604031,9583.787100525275,4h
2025-11-03 01:05:00+00:00,2025-11-03 01:10:00+00:00,2025-11-03 05:05:00+00:00,LONG,109808.3,107978.6,-0.01666267486155415,-0.018062674861554148,-173.1088303391448,9410.67827018613,4h
2025-11-03 15:35:00+00:00,2025-11-03 15:40:00+00:00,2025-11-03 19:35:00+00:00,LONG,106445.7,107331.3,0.008319734850726679,0.006919734850726679,65.11939839518323,9475.797668581314,4h
2025-11-04 14:40:00+00:00,2025-11-04 14:45:00+00:00,2025-11-04 18:40:00+00:00,LONG,103938.9,101258.6,-0.02578726540303955,-0.02718726540303955,-257.62102612122357,9218.17664246009,4h
2025-11-04 21:35:00+00:00,2025-11-04 21:40:00+00:00,2025-11-05 01:35:00+00:00,LONG,99279.0,99002.7,-0.0027830659051762963,-0.0041830659051762965,-38.56024042096731,9179.616402039122,4h
2025-11-05 12:30:00+00:00,2025-11-05 12:35:00+00:00,2025-11-05 16:30:00+00:00,SHORT,102374.9,103653.0,-0.012330564479561712,-0.013730564479561712,-126.04131490584047,9053.575087133282,4h
2025-11-06 12:45:00+00:00,2025-11-06 12:50:00+00:00,2025-11-06 16:45:00+00:00,LONG,102555.9,100518.8,-0.019863313568502572,-0.02126331356850257,-192.50900599369797,8861.066081139585,4h
2025-11-06 16:50:00+00:00,2025-11-06 16:55:00+00:00,2025-11-06 20:50:00+00:00,LONG,101090.0,100904.3,-0.0018369769512315282,-0.0032369769512315284,-28.68306666798832,8832.383014471596,4h
2025-11-07 09:10:00+00:00,2025-11-07 09:15:00+00:00,2025-11-07 13:10:00+00:00,LONG,101370.0,100049.3,-0.013028509420933143,-0.014428509420933143,-127.43812153359329,8704.944892938003,4h
2025-11-07 19:45:00+00:00,2025-11-07 19:50:00+00:00,2025-11-07 23:45:00+00:00,SHORT,103135.5,103461.1,-0.003147076534079085,-0.004547076534079085,-39.58205065312997,8665.362842284872,4h
2025-11-08 06:15:00+00:00,2025-11-08 06:20:00+00:00,2025-11-08 10:15:00+00:00,LONG,102329.9,102442.0,0.001095476493185421,-0.0003045235068145789,-2.638806680553336,8662.724035604318,4h
2025-11-10 15:00:00+00:00,2025-11-10 15:05:00+00:00,2025-11-10 19:00:00+00:00,LONG,105170.7,105575.0,0.0038442265764133676,0.0024442265764133674,21.173660311958933,8683.897695916277,4h
2025-11-11 01:20:00+00:00,2025-11-11 01:25:00+00:00,2025-11-11 05:20:00+00:00,SHORT,106963.7,105366.0,0.015163335421293445,0.013763335421293444,119.51939675309303,8803.41709266937,4h
2025-11-11 12:50:00+00:00,2025-11-11 12:55:00+00:00,2025-11-11 16:50:00+00:00,LONG,104584.9,103533.0,-0.010057857300623696,-0.011457857300623696,-100.86829680567718,8702.548795863693,4h
2025-11-12 09:30:00+00:00,2025-11-12 09:35:00+00:00,2025-11-12 13:30:00+00:00,SHORT,104563.3,104916.0,-0.0033617370086544973,-0.0047617370086544975,-41.43924867088578,8661.109547192807,4h
2025-11-12 14:50:00+00:00,2025-11-12 14:55:00+00:00,2025-11-12 18:50:00+00:00,LONG,104175.0,101507.3,-0.025607871370290303,-0.0270078713702903,-233.91813257457662,8427.191414618232,4h
2025-11-13 06:00:00+00:00,2025-11-13 06:05:00+00:00,2025-11-13 10:00:00+00:00,SHORT,102979.2,102927.9,0.00049840713742344,-0.00090159286257656,-7.597895630986262,8419.593518987245,4h
2025-11-13 13:40:00+00:00,2025-11-13 13:45:00+00:00,2025-11-13 17:40:00+00:00,LONG,102548.7,100034.9,-0.024513231274506664,-0.025913231274506662,-218.17887409485388,8201.414644892391,4h
2025-11-14 04:40:00+00:00,2025-11-14 04:45:00+00:00,2025-11-14 08:40:00+00:00,LONG,97590.8,97209.9,-0.0039030318431656497,-0.00530303184316565,-43.49236302086945,8157.922281871522,4h
2025-11-14 19:05:00+00:00,2025-11-14 19:10:00+00:00,2025-11-14 23:05:00+00:00,LONG,95145.9,94365.3,-0.008204242116580884,-0.009604242116580885,-78.3506607633441,8079.571621108177,4h
2025-11-15 03:00:00+00:00,2025-11-15 03:05:00+00:00,2025-11-15 07:00:00+00:00,SHORT,96271.0,95976.9,0.003064279008803128,0.001664279008803128,13.446661449131799,8093.018282557309,4h
2025-11-15 21:05:00+00:00,2025-11-15 21:10:00+00:00,2025-11-16 01:05:00+00:00,LONG,95522.2,95393.7,-0.0013452370234353639,-0.002745237023435364,-22.21725342061561,8070.801029136694,4h
2025-11-16 10:00:00+00:00,2025-11-16 10:05:00+00:00,2025-11-16 14:00:00+00:00,SHORT,96471.2,95502.4,0.010144247683827823,0.008744247683827823,70.57308320566374,8141.374112342357,4h
2025-11-16 16:00:00+00:00,2025-11-16 16:05:00+00:00,2025-11-16 20:00:00+00:00,LONG,94792.9,94254.9,-0.005675530551338737,-0.007075530551338737,-57.60454126175664,8083.7695710806,4h
2025-11-16 22:10:00+00:00,2025-11-16 22:15:00+00:00,2025-11-17 02:10:00+00:00,LONG,93387.7,95327.2,0.020768259631621655,0.019368259631621657,156.5685478548919,8240.338118935491,4h
2025-11-17 19:45:00+00:00,2025-11-17 19:50:00+00:00,2025-11-17 23:45:00+00:00,LONG,91949.5,92071.5,0.0013268152627257113,-7.318473727428872e-05,-0.6030669802856005,8239.735051955206,4h
2025-11-18 03:35:00+00:00,2025-11-18 03:40:00+00:00,2025-11-18 07:35:00+00:00,LONG,90672.4,90464.1,-0.0022972812013356547,-0.003697281201335655,-30.464617511580446,8209.270434443624,4h
2025-11-19 00:20:00+00:00,2025-11-19 00:25:00+00:00,2025-11-19 04:20:00+00:00,LONG,92188.7,91788.1,-0.004345434961117722,-0.0057454349611177225,-47.16582935932247,8162.1046050843015,4h
2025-11-20 01:10:00+00:00,2025-11-20 01:15:00+00:00,2025-11-20 05:10:00+00:00,SHORT,92217.5,92887.1,-0.007208751269013769,-0.00860875126901377,-70.26552837684261,8091.839076707459,4h
2025-11-20 09:50:00+00:00,2025-11-20 09:55:00+00:00,2025-11-20 13:50:00+00:00,LONG,91806.9,91844.3,0.0004073767875836243,-0.0009926232124163757,-8.032147298677717,8083.806929408781,4h
2025-11-21 02:45:00+00:00,2025-11-21 02:50:00+00:00,2025-11-21 06:45:00+00:00,LONG,86172.1,85670.0,-0.005826711893988978,-0.007226711893988979,-58.41934368546896,8025.3875857233115,4h
2025-11-21 12:30:00+00:00,2025-11-21 12:35:00+00:00,2025-11-21 16:30:00+00:00,LONG,81703.3,83123.6,0.017383630771339753,0.015983630771339755,128.2748319670952,8153.662417690407,4h
2025-11-22 22:55:00+00:00,2025-11-22 23:00:00+00:00,2025-11-23 02:55:00+00:00,SHORT,85074.1,86004.1,-0.010813437964004025,-0.012213437964004025,-99.58425011789286,8054.078167572514,4h
2025-11-23 04:20:00+00:00,2025-11-23 04:25:00+00:00,2025-11-23 08:20:00+00:00,SHORT,86560.1,86040.1,0.0060436935800864955,0.004643693580086495,37.40067108027129,8091.478838652785,4h
2025-11-24 00:25:00+00:00,2025-11-24 00:30:00+00:00,2025-11-24 04:25:00+00:00,LONG,86444.0,86602.0,0.0018277728934339432,0.00042777289343394324,3.4613153149700246,8094.940153967756,4h
2025-11-24 09:35:00+00:00,2025-11-24 09:40:00+00:00,2025-11-24 13:35:00+00:00,LONG,86115.3,86509.1,0.004572938838975249,0.003172938838975249,25.684750013704573,8120.62490398146,4h
2025-11-25 09:30:00+00:00,2025-11-25 09:35:00+00:00,2025-11-25 13:30:00+00:00,LONG,86840.6,87573.0,0.008433843156311571,0.007033843156311571,57.119201905843305,8177.744105887304,4h
2025-11-25 17:40:00+00:00,2025-11-25 17:45:00+00:00,2025-11-25 21:40:00+00:00,SHORT,87934.9,87183.0,0.00862438778202157,0.0072243877820215695,59.079194603071144,8236.823300490374,4h
2025-11-27 02:30:00+00:00,2025-11-27 02:35:00+00:00,2025-11-27 06:30:00+00:00,SHORT,91374.1,91351.9,0.00024301629194378727,-0.0011569837080562127,-9.529870364805166,8227.293430125568,4h
2025-11-27 12:55:00+00:00,2025-11-27 13:00:00+00:00,2025-11-27 16:55:00+00:00,LONG,90985.3,91460.3,0.005220623551277059,0.003820623551277059,31.433391042404764,8258.726821167973,4h
2025-11-28 05:55:00+00:00,2025-11-28 06:00:00+00:00,2025-11-28 09:55:00+00:00,SHORT,91600.0,91598.6,1.528407639406204e-05,-0.001384715923605938,-11.435990537982741,8247.29083062999,4h
2025-11-28 14:30:00+00:00,2025-11-28 14:35:00+00:00,2025-11-28 18:30:00+00:00,SHORT,92578.0,90710.6,0.02058634823273131,0.019186348232731312,158.23539385307888,8405.52622448307,4h
2025-11-29 15:25:00+00:00,2025-11-29 15:30:00+00:00,2025-11-29 19:25:00+00:00,SHORT,90862.3,90812.9,0.0005439755805618507,-0.0008560244194381493,-7.195335706385259,8398.330888776685,4h
2025-11-30 03:20:00+00:00,2025-11-30 03:25:00+00:00,2025-11-30 07:20:00+00:00,LONG,90716.6,90949.3,0.0025651314092458577,0.0011651314092458577,9.785159103753395,8408.11604788044,4h
2025-11-30 08:25:00+00:00,2025-11-30 08:30:00+00:00,2025-11-30 12:25:00+00:00,SHORT,91153.7,91261.7,-0.0011834099079899296,-0.00258340990798993,-21.721610305623457,8386.394437574816,4h
2025-11-30 13:30:00+00:00,2025-11-30 13:35:00+00:00,2025-11-30 17:30:00+00:00,SHORT,91785.5,91350.7,0.004759678907769738,0.0033596789077697375,28.17559250415756,8414.570030078974,4h
2025-11-30 23:40:00+00:00,2025-11-30 23:45:00+00:00,2025-12-01 03:40:00+00:00,LONG,90660.1,86455.5,-0.04637762367347931,-0.047777623673479305,-402.02816027125067,8012.541869807724,4h
2025-12-01 12:50:00+00:00,2025-12-01 12:55:00+00:00,2025-12-01 16:50:00+00:00,LONG,85406.4,84533.1,-0.010225229022649218,-0.011625229022649218,-93.14763429008079,7919.394235517643,4h
2025-12-01 21:35:00+00:00,2025-12-01 21:40:00+00:00,2025-12-02 01:35:00+00:00,SHORT,86373.5,86662.0,-0.0033290254090604376,-0.004729025409060438,-37.451016564129695,7881.943218953514,4h
2025-12-03 14:05:00+00:00,2025-12-03 14:10:00+00:00,2025-12-03 18:05:00+00:00,LONG,92070.5,93170.9,0.011951710917177616,0.010551710917177616,83.16798631200587,7965.11120526552,4h
2025-12-03 22:00:00+00:00,2025-12-03 22:05:00+00:00,2025-12-04 02:00:00+00:00,SHORT,93526.0,93265.7,0.002790951014145726,0.0013909510141457261,11.079079508747562,7976.190284774268,4h
2025-12-05 13:45:00+00:00,2025-12-05 13:50:00+00:00,2025-12-05 17:45:00+00:00,LONG,90538.7,89194.5,-0.014846689868531326,-0.016246689868531325,-129.58668988912007,7846.603594885148,4h
2025-12-06 08:35:00+00:00,2025-12-06 08:40:00+00:00,2025-12-06 12:35:00+00:00,LONG,89326.1,89616.8,0.0032543679842733653,0.0018543679842733653,14.550490491639312,7861.154085376787,4h
2025-12-06 14:20:00+00:00,2025-12-06 14:25:00+00:00,2025-12-06 18:20:00+00:00,SHORT,89931.0,89723.9,0.002308192131639464,0.0009081921316394638,7.139438285944624,7868.293523662732,4h
2025-12-07 07:45:00+00:00,2025-12-07 07:50:00+00:00,2025-12-07 11:45:00+00:00,LONG,89348.3,89169.5,-0.0020011572688009016,-0.003401157268800902,-26.76130371106456,7841.532219951667,4h
2025-12-08 01:40:00+00:00,2025-12-08 01:45:00+00:00,2025-12-08 05:40:00+00:00,SHORT,91254.0,91335.5,-0.0008923145983763536,-0.002292314598376354,-17.975258781433745,7823.556961170233,4h
2025-12-08 15:15:00+00:00,2025-12-08 15:20:00+00:00,2025-12-08 19:15:00+00:00,LONG,90399.1,90081.4,-0.003514415519623615,-0.004914415519623615,-38.44820974863436,7785.108751421599,4h
2025-12-08 22:00:00+00:00,2025-12-08 22:05:00+00:00,2025-12-09 02:00:00+00:00,SHORT,91262.5,90242.0,0.011308481638261592,0.009908481638261591,77.13860711533053,7862.247358536929,4h
2025-12-09 20:25:00+00:00,2025-12-09 20:30:00+00:00,2025-12-10 00:25:00+00:00,LONG,93078.0,92530.6,-0.005881088979135751,-0.0072810889791357514,-57.245722593482405,7805.001635943447,4h
2025-12-10 10:05:00+00:00,2025-12-10 10:10:00+00:00,2025-12-10 14:05:00+00:00,SHORT,92987.9,92027.1,0.010440402881324973,0.009040402881324973,70.56035927832926,7875.561995221776,4h
2025-12-11 03:20:00+00:00,2025-12-11 03:25:00+00:00,2025-12-11 07:20:00+00:00,LONG,89896.9,90173.0,0.003071296118108746,0.0016712961181087462,13.162396190538926,7888.724391412315,4h
2025-12-11 18:45:00+00:00,2025-12-11 18:50:00+00:00,2025-12-11 22:45:00+00:00,SHORT,90870.5,92262.3,-0.015085251505761343,-0.016485251505761342,-130.0476056520661,7758.676785760248,4h
2025-12-13 21:30:00+00:00,2025-12-13 21:35:00+00:00,2025-12-14 01:30:00+00:00,LONG,89978.3,90293.7,0.003505289608716655,0.002105289608716655,16.33426161445219,7775.0110473747,4h
2025-12-15 18:35:00+00:00,2025-12-15 18:40:00+00:00,2025-12-15 22:35:00+00:00,LONG,85475.0,86052.1,0.006751681778297769,0.005351681778297769,41.60938494829903,7816.620432322999,4h
2025-12-16 04:50:00+00:00,2025-12-16 04:55:00+00:00,2025-12-16 08:50:00+00:00,LONG,85726.1,86288.7,0.00656276209929052,0.00516276209929052,40.35535171253706,7856.975784035536,4h
2025-12-18 13:15:00+00:00,2025-12-18 13:20:00+00:00,2025-12-18 17:15:00+00:00,SHORT,87699.5,86166.9,0.01778641218379695,0.016386412183796953,128.74764371531754,7985.723427750853,4h
2025-12-19 03:35:00+00:00,2025-12-19 03:40:00+00:00,2025-12-19 07:35:00+00:00,SHORT,86973.9,87860.0,-0.010085363077623533,-0.011485363077623533,-91.71893300520289,7894.00449474565,4h
2025-12-20 21:20:00+00:00,2025-12-20 21:25:00+00:00,2025-12-21 01:20:00+00:00,SHORT,88346.9,88300.1,0.0005300107247896424,-0.0008699892752103576,-6.867699248891073,7887.136795496759,4h
2025-12-21 09:05:00+00:00,2025-12-21 09:10:00+00:00,2025-12-21 13:05:00+00:00,SHORT,88585.1,88403.0,0.0020598848455368746,0.0006598848455368746,5.204602046024579,7892.341397542784,4h
2025-12-21 23:05:00+00:00,2025-12-21 23:10:00+00:00,2025-12-22 03:05:00+00:00,SHORT,88625.0,88625.0,0.0,-0.0014,-11.049277956559898,7881.292119586224,4h
2025-12-22 12:30:00+00:00,2025-12-22 12:35:00+00:00,2025-12-22 16:30:00+00:00,SHORT,90256.0,89677.0,0.0064565050124334444,0.005056505012433444,39.85179310713994,7921.143912693364,4h
2025-12-22 19:05:00+00:00,2025-12-22 19:10:00+00:00,2025-12-22 23:05:00+00:00,LONG,88929.3,88670.9,-0.0029056790056821713,-0.0043056790056821715,-34.105903045870946,7887.038009647493,4h
2025-12-23 03:10:00+00:00,2025-12-23 03:15:00+00:00,2025-12-23 07:10:00+00:00,LONG,88122.1,87444.8,-0.007685926685814359,-0.00908592668581436,-71.66104912388833,7815.376960523605,4h
2025-12-24 02:50:00+00:00,2025-12-24 02:55:00+00:00,2025-12-24 06:50:00+00:00,LONG,87182.0,87030.2,-0.0017411851070174844,-0.0031411851070174846,-24.549545714124324,7790.827414809481,4h
2025-12-24 14:40:00+00:00,2025-12-24 14:45:00+00:00,2025-12-24 18:40:00+00:00,LONG,86995.6,87454.2,0.005271530973980143,0.003871530973980143,30.162429649368548,7820.989844458849,4h
2025-12-24 22:10:00+00:00,2025-12-24 22:15:00+00:00,2025-12-25 02:10:00+00:00,SHORT,87809.8,87744.0,0.0007499088256748276,-0.0006500911743251723,-5.0843564723695005,7815.90548798648,4h
2025-12-25 15:30:00+00:00,2025-12-25 15:35:00+00:00,2025-12-25 19:30:00+00:00,SHORT,87957.5,88098.9,-0.001605014364537971,-0.0030050143645379713,-23.486908263270532,7792.418579723209,4h
2025-12-25 22:50:00+00:00,2025-12-25 22:55:00+00:00,2025-12-26 02:50:00+00:00,LONG,87524.7,89276.4,0.0200137789675372,0.0186137789675372,145.04635706549797,7937.464936788708,4h
2025-12-26 07:30:00+00:00,2025-12-26 07:35:00+00:00,2025-12-26 11:30:00+00:00,SHORT,89173.2,88598.0,0.0064922458746246026,0.005092245874624602,40.419523079339726,7977.884459868047,4h
2025-12-26 20:50:00+00:00,2025-12-26 20:55:00+00:00,2025-12-27 00:50:00+00:00,SHORT,87671.2,87391.0,0.0032062798228649214,0.0018062798228649214,14.410291729007266,7992.2947515970545,4h
2025-12-27 07:25:00+00:00,2025-12-27 07:30:00+00:00,2025-12-27 11:25:00+00:00,SHORT,87587.0,87495.5,0.001045768068071995,-0.000354231931928005,-2.8311260103962796,7989.463625586658,4h
2025-12-27 13:35:00+00:00,2025-12-27 13:40:00+00:00,2025-12-27 17:35:00+00:00,LONG,87448.1,87539.9,0.001049765518061463,-0.0003502344819385371,-2.798185653874129,7986.665439932784,4h
2025-12-27 22:15:00+00:00,2025-12-27 22:20:00+00:00,2025-12-28 02:15:00+00:00,SHORT,87770.6,87805.5,-0.000397469406813844,-0.001797469406813844,-14.355786790736609,7972.309653142047,4h
2025-12-28 18:20:00+00:00,2025-12-28 18:25:00+00:00,2025-12-28 22:20:00+00:00,LONG,87664.1,87584.3,-0.0009102928108541963,-0.0023102928108541965,-18.418369677557585,7953.89128346449,4h
2025-12-28 23:00:00+00:00,2025-12-28 23:05:00+00:00,2025-12-29 03:00:00+00:00,SHORT,87793.1,89122.9,-0.01492096868481596,-0.01632096868481596,-129.81521055985456,7824.076072904635,4h
2025-12-29 12:25:00+00:00,2025-12-29 12:30:00+00:00,2025-12-29 16:25:00+00:00,LONG,87265.7,87543.9,0.0031879650309343255,0.0017879650309343255,13.989174417723452,7838.065247322358,4h
2025-12-30 15:00:00+00:00,2025-12-30 15:05:00+00:00,2025-12-30 19:00:00+00:00,SHORT,88285.4,88229.8,0.0006301725720787577,-0.0007698274279212423,-6.033957609225047,7832.031289713133,4h
2025-12-31 08:10:00+00:00,2025-12-31 08:15:00+00:00,2025-12-31 12:10:00+00:00,SHORT,88697.0,88945.0,-0.0027882399235482636,-0.004188239923548264,-32.80242613005574,7799.228863583077,4h
2025-12-31 20:40:00+00:00,2025-12-31 20:45:00+00:00,2026-01-01 00:40:00+00:00,LONG,87428.9,87750.0,0.0036726986156752073,0.002272698615675207,17.72529664159938,7816.954160224676,4h
2026-01-01 01:15:00+00:00,2026-01-01 01:20:00+00:00,2026-01-01 05:15:00+00:00,SHORT,87947.0,87710.7,0.0026940840741209726,0.0012940840741209726,10.115795886880436,7827.069956111557,4h
2026-01-01 22:10:00+00:00,2026-01-01 22:15:00+00:00,2026-01-02 02:10:00+00:00,SHORT,88513.1,88484.0,0.0003288730165906806,-0.0010711269834093194,-8.383785831023486,7818.686170280534,4h
2026-01-02 03:15:00+00:00,2026-01-02 03:20:00+00:00,2026-01-02 07:15:00+00:00,SHORT,88865.0,89000.0,-0.0015168539325842723,-0.0029168539325842725,-22.80596550342504,7795.880204777109,4h
2026-01-02 14:35:00+00:00,2026-01-02 14:40:00+00:00,2026-01-02 18:35:00+00:00,LONG,89129.7,90129.8,0.011220726648917267,0.009820726648917267,76.56120847882116,7872.44141325593,4h
2026-01-03 13:00:00+00:00,2026-01-03 13:05:00+00:00,2026-01-03 17:00:00+00:00,SHORT,90019.0,90117.5,-0.0010930174494410139,-0.002493017449441014,-19.62613381294911,7852.815279442981,4h
2026-01-04 18:35:00+00:00,2026-01-04 18:40:00+00:00,2026-01-04 22:35:00+00:00,LONG,91164.5,91186.2,0.0002380312511998106,-0.0011619687488001894,-9.12472594481337,7843.690553498167,4h
2026-01-05 18:00:00+00:00,2026-01-05 18:05:00+00:00,2026-01-05 22:00:00+00:00,SHORT,94249.0,94077.1,0.0018272246912371948,0.0004272246912371948,3.351018274878356,7847.041571773046,4h
2026-01-06 08:00:00+00:00,2026-01-06 08:05:00+00:00,2026-01-06 12:00:00+00:00,LONG,93347.6,93834.7,0.0052181309428414036,0.0038181309428414033,29.961032234949506,7877.002604007996,4h
2026-01-06 14:30:00+00:00,2026-01-06 14:35:00+00:00,2026-01-06 18:30:00+00:00,SHORT,94062.0,91998.0,0.022435270331963686,0.021035270331963687,165.6948791808901,8042.697483188886,4h
2026-01-07 02:05:00+00:00,2026-01-07 02:10:00+00:00,2026-01-07 06:05:00+00:00,LONG,92554.2,92592.9,0.0004181333748225491,-0.000981866625177451,-7.89685623514185,8034.800626953744,4h
2026-01-07 14:20:00+00:00,2026-01-07 14:25:00+00:00,2026-01-07 18:20:00+00:00,LONG,91578.1,91227.1,-0.003832794085048663,-0.005232794085048663,-42.04445719526884,7992.756169758475,4h
2026-01-08 06:35:00+00:00,2026-01-08 06:40:00+00:00,2026-01-08 10:35:00+00:00,LONG,90380.9,90180.1,-0.002221708347670659,-0.003621708347670659,-28.947431740910435,7963.808738017565,4h
2026-01-09 08:05:00+00:00,2026-01-09 08:10:00+00:00,2026-01-09 12:05:00+00:00,LONG,90686.0,90500.4,-0.002046622411397636,-0.0034466224113976363,-27.448241676535666,7936.360496341029,4h
2026-01-10 05:05:00+00:00,2026-01-10 05:10:00+00:00,2026-01-10 09:05:00+00:00,LONG,90499.5,90649.3,0.0016552577638551114,0.0002552577638551114,2.0258176334440527,7938.386313974473,4h
2026-01-11 15:00:00+00:00,2026-01-11 15:05:00+00:00,2026-01-11 19:00:00+00:00,SHORT,91052.0,90888.9,0.0017944985581297423,0.00039449855812974236,3.13168195473981,7941.517995929213,4h
2026-01-12 01:05:00+00:00,2026-01-12 01:10:00+00:00,2026-01-12 05:05:00+00:00,SHORT,91525.0,92184.0,-0.007148745986288341,-0.008548745986288341,-67.89002009273649,7873.627975836476,4h
2026-01-12 14:25:00+00:00,2026-01-12 14:30:00+00:00,2026-01-12 18:25:00+00:00,LONG,90289.9,91921.1,0.018066251042475612,0.016666251042475613,131.2238604603498,8004.851836296826,4h
2026-01-13 05:30:00+00:00,2026-01-13 05:35:00+00:00,2026-01-13 09:30:00+00:00,SHORT,91877.0,92488.6,-0.006612706863332374,-0.008012706863332374,-64.14053124865434,7940.711305048172,4h
2026-01-14 06:10:00+00:00,2026-01-14 06:15:00+00:00,2026-01-14 10:10:00+00:00,LONG,94871.0,95179.4,0.003250729938548025,0.0018507299385480248,14.69611214561941,7955.407417193792,4h
2026-01-14 14:25:00+00:00,2026-01-14 14:30:00+00:00,2026-01-14 18:25:00+00:00,SHORT,95633.1,97039.4,-0.014492051682100104,-0.015892051682100103,-126.42774582620623,7828.979671367586,4h
2026-01-15 14:45:00+00:00,2026-01-15 14:50:00+00:00,2026-01-15 18:45:00+00:00,LONG,96025.1,95929.4,-0.0009966144268530597,-0.00239661442685306,-18.763045627938883,7810.2166257396475,4h
2026-01-18 09:55:00+00:00,2026-01-18 10:00:00+00:00,2026-01-18 13:55:00+00:00,SHORT,95275.1,95154.9,0.0012632034713926377,-0.00013679652860736232,-1.0684105220726905,7809.148215217575,4h
2026-01-19 22:15:00+00:00,2026-01-19 22:20:00+00:00,2026-01-20 02:15:00+00:00,LONG,92968.5,92517.9,-0.004846802949386109,-0.006246802949386109,-48.782210103014414,7760.366005114561,4h
2026-01-20 15:10:00+00:00,2026-01-20 15:15:00+00:00,2026-01-20 19:10:00+00:00,LONG,90297.6,89575.8,-0.007993567935360435,-0.009393567935360435,-72.89752527230529,7687.468479842256,4h
2026-01-20 22:35:00+00:00,2026-01-20 22:40:00+00:00,2026-01-21 02:35:00+00:00,LONG,88550.7,89028.3,0.005393520322256151,0.003993520322256151,30.70006160095365,7718.1685414432095,4h
2026-01-21 03:45:00+00:00,2026-01-21 03:50:00+00:00,2026-01-21 07:45:00+00:00,SHORT,89493.9,89221.9,0.0030485788802974145,0.0016485788802974145,12.724009651999175,7730.892551095209,4h
2026-01-21 07:55:00+00:00,2026-01-21 08:00:00+00:00,2026-01-21 11:55:00+00:00,LONG,89212.5,88792.2,-0.004711223203026527,-0.006111223203026527,-47.24520993835798,7683.64734115685,4h
2026-01-21 14:35:00+00:00,2026-01-21 14:40:00+00:00,2026-01-21 18:35:00+00:00,SHORT,89794.9,88128.6,0.01890759639889872,0.01750759639889872,134.5221965204454,7818.169537677296,4h
2026-01-23 02:00:00+00:00,2026-01-23 02:05:00+00:00,2026-01-23 06:00:00+00:00,SHORT,89832.0,89674.2,0.0017597034598579864,0.0003597034598579864,2.812222632458837,7820.9817603097545,4h
2026-01-23 14:30:00+00:00,2026-01-23 14:35:00+00:00,2026-01-23 18:30:00+00:00,SHORT,89134.1,90836.3,-0.01873920448102795,-0.020139204481027947,-157.50835091326806,7663.473409396486,4h
2026-01-24 07:25:00+00:00,2026-01-24 07:30:00+00:00,2026-01-24 11:25:00+00:00,LONG,89597.5,89639.3,0.00046653087418735417,-0.0009334691258126458,-7.153615824157795,7656.319793572328,4h
2026-01-24 14:05:00+00:00,2026-01-24 14:10:00+00:00,2026-01-24 18:05:00+00:00,LONG,89484.7,89400.9,-0.0009364729389493842,-0.0023364729389493844,-17.88878400962428,7638.431009562704,4h
2026-01-25 06:15:00+00:00,2026-01-25 06:20:00+00:00,2026-01-25 10:15:00+00:00,LONG,88743.3,88498.1,-0.002763025490374993,-0.004163025490374993,-31.79898299928033,7606.632026563424,4h
2026-01-25 15:55:00+00:00,2026-01-25 16:00:00+00:00,2026-01-25 19:55:00+00:00,LONG,88456.1,86503.3,-0.022076487658850064,-0.023476487658850062,-178.57700289702987,7428.055023666394,4h
2026-01-26 01:45:00+00:00,2026-01-26 01:50:00+00:00,2026-01-26 05:45:00+00:00,SHORT,87543.0,87864.8,-0.003662445029181227,-0.005062445029181227,-37.60412023104458,7390.45090343535,4h
2026-01-27 09:35:00+00:00,2026-01-27 09:40:00+00:00,2026-01-27 13:35:00+00:00,LONG,88049.0,88022.7,-0.0002986973162670825,-0.0016986973162670825,-12.554139115669264,7377.89676431968,4h
2026-01-28 12:00:00+00:00,2026-01-28 12:05:00+00:00,2026-01-28 16:00:00+00:00,SHORT,89934.0,89393.8,0.006042924677102768,0.004642924677102768,34.255018952176506,7412.151783271856,4h
2026-01-30 14:45:00+00:00,2026-01-30 14:50:00+00:00,2026-01-30 18:45:00+00:00,SHORT,83519.3,83590.5,-0.000851771433356574,-0.0022517714333565742,-16.690471645274556,7395.461311626582,4h
2026-01-31 07:40:00+00:00,2026-01-31 07:45:00+00:00,2026-01-31 11:40:00+00:00,LONG,83485.2,82985.0,-0.0059914811247980815,-0.007391481124798082,-54.663412694062345,7340.797898932519,4h
2026-01-31 18:45:00+00:00,2026-01-31 18:50:00+00:00,2026-01-31 22:45:00+00:00,LONG,78009.0,78020.1,0.0001422912740838278,-0.0012577087259161722,-9.232585572674532,7331.565313359844,4h
2026-02-01 07:05:00+00:00,2026-02-01 07:10:00+00:00,2026-02-01 11:05:00+00:00,LONG,78245.0,78442.9,0.002529235094894222,0.0011292350948942222,8.27906085235509,7339.8443742122,4h
2026-02-01 14:40:00+00:00,2026-02-01 14:45:00+00:00,2026-02-01 18:40:00+00:00,LONG,77898.1,77991.9,0.0012041371997517647,-0.0001958628002482353,-1.4376024725194576,7338.40677173968,4h
2026-02-01 20:05:00+00:00,2026-02-01 20:10:00+00:00,2026-02-02 00:05:00+00:00,LONG,77174.9,77449.7,0.003560743195002658,0.002160743195002658,15.856412494197937,7354.263184233878,4h
2026-02-02 03:45:00+00:00,2026-02-02 03:50:00+00:00,2026-02-02 07:45:00+00:00,LONG,75922.0,76744.4,0.010832169858538965,0.009432169858538965,69.36665953809357,7423.6298437719715,4h
2026-02-03 15:00:00+00:00,2026-02-03 15:05:00+00:00,2026-02-03 19:00:00+00:00,LONG,77420.0,73155.1,-0.05508783260139494,-0.056487832601394936,-419.3447599097108,7004.285083862261,4h
2026-02-03 19:10:00+00:00,2026-02-03 19:15:00+00:00,2026-02-03 23:10:00+00:00,LONG,74583.3,75781.9,0.016070621707540367,0.014670621707540367,102.75721679711089,7107.042300659372,4h
2026-02-04 21:50:00+00:00,2026-02-04 21:55:00+00:00,2026-02-05 01:50:00+00:00,LONG,72420.1,72545.6,0.0017329443068982986,0.0003329443068982986,2.3662492728899243,7109.408549932262,4h
2026-02-05 11:30:00+00:00,2026-02-05 11:35:00+00:00,2026-02-05 15:30:00+00:00,LONG,70208.0,66964.3,-0.04620128760255238,-0.047601287602552375,-338.41700106937043,6770.991548862891,4h
2026-02-05 20:55:00+00:00,2026-02-05 21:00:00+00:00,2026-02-06 00:55:00+00:00,LONG,63774.9,63502.0,-0.004279112942552676,-0.005679112942552677,-38.45322573906204,6732.538323123829,4h
2026-02-06 23:05:00+00:00,2026-02-06 23:10:00+00:00,2026-02-07 03:05:00+00:00,SHORT,71400.0,70522.9,0.012437094901089019,0.011037094901089018,74.30766439753643,6806.845987521366,4h
2026-02-07 04:25:00+00:00,2026-02-07 04:30:00+00:00,2026-02-07 08:25:00+00:00,SHORT,71152.9,68418.5,0.03996579872402917,0.03856579872402917,262.51145230021456,7069.357439821581,4h
2026-02-07 12:20:00+00:00,2026-02-07 12:25:00+00:00,2026-02-07 16:20:00+00:00,SHORT,69264.4,69408.9,-0.0020818655820795673,-0.0034818655820795675,-24.61455235713289,7044.742887464447,4h
2026-02-07 23:10:00+00:00,2026-02-07 23:15:00+00:00,2026-02-08 03:10:00+00:00,LONG,69068.1,69251.9,0.002661141684800805,0.0012611416848008052,8.884418914085403,7053.627306378533,4h
2026-02-08 23:10:00+00:00,2026-02-08 23:15:00+00:00,2026-02-09 03:10:00+00:00,SHORT,71363.1,70763.4,0.00847471998236382,0.007074719982363821,49.9024380525833,7103.529744431116,4h
2026-02-09 03:55:00+00:00,2026-02-09 04:00:00+00:00,2026-02-09 07:55:00+00:00,SHORT,71305.4,70423.9,0.012517057419427102,0.011117057419427102,78.97034804944904,7182.500092480565,4h
2026-02-09 10:50:00+00:00,2026-02-09 10:55:00+00:00,2026-02-09 14:50:00+00:00,LONG,68768.0,69366.2,0.008698813401582184,0.007298813401582184,52.42372793186242,7234.923820412428,4h
2026-02-10 06:55:00+00:00,2026-02-10 07:00:00+00:00,2026-02-10 10:55:00+00:00,LONG,68919.0,68920.4,2.0313701591723188e-05,-0.0013796862984082768,-9.981925265050691,7224.941895147377,4h
2026-02-10 14:20:00+00:00,2026-02-10 14:25:00+00:00,2026-02-10 18:20:00+00:00,SHORT,69313.9,69335.1,-0.0003057614397327102,-0.0017057614397327102,-12.324027289051765,7212.617867858326,4h
2026-02-11 03:20:00+00:00,2026-02-11 03:25:00+00:00,2026-02-11 07:20:00+00:00,LONG,68247.2,66840.0,-0.020619160932609626,-0.022019160932609624,-158.81579357778816,7053.802074280537,4h
2026-02-11 15:10:00+00:00,2026-02-11 15:15:00+00:00,2026-02-11 19:10:00+00:00,LONG,66107.2,67635.6,0.023120023234988185,0.021720023234988187,153.20874494838114,7207.010819228919,4h
2026-02-11 21:30:00+00:00,2026-02-11 21:35:00+00:00,2026-02-12 01:30:00+00:00,SHORT,68102.0,67798.1,0.004482426498677583,0.003082426498677583,22.215081125447256,7229.225900354366,4h
2026-02-12 05:00:00+00:00,2026-02-12 05:05:00+00:00,2026-02-12 09:00:00+00:00,LONG,67171.0,67119.2,-0.0007711661282399085,-0.0021711661282399087,-15.695850408244057,7213.530049946122,4h
2026-02-12 23:10:00+00:00,2026-02-12 23:15:00+00:00,2026-02-13 03:10:00+00:00,SHORT,66308.5,66521.0,-0.0031944799386659506,-0.004594479938665951,-33.14241910144145,7180.387630844681,4h
2026-02-14 21:20:00+00:00,2026-02-14 21:25:00+00:00,2026-02-15 01:20:00+00:00,SHORT,70035.0,69577.6,0.006573954836039064,0.005173954836039064,37.15100130724392,7217.5386321519245,4h
2026-02-15 07:20:00+00:00,2026-02-15 07:25:00+00:00,2026-02-15 11:20:00+00:00,SHORT,70647.0,70367.9,0.003966297132641516,0.002566297132641516,18.522348696420856,7236.060980848345,4h
2026-02-16 09:40:00+00:00,2026-02-16 09:45:00+00:00,2026-02-16 13:40:00+00:00,SHORT,69026.2,68440.0,0.008565166569257654,0.007165166569257654,51.84758223308431,7287.90856308143,4h
2026-02-16 21:00:00+00:00,2026-02-16 21:05:00+00:00,2026-02-17 01:00:00+00:00,SHORT,68452.4,68818.0,-0.005312563573483753,-0.006712563573483753,-48.92054954742073,7238.988013534009,4h
2026-02-17 15:00:00+00:00,2026-02-17 15:05:00+00:00,2026-02-17 19:00:00+00:00,LONG,67100.6,68059.5,0.01429048324456117,0.01289048324456117,93.31405369603928,7332.302067230048,4h
2026-02-18 01:40:00+00:00,2026-02-18 01:45:00+00:00,2026-02-18 05:40:00+00:00,LONG,67175.0,67643.0,0.006966877558615581,0.0055668775586155805,40.818027831053584,7373.120095061102,4h
2026-02-18 10:45:00+00:00,2026-02-18 10:50:00+00:00,2026-02-18 14:45:00+00:00,LONG,67814.5,66777.8,-0.015287291066069852,-0.01668729106606985,-123.03740109137321,7250.082693969729,4h
2026-02-18 14:50:00+00:00,2026-02-18 14:55:00+00:00,2026-02-18 18:50:00+00:00,LONG,67213.1,66410.0,-0.0119485635984653,-0.0133485635984653,-96.77818993458757,7153.304504035142,4h
2026-02-19 06:30:00+00:00,2026-02-19 06:35:00+00:00,2026-02-19 10:30:00+00:00,SHORT,67137.0,66915.0,0.0033176417843532313,0.0019176417843532313,13.717475613139955,7167.021979648282,4h
2026-02-19 12:05:00+00:00,2026-02-19 12:10:00+00:00,2026-02-19 16:05:00+00:00,LONG,66541.0,66156.0,-0.005785906433627419,-0.007185906433627419,-51.50154935350371,7115.520430294778,4h
2026-02-20 09:05:00+00:00,2026-02-20 09:10:00+00:00,2026-02-20 13:05:00+00:00,SHORT,68127.1,67248.1,0.013071001262489279,0.011671001262489279,83.04524792523861,7198.565678220017,4h
2026-02-20 13:40:00+00:00,2026-02-20 13:45:00+00:00,2026-02-20 17:40:00+00:00,LONG,66636.1,67241.1,0.00907916279614196,0.0076791627961419594,55.27895774177156,7253.844635961788,4h
2026-02-21 09:00:00+00:00,2026-02-21 09:05:00+00:00,2026-02-21 13:00:00+00:00,SHORT,68034.1,68156.3,-0.0017929377034844318,-0.003192937703484432,-23.161074033380697,7230.6835619284075,4h
2026-02-23 06:40:00+00:00,2026-02-23 06:45:00+00:00,2026-02-23 10:40:00+00:00,SHORT,65538.1,66340.1,-0.012089219039464805,-0.013489219039464805,-97.53627437190987,7133.147287556498,4h
2026-02-24 01:20:00+00:00,2026-02-24 01:25:00+00:00,2026-02-24 05:20:00+00:00,LONG,64243.9,62723.0,-0.02367384296407915,-0.02507384296407915,-178.85541492783875,6954.291872628659,4h
2026-02-24 13:35:00+00:00,2026-02-24 13:40:00+00:00,2026-02-24 17:35:00+00:00,LONG,62963.1,64228.8,0.020102250365690466,0.018702250365690468,130.0609077179876,7084.352780346647,4h
2026-02-25 13:50:00+00:00,2026-02-25 13:55:00+00:00,2026-02-25 17:50:00+00:00,SHORT,66293.4,68733.9,-0.03550649679415829,-0.03690649679415829,-261.4586431765499,6822.894137170097,4h
2026-02-27 17:30:00+00:00,2026-02-27 17:35:00+00:00,2026-02-27 21:30:00+00:00,LONG,65299.0,65629.2,0.00505673900059711,0.00365673900059711,24.94954308833526,6847.843680258432,4h
2026-02-27 22:35:00+00:00,2026-02-27 22:40:00+00:00,2026-02-28 02:35:00+00:00,LONG,65281.0,65975.3,0.010635560117032483,0.009235560117032483,63.24367198106771,6911.0873522394995,4h
2026-02-28 14:00:00+00:00,2026-02-28 14:05:00+00:00,2026-02-28 18:00:00+00:00,SHORT,64808.6,65363.1,-0.008483379766259569,-0.009883379766259569,-68.30490089997629,6842.7824513395235,4h
2026-02-28 19:40:00+00:00,2026-02-28 19:45:00+00:00,2026-02-28 23:40:00+00:00,SHORT,66380.0,66883.5,-0.007528015130787158,-0.008928015130787158,-61.092465262244104,6781.689986077279,4h
2026-03-01 02:05:00+00:00,2026-03-01 02:10:00+00:00,2026-03-01 06:05:00+00:00,SHORT,67770.1,67109.0,0.009851137701351709,0.008451137701351709,57.312995920217034,6839.002981997496,4h
2026-03-01 13:55:00+00:00,2026-03-01 14:00:00+00:00,2026-03-01 17:55:00+00:00,SHORT,66948.1,65983.0,0.014626494703181114,0.013226494703181114,90.45603671642972,6929.459018713926,4h
2026-03-02 00:45:00+00:00,2026-03-02 00:50:00+00:00,2026-03-02 04:45:00+00:00,SHORT,66575.0,66672.1,-0.0014563813049237595,-0.0028563813049237597,-19.793177194289797,6909.665841519636,4h
2026-03-03 16:30:00+00:00,2026-03-03 16:35:00+00:00,2026-03-03 20:30:00+00:00,SHORT,68363.7,68375.5,-0.00017257643454160476,-0.0015725764345416047,-10.865977672930866,6898.799863846705,4h
2026-03-04 03:35:00+00:00,2026-03-04 03:40:00+00:00,2026-03-04 07:35:00+00:00,LONG,67631.3,68781.0,0.016999525367692225,0.015599525367692225,107.61800348270835,7006.417867329414,4h
2026-03-04 14:35:00+00:00,2026-03-04 14:40:00+00:00,2026-03-04 18:35:00+00:00,SHORT,71906.8,73252.6,-0.018372044132221932,-0.01977204413222193,-138.53120328162544,6867.886664047788,4h
2026-03-04 23:35:00+00:00,2026-03-04 23:40:00+00:00,2026-03-05 03:35:00+00:00,LONG,72701.1,72421.4,-0.0038472595325244052,-0.005247259532524405,-36.03758376622199,6831.849080281566,4h
2026-03-06 01:30:00+00:00,2026-03-06 01:35:00+00:00,2026-03-06 05:30:00+00:00,LONG,70849.5,70316.7,-0.007520165985645644,-0.008920165985645644,-60.9412277849921,6770.9078524965735,4h
2026-03-06 12:15:00+00:00,2026-03-06 12:20:00+00:00,2026-03-06 16:15:00+00:00,LONG,70180.0,68369.7,-0.025795098318609377,-0.027195098318609376,-184.1355047548886,6586.772347741685,4h
2026-03-07 03:15:00+00:00,2026-03-07 03:20:00+00:00,2026-03-07 07:15:00+00:00,SHORT,68334.7,67621.7,0.01054395260692953,0.00914395260692953,60.229134180383916,6647.001481922069,4h
2026-03-07 14:10:00+00:00,2026-03-07 14:15:00+00:00,2026-03-07 18:10:00+00:00,LONG,67750.1,67628.7,-0.0017918792739790579,-0.003191879273979058,-21.216426264255137,6625.785055657813,4h
2026-03-08 09:35:00+00:00,2026-03-08 09:40:00+00:00,2026-03-08 13:35:00+00:00,SHORT,67754.9,67056.4,0.010416604529918105,0.009016604529918105,59.742083547107924,6685.527139204921,4h
2026-03-09 05:50:00+00:00,2026-03-09 05:55:00+00:00,2026-03-09 09:50:00+00:00,SHORT,67838.1,68111.3,-0.004011081861600041,-0.005411081861600041,-36.17593463818656,6649.351204566734,4h
2026-03-09 13:35:00+00:00,2026-03-09 13:40:00+00:00,2026-03-09 17:35:00+00:00,SHORT,68732.9,68420.1,0.0045717559606019975,0.0031717559606019973,21.09011931722061,6670.441323883954,4h
2026-03-09 19:30:00+00:00,2026-03-09 19:35:00+00:00,2026-03-09 23:30:00+00:00,SHORT,69188.0,68572.0,0.008983258472845979,0.007583258472845978,50.58368068696494,6721.025004570919,4h
2026-03-10 00:50:00+00:00,2026-03-10 00:55:00+00:00,2026-03-10 04:50:00+00:00,SHORT,69082.0,69917.3,-0.011946971636490611,-0.013346971636490611,-89.70533010415224,6631.319674466767,4h
2026-03-10 13:40:00+00:00,2026-03-10 13:45:00+00:00,2026-03-10 17:40:00+00:00,LONG,69922.9,70690.3,0.010974945261137847,0.009574945261137847,63.49452289212574,6694.814197358893,4h
2026-03-10 18:20:00+00:00,2026-03-10 18:25:00+00:00,2026-03-10 22:20:00+00:00,LONG,70325.6,69678.0,-0.009208595447461554,-0.010608595447461554,-71.02257541570253,6623.79162194319,4h
2026-03-12 07:55:00+00:00,2026-03-12 08:00:00+00:00,2026-03-12 11:55:00+00:00,SHORT,69829.2,70424.0,-0.008445984323526057,-0.009845984323526057,-65.21774847195589,6558.573873471234,4h
2026-03-12 23:20:00+00:00,2026-03-12 23:25:00+00:00,2026-03-13 03:20:00+00:00,SHORT,70543.1,71269.9,-0.010197853511790922,-0.011597853511790922,-76.06537903077854,6482.508494440455,4h
2026-03-13 10:20:00+00:00,2026-03-13 10:25:00+00:00,2026-03-13 14:20:00+00:00,SHORT,72306.2,73819.9,-0.020505310898551676,-0.021905310898551675,-142.00136397322032,6340.507130467235,4h
2026-03-13 18:10:00+00:00,2026-03-13 18:15:00+00:00,2026-03-13 22:10:00+00:00,LONG,71209.0,70850.9,-0.005028858711679796,-0.006428858711679796,-40.762224502172145,6299.744905965063,4h
2026-03-14 00:50:00+00:00,2026-03-14 00:55:00+00:00,2026-03-14 04:50:00+00:00,LONG,70652.1,71089.7,0.006193729556516869,0.004793729556516869,30.199273354241306,6329.944179319304,4h
2026-03-14 06:45:00+00:00,2026-03-14 06:50:00+00:00,2026-03-14 10:45:00+00:00,LONG,70635.5,70536.1,-0.0014072244126536182,-0.0028072244126536184,-17.76957383091982,6312.174605488384,4h
2026-03-15 00:00:00+00:00,2026-03-15 00:05:00+00:00,2026-03-15 04:00:00+00:00,SHORT,71115.9,71455.9,-0.004758179520515493,-0.006158179520515493,-38.87150438543653,6273.303101102948,4h
2026-03-15 13:10:00+00:00,2026-03-15 13:15:00+00:00,2026-03-15 17:10:00+00:00,LONG,71443.9,71482.7,0.0005430834542907714,-0.0008569165457092286,-5.37569722358413,6267.927403879364,4h
2026-03-15 20:45:00+00:00,2026-03-15 20:50:00+00:00,2026-03-16 00:45:00+00:00,SHORT,71792.0,72606.2,-0.011213918370607479,-0.012613918370607479,-79.06312462542795,6188.864279253936,4h
2026-03-16 08:45:00+00:00,2026-03-16 08:50:00+00:00,2026-03-16 12:45:00+00:00,LONG,73086.9,73781.6,0.009505123353159117,0.008105123353159117,50.16150839931334,6239.02578765325,4h
2026-03-16 13:40:00+00:00,2026-03-16 13:45:00+00:00,2026-03-16 17:40:00+00:00,SHORT,74075.1,73890.2,0.002502361612230164,0.001102361612230164,6.877662526023005,6245.903450179273,4h
2026-03-17 00:15:00+00:00,2026-03-17 00:20:00+00:00,2026-03-17 04:15:00+00:00,SHORT,75234.5,74477.0,0.010170925252091179,0.008770925252091178,54.782352293300804,6300.685802472573,4h
2026-03-17 10:15:00+00:00,2026-03-17 10:20:00+00:00,2026-03-17 14:15:00+00:00,LONG,73753.0,73717.8,-0.0004772687212722948,-0.0018772687212722948,-11.82808037954619,6288.857722093027,4h
2026-03-17 15:05:00+00:00,2026-03-17 15:10:00+00:00,2026-03-17 19:05:00+00:00,SHORT,74365.9,74734.9,-0.004937452247878782,-0.006337452247878782,-39.8553355074683,6249.002386585559,4h
2026-03-17 22:40:00+00:00,2026-03-17 22:45:00+00:00,2026-03-18 02:40:00+00:00,LONG,74163.0,74411.9,0.003356120976767407,0.001956120976767407,12.223804652269601,6261.226191237829,4h
2026-03-18 03:35:00+00:00,2026-03-18 03:40:00+00:00,2026-03-18 07:35:00+00:00,SHORT,74473.9,73743.1,0.009910079722712961,0.008510079722712961,53.28353404937235,6314.509725287201,4h
2026-03-18 14:30:00+00:00,2026-03-18 14:35:00+00:00,2026-03-18 18:30:00+00:00,LONG,71719.4,71482.3,-0.003305939536582758,-0.004705939536582758,-29.715700970365372,6284.794024316836,4h
2026-03-18 20:10:00+00:00,2026-03-18 20:15:00+00:00,2026-03-19 00:10:00+00:00,LONG,70752.0,71188.0,0.006162369968340187,0.0047623699683401865,29.930514318610363,6314.724538635446,4h
2026-03-19 03:20:00+00:00,2026-03-19 03:25:00+00:00,2026-03-19 07:20:00+00:00,SHORT,71498.0,69664.0,0.026326366559485503,0.024926366559485505,157.4031385722051,6472.127677207652,4h
2026-03-19 07:30:00+00:00,2026-03-19 07:35:00+00:00,2026-03-19 11:30:00+00:00,LONG,69975.9,70138.4,0.0023222280813823826,0.0009222280813823826,5.968777890213029,6478.096455097865,4h
2026-03-19 13:00:00+00:00,2026-03-19 13:05:00+00:00,2026-03-19 17:00:00+00:00,LONG,69431.8,69319.0,-0.0016246158100466923,-0.0030246158100466925,-19.593752957096438,6458.502702140769,4h
2026-03-20 04:15:00+00:00,2026-03-20 04:20:00+00:00,2026-03-20 08:15:00+00:00,SHORT,70851.0,71242.0,-0.005488335532410682,-0.006888335532410682,-44.48833364932666,6414.014368491442,4h
2026-03-22 07:45:00+00:00,2026-03-22 07:50:00+00:00,2026-03-22 11:45:00+00:00,LONG,69069.8,68312.2,-0.010968614358229045,-0.012368614358229045,-79.33247021201065,6334.681898279431,4h
2026-03-22 21:20:00+00:00,2026-03-22 21:25:00+00:00,2026-03-23 01:20:00+00:00,LONG,67668.0,68119.0,0.00666489330259501,0.0052648933025950095,33.35142430032122,6368.033322579752,4h
2026-03-23 07:05:00+00:00,2026-03-23 07:10:00+00:00,2026-03-23 11:05:00+00:00,LONG,67763.9,71230.9,0.05116293483698553,0.04976293483698553,316.89202727128867,6684.925349851041,4h
2026-03-24 14:50:00+00:00,2026-03-24 14:55:00+00:00,2026-03-24 18:50:00+00:00,LONG,69916.6,69521.6,-0.005649588223683666,-0.007049588223683666,-47.12597102251431,6637.799378828527,4h
2026-03-25 00:45:00+00:00,2026-03-25 00:50:00+00:00,2026-03-25 04:45:00+00:00,SHORT,70881.0,70749.0,0.0018657507526607109,0.0004657507526607109,3.0915600567001857,6640.890938885227,4h
2026-03-26 18:05:00+00:00,2026-03-26 18:10:00+00:00,2026-03-26 22:05:00+00:00,LONG,68484.9,68896.9,0.00601592467828671,0.00461592467828671,30.65385237061092,6671.544791255838,4h
2026-03-27 12:35:00+00:00,2026-03-27 12:40:00+00:00,2026-03-27 16:35:00+00:00,LONG,66595.8,65854.3,-0.011134335798954287,-0.012534335798954287,-83.62338271136507,6587.921408544474,4h
2026-03-28 00:05:00+00:00,2026-03-28 00:10:00+00:00,2026-03-28 04:05:00+00:00,SHORT,66361.1,66131.9,0.0034658009220966957,0.0020658009220966955,13.609334120471734,6601.530742664945,4h
2026-03-28 06:25:00+00:00,2026-03-28 06:30:00+00:00,2026-03-28 10:25:00+00:00,SHORT,66467.3,66172.0,0.004462612585383496,0.003062612585383496,20.21793113528172,6621.748673800227,4h
2026-03-28 15:25:00+00:00,2026-03-28 15:30:00+00:00,2026-03-28 19:25:00+00:00,SHORT,67030.1,66868.8,0.0024121862512862524,0.0010121862512862524,6.702442967093566,6628.451116767321,4h
2026-03-28 22:15:00+00:00,2026-03-28 22:20:00+00:00,2026-03-29 02:15:00+00:00,LONG,66722.1,66624.5,-0.0014627836953573503,-0.0028627836953573505,-18.975821782554707,6609.475294984766,4h
2026-03-29 11:45:00+00:00,2026-03-29 11:50:00+00:00,2026-03-29 15:45:00+00:00,SHORT,66829.5,66436.0,0.005922993557709644,0.0045229935577096436,29.894614179057143,6639.369909163824,4h
2026-03-30 05:10:00+00:00,2026-03-30 05:15:00+00:00,2026-03-30 09:10:00+00:00,SHORT,67641.1,67577.2,0.0009455851973743101,-0.00045441480262568986,-3.0170279668316233,6636.352881196992,4h
2026-03-31 00:50:00+00:00,2026-03-31 00:55:00+00:00,2026-03-31 04:50:00+00:00,SHORT,67143.7,67590.1,-0.0066045175254957345,-0.008004517525495735,-53.12080294291543,6583.232078254076,4h
2026-03-31 09:00:00+00:00,2026-03-31 09:05:00+00:00,2026-03-31 13:00:00+00:00,LONG,66855.0,66715.6,-0.002085109565477472,-0.0034851095654774723,-22.94328508768142,6560.288793166395,4h
2026-03-31 14:05:00+00:00,2026-03-31 14:10:00+00:00,2026-03-31 18:05:00+00:00,SHORT,67181.5,67760.4,-0.008543337996824052,-0.009943337996824052,-65.23116882723042,6495.057624339165,4h
2026-04-01 07:15:00+00:00,2026-04-01 07:20:00+00:00,2026-04-01 11:15:00+00:00,SHORT,69012.9,68569.9,0.006460560683331895,0.005060560683331895,32.86863324970584,6527.926257588871,4h
2026-04-02 01:00:00+00:00,2026-04-02 01:05:00+00:00,2026-04-02 05:00:00+00:00,SHORT,68101.5,66431.9,0.025132504113234866,0.023732504113234867,154.92403675912178,6682.8502943479925,4h
2026-04-02 12:20:00+00:00,2026-04-02 12:25:00+00:00,2026-04-02 16:20:00+00:00,LONG,66120.6,66811.7,0.010452113259710183,0.009052113259710183,60.49391776212556,6743.344212110118,4h
2026-04-03 08:10:00+00:00,2026-04-03 08:15:00+00:00,2026-04-03 12:10:00+00:00,SHORT,67170.1,67009.9,0.0023906915246854066,0.0009906915246854066,6.680573958973884,6750.0247860690915,4h
2026-04-04 06:55:00+00:00,2026-04-04 07:00:00+00:00,2026-04-04 10:55:00+00:00,SHORT,67009.3,67166.2,-0.0023359963791310667,-0.003735996379131067,-25.21806815979908,6724.806717909292,4h
2026-04-04 15:20:00+00:00,2026-04-04 15:25:00+00:00,2026-04-04 19:20:00+00:00,SHORT,67353.8,67390.0,-0.0005371716871939158,-0.0019371716871939158,-13.027105175785323,6711.779612733507,4h
2026-04-05 01:45:00+00:00,2026-04-05 01:50:00+00:00,2026-04-05 05:45:00+00:00,LONG,67108.9,67068.8,-0.0005975362433296993,-0.0019975362433296995,-13.407023033676555,6698.37258969983,4h
2026-04-05 06:30:00+00:00,2026-04-05 06:35:00+00:00,2026-04-05 10:30:00+00:00,LONG,66813.0,67001.5,0.002821307230628678,0.001421307230628678,9.52044539518531,6707.893035095016,4h
2026-04-05 22:50:00+00:00,2026-04-05 22:55:00+00:00,2026-04-06 02:50:00+00:00,SHORT,68080.0,69218.9,-0.01645359865585838,-0.01785359865585838,-119.76003007501416,6588.133005020001,4h
2026-04-07 09:10:00+00:00,2026-04-07 09:15:00+00:00,2026-04-07 13:10:00+00:00,SHORT,69099.8,68619.9,0.006993598067033258,0.005593598067033257,36.85136804223789,6624.984373062239,4h
2026-04-07 14:20:00+00:00,2026-04-07 14:25:00+00:00,2026-04-07 18:20:00+00:00,LONG,68089.7,68572.7,0.007093583904761003,0.0056935839047610026,37.719904395760324,6662.7042774579995,4h
2026-04-08 13:30:00+00:00,2026-04-08 13:35:00+00:00,2026-04-08 17:30:00+00:00,SHORT,72115.5,71737.7,0.005266408039287684,0.003866408039287684,25.76073338176005,6688.46501083976,4h
2026-04-09 08:45:00+00:00,2026-04-09 08:50:00+00:00,2026-04-09 12:45:00+00:00,SHORT,71260.5,71163.3,0.0013658725775784752,-3.412742242152474e-05,-0.22826007077651655,6688.236750768983,4h
2026-04-09 13:55:00+00:00,2026-04-09 14:00:00+00:00,2026-04-09 17:55:00+00:00,LONG,70803.1,72343.8,0.021760346651488405,0.020360346651488406,136.17481873288096,6824.4115695018645,4h
2026-04-10 14:40:00+00:00,2026-04-10 14:45:00+00:00,2026-04-10 18:40:00+00:00,SHORT,72851.7,72951.6,-0.0013694010823616098,-0.00276940108236161,-18.899532787059556,6805.512036714805,4h
2026-04-12 13:05:00+00:00,2026-04-12 13:10:00+00:00,2026-04-12 17:05:00+00:00,LONG,71119.2,70968.3,-0.0021217898963992177,-0.003521789896399218,-23.967583530725463,6781.544453184079,4h
2026-04-13 07:35:00+00:00,2026-04-13 07:40:00+00:00,2026-04-13 11:35:00+00:00,LONG,70791.7,70849.4,0.0008150673030877797,-0.0005849326969122202,-3.9667470862310714,6777.577706097848,4h
2026-04-13 14:45:00+00:00,2026-04-13 14:50:00+00:00,2026-04-13 18:45:00+00:00,SHORT,71953.2,72321.8,-0.005096665182559135,-0.006496665182559135,-44.0316531052949,6733.546052992553,4h
2026-04-14 07:10:00+00:00,2026-04-14 07:15:00+00:00,2026-04-14 11:10:00+00:00,SHORT,74780.1,74400.9,0.005096712539767845,0.0036967125397678446,24.891984131201845,6758.438037123755,4h
2026-04-14 14:30:00+00:00,2026-04-14 14:35:00+00:00,2026-04-14 18:30:00+00:00,SHORT,75639.3,74411.8,0.016496039606621604,0.015096039606621604,102.02564828731818,6860.463685411073,4h
2026-04-14 18:50:00+00:00,2026-04-14 18:55:00+00:00,2026-04-14 22:50:00+00:00,LONG,74093.3,74072.0,-0.00028747538576368026,-0.0016874753857636802,-11.57686360405677,6848.8868218070165,4h
2026-04-15 07:45:00+00:00,2026-04-15 07:50:00+00:00,2026-04-15 11:45:00+00:00,LONG,73695.6,74102.8,0.005525431640423628,0.004125431640423628,28.25461439636309,6877.141436203379,4h
2026-04-16 02:45:00+00:00,2026-04-16 02:50:00+00:00,2026-04-16 06:45:00+00:00,SHORT,74974.1,74999.9,-0.00034400045866711526,-0.0017440004586671152,-11.993737819057317,6865.147698384322,4h
2026-04-16 07:55:00+00:00,2026-04-16 08:00:00+00:00,2026-04-16 11:55:00+00:00,LONG,74701.3,74580.7,-0.0016144297354933057,-0.003014429735493306,-20.69450536056313,6844.453193023759,4h
2026-04-16 13:30:00+00:00,2026-04-16 13:35:00+00:00,2026-04-16 17:30:00+00:00,SHORT,74811.3,74215.0,0.008034763861753058,0.006634763861753058,45.411330698534364,6889.864523722294,4h
2026-04-17 08:35:00+00:00,2026-04-17 08:40:00+00:00,2026-04-17 12:35:00+00:00,SHORT,75253.0,75654.9,-0.005312279839111422,-0.0067122798391114225,-46.24669873679017,6843.617824985504,4h
2026-04-17 13:25:00+00:00,2026-04-17 13:30:00+00:00,2026-04-17 17:25:00+00:00,SHORT,76589.4,77233.7,-0.008342213308439206,-0.009742213308439206,-66.67198465244554,6776.945840333058,4h
2026-04-18 07:55:00+00:00,2026-04-18 08:00:00+00:00,2026-04-18 11:55:00+00:00,LONG,76986.6,76050.0,-0.012165753520742673,-0.013565753520742673,-91.9343768933806,6685.011463439678,4h
2026-04-19 07:40:00+00:00,2026-04-19 07:45:00+00:00,2026-04-19 11:40:00+00:00,LONG,75199.4,75514.8,0.0041941824003917105,0.0027941824003917103,18.67914137755998,6703.690604817238,4h
2026-04-19 22:05:00+00:00,2026-04-19 22:10:00+00:00,2026-04-20 02:05:00+00:00,LONG,74187.9,74556.0,0.004961725564411434,0.003561725564411434,23.876706203082303,6727.56731102032,4h
2026-04-20 07:30:00+00:00,2026-04-20 07:35:00+00:00,2026-04-20 11:30:00+00:00,SHORT,75076.7,75198.6,-0.0016210408172493418,-0.003021040817249342,-20.324255447384786,6707.243055572935,4h
2026-04-20 19:10:00+00:00,2026-04-20 19:15:00+00:00,2026-04-20 23:10:00+00:00,SHORT,76339.9,75756.8,0.007696998817267708,0.006296998817267708,42.23550158806982,6749.478557161005,4h
2026-04-22 23:25:00+00:00,2026-04-22 23:30:00+00:00,2026-04-23 03:25:00+00:00,LONG,78334.8,77676.1,-0.008408778729249278,-0.009808778729249278,-66.20414170500497,6683.274415456,4h
2026-04-23 03:35:00+00:00,2026-04-23 03:40:00+00:00,2026-04-23 07:35:00+00:00,LONG,77629.6,78117.3,0.006282397436029541,0.004882397436029541,32.6304018703042,6715.904817326304,4h
2026-04-23 08:45:00+00:00,2026-04-23 08:50:00+00:00,2026-04-23 12:45:00+00:00,LONG,77808.7,77680.1,-0.00165277147671139,-0.00305277147671139,-20.502122666642357,6695.402694659661,4h
2026-04-23 15:40:00+00:00,2026-04-23 15:45:00+00:00,2026-04-23 19:40:00+00:00,SHORT,78488.2,77640.1,0.010923478975426226,0.009523478975426226,63.763526794603386,6759.166221454265,4h
2026-04-24 22:55:00+00:00,2026-04-24 23:00:00+00:00,2026-04-25 02:55:00+00:00,LONG,77316.3,77600.5,0.003675809628758797,0.002275809628758797,15.38257556916683,6774.548797023432,4h
2026-04-25 10:40:00+00:00,2026-04-25 10:45:00+00:00,2026-04-25 14:40:00+00:00,SHORT,77808.0,77724.5,0.0010743073290917504,-0.00032569267090824957,-2.2064208919008306,6772.342376131531,4h
2026-04-25 21:10:00+00:00,2026-04-25 21:15:00+00:00,2026-04-26 01:10:00+00:00,SHORT,77489.0,77502.4,-0.00017289787154972647,-0.0015728978715497265,-10.652202908823302,6761.690173222707,4h
2026-04-26 13:05:00+00:00,2026-04-26 13:10:00+00:00,2026-04-26 17:05:00+00:00,LONG,77886.0,78003.6,0.0015098990832755899,0.00010989908327558987,0.74310355143074,6762.433276774138,4h
2026-04-26 19:00:00+00:00,2026-04-26 19:05:00+00:00,2026-04-26 23:00:00+00:00,SHORT,78209.5,78324.7,-0.0014708003988523899,-0.00287080039885239,-19.41359614817587,6743.019680625962,4h
2026-04-27 07:10:00+00:00,2026-04-27 07:15:00+00:00,2026-04-27 11:10:00+00:00,LONG,77657.5,77771.6,0.0014692721243925178,6.927212439251777e-05,0.46710329809751705,6743.48678392406,4h
2026-04-27 15:25:00+00:00,2026-04-27 15:30:00+00:00,2026-04-27 19:25:00+00:00,LONG,76850.0,76625.1,-0.00292648015614827,-0.00432648015614827,-29.17556175389556,6714.311222170164,4h
2026-04-28 11:55:00+00:00,2026-04-28 12:00:00+00:00,2026-04-28 15:55:00+00:00,LONG,76230.5,76067.2,-0.0021421871822958627,-0.003542187182295863,-23.783347149116423,6690.527875021047,4h
2026-04-29 00:55:00+00:00,2026-04-29 01:00:00+00:00,2026-04-29 04:55:00+00:00,SHORT,76508.4,77261.5,-0.00974741624224229,-0.01114741624224229,-74.58209910318442,6615.945775917863,4h
2026-04-29 10:35:00+00:00,2026-04-29 10:40:00+00:00,2026-04-29 14:35:00+00:00,SHORT,77687.5,76736.4,0.012394378678176166,0.010994378678176165,72.73821317472103,6688.683989092584,4h
2026-04-29 18:10:00+00:00,2026-04-29 18:15:00+00:00,2026-04-29 22:10:00+00:00,LONG,75189.2,75974.4,0.010442989152697368,0.009042989152697368,60.4856967591848,6749.169685851769,4h
2026-04-30 13:45:00+00:00,2026-04-30 13:50:00+00:00,2026-04-30 17:45:00+00:00,SHORT,76462.0,76209.3,0.0033158682732947753,0.0019158682732947753,12.930520072206269,6762.100205923975,4h
2026-05-03 12:15:00+00:00,2026-05-03 12:20:00+00:00,2026-05-03 16:15:00+00:00,SHORT,78784.6,78618.1,0.0021178329163387133,0.0007178329163387133,4.854058111393021,6766.954264035368,4h
2026-05-04 10:30:00+00:00,2026-05-04 10:35:00+00:00,2026-05-04 14:30:00+00:00,LONG,78956.3,79279.3,0.004090870519515288,0.002690870519515288,18.208997736001045,6785.163261771369,4h
2026-05-05 02:05:00+00:00,2026-05-05 02:10:00+00:00,2026-05-05 06:05:00+00:00,SHORT,80447.6,80938.4,-0.006063870795567805,-0.007463870795567805,-50.64358191269491,6734.519679858675,4h
2026-05-05 12:45:00+00:00,2026-05-05 12:50:00+00:00,2026-05-05 16:45:00+00:00,SHORT,81237.6,81179.0,0.0007218615651831684,-0.0006781384348168316,-4.566936634942512,6729.952743223733,4h
2026-05-05 22:40:00+00:00,2026-05-05 22:45:00+00:00,2026-05-06 02:40:00+00:00,LONG,81023.4,81209.7,0.0022993357474507814,0.0008993357474507814,6.052487080635553,6736.0052303043685,4h
2026-05-07 13:50:00+00:00,2026-05-07 13:55:00+00:00,2026-05-07 17:50:00+00:00,LONG,80492.7,79945.1,-0.0068031013992572165,-0.008203101399257217,-55.2561339301137,6680.749096374255,4h
2026-05-08 07:15:00+00:00,2026-05-08 07:20:00+00:00,2026-05-08 11:15:00+00:00,LONG,79334.7,80221.5,0.011177958699030821,0.00977795869903082,65.32408874293495,6746.0731851171895,4h
2026-05-10 20:50:00+00:00,2026-05-10 20:55:00+00:00,2026-05-11 00:50:00+00:00,LONG,80620.4,81335.6,0.008871203814419415,0.007471203814419415,50.40128771300008,6796.474472830189,4h
2026-05-12 01:20:00+00:00,2026-05-12 01:25:00+00:00,2026-05-12 05:20:00+00:00,LONG,81406.3,81256.4,-0.0018413808267911946,-0.003241380826791195,-22.02996204600757,6774.444510784182,4h
2026-05-12 07:05:00+00:00,2026-05-12 07:10:00+00:00,2026-05-12 11:05:00+00:00,LONG,80972.9,80614.8,-0.004422467269913688,-0.005822467269913688,-39.443981435887345,6735.000529348295,4h
2026-05-12 11:20:00+00:00,2026-05-12 11:25:00+00:00,2026-05-12 15:20:00+00:00,LONG,80588.6,80232.6,-0.004417498256577224,-0.005817498256577224,-39.180853837530385,6695.819675510764,4h
2026-05-13 12:25:00+00:00,2026-05-13 12:30:00+00:00,2026-05-13 16:25:00+00:00,LONG,80360.0,79062.5,-0.01614609258337485,-0.017546092583374848,-117.4854719480948,6578.334203562669,4h
2026-05-15 13:10:00+00:00,2026-05-15 13:15:00+00:00,2026-05-15 17:10:00+00:00,LONG,80137.7,79258.2,-0.010974859523045999,-0.012374859523045999,-81.40596166473672,6496.928241897933,4h
2026-05-16 04:35:00+00:00,2026-05-16 04:40:00+00:00,2026-05-16 08:35:00+00:00,LONG,78958.2,78489.4,-0.005937318733203134,-0.007337318733203134,-47.670033297554205,6449.258208600379,4h
2026-05-17 05:10:00+00:00,2026-05-17 05:15:00+00:00,2026-05-17 09:10:00+00:00,SHORT,78241.0,78133.4,0.001377131930774933,-2.2868069225066975e-05,-0.1474820831646049,6449.110726517214,4h
2026-05-17 21:35:00+00:00,2026-05-17 21:40:00+00:00,2026-05-18 01:35:00+00:00,SHORT,78382.5,76862.7,0.019772919764723396,0.018372919764723397,118.4889939321178,6567.5997204493315,4h
2026-05-18 12:00:00+00:00,2026-05-18 12:05:00+00:00,2026-05-18 16:00:00+00:00,SHORT,77284.8,76316.3,0.012690604759402646,0.011290604759402646,74.1521726615567,6641.751893110888,4h
2026-05-20 05:40:00+00:00,2026-05-20 05:45:00+00:00,2026-05-20 09:40:00+00:00,SHORT,77136.8,77508.0,-0.004789183052071988,-0.006189183052071988,-41.10701825290895,6600.644874857979,4h
2026-05-20 13:45:00+00:00,2026-05-20 13:50:00+00:00,2026-05-20 17:45:00+00:00,LONG,77190.0,77634.2,0.0057546314289416145,0.004354631428941614,28.74337562333894,6629.388250481317,4h
2026-05-20 22:10:00+00:00,2026-05-20 22:15:00+00:00,2026-05-21 02:10:00+00:00,LONG,77375.3,77870.1,0.006394805577490503,0.004994805577490503,33.11250540885409,6662.500755890172,4h
2026-05-21 08:15:00+00:00,2026-05-21 08:20:00+00:00,2026-05-21 12:15:00+00:00,SHORT,78027.7,77221.4,0.010441406138712805,0.009041406138712805,60.2383752334841,6722.739131123656,4h
2026-05-21 13:50:00+00:00,2026-05-21 13:55:00+00:00,2026-05-21 17:50:00+00:00,LONG,77084.7,78013.9,0.012054272767488161,0.010654272767488161,71.6258964476578,6794.3650275713135,4h
2026-05-21 17:55:00+00:00,2026-05-21 18:00:00+00:00,2026-05-21 21:55:00+00:00,SHORT,77871.1,77672.9,0.0025517265352523744,0.0011517265352523744,7.825250492444612,6802.190278063758,4h
2026-05-22 07:10:00+00:00,2026-05-22 07:15:00+00:00,2026-05-22 11:10:00+00:00,LONG,77376.2,77303.1,-0.0009447349443367781,-0.0023447349443367783,-15.949333243004,6786.2409448207545,4h
2026-05-23 07:35:00+00:00,2026-05-23 07:40:00+00:00,2026-05-23 11:35:00+00:00,LONG,75353.4,74793.3,-0.007432975817945775,-0.008832975817945775,-59.94270216035522,6726.298242660399,4h
2026-05-23 13:30:00+00:00,2026-05-23 13:35:00+00:00,2026-05-23 17:30:00+00:00,SHORT,74961.3,75458.6,-0.006590368758498055,-0.007990368758498055,-53.74560333849403,6672.552639321905,4h
2026-05-23 20:20:00+00:00,2026-05-23 20:25:00+00:00,2026-05-24 00:20:00+00:00,SHORT,76038.0,76635.4,-0.007795353061378907,-0.009195353061378907,-61.35647733920059,6611.196161982704,4h
2026-05-24 13:55:00+00:00,2026-05-24 14:00:00+00:00,2026-05-24 17:55:00+00:00,LONG,76801.8,76689.2,-0.001466111471345788,-0.002866111471345788,-18.948425159175876,6592.247736823529,4h
2026-05-24 22:00:00+00:00,2026-05-24 22:05:00+00:00,2026-05-25 02:00:00+00:00,LONG,76598.8,77094.1,0.006466158738779315,0.005066158738779315,33.39737348010668,6625.645110303635,4h
2026-05-25 05:15:00+00:00,2026-05-25 05:20:00+00:00,2026-05-25 09:15:00+00:00,SHORT,77412.3,77452.5,-0.0005190277912268115,-0.0019190277912268115,-12.714797101478709,6612.930313202157,4h
2026-05-25 09:35:00+00:00,2026-05-25 09:40:00+00:00,2026-05-25 13:35:00+00:00,SHORT,77595.7,77342.7,0.0032711555195255038,0.0018711555195255038,12.373821055785735,6625.304134257943,4h
2026-05-25 15:10:00+00:00,2026-05-25 15:15:00+00:00,2026-05-25 19:10:00+00:00,SHORT,77712.1,77500.0,0.0027367741935484524,0.0013367741935484524,8.856535591085889,6634.160669849029,4h
2026-05-26 01:10:00+00:00,2026-05-26 01:15:00+00:00,2026-05-26 05:10:00+00:00,LONG,76841.2,76808.1,-0.00043075849934659516,-0.0018307584993465951,-12.14554603235701,6622.015123816672,4h
2026-05-26 14:30:00+00:00,2026-05-26 14:35:00+00:00,2026-05-26 18:30:00+00:00,SHORT,77571.4,76135.1,0.01886514892605362,0.017465148926053622,115.6544803280376,6737.669604144709,4h
2026-05-27 12:15:00+00:00,2026-05-27 12:20:00+00:00,2026-05-27 16:15:00+00:00,LONG,75833.6,75115.7,-0.009466779897037814,-0.010866779897037814,-73.21677260720246,6664.452831537507,4h
2026-05-27 22:00:00+00:00,2026-05-27 22:05:00+00:00,2026-05-28 02:00:00+00:00,LONG,74660.2,74259.1,-0.005372340283042232,-0.006772340283042232,-45.13394237545633,6619.318889162051,4h
2026-05-28 03:20:00+00:00,2026-05-28 03:25:00+00:00,2026-05-28 07:20:00+00:00,LONG,73944.5,73311.6,-0.008559122044235812,-0.009959122044235812,-65.92260466688029,6553.396284495171,4h
2026-05-28 13:50:00+00:00,2026-05-28 13:55:00+00:00,2026-05-28 17:50:00+00:00,LONG,72989.1,73534.0,0.00746549827302978,0.00606549827302978,39.74961384608524,6593.145898341257,4h
2026-05-29 07:55:00+00:00,2026-05-29 08:00:00+00:00,2026-05-29 11:55:00+00:00,LONG,73526.2,73482.1,-0.0005997861986610786,-0.001999786198661079,-13.184882173261746,6579.961016167995,4h
2026-05-29 12:50:00+00:00,2026-05-29 12:55:00+00:00,2026-05-29 16:50:00+00:00,LONG,73327.3,74054.8,0.00992127079546079,0.00852127079546079,56.06962964234284,6636.030645810338,4h
2026-05-30 04:10:00+00:00,2026-05-30 04:15:00+00:00,2026-05-30 08:10:00+00:00,LONG,73484.3,73553.3,0.0009389760806048919,-0.0004610239193951081,-3.059368857557532,6632.9712769527805,4h
2026-05-30 14:40:00+00:00,2026-05-30 14:45:00+00:00,2026-05-30 18:40:00+00:00,SHORT,74003.1,74097.5,-0.0012739970984175786,-0.0026739970984175788,-17.73654594845888,6615.2347310043215,4h
2026-05-31 01:25:00+00:00,2026-05-31 01:30:00+00:00,2026-05-31 05:25:00+00:00,SHORT,74108.3,74171.3,-0.0008493851395351415,-0.0022493851395351417,-14.880210698457871,6600.354520305864,4h
2026-05-31 07:50:00+00:00,2026-05-31 07:55:00+00:00,2026-05-31 11:50:00+00:00,LONG,73890.4,73933.7,0.0005860030531705807,-0.0008139969468294193,-5.37266842752073,6594.981851878343,4h
2026-05-31 16:35:00+00:00,2026-05-31 16:40:00+00:00,2026-05-31 20:35:00+00:00,LONG,73530.5,73679.3,0.0020236500499792864,0.0006236500499792865,4.112960761536415,6599.09481263988,4h
2026-05-31 22:00:00+00:00,2026-05-31 22:05:00+00:00,2026-06-01 02:00:00+00:00,SHORT,73720.1,73366.5,0.004819638390818781,0.003419638390818781,22.566517965956404,6621.661330605836,4h
2026-06-01 06:45:00+00:00,2026-06-01 06:50:00+00:00,2026-06-01 10:45:00+00:00,LONG,73183.4,72752.6,-0.005886580836637623,-0.007286580836637623,-48.24927055829687,6573.412060047539,4h
2026-06-01 13:55:00+00:00,2026-06-01 14:00:00+00:00,2026-06-01 17:55:00+00:00,LONG,71712.1,71648.2,-0.0008910630144705056,-0.002291063014470506,-15.060101249649293,6558.35195879789,4h
2026-06-01 21:10:00+00:00,2026-06-01 21:15:00+00:00,2026-06-02 01:10:00+00:00,LONG,71226.9,71381.1,0.002164912413709086,0.0007649124137090858,5.016564826757805,6563.368523624647,4h
2026-06-02 02:20:00+00:00,2026-06-02 02:25:00+00:00,2026-06-02 06:20:00+00:00,LONG,70541.1,70246.8,-0.004172035876956914,-0.0055720358769569146,-36.57132488732627,6526.797198737321,4h
2026-06-02 14:10:00+00:00,2026-06-02 14:15:00+00:00,2026-06-02 18:10:00+00:00,LONG,68583.3,67597.2,-0.014378135785242274,-0.015778135785242273,-102.98069244441635,6423.816506292905,4h
2026-06-02 23:05:00+00:00,2026-06-02 23:10:00+00:00,2026-06-03 03:05:00+00:00,LONG,66469.4,66421.8,-0.0007161189961093495,-0.0021161189961093497,-13.593560136487211,6410.2229461564175,4h
2026-06-03 03:50:00+00:00,2026-06-03 03:55:00+00:00,2026-06-03 07:50:00+00:00,LONG,65938.7,67308.1,0.020767773704971626,0.019367773704971628,124.15174741957402,6534.374693575992,4h
2026-06-03 19:55:00+00:00,2026-06-03 20:00:00+00:00,2026-06-03 23:55:00+00:00,LONG,65458.7,64146.3,-0.020049282983010563,-0.021449282983010562,-140.15765191953437,6394.217041656458,4h
2026-06-04 00:30:00+00:00,2026-06-04 00:35:00+00:00,2026-06-04 04:30:00+00:00,LONG,63718.2,64278.5,0.008793405965642487,0.007393405965642487,47.2750424213957,6441.492084077853,4h
2026-06-05 06:05:00+00:00,2026-06-05 06:10:00+00:00,2026-06-05 10:05:00+00:00,LONG,62448.6,62680.2,0.0037086499937548645,0.0023086499937548643,14.871150659678344,6456.3632347375315,4h
2026-06-05 12:05:00+00:00,2026-06-05 12:10:00+00:00,2026-06-05 16:05:00+00:00,LONG,62050.9,60053.1,-0.03219614864570863,-0.03359614864570863,-216.90893894493033,6239.454295792601,4h
2026-06-06 10:40:00+00:00,2026-06-06 10:45:00+00:00,2026-06-06 14:40:00+00:00,LONG,60424.1,60956.4,0.008809398898783849,0.007409398898783849,46.230605788257854,6285.684901580859,4h
2026-06-07 03:20:00+00:00,2026-06-07 03:25:00+00:00,2026-06-07 07:20:00+00:00,SHORT,61627.4,62209.1,-0.009350722000478928,-0.010750722000478928,-67.57565095950358,6218.109250621355,4h
2026-06-07 22:20:00+00:00,2026-06-07 22:25:00+00:00,2026-06-08 02:20:00+00:00,SHORT,62962.6,63166.3,-0.0032248208300945658,-0.004624820830094566,-28.757641186077358,6189.351609435278,4h
2026-06-09 00:55:00+00:00,2026-06-09 01:00:00+00:00,2026-06-09 04:55:00+00:00,LONG,62558.5,63243.2,0.01094495552163166,0.00954495552163166,59.07708581979906,6248.428695255077,4h
2026-06-09 14:55:00+00:00,2026-06-09 15:00:00+00:00,2026-06-09 18:55:00+00:00,LONG,61548.1,61789.2,0.003917261458924015,0.002517261458924015,15.728928733400474,6264.157623988478,4h
2026-06-10 12:50:00+00:00,2026-06-10 12:55:00+00:00,2026-06-10 16:50:00+00:00,SHORT,61669.1,62172.0,-0.008088850286302574,-0.009488850286302574,-59.439653863827516,6204.7179701246505,4h
2026-06-11 06:25:00+00:00,2026-06-11 06:30:00+00:00,2026-06-11 10:25:00+00:00,SHORT,62888.5,62849.5,0.0006205299962609434,-0.0007794700037390566,-4.836391539372853,6199.881578585278,4h
2026-06-11 11:05:00+00:00,2026-06-11 11:10:00+00:00,2026-06-11 15:05:00+00:00,SHORT,63147.0,62756.9,0.006216049549929936,0.004816049549929936,29.85893688616453,6229.740515471442,4h
2026-06-11 18:00:00+00:00,2026-06-11 18:05:00+00:00,2026-06-11 22:00:00+00:00,SHORT,63521.1,63576.5,-0.0008713911586828438,-0.002271391158682844,-14.150177527730138,6215.590337943712,4h
2026-06-14 15:00:00+00:00,2026-06-14 15:05:00+00:00,2026-06-14 19:00:00+00:00,LONG,64137.2,63823.6,-0.004889518095582579,-0.006289518095582579,-39.09306790522522,6176.497270038487,4h
2026-06-14 20:55:00+00:00,2026-06-14 21:00:00+00:00,2026-06-15 00:55:00+00:00,SHORT,64014.0,65628.6,-0.024602078971667884,-0.026002078971667883,-160.60176978383183,6015.895500254655,4h
2026-06-15 19:20:00+00:00,2026-06-15 19:25:00+00:00,2026-06-15 23:20:00+00:00,LONG,66571.8,66157.8,-0.006218849422728545,-0.007618849422728545,-45.834201959310434,5970.061298295345,4h
2026-06-16 09:00:00+00:00,2026-06-16 09:05:00+00:00,2026-06-16 13:00:00+00:00,SHORT,66821.9,66406.4,0.006256927043176486,0.004856927043176485,28.99615216911198,5999.057450464457,4h
2026-06-16 13:35:00+00:00,2026-06-16 13:40:00+00:00,2026-06-16 17:35:00+00:00,LONG,66037.5,65739.3,-0.004515616127200417,-0.005915616127200417,-35.48812100196936,5963.569329462488,4h
2026-06-17 07:55:00+00:00,2026-06-17 08:00:00+00:00,2026-06-17 11:55:00+00:00,LONG,65541.4,64808.0,-0.011189873881241374,-0.012589873881241375,-75.08058573997192,5888.488743722516,4h
2026-06-18 03:30:00+00:00,2026-06-18 03:35:00+00:00,2026-06-18 07:30:00+00:00,LONG,64328.3,64304.2,-0.00037464071023185497,-0.001774640710231855,-10.44995184635201,5878.038791876164,4h
2026-06-18 10:30:00+00:00,2026-06-18 10:35:00+00:00,2026-06-18 14:30:00+00:00,LONG,64011.8,63897.6,-0.001784046066506506,-0.0031840460665065063,-18.715946294045956,5859.322845582118,4h
2026-06-19 03:20:00+00:00,2026-06-19 03:25:00+00:00,2026-06-19 07:20:00+00:00,LONG,62846.7,62776.8,-0.0011122302364323655,-0.0025122302364323657,-14.719968017690327,5844.602877564428,4h
2026-06-20 00:35:00+00:00,2026-06-20 00:40:00+00:00,2026-06-20 04:35:00+00:00,SHORT,63583.9,63558.4,0.00040120582015901185,-0.0009987941798409881,-5.837555337593242,5838.7653222268345,4h
2026-06-20 09:00:00+00:00,2026-06-20 09:05:00+00:00,2026-06-20 13:00:00+00:00,LONG,63448.3,63630.7,0.002874781515028735,0.0014747815150287348,8.61090316781093,5847.376225394645,4h
2026-06-21 08:55:00+00:00,2026-06-21 09:00:00+00:00,2026-06-21 12:55:00+00:00,LONG,64009.4,64200.1,0.002979249922667515,0.001579249922667515,9.23446845176236,5856.610693846407,4h
2026-06-21 20:50:00+00:00,2026-06-21 20:55:00+00:00,2026-06-22 00:50:00+00:00,LONG,63838.3,63800.9,-0.0005858551997781625,-0.0019858551997781627,-11.630380799451281,5844.980313046956,4h
2026-06-22 01:30:00+00:00,2026-06-22 01:35:00+00:00,2026-06-22 05:30:00+00:00,SHORT,64469.6,64231.1,0.0037131545310604697,0.0023131545310604695,13.520342695083809,5858.50065574204,4h
2026-06-22 22:30:00+00:00,2026-06-22 22:35:00+00:00,2026-06-23 02:30:00+00:00,LONG,64138.7,64219.4,0.0012582107214522686,-0.00014178927854773134,-0.8306725813490748,5857.669983160691,4h
2026-06-23 05:00:00+00:00,2026-06-23 05:05:00+00:00,2026-06-23 09:00:00+00:00,LONG,63706.6,62426.0,-0.020101527942159803,-0.0215015279421598,-125.94885481888033,5731.721128341811,4h
2026-06-23 13:30:00+00:00,2026-06-23 13:35:00+00:00,2026-06-23 17:30:00+00:00,LONG,62322.8,62616.9,0.004718979249969557,0.003318979249969557,19.023463491578568,5750.74459183339,4h
2026-06-24 11:50:00+00:00,2026-06-24 11:55:00+00:00,2026-06-24 15:50:00+00:00,SHORT,62931.9,60380.1,0.042262268528869606,0.04086226852886961,234.9884697524406,5985.73306158583,4h
2026-06-24 16:10:00+00:00,2026-06-24 16:15:00+00:00,2026-06-24 20:10:00+00:00,LONG,60531.2,60683.1,0.002509449672235098,0.0011094496722350979,6.640869583263188,5992.373931169093,4h
2026-06-25 06:55:00+00:00,2026-06-25 07:00:00+00:00,2026-06-25 10:55:00+00:00,SHORT,61725.7,61274.3,0.007366873224173842,0.005966873224173842,35.75573555913021,6028.129666728223,4h
2026-06-25 11:10:00+00:00,2026-06-25 11:15:00+00:00,2026-06-25 15:10:00+00:00,LONG,61356.2,59058.4,-0.03745016803517809,-0.03885016803517809,-234.19385049023356,5793.9358162379895,4h
2026-06-25 22:00:00+00:00,2026-06-25 22:05:00+00:00,2026-06-26 02:00:00+00:00,SHORT,60139.5,59366.7,0.013017398642673372,0.011617398642673372,67.31046208729985,5861.2462783252895,4h
2026-06-26 07:40:00+00:00,2026-06-26 07:45:00+00:00,2026-06-26 11:40:00+00:00,SHORT,60590.8,59448.7,0.019211521866752346,0.017811521866752347,104.3977162528117,5965.643994578101,4h
2026-06-27 02:45:00+00:00,2026-06-27 02:50:00+00:00,2026-06-27 06:45:00+00:00,SHORT,60272.4,60449.5,-0.002929718194526032,-0.004329718194526032,-25.829557345389762,5939.8144372327115,4h
2026-06-27 17:05:00+00:00,2026-06-27 17:10:00+00:00,2026-06-27 21:05:00+00:00,LONG,60534.8,60358.4,-0.002914026312137885,-0.004314026312137885,-25.624515771438404,5914.189921461273,4h
2026-06-28 05:30:00+00:00,2026-06-28 05:35:00+00:00,2026-06-28 09:30:00+00:00,LONG,59930.0,60376.2,0.0074453529117302075,0.006045352911730207,35.753365262231355,5949.943286723505,4h
2026-06-28 16:35:00+00:00,2026-06-28 16:40:00+00:00,2026-06-28 20:35:00+00:00,LONG,59710.1,59698.9,-0.00018757295666893548,-0.0015875729566689355,-9.445969055716118,5940.497317667789,4h
2026-06-29 12:20:00+00:00,2026-06-29 12:25:00+00:00,2026-06-29 16:20:00+00:00,SHORT,60432.8,59684.1,0.01254437949135534,0.01114437949135534,66.2031564754683,6006.7004741432565,4h
2026-06-30 01:10:00+00:00,2026-06-30 01:15:00+00:00,2026-06-30 05:10:00+00:00,LONG,59826.9,59426.7,-0.006689298626537665,-0.008089298626537665,-48.58999389551019,5958.110480247747,4h
2026-06-30 12:15:00+00:00,2026-06-30 12:20:00+00:00,2026-06-30 16:15:00+00:00,LONG,59034.6,58420.9,-0.010395598513414095,-0.011795598513414095,-70.27947912356726,5887.831001124179,4h
2026-07-01 21:20:00+00:00,2026-07-01 21:25:00+00:00,2026-07-02 01:20:00+00:00,SHORT,60408.5,59976.0,0.007211217820461524,0.005811217820461524,34.215468437598645,5922.0464695617775,4h
2026-07-02 07:40:00+00:00,2026-07-02 07:45:00+00:00,2026-07-02 11:40:00+00:00,LONG,60126.6,61301.7,0.019543762660785724,0.018143762660785726,107.44820560987291,6029.494675171651,4h
2026-07-02 13:25:00+00:00,2026-07-02 13:30:00+00:00,2026-07-02 17:25:00+00:00,SHORT,61709.4,61870.0,-0.002595765314368781,-0.003995765314368781,-24.092445686222142,6005.4022294854285,4h
2026-07-03 10:45:00+00:00,2026-07-03 10:50:00+00:00,2026-07-03 14:45:00+00:00,SHORT,61973.0,62092.0,-0.0019165109837016026,-0.0033165109837016028,-19.916982455634518,5985.485247029794,4h
2026-07-04 00:10:00+00:00,2026-07-04 00:15:00+00:00,2026-07-04 04:10:00+00:00,SHORT,62823.9,62661.8,0.0025869030254477288,0.0011869030254477288,7.104190548472409,5992.589437578266,4h
2026-07-04 16:05:00+00:00,2026-07-04 16:10:00+00:00,2026-07-04 20:05:00+00:00,SHORT,62893.9,63345.2,-0.007124454575879402,-0.008524454575879402,-51.08355645253063,5941.505881125736,4h
2026-07-04 23:15:00+00:00,2026-07-04 23:20:00+00:00,2026-07-05 03:15:00+00:00,LONG,63039.0,62750.8,-0.004571773029394488,-0.005971773029394488,-35.4813245748954,5906.02455655084,4h
2026-07-06 05:35:00+00:00,2026-07-06 05:40:00+00:00,2026-07-06 09:35:00+00:00,LONG,63113.4,62644.2,-0.007434237420262613,-0.008834237420262613,-52.17522314247134,5853.849333408369,4h
2026-07-06 21:10:00+00:00,2026-07-06 21:15:00+00:00,2026-07-07 01:10:00+00:00,SHORT,64314.9,63972.4,0.005353871357022699,0.003953871357022699,23.14536720768977,5876.994700616058,4h
2026-07-07 12:15:00+00:00,2026-07-07 12:20:00+00:00,2026-07-07 16:15:00+00:00,SHORT,63699.3,63866.1,-0.0026117141957939793,-0.0040117141957939795,-23.57682306906743,5853.417877546991,4h
2026-07-08 02:35:00+00:00,2026-07-08 02:40:00+00:00,2026-07-08 06:35:00+00:00,LONG,62761.1,62528.5,-0.003706117324266067,-0.005106117324266067,-29.888238430711404,5823.529639116279,4h
2026-07-09 07:20:00+00:00,2026-07-09 07:25:00+00:00,2026-07-09 11:20:00+00:00,SHORT,62865.3,62672.5,0.003076309386094378,0.001676309386094378,9.762037394249425,5833.291676510528,4h
2026-07-12 00:00:00+00:00,2026-07-12 00:05:00+00:00,2026-07-12 04:00:00+00:00,LONG,63893.6,64205.1,0.004875292674070719,0.003475292674070719,20.27239582909474,5853.564072339623,4h
2026-07-12 22:20:00+00:00,2026-07-12 22:25:00+00:00,2026-07-13 02:20:00+00:00,LONG,63846.9,63371.5,-0.007445937077602882,-0.008845937077602882,-51.780259463633186,5801.7838128759895,4h
2026-07-13 09:00:00+00:00,2026-07-13 09:05:00+00:00,2026-07-13 13:00:00+00:00,SHORT,63177.6,62608.5,0.009089820072354371,0.007689820072354371,44.61467361971446,5846.398486495704,4h
2026-07-13 13:30:00+00:00,2026-07-13 13:35:00+00:00,2026-07-13 17:30:00+00:00,LONG,62713.7,62177.5,-0.008549965956401784,-0.009949965956401784,-58.171465908191166,5788.227020587513,4h
2026-07-14 12:25:00+00:00,2026-07-14 12:30:00+00:00,2026-07-14 16:25:00+00:00,SHORT,62961.5,64823.7,-0.028727147632733097,-0.030127147632733095,-174.38276998101483,5613.8442506064985,4h
2026-07-14 21:40:00+00:00,2026-07-14 21:45:00+00:00,2026-07-15 01:40:00+00:00,SHORT,64742.4,64720.4,0.0003399237334751337,-0.0010600762665248663,-5.9511030540350225,5607.893147552463,4h
2026-07-15 06:15:00+00:00,2026-07-15 06:20:00+00:00,2026-07-15 10:15:00+00:00,SHORT,65008.3,64758.1,0.0038636093399899707,0.0024636093399899705,13.815657935976002,5621.708805488439,4h
2026-07-18 12:20:00+00:00,2026-07-18 12:25:00+00:00,2026-07-18 16:20:00+00:00,SHORT,64081.2,64138.8,-0.0008980523489682257,-0.002298052348968226,-12.918981125668067,5608.789824362771,4h
2026-07-18 17:20:00+00:00,2026-07-18 17:25:00+00:00,2026-07-18 21:20:00+00:00,SHORT,64301.7,64732.7,-0.006658149590547002,-0.008058149590547002,-45.19646742665305,5563.593356936118,4h
2026-07-19 02:15:00+00:00,2026-07-19 02:20:00+00:00,2026-07-19 06:15:00+00:00,SHORT,64828.7,64722.4,0.0016423989221658886,0.00024239892216588858,1.3486090330906129,5564.9419659692085,4h
2026-07-19 10:00:00+00:00,2026-07-19 10:05:00+00:00,2026-07-19 14:00:00+00:00,LONG,64564.9,64529.2,-0.0005529320110463365,-0.0019529320110463365,-10.8679533049564,5554.074012664252,4h
2026-07-19 22:30:00+00:00,2026-07-19 22:35:00+00:00,2026-07-20 02:30:00+00:00,SHORT,64753.2,64785.0,-0.0004908543644362995,-0.0018908543644362995,-10.501945087248432,5543.5720675770035,4h
2026-07-20 05:15:00+00:00,2026-07-20 05:20:00+00:00,2026-07-20 09:15:00+00:00,LONG,64371.6,64102.6,-0.004178861485499841,-0.005578861485499841,-30.926820699898066,5512.645246877106,4h
2026-07-20 12:00:00+00:00,2026-07-20 12:05:00+00:00,2026-07-20 16:00:00+00:00,SHORT,64806.6,65539.4,-0.0111810605528887,-0.0125810605528887,-69.35492365755495,5443.290323219551,4h
2026-07-21 01:10:00+00:00,2026-07-21 01:15:00+00:00,2026-07-21 05:10:00+00:00,SHORT,65550.0,65539.9,0.000154104598877991,-0.001245895401122009,-6.781770380671173,5436.50855283888,4h
2026-07-21 05:50:00+00:00,2026-07-21 05:55:00+00:00,2026-07-21 09:50:00+00:00,SHORT,65757.7,66341.9,-0.008805897931774553,-0.010205897931774554,-55.484451395493,5381.024101443387,4h
2026-07-21 14:15:00+00:00,2026-07-21 14:20:00+00:00,2026-07-21 18:15:00+00:00,SHORT,66851.3,66257.3,0.008965049888842502,0.007565049888842502,40.70771578048312,5421.73181722387,4h
2026-07-22 00:15:00+00:00,2026-07-22 00:20:00+00:00,2026-07-22 04:15:00+00:00,SHORT,66633.5,66335.0,0.00449988693751413,0.00309988693751413,16.80675563891702,5438.538572862787,4h
2026-07-22 06:10:00+00:00,2026-07-22 06:15:00+00:00,2026-07-22 10:10:00+00:00,LONG,65986.0,65927.9,-0.0008804898008669682,-0.0022804898008669684,-12.402531747035184,5426.136041115752,4h
2026-07-23 00:10:00+00:00,2026-07-23 00:15:00+00:00,2026-07-23 04:10:00+00:00,SHORT,66196.2,65672.2,0.007979023087394621,0.006579023087394621,35.69867428984458,5461.834715405596,4h
2026-07-23 12:50:00+00:00,2026-07-23 12:55:00+00:00,2026-07-23 16:50:00+00:00,LONG,65231.2,64765.0,-0.007146886765842075,-0.008546886765842076,-46.68168284631691,5415.153032559279,4h
2026-07-24 03:50:00+00:00,2026-07-24 03:55:00+00:00,2026-07-24 07:50:00+00:00,SHORT,65420.8,65503.5,-0.0012625279565213754,-0.0026625279565213756,-14.417996338030589,5400.735036221249,4h
2026-07-24 09:35:00+00:00,2026-07-24 09:40:00+00:00,2026-07-24 13:35:00+00:00,LONG,65036.8,64284.9,-0.011561146919897625,-0.012961146919897625,-69.99972027990223,5330.735315941347,4h
2026-07-24 13:40:00+00:00,2026-07-24 13:45:00+00:00,2026-07-24 17:40:00+00:00,LONG,64410.6,64178.1,-0.003609654311557464,-0.005009654311557464,-26.70514115927721,5304.0301747820695,4h
2026-07-25 01:20:00+00:00,2026-07-25 01:25:00+00:00,2026-07-25 05:20:00+00:00,LONG,64015.1,64149.6,0.0021010667795566818,0.0007010667795566818,3.7184793533059293,5307.748654135376,4h
2026-07-26 00:30:00+00:00,2026-07-26 00:35:00+00:00,2026-07-26 04:30:00+00:00,SHORT,64459.5,64536.9,-0.0011993138808961135,-0.0025993138808961137,-13.796504753001747,5293.952149382374,4h
2026-07-26 09:05:00+00:00,2026-07-26 09:10:00+00:00,2026-07-26 13:05:00+00:00,SHORT,64499.2,64422.3,0.0011936860372883107,-0.0002063139627116893,-1.0922162463451426,5292.859933136029,4h
2026-07-26 21:35:00+00:00,2026-07-26 21:40:00+00:00,2026-07-27 01:35:00+00:00,SHORT,64809.9,65092.2,-0.004336925161540051,-0.005736925161540051,-30.364741326915276,5262.495191809114,4h
2026-07-27 13:50:00+00:00,2026-07-27 13:55:00+00:00,2026-07-27 17:50:00+00:00,SHORT,65435.7,64981.6,0.006988132025065541,0.005588132025065541,29.407517913101934,5291.902709722216,4h
2026-07-30 11:55:00+00:00,2026-07-30 12:00:00+00:00,2026-07-30 15:55:00+00:00,SHORT,64795.1,64733.9,0.0009454088197990984,-0.0004545911802009016,-2.4056522983209714,5289.497057423895,4h
2026-07-30 23:40:00+00:00,2026-07-30 23:45:00+00:00,2026-07-31 03:40:00+00:00,SHORT,64821.1,64391.7,0.0066685613207913,0.0052685613207912995,27.86803960318293,5317.365097027078,4h
2026-07-31 07:05:00+00:00,2026-07-31 07:10:00+00:00,2026-07-31 11:05:00+00:00,LONG,64125.1,63938.0,-0.0029177342413501117,-0.004317734241350112,-22.958969353193776,5294.406127673885,4h
2026-07-31 18:10:00+00:00,2026-07-31 18:15:00+00:00,2026-07-31 22:10:00+00:00,SHORT,63156.3,63002.4,0.002442764085177629,0.001042764085177629,5.5208165622826915,5299.926944236167,4h
2026-08-02 01:15:00+00:00,2026-08-02 01:20:00+00:00,2026-08-02 05:15:00+00:00,SHORT,63000.1,63475.8,-0.0074941946379565305,-0.00889419463795653,-47.138581808986665,5252.788362427181,4h
2026-08-02 18:45:00+00:00,2026-08-02 18:50:00+00:00,2026-08-02 22:45:00+00:00,SHORT,63417.6,63455.5,-0.0005972689522578678,-0.001997268952257868,-10.491231109057258,5242.297131318123,4h
2026-08-03 08:10:00+00:00,2026-08-03 08:15:00+00:00,2026-08-03 12:10:00+00:00,LONG,62572.2,62554.0,-0.00029086399391420326,-0.0016908639939142032,-8.864011464745532,5233.433119853378,4h
2026-08-04 12:40:00+00:00,2026-08-04 12:45:00+00:00,2026-08-04 16:40:00+00:00,SHORT,63958.9,63944.5,0.0002251952865375273,-0.0011748047134624727,-6.148261896794362,5227.284857956583,4h
2026-08-05 02:15:00+00:00,2026-08-05 02:20:00+00:00,2026-08-05 06:15:00+00:00,SHORT,64360.2,64332.5,0.00043057552558956047,-0.0009694244744104395,-5.06745787601821,5222.217400080565,4h
2026-08-05 07:45:00+00:00,2026-08-05 07:50:00+00:00,2026-08-05 11:45:00+00:00,LONG,64053.4,64096.0,0.0006650700821502209,-0.0007349299178497791,-3.8379638048348967,5218.379436275731,4h
2026-08-06 15:10:00+00:00,2026-08-06 15:15:00+00:00,2026-08-06 19:10:00+00:00,SHORT,64851.1,64435.5,0.0064498607134266805,0.00504986071342668,26.35208930300248,5244.731525578733,4h
2026-08-07 11:10:00+00:00,2026-08-07 11:15:00+00:00,2026-08-07 15:10:00+00:00,SHORT,64964.1,64965.3,-1.8471399347075312e-05,-0.0014184713993470753,-7.439501666287387,5237.292023912446,4h
2026-08-07 17:35:00+00:00,2026-08-07 17:40:00+00:00,2026-08-07 21:35:00+00:00,LONG,64674.3,65016.3,0.005288035587551754,0.0038880355875517535,20.36277777137254,5257.654801683819,4h
2026-08-08 11:50:00+00:00,2026-08-08 11:55:00+00:00,2026-08-08 15:50:00+00:00,LONG,64964.7,65091.4,0.001950289926683224,0.0005502899266832241,2.89323447534429,5260.548036159163,4h
2026-08-09 01:30:00+00:00,2026-08-09 01:35:00+00:00,2026-08-09 05:30:00+00:00,LONG,64883.1,64782.1,-0.0015566457213049834,-0.0029566457213049836,-15.553576842829322,5244.994459316334,4h
2026-08-09 06:55:00+00:00,2026-08-09 07:00:00+00:00,2026-08-09 10:55:00+00:00,SHORT,64851.6,64955.7,-0.0016026307160110775,-0.0030026307160110777,-15.748781468851138,5229.2456778474825,4h
2026-08-09 11:40:00+00:00,2026-08-09 11:45:00+00:00,2026-08-09 15:40:00+00:00,SHORT,64984.3,65227.8,-0.00373307086855601,-0.00513307086855601,-26.84208865348134,5202.403589194001,4h
2026-08-09 20:15:00+00:00,2026-08-09 20:20:00+00:00,2026-08-10 00:15:00+00:00,LONG,65117.2,65097.6,-0.00030099574306019505,-0.001700995743060195,-8.849266358900076,5193.554322835101,4h
2026-08-10 07:35:00+00:00,2026-08-10 07:40:00+00:00,2026-08-10 11:35:00+00:00,SHORT,65320.6,65077.7,0.003732461350047789,0.0023324613500477886,12.113764727386487,5205.668087562487,4h
2026-08-11 06:35:00+00:00,2026-08-11 06:40:00+00:00,2026-08-11 10:35:00+00:00,LONG,63971.3,64273.1,0.004717740611805521,0.0033177406118055208,17.27105642568604,5222.939143988173,4h
2026-08-11 13:40:00+00:00,2026-08-11 13:45:00+00:00,2026-08-11 17:40:00+00:00,LONG,64176.1,63552.8,-0.009712338393887965,-0.011112338393887965,-58.039067178680114,5164.900076809493,4h
2026-08-12 01:50:00+00:00,2026-08-12 01:55:00+00:00,2026-08-12 05:50:00+00:00,SHORT,63839.8,63822.1,0.0002773334001859862,-0.0011226665998140138,-5.798460807610852,5159.101616001882,4h
2026-08-12 12:30:00+00:00,2026-08-12 12:35:00+00:00,2026-08-12 16:30:00+00:00,SHORT,64253.3,63546.1,0.011128928447221798,0.009728928447221797,50.19253047402865,5209.294146475911,4h
2026-08-13 09:15:00+00:00,2026-08-13 09:20:00+00:00,2026-08-13 13:15:00+00:00,LONG,63668.5,63719.8,0.000805735960482945,-0.0005942640395170549,-3.0956961825173237,5206.198450293393,4h
2026-08-14 06:30:00+00:00,2026-08-14 06:35:00+00:00,2026-08-14 10:30:00+00:00,LONG,63215.3,62918.5,-0.004695065909676943,-0.006095065909676943,-31.732122693396192,5174.4663275999965,4h
2026-08-15 02:50:00+00:00,2026-08-15 02:55:00+00:00,2026-08-15 06:50:00+00:00,SHORT,63128.0,63127.2,1.2672825659976183e-05,-0.0013873271743400238,-7.178677748986903,5167.2876498510095,4h
2026-08-16 13:35:00+00:00,2026-08-16 13:40:00+00:00,2026-08-16 17:35:00+00:00,SHORT,63056.5,63188.7,-0.002092146222346658,-0.0034921462223466582,-18.044924046205743,5149.242725804804,4h
2026-08-16 20:50:00+00:00,2026-08-16 20:55:00+00:00,2026-08-17 00:50:00+00:00,LONG,63074.7,62890.8,-0.002915590561667236,-0.004315590561667236,-22.222023307216883,5127.020702497587,4h
2026-08-18 01:55:00+00:00,2026-08-18 02:00:00+00:00,2026-08-18 05:55:00+00:00,LONG,64200.0,64235.4,0.0005514018691588074,-0.0008485981308411926,-4.350780184923551,5122.669922312663,4h
2026-08-18 13:30:00+00:00,2026-08-18 13:35:00+00:00,2026-08-18 17:30:00+00:00,LONG,64110.1,64792.7,0.010647308302435876,0.009247308302435876,47.37090810324044,5170.040830415904,4h
2026-08-18 23:45:00+00:00,2026-08-18 23:50:00+00:00,2026-08-19 03:45:00+00:00,SHORT,64762.4,64365.9,0.0061600940870865095,0.004760094087086509,24.609880786858568,5194.650711202762,4h
2026-08-19 12:50:00+00:00,2026-08-19 12:55:00+00:00,2026-08-19 16:50:00+00:00,SHORT,64839.2,68581.7,-0.054569950876108386,-0.055969950876108385,-290.7443451245601,4903.906366078202,4h
2026-08-19 20:55:00+00:00,2026-08-19 21:00:00+00:00,2026-08-20 00:55:00+00:00,SHORT,69055.0,69428.4,-0.005378202579923941,-0.006778202579923941,-33.23967078225671,4870.666695295946,4h
2026-08-20 07:10:00+00:00,2026-08-20 07:15:00+00:00,2026-08-20 11:10:00+00:00,SHORT,69800.1,72001.3,-0.030571670233731862,-0.03197167023373186,-155.72334940042253,4714.943345895524,4h
2026-08-21 07:20:00+00:00,2026-08-21 07:25:00+00:00,2026-08-21 11:20:00+00:00,SHORT,76250.0,77523.3,-0.01642473940092848,-0.017824739400928477,-84.04263643072949,4630.900709464794,4h
2026-08-22 10:25:00+00:00,2026-08-22 10:30:00+00:00,2026-08-22 14:25:00+00:00,LONG,76944.0,77095.1,0.0019637658556872495,0.0005637658556872495,2.6107437010741106,4633.511453165868,4h
2026-08-23 05:20:00+00:00,2026-08-23 05:25:00+00:00,2026-08-23 09:20:00+00:00,LONG,76284.2,76490.2,0.0027004281358393722,0.0013004281358393723,6.025548661430871,4639.537001827299,4h
2026-08-23 11:25:00+00:00,2026-08-23 11:30:00+00:00,2026-08-23 15:25:00+00:00,SHORT,77160.4,77202.6,-0.0005466137150822448,-0.0019466137150822448,-9.031386359388577,4630.5056154679105,4h
2026-08-23 21:35:00+00:00,2026-08-23 21:40:00+00:00,2026-08-24 01:35:00+00:00,SHORT,77640.1,77252.5,0.0050173133555548866,0.0036173133555548864,16.74998980580397,4647.2556052737145,4h
2026-08-27 08:45:00+00:00,2026-08-27 08:50:00+00:00,2026-08-27 12:45:00+00:00,SHORT,79798.5,79319.4,0.006040136460941481,0.004640136460941481,21.563900177345232,4668.81950545106,4h
2026-08-28 01:35:00+00:00,2026-08-28 01:40:00+00:00,2026-08-28 05:35:00+00:00,SHORT,80932.5,79814.1,0.014012561690227576,0.012612561690227576,58.8857740330393,4727.705279484099,4h
2026-08-28 14:15:00+00:00,2026-08-28 14:20:00+00:00,2026-08-28 18:15:00+00:00,LONG,78884.5,77673.1,-0.015356628995556676,-0.016756628995556674,-79.22040336864963,4648.48487611545,4h
2026-08-30 12:15:00+00:00,2026-08-30 12:20:00+00:00,2026-08-30 16:15:00+00:00,SHORT,78517.8,79102.2,-0.007387910829281585,-0.008787910829281586,-40.85047058256663,4607.634405532884,4h
2026-08-30 20:45:00+00:00,2026-08-30 20:50:00+00:00,2026-08-31 00:45:00+00:00,LONG,78674.7,77977.8,-0.008857993738774939,-0.010257993738774939,-47.265084882520306,4560.369320650363,4h
2026-08-31 05:25:00+00:00,2026-08-31 05:30:00+00:00,2026-08-31 09:25:00+00:00,SHORT,78006.1,78658.0,-0.008287777467009039,-0.009687777467009039,-44.1798431458359,4516.1894775045275,4h
2026-09-01 18:45:00+00:00,2026-09-01 18:50:00+00:00,2026-09-01 22:45:00+00:00,LONG,76781.8,77326.4,0.007092826685490383,0.005692826685490383,25.709883974268646,4541.899361478796,4h
2026-09-02 09:45:00+00:00,2026-09-02 09:50:00+00:00,2026-09-02 13:45:00+00:00,LONG,76670.0,77106.3,0.005690622146863111,0.004290622146863111,19.487573989184344,4561.38693546798,4h
2026-09-03 05:30:00+00:00,2026-09-03 05:35:00+00:00,2026-09-03 09:30:00+00:00,LONG,77336.5,77746.4,0.005300213999857695,0.0039002139998576945,17.7903851844802,4579.17732065246,4h
2026-09-03 12:15:00+00:00,2026-09-03 12:20:00+00:00,2026-09-03 16:15:00+00:00,SHORT,77992.7,80707.0,-0.03363153134176722,-0.035031531341767216,-160.41559382794628,4418.761726824514,4h
2026-09-04 04:30:00+00:00,2026-09-04 04:35:00+00:00,2026-09-04 08:30:00+00:00,SHORT,81183.2,81106.8,0.0009419678744568838,-0.0004580321255431162,-2.023934826006003,4416.737791998508,4h
2026-09-05 16:55:00+00:00,2026-09-05 17:00:00+00:00,2026-09-05 20:55:00+00:00,SHORT,80041.1,79742.5,0.0037445527792583366,0.0023445527792583364,10.35527486548543,4427.093066863994,4h
2026-09-07 14:10:00+00:00,2026-09-07 14:15:00+00:00,2026-09-07 18:10:00+00:00,LONG,79180.0,79177.8,-2.7784794139895652e-05,-0.0014277847941398956,-6.3209361631105665,4420.772130700883,4h
2026-09-07 19:50:00+00:00,2026-09-07 19:55:00+00:00,2026-09-07 23:50:00+00:00,SHORT,79363.5,79150.1,0.002696143150798136,0.001296143150798136,5.729953518447232,4426.502084219331,4h
2026-09-08 06:55:00+00:00,2026-09-08 07:00:00+00:00,2026-09-08 10:55:00+00:00,LONG,78323.5,78561.9,0.003043786347647792,0.0016437863476477922,7.2762236938742335,4433.778307913205,4h
2026-09-09 00:55:00+00:00,2026-09-09 01:00:00+00:00,2026-09-09 04:55:00+00:00,SHORT,78773.4,79169.0,-0.004996905354368586,-0.006396905354368586,-28.36246019797327,4405.415847715231,4h
2026-09-09 08:10:00+00:00,2026-09-09 08:15:00+00:00,2026-09-09 12:10:00+00:00,SHORT,79408.8,79384.5,0.0003061050960830869,-0.001093894903916913,-4.8190619454505,4400.596785769781,4h
2026-09-09 13:35:00+00:00,2026-09-09 13:40:00+00:00,2026-09-09 17:35:00+00:00,SHORT,79336.1,78735.4,0.0076293509653855285,0.006229350965385528,27.412861835707435,4428.009647605488,4h
2026-09-09 20:30:00+00:00,2026-09-09 20:35:00+00:00,2026-09-10 00:30:00+00:00,LONG,78243.0,78265.2,0.00028373145201476824,-0.0011162685479852317,-4.942847899797176,4423.066799705691,4h
2026-09-10 23:15:00+00:00,2026-09-10 23:20:00+00:00,2026-09-11 03:15:00+00:00,LONG,76663.5,76842.9,0.0023400966561661907,0.0009400966561661907,4.158110308403014,4427.224910014093,4h
2026-09-11 06:15:00+00:00,2026-09-11 06:20:00+00:00,2026-09-11 10:15:00+00:00,SHORT,77314.2,77139.9,0.0022595310598017004,0.0008595310598017005,3.805337318884902,4431.030247332978,4h
2026-09-13 07:00:00+00:00,2026-09-13 07:05:00+00:00,2026-09-13 11:00:00+00:00,LONG,77157.1,76692.8,-0.006017592677796335,-0.007417592677796335,-32.86757751771118,4398.162669815268,4h
2026-09-14 09:55:00+00:00,2026-09-14 10:00:00+00:00,2026-09-14 13:55:00+00:00,SHORT,78147.6,78175.7,-0.000359446733447788,-0.001759446733447788,-7.738332942578475,4390.424336872689,4h
2026-09-14 22:25:00+00:00,2026-09-14 22:30:00+00:00,2026-09-15 02:25:00+00:00,LONG,78587.4,77960.3,-0.007979650681915862,-0.009379650681915862,-41.18064662524792,4349.243690247441,4h
2026-09-15 08:30:00+00:00,2026-09-15 08:35:00+00:00,2026-09-15 12:30:00+00:00,LONG,76881.8,76948.2,0.0008636634418028866,-0.0005363365581971134,-2.332658391587825,4346.911031855853,4h
2026-09-15 13:40:00+00:00,2026-09-15 13:45:00+00:00,2026-09-15 17:40:00+00:00,LONG,76433.9,76771.2,0.004412963357881772,0.0030129633578817715,13.097083658953729,4360.008115514807,4h
2026-09-15 18:50:00+00:00,2026-09-15 18:55:00+00:00,2026-09-15 22:50:00+00:00,LONG,75877.3,75737.3,-0.0018450841028871956,-0.003245084102887196,-14.148593024116261,4345.859522490691,4h
2026-09-16 11:45:00+00:00,2026-09-16 11:50:00+00:00,2026-09-16 15:45:00+00:00,SHORT,76229.8,75825.2,0.005335956911422635,0.003935956911422634,17.105115823619105,4362.96463831431,4h
2026-09-17 13:40:00+00:00,2026-09-17 13:45:00+00:00,2026-09-17 17:40:00+00:00,LONG,76154.9,76708.6,0.007270707465967474,0.005870707465967474,25.6136890759039,4388.578327390213,4h
2026-09-17 22:30:00+00:00,2026-09-17 22:35:00+00:00,2026-09-18 02:30:00+00:00,LONG,76311.8,77024.6,0.00934062622032239,0.00794062622032239,34.8480601364133,4423.426387526627,4h
2026-09-19 01:00:00+00:00,2026-09-19 01:05:00+00:00,2026-09-19 05:00:00+00:00,SHORT,81493.3,81075.5,0.005153221380071793,0.0037532213800717928,16.60209849083867,4440.028486017465,4h
2026-09-19 15:45:00+00:00,2026-09-19 15:50:00+00:00,2026-09-19 19:45:00+00:00,SHORT,81690.5,81366.0,0.003988152299486236,0.002588152299486236,11.491469935870493,4451.519955953336,4h
2026-09-21 00:30:00+00:00,2026-09-21 00:35:00+00:00,2026-09-21 04:30:00+00:00,SHORT,81639.3,81331.6,0.0037832773485335647,0.0023832773485335645,10.609206677568716,4462.129162630905,4h
2026-09-21 19:35:00+00:00,2026-09-21 19:40:00+00:00,2026-09-21 23:35:00+00:00,SHORT,86600.4,86447.2,0.0017721800127707965,0.0003721800127707965,1.6607152887329137,4463.789877919638,4h
2026-09-22 01:05:00+00:00,2026-09-22 01:10:00+00:00,2026-09-22 05:05:00+00:00,LONG,85908.6,85482.0,-0.004965742661386718,-0.006365742661386719,-28.41533765733925,4435.374540262298,4h
2026-09-23 04:25:00+00:00,2026-09-23 04:30:00+00:00,2026-09-23 08:25:00+00:00,SHORT,87015.1,86164.4,0.009872986987665477,0.008472986987665477,37.5808707650652,4472.955411027363,4h
2026-09-23 14:30:00+00:00,2026-09-23 14:35:00+00:00,2026-09-23 18:30:00+00:00,LONG,84430.8,84139.6,-0.003448978334920416,-0.004848978334920416,-21.68926388113673,4451.266147146226,4h
2026-09-24 07:55:00+00:00,2026-09-24 08:00:00+00:00,2026-09-24 11:55:00+00:00,SHORT,84528.4,83490.2,0.012434992370361941,0.011034992370361941,49.119687972209,4500.385835118435,4h
2026-09-24 13:40:00+00:00,2026-09-24 13:45:00+00:00,2026-09-24 17:40:00+00:00,SHORT,83947.6,84171.9,-0.0026647848034794253,-0.0040647848034794255,-18.29309995238348,4482.092735166052,4h
2026-09-24 22:20:00+00:00,2026-09-24 22:25:00+00:00,2026-09-25 02:20:00+00:00,LONG,84155.5,84771.0,0.007313841638395546,0.005913841638395546,26.50638664437518,4508.599121810427,4h
2026-09-25 13:50:00+00:00,2026-09-25 13:55:00+00:00,2026-09-25 17:50:00+00:00,LONG,84088.3,83725.3,-0.004316890697041109,-0.005716890697041109,-25.775168376165748,4482.823953434262,4h
2026-09-27 08:20:00+00:00,2026-09-27 08:25:00+00:00,2026-09-27 12:20:00+00:00,SHORT,84773.6,84968.3,-0.002291442808670996,-0.003691442808670996,-16.54808824544299,4466.275865188819,4h
2026-09-27 19:00:00+00:00,2026-09-27 19:05:00+00:00,2026-09-27 23:00:00+00:00,SHORT,84744.8,84270.9,0.00562353077990152,0.00422353077990152,18.86345358815627,4485.139318776975,4h
2026-09-28 05:40:00+00:00,2026-09-28 05:45:00+00:00,2026-09-28 09:40:00+00:00,LONG,83148.7,82635.5,-0.00617207484903548,-0.007572074849035481,-33.96181063013127,4451.177508146844,4h
2026-09-28 12:10:00+00:00,2026-09-28 12:15:00+00:00,2026-09-28 16:10:00+00:00,SHORT,83384.6,83424.5,-0.00047827676521883244,-0.0018782767652188324,-8.360543291416878,4442.816964855428,4h
2026-09-28 19:40:00+00:00,2026-09-28 19:45:00+00:00,2026-09-28 23:40:00+00:00,LONG,83314.9,83601.1,0.003435159857360537,0.0020351598573605367,9.041842740474145,4451.858807595901,4h
2026-09-29 01:20:00+00:00,2026-09-29 01:25:00+00:00,2026-09-29 05:20:00+00:00,LONG,83013.3,83348.5,0.004037907178729094,0.002637907178729094,11.743590307245574,4463.602397903147,4h
2026-09-29 10:00:00+00:00,2026-09-29 10:05:00+00:00,2026-09-29 14:00:00+00:00,SHORT,84187.4,84016.3,0.002036509582069135,0.0006365095820691348,2.84112569681212,4466.443523599959,4h
2026-09-29 15:05:00+00:00,2026-09-29 15:10:00+00:00,2026-09-29 19:05:00+00:00,LONG,83622.9,83662.2,0.0004699669588115185,-0.0009300330411884815,-4.153940053550267,4462.289583546409,4h
2026-10-01 04:15:00+00:00,2026-10-01 04:20:00+00:00,2026-10-01 08:15:00+00:00,SHORT,83752.2,83389.2,0.004353081694032257,0.0029530816940322568,13.177505682641723,4475.4670892290505,4h
2026-10-01 13:15:00+00:00,2026-10-01 13:20:00+00:00,2026-10-01 17:15:00+00:00,LONG,83572.3,84749.9,0.014090793241301247,0.012690793241301247,56.7972274876542,4532.264316716704,4h
2026-10-02 03:05:00+00:00,2026-10-02 03:10:00+00:00,2026-10-02 07:05:00+00:00,SHORT,85200.2,85997.2,-0.009267743600954503,-0.010667743600954504,-48.349033662489056,4483.915283054215,4h
2026-10-02 12:35:00+00:00,2026-10-02 12:40:00+00:00,2026-10-02 16:35:00+00:00,SHORT,86795.2,85113.0,0.019764313324639016,0.018364313324639017,82.34402517914505,4566.259308233361,4h
