timestamp,timestamp_myt,open,high,low,close,volume,amount,confirm,ema_5,ema_20,ema_50,ema_200,rsi_14,macd,macd_signal,macd_histogram,atr_14,volume_ma_20,relative_volume,return_1m,return_5m,return_15m,return_30m,return_1h,volatility_5,volatility_15,volatility_30,volatility_60,high_15,low_15,high_30,low_30,high_60,low_60,candle_range,candle_range_pct,candle_body,candle_body_pct,upper_wick,lower_wick,distance_ema_20,distance_ema_50,distance_ema_200,shock_1m,shock_5m,shock_15m,range_expansion,volatility_expansion,volume_expansion,recovery_from_15m_low,recovery_from_30m_low,recovery_from_60m_low,distance_from_15m_high,distance_from_30m_high,distance_from_60m_high
2026-10-08 07:55:00+00:00,2026-10-08 15:55:00+08:00,83002.4,83020.5,82983.8,83020.5,2.24628721,186440.033062614,1,83037.52539587877,83085.51490865406,83070.31423347155,82959.03835514878,26.313694267519764,-21.466566399132716,-7.216471547702977,-14.25009485142974,34.99285714285673,10.3884070535,0.21623018798086033,0.00021806598363438567,-0.00043223640803113916,-0.0015418160476351472,-0.0013508506870935078,0.0018306045218465794,0.00036828778348877507,0.00025317331647448224,0.00030002098208032463,0.00045905456454039775,83156.0,82983.8,83224.8,82983.8,83287.6,82720.5,36.69999999999709,0.00044205949133041946,18.10000000000582,0.0002180659836342783,0.0,18.59999999999127,-0.0007825059365106357,-0.0005996634770339959,0.0007408673734632387,0.00021806598363438567,-0.00043223640803113916,-0.0015418160476351472,0.9589844545101973,1.2275400904799831,0.21623018798086033,0.0004422549943483567,0.0004422549943483567,0.0036266705351153394,-0.0016294675068545539,-0.0024547971277792957,-0.0032069599796369364
2026-10-08 07:56:00+00:00,2026-10-08 15:56:00+08:00,83020.6,83025.8,83015.0,83025.8,1.95484498,162289.083346068,1,83033.61693058585,83079.82777449653,83068.56857725699,82959.70265012242,30.012610340484215,-23.237346742665977,-10.420646586695577,-12.8167001559704,33.92857142857143,9.2908855015,0.21040459272524595,6.383965406131509e-05,-0.0007522118035873104,-0.0013675809933906269,-0.0011753595553604113,0.0016794029432984914,0.0002842763149924139,0.0002567715598235418,0.0003003857049774982,0.0004584411084518824,83142.4,82983.8,83224.8,82983.8,83287.6,82720.5,10.80000000000291,0.00013008004740698565,5.19999999999709,6.263505684127902e-05,0.0,5.600000000005821,-0.0006503115851801411,-0.0005148587244188096,0.0007967404386242105,6.383965406131509e-05,-0.0007522118035873104,-0.0013675809933906269,0.28866564253607463,0.9463709833119687,0.21040459272524595,0.0005061228818155072,0.0005061228818155072,0.003690741714569068,-0.0014024132091446928,-0.002391114187117349,-0.0031433250567911575
2026-10-08 07:57:00+00:00,2026-10-08 15:57:00+08:00,83025.8,83035.1,83025.8,83035.0,4.150335,344609.13522972,1,83034.0779537239,83075.55846263972,83067.2521624626,82960.45187748439,34.008438818567726,-23.625994057481876,-13.061716080852836,-10.56427797662904,33.17857142857143,9.232119969500001,0.4495538417732213,0.00011080892927251007,-0.0004201281089780684,-0.0010334344310515275,-0.0009889649795710165,0.0014835005789270994,0.0003018241783759459,0.0002589577824978232,0.000301530738057951,0.0004571214892802312,83122.1,82983.8,83224.8,82983.8,83287.6,82720.5,9.30000000000291,0.000112000963449183,9.19999999999709,0.0001108089292725525,0.10000000000582077,0.0,-0.00048821173628288417,-0.0003882656717657529,0.000898598317975674,0.00011080892927251007,-0.0004201281089780684,-0.0010334344310515275,0.2503258472431826,1.000973168838059,0.4495538417732213,0.000616987894022758,0.000616987894022758,0.0038019596109790665,-0.0010478561056567193,-0.0022805702146475593,-0.0030328644360025914
2026-10-08 07:58:00+00:00,2026-10-08 15:58:00+08:00,83035.1,83035.1,83008.1,83021.8,3.41542574,283552.314958668,1,83029.98530248262,83070.43860905498,83065.46972471896,82961.06230656416,31.80538801769498,-24.714239172419184,-15.392220699166106,-9.322018473253078,33.414285714285924,9.0441088705,0.3776409360949211,-0.00015896910941171072,-0.00022519132230658379,-0.0010708596235387002,-0.0012403022439725353,0.00154293621122914,0.0002690519249297893,0.00025968100712834164,0.0003014165880074613,0.0004566505753182821,83120.4,82983.8,83224.8,82983.8,83287.6,82720.5,27.0,0.000325215786696988,-13.30000000000291,-0.000160173227948216,0.0,13.69999999999709,-0.0005855104399277167,-0.0005257265728307869,0.0007321228989498607,-0.00015896910941171072,-0.00022519132230658379,-0.0010708596235387002,0.7311711203693217,0.8926248110907856,0.3776409360949211,0.00045792070259498274,0.00045792070259498274,0.00364238610743417,-0.001186231057598297,-0.002439176783843311,-0.0031913514136558963
2026-10-08 07:59:00+00:00,2026-10-08 15:59:00+08:00,83021.8,83021.8,83001.1,83002.8,2.31905625,192511.898353247,1,83020.92353498843,83063.99683676402,83063.01208845548,82961.47760699636,29.93943981832254,-26.800878630863735,-17.673952285505635,-9.1269263453581,31.95000000000021,8.1140602975,0.28580712552931337,-0.00022885555360163679,4.8191377599593466e-06,-0.0013174945224714296,-0.0018963329946308782,0.0016206399295268792,0.00018811442886242677,0.000261425879146117,0.00028976572025640903,0.0004558032061498358,83112.4,82983.8,83224.8,82983.8,83287.6,82720.5,20.69999999999709,0.0002493891772325402,-19.0,-0.00022885555360158415,0.0,1.6999999999970896,-0.0007367432232316951,-0.0007248965206240188,0.0004980913334187154,-0.00022885555360163679,4.8191377599593466e-06,-0.0013174945224714296,0.5763048974467497,0.6491949037172766,0.28580712552931337,0.00022896035129749137,0.00022896035129749137,0.0034126969735435164,-0.0013186961271722808,-0.0026674741182917128,-0.0034194766087629613
2026-10-08 08:00:00+00:00,2026-10-08 16:00:00+08:00,83002.9,83037.8,82996.1,83013.4,1.51502201,125770.764223362,1,83018.41568999228,83059.17809040555,83061.06651635919,82961.99424772276,35.38461538461591,-27.284702951539657,-19.59610241871244,-7.688600532827216,32.392857142857146,7.523741313,0.20136551045186102,0.00012770653520122188,-8.552104600678678e-05,-0.0011478928825829904,-0.0018144804922305413,0.0023448668907692927,0.00016496068692652862,0.0002671624280647554,0.00029121201680297286,0.000448578950063706,83109.9,82983.8,83224.8,82983.8,83287.6,82720.5,41.69999999999709,0.0005023285397296953,10.5,0.0001265016041608185,24.40000000000873,6.7999999999883585,-0.0005511502937788348,-0.0005738731557197729,0.0006196301420109407,0.00012770653520122188,-8.552104600678678e-05,-0.0011478928825829904,1.168197674282,0.5664624995133257,0.20136551045186102,0.0003566961262317925,0.0003566961262317925,0.0035408393324507514,-0.0011611131766492422,-0.0025401082369679306,-0.0032922067630717367
2026-10-08 08:01:00+00:00,2026-10-08 16:01:00+08:00,83008.5,83056.4,82985.9,83043.2,7.51539652,623962.778034002,1,83026.67712666153,83057.65636750979,83060.36586865885,82962.80226515836,42.18143310977799,-24.975622827245388,-20.67200650041903,-4.303616326826358,36.62857142857164,7.3225967205,1.0263294302361685,0.00035897818906338586,0.00020957340971117233,-0.0005331728599368146,-0.0015329917867710208,0.0030631866804524677,0.00023785854157821546,0.00028427627057592145,0.000300215000675795,0.0004473777378143163,83109.9,82983.8,83224.8,82983.8,83287.6,82720.5,70.5,0.0008489557242495472,34.69999999999709,0.0004180294789087514,13.19999999999709,22.60000000000582,-0.00017405219629385016,-0.00020666738557340025,0.0009690817167034016,0.00035897818906338586,0.00020957340971117233,-0.0005331728599368146,1.9443845994302618,0.7922939927811308,1.0263294302361685,0.0007158023614246556,0.0007158023614246556,0.0039010886056056737,-0.0008025518018911493,-0.0021820418913593986,-0.002934410404430099
2026-10-08 08:02:00+00:00,2026-10-08 16:02:00+08:00,83043.2,83043.2,82958.1,82963.8,2.8133591,233450.294792746,1,83005.71808444103,83048.71766584218,83056.5789718487,82962.81219286822,30.235226620769524,-29.215795119293034,-22.380764224193832,-6.835030895099202,40.02142857142774,6.8120073324999995,0.41300001052222884,-0.0009561288582327077,-0.0008574697416751098,-0.001488791936211764,-0.0023269153760403505,0.0023547491871949155,0.0004974989389454945,0.0003700099564369104,0.00034238804217300207,0.0004643958755240768,83109.9,82958.1,83224.8,82958.1,83287.6,82720.5,85.09999999999127,0.0010257485795008338,-79.39999999999418,-0.0009561288582327533,0.0,5.69999999999709,-0.0010225042388234407,-0.0011170574685016588,1.1906625458690812e-05,-0.0009561288582327077,-0.0008574697416751098,-0.001488791936211764,2.275757411682347,1.4530266179509792,0.41300001052222884,6.870938461700504e-05,6.870938461700504e-05,0.0029412298039785956,-0.0017579133171858885,-0.0031360844363699236,-0.003887733588193276
2026-10-08 08:03:00+00:00,2026-10-08 16:03:00+08:00,82963.9,83013.5,82963.9,82982.7,1.15443599,95799.29416779,1,82998.04538962735,83042.4302690953,83053.68175726641,82963.01008149641,33.73297002724742,-30.69723158607667,-24.044057696570402,-6.653173889506267,41.37142857142836,6.16034706,0.18739788176804442,0.00022781020155782095,-0.0004709606392538923,-0.0014307787094353097,-0.0017130806459181303,0.003158795668351866,0.0005289983397800711,0.00037331649688566835,0.00034162160595292056,0.0004579424064769629,83109.9,82958.1,83224.8,82958.1,83287.6,82721.4,49.60000000000582,0.0005977149454043533,18.80000000000291,0.00022660458343933822,30.80000000000291,0.0,-0.000719274097611966,-0.0008546491349278318,0.00023733370431289202,0.00022781020155782095,-0.0004709606392538923,-0.0014307787094353097,1.320838263130098,1.5484920466446528,0.18739788176804442,0.00029653523887351874,0.00029653523887351874,0.003158795668351866,-0.001530503586215315,-0.0029089886668397513,-0.0036608090520078296
2026-10-08 08:04:00+00:00,2026-10-08 16:04:00+08:00,82982.7,83025.0,82963.5,83025.0,2.778739,230664.628251905,1,83007.03025975157,83040.77024346718,83052.55698247165,82963.6268966059,45.682068206821555,-28.13371620721591,-24.861989398699507,-3.271726808516405,41.62857142857164,5.6770487334999995,0.4894689354352008,0.0005097448022299833,0.00026746085674211884,-0.0009277743883728817,-0.0012054106335984693,0.003389953410800617,0.0005823910319821458,0.0004044480774540038,0.00035688987634351435,0.00046083302689377763,83102.2,82958.1,83224.8,82958.1,83287.6,82735.2,61.5,0.0007407407407407407,42.30000000000291,0.0005097448022298974,0.0,19.19999999999709,-0.00018990964824805445,-0.000331801734622883,0.0007397591654303426,0.0005097448022299833,0.00026746085674211884,-0.0009277743883728817,1.5928953095023917,1.6318508049289178,0.4894689354352008,0.0008064311984001815,0.0008064311984001815,0.003502741275781096,-0.0009289766095241792,-0.0024007267064625193,-0.0031529303281642163
2026-10-08 08:05:00+00:00,2026-10-08 16:05:00+08:00,83025.0,83056.9,83024.9,83054.5,0.82159907,68221.734013474,1,83022.85350650105,83042.07783932745,83052.63317923747,82964.53110658993,45.32115171650011,-23.45137548352068,-24.57986661566374,1.1284911321430613,39.964285714285715,5.104968266,0.16094107292928664,0.00035531466425764435,0.0004951007909566041,-2.2876021594897544e-05,-0.0008577361059983746,0.0028459721705700325,0.0005983072017304494,0.00039380798624496436,0.0003640692073506318,0.0004492181793436098,83088.3,82958.1,83224.8,82958.1,83287.6,82757.4,32.0,0.00038528917758821017,29.5,0.0003553146642577537,2.3999999999941792,0.10000000000582077,0.00014958875061599208,2.2477562613865132e-05,0.0010844259855393723,0.00035531466425764435,0.0004951007909566041,-2.2876021594897544e-05,0.836589048444856,1.6433886460335139,0.16094107292928664,0.0011620323994883108,0.0011620323994883108,0.0035900112859998945,-0.00040679614338001713,-0.002046265055608454,-0.002798735946287434
2026-10-08 08:06:00+00:00,2026-10-08 16:06:00+08:00,83049.9,83055.2,83003.5,83027.7,0.62171793,51615.422519152,1,83024.46900433404,83040.70852129626,83051.65540750267,82965.15965279301,44.2911255411258,-21.653514512159745,-23.99459619496294,2.341081682803196,41.84285714285631,4.4419368505,0.13996550399630675,-0.00032267968623012067,-0.0001866498400832084,-0.0007293445647582608,-0.0021632613327853267,0.0013471465097205648,0.0006019500980706587,0.0003866005756741898,0.000313245822135866,0.0004266032469447703,83088.3,82958.1,83224.8,82958.1,83287.6,82891.5,51.69999999999709,0.0006226837549395815,-22.19999999999709,-0.00026730917195562056,5.30000000000291,24.19999999999709,-0.00015665233989325955,-0.00028843985571547215,0.0007538145827563625,-0.00032267968623012067,-0.0001866498400832084,-0.0007293445647582608,1.3883869732515612,1.9216540350522895,0.13996550399630675,0.0008389777490080963,0.0008389777490080963,0.0016431117786503968,-0.0007293445647582608,-0.0023682844536725423,-0.0031205125372805176
2026-10-08 08:07:00+00:00,2026-10-08 16:07:00+08:00,83024.1,83057.9,83005.8,83050.0,1.41816389,117755.722916931,1,83032.97933622269,83041.59342402994,83051.5904895614,82966.00383535228,51.310344827586206,-18.219252901981235,-22.8395275363666,4.620274634385364,42.80714285714099,4.094810581,0.346331988243927,0.0002685850625754327,0.0010390073743005157,-0.00023955728850033609,-0.0016900947943638833,0.0008134245172175536,0.0003156086022058162,0.0003916202833303336,0.0003182048902123962,0.000415497001775761,83079.1,82958.1,83224.8,82958.1,83287.6,82891.5,52.09999999999127,0.0006273329319685884,25.89999999999418,0.00031195761230768147,7.899999999994179,18.30000000000291,0.00010123331722611262,-1.9150621342944874e-05,0.0010124166618221686,0.0002685850625754327,0.0010390073743005157,-0.00023955728850033609,1.373851357082511,0.9918408293321732,0.346331988243927,0.0011077881484748975,0.0011077881484748975,0.001912138156505705,-0.0003502685994432042,-0.0021003354769252303,-0.002852765597760154
2026-10-08 08:08:00+00:00,2026-10-08 16:08:00+08:00,83057.9,83070.4,83032.1,83032.1,0.82004532,68106.089427994,1,83032.68622414846,83040.68928840804,83050.82615663743,82966.66150863236,54.33829973707459,-16.748885510503897,-21.62139913119406,4.872513620690164,41.93571428571158,3.7131510680000006,0.2208488976026762,-0.0002155328115592825,0.0005953048044955445,-0.00010115546028732769,-0.0020204278355099303,0.0013241311444569526,0.0003667065999769234,0.00038465664376175277,0.00031778210211186536,0.0004052109227942201,83070.4,82958.1,83210.8,82958.1,83287.6,82891.5,38.29999999998836,0.00046126738935891486,-25.79999999998836,-0.00031062668331354826,12.5,0.0,-0.00010343469546847395,-0.00022547827040397816,0.0007887323676492031,-0.0002155328115592825,0.0005953048044955445,-0.00010115546028732769,1.0086852231560295,1.1539561150232296,0.2208488976026762,0.0008920165722214879,0.0008920165722214879,0.0016961932164336613,-0.0004610547198519166,-0.0021475577689433756,-0.003067683544729305
2026-10-08 08:09:00+00:00,2026-10-08 16:09:00+08:00,83030.2,83055.0,83028.0,83039.3,1.62502941,134935.005392588,1,83034.89081609898,83040.55697522633,83050.37415049478,82967.38427969074,52.83645141822632,-14.831658801966114,-20.263451065348473,5.431792263382359,41.242857142854646,3.4128046339999996,0.4761565879894431,8.671345178545842e-05,0.00017223727792847754,0.0004445654583482561,-0.0016639075136725134,0.0006253961444750988,0.0002960311820610586,0.00036409414253166526,0.0003165999535741697,0.0003927634941627494,83070.4,82958.1,83182.2,82958.1,83287.6,82958.1,27.0,0.000325147249555331,9.10000000000582,0.00010959867614441277,15.69999999999709,2.1999999999970896,-1.5136883374955445e-05,-0.00013334257199992816,0.0008667950777720979,8.671345178545842e-05,0.00017223727792847754,0.0004445654583482561,0.7179141503465498,0.9350322977596632,0.4761565879894431,0.000978807373842816,0.000978807373842816,0.000978807373842816,-0.0003743812477127184,-0.0017179156117533845,-0.002981236102372997
2026-10-08 08:10:00+00:00,2026-10-08 16:10:00+08:00,83042.6,83042.6,83001.7,83017.1,0.91187829,75709.495480758,1,83028.960544066,83038.32297758572,83049.06928184793,82967.87896347491,48.75107665805372,-14.931476522586308,-19.19705615679604,4.2655796342097325,43.392857142855064,2.8732494295000004,0.31736830107321523,-0.0002673432940788478,-0.0004503067263061933,-4.0953740341187483e-05,-0.001582706644842169,-7.829099195888478e-05,0.0002555190037074928,0.00036770932591319744,0.0003143435125037549,0.00039033315237629087,83070.4,82958.1,83156.0,82958.1,83287.6,82958.1,40.90000000000873,0.0004926695825318968,-25.5,-0.0003070713103876805,0.0,15.400000000008731,-0.00025558051782237357,-0.0003849444927483958,0.0005932541260547097,-0.0002673432940788478,-0.0004503067263061933,-4.0953740341187483e-05,1.0869657263621135,0.8128655230460358,0.31736830107321523,0.0007112024021764807,0.0007112024021764807,0.0007112024021764807,-0.0006416244534754867,-0.001670354514406558,-0.0032477823829717423
2026-10-08 08:11:00+00:00,2026-10-08 16:11:00+08:00,83017.2,83043.1,82944.1,82971.9,3.8609726,320329.77910556,1,83009.94036271067,83031.99697972041,83046.04303550096,82967.91897378859,41.79026801977521,-18.445220018547843,-19.046688929146402,0.6014689105985589,49.799999999997716,2.516877894,1.5340325445283602,-0.0005444661401086126,-0.0006720648650992977,-0.0006491957921515024,-0.0020158889577157613,-0.0006961364427428007,0.00031768648486068195,0.000392555360853512,0.0003268292524359554,0.0003964332296441336,83070.4,82944.1,83142.4,82944.1,83287.6,82944.1,99.0,0.0011931750387781889,-45.30000000000291,-0.0005456700539165729,25.90000000000873,27.79999999998836,-0.0007237809748824597,-0.0008927943197639676,4.79827174242331e-05,-0.0005444661401086126,-0.0006720648650992977,-0.0006491957921515024,2.4623632215449365,0.9720258590467968,1.5340325445283602,0.00033516549097512005,0.00033516549097512005,0.00033516549097512005,-0.0011857412507945142,-0.0020506985605419636,-0.0037904802155424022
2026-10-08 08:12:00+00:00,2026-10-08 16:12:00+08:00,82969.7,82985.2,82941.5,82969.6,1.60510529,133169.52302233,1,82996.49357514046,83026.05441022324,83043.04526940288,82967.93570041755,43.01017675415106,-21.17142680293182,-19.471636503903486,-1.699790299028333,50.992857142854646,2.5459282345,0.6304597546188218,-2.772022817354447e-05,-0.0009680915111377475,-0.0007876196784487588,-0.0018202401562060766,-0.00017473226798869756,0.00024244477490193382,0.00039029582954824973,0.00032554924111655517,0.0003901116212198921,83070.4,82941.5,83122.1,82941.5,83287.6,82941.5,43.69999999999709,0.0005266989355136952,-0.09999999999126885,-1.2052592692424927e-06,15.5,28.10000000000582,-0.0006799601718310289,-0.0008844240859015029,2.005955154116279e-05,-2.772022817354447e-05,-0.0009680915111377475,-0.0007876196784487588,1.070928194085294,0.744725357277464,0.6304597546188218,0.0003387930047082932,0.0003387930047082932,0.0003387930047082932,-0.0012134286099499958,-0.0018346504720164747,-0.003818095370739516
2026-10-08 08:13:00+00:00,2026-10-08 16:13:00+08:00,82970.9,82990.1,82934.0,82939.5,3.07964732,255433.150125928,1,82977.49571676031,83017.81113305912,83038.98467060276,82967.65275812485,41.76853055916706,-25.467213579264353,-20.67075191897566,-4.796461660288692,53.5214285714267,2.605564404,1.181950181416433,-0.0003627834773218819,-0.0011152313382415402,-0.0009913058979690303,-0.0020611039720469515,-0.0009323402825207605,0.0002544124442095122,0.00039774546384004924,0.0003300529877208875,0.00038927447901487594,83070.4,82934.0,83120.4,82934.0,83287.6,82934.0,56.10000000000582,0.0006763966505706668,-31.39999999999418,-0.00037844593706943256,19.20000000001164,5.5,-0.0009433052015019872,-0.00119804777234922,-0.000339322099504602,-0.0003627834773218819,-0.0011152313382415402,-0.0009913058979690303,1.3356417668775509,0.7708230304664248,1.181950181416433,6.631779487298317e-05,6.631779487298317e-05,6.631779487298317e-05,-0.001575771875421239,-0.002176361037723562,-0.004179493706146009
2026-10-08 08:14:00+00:00,2026-10-08 16:14:00+08:00,82938.5,82973.0,82934.1,82966.7,1.43502863,119036.482815595,1,82973.89714450689,83012.94340610111,83036.14997763795,82967.6432779445,44.1785090999753,-26.372833263521898,-21.81116818788491,-4.561665075636988,53.321428571426495,2.3031044775000002,0.6230844688199777,0.00032794989118567486,-0.000874284826582139,-0.0004349250868646015,-0.0017518465979163844,-0.0010619481812631504,0.00033724805045605086,0.0004073323413227272,0.0003376251153953241,0.0003869540484269403,83070.4,82934.0,83112.4,82934.0,83287.6,82934.0,38.89999999999418,0.00046886280881358643,28.19999999999709,0.0003400109719852311,6.30000000000291,4.399999999994179,-0.0005570626001645262,-0.0008363824389335806,-1.136922669175977e-05,0.00032794989118567486,-0.000874284826582139,-0.0004349250868646015,0.9147752643486597,0.9988831845674996,0.6230844688199777,0.00039428943497243907,0.00039428943497243907,0.00039428943497243907,-0.0012483387584506511,-0.0017530476800091677,-0.0038529144794664516
2026-10-08 08:15:00+00:00,2026-10-08 16:15:00+08:00,82968.2,83004.9,82949.0,83003.5,5.73254809,475634.637934803,1,82983.7647630046,83012.04403409148,83034.86958635804,82968.00006124855,45.135996079392555,-23.84620671113953,-22.218175892535836,-1.628030818603694,52.27857142856893,2.4774175215,2.3139208632580908,0.00044355144895491527,-0.00016382167047523932,-0.00011925785475586093,-0.001267013842096154,-4.698376289336004e-05,0.0004265466764421956,0.000423836554559895,0.0003498545553371111,0.0003844996171585582,83070.4,82934.0,83109.9,82934.0,83287.6,82934.0,55.89999999999418,0.0006734655767527174,35.30000000000291,0.00042546421400009777,1.3999999999941792,19.19999999999709,-0.00010292523441501888,-0.00037778810895117143,0.0004278750690054345,0.00044355144895491527,-0.00016382167047523932,-0.00011925785475586093,1.298951555026864,1.21921144068336,2.3139208632580908,0.0008380157715774939,0.0008380157715774939,0.0008380157715774939,-0.0008053410119608362,-0.0012802325595385744,-0.003411071996311632
2026-10-08 08:16:00+00:00,2026-10-08 16:16:00+08:00,83004.9,83043.1,82997.8,83022.9,3.95177952,328027.39681076,1,82996.80984200307,83013.07793560658,83034.40019081459,82968.54632929582,58.48893995978064,-20.047326002459158,-21.784005914520503,1.7366799120613443,49.43571428571262,2.5772642484999997,1.5333233766386143,0.00023372508388197488,0.0006146659290675593,-0.0002444510808832234,-0.0007774936061382132,-0.0009241910620616522,0.00032238171945979225,0.0004172759769231211,0.00035095164382438097,0.000357169942177769,83070.4,82934.0,83109.9,82934.0,83287.6,82934.0,45.30000000000291,0.0005456325905262634,18.0,0.00021685466761600823,20.20000000001164,7.099999999991269,0.00011831948215479393,-0.00013849911347785238,0.0006551117635404946,0.00023372508388197488,0.0006146659290675593,-0.0002444510808832234,1.0444441581021155,0.91859298889939,1.5333233766386143,0.001071936720765887,0.001071936720765887,0.001071936720765887,-0.0005718041564745091,-0.0010468066981189628,-0.003178144165518204
2026-10-08 08:17:00+00:00,2026-10-08 16:17:00+08:00,83012.8,83034.8,82973.4,82996.0,5.91354741,490837.352719035,1,82996.53989466872,83011.4514655488,83032.89430097872,82968.81950014859,51.8674529626514,-18.988404353163787,-21.22488560224916,2.2364812490853723,50.27142857142774,2.6654248689999998,2.2186134296175504,-0.0003240069908422294,0.0003181888306078573,0.0003881210841354399,-0.001101248683616718,-0.001829266092670867,0.00037921910677405013,0.0003404127353169055,0.00035508929699694635,0.0003505658167993267,83070.4,82934.0,83109.9,82934.0,83287.6,82934.0,61.40000000000873,0.0007397946889007751,-16.80000000000291,-0.00020237842838698262,22.0,22.60000000000582,-0.00018613655436705567,-0.00044433355345874226,0.00032759897049472464,-0.0003240069908422294,0.0003181888306078573,0.0003881210841354399,1.3634735350225466,1.0679542018899864,2.2186134296175504,0.0007475824149323351,0.0007475824149323351,0.0007475824149323351,-0.0008956258787726767,-0.0013704745162729237,-0.0035011214154329062
2026-10-08 08:18:00+00:00,2026-10-08 16:18:00+08:00,82995.1,83064.7,82987.5,83051.9,7.29353341,605568.73192634,1,83014.99326311248,83015.30370692511,83033.63962250897,82969.6461717889,53.63808493372944,-13.483113552691066,-19.676531192337542,6.193417639646476,51.3928571428561,2.8593302525000004,2.5507838430426286,0.0006735264350088421,0.0013552046973999143,0.0008339087544753099,-0.0005980630938515752,-0.0008156911057186633,0.0003709675016526262,0.00037680216347876766,0.0003764576048437539,0.0003596730489645213,83070.4,82934.0,83109.9,82934.0,83287.6,82934.0,77.19999999999709,0.0009295392399210265,56.79999999998836,0.0006843777524213882,12.80000000000291,7.600000000005821,0.0004408379110925065,0.00021991541710120188,0.000991372532079815,0.0006735264350088421,0.0013552046973999143,0.0008339087544753099,1.6643984680721036,0.9854164104523635,2.5507838430426286,0.001421612366460101,0.001421612366460101,0.001421612366460101,-0.00022270267146906608,-0.0006978711320793085,-0.002829953078249514
2026-10-08 08:19:00+00:00,2026-10-08 16:19:00+08:00,83058.1,83073.1,83024.6,83030.7,0.37854336,31436.632818429,1,83020.228842075,83016.7700205513,83033.5243431949,82970.25367256712,46.70724958494684,-10.707365904992912,-17.882698134868615,7.175332229875703,52.57142857142753,2.762304608,0.13703896337271723,-0.00025526207106640886,0.000771393824269273,6.865401987354858e-05,-0.0008591840639406989,-0.0015188138100220572,0.00043476703612365823,0.0003624469605037101,0.0003788527081939259,0.00035579890142148666,83073.1,82934.0,83102.2,82934.0,83287.6,82934.0,48.5,0.0005841212948945391,-27.40000000000873,-0.00032988955923635057,15.0,6.099999999991269,0.00016779717453774268,-3.401449254680777e-05,0.0007285301027453173,-0.00025526207106640886,0.000771393824269273,6.865401987354858e-05,1.032746234010257,1.1475885660057392,0.13703896337271723,0.0011659874116767277,0.0011659874116767277,0.0011659874116767277,-0.0005103938579397171,-0.0008603863676293066,-0.0030844927696320745
2026-10-08 08:20:00+00:00,2026-10-08 16:20:00+08:00,83030.6,83030.6,82994.1,83003.0,1.51154287,125464.075752404,1,83014.48589471666,83015.4585900226,83032.32731012844,82970.57950667094,46.591222743582826,-10.620300187787507,-16.430218545452394,5.809918357664888,51.49285714285569,2.762130651,0.5472380060851799,-0.00033361154368205526,-6.023842368141352e-06,-0.0006200747701810005,-0.000642936606932043,-0.0020739280196692134,0.0004443238833569537,0.0003584636517111811,0.00037055576387850164,0.00035647814966348855,83073.1,82934.0,83088.3,82934.0,83287.6,82934.0,36.5,0.0004397431418141513,-27.60000000000582,-0.0003324075702211693,0.0,8.89999999999418,-0.00015007554296753156,-0.00035320351817802464,0.00039074685896878236,-0.00033361154368205526,-6.023842368141352e-06,-0.0006200747701810005,0.7894553621529817,1.1990742734813842,0.5472380060851799,0.0008319868811343945,0.0008319868811343945,0.0008319868811343945,-0.0008438351283388545,-0.0010266186695359059,-0.0034170752909197244
2026-10-08 08:21:00+00:00,2026-10-08 16:21:00+08:00,83003.0,83003.0,82981.4,82987.0,1.17418099,97444.660101597,1,83005.32392981111,83012.74824811568,83030.54976855477,82970.74289466426,41.1516853932577,-11.707410521179554,-15.485656940597828,3.7782464194182737,49.3142857142853,2.4450698745,0.4802238996299081,-0.0001927641169596761,-0.0004324108167745866,-0.0004901978496333337,-0.0012191848912542769,-0.002452188337680794,0.00042862761742422557,0.00035270240264507476,0.00036369424448204666,0.000355855869211211,83073.1,82934.0,83088.3,82934.0,83287.6,82934.0,21.60000000000582,0.00026028173087358047,-16.0,-0.00019276411695962796,0.0,5.600000000005821,-0.00031017221642537507,-0.0005245029531439904,0.00019593780612980893,-0.0001927641169596761,-0.0004324108167745866,-0.0004901978496333337,0.4788888922623793,1.1785383572254586,0.4802238996299081,0.0006390623869583223,0.0006390623869583223,0.0006390623869583223,-0.0010364365841650791,-0.0012191848912542769,-0.0036091807183783464
2026-10-08 08:22:00+00:00,2026-10-08 16:22:00+08:00,82985.1,82996.3,82955.9,82980.9,10.78415141,894894.043217223,1,82997.18261987407,83009.71508162847,83028.60271880752,82970.843960389,42.56246368390264,-12.912327044265112,-14.970990961331285,2.0586639170661734,49.46428571428675,2.84360949,3.7924164509663387,-7.350548881157604e-05,-0.00018193647886655118,-0.0008320288982541779,-0.0010713868681676564,-0.003324617422772902,0.0004080616914069395,0.000342754059853712,0.0003621572098117047,0.00033823191698364964,83073.1,82934.0,83079.1,82934.0,83287.6,82934.0,40.40000000000873,0.0004868590241851888,-4.2000000000116415,-5.061149531676941e-05,11.19999999999709,25.0,-0.00034712902700773096,-0.0005745335612726832,0.00012119967847734614,-7.350548881157604e-05,-0.00018193647886655118,-0.0008320288982541779,0.8859260612964356,1.1267529137942658,3.7924164509663387,0.000565509923553531,0.000565509923553531,0.000565509923553531,-0.0011098658891989244,-0.0011820060641004604,-0.003682420912596962
2026-10-08 08:23:00+00:00,2026-10-08 16:23:00+08:00,82980.0,83007.4,82940.1,82940.1,5.57769309,462814.201057864,1,82978.15507991606,83003.08507385432,83025.13202395233,82970.53805033538,36.871360508204866,-16.963901789771626,-15.369573127019354,-1.5943286627522717,52.34285714285735,3.064772345,1.819937164044072,-0.0004916794105630506,-0.0013461462049633166,-0.0011080052172594002,-0.001209048596768958,-0.003187296963053976,0.00015650786843478286,0.0003589984818125045,0.00036717034114801836,0.00033472078103836337,83073.1,82934.0,83073.1,82934.0,83239.4,82934.0,67.29999999998836,0.0008114289710283488,-39.89999999999418,-0.0004808387563267556,27.39999999999418,0.0,-0.0007588281061875479,-0.0010241721016209793,-0.00036685371760403207,-0.0004916794105630506,-0.0013461462049633166,-0.0011080052172594002,1.4461362446527222,0.42625411395004104,1.819937164044072,7.355246340479127e-05,7.355246340479127e-05,7.355246340479127e-05,-0.001600999601555686,-0.001600999601555686,-0.003595653020084133
2026-10-08 08:24:00+00:00,2026-10-08 16:24:00+08:00,82940.0,82961.3,82935.9,82940.3,0.36196128,30020.680102442,1,82965.53671994405,82997.10554301106,83021.80527791499,82970.23717421264,39.20741989881835,-19.92893725374597,-16.281445952364678,-3.6474913013812937,51.235714285714494,2.9439334589999997,0.12295158332924808,2.4113788144042303e-06,-0.0010887539187312,-0.001192206581702826,-0.0007481711372200328,-0.0028697147116459876,0.00019897424047312978,0.0003569594767391004,0.00035859648264943575,0.00033300133078403014,83073.1,82934.0,83073.1,82934.0,83224.8,82934.0,25.40000000000873,0.0003062443709512593,0.3000000000029104,3.617072582624914e-06,21.0,4.100000000005821,-0.0006844280007043402,-0.0009817333848878285,-0.0003608182311179986,2.4113788144042303e-06,-0.0010887539187312,-0.001192206581702826,0.5557682178477199,0.554869470562117,0.12295158332924808,7.596401958176457e-05,7.596401958176457e-05,7.596401958176457e-05,-0.001598592083357997,-0.001598592083357997,-0.003418452192134991
2026-10-08 08:25:00+00:00,2026-10-08 16:25:00+08:00,82940.1,82975.6,82934.0,82974.3,1.08011667,89586.361780413,1,82968.45781329603,82994.9335865338,83019.94232583989,82970.27760033988,50.34822983169021,-19.312609628599603,-16.887678687611665,-2.424930940987938,47.13571428571491,2.956859339,0.3652918675412175,0.00040993340993455973,-0.0003457706347963496,-0.0005155564335540541,-0.000556489059930998,-0.0019065880133953828,0.0003272890402028813,0.00037392833270778557,0.000364737354509376,0.0003313783414515252,83073.1,82934.0,83073.1,82934.0,83224.8,82934.0,41.60000000000582,0.0005013600596812004,34.19999999999709,0.0004123457772536697,1.3000000000029104,6.100000000005821,-0.0002486126037114511,-0.0005497754462505666,4.848000725643509e-05,0.00040993340993455973,-0.0003457706347963496,-0.0005155564335540541,0.9066093329203867,0.8973279982335013,0.3652918675412175,0.00048592856970608445,0.00048592856970608445,0.00048592856970608445,-0.0011893139897271032,-0.0011893139897271032,-0.00300992011996426
2026-10-08 08:26:00+00:00,2026-10-08 16:26:00+08:00,82969.8,82973.4,82940.3,82973.4,1.16372464,96539.963019258,1,82970.10520886403,82992.88276876869,83018.11713659127,82970.30866899321,50.553613053611386,-18.68144001199107,-17.246430952487547,-1.4350090595035248,46.442857142857974,2.9839596745,0.38999342046906077,-1.0846732060532105e-05,-0.000163881089809359,1.807840967837926e-05,-0.0006311291189005086,-0.001805746870620295,0.0003201413321050951,0.0003462890189568532,0.00036441076954474674,0.0003312209805356969,83073.1,82934.0,83073.1,82934.0,83224.8,82934.0,33.09999999999127,0.0003989230283439183,3.599999999991269,4.338928140107929e-05,0.0,29.5,-0.00023475228379488122,-0.0005386431074761999,3.7258280177310255e-05,-1.0846732060532105e-05,-0.000163881089809359,1.807840967837926e-05,0.7098690639276924,0.8785177575982267,0.38999342046906077,0.00047507656690859434,0.00047507656690859434,0.00047507656690859434,-0.001200147821617481,-0.001200147821617481,-0.0030207342042276597
2026-10-08 08:27:00+00:00,2026-10-08 16:27:00+08:00,82973.5,83001.3,82973.4,83000.0,0.88506306,73437.664516804,1,82980.07013924269,82993.56060031454,83017.40666064652,82970.60410512263,58.90491610244379,-15.852102676901268,-16.967565297370292,1.1154626204690246,44.42857142857247,2.957304633,0.2992803142847543,0.0003205846693037362,0.0002301734495528951,0.00036639925948778185,-0.00042150900222792664,-0.0014100571241572046,0.0003542862198621425,0.00035575523343703936,0.00036901043082685685,0.0003342327811547407,83073.1,82934.0,83073.1,82934.0,83224.8,82934.0,27.90000000000873,0.0003361445783133582,26.5,0.0003193790788625284,1.3000000000029104,0.10000000000582077,7.758914834932185e-05,-0.00020967483021572253,0.0003542928871544948,0.0003205846693037362,0.0002301734495528951,0.00036639925948778185,0.5903088256696725,0.9600981171948955,0.2992803142847543,0.0007958135384764642,0.0007958135384764642,0.0007958135384764642,-0.0008799479013062994,-0.0008799479013062994,-0.0027011179359999193
2026-10-08 08:28:00+00:00,2026-10-08 16:28:00+08:00,83000.0,83000.0,82981.3,82985.4,0.47557571,39464.210005176,1,82981.84675949512,82992.78340028458,83016.15149748391,82970.75132795723,52.858453072454544,-14.61940701349522,-16.497933640595278,1.878526627100058,42.98571428571553,2.9400811525,0.16175598064550362,-0.00017590361445785074,0.0005461773014499016,0.0005534154413757708,-0.0004384390605841615,-0.0016781975076060052,0.0002460808578096818,0.000344312645013922,0.0003692527333186294,0.00033444966597192887,83073.1,82934.0,83073.1,82934.0,83224.8,82934.0,18.69999999999709,0.0002253408430880262,-14.60000000000582,-0.00017590361445790146,0.0,4.099999999991269,-8.896436511796058e-05,-0.00037042788576924224,0.00017655224049817342,-0.00017590361445785074,0.0005461773014499016,0.0005534154413757708,0.3980517984189776,0.6664293466375991,0.16175598064550362,0.0006197699375405374,0.0006197699375405374,0.0006197699375405374,-0.0010556967297478126,-0.0010556967297478126,-0.0028765464140497743
2026-10-08 08:29:00+00:00,2026-10-08 16:29:00+08:00,82985.5,83005.8,82985.5,83002.7,1.06405908,88314.13453553,1,82988.79783966343,82993.72783835272,83015.62398777866,82971.06922519149,49.86996098829601,-12.106959903831012,-15.619738893242426,3.512778989411414,40.450000000002284,2.912032636,0.3654008086467064,0.00020847040563776176,0.0007523483758800076,0.00043390902615136895,-1.2047786340785294e-06,-0.0018975354886033857,0.00024091862247224732,0.0003384313642280104,0.00036913307320268404,0.00033054897932286635,83073.1,82934.0,83073.1,82934.0,83224.8,82934.0,20.30000000000291,0.00024457035734985625,17.19999999999709,0.0002072651246301714,3.1000000000058208,0.0,0.00010810650251502629,-0.0001556813905363441,0.00038122655407346606,0.00020847040563776176,0.0007523483758800076,0.00043390902615136895,0.4321422586300984,0.6526606255624334,0.3654008086467064,0.0008283695468684904,0.0008283695468684904,0.0008283695468684904,-0.0008474464056356101,-0.0008474464056356101,-0.0026686756832098313
2026-10-08 08:30:00+00:00,2026-10-08 16:30:00+08:00,83002.6,83029.9,82965.9,82968.5,2.98578768,247841.983593751,1,82982.03189310896,82991.32518708103,83013.77598825793,82971.04366076173,41.56327543424392,-12.728752511335188,-15.041541616860979,2.312789105525791,41.78571428571637,3.0157281055,0.990071908191791,-0.00041203478922968717,-6.990116216709641e-05,-0.00042166896576645296,-0.0005408765331861298,-0.0023543756154985607,0.0002941489353434006,0.00033565659964936324,0.00037578874812816245,0.0003339988315526646,83073.1,82934.0,83073.1,82934.0,83224.8,82934.0,64.0,0.0007713770888951832,-34.10000000000582,-0.0004108305041047608,27.29999999998836,2.6000000000058208,-0.0002750309990783295,-0.0005454033107026302,-3.0657210630335996e-05,-0.00041203478922968717,-6.990116216709641e-05,-0.00042166896576645296,1.3417190388263118,0.7827507790176872,0.990071908191791,0.0004159934405671972,0.0004159934405671972,0.0004159934405671972,-0.001259132017464193,-0.001259132017464193,-0.00307961088521691
2026-10-08 08:31:00+00:00,2026-10-08 16:31:00+08:00,82968.6,82987.3,82934.1,82934.1,0.62248031,51652.582335799,1,82966.05459540598,82985.8751692638,83010.65143969879,82970.67606214719,40.618369202789445,-15.815014497129596,-15.196236192914704,-0.6187783042148922,41.200000000001246,2.853803491,0.21812304595011797,-0.0004146151852810753,-0.00047364577081310255,-0.0010695844158657986,-0.0013137740356825578,-0.0028447518176472064,0.0003442436537696563,0.00034123514474220234,0.0003755728613721774,0.0003371150075000757,83073.1,82934.0,83073.1,82934.0,83224.8,82934.0,53.19999999999709,0.0006414731696611778,-34.5,-0.00041581996080444886,18.69999999999709,0.0,-0.0006239033951042083,-0.0009221881574366098,-0.00044083119341808974,-0.0004146151852810753,-0.00047364577081310255,-0.0010695844158657986,1.1293523466531086,0.9165828769201854,0.21812304595011797,1.2057780887086977e-06,1.2057780887086977e-06,1.2057780887086977e-06,-0.0016732251474905757,-0.0016732251474905757,-0.003492949217060226
2026-10-08 08:32:00+00:00,2026-10-08 16:32:00+08:00,82934.1,82934.1,82872.9,82872.9,2.77609469,230138.019467616,1,82935.00306360399,82975.11562933393,83005.2494224557,82969.70316600642,23.29952267303196,-22.93484922107018,-16.7439587985458,-6.1908904225243795,40.057142857145145,2.9123529610000003,0.9532136822615024,-0.0007379353004374201,-0.0015313253012049222,-0.0014832040098318178,-0.0010956585884447367,-0.0034200244596687135,0.0003504328722157291,0.0003778992808557341,0.0003590440506411976,0.0003484464597238915,83073.1,82872.9,83073.1,82872.9,83224.8,82872.9,61.20000000001164,0.0007384802510834259,-61.20000000001164,-0.0007379353004374755,0.0,0.0,-0.0012318829393447306,-0.0015944705109205426,-0.0011667290867938274,-0.0007379353004374201,-0.0015313253012049222,-0.0014832040098318178,1.3224333527456704,0.9760163734503042,0.9532136822615024,0.0,0.0,0.0,-0.0024099257160261622,-0.0024099257160261622,-0.0042283069469678525
2026-10-08 08:33:00+00:00,2026-10-08 16:33:00+08:00,82872.9,82916.2,82857.1,82891.6,8.42636829,698390.003662215,1,82920.535375736,82967.16175987355,83000.7925823594,82968.926020076,29.095281033967495,-26.759963614793378,-18.747159761795317,-8.012803852998061,40.81428571428738,3.1796890095,2.650060513724589,0.00022564674338676483,-0.001130319309179506,-0.0019301183958463364,-0.0010978191839985385,-0.0028090191771197315,0.00042573808060673775,0.00032674160252839363,0.00035898934985621473,0.0003475851679291716,83073.1,82857.1,83073.1,82857.1,83224.8,82857.1,59.09999999999127,0.0007129793609966663,18.70000000001164,0.0002256467433866999,24.59999999999127,15.799999999988358,-0.0009107429767482023,-0.0013155607189057061,-0.0009319877185982595,0.00022564674338676483,-0.001130319309179506,-0.0019301183958463364,1.268043091597083,1.1859351280957438,2.650060513724589,0.000416379525713495,0.000416379525713495,0.000416379525713495,-0.0021848227645290264,-0.0021848227645290264,-0.004003614307273806
2026-10-08 08:34:00+00:00,2026-10-08 16:34:00+08:00,82889.9,82916.0,82854.1,82854.1,2.67519834,221719.867873988,1,82898.39025049067,82956.39397321893,82995.0399320708,82967.78347261256,28.262773722630442,-32.443344252431416,-21.486396659922537,-10.956947592508879,42.62142857143044,3.2416974949999995,0.8252461385203991,-0.000452398071698501,-0.0017903032070040181,-0.0021269241376983272,-0.002058416139716912,-0.00326134553661217,0.0003535640075978808,0.0003360268499206421,0.0003513991449092655,0.0003514345292941149,83030.6,82854.1,83073.1,82854.1,83224.8,82854.1,61.89999999999418,0.0007470964019884855,-35.79999999998836,-0.0004318982167910489,26.10000000000582,0.0,-0.0012331053499258227,-0.0016981729533011025,-0.0013702122420816698,-0.000452398071698501,-0.0017903032070040181,-0.0021269241376983272,1.3282202370809912,1.0061606942417982,0.8252461385203991,0.0,0.0,0.0,-0.002125722324058832,-0.0026362324266218096,-0.004454201151579795
2026-10-08 08:35:00+00:00,2026-10-08 16:35:00+08:00,82854.2,82854.2,82840.0,82849.7,3.23788992,268253.045101266,1,82882.1601669938,82946.23264243617,82989.34032689154,82966.60851268607,29.25355092173055,-36.877407780484646,-24.56459888403496,-12.312808896449685,42.09285714285839,3.1169645865000004,1.0387958637784156,-5.3105398525987724e-05,-0.0014318687212616643,-0.0018469211956194664,-0.0024658507365645788,-0.0033214717933542914,0.00037566501913636097,0.00033238024280960463,0.0003421996395656042,0.00035134158968631353,83029.9,82840.0,83073.1,82840.0,83224.8,82840.0,14.19999999999709,0.00017139470631754962,-4.5,-5.431227384972639e-05,0.0,9.69999999999709,-0.001163797792388066,-0.0016826296767935567,-0.0014091031896066308,-5.3105398525987724e-05,-0.0014318687212616643,-0.0018469211956194664,0.30862494374086696,1.0977949001151446,1.0387958637784156,0.0001170931916947282,0.0001170931916947282,0.0001170931916947282,-0.0021703025054828906,-0.002689197826974188,-0.004507070007978453
2026-10-08 08:36:00+00:00,2026-10-08 16:36:00+08:00,82843.2,82843.2,82820.0,82820.1,1.00409421,83170.179162765,1,82861.47344466254,82934.2200098232,82982.70345132718,82965.15071653994,27.313769751696128,-42.29238737904234,-28.11015658303644,-14.1822307960059,41.32857142857184,2.969580321,0.33812663792905034,-0.000357273472323838,-0.0013745853635597216,-0.0020111583742030703,-0.002500370358326065,-0.00465822273659755,0.00037162900433453035,0.00033751459583478534,0.0003430949261639741,0.000325763107851032,83029.9,82820.0,83073.1,82820.0,83224.8,82820.0,23.19999999999709,0.0002801252352991253,-23.09999999999127,-0.0002788400254938398,0.0,0.10000000000582077,-0.0013760304227817821,-0.001959486068353389,-0.0017483330686098864,-0.000357273472323838,-0.0013745853635597216,-0.0020111583742030703,0.5150015330088888,1.0831667156655038,0.33812663792905034,1.2074378170634503e-06,1.2074378170634503e-06,1.2074378170634503e-06,-0.0025268005862947307,-0.0030455105202525923,-0.004862733223750526
2026-10-08 08:37:00+00:00,2026-10-08 16:37:00+08:00,82820.0,82824.7,82797.4,82809.9,2.70302801,223818.551260628,1,82844.2822964417,82922.38000888766,82975.92684539278,82963.60593329079,29.894996911674966,-46.86660344766278,-31.861445955961706,-15.005157491701077,38.471428571430025,2.8090543510000003,0.9622555038985786,-0.00012315850862310018,-0.0007602002584681244,-0.002060715176624983,-0.0028910295003010678,-0.0045762381807561425,0.0002672102261636911,0.0003371205933665887,0.00033663085455484034,0.0003253890253800304,83029.9,82797.4,83073.1,82797.4,83224.8,82797.4,27.30000000000291,0.0003296707277753374,-10.10000000000582,-0.0001219512195122654,4.69999999999709,12.5,-0.0013564493551151413,-0.002000903776611551,-0.0018526910873954971,-0.00012315850862310018,-0.0007602002584681244,-0.002060715176624983,0.6173507362534845,0.7937781773362669,0.9622555038985786,0.0001509709242077939,0.0001509709242077939,0.0001509709242077939,-0.0026496478979258775,-0.0031682939483420602,-0.004985292845401945
2026-10-08 08:38:00+00:00,2026-10-08 16:38:00+08:00,82810.0,82877.8,82809.9,82860.2,1.17131975,97030.694661601,1,82849.5881976278,82916.4581032793,82971.38853773032,82962.57701853168,39.28857983418099,-45.903763006295776,-34.66990936602852,-11.233853640267256,41.50714285714431,2.502943668,0.46797687258217596,0.0006074152969632873,-0.0003788079853689341,-0.0009633458363326186,-0.0020702836613792908,-0.004086528638152287,0.00041551004574449626,0.00037224594047181186,0.0003593555943707765,0.0003363204745817261,83029.9,82797.4,83073.1,82797.4,83210.8,82797.4,67.90000000000873,0.0008194525236483708,50.19999999999709,0.0006062069798333183,17.60000000000582,0.10000000000582077,-0.00067849139442544,-0.0013400828850750335,-0.0012340144461618907,0.0006074152969632873,-0.0003788079853689341,-0.0009633458363326186,1.500970901893724,1.1562643026945076,0.46797687258217596,0.0007584779232199246,0.0007584779232199246,0.0007584779232199246,-0.002043842037627419,-0.0025628031215881864,-0.004213395376561735
2026-10-08 08:39:00+00:00,2026-10-08 16:39:00+08:00,82860.2,82872.8,82816.6,82846.8,4.26965571,353695.435550424,1,82848.65879841853,82909.82399820509,82966.50271272128,82961.42500839704,31.955844891029827,-45.6952268997411,-36.87497287277104,-8.820254026970062,42.55000000000083,2.6974992855,1.58281995956436,-0.00016171817108812103,-8.8106683917899e-05,-0.0011273168773201503,-0.002318179464422254,-0.003978229741865791,0.0003671496504968598,0.000372560594899494,0.00035850462963180345,0.0003355043009529073,83029.9,82797.4,83073.1,82797.4,83182.2,82797.4,56.19999999999709,0.0006783605401777387,-13.39999999999418,-0.00016171817108809994,12.60000000000582,30.19999999999709,-0.0007601511517676407,-0.0014427836392689741,-0.0013816663393310114,-0.00016171817108812103,-8.8106683917899e-05,-0.0011273168773201503,1.2163056828702634,1.0241141122052875,1.58281995956436,0.0005966370924692654,0.0005966370924692654,0.0005966370924692654,-0.0022052296823191764,-0.002724106840842566,-0.004032112639482888
2026-10-08 08:40:00+00:00,2026-10-08 16:40:00+08:00,82846.9,82860.0,82838.6,82838.6,0.34191004,28327.976911165,1,82845.30586561236,82903.04076028078,82961.48692006555,82960.20286901001,31.308929561844806,-45.66523163790407,-38.633024625797646,-7.032207012106426,41.65000000000042,2.639017644,0.12955958849966676,-9.897787241019973e-05,-0.0001339775521214115,-0.0016354461562194667,-0.0021501594249859757,-0.0037294629982187466,0.0003688289788799144,0.0003475666929681838,0.00035674047192684247,0.0003334862322009475,83029.9,82797.4,83073.1,82797.4,83156.0,82797.4,21.39999999999418,0.0002583336753638301,-8.299999999988358,-0.00010018479870687206,13.10000000000582,0.0,-0.0007773027344932792,-0.0014812526224843303,-0.0014657976331375888,-9.897787241019973e-05,-0.0001339775521214115,-0.0016354461562194667,0.469773705971797,1.0338859980976616,0.12955958849966676,0.0004976001661889384,0.0004976001661889384,0.0004976001661889384,-0.0023039892857872335,-0.0028228150869535895,-0.0038169224108902666
2026-10-08 08:41:00+00:00,2026-10-08 16:41:00+08:00,82838.6,82838.6,82800.0,82800.0,0.91105163,75448.331586487,1,82830.20391040825,82893.22735453976,82955.15409967082,82958.60881061191,23.161567364468425,-48.20053185567667,-40.54652607177346,-7.654005783903216,42.414285714285924,2.625861176,0.34695346362057644,-0.0004659663490209631,-0.00024269470816873362,-0.0020898263780921855,-0.0020717857491511227,-0.004083498216852388,0.000395424863390835,0.0003580868699991051,0.0003534255783260563,0.00033749161402655273,83029.9,82797.4,83073.1,82797.4,83142.4,82797.4,38.60000000000582,0.00046618357487929733,-38.60000000000582,-0.0004659663490209373,0.0,0.0,-0.0011246679314466101,-0.0018703370677173314,-0.0019119029704801616,-0.0004659663490209631,-0.00024269470816873362,-0.0020898263780921855,0.8868237177888953,1.1188348768182022,0.34695346362057644,3.140195223538811e-05,3.140195223538811e-05,3.140195223538811e-05,-0.0027688820533324776,-0.0032874660991344395,-0.004118235701639494
2026-10-08 08:42:00+00:00,2026-10-08 16:42:00+08:00,82800.1,82842.3,82800.1,82834.2,0.61136652,50639.028524907,1,82831.53594027217,82887.60570172645,82950.41080164451,82957.37091199886,30.724120346763513,-46.90937924163882,-41.81909670574653,-5.090282535892285,44.10000000000063,2.1172219315000005,0.28875882632051786,0.00041304347826076615,0.00029344317527257857,-0.0019975903614458668,-0.0016319230175873,-0.0034491926819848473,0.000440275203573723,0.0003672488945714357,0.00036420087205303424,0.00034249108335715717,83029.9,82797.4,83073.1,82797.4,83122.1,82797.4,42.19999999999709,0.0005094514101662972,34.09999999999127,0.0004118352514065957,8.10000000000582,0.0,-0.0006443146870309668,-0.0014009671624460873,-0.0014847494640292114,0.00041304347826076615,0.00029344317527257857,-0.0019975903614458668,0.9701934421663149,1.2088801465297176,0.28875882632051786,0.0004444584008675978,0.0004444584008675978,0.0004444584008675978,-0.00235698224374592,-0.0028757804873058568,-0.0034635794812691856
2026-10-08 08:43:00+00:00,2026-10-08 16:43:00+08:00,82838.4,82878.1,82838.4,82878.1,1.9532899,161820.462788853,1,82847.05729351478,82886.70039680012,82947.57508393297,82956.58214670535,35.124164278894256,-41.861218313337304,-41.827521027264694,-0.033697286072609245,45.77857142857205,1.9360017720000002,1.008929810008459,0.0005299743342725982,0.00021602651212537793,-0.001292998527451683,-0.0007402986514265519,-0.0027998767909825917,0.00041689021362776245,0.0004047055017545225,0.00037446096432892717,0.00035065792901260923,83029.9,82797.4,83073.1,82797.4,83120.4,82797.4,39.70000000001164,0.0004790167728267376,39.70000000001164,0.00047924633986184723,0.0,0.0,-0.00010376087790853195,-0.0008375782397817,-0.0009460629244169017,0.0005299743342725982,0.00021602651212537793,-0.001292998527451683,0.9238090237242568,1.1133075362738354,1.008929810008459,0.000974668286685576,0.000974668286685576,0.000974668286685576,-0.0018282570495687933,-0.0023473302428824727,-0.002915048532008857
2026-10-08 08:44:00+00:00,2026-10-08 16:44:00+08:00,82878.1,82916.5,82856.6,82865.5,5.31929631,440865.770903224,1,82853.20486234319,82884.6813113906,82944.3564531905,82955.67585668838,37.034239677745546,-38.43418375910551,-41.14885357363286,2.7146698145273547,45.485714285714494,2.1838685235,2.4357218636380975,-0.0001520305122825194,0.00022571783098435105,-0.001652958277260863,-0.0012197664846257394,-0.002969476238775748,0.00041572020324271043,0.00039658076091052177,0.00036909302450765,0.0003508133115417068,83029.9,82797.4,83073.1,82797.4,83112.4,82797.4,59.89999999999418,0.0007228581255165803,-12.60000000000582,-0.00015203051228256705,38.39999999999418,8.89999999999418,-0.00023142167029066574,-0.0009507151126671998,-0.0010870366102997409,-0.0001520305122825194,0.00022571783098435105,-0.001652958277260863,1.3716730593562425,1.1263290705568292,2.4357218636380975,0.0008224895950839084,0.0008224895950839084,0.0008224895950839084,-0.0019800096109955367,-0.0024990038893457633,-0.002970675855828886
2026-10-08 08:45:00+00:00,2026-10-08 16:45:00+08:00,82865.4,82909.7,82860.2,82908.4,0.63261967,52433.456805719,1,82871.60324156213,82886.9402341153,82942.94639620263,82955.20545015417,46.832634951933805,-31.88896655839926,-39.296876170586145,7.407909612186884,45.22142857142899,2.1614936735,0.2926770861076036,0.0005177064037504842,0.0008426023617007505,-0.0007243712975406602,-0.0011457348184112925,-0.0024112969986331834,0.00045213318461601195,0.0004181096133011824,0.00037267822876299985,0.000358376224380669,82987.3,82797.4,83073.1,82797.4,83109.9,82797.4,49.5,0.0005970444490546194,43.0,0.0005189138047966944,1.3000000000029104,5.19999999999709,0.0002589040664799924,-0.0004165079455655807,-0.0005642255950086827,0.0005177064037504842,0.0008426023617007505,-0.0007243712975406602,1.1384359313790742,1.2131998859089257,0.2926770861076036,0.0013406218069649256,0.0013406218069649256,0.0013406218069649256,-0.0009507478855199647,-0.0019825912359116016,-0.0024245005709307987
2026-10-08 08:46:00+00:00,2026-10-08 16:46:00+08:00,82908.5,82957.0,82899.6,82955.0,2.06384728,171136.3184741,1,82899.40216104142,82893.4221165805,82943.41908654763,82955.20340587404,60.49603681922762,-22.680161440381198,-35.97353322454516,13.29337178416396,44.94999999999917,2.2064998055000005,0.9353489516996921,0.0005620660873928429,0.001871980676328544,0.00025200731665253606,-0.0008178466423118813,-0.0015947043779148684,0.00029940806362231117,0.00043276858397628106,0.00038553721351702695,0.00036551335311390154,82957.0,82797.4,83073.1,82797.4,83109.9,82797.4,57.39999999999418,0.000691941414019579,46.5,0.0005608592605100803,2.0,8.89999999999418,0.0007428560897497771,0.00013962425928326638,-2.4519965678981848e-06,0.0005620660873928429,0.001871980676328544,0.00025200731665253606,1.3072277956166387,0.7765996462208908,0.9353489516996921,0.0019034414124114996,0.0019034414124114996,0.0019034414124114996,-2.410887568260467e-05,-0.0014216394958176393,-0.0018637972130877145
2026-10-08 08:47:00+00:00,2026-10-08 16:47:00+08:00,82956.9,82956.9,82890.0,82912.9,20.65015978,1711942.436653469,1,82903.90144069429,82895.27715309664,82942.22225962419,82954.78247646237,52.569360675511085,-18.5652268158301,-32.49187194280215,13.926645126972048,45.507142857142235,3.1947546415000003,6.463770178702782,-0.0005075040684708876,0.0009500906630353079,0.0004826668307733595,-0.0010012530724372581,-0.002101399127426018,0.0004911476346952909,0.00040740739061634064,0.0003918129567841715,0.0003707239042114762,82957.0,82797.4,83073.1,82797.4,83109.9,82797.4,66.89999999999418,0.0008068708246846291,-44.0,-0.000530395904379262,0.0,22.89999999999418,0.00021259168807419293,-0.0003535263322510529,-0.0005048832051878227,-0.0005075040684708876,0.0009500906630353079,0.0004826668307733595,1.5179425834416502,1.2535257606752335,6.463770178702782,0.0013949713396796959,0.0013949713396796959,0.0013949713396796959,-0.0005316007088009833,-0.0019284220764604898,-0.0023703553968901225
2026-10-08 08:48:00+00:00,2026-10-08 16:48:00+08:00,82912.9,82912.9,82855.5,82900.7,3.68348733,305308.36183494,1,82902.8342937962,82895.79361470648,82940.59393571736,82954.24434236823,55.986639260019025,-16.10292502377706,-29.214082558997134,13.111157535220073,45.185714285713665,3.3551502225,1.0978606279081444,-0.00014714236264801173,0.00027268964901461246,0.00010978193206545583,-0.001820548355907503,-0.0024175226469768107,0.0004667297136746001,0.00040613544451695456,0.00036872955003973434,0.0003700147057992823,82957.0,82797.4,83073.1,82797.4,83109.9,82797.4,57.39999999999418,0.000692394635992147,-12.19999999999709,-0.00014714236264799676,0.0,45.19999999999709,5.918738550625413e-05,-0.00048099409257051917,-0.0006454683879373313,-0.00014714236264801173,0.00027268964901461246,0.00010978193206545583,1.3222451133654605,1.2657778950027336,1.0978606279081444,0.0012476237176530791,0.0012476237176530791,0.0012476237176530791,-0.0006786648504647497,-0.0020752806865279583,-0.0025171489798446745
2026-10-08 08:49:00+00:00,2026-10-08 16:49:00+08:00,82900.8,82930.0,82884.1,82907.3,2.40576858,199471.054594001,1,82904.32286253081,82896.88946092491,82939.28829117943,82953.77723448398,57.358201328564434,-13.463766354514519,-26.064019318100613,12.600252963586094,47.44999999999917,3.4222356974999997,0.7029815572777335,7.961332051475978e-05,0.0005044318805775827,0.0006420925458123783,-0.0014861972740202178,-0.002344104420947235,0.00045236472393177154,0.00038583678266405355,0.0003677030305052988,0.00037029264055790884,82957.0,82797.4,83030.6,82797.4,83102.2,82797.4,45.89999999999418,0.000553630379954409,6.5,7.840696350336788e-05,22.69999999999709,16.69999999999709,0.00012558419432617818,-0.0003856832128474874,-0.0005602787001801612,7.961332051475978e-05,0.0005044318805775827,0.0006420925458123783,1.0593072366860834,1.2302447529739702,0.7029815572777335,0.001327336365634757,0.001327336365634757,0.001327336365634757,-0.0005991055607121876,-0.0014849946887051102,-0.0023453049377752944
2026-10-08 08:50:00+00:00,2026-10-08 16:50:00+08:00,82907.4,82932.1,82868.1,82877.0,0.40731459,33763.558472774,1,82895.21524168721,82894.99522655111,82936.84561309396,82953.01328190205,57.25580209130185,-13.65971023068414,-23.58315750061732,9.923447269933181,49.89999999999937,3.2933120430000002,0.12367931877750703,-0.0003654684207542447,-0.00037873122626896905,0.00032951235792055833,-0.0015180174210570607,-0.002159978039019239,0.00042023574078109746,0.00039957120845487526,0.0003685966975043482,0.00036672781168755936,82957.0,82797.4,83029.9,82797.4,83088.3,82797.4,64.0,0.0007722287244953365,-30.39999999999418,-0.00036667414488928833,24.70000000001164,8.89999999999418,-0.0002170845960233203,-0.0007215805309638279,-0.0009163414190118679,-0.0003654684207542447,-0.00037873122626896905,0.00032951235792055833,1.446887374733994,1.1400963264901203,0.12367931877750703,0.0009613828453551854,0.0009613828453551854,0.0009613828453551854,-0.0009643550273032986,-0.0018415052890584649,-0.0025430776655678278
2026-10-08 08:51:00+00:00,2026-10-08 16:51:00+08:00,82876.9,82920.2,82876.9,82895.2,0.81214536,67322.046601359,1,82895.21016112482,82895.01472878434,82935.21245179616,82952.43802536571,60.6598350412395,-12.205709447269328,-21.307667889947727,9.101958442678399,51.04285714285652,3.3027952955,0.24589636575616225,0.00021960254352837438,-0.0007208727623411182,0.0009067847056449807,-0.0011061973562124239,-0.0023240335883633056,0.0003014145437621567,0.0003880508277682437,0.00037079363987216384,0.00036414038342755614,82957.0,82797.4,83029.9,82797.4,83088.3,82797.4,43.30000000000291,0.0005223462878429983,18.30000000000291,0.0002208094173406934,25.0,0.0,2.2350103472401628e-06,-0.0004824543232396783,-0.0006900101639956135,0.00021960254352837438,-0.0007208727623411182,0.0009067847056449807,0.9629342269993023,0.8128902746715759,0.24589636575616225,0.0011811965110015699,0.0011811965110015699,0.0011811965110015699,-0.0007449642585918292,-0.0016223071447755144,-0.0023240335883633056
2026-10-08 08:52:00+00:00,2026-10-08 16:52:00+08:00,82895.1,82895.2,82860.1,82865.2,2.07116711,171654.23676662,1,82885.20677408323,82892.17523080489,82932.46686545122,82951.56998531232,50.658241179568165,-13.320601033497951,-19.71025451865777,6.389653485159819,48.69999999999813,3.2675489165,0.6338595574013651,-0.0003619027398450436,-0.0005753025162549275,0.0006677945511346373,-0.0013942967598568057,-0.002464189796785532,0.0002619931836670328,0.00040080815764025936,0.00037548619268893004,0.0003657827571947999,82957.0,82800.0,83029.9,82797.4,83079.1,82797.4,35.09999999999127,0.00042357950020022,-29.90000000000873,-0.00036069683250287087,0.09999999999126885,5.099999999991269,-0.0003254255390183758,-0.0008111041187326418,-0.0010412097724927794,-0.0003619027398450436,-0.0005753025162549275,0.0006677945511346373,0.7839079749509053,0.6977438552156828,0.6338595574013651,0.0007874396135265638,0.0008188662929029533,0.0008188662929029533,-0.0011065973938305662,-0.0019836227672199724,-0.002574654756731909
2026-10-08 08:53:00+00:00,2026-10-08 16:53:00+08:00,82865.3,82865.3,82846.5,82851.6,1.89042585,156629.581561497,1,82874.00451605549,82888.3109231092,82929.29561582569,82950.57525909031,50.63157894736878,-15.127190156257711,-18.793641646177758,3.666451489920046,46.028571428569975,2.9407517945,0.6428376082386846,-0.00016412197158743869,-0.0005922748541326017,-0.00010378927398180249,-0.001067035125349447,-0.002274793624797433,0.0002626222889861456,0.0003718822709764546,0.0003667537387826901,0.00036384680644021834,82957.0,82800.0,83029.9,82797.4,83073.1,82797.4,18.80000000000291,0.00022691173133654522,-13.69999999999709,-0.00016532855127534792,0.0,5.100000000005821,-0.00044289626245663793,-0.000936889855975731,-0.0011931835165840399,-0.00016412197158743869,-0.0005922748541326017,-0.00010378927398180249,0.4356486441513422,0.7160725609991812,0.6428376082386846,0.0006231884057972259,0.0006546099273649908,0.0006546099273649908,-0.0012705377484720781,-0.002147419182727983,-0.002666326404094699
2026-10-08 08:54:00+00:00,2026-10-08 16:54:00+08:00,82849.0,82860.8,82826.2,82842.9,2.01230721,166698.624297822,1,82863.63634403699,82883.98607328927,82925.90755245998,82949.50386347748,50.56504599211407,-17.06423644721508,-18.447760606385224,1.3835241591701433,46.97142857142795,2.9076072379999998,0.692083574322152,-0.00010500702460802813,-0.0007767711649036002,-4.707484175625609e-05,-0.001174338650812845,-0.0019216311817489284,0.0002397991624646879,0.0003704810334710469,0.00036689496860913473,0.0003597534155457527,82957.0,82800.0,83029.9,82797.4,83073.1,82797.4,34.60000000000582,0.000417658000866771,-6.100000000005821,-7.362792550309383e-05,11.80000000000291,16.69999999999709,-0.0004957058080308219,-0.0010009845524749927,-0.0012851657757102508,-0.00010500702460802813,-0.0007767711649036002,-4.707484175625609e-05,0.796186190425777,0.6535907629743318,0.692083574322152,0.000518115942028885,0.0005495341641161833,0.0005495341641161833,-0.0013754113576913696,-0.0022522007132370625,-0.002771053445700389
2026-10-08 08:55:00+00:00,2026-10-08 16:55:00+08:00,82843.0,82875.2,82832.6,82875.2,2.75091257,227916.632863394,1,82867.49089602467,82883.14930440458,82923.91902099096,82948.76452155234,60.04810261891927,-15.810762898006942,-17.920361064709567,2.109598166702625,47.2571428571412,2.8832583705,0.9540985289927211,0.00038989460774563334,-2.1718932876502173e-05,0.0004418230148746094,-0.001194345719096268,-0.001750170138700713,0.00030376241723062517,0.00038274205873557146,0.00036606658217054025,0.00036245155246701573,82957.0,82800.0,83029.9,82797.4,83073.1,82797.4,42.59999999999127,0.0005140259088363138,32.19999999999709,0.00038868703451102796,0.0,10.39999999999418,-9.590977745532747e-05,-0.0005875146949896326,-0.0008868669952669661,0.00038989460774563334,-2.1718932876502173e-05,0.0004418230148746094,0.979105409475232,0.8298010034937051,0.9540985289927211,0.0009082125603865343,0.0009396430322692328,0.0009396430322692328,-0.0009860530154176539,-0.00186318422640519,-0.002382239256751073
2026-10-08 08:56:00+00:00,2026-10-08 16:56:00+08:00,82875.2,82906.1,82858.0,82858.0,0.50181688,41594.756078876,1,82864.32726401645,82880.75413255653,82921.33396134425,82947.86139198465,53.33146696528572,-16.020596864895197,-17.540408224746695,1.5198113598514986,47.671428571427114,2.858144504,0.1755743557744203,-0.00020754097727659904,-0.0004487593974077386,0.000700483091787385,-0.0013908071743473638,-0.002021058514341312,0.0002845016448969738,0.00036421355389581024,0.0003672901021721049,0.00036296463354542046,82957.0,82800.1,83029.9,82797.4,83073.1,82797.4,48.10000000000582,0.0005805112360907314,-17.19999999999709,-0.00020754097727664116,30.90000000000873,0.0,-0.00027454060710085937,-0.000763783676873464,-0.0010833479064638052,-0.00020754097727659904,-0.0004487593974077386,0.000700483091787385,1.09314183072099,0.7745965470195598,0.1755743557744203,0.0006992745177842874,0.0007319070405593653,0.0007319070405593653,-0.0011933893462878764,-0.0020703385166066512,-0.00258928582176432
2026-10-08 08:57:00+00:00,2026-10-08 16:57:00+08:00,82857.9,82879.8,82852.7,82854.4,0.50601923,41929.472076057,1,82861.01817601097,82878.2442151702,82918.70910011507,82946.93142788531,46.26065004733198,-16.289605279220268,-17.29024763564141,1.0006423564211424,46.471428571426905,2.748294065,0.18412121047898128,-4.344782640186562e-05,-0.00013033215390778619,0.0002438606276151667,-0.0017542168674699044,-0.0021749864514963857,0.00024059803450893856,0.000350223350333628,0.00036070457442018925,0.00036247001689574743,82957.0,82826.2,83029.9,82797.4,83073.1,82797.4,27.10000000000582,0.00032707979298632084,-3.5,-4.224099331506109e-05,21.90000000000873,1.6999999999970896,-0.00028770174122294545,-0.0007755680329927239,-0.001115549741171118,-4.344782640186562e-05,-0.00013033215390778619,0.0002438606276151667,0.6162639677178293,0.6670224099477677,0.18412121047898128,0.00034047197625874936,0.0006884274143874602,0.0006884274143874602,-0.001236785322516587,-0.0021136963912999907,-0.002632621149325276
2026-10-08 08:58:00+00:00,2026-10-08 16:58:00+08:00,82860.1,82874.4,82846.4,82860.0,2.26162609,187374.876942789,1,82860.67878400732,82876.50667086827,82916.40678246351,82946.06643855313,49.112616973217236,-15.86800668327487,-17.005799445168105,1.137792761893234,44.19285714285589,2.8028093820000004,0.8069139858473614,6.758844430709843e-05,0.00010138609272480892,-0.00021839303748527605,-0.0015111091830610768,-0.0019488857143545868,0.00022940876057837476,0.0003209046513286665,0.00036071027411458436,0.0003623497108246256,82957.0,82826.2,83029.9,82797.4,83073.1,82797.4,28.0,0.0003379193820902727,-0.10000000000582077,-1.2068534796098575e-06,14.299999999988358,13.60000000000582,-0.0001991718948027854,-0.0006802849357847585,-0.0010376192898415848,6.758844430709843e-05,0.00010138609272480892,-0.00021839303748527605,0.6322172022276945,0.6359917558253415,0.8069139858473614,0.00040808343253706525,0.0007560623884326212,0.0007560623884326212,-0.0011692804706052717,-0.0020462508084436726,-0.0025652106397859864
2026-10-08 08:59:00+00:00,2026-10-08 16:59:00+08:00,82862.1,82879.4,82860.1,82879.3,0.16428239,13612.785655943,1,82866.8858560049,82876.77270221415,82914.95161452377,82945.40209588096,44.91791826755362,-13.817261268413858,-16.36809180981726,2.5508305414034,42.04285714285548,2.597540716,0.06324535703639765,0.00023292300265520538,0.000439385873744369,0.00016653492708074147,-0.001486698625466354,-0.0014879016129576428,0.00023301426720611238,0.00032449425883464614,0.00036134235046462966,0.0003630107937790847,82957.0,82826.2,83029.9,82797.4,83073.1,82797.4,19.29999999998836,0.00023286876216363264,17.19999999999709,0.0002075737882578053,0.09999999999126885,2.0,3.049464528426249e-05,-0.00042997811407419206,-0.0007969350224446003,0.00023292300265520538,0.000439385873744369,0.00016653492708074147,0.43599497614220584,0.6448573407088667,0.06324535703639765,0.000641101487210749,0.0009891614954093964,0.0009891614954093964,-0.0009366298202683199,-0.0018138044246710505,-0.0023328851336955614
2026-10-08 09:00:00+00:00,2026-10-08 17:00:00+08:00,82879.4,82949.9,82872.7,82930.3,3.05563244,253403.303332247,1,82888.02390400328,82881.87054009852,82915.55351199344,82945.2518262702,45.75163398692899,-7.984714162535965,-14.691416280361,6.706702117825035,43.4571428571414,2.733226836,1.1179578656822466,0.0006153526875829485,0.0006648551074386333,0.000264146938066645,-0.000460415699934269,-0.0010010432050727713,0.0003138587989981555,0.00033615228938306226,0.0003742557627511258,0.00037183375577784115,82957.0,82826.2,82987.3,82797.4,83073.1,82797.4,77.19999999999709,0.0009309022154748878,50.90000000000873,0.0006141453726741353,19.59999999999127,6.69999999999709,0.0005843190988077396,0.00017784947916243965,-0.0001802613885786286,0.0006153526875829485,0.0006648551074386333,0.000264146938066645,1.7257263391764277,0.8386211522596291,1.1179578656822466,0.0012568486783168797,0.0016051228661770889,0.0016051228661770889,-0.0003218534903624004,-0.000686852084596068,-0.0017189679932493318
2026-10-08 09:01:00+00:00,2026-10-08 17:01:00+08:00,82925.2,82928.7,82894.3,82899.8,0.3449855,28605.076029182,1,82891.94926933553,82883.57810770818,82914.93572720939,82944.79956929239,47.65317090648687,-5.757109288562788,-12.904554882001358,7.1474455934385706,41.24999999999896,2.7049235295000003,0.1275398347633768,-0.0003677787250256914,0.0005044775398874712,-0.0006654210113916648,-0.0004135813857026882,-0.0017268120688990196,0.0003618346788337617,0.00031356498357861933,0.0003726266419434828,0.0003712276806344644,82956.9,82826.2,82957.0,82797.4,83073.1,82797.4,34.39999999999418,0.00041495878156514463,-25.39999999999418,-0.0003063001355437693,3.5,5.5,0.00019571901530057723,-0.0001825452444320641,-0.0005425242996071056,-0.0003677787250256914,0.0005044775398874712,-0.0006654210113916648,0.7801797842299049,0.9710381333620318,0.1275398347633768,0.0008886077110865642,0.0012367538111102139,0.0012367538111102139,-0.0006883092304557081,-0.0006895138445218718,-0.002086114518418114
2026-10-08 09:02:00+00:00,2026-10-08 17:02:00+08:00,82901.9,82982.6,82899.8,82982.5,2.3921477,198447.235680324,1,82922.13284622369,82892.9992403074,82917.58530653451,82945.17469795614,61.69908466819195,2.650924265559297,-9.79345905248923,12.444383318048526,43.0642857142853,2.7939625885,0.8561845852360812,0.0009975898614953405,0.0015460856635254316,0.0008394351180576187,0.0013225071163192048,0.00022539951159417093,0.000522040364038009,0.00038698155586465384,0.0003906021850883256,0.00037417623225720505,82982.6,82826.2,82982.6,82797.4,83073.1,82797.4,82.80000000000291,0.0009978007411201508,80.60000000000582,0.0009722334470018881,0.10000000000582077,2.099999999991269,0.001079714336709392,0.0007828821018545096,0.0004499996796651917,0.0009975898614953405,0.0015460856635254316,0.0008394351180576187,1.8460019945611592,1.3365013918699962,0.8561845852360812,0.001887084038625586,0.0022355774456686017,0.0022355774456686017,-1.2050719067069338e-06,-1.2050719067069338e-06,-0.001090605743616191
2026-10-08 09:03:00+00:00,2026-10-08 17:03:00+08:00,82982.6,82988.8,82967.4,82975.9,1.14152185,94721.219258371,1,82940.0552308158,82900.89455075431,82919.87215725865,82945.4804223546,59.81121281464348,8.681709252225119,-6.0984253915463595,14.78013464377148,41.314285714286335,2.753374186,0.4145901620652443,-7.953484168354841e-05,0.0013987448708665529,0.0009071093488957072,0.0010169908651780357,-8.194479090228857e-05,0.0005427925565305457,0.00038483418576517594,0.00038968473371720516,0.00037316031230704756,82988.8,82826.2,82988.8,82797.4,83073.1,82797.4,21.40000000000873,0.00025790621132170587,-6.7000000000116415,-8.073981774506512e-05,6.19999999999709,8.5,0.0009047604329499581,0.0006756865547872248,0.00036674183440132957,-7.953484168354841e-05,0.0013987448708665529,0.0009071093488957072,0.4909219382925523,1.3929017730636866,0.4145901620652443,0.0018073991080116425,0.002155864797686924,0.002155864797686924,-0.00015544266214251312,-0.00015544266214251312,-0.0011700538441445918
2026-10-08 09:04:00+00:00,2026-10-08 17:04:00+08:00,82975.9,83027.0,82975.9,83027.0,1.93413112,160511.722247736,1,82969.03682054387,82912.90459353961,82924.07324913086,82946.29156243068,70.24838012958836,17.384099663395318,-1.4019203805580247,18.786020043953343,40.39285714285818,2.5841159265,0.7484691766981376,0.0006158414672212675,0.0017821096461962949,0.0014437811869401074,0.0020868007738903405,2.408912978024702e-05,0.0005612407602120369,0.00041076702039769827,0.0003925066749968221,0.0003758645881987054,83027.0,82826.2,83027.0,82797.4,83073.1,82797.4,51.10000000000582,0.0006154624399292498,51.10000000000582,0.0006158414672212753,0.0,0.0,0.0013760874380135402,0.0012412167762179127,0.000973020445508066,0.0006158414672212675,0.0017821096461962949,0.0014437811869401074,1.1813938622331395,1.4298884476718288,0.7484691766981376,0.0024243536465515803,0.002773033935848268,0.002773033935848268,0.0,0.0,-0.0005549329445995177
2026-10-08 09:05:00+00:00,2026-10-08 17:05:00+08:00,83027.4,83056.5,83027.3,83039.7,5.19211145,431158.495273824,1,82992.59121369592,82924.98034653583,82928.60763151788,82947.22099962042,69.79994519046187,25.01720782413031,3.881905260379642,21.135302563750667,39.40714285714369,2.8120905155,1.846352889916427,0.0001529622893756688,0.0013191800825511635,0.001963150210553044,0.0022933094507282537,-0.0001781962446345542,0.0005457646589214069,0.00039044950211117253,0.00039208879487737363,0.000373527260136586,83056.5,82826.2,83056.5,82797.4,83073.1,82797.4,29.19999999999709,0.00035163903530476497,12.30000000000291,0.0001481438657600131,16.80000000000291,0.09999999999126885,0.0013834149008509211,0.001339614538999001,0.001114913788130334,0.0001529622893756688,0.0013191800825511635,0.001963150210553044,0.667283337536295,1.3919414837960256,1.846352889916427,0.0025776867706113205,0.0029264203948433654,0.0029264203948433654,-0.00020227194740929377,-0.00020227194740929377,-0.00040205553903738256
2026-10-08 09:06:00+00:00,2026-10-08 17:06:00+08:00,83039.7,83051.9,83029.4,83051.9,1.50969923,125360.928513904,1,83012.36080913062,82937.06793258004,82933.44262636032,82948.26258171375,76.89426678190523,31.685686208482366,9.442661450000188,22.24302475848218,38.50714285714431,2.7843831129999996,0.5422024084801293,0.0001469176791342175,0.0018347450777926877,0.0018903386444570902,0.0027988374802734306,0.00029146899167376006,0.00043393751974842693,0.00038971941845945325,0.00038357069642146223,0.0003716282694015127,83056.5,82826.2,83056.5,82797.4,83073.1,82797.4,22.5,0.00027091493391481715,12.19999999999709,0.00014691767913416223,0.0,10.30000000000291,0.0013845686890365805,0.0014283426551260359,0.0012494224117611807,0.0001469176791342175,0.0018347450777926877,0.0018903386444570902,0.5143979594960073,1.1313104045665217,0.5422024084801293,0.002724983157503358,0.003073768016870204,0.003073768016870204,-5.53839856002325e-05,-5.53839856002325e-05,-0.0002551969289699141
2026-10-08 09:07:00+00:00,2026-10-08 17:07:00+08:00,83051.8,83051.8,83030.0,83037.7,0.6264857,52022.375797375,1,83020.80720608708,82946.65193900099,82937.53115081678,82949.15250627382,76.7615760713226,35.41642356137163,14.637413872274477,20.77900968909715,38.72857142857226,1.7831994090000003,0.35132677637624765,-0.0001709774249595286,0.0006652004940801426,0.0020816941249162113,0.0027508788200445444,-0.00014810355207706127,0.00030467253007209405,0.0003755053943254667,0.0003845989482415959,0.0003706739501594604,83056.5,82826.2,83056.5,82800.0,83073.1,82797.4,21.80000000000291,0.0002625313562394299,-14.10000000000582,-0.00016977356300532705,0.0,7.69999999999709,0.0010976701153164736,0.0012077626111279827,0.0010674912407269144,-0.0001709774249595286,0.0006652004940801426,0.0020816941249162113,0.500606949382556,0.7921824317644935,0.35132677637624765,0.002553539821940509,0.0028707729468597787,0.0029022650469701095,-0.00022635194114850599,-0.00022635194114850599,-0.00042613072101571614
2026-10-08 09:08:00+00:00,2026-10-08 17:08:00+08:00,83039.3,83058.1,83032.2,83032.2,2.48360832,206252.800066321,1,83024.60480405805,82954.79937338186,82941.24365470633,82949.97884949498,77.47460087082655,37.49701352659031,19.209333803137646,18.287679723452662,38.1071428571439,1.7232054585,1.4412723147719764,-6.623497519797628e-05,0.0006785102662338893,0.002179800993583614,0.0020757854796391584,1.2043534969308212e-06,0.0003024022274540678,0.00037068628615883015,0.00037293594905185443,0.00036971884828141793,83058.1,82826.2,83058.1,82800.0,83073.1,82797.4,25.90000000000873,0.00031192718005796223,-7.100000000005821,-8.550168414239788e-05,18.80000000000291,0.0,0.0009330457936467251,0.001096635898930165,0.000991213640382016,-6.623497519797628e-05,0.0006785102662338893,0.002179800993583614,0.6146244212542795,0.8108690734237064,1.4412723147719764,0.0024871357130955563,0.0028043478260868504,0.0028358378403186,-0.0003118299118328727,-0.0003118299118328727,-0.0004923374714559392
2026-10-08 09:09:00+00:00,2026-10-08 17:09:00+08:00,83032.3,83049.9,83027.1,83043.4,0.51984111,43166.220053431,1,83030.86986937204,82963.23752829788,82945.24978589432,82950.9084131816,76.00494743351771,39.593236279688426,23.286114298447803,16.307121981240623,36.692857142857974,1.628909085,0.3191345144962464,0.00013488742921419217,0.00019752610596546205,0.0024202436177391817,0.0023730548433975596,4.937421196937741e-05,0.00014915733416916507,0.0003642374767952998,0.0003705271212329588,0.0003699623867318382,83058.1,82832.6,83058.1,82800.0,83073.1,82797.4,22.79999999998836,0.00027455523256500046,11.099999999991269,0.0001336829161662542,6.5,5.19999999999709,0.0009662408807851186,0.001183313262170138,0.0011150159604966792,0.00013488742921419217,0.00019752610596546205,0.0024202436177391817,0.5557253485402461,0.40255443022047094,0.3191345144962464,0.0025448917455204167,0.0029396135265700174,0.002971107788408922,-0.0001769845445538376,-0.0001769845445538376,-0.000357516452377582
2026-10-08 09:10:00+00:00,2026-10-08 17:10:00+08:00,83043.1,83058.0,83004.7,83008.9,0.17896571,14861.149475758,1,83023.54657958137,82967.58633512666,82947.745872722,82951.48544389622,72.14558262400779,38.03223431952938,26.23533830266412,11.796896016865261,37.064285714286335,1.6174916410000002,0.11064397828316194,-0.00041544541769722443,-0.0003709069276502941,0.0016132691082495487,0.0020558049025451997,-9.877483072773252e-05,0.00023371367281539888,0.0003867809672775288,0.00038015110169274755,0.0003722692311765847,83058.1,82846.4,83058.1,82800.0,83073.1,82797.4,53.30000000000291,0.0006420998230310595,-34.20000000001164,-0.0004118343366277468,14.89999999999418,4.19999999999709,0.0004979494607262325,0.0007372608698956729,0.0006921462080700103,-0.00041544541769722443,-0.0003709069276502941,0.0016132691082495487,1.2668673080313624,0.6147915178325462,0.11064397828316194,0.0019614612101430673,0.0025229468599032856,0.0025544280375953132,-0.00059235643483313,-0.00059235643483313,-0.0007728133415030314
2026-10-08 09:11:00+00:00,2026-10-08 17:11:00+08:00,83008.9,83042.6,83008.9,83025.2,0.0571542,4745.732039284,1,83024.09771972091,82973.07335082888,82950.78328947799,82952.21892206641,74.16525183927543,37.67609621034353,28.523489884200004,9.152606326143527,37.53571428571532,1.579742083,0.03617945018686953,0.00019636448621773717,-0.00032148572157886246,0.002017910159550107,0.002719806763284982,0.0006423861572413259,0.0002461242196818596,0.00037722017834890416,0.0003670462378368027,0.0003661940133300052,83058.1,82846.4,83058.1,82800.1,83073.1,82797.4,33.70000000001164,0.0004059008590164389,16.30000000000291,0.000196364486217778,17.40000000000873,0.0,0.0006282357283635687,0.000897118840485378,0.0008797965730384938,0.00019636448621773717,-0.00032148572157886246,0.002017910159550107,0.8040328233121503,0.6705537186061341,0.03617945018686953,0.00215821085768364,0.002718595750488051,0.0027512941227623156,-0.00039610826638236674,-0.00039610826638236674,-0.0005766006083799402
2026-10-08 09:12:00+00:00,2026-10-08 17:12:00+08:00,83025.1,83025.2,83006.3,83006.3,0.18250852,15151.779772998,1,83018.16514648062,82976.23779360708,82952.9604153808,82952.75704224486,69.94818652849797,35.46002109674737,29.910796126709478,5.549224970037891,36.88571428571491,1.4853091535,0.12287577947657212,-0.00022764172805356253,-0.0003781414947667816,0.001833336551830822,0.002077644258048128,0.00044233068497367967,0.0002534605182883385,0.00038631391543531354,0.00036627664539633004,0.00036745753523113823,83058.1,82846.4,83058.1,82826.2,83073.1,82797.4,18.89999999999418,0.00022769356060918484,-18.80000000000291,-0.00022643754719961685,0.09999999999126885,0.0,0.00036229898091666435,0.0006430100185950138,0.0006454632692662887,-0.00022764172805356253,-0.0003781414947667816,0.001833336551830822,0.4595791479326905,0.6919920269939168,0.12287577947657212,0.0019300778307809185,0.002174432727808373,0.002523026085360369,-0.0006236598236656343,-0.0006236598236656343,-0.0008041110780746541
2026-10-08 09:13:00+00:00,2026-10-08 17:13:00+08:00,83006.2,83048.1,82995.5,83048.1,3.25946323,270576.706314644,1,83028.14343098708,82983.08181326355,82956.69137948353,82953.70572839168,71.68550873586898,36.654150040849345,31.25946690953745,5.3946831313118935,39.25714285714431,1.5537610225,2.0977892885712417,0.0005035762345750872,0.0001914919754024691,0.002270094134685152,0.002051205324446359,0.001309388168484249,0.0003631134061593534,0.0003981333256483195,0.00036516165503924205,0.00036967825532785567,83058.1,82860.1,83058.1,82826.2,83073.1,82797.4,52.60000000000582,0.000633367891619505,41.90000000000873,0.0005047815705333906,0.0,10.69999999999709,0.0007835113533474214,0.0011018836334530935,0.0011379150669579285,0.0005035762345750872,0.0001914919754024691,0.002270094134685152,1.2652571684618463,0.9943908434754232,2.0977892885712417,0.0022688845415343994,0.0026791039550289053,0.0030278728559109958,-0.00012039764935634079,-0.00012039764935634079,-0.00030093977472855915
2026-10-08 09:14:00+00:00,2026-10-08 17:14:00+08:00,83048.1,83066.6,83027.3,83036.2,2.61535568,217215.590221727,1,83030.82895399138,82988.14068819082,82959.80936460182,82954.52656691516,65.12425021422342,36.22272229002556,32.252117985635074,3.970604304390484,36.55000000000187,1.583913446,1.6511986097502958,-0.00014329045456795697,-8.670165238899852e-05,0.0018931144447407178,0.0020599646414973805,0.0008376854810423495,0.00036592402710640295,0.00040442132101957884,0.0003649831931208018,0.00036806771229083837,83066.6,82872.7,83066.6,82826.2,83073.1,82797.4,39.30000000000291,0.0004732875541029444,-11.900000000008731,-0.00014329045456800012,18.5,8.89999999999418,0.0005791105983414813,0.0009208149823782819,0.0009845566777957337,-0.00014329045456795697,-8.670165238899852e-05,0.0018931144447407178,0.9614481439637894,1.002577746053336,1.6511986097502958,0.0019729054320662964,0.0025354296104371787,0.002884148536065112,-0.0003659714012612669,-0.0003659714012612669,-0.00044418710749938306
2026-10-08 09:15:00+00:00,2026-10-08 17:15:00+08:00,83036.1,83048.5,82968.8,82968.8,1.77416206,147319.444221448,1,83010.15263599427,82986.29871788694,82960.16193853901,82954.66859112497,58.91472868217054,30.09527636229177,31.820749660966413,-1.7254732986746433,39.67142857143023,1.5350759205000002,1.155748739399238,-0.0008116941767565278,-0.0004830807298975559,0.0004642452758520932,0.0007285148428870514,-0.00041805466034561256,0.0004941536445375711,0.0004467601734061302,0.00038852701636739713,0.00037875819106414024,83066.6,82894.3,83066.6,82826.2,83073.1,82797.4,79.69999999999709,0.0009606020576409095,-67.30000000000291,-0.0008104908587951855,12.39999999999418,0.0,-0.00021086273465964478,0.00010412300626172488,0.00017035097740780714,-0.0008116941767565278,-0.0004830807298975559,0.0004642452758520932,1.9045058580077483,1.2718643072951503,1.155748739399238,0.0008987348949203167,0.0017216774402304402,0.0020701133127369875,-0.0011773685211625695,-0.0011773685211625695,-0.0012555207401674373
2026-10-08 09:16:00+00:00,2026-10-08 17:16:00+08:00,82968.8,82968.9,82895.0,82895.0,5.29185613,438847.107497357,1,82971.76842399618,82977.6036018977,82957.60656840024,82954.07487380033,38.428987040465664,19.06442526378669,29.26948478153047,-10.20505951774378,39.03571428571532,1.7745778829999999,2.9820365624381,-0.0008894909893839564,-0.0015681985710361834,-5.7901225334666684e-05,-0.0007232837080344279,-0.0015405388151943367,0.0005665508243192062,0.0004974575666209548,0.0004090936885498831,0.0003941102658475186,83066.6,82895.0,83066.6,82826.2,83073.1,82797.4,73.89999999999418,0.0008914892333674429,-73.80000000000291,-0.0008894909893839962,0.09999999999126885,0.0,-0.0009954927391493396,-0.0007546814691262727,-0.0007121395047826606,-0.0008894909893839564,-0.0015681985710361834,-5.7901225334666684e-05,1.7444762165432552,1.3848926057193949,2.9820365624381,0.0,0.0008306550342767061,0.0011787809762142665,-0.0020658122518557587,-0.0020658122518557587,-0.0021438949551660924
2026-10-08 09:17:00+00:00,2026-10-08 17:17:00+08:00,82895.0,82918.7,82825.9,82918.7,2.61270083,216474.429848352,1,82954.0789493308,82971.9937350503,82956.08082061983,82953.7228850063,42.763157894737155,12.095360440012882,25.834659913226954,-13.739299473214071,44.13571428571491,1.879911963,1.3897995658427542,0.00028590385427351706,-0.0010553415825064194,-0.0007688368029403758,6.995292650491258e-05,-0.0009313701865150126,0.0006291463928638611,0.0004235863327868007,0.0004023513416011579,0.000394149204615095,83066.6,82825.9,83066.6,82825.9,83073.1,82797.4,92.80000000000291,0.0011191685349625949,23.69999999999709,0.0002859038542734434,0.0,69.10000000000582,-0.0006423099247256925,-0.0004506097714603863,-0.0004221978687424244,0.00028590385427351706,-0.0010553415825064194,-0.0007688368029403758,2.1462813480707235,1.5636741519493185,1.3897995658427542,0.0011204224765442028,0.0011204224765442028,0.0014650218485121602,-0.0017804990212674232,-0.0017804990212674232,-0.0018586040487235111
2026-10-08 09:18:00+00:00,2026-10-08 17:18:00+08:00,82922.7,82962.7,82905.0,82950.1,4.42017501,366597.886899755,1,82952.7526328872,82969.90861742647,82955.84627863474,82953.68683639927,39.760319573902244,9.002271356555866,22.468182201892738,-13.465910845336872,44.607142857142854,1.987839409,2.2236076968730627,0.0003786841810111685,-0.001180039037617986,-0.00031093365663992234,0.0005958936414289795,-0.0012257395676678051,0.0005952498616411287,0.00043768436739173333,0.00040703771892491646,0.0003871903221438603,83066.6,82825.9,83066.6,82825.9,83073.1,82797.4,57.69999999999709,0.0006955989203147083,27.40000000000873,0.000330428218087553,12.599999999991269,17.69999999999709,-0.0002387445973671687,-6.926912197879886e-05,-4.323902331593299e-05,0.0003786841810111685,-0.001180039037617986,-0.00031093365663992234,1.3337090867507215,1.4623948444220978,2.2236076968730627,0.0014995309438232685,0.0014995309438232685,0.0018442608101221225,-0.001402489087069858,-0.001402489087069858,-0.0014806236916643511
2026-10-08 09:19:00+00:00,2026-10-08 17:19:00+08:00,82949.3,82973.8,82936.3,82973.8,1.3059506,108338.274736861,1,82959.76842192482,82970.27922529061,82956.55034613927,82953.88696738039,41.474773609315115,8.366919267151388,19.647929614944466,-11.281010347793078,45.17857142857143,2.0449228195,0.6386307529784011,0.00028571394127308025,-0.0007514794752168097,-0.0006407554169125529,0.0008021006594112201,-0.0006852886944226366,0.0006411029018360613,0.0004108721812693431,0.0004098095200996483,0.000387925759743894,83066.6,82825.9,83066.6,82825.9,83066.6,82797.4,37.5,0.0004519498926167055,24.5,0.0002953611422881206,0.0,13.0,4.2434167297766834e-05,0.00020793600732860185,0.00024004942200539503,0.00028571394127308025,-0.0007514794752168097,-0.0006407554169125529,0.8722159151839436,1.5643924076731361,0.6386307529784011,0.0017856733219923093,0.0017856733219923093,0.0021305016824200163,-0.0011171758564814116,-0.0011171758564814116,-0.0011171758564814116
2026-10-08 09:20:00+00:00,2026-10-08 17:20:00+08:00,82973.8,82998.2,82958.6,82967.4,1.02052297,84678.384462501,1,82962.31228128322,82970.00501335817,82956.97582276126,82954.0214254164,38.9020225899662,7.263245473252027,17.17099278660598,-9.907747313353951,46.39999999999937,1.9431673460000003,0.5251853228702824,-7.713278167331694e-05,-1.6873812806794675e-05,-0.0008706678853609429,0.0010907730733495935,-0.0004289001602352238,0.0005253250386863181,0.0004073273639649705,0.0004036268068054156,0.00038572134740470185,83066.6,82825.9,83066.6,82825.9,83066.6,82797.4,39.59999999999127,0.0004772959017637201,-6.400000000008731,-7.71327816733563e-05,24.39999999999418,8.799999999988358,-3.139704954524536e-05,0.00012565763319294376,0.00016127698637991017,-7.713278167331694e-05,-1.6873812806794675e-05,-0.0008706678853609429,0.9389456538950197,1.3015117673776608,0.5251853228702824,0.0017084028063685253,0.0017084028063685253,0.0020532045692256418,-0.0011942224672734092,-0.0011942224672734092,-0.0011942224672734092
2026-10-08 09:21:00+00:00,2026-10-08 17:21:00+08:00,82967.4,83000.0,82967.3,82997.8,2.36764218,196481.535063822,1,82974.14152085548,82972.6521549431,82958.57677088828,82954.4570331237,44.973544973546005,8.7408429797797,15.484962825240723,-6.744119845461023,47.17142857142816,2.04430018,1.1581675740008006,0.00036640897509143677,0.0012401230472285363,-0.0006513999077684129,0.0012377073702700692,0.00013014086543683412,0.0001868618301141367,0.000418989772128004,0.00040680174940332535,0.00038790783888683445,83066.6,82825.9,83066.6,82825.9,83066.6,82797.4,32.69999999999709,0.0003939863466260201,30.40000000000873,0.0003664089750915267,2.1999999999970896,0.09999999999126885,0.00030308594945149814,0.0004728049906166376,0.0005224911165291335,0.00036640897509143677,0.0012401230472285363,-0.0006513999077684129,0.781636589803611,0.45934372304990195,1.1581675740008006,0.0020754377555813885,0.0020754377555813885,0.002420365856899087,-0.0008282510660121423,-0.0008282510660121423,-0.0008282510660121423
2026-10-08 09:22:00+00:00,2026-10-08 17:22:00+08:00,82997.9,83036.2,82997.9,83035.8,2.28157571,189425.608065459,1,82994.694347237,82978.66623542471,82961.60513281423,82955.26641587871,50.419189566838114,12.830233128988766,14.954016885990333,-2.1237837570015667,48.06428571428426,2.0387715804999997,1.1190933461219101,0.0004578434609110449,0.0014122266750444812,-2.2881173250111075e-05,0.002058765320062106,0.0006615980303901203,0.0002099900689211202,0.0004364048784476519,0.0004063147548101342,0.00039219083832945414,83066.6,82825.9,83066.6,82825.9,83066.6,82797.4,38.30000000000291,0.0004612468357022261,37.90000000000873,0.00045663805951727375,0.39999999999417923,0.0,0.0006885355859203024,0.0008943277684536621,0.000970807371259097,0.0004578434609110449,0.0014122266750444812,-2.2881173250111075e-05,0.9128021254751981,0.5168162525115435,1.1190933461219101,0.002534231442097301,0.002534231442097301,0.0028793174664905052,-0.0003707868144356974,-0.0003707868144356974,-0.0003707868144356974
2026-10-08 09:23:00+00:00,2026-10-08 17:23:00+08:00,83036.2,83058.1,83030.3,83055.1,3.7262112,309461.167907472,1,83014.82956482467,82985.94564157474,82965.27159819407,82956.25978487494,51.337142857144094,17.427558936731657,15.448725296138598,1.9788336405930593,48.42142857142816,2.168006048,1.7187273086426371,0.00023242986759930417,0.0012658212588050333,0.0002757966186612837,0.0024561987939883956,0.00138654281825068,0.0002032876109497927,0.00044003546872954923,0.0004049294624963284,0.00038757106201996075,83066.6,82825.9,83066.6,82825.9,83066.6,82797.4,27.80000000000291,0.00033471755497257733,18.90000000000873,0.00022761157182058826,3.0,5.899999999994179,0.0008333261480679699,0.0010827229282268647,0.0011914738608198583,0.00023242986759930417,0.0012658212588050333,0.0002757966186612837,0.657724708391478,0.5020321556662131,1.7187273086426371,0.0027672503407751847,0.0027672503407751847,0.0031124165734675024,-0.00013844312876654108,-0.00013844312876654108,-0.00013844312876654108
2026-10-08 09:24:00+00:00,2026-10-08 17:24:00+08:00,83058.1,83083.2,83058.1,83069.4,5.09447648,423177.410109956,1,83033.01970988311,82993.89367571048,82969.35506493156,82957.38555815977,57.248981548046665,21.9715884563484,16.753297928180558,5.218290528167842,46.62142857142732,2.3260233159999997,2.190208690066287,0.00017217485741372052,0.0011521709262440893,0.00031308930029361193,0.002734090670413414,0.0015565412712517102,0.00020506075527673516,0.0004408446547789352,0.00040367908071600083,0.00038803635428588695,83083.2,82825.9,83083.2,82825.9,83083.2,82797.4,25.09999999999127,0.00030215699162376605,11.299999999988358,0.000136049343772472,13.80000000000291,0.0,0.0009097816832710492,0.0012058058663966253,0.0013502648508816328,0.00017217485741372052,0.0011521709262440893,0.00031308930029361193,0.5982688684914765,0.5079796429208601,2.190208690066287,0.0029399016491218344,0.0029399016491218344,0.003285127310761027,-0.0001660985614420074,-0.0001660985614420074,-0.0001660985614420074
2026-10-08 09:25:00+00:00,2026-10-08 17:25:00+08:00,83069.4,83069.4,83047.0,83049.2,1.50575056,125059.473859978,1,83038.41313992208,82999.16094469043,82972.48623885581,82958.29913469551,52.849002849002765,23.669941060521523,18.136626554648753,5.53331450587277,45.81428571428322,2.1417052715000002,0.7030615183317953,-0.0002431701685577936,0.0009859294132394947,0.00048549011009657583,0.0020995424445431343,0.0009026891459162911,0.00027035160350023194,0.0004307926671765462,0.00040406725470363804,0.00038623990665592837,83083.2,82825.9,83083.2,82825.9,83083.2,82797.4,22.39999999999418,0.0002697196360710781,-20.19999999999709,-0.00024317016855782142,0.0,2.1999999999970896,0.0006028862790903311,0.000924568668743353,0.001095741670847028,-0.0002431701685577936,0.0009859294132394947,0.00048549011009657583,0.5427952341338635,0.6690757549718315,0.7030615183317953,0.002696016584184502,0.002696016584184502,0.0030411582972411644,-0.0004092283397847396,-0.0004092283397847396,-0.0004092283397847396
2026-10-08 09:26:00+00:00,2026-10-08 17:26:00+08:00,83049.8,83060.1,83027.6,83060.1,1.01384462,84191.226087284,1,83045.64209328139,83004.96466424371,82975.92207262617,82959.3120786289,56.51016456921582,25.600331949142856,19.629367633547574,5.970964315595282,46.78571428571221,2.116912541,0.47892607765509004,0.0001312475014811909,0.0007506223056514827,0.00042035430206732727,0.0024391126988341227,0.0010449131890462038,0.0002534701097811628,0.00042934852673882104,0.0004007639817566709,0.0003865135754055019,83083.2,82825.9,83083.2,82825.9,83083.2,82797.4,32.5,0.00039128293849874965,10.30000000000291,0.00012402197235878847,0.0,22.19999999999709,0.0006642414219355519,0.0010144861939607175,0.0012149078728569407,0.0001312475014811909,0.0007506223056514827,0.00042035430206732727,0.7975583470479708,0.6324672907733022,0.47892607765509004,0.0028276179311061966,0.0028276179311061966,0.003172804943150531,-0.0002780345485007274,-0.0002780345485007274,-0.0002780345485007274
2026-10-08 09:27:00+00:00,2026-10-08 17:27:00+08:00,83060.1,83067.1,83033.5,83057.7,2.61633127,217271.879263115,1,83049.66139552093,83009.98707717287,82979.12905017025,82960.29106292114,51.284109149276404,26.629551796926535,21.02940446622337,5.600147330703166,45.42857142856935,2.2164048195,1.18043926225996,-2.8894740073837077e-05,0.00026374166323428483,0.0006192301066303418,0.002453701915649642,0.0006951807228914308,0.0001916661280652208,0.0004239248380839129,0.00040061657309155654,0.00038449646322910635,83083.2,82825.9,83083.2,82825.9,83083.2,82797.4,33.60000000000582,0.0004045380500544299,-2.400000000008731,-2.889474007385894e-05,7.0,24.19999999999709,0.0005747853301405481,0.0009468760485813466,0.0011741633958948228,-2.8894740073837077e-05,0.00026374166323428483,0.0006192301066303418,0.8202595818976326,0.47842785580769676,1.18043926225996,0.002798641487747222,0.002798641487747222,0.0031438185257024465,-0.0003069212548385547,-0.0003069212548385547,-0.0003069212548385547
2026-10-08 09:28:00+00:00,2026-10-08 17:28:00+08:00,83057.7,83057.7,83041.6,83041.7,0.74621274,61968.304540861,1,83047.00759701396,83013.00735553737,82981.58281290867,82961.10110209606,50.72770574225981,25.856096671457635,21.994742907270226,3.8613537641874096,43.77142857142566,2.1295350405,0.350411111255908,-0.00019263716669259967,-0.00016133867757683884,-7.706377388538854e-05,0.002192855418778672,0.0006784325917570388,0.00018624149219219368,0.0004074975882051213,0.00040373928358856124,0.00038464085548975635,83083.2,82825.9,83083.2,82825.9,83083.2,82797.4,16.09999999999127,0.00019387849718865665,-16.0,-0.0001926371666925523,0.0,0.09999999999126885,0.0003456403445274425,0.0007244642130634915,0.0009715263760150528,-0.00019263716669259967,-0.00016133867757683884,-7.706377388538854e-05,0.39698157668727824,0.4612914813164103,0.350411111255908,0.002605465198687984,0.002605465198687984,0.0029505757427166213,-0.0004994992970901446,-0.0004994992970901446,-0.0004994992970901446
2026-10-08 09:29:00+00:00,2026-10-08 17:29:00+08:00,83041.6,83041.7,83030.4,83041.7,1.13434819,94188.82621442,1,83045.23839800931,83015.73998834334,82983.94034965737,82961.90308117968,61.73913043478058,24.955456938710995,22.58688571355838,2.368571225152614,38.88571428571179,2.1602603945,0.525097896942442,0.0,-0.0003334561222303467,6.623617169387863e-05,0.001959476009087746,0.0004698642333320624,0.000151709616499252,0.00040570126144909367,0.0004027982751562757,0.00038377088916952525,83083.2,82825.9,83083.2,82825.9,83083.2,82797.4,11.30000000000291,0.00013607621231264425,0.09999999999126885,1.204215718281787e-06,0.0,11.200000000011642,0.00031271192258608416,0.0006960340771871021,0.0009618501487631548,0.0,-0.0003334561222303467,6.623617169387863e-05,0.2804797675859201,0.37663919102034993,0.525097896942442,0.002605465198687984,0.002605465198687984,0.0029505757427166213,-0.0004994992970901446,-0.0004994992970901446,-0.0004994992970901446
2026-10-08 09:30:00+00:00,2026-10-08 17:30:00+08:00,83041.7,83063.9,83006.6,83035.8,1.49851623,124421.894113689,1,83042.09226533954,83017.65046564396,82985.97406143551,82962.63837390428,79.01896125308967,23.49477957613999,22.768464486074702,0.7263150900652882,37.69999999999709,2.2262379205,0.6731159397659716,-7.10486418268319e-05,-0.0001613501394353012,0.0008075324700369535,0.0012721526390233606,0.0008111512200412729,0.00011727332361590935,0.000338830410851726,0.00038976207544761586,0.0003799525904246878,83083.2,82825.9,83083.2,82825.9,83083.2,82797.4,57.29999999998836,0.0006900638038049655,-5.899999999994179,-7.104864182686745e-05,22.19999999999709,29.19999999999709,0.00021862259717342347,0.0006004139751085713,0.0008818623362241151,-7.10486418268319e-05,-0.0001613501394353012,0.0008075324700369535,1.4462888622019163,0.3008843882033128,0.6731159397659716,0.002534231442097301,0.002534231442097301,0.0028793174664905052,-0.0005705124501703684,-0.0005705124501703684,-0.0005705124501703684
2026-10-08 09:31:00+00:00,2026-10-08 17:31:00+08:00,83036.6,83098.9,83031.1,83080.7,1.63948043,136195.756772166,1,83054.96151022636,83023.65518320167,82989.68880412432,82963.8131164525,80.7050796057599,25.664393841070705,23.347650357073903,2.3167434839968024,35.91428571428177,2.305354232,0.7111620449659383,0.0005407306246221211,0.00024801318563305585,0.0022401833644971614,0.002182152429800688,0.0017676685464722564,0.0002841943920357727,0.0002417233444292208,0.0003920766249238721,0.0003817175812621966,83098.9,82825.9,83098.9,82825.9,83098.9,82797.4,67.79999999998836,0.0008160740099684808,44.09999999999127,0.0005310911092216115,18.19999999999709,5.5,0.000687091126889694,0.001096656671294216,0.0014088899624637996,0.0005407306246221211,0.00024801318563305585,0.0022401833644971614,1.6637671112492967,0.7248440074461301,0.7111620449659383,0.003076332403270099,0.003076332403270099,0.0034216050262447784,-0.0002190161361943499,-0.0002190161361943499,-0.0002190161361943499
2026-10-08 09:32:00+00:00,2026-10-08 17:32:00+08:00,83080.7,83140.8,83080.7,83135.3,3.81563639,317137.67458609,1,83081.74100681758,83034.28802289676,82995.39904709984,82965.51945360223,82.26480836236719,31.427317908004625,24.96358386726005,6.463734040744576,36.08571428571096,2.4870106255,1.5342260104871432,0.0006571923443110528,0.0009342902584590362,0.002612197248630377,0.0018413520923086235,0.0031662944098735935,0.00038467146987477874,0.00027362485084195395,0.0003686120562108441,0.00037663477215706007,83140.8,82905.0,83140.8,82825.9,83140.8,82797.4,60.10000000000582,0.0007229179421979089,54.60000000000582,0.0006571923443110834,5.5,0.0,0.0012165092217735207,0.0016856470901569498,0.00204639888372804,0.0006571923443110528,0.0009342902584590362,0.002612197248630377,1.5019019401531037,1.0435672501573001,1.5342260104871432,0.0027778782944334335,0.0037355464896851043,0.004081046023184376,-6.615283952038364e-05,-6.615283952038364e-05,-6.615283952038364e-05
2026-10-08 09:33:00+00:00,2026-10-08 17:33:00+08:00,83135.3,83154.4,83122.8,83154.4,1.59537237,132636.878529775,1,83105.96067121172,83045.72725881134,83001.63437858612,82967.3988620241,81.97592067988415,37.107930007055984,27.392453095219235,9.715476911836749,35.66428571428177,2.4038060825,0.6636859693527296,0.00022974596831892846,0.0013571494803212847,0.002462926506417551,0.002151227043033055,0.0031704056864627628,0.00032172922625150867,0.00026831643039672054,0.00036885967429970854,0.0003766670353718769,83154.4,82936.3,83154.4,82825.9,83154.4,82797.4,31.59999999999127,0.00038001597029130475,19.09999999999127,0.0002297459683190085,0.0,12.5,0.001308589192674292,0.0018405134134718004,0.0022539110607393553,0.00022974596831892846,0.0013571494803212847,0.002462926506417551,0.7828838398897329,0.872226618055556,0.6636859693527296,0.0026297290812344887,0.003966150684749481,0.004311729595373848,0.0,0.0,0.0
2026-10-08 09:34:00+00:00,2026-10-08 17:34:00+08:00,83154.4,83157.8,83100.1,83120.8,7.1994951,598452.376822866,1,83110.90711414116,83052.87704368644,83006.3075402102,82968.92524150645,74.77390180878764,38.45532774842286,29.605028025859962,8.850299722562898,36.957142857139324,2.6330130535,2.734318043136887,-0.00040406761398059654,0.0009525334861884005,0.001771643579057569,0.0011297529719247468,0.003218911315191475,0.00043701310614557436,0.00030285947638059897,0.0003639465246219774,0.0003756185090934185,83157.8,82958.6,83157.8,82825.9,83157.8,82797.4,57.69999999999709,0.0006941704122192891,-33.59999999999127,-0.0004040676139806345,3.400000000008731,20.69999999999709,0.0008178278553532259,0.0013793224055214104,0.0018305016974906607,-0.00040406761398059654,0.0009525334861884005,0.001771643579057569,1.4223961003592451,1.2007618608241677,2.734318043136887,0.0019551921078706513,0.0035604804777251697,0.003905919751103326,-0.0004449372157512288,-0.0004449372157512288,-0.0004449372157512288
2026-10-08 09:35:00+00:00,2026-10-08 17:35:00+08:00,83120.8,83145.7,83115.3,83140.2,1.19805287,99594.074086401,1,83120.67140942744,83061.19351571631,83011.55822490783,82970.62946795912,73.84460817146773,40.620322243805276,31.808086869449028,8.812235374356248,36.7928571428534,2.604207594,0.4600450719674846,0.00023339525124876914,0.0012572890247337654,0.0020827457531513716,0.001210264487949697,0.003506349449666102,0.00041194978398052275,0.0002991548537066621,0.0003651192714987082,0.00037605940395491036,83157.8,82967.3,83157.8,82825.9,83157.8,82797.4,30.39999999999418,0.0003656474244708839,19.39999999999418,0.00023339525124871488,5.5,5.5,0.0009511840721232456,0.001549685102207432,0.0020437416604914826,0.00023339525124876914,0.0012572890247337654,0.0020827457531513716,0.7485169485638565,1.12826086196324,0.4600450719674846,0.002083953557606266,0.0037947067282093627,0.004140226625473753,-0.00021164581073584987,-0.00021164581073584987,-0.00021164581073584987
2026-10-08 09:36:00+00:00,2026-10-08 17:36:00+08:00,83140.2,83157.3,83136.5,83136.6,1.58682363,131929.458983812,1,83125.9809396183,83068.37508564809,83016.46182393105,82972.28091603913,69.07645722937454,41.566453859908506,33.759760267540926,7.80669359236758,35.535714285711165,2.4189559689999998,0.6559952518093976,-4.330035289779044e-05,0.0006728397810804587,0.0016723334835382353,0.0010198442178928069,0.003821536076387355,0.0003917037620974463,0.00029556715480083984,0.0003648569660222536,0.0003723432499621932,83157.8,82997.9,83157.8,82825.9,83157.8,82797.4,20.80000000000291,0.0002501906500867597,-3.599999999991269,-4.33003528977711e-05,17.10000000000582,0.10000000000582077,0.0008213103275653832,0.0014471608814616843,0.0019804093866859773,-4.330035289779044e-05,0.0006728397810804587,0.0016723334835382353,0.5128906598047343,1.0735817007083133,0.6559952518093976,0.0016711266188664808,0.003751242063171123,0.00409674699930207,-0.00025493699929524105,-0.00025493699929524105,-0.00025493699929524105
2026-10-08 09:37:00+00:00,2026-10-08 17:37:00+08:00,83136.6,83157.9,83136.5,83150.3,0.178515,14843.769704359,1,83134.08729307888,83076.1774584435,83021.71037985533,82974.0522502079,68.40680587780568,42.9269107801083,35.5931903700544,7.3337204100539,35.078571428567685,2.2972466775,0.07770824167401587,0.00016478903395134026,0.00018042877093127352,0.0013789233077781127,0.0013560105831449398,0.004110619623982181,0.00027066445478329847,0.0002803271277881661,0.00036349838207823816,0.0003717499886648785,83157.9,83006.6,83157.9,82825.9,83157.9,82800.0,21.39999999999418,0.0002573652770945406,13.69999999999709,0.00016478903395131733,7.599999999991269,0.10000000000582077,0.0008922237857365012,0.0015488673933159447,0.002124130918189193,0.00016478903395134026,0.00018042877093127352,0.0013789233077781127,0.5277849563722994,0.7446097923072504,0.07770824167401587,0.001731187640500842,0.00391664926067814,0.004230676328502492,-9.139239927891118e-05,-9.139239927891118e-05,-9.139239927891118e-05
2026-10-08 09:38:00+00:00,2026-10-08 17:38:00+08:00,83150.3,83162.4,83150.3,83152.5,1.78412994,148356.01379615,1,83140.2248620526,83083.44627192507,83026.83938456689,82975.82784970832,66.85598377282264,43.679098842607345,37.21037206456499,6.4687267780423525,33.935714285710546,2.165444424,0.823909364851933,2.6458112598382044e-05,-2.2849061504848223e-05,0.0011727154623857317,0.0014488355120061414,0.00352762846336363,0.0002486820599025021,0.0002779869304311042,0.000362911684158417,0.0003649780194057323,83162.4,83006.6,83162.4,82825.9,83162.4,82800.0,12.099999999991269,0.00014551576921910067,2.1999999999970896,2.6458112598476366e-05,9.89999999999418,0.0,0.0008311370215543512,0.0015134939058811803,0.00212920021252061,2.6458112598382044e-05,-2.2849061504848223e-05,0.0011727154623857317,0.3018462095175933,0.6852412604989269,0.823909364851933,0.0017576915570567397,0.00394321100042383,0.004257246376811574,-0.0001190441834290068,-0.0001190441834290068,-0.0001190441834290068
2026-10-08 09:39:00+00:00,2026-10-08 17:39:00+08:00,83152.5,83160.9,83150.4,83159.7,0.60813935,50567.312948988,1,83146.71657470173,83090.70853174174,83032.04960477997,82977.65742334307,73.661670235549,44.34501144038222,38.637299939728436,5.707711500653787,33.08571428571096,2.1305538615,0.2854372100087834,8.658789573368075e-05,0.00046799357080296033,0.0010870428822165046,0.0014004725240055471,0.0037768507655093764,0.000109441193248478,0.0002767955171780158,0.00036262144218775786,0.00036384168897572234,83162.4,83006.6,83162.4,82825.9,83162.4,82800.0,10.5,0.0001262630817571492,7.19999999999709,8.658789573370722e-05,1.1999999999970896,2.1000000000058208,0.0008303150794761738,0.0015373629318753412,0.0021938746201060066,8.658789573368075e-05,0.00046799357080296033,0.0010870428822165046,0.26462330068506285,0.30180563120647347,0.2854372100087834,0.0018444316476038392,0.004030140330500531,0.004344202898550753,-3.246659548061803e-05,-3.246659548061803e-05,-3.246659548061803e-05
2026-10-08 09:40:00+00:00,2026-10-08 17:40:00+08:00,83159.8,83159.8,83136.3,83143.4,1.83980178,152960.593995396,1,83145.61104980115,83095.72676681395,83036.41628694546,82979.30660321031,67.4340728338218,43.061096678618924,39.522059287506536,3.5390373911123874,32.44285714285382,2.1715178019999994,0.8472423197753736,-0.00019600840310873835,3.848920257576438e-05,0.0011342673981205031,0.0016203081838213063,0.0036794441238745534,0.00013725002807278948,0.00027319856847603496,0.00035511302570461135,0.0003647877750152266,83162.4,83006.6,83162.4,82825.9,83162.4,82800.0,23.5,0.000282644202666718,-16.40000000000873,-0.00019721067150244145,0.0,7.099999999991269,0.0005737146185607056,0.0012883951143174421,0.0019775219088578044,-0.00019600840310873835,3.848920257576438e-05,0.0011342673981205031,0.6076267860451116,0.38649674367888787,0.8472423197753736,0.0016480617203931125,0.0038333419860212548,0.004147342995169057,-0.00022846863486380986,-0.00022846863486380986,-0.00022846863486380986
2026-10-08 09:41:00+00:00,2026-10-08 17:41:00+08:00,83143.3,83160.0,83140.8,83159.9,0.06041118,5023.349831803,1,83150.37403320077,83101.83850330787,83041.25878549663,82981.10355243209,70.19762845850093,42.880695122497855,40.1937864545048,2.686908667993052,31.414285714281764,2.056156252,0.02938063677857105,0.0001984523125106996,0.000280261641683488,0.0012015396080666818,0.0016223989824775131,0.004346618357487841,0.00015608032979766014,0.000274722932600199,0.0003551420855567238,0.00035854245159740145,83162.4,83006.6,83162.4,82825.9,83162.4,82800.1,19.19999999999709,0.00023088050851428503,16.59999999999127,0.00019965529393217816,0.10000000000582077,2.5,0.0006986788467961969,0.0014287020240122406,0.002154664615359403,0.0001984523125106996,0.000280261641683488,0.0012015396080666818,0.5026497053117894,0.43948700011993025,0.02938063677857105,0.0018468410945633451,0.004032555034113816,0.004345405379944989,-3.0061662482094853e-05,-3.0061662482094853e-05,-3.0061662482094853e-05
2026-10-08 09:42:00+00:00,2026-10-08 17:42:00+08:00,83160.0,83174.9,83155.9,83168.0,1.02010327,84839.053028636,1,83156.24935546718,83108.13959823093,83046.22902920264,82982.96321857706,75.76499388005354,42.89683982783754,40.73439712917135,2.16244269866619,31.621428571425245,1.99308263,0.5118218656092547,9.740271452951532e-05,0.00021286754226990112,0.0013279924678868404,0.0019480449074347206,0.004029736509799209,0.00014698872751272232,0.0002730745002565059,0.0003511865101282252,0.0003557638083192507,83174.9,83006.6,83174.9,82825.9,83174.9,82825.9,19.0,0.00022845325125048097,8.0,9.62000962000962e-05,6.899999999994179,4.100000000005821,0.0007202712280462986,0.0014663034338926462,0.0022298165098726397,9.740271452951532e-05,0.00021286754226990112,0.0013279924678868404,0.4973379075505121,0.4185489000105778,0.5118218656092547,0.0019444236964289985,0.004130350530450189,0.004130350530450189,-8.295771921573714e-05,-8.295771921573714e-05,-8.295771921573714e-05
2026-10-08 09:43:00+00:00,2026-10-08 17:43:00+08:00,83168.1,83172.7,83111.2,83111.2,1.73335534,144123.354967215,1,83141.23290364479,83108.43106506608,83048.77691041038,82984.23920645192,61.5104339185174,37.88958180692862,40.1654340647228,-2.2758522577941847,35.207142857139324,1.893439837,0.915453084977001,-0.0006829549826856685,-0.0004966777908060882,0.0008369289164360527,0.000759800645649733,0.0028125644772261094,0.00035773885770592123,0.00033209995928745864,0.00036656033543798185,0.0003633948988625969,83174.9,83006.6,83174.9,82825.9,83174.9,82825.9,61.5,0.0007399724706176785,-56.90000000000873,-0.0006841565455987179,4.599999999991269,0.0,3.331713640153389e-05,0.0007516436955712358,0.0015299386336748988,-0.0006829549826856685,-0.0004966777908060882,0.0008369289164360527,1.5985383794729224,0.9759344454944359,0.915453084977001,0.0012601407598913372,0.0034445747042894936,0.0034445747042894936,-0.0007658560455137131,-0.0007658560455137131,-0.0007658560455137131
2026-10-08 09:44:00+00:00,2026-10-08 17:44:00+08:00,83111.2,83132.5,83085.7,83128.0,0.45565755,37869.412443316,1,83136.8219357632,83110.29477315502,83051.88369823743,82985.66966210913,64.73785166240486,34.87489724003535,39.10732669978531,-4.232429459749959,34.45714285714036,1.6614988905,0.2742448716669787,0.00020213882124187066,-0.0003811942563525239,0.0010392369135026058,0.0011055419202710137,0.0031677839390338303,0.00037601527793214924,0.0003337698820261168,0.00036650459202793256,0.0003629854372368291,83174.9,83006.6,83174.9,82825.9,83174.9,82825.9,46.80000000000291,0.0005629872004619732,16.80000000000291,0.00020213882124193745,4.5,25.5,0.00021303289674645676,0.0009164909737524596,0.0017151194714750684,0.00020213882124187066,-0.0003811942563525239,0.0010392369135026058,1.2083976257484588,1.025949704617867,0.2742448716669787,0.0014625343045009398,0.0036474098078016493,0.0036474098078016493,-0.0005638720335100489,-0.0005638720335100489,-0.0005638720335100489
2026-10-08 09:45:00+00:00,2026-10-08 17:45:00+08:00,83124.7,83176.3,83124.7,83176.3,2.84159451,236283.534555221,1,83149.98129050882,83116.5809852355,83056.7627688948,82987.56648139162,65.11701454775634,35.96852161367133,38.479565682562516,-2.511044068891188,33.299999999998754,1.728291088,1.6441643017949765,0.0005810316620151745,0.00039570188373350135,0.0016920412641294735,0.002500940112427852,0.0032312769273077357,0.00046432252806169385,0.00035591490203940013,0.0003427456677148048,0.0003644492888649667,83176.3,83031.1,83176.3,82825.9,83176.3,82825.9,51.60000000000582,0.0006203690233877417,51.60000000000582,0.0006207541200149392,0.0,0.0,0.0007184970081373088,0.001439223334983808,0.002274238498735759,0.0005810316620151745,0.00039570188373350135,0.0016920412641294735,1.3647845377022625,1.354714506407859,1.6441643017949765,0.0017487423387139156,0.004230560730399624,0.004230560730399624,0.0,0.0,0.0
2026-10-08 09:46:00+00:00,2026-10-08 17:46:00+08:00,83171.9,83174.9,83134.6,83148.9,2.42058738,201245.506514351,1,83149.62086033922,83119.65898664165,83060.37599364403,82989.1717900345,52.352941176469194,34.22969715866202,37.62959197778242,-3.399894819120398,31.985714285712415,1.798628226,1.3457963936122508,-0.0003294207604811472,-0.00013227529133630345,0.000820888605897574,0.003062910911393768,0.0023374118497980767,0.000489749004014379,0.00035207199842720346,0.000300591370853457,0.0003615389252936172,83176.3,83080.7,83176.3,82825.9,83176.3,82825.9,40.29999999998836,0.0004846726775698579,-23.0,-0.00027653570496766335,3.0,14.299999999988358,0.0003517941930326618,0.0010657790227524,0.0019246873600524683,-0.0003294207604811472,-0.00013227529133630345,0.000820888605897574,1.099045968877042,1.6292849745614932,1.3457963936122508,0.000820888605897574,0.003899746335385368,0.003899746335385368,-0.0003294207604811472,-0.0003294207604811472,-0.0003294207604811472
2026-10-08 09:47:00+00:00,2026-10-08 17:47:00+08:00,83148.9,83148.9,83110.7,83110.7,0.97824874,81320.323157938,1,83136.64724022616,83118.80574981862,83062.34948408937,82990.38102595456,42.90814670561533,29.429994840262225,35.989672550278385,-6.55967771001616,32.4571428571414,1.7167240995,0.5698345705549991,-0.0004594167812201899,-0.0006889669103501417,-0.0002959031843272619,0.002315521106819096,0.0023856360108016617,0.0005171139035282872,0.0003331348839684882,0.0003153069818333667,0.0003603583337576209,83176.3,83085.7,83176.3,82905.0,83176.3,82825.9,38.19999999999709,0.00045962794200983856,-38.19999999999709,-0.00045941678122016157,0.0,0.0,-9.752004670304792e-05,0.0005820990642684265,0.0014497942117872586,-0.0004594167812201899,-0.0006889669103501417,-0.0002959031843272619,1.0969396802280476,1.6400331528388779,0.5698345705549991,0.00030089413701750445,0.002481153127073199,0.0034385379452563924,-0.0007886862002758344,-0.0007886862002758344,-0.0007886862002758344
2026-10-08 09:48:00+00:00,2026-10-08 17:48:00+08:00,83108.5,83113.1,83072.8,83112.0,1.32199562,109835.846428672,1,83128.43149348411,83118.15758316923,83064.2965631447,82991.59116499979,48.404641044234445,25.437863453043974,33.879310730831506,-8.441447277787532,31.214285714284674,1.7455132435,0.7573678543677002,1.5641788602360762e-05,9.625658154321926e-06,-0.0005098948462136654,0.001951775826671609,0.002548832518905142,0.0004178111050828482,0.0003261992299299382,0.0003102613103690556,0.0003595390486309916,83176.3,83072.8,83176.3,82936.3,83176.3,82825.9,40.30000000000291,0.00048488786216193704,3.5,4.2113622553649747e-05,1.1000000000058208,35.69999999999709,-7.408228656979876e-05,0.0005742953209630919,0.0014508558434651597,1.5641788602360762e-05,9.625658154321926e-06,-0.0005098948462136654,1.1769533909284886,1.346642623876829,0.7573678543677002,0.0004718752708467999,0.002118493349715367,0.003454233518742411,-0.0007730567481362138,-0.0007730567481362138,-0.0007730567481362138
2026-10-08 09:49:00+00:00,2026-10-08 17:49:00+08:00,83113.0,83113.0,83084.5,83084.5,1.07645246,89453.407204669,1,83113.78766232275,83114.95209905787,83065.08885478608,82992.51563101969,40.19020781965562,19.826502811149112,31.06874914689503,-11.242246335745918,31.078571428570804,1.742618457,0.6177212548598641,-0.00033087881413029763,-0.0005232893850447562,-0.0004367137948624311,0.0013341560830044674,0.0021373268698896553,0.0004219568365422009,0.0003207698218080512,0.0003155175074973339,0.00036271223682049584,83176.3,83072.8,83176.3,82958.6,83176.3,82825.9,28.5,0.00034302427047162826,-28.5,-0.00034290664516982905,0.0,0.0,-0.0003663853288585761,0.00023368596219586202,0.0011083453523601516,-0.00033087881413029763,-0.0005232893850447562,-0.0004367137948624311,0.8400153651953338,1.3373484086164897,0.6177212548598641,0.0001408403231863975,0.0015176244536430072,0.0031222117719216236,-0.0011036797741664772,-0.0011036797741664772,-0.0011036797741664772
2026-10-08 09:50:00+00:00,2026-10-08 17:50:00+08:00,83084.4,83089.6,83058.8,83089.6,4.70856725,391101.834918136,1,83105.72510821518,83112.5376134333,83066.05007616703,82993.48164464139,41.76594253679114,15.611032190732658,27.977205755662556,-12.366173564929898,31.79285714285652,1.903121008,2.4741291963080467,6.138329050542346e-05,-0.0010423642311571113,-0.0006086105157311339,0.0014728676564530474,0.0025652472941830595,0.0002321821268615018,0.0003137135184709453,0.0003146887342716162,0.0003588772474142551,83176.3,83058.8,83176.3,82967.3,83176.3,82825.9,30.80000000000291,0.0003706841770811619,5.2000000000116415,6.258695976635375e-05,0.0,25.59999999999127,-0.0002759825904965485,0.0002835084106127539,0.0011581434283016723,6.138329050542346e-05,-0.0010423642311571113,-0.0006086105157311339,0.9157194444964806,0.7378151855321876,2.4741291963080467,0.00037082163479373875,0.0014740747258257247,0.003183786714059389,-0.0010423642311571113,-0.0010423642311571113,-0.0010423642311571113
2026-10-08 09:51:00+00:00,2026-10-08 17:51:00+08:00,83089.6,83106.1,83062.3,83105.3,0.31346304,26042.386241858,1,83105.58340547679,83111.84831691586,83067.58928886635,82994.59426509272,42.1711899791238,13.382831195354811,25.05833084360101,-11.675499648246198,33.392857142857146,1.8368201384999998,0.17065527180902043,0.000188952648706886,-0.000524360514690958,-0.0003764888147940182,0.0012952150538929619,0.0025345255213813367,0.00027626002272353574,0.00031925016960232186,0.0003101539161945488,0.00035864300303172083,83176.3,83058.8,83176.3,82997.9,83176.3,82825.9,43.80000000000291,0.0005270421982713847,15.69999999999709,0.00018895264870690302,0.8000000000029104,27.30000000000291,-7.878921054538246e-05,0.0004539762313615636,0.0013338909104572139,0.000188952648706886,-0.000524360514690958,-0.0003764888147940182,1.2878678917585014,0.8907191181498654,0.17065527180902043,0.0005598443512306872,0.0012940086435921927,0.0033733409476988108,-0.0008536085399326598,-0.0008536085399326598,-0.0008536085399326598
2026-10-08 09:52:00+00:00,2026-10-08 17:52:00+08:00,83105.3,83114.3,83096.8,83112.2,0.16470655,13687.256320419,1,83107.78893698454,83111.88181054291,83069.33872851866,82995.7644714102,43.101677507702824,12.03500612838252,22.45366590055731,-10.418659772174792,33.77857142857205,1.6542736465,0.09956427121261041,8.302719561803507e-05,1.8048217618193974e-05,-0.00045820640454696804,0.0009200850717401288,0.002980744631039256,0.0001974995386336905,0.0003164631042427809,0.0003002663871315388,0.0003547232128138386,83176.3,83058.8,83176.3,83006.6,83176.3,82825.9,17.5,0.0002105587386689319,6.899999999994179,8.302719561801929e-05,2.1000000000058208,8.5,3.828447270759483e-06,0.0005159698167505056,0.001402909284965892,8.302719561803507e-05,1.8048217618193974e-05,-0.00045820640454696804,0.5252413705900174,0.6577477436632665,0.09956427121261041,0.0006429180291551706,0.0012721879946895331,0.003456648222355696,-0.0007706522170378705,-0.0007706522170378705,-0.0007706522170378705
2026-10-08 09:53:00+00:00,2026-10-08 17:53:00+08:00,83112.3,83137.7,83112.3,83136.3,1.11861997,92989.510985478,1,83117.29262465637,83114.20735239597,83071.96466073362,82997.16283487878,46.21359223301101,12.764373883546796,20.51580749715521,-7.7514336136084125,34.85000000000063,1.6304360265,0.6860863915043035,0.0002899694629669991,0.000292376552122553,-0.0001948227654008372,0.0009776642253154222,0.003436264356994956,0.00023602000073946365,0.00032699010611114346,0.0003017793560381934,0.0003549286546090604,83176.3,83058.8,83176.3,83006.6,83176.3,82825.9,25.39999999999418,0.00030552237710836517,24.0,0.00028876592273345824,1.3999999999941792,0.0,0.0002658107236752638,0.0007744530844928654,0.001676408691198672,0.0002899694629669991,0.000292376552122553,-0.0001948227654008372,0.7639839785985408,0.7820945867138532,0.6860863915043035,0.000933073918717886,0.0015625263533260991,0.0037476200077513067,-0.00048090621968033265,-0.00048090621968033265,-0.00048090621968033265
2026-10-08 09:54:00+00:00,2026-10-08 17:54:00+08:00,83128.6,83128.7,83093.0,83100.3,5.87867646,488556.1778328,1,83111.6284164376,83112.88284264397,83073.07585050877,82998.18907532774,43.443869790083994,10.318558034938178,18.4763576047118,-8.157799569773623,36.264285714286544,1.5643950945,3.7577952530456495,-0.0004330238415709564,0.00019016784117376062,-0.0007142882910832205,0.00037197812913070116,0.003107085821476563,0.0002787081714364371,0.0003428328253002169,0.00031217751846867984,0.0003599605819468318,83176.3,83058.8,83176.3,83006.6,83176.3,82825.9,35.69999999999709,0.0004296013371792531,-28.30000000000291,-0.0003404363841085127,0.09999999999126885,7.30000000000291,-0.00015139461192548165,0.00032771327186953414,0.0012302789471658748,-0.0004330238415709564,0.00019016784117376062,-0.0007142882910832205,1.0629620099667796,0.8927874524840242,3.7577952530456495,0.0004996460338939634,0.0011288259005910461,0.003312973357367799,-0.0009137218173926875,-0.0009137218173926875,-0.0009137218173926875
2026-10-08 09:55:00+00:00,2026-10-08 17:55:00+08:00,83093.2,83100.3,83080.2,83090.3,0.90628322,75302.232360944,1,83104.51894429173,83110.7320957255,83073.75130735157,82999.1056019414,39.19925512104506,7.487009344025864,16.278487952574615,-8.79147860854875,36.328571428572886,1.5498066119999998,0.5847718115168294,-0.00012033650901377424,8.424640388193794e-06,-0.0006386556238978658,0.0004948873679699872,0.002595468849547311,0.0002866420576494062,0.00034104478679066537,0.00030950340513076746,0.0003578580012877304,83176.3,83058.8,83176.3,83006.6,83176.3,82825.9,20.10000000000582,0.0002419054931803811,-2.8999999999941792,-3.490056948094645e-05,7.100000000005821,10.10000000000582,-0.0002458418450936861,0.0001992048317067674,0.0010987395273387435,-0.00012033650901377424,8.424640388193794e-06,-0.0006386556238978658,0.5999226684877829,0.9261353926891299,0.5847718115168294,0.00037924939922073797,0.001008353552609087,0.003192238176705775,-0.001033948372312743,-0.001033948372312743,-0.001033948372312743
2026-10-08 09:56:00+00:00,2026-10-08 17:56:00+08:00,83090.3,83097.8,83080.1,83094.2,1.27336777,105799.438738965,1,83101.0792961945,83109.15761041832,83074.5532168672,83000.0518148574,38.39622641509441,5.494348582273233,14.12166007851434,-8.627311496241107,36.23571428571553,1.534133819,0.8300239224437564,4.693688673640395e-05,-0.00013356548860310458,-0.0007900442400724517,0.00041054609854773716,0.00285066016558444,0.0002700041001077622,0.0003355976957233223,0.00030880790575557246,0.0003563398868516816,83176.3,83058.8,83176.3,83006.6,83176.3,82825.9,17.69999999999709,0.00021301125710334885,3.8999999999941792,4.693688673640821e-05,3.6000000000058208,10.19999999999709,-0.0001799754786161456,0.00023649580252937952,0.0011343147755209504,4.693688673640395e-05,-0.00013356548860310458,-0.0007900442400724517,0.5361668350358729,0.8743432246241641,0.8300239224437564,0.00042620408674332033,0.0010553377683220067,0.003239324897163831,-0.0009870600158939924,-0.0009870600158939924,-0.0009870600158939924
2026-10-08 09:57:00+00:00,2026-10-08 17:57:00+08:00,83093.2,83105.3,83083.9,83102.4,1.24582119,103520.403850371,1,83101.51953079633,83108.51402847371,83075.6452475783,83001.07020475932,48.366740905715915,4.524664525830303,12.202260967977534,-7.67759644214723,33.37142857143044,1.5874991285,0.784769684363326,9.868318125683118e-05,-0.00011791289365459257,-0.0007887649095806859,0.0005381800844472817,0.002993202533601025,0.0002716800786919845,0.00033563874690461837,0.00030907902356229255,0.00035619739161181166,83176.3,83058.8,83176.3,83006.6,83176.3,82825.9,21.40000000000873,0.00025751362174869475,9.19999999999709,0.00011071904800870696,2.900000000008731,9.30000000000291,-7.356681256054376e-05,0.00032205289940212545,0.0012208251651537605,9.868318125683118e-05,-0.00011791289365459257,-0.0007887649095806859,0.6562786337310124,0.8789987607723545,0.784769684363326,0.0005249293271754052,0.00115412509366708,0.003338327745306735,-0.0008884742408595825,-0.0008884742408595825,-0.0008884742408595825
2026-10-08 09:58:00+00:00,2026-10-08 17:58:00+08:00,83101.5,83131.0,83095.7,83123.4,2.33887084,194367.45427713,1,83108.81302053088,83109.93174004764,83077.51798296739,83002.28741665227,49.15935672514516,5.388591096707387,10.839526993723505,-5.450935897016118,32.55000000000187,1.6152361735,1.4480054857439086,0.0002527002830243763,-0.00015516687656302874,0.00014679128685424203,0.0009838430571627033,0.003178855901520672,0.0002612383572130116,0.00029453997494291543,0.0003093088993690175,0.000357153796937105,83176.3,83058.8,83176.3,83006.6,83176.3,82825.9,35.30000000000291,0.00042466982823131526,21.89999999999418,0.00026353314922106317,7.600000000005821,5.80000000000291,0.00016205355569876012,0.0005522795835333216,0.0014591475381848795,0.0002527002830243763,-0.00015516687656302874,0.00014679128685424203,1.0614685580088692,0.8445872645304787,1.4480054857439086,0.0007777622599891565,0.0014071170244291942,0.003591871624697207,-0.0006359984755274217,-0.0006359984755274217,-0.0006359984755274217
2026-10-08 09:59:00+00:00,2026-10-08 17:59:00+08:00,83123.3,83132.8,83120.4,83124.9,0.16064414,13353.737615013,1,83114.17534702059,83111.35728861454,83079.3761012824,83003.50744235722,38.66843033509522,6.123706317797769,9.896362858538359,-3.7726565407405896,29.75000000000208,1.592861413,0.10085255295213807,1.8045460123072843e-05,0.0002960278121737492,-3.7291887210133545e-05,0.00100190627118657,0.002963345491576286,0.00013516537937763724,0.00028975076727200675,0.00030926040504996764,0.00035639519308169394,83176.3,83058.8,83176.3,83006.6,83176.3,82825.9,12.400000000008731,0.0001491731117873072,1.5999999999912689,1.9248513954466062e-05,7.900000000008731,2.900000000008731,0.00016294657947191205,0.0005479566753379128,0.00146249913266705,1.8045460123072843e-05,0.0002960278121737492,-3.7291887210133545e-05,0.3724539932560143,0.437060086485363,0.10085255295213807,0.000795821755190218,0.001425187876626488,0.0036099819017965107,-0.0006179644922893468,-0.0006179644922893468,-0.0006179644922893468
2026-10-08 10:00:00+00:00,2026-10-08 18:00:00+08:00,83124.9,83142.7,83108.1,83108.1,1.07126856,89057.186702983,1,83112.15023134707,83111.04707065126,83080.50252868308,83004.54816432382,40.564292321926075,5.2896945244428935,8.975029191719265,-3.685334667276372,29.242857142858806,1.5544347520000001,0.6891692035459588,-0.00020210550629218282,0.00021422476510490895,-0.0008199451045549644,0.0008707087786232748,0.002143969092117226,0.00016415667310377174,0.00024405888697471916,0.0003117030971353187,0.000349959237630631,83174.9,83058.8,83176.3,83031.1,83176.3,82825.9,34.59999999999127,0.0004163252438690244,-16.79999999998836,-0.00020210550629219836,17.80000000000291,0.0,-3.5459433554541064e-05,0.0003321774721740667,0.0012475441161512446,-0.00020210550629218282,0.00021422476510490895,-0.0008199451045549644,1.0637106034557304,0.5266443439684749,0.6891692035459588,0.0005935554089393502,0.0009273633614392818,0.003407146798284355,-0.0008031269048713874,-0.0008199451045549644,-0.0008199451045549644
2026-10-08 10:01:00+00:00,2026-10-08 18:01:00+08:00,83108.1,83124.2,83093.9,83124.1,0.20587001,17110.965308102,1,83116.13348756472,83112.29020677971,83082.2122334406,83005.73773482806,53.453608247425194,5.852338338489062,8.350491021073225,-2.4981526825841627,28.67857142857351,1.5617076935,0.13182365103076185,0.0001925203439856471,0.0003598325755589382,-0.00029826010927369584,0.0005223836582985975,0.0027056760088686183,0.00017743636453138847,0.00023924665618208692,0.0002981827401568664,0.00034646690834420945,83148.9,83058.8,83176.3,83058.8,83176.3,82825.9,30.30000000000291,0.00036451522482652934,16.0,0.0001925203439857246,0.09999999999126885,14.200000000011642,0.00014209442659929294,0.0005041724989425234,0.0014259528124438425,0.0001925203439856471,0.0003598325755589382,-0.00029826010927369584,0.9685856720515278,0.5950591386947605,0.13182365103076185,0.0007861900244163778,0.0007861900244163778,0.003600323087343593,-0.00029826010927369584,-0.0006275826166828313,-0.0006275826166828313
2026-10-08 10:02:00+00:00,2026-10-08 18:02:00+08:00,83124.2,83153.8,83124.1,83138.1,0.81684713,67913.451389551,1,83123.45565837648,83114.74828232451,83084.40391056058,83007.05477229247,56.313497822933726,7.343271943929722,8.149047205644525,-0.8057752617148033,27.921428571430233,1.5515448864999999,0.5264734118280374,0.00016842287615737028,0.00042959048114155074,0.0003296807751589359,3.368003724046886e-05,0.0018750941463563375,0.00018272360691863805,0.0002099841807538243,0.00027442957416285243,0.000323613663160968,83153.8,83058.8,83176.3,83058.8,83176.3,82825.9,29.69999999999709,0.0003572369346905581,13.900000000008731,0.0001672196544448997,15.69999999999709,0.09999999999126885,0.0002809575696021138,0.0006462836213789735,0.0015787239779441187,0.00016842287615737028,0.00042959048114155074,0.0003296807751589359,0.9810205965510375,0.6658305959772612,0.5264734118280374,0.0009547453129590266,0.0009547453129590266,0.0037693523402704265,-0.00018880676529509088,-0.00045926543979468715,-0.00045926543979468715
2026-10-08 10:03:00+00:00,2026-10-08 18:03:00+08:00,83138.5,83168.4,83136.7,83166.1,1.69913171,141298.148260947,1,83137.67043891766,83119.63892210313,83087.6076787739,83008.63731187166,69.69111969112276,10.661316541416454,8.651501072798911,2.0098154686175427,28.150000000001455,1.5498337050000002,1.0963316286891567,0.0003367890293379805,0.0005136940981722571,0.0006509288670710767,0.00014070211558281365,0.0022922318408118425,0.00020448572453689054,0.0002251167335233816,0.0002781744495092189,0.0003256543402521693,83168.4,83058.8,83176.3,83058.8,83176.3,82825.9,31.69999999999709,0.000381164921764963,27.60000000000582,0.0003319761602627642,2.2999999999883585,1.8000000000029104,0.000558966310481912,0.0009446934797974205,0.001896943417306618,0.0003367890293379805,0.0005136940981722571,0.0006509288670710767,1.0466199867411052,0.7350988737379122,1.0963316286891567,0.0012918558900441024,0.0012918558900441024,0.004107410846124315,-2.7654734249926705e-05,-0.0001226310860185098,-0.0001226310860185098
2026-10-08 10:04:00+00:00,2026-10-08 18:04:00+08:00,83166.1,83166.6,83154.2,83166.6,0.81978959,68175.304958649,1,83147.31362594511,83124.11140571236,83090.7054168612,83010.20907991275,69.00296150049576,13.17931368711288,9.557063595661706,3.622250091451175,26.835714285716158,1.568040307,0.5228115542313033,6.012065012050982e-06,0.0005016547388330128,0.0009881506177447097,0.0005510052838759716,0.0016813807556579352,0.000205798250821396,0.00020057570929000022,0.00026725505587770626,0.0003167145506750319,83168.4,83058.8,83176.3,83058.8,83176.3,82825.9,12.400000000008731,0.00014909831591057864,0.5,6.012065012066214e-06,0.0,11.900000000008731,0.000511146447993438,0.0009133943773620423,0.0018839962195096316,6.012065012050982e-06,0.0005016547388330128,0.0009881506177447097,0.43089821938703604,0.7700443688353181,0.5228115542313033,0.0012978757217778636,0.0012978757217778636,0.0041134476051574165,-2.1642835499879887e-05,-0.00011661975827248483,-0.00011661975827248483
2026-10-08 10:05:00+00:00,2026-10-08 18:05:00+08:00,83166.6,83177.0,83104.7,83107.3,5.15935984,429032.202006732,1,83133.97575063008,83122.51031945404,83091.35618482743,83011.17515871959,50.40617384240457,10.271427534185932,9.699936383366552,0.5714911508193801,28.871428571430442,1.6839285735,3.063882828044428,-0.0007130266236686778,-9.626017199337866e-06,0.00021302304981607456,-0.0003957171139833404,0.0008140684515960395,0.00041451268891230277,0.0002840900468774335,0.00029537999016243964,0.0003303636782241351,83177.0,83062.3,83177.0,83058.8,83177.0,82825.9,72.30000000000291,0.0008699596786323574,-59.30000000000291,-0.0007130266236686711,10.39999999999418,2.6000000000058208,-0.0001829867673098784,0.00019188295756200624,0.0011579747075813884,-0.0007130266236686778,-9.626017199337866e-06,0.00021302304981607456,2.3977199846529063,1.4033201392022119,3.063882828044428,0.0005417620268159951,0.0005839236781652879,0.0033974879838312155,-0.0008379720355385922,-0.0008379720355385922,-0.0008379720355385922
2026-10-08 10:06:00+00:00,2026-10-08 18:06:00+08:00,83107.3,83120.6,83094.8,83100.7,0.3929553,32655.403592695,1,83122.88383375338,83120.4331461727,83091.72260895185,83012.0659531602,47.661651077673795,7.349620120527106,9.229873130798662,-1.8802530102715558,29.464285714287794,1.5825469694999998,0.2483056159300933,-7.941540634825994e-05,-0.00028150680729188693,-5.535146374546773e-05,-0.00043181943933245925,0.0005875843900020605,0.00040022690871810516,0.000280731745590569,0.000295580628859686,0.0003301078709743264,83177.0,83080.1,83177.0,83058.8,83177.0,82825.9,25.80000000000291,0.0003104666988365069,-6.600000000005821,-7.941540634824884e-05,13.30000000000291,5.899999999994179,-0.0002374042750474814,0.00010804194167923775,0.001067724864115549,-7.941540634825994e-05,-0.00028150680729188693,-5.535146374546773e-05,0.8509735097050647,1.3540363259328994,0.2483056159300933,0.0002479534810380102,0.0005044618992808836,0.0033178027645941466,-0.0009173208939972088,-0.0009173208939972088,-0.0009173208939972088
2026-10-08 10:07:00+00:00,2026-10-08 18:07:00+08:00,83103.6,83116.7,83092.1,83092.3,1.50691549,125248.690942674,1,83112.68922250226,83117.75379891816,83091.74525173804,83012.86430188498,40.44309296264045,4.306612943211803,8.245221093281291,-3.938608150069488,29.400000000001455,1.6089803070000002,0.9365655275232649,-0.00010108218101645416,-0.0005508906265598856,-0.0002394353656862691,-0.0006975320594152512,0.0006575326628748268,0.0003800444661822808,0.0002806960061434201,0.00029400576098547794,0.000329581861788348,83177.0,83080.1,83177.0,83058.8,83177.0,82825.9,24.59999999999127,0.00029605631328042753,-11.30000000000291,-0.00013597485548162667,13.099999999991269,0.19999999999708962,-0.00030623781027261376,6.676334216804136e-06,0.0009569082910589888,-0.00010108218101645416,-0.0005508906265598856,-0.0002394353656862691,0.8086169067576533,1.2926429227386895,0.9365655275232649,0.000146846236342979,0.00040332872615533866,0.00321638521283818,-0.0010183103502169333,-0.0010183103502169333,-0.0010183103502169333
2026-10-08 10:08:00+00:00,2026-10-08 18:08:00+08:00,83092.2,83096.5,83061.0,83072.9,0.8844751,73492.250981256,1,83099.42614833484,83113.482008545,83091.00622225812,83013.46167201547,43.58614232209507,0.32583395307301544,6.661343665239636,-6.335509712166621,28.84285714285839,1.5871042809999998,0.5572885856263405,-0.0002334753039693327,-0.0011206489182492563,-0.0007626030987668564,-0.0009572772917231243,0.0004901712829479266,0.0002864243661190596,0.0002723641747027784,0.0002963124475146335,0.0003309505497860296,83177.0,83061.0,83177.0,83058.8,83177.0,82825.9,35.5,0.0004273355089325159,-19.30000000000291,-0.00023227210255599094,4.30000000000291,11.89999999999418,-0.00048827227020564745,-0.00021790832824541972,0.0007160083050066213,-0.0002334753039693327,-0.0011206489182492563,-0.0007626030987668564,1.1379809825767557,0.9666295443255534,0.5572885856263405,0.000143268200479163,0.0001697592548892679,0.0029821589623535427,-0.0012515479038677224,-0.0012515479038677224,-0.0012515479038677224
2026-10-08 10:09:00+00:00,2026-10-08 18:09:00+08:00,83072.8,83072.8,83028.8,83030.7,0.81102771,67350.695775779,1,83076.51743222323,83105.5980077312,83088.64127236565,83013.63319766706,37.8763222131797,-6.16310495887592,4.096453940416525,-10.259558899292445,30.557142857143067,1.5738330435,0.5153200419508157,-0.0005079875627309605,-0.0016340694461479677,-0.0008375421027361218,-0.0015512321473021284,-0.00015293208129718572,0.00027516218523197566,0.00028044589822899654,0.00030777784358413003,0.0003371291309557938,83177.0,83028.8,83177.0,83028.8,83177.0,82825.9,44.0,0.000529924473718757,-42.10000000000582,-0.0005067844107819384,0.0,1.8999999999941792,-0.0009012390203152476,-0.0006973428795847836,0.00020559035516853896,-0.0005079875627309605,-0.0016340694461479677,-0.0008375421027361218,1.362357196429132,0.8940285695281409,0.5153200419508157,2.2883625922398565e-05,2.2883625922398565e-05,0.0024726564999595357,-0.00175889969582943,-0.00175889969582943,-0.00175889969582943
2026-10-08 10:10:00+00:00,2026-10-08 18:10:00+08:00,83030.1,83068.1,83019.7,83051.1,1.7634475,146427.484027579,1,83068.0449548155,83100.40772128062,83087.16906560623,83014.00600167038,41.78421654594152,-9.549446215154603,1.3672739093022999,-10.916720124456903,32.75000000000104,1.426577056,1.2361389751665823,0.00024569225599702094,-0.0006762342176920288,-0.00047177588719737873,-0.001110130208771709,0.0005083792219870986,0.0002729392995936545,0.00029018651737707744,0.0003111825841183153,0.00033419491937203825,83177.0,83019.7,83177.0,83019.7,83177.0,82825.9,48.40000000000873,0.0005827737380962892,21.0,0.00025292032648401,17.0,10.400000000008731,-0.0005933511354840881,-0.0004341111390826491,0.0004468402395720883,0.00024569225599702094,-0.0006762342176920288,-0.00047177588719737873,1.4606572685642456,0.8771033904965573,1.2361389751665823,0.00037822348189653354,0.00037822348189653354,0.002718956268510375,-0.0015136395878667663,-0.0015136395878667663,-0.0015136395878667663
2026-10-08 10:11:00+00:00,2026-10-08 18:11:00+08:00,83051.2,83076.0,83051.2,83064.6,1.51064307,125481.01595118,1,83066.89663654368,83096.99746211103,83086.28400420991,83014.50942453934,42.93721973094403,-11.016813909212942,-1.1095436544007489,-9.907270254812193,33.0,1.4864360575,1.0162852699770437,0.00016255052612179632,-0.00043441270651134456,-0.00035622221526887543,-0.001145985024031848,0.000474554713508768,0.00030489479964023554,0.00029392765381856795,0.00031031378436668304,0.00033390117260693076,83177.0,83019.7,83177.0,83019.7,83177.0,82825.9,24.80000000000291,0.00029856280533467817,13.400000000008731,0.00016134625387723153,11.39999999999418,0.0,-0.00038987524339606505,-0.00026098175492850206,0.0006033954281956522,0.00016255052612179632,-0.00043441270651134456,-0.00035622221526887543,0.7441066883577924,0.9825370802089664,1.0162852699770437,0.0005408354884444133,0.0005408354884444133,0.0028819487624041074,-0.0013513351046562372,-0.0013513351046562372,-0.0013513351046562372
2026-10-08 10:12:00+00:00,2026-10-08 18:12:00+08:00,83064.6,83087.6,83064.6,83087.5,1.16711467,96956.442606251,1,83073.76442436245,83096.09294190998,83086.33169031932,83015.23569892204,43.33951762523299,-10.214132599328877,-2.930461443386375,-7.2836711559425025,32.12142857142836,1.5365564635,0.7595651039998375,0.0002756890420225755,-5.776708551818999e-05,-0.00017929686747908402,-0.0009679203539822989,0.0009782390011359166,0.0003444894495380214,0.00030261716782185904,0.0003146763073063854,0.00033420423203404774,83177.0,83019.7,83177.0,83019.7,83177.0,82825.9,23.0,0.0002768166089965398,22.89999999999418,0.00027568904202264477,0.10000000000582077,0.0,-0.0001034096984077193,1.4061394418396489e-05,0.0008704944395996339,0.0002756890420225755,-5.776708551818999e-05,-0.00017929686747908402,0.6871478812422489,1.0947422527194217,0.7595651039998375,0.0008166736328847346,0.0008166736328847346,0.0031584323261202307,-0.001076018610914109,-0.001076018610914109,-0.001076018610914109
2026-10-08 10:13:00+00:00,2026-10-08 18:13:00+08:00,83087.6,83097.3,83082.9,83097.3,1.42046517,118032.701417599,1,83081.60961624165,83096.20789982332,83086.76182011073,83016.05225913179,45.032397408208965,-8.687084477904136,-4.081786050289928,-4.605298427614208,32.264285714285506,1.5516487235,0.9154553788410988,0.00011794794644193196,0.00029371792726640145,-0.0003139910061425999,-0.0001672458104322594,0.000592427761742842,0.000323063601355309,0.0002961314464310455,0.0002906203275386347,0.00032833196129697877,83177.0,83019.7,83177.0,83019.7,83177.0,82825.9,14.400000000008731,0.00017329082894400577,9.69999999999709,0.00011674425546046689,0.0,4.7000000000116415,1.3142599455395754e-05,0.00012683344083264103,0.0009786991630800213,0.00011794794644193196,0.00029371792726640145,-0.0003139910061425999,0.45132605926235514,1.1116345649027641,0.9154553788410988,0.0009347179043046605,0.0009347179043046605,0.0032767528031691917,-0.0009581975786575603,-0.0009581975786575603,-0.0009581975786575603
2026-10-08 10:14:00+00:00,2026-10-08 18:14:00+08:00,83097.4,83097.4,83070.2,83080.7,0.25636947,21299.403393977,1,83081.30641082778,83094.730956983,83086.52410167501,83016.69552023495,45.06484149855787,-8.715897665082593,-5.008608373248461,-3.7072892918341322,31.735714285714494,1.270533374,0.20178098052857601,-0.00019976581669933768,0.0006021869019532389,-0.0005317299629833405,-0.0005690020209797586,0.0005359108437044124,0.00018980362416835312,0.00029940767155632527,0.00028997969208032203,0.0003288591660956745,83177.0,83019.7,83177.0,83019.7,83177.0,82825.9,27.19999999999709,0.000327392523173217,-16.69999999999709,-0.00020096898338572676,0.0,10.5,-0.00016885495411567142,-7.009682662717509e-05,0.0007709832264939376,-0.00019976581669933768,0.0006021869019532389,-0.0005317299629833405,0.8704791064207802,0.6545410915043632,0.20178098052857601,0.0007347653629199424,0.0007347653629199424,0.003076332403270099,-0.001157771980234923,-0.001157771980234923,-0.001157771980234923
2026-10-08 10:15:00+00:00,2026-10-08 18:15:00+08:00,83080.8,83081.0,83024.5,83024.6,0.55535672,46124.905744115,1,83062.40427388519,83088.05181822271,83084.0957055309,83016.7741717749,34.34057286748562,-13.11435930558946,-6.629758559716661,-6.4846007458727986,33.607142857142854,1.2529870490000001,0.44322622523770394,-0.0006752470790447607,-0.0003190806623873943,-0.0010047155451754497,-0.0018238368381378045,0.0006725419675830402,0.0003846667109491086,0.00034034687487227163,0.0002910590288117459,0.00032351622914470656,83177.0,83019.7,83177.0,83019.7,83177.0,82825.9,56.5,0.0006805211949229505,-56.19999999999709,-0.0006764499138188015,0.19999999999708962,0.10000000000582077,-0.0007636695870727461,-0.0007160901858010993,9.426803562506691e-05,-0.0006752470790447607,-0.0003190806623873943,-0.0010047155451754497,1.799791173951212,1.321610645508981,0.44322622523770394,5.902213570996295e-05,5.902213570996295e-05,0.00239900803975579,-0.0018322372771317763,-0.0018322372771317763,-0.0018322372771317763
2026-10-08 10:16:00+00:00,2026-10-08 18:16:00+08:00,83024.5,83065.2,83004.9,83053.9,7.63239726,633717.147400405,1,83059.56951592346,83084.79926410626,83082.91156021596,83017.14358300103,37.35735735735561,-14.073674160055816,-8.118541679784492,-5.955132480271324,35.79285714285756,1.5709385235,4.8584951898660345,0.00035290745152627423,-0.0001288154039146283,-0.0008445204218754387,-0.0011425286443957905,0.0019168828035465157,0.0004204235976248453,0.00035142029279710803,0.0002959632423767138,0.0003040616291588335,83177.0,83004.9,83177.0,83004.9,83177.0,82825.9,60.30000000000291,0.0007260345390162643,29.39999999999418,0.000354112340333205,11.30000000000291,19.60000000000582,-0.0003719003280978628,-0.0003491880540914538,0.0004427569464879877,0.00035290745152627423,-0.0001288154039146283,-0.0008445204218754387,1.8801557543216594,1.4205263945909654,4.8584951898660345,0.0005903265951769932,0.0005903265951769932,0.0027527621190956975,-0.0014799764357936729,-0.0014799764357936729,-0.0014799764357936729
2026-10-08 10:17:00+00:00,2026-10-08 18:17:00+08:00,83052.6,83052.7,83004.1,83004.1,10.58744752,879049.586435177,1,83041.07967728231,83077.11361990566,83079.82091079572,83017.01379610552,27.170236753099587,-18.63753993877617,-10.222341331582829,-8.415198607193343,37.085714285714076,2.0380198399999996,5.194967837015758,-0.0005996106143117963,-0.0010037610952308151,-0.0016117760689744465,-0.0012826266653991336,0.0010299244923039907,0.00044506830681346755,0.0003717103792733692,0.0003038474298226388,0.00031288938037063853,83177.0,83004.1,83177.0,83004.1,83177.0,82905.0,48.59999999999127,0.0005855132457311297,-48.5,-0.0005839672689355902,0.09999999999126885,0.0,-0.0008788656312701537,-0.0009114236160550071,-0.0001555560181581983,-0.0005996106143117963,-0.0010037610952308151,-0.0016117760689744465,1.4999592474969272,1.4647756180569371,5.194967837015758,0.0,0.0,0.001195344068512183,-0.0020786996405255387,-0.0020786996405255387,-0.0020786996405255387
2026-10-08 10:18:00+00:00,2026-10-08 18:18:00+08:00,83004.2,83004.2,82983.6,82985.8,3.20268426,265814.707652256,1,83022.65311818822,83068.41708467655,83076.13381625472,83016.70321106965,25.738056897476227,-23.460653697737143,-12.870003804813692,-10.590649892923452,37.671428571427114,2.081210511,1.5388564698633698,-0.00022047103697286907,-0.001341800515780922,-0.0021679506433510687,-0.0015184329579361888,0.00043037922799360473,0.00040873457025782193,0.00035143208131526403,0.0003053374600333789,0.00031071065380706975,83177.0,82983.6,83177.0,82983.6,83177.0,82936.3,20.59999999999127,0.0002482352402458164,-18.39999999999418,-0.00022167552967192238,0.0,2.1999999999970896,-0.0009945667387922796,-0.001087361822283528,-0.0003722529307272904,-0.00022047103697286907,-0.001341800515780922,-0.0021679506433510687,0.6490415154585135,1.3386322471312229,1.5388564698633698,2.6511262466222263e-05,2.6511262466222263e-05,0.0005968436016556833,-0.0022987123844331325,-0.0022987123844331325,-0.0022987123844331325
2026-10-08 10:19:00+00:00,2026-10-08 18:19:00+08:00,82985.8,83003.2,82964.2,82964.2,4.68759159,389012.167292772,1,83003.16874545882,83058.49164804068,83071.74425483297,83016.180791059,28.63541355628422,-28.695165575001738,-16.0350361588513,-12.660129416150436,35.29285714285548,2.3075578835,2.031408019498983,-0.00026028549462686623,-0.001402251064326565,-0.00243366928550659,-0.001447923499569792,-0.00011569917250997541,0.00040708535171029425,0.00035000250995338353,0.0003033687055480867,0.000310411320338409,83177.0,82964.2,83177.0,82964.2,83177.0,82958.6,39.0,0.0004700822764517708,-21.60000000000582,-0.0002602854946268617,17.39999999999418,0.0,-0.0011352439247300783,-0.0012945948805778151,-0.0006261525230826237,-0.00026028549462686623,-0.001402251064326565,-0.00243366928550659,1.2156264397092367,1.3418831417526274,2.031408019498983,0.0,0.0,6.750354996332142e-05,-0.00255839955757009,-0.00255839955757009,-0.00255839955757009
2026-10-08 10:20:00+00:00,2026-10-08 18:20:00+08:00,82964.2,82964.3,82941.5,82941.6,3.85632044,319892.79130192,1,82982.64583030589,83047.35911013205,83066.64055856502,83015.43869363553,27.329723567968003,-34.27211743811495,-19.68245241470403,-14.589665023410916,35.07857142856977,2.4468104775,1.5760601303048818,-0.00027240665250782836,-0.0009997037022762,-0.001993808004832287,-0.0017812096820781775,-0.00031096551175513465,0.0003444892657964254,0.0003174641304652778,0.0003053237495932615,0.00031223203634376585,83120.6,82941.5,83177.0,82941.5,83177.0,82941.5,22.80000000000291,0.0002748922133163926,-22.59999999999127,-0.000272406652507844,0.10000000000582077,0.10000000000582077,-0.001273479509345865,-0.001505304147660258,-0.000889457368382085,-0.00027240665250782836,-0.0009997037022762,-0.001993808004832287,0.716786228314083,1.1282753675576775,1.5760601303048818,1.2056690559258953e-06,1.2056690559258953e-06,1.2056690559258953e-06,-0.002153497448285968,-0.0028301092850185894,-0.0028301092850185894
2026-10-08 10:21:00+00:00,2026-10-08 18:21:00+08:00,82941.6,82961.6,82941.5,82957.4,1.24888456,103588.540645066,1,82974.23055353726,83038.79157583376,83062.35661509189,83014.86119419638,31.174993022604156,-36.99055986717576,-23.14407390519838,-13.846485961977383,34.757142857142235,2.498961205,0.49976148389226394,0.00019049548115779302,-0.0011618960699015801,-0.001724413873770092,-0.0017796698886834994,-0.0004867598900213377,0.0002811603817081984,0.00032818640400568324,0.00030536714711107464,0.00030949801375594653,83116.7,82941.5,83177.0,82941.5,83177.0,82941.5,20.10000000000582,0.00024229303232750572,15.799999999988358,0.00019049548115768634,4.2000000000116415,0.10000000000582077,-0.0009801632982512354,-0.0012635882169617085,-0.0006921796094070398,0.00019049548115779302,-0.0011618960699015801,-0.001724413873770092,0.6478165048700737,0.9207289794207257,0.49976148389226394,0.00019170137988822056,0.00019170137988822056,0.00019170137988822056,-0.0019165823474704968,-0.002640152926890904,-0.002640152926890904
2026-10-08 10:22:00+00:00,2026-10-08 18:22:00+08:00,82957.5,82995.8,82957.5,82995.7,0.99800571,82802.335314806,1,82981.3870356915,83034.68761623054,83059.74263018633,83014.67053554766,39.76670201484575,-35.6435781820619,-25.643974760571083,-9.999603421490818,34.964285714285715,2.508019134,0.3979258756324943,0.00046168274319113856,-0.0001011998202499198,-0.0011625625960528518,-0.0014017196031388401,-0.0004829242326804817,0.0003308932201141744,0.0003604706999269293,0.0003189763722840419,0.00030959635373403515,83097.4,82941.5,83177.0,82941.5,83177.0,82941.5,38.30000000000291,0.00046146969059846367,38.19999999999709,0.0004604767501431105,0.10000000000582077,0.0,-0.00046953408689554,-0.0007710429644777195,-0.00022852027750375203,0.00046168274319113856,-0.0001011998202499198,-0.0011625625960528518,1.2068397117852727,1.0373596569075052,0.3979258756324943,0.0006534726282982906,0.0006534726282982906,0.0006534726282982906,-0.0012238650066066503,-0.002179689096745485,-0.002179689096745485
2026-10-08 10:23:00+00:00,2026-10-08 18:23:00+08:00,82995.8,83017.8,82984.4,82987.0,3.04679198,252914.769106771,1,82983.25802379433,83030.1459384943,83056.88997802215,83014.39520683575,43.64271166715141,-34.87607312184991,-27.49039443282685,-7.385678689023063,34.200000000001246,2.5754021474999997,1.1830354272856334,-0.00010482470778605535,1.4460305256980277e-05,-0.0010340315554169255,-0.0017958460985153524,-0.0008199376076846177,0.00031715084540224635,0.0003580162605765136,0.0003126893067624335,0.0003082156048233113,83097.4,82941.5,83177.0,82941.5,83177.0,82941.5,33.40000000000873,0.00040247267644340353,-8.80000000000291,-0.00010602946173183354,22.0,2.6000000000058208,-0.0005196418482301679,-0.0008414711656149487,-0.0003300054980523992,-0.00010482470778605535,1.4460305256980277e-05,-0.0010340315554169255,1.043729099429817,1.0142682801852336,1.1830354272856334,0.0005485794204349581,0.0005485794204349581,0.0005485794204349581,-0.0013285614231010046,-0.0022842853192589496,-0.0022842853192589496
2026-10-08 10:24:00+00:00,2026-10-08 18:24:00+08:00,82986.9,82995.1,82961.7,82967.3,0.73186369,60725.120607346,1,82977.93868252957,83024.16061101865,83053.3766455507,83013.9265978125,37.784256559764785,-35.44881333824014,-29.082078213909508,-6.366735124330635,33.12857142857268,2.5710058525,0.28466045275173096,-0.000237386578620713,3.736551428223933e-05,-0.0007635729916765088,-0.0016004755698836304,-0.0012290927826611453,0.00031253132646818545,0.00034071060164216917,0.00030661975619631726,0.0003085660419775715,83097.4,82941.5,83177.0,82941.5,83177.0,82941.5,33.40000000000873,0.0004025682407407344,-19.59999999999127,-0.00023618185520836747,8.200000000011642,5.600000000005821,-0.0006848682431738196,-0.0010364015170394314,-0.0005616719955724436,-0.000237386578620713,3.736551428223933e-05,-0.0007635729916765088,1.0464222296970969,1.0192798087938053,0.28466045275173096,0.0003110626164224417,0.0003110626164224417,0.0003110626164224417,-0.0015656326190710557,-0.0025211296392031457,-0.0025211296392031457
2026-10-08 10:25:00+00:00,2026-10-08 18:25:00+08:00,82967.4,82967.4,82841.8,82841.8,16.3026672,1351560.051328013,1,82932.55912168638,83006.7929337788,83045.07952219577,83012.21389534671,25.51648351648086,-45.50496235862374,-32.36665504285236,-13.138307315771385,40.321428571429614,3.1281712204999996,5.211564857180106,-0.0015126441381122513,-0.0012032562670601932,-0.0025201351938746175,-0.002990722142055091,-0.0024973148446943982,0.0007608524643085015,0.0004977014375130124,0.0004062826938999541,0.0003628452921170024,83097.4,82841.8,83177.0,82841.8,83177.0,82841.8,125.59999999999127,0.001516142816790452,-125.59999999999127,-0.0015138476076144518,0.0,0.0,-0.0019877039932192364,-0.0024478213924936654,-0.002052877370088524,-0.0015126441381122513,-0.0012032562670601932,-0.0025201351938746175,3.549158367496262,1.8727168932670786,5.211564857180106,0.0,0.0,0.0,-0.003075908512179537,-0.004029960205345184,-0.004029960205345184
2026-10-08 10:26:00+00:00,2026-10-08 18:26:00+08:00,82841.7,82861.0,82800.0,82803.6,2.97779512,246647.913178678,1,82889.57274779092,82987.44122579986,83035.60973701162,83010.138135194,19.817137997021177,-55.91242996879737,-37.07581002804136,-18.83661994075601,43.03571428571532,3.2574132115,0.9141594653963969,-0.00046111986943786487,-0.0018539636005948656,-0.0031421327496912177,-0.003497235667471288,-0.0030881253453823865,0.0007234526957968394,0.0004941446347950761,0.0004105238406241741,0.00036610659056607314,83097.4,82800.0,83177.0,82800.0,83177.0,82800.0,61.0,0.0007366829461520996,-38.09999999999127,-0.00045991330453130816,19.30000000000291,3.6000000000058208,-0.002215289724377012,-0.0027940992755569605,-0.0024881073545212073,-0.00046111986943786487,-0.0018539636005948656,-0.0031421327496912177,1.6568095594834613,1.7622671918319721,0.9141594653963969,4.347826086958939e-05,4.347826086958939e-05,4.347826086958939e-05,-0.0035356100190858664,-0.004489221780059283,-0.004489221780059283
2026-10-08 10:27:00+00:00,2026-10-08 18:27:00+08:00,82800.0,82817.7,82750.3,82803.7,6.76877049,560266.961324213,1,82860.94849852729,82969.94206143798,83026.51523752096,83008.08402439606,18.1285280069432,-63.421272911611595,-42.34490260475541,-21.076370306856184,46.82142857142857,3.5205059614999996,1.9226697991773876,1.2076769608793114e-06,-0.0023133728614855853,-0.003415676244922561,-0.00359436069235064,-0.003058115021244312,0.0006116445176678196,0.0004797602525563208,0.00040914386323638477,0.0003661586894831888,83097.4,82750.3,83177.0,82750.3,83177.0,82750.3,67.39999999999418,0.0008139732886331671,3.6999999999970896,4.46859903381291e-05,14.0,49.69999999999709,-0.002003642009474671,-0.0026836636089511146,-0.002462218310399611,1.2076769608793114e-06,-0.0023133728614855853,-0.003415676244922561,1.757327575255036,1.494937533291167,1.9226697991773876,0.0006453148810336984,0.0006453148810336984,0.0006453148810336984,-0.003534406611999885,-0.004488019524628184,-0.004488019524628184
2026-10-08 10:28:00+00:00,2026-10-08 18:28:00+08:00,82803.7,82810.9,82738.0,82739.1,4.34268015,359393.405169018,1,82820.33233235154,82947.95710320579,83015.24405173583,83005.40756644188,16.417616987806113,-73.73479632365343,-48.62288134853502,-25.11191497511841,50.085714285714076,3.693416214,1.1757895396513791,-0.000780158374565243,-0.002987214864978771,-0.004310609369979512,-0.0046232468835488705,-0.0036439523757340053,0.0005868525412542128,0.0004894502664611397,0.00042001767360369616,0.0003776856589438962,83097.4,82738.0,83177.0,82738.0,83177.0,82738.0,72.89999999999418,0.0008810828254113735,-64.59999999999127,-0.0007801583745652823,7.19999999999709,1.1000000000058208,-0.0025179294403346875,-0.0033264258256439083,-0.003208315870610101,-0.000780158374565243,-0.002987214864978771,-0.004310609369979512,1.8417209792387659,1.3972091607933912,1.1757895396513791,1.3294979332334478e-05,1.3294979332334478e-05,1.3294979332334478e-05,-0.004311807589647665,-0.0052646765331761936,-0.0052646765331761936
2026-10-08 10:29:00+00:00,2026-10-08 18:29:00+08:00,82739.2,82794.5,82737.6,82788.4,2.62325837,217136.342774235,1,82809.68822156769,82932.76118861476,83006.34820656973,83003.2482871738,26.46472698285727,-77.04214604732988,-54.306734288293995,-22.735411759035884,50.11428571428509,3.7840277469999997,0.6932450144108312,0.0005958488791875105,-0.002156271205643767,-0.0035182659751302747,-0.004048125170676875,-0.003050274741485337,0.0007959262244435489,0.0005401596022396406,0.0004409238471274769,0.0003870286808781002,83081.0,82737.6,83177.0,82737.6,83177.0,82737.6,56.89999999999418,0.0006872943552477664,49.19999999999709,0.0005946395420791728,6.100000000005821,1.5999999999912689,-0.001740701582170212,-0.0026256811831710802,-0.0025884322795474146,0.0005958488791875105,-0.002156271205643767,-0.0035182659751302747,1.3847269053538058,1.8051330850640883,0.6932450144108312,0.0006139892866119379,0.0006139892866119379,0.0006139892866119379,-0.003521864204812264,-0.004671964605600154,-0.004671964605600154
2026-10-08 10:30:00+00:00,2026-10-08 18:30:00+08:00,82788.3,82850.3,82767.9,82815.9,1.9101748,158177.388671344,1,82811.75881437847,82921.63155160383,82998.87964944936,83001.38412511238,26.19999999999723,-76.56166909524472,-58.757721249684145,-17.80394784556058,51.69285714285694,3.791364112,0.5038225671742076,0.0003321721400582067,-0.00031264409995934717,-0.0025137128031934575,-0.003515902782039393,-0.002648255330833349,0.0005628452974135474,0.000544099479425488,0.00044884328510016823,0.00039015992880012617,83065.2,82737.6,83177.0,82737.6,83177.0,82737.6,82.40000000000873,0.0009949780175064057,27.59999999999127,0.0003333804414390834,34.40000000000873,20.40000000000873,-0.0012750780420671681,-0.0022046038479337504,-0.002234711228824793,0.0003321721400582067,-0.00031264409995934717,-0.0025137128031934575,1.9296442108737388,1.253990682489407,0.5038225671742076,0.0009463653768055913,0.0009463653768055913,0.0009463653768055913,-0.003001256844021305,-0.0043413443620232695,-0.0043413443620232695
2026-10-08 10:31:00+00:00,2026-10-08 18:31:00+08:00,82815.8,82828.0,82802.8,82828.0,1.81518199,150329.305004122,1,82817.17254291898,82912.71426097488,82992.17848672587,82999.65890993715,30.95392602206128,-74.34748722003133,-61.87567444375358,-12.471812776277744,49.9357142857147,3.806591058,0.4768523758771463,0.00014610720888152962,0.00029467317846076924,-0.0027199204372100327,-0.00356214383073028,-0.0030416209781573,0.0005191204404879998,0.0005324630216527739,0.0004478173713711459,0.00038340141105636653,83052.7,82737.6,83177.0,82737.6,83177.0,82737.6,25.19999999999709,0.00030424494132415476,12.19999999999709,0.00014731488435778064,0.0,13.0,-0.0010217282322737553,-0.001978240476626647,-0.002068188137055116,0.00014610720888152962,0.00029467317846076924,-0.0027199204372100327,0.5923556589216846,1.1592235444072552,0.4768523758771463,0.0010926108564908166,0.0010926108564908166,0.0010926108564908166,-0.00270551107910999,-0.0041958714548493425,-0.0041958714548493425
2026-10-08 10:32:00+00:00,2026-10-08 18:32:00+08:00,82828.0,82832.7,82754.1,82769.6,0.91706416,75926.06337229,1,82801.31502861266,82899.08433135823,82983.44991861898,82997.3697665547,28.483280254775252,-76.42415398765297,-64.78537035253346,-11.638783635119509,54.07857142857184,3.7940885324999996,0.24170868764512682,-0.0007050755783067908,-0.00041181734632622646,-0.002825161648641439,-0.004432384189679617,-0.004398853435303662,0.0006242392592372663,0.0005390351903672456,0.0004568022213898069,0.00038109955455230363,83017.8,82737.6,83177.0,82737.6,83177.0,82737.6,78.59999999999127,0.0009496240165470326,-58.39999999999418,-0.0007050755783067824,4.69999999999709,15.5,-0.0015619512857423246,-0.002577018897487293,-0.002744301020566442,-0.0007050755783067908,-0.00041181734632622646,-0.002825161648641439,1.7804395429841713,1.3665416453931358,0.24170868764512682,0.0003867649049524857,0.0003867649049524857,0.0003867649049524857,-0.002989720276856289,-0.004897988626663574,-0.004897988626663574
2026-10-08 10:33:00+00:00,2026-10-08 18:33:00+08:00,82769.7,82771.5,82700.0,82717.2,8.68843359,718746.53859375,1,82773.27668574177,82881.76201408602,82973.0087453398,82994.58200768351,26.837959489870443,-81.360298560714,-68.10035599416958,-13.259942566544424,56.40000000000042,4.157486953499999,2.089828227286583,-0.0006330826776982379,-0.0002646874331484472,-0.0032366983267017035,-0.005397631967833161,-0.005257689310487423,0.000585385430880589,0.0005511768015776036,0.0004556307472828144,0.00038571772322522005,83017.8,82700.0,83177.0,82700.0,83177.0,82700.0,71.5,0.0008643909610093185,-52.5,-0.000634290084414949,1.8000000000029104,17.19999999999709,-0.0019855033253040055,-0.0030830356667543857,-0.003342170066689798,-0.0006330826776982379,-0.0002646874331484472,-0.0032366983267017035,1.573128796806804,1.2847803498152301,2.089828227286583,0.00020798065296245838,0.00020798065296245838,0.00020798065296245838,-0.0036209102144360017,-0.005527970472606669,-0.005527970472606669
2026-10-08 10:34:00+00:00,2026-10-08 18:34:00+08:00,82717.2,82770.7,82700.0,82741.0,3.10453355,256835.118871457,1,82762.51779049452,82868.35610798259,82963.91036316962,82992.05880362696,31.231287425147926,-82.40188990930619,-70.9606627771969,-11.44122713210929,59.82142857142857,4.2998951575,0.722002150351267,0.00028772734086746077,-0.0005725439795912779,-0.0026903170283085753,-0.005117438971894983,-0.00456925342393244,0.0005115971156062065,0.0005659923160936742,0.0004624548165113203,0.00038644196841346266,83017.8,82700.0,83177.0,82700.0,83177.0,82700.0,70.69999999999709,0.000854473598336944,23.80000000000291,0.0002877273408674727,29.69999999999709,17.19999999999709,-0.00153684849035296,-0.0026868353021674007,-0.0030250942951181026,0.00028772734086746077,-0.0005725439795912779,-0.0026903170283085753,1.4912670198987918,1.1062640010230778,0.722002150351267,0.0004957678355501649,0.0004957678355501649,0.0004957678355501649,-0.003334224708436029,-0.005241833679983654,-0.005241833679983654
2026-10-08 10:35:00+00:00,2026-10-08 18:35:00+08:00,82737.2,82763.5,82720.1,82763.5,2.34848128,194299.073393277,1,82762.84519366302,82858.36981198424,82956.0511332414,82989.78458667545,32.08279430789109,-80.48402683586755,-72.86533558893103,-7.618691246936521,61.485714285713456,4.3895513855,0.5350162405565488,0.00027193289904636764,-0.00063272873928788,-0.002147293999633537,-0.004136820712500655,-0.0045309008157304875,0.0004990048752445062,0.0005769496665122678,0.00045757732404627107,0.00038699697547148545,83017.8,82700.0,83120.6,82700.0,83177.0,82700.0,43.39999999999418,0.0005243857497567669,26.30000000000291,0.00031787394303895843,0.0,17.09999999999127,-0.0011449635347583476,-0.002321122216053073,-0.002726655910753939,0.00027193289904636764,-0.00063272873928788,-0.002147293999633537,0.9339584124910941,1.0905367224754474,0.5350162405565488,0.0007678355501814504,0.0007678355501814504,0.0007678355501814504,-0.00306319849478065,-0.004296167255770644,-0.0049713262079661424
2026-10-08 10:36:00+00:00,2026-10-08 18:36:00+08:00,82763.5,82780.4,82750.3,82755.2,0.50291205,41622.078209104,1,82760.29679577536,82848.54411560479,82948.17461821233,82987.45041168366,26.47231461553406,-78.72633893688908,-74.03753625852265,-4.688802678366429,60.892857142855064,4.033077125,0.12469685910110138,-0.00010028575398579598,-0.0008789298304920923,-0.0024373955789356305,-0.004157606373953571,-0.004587630478032678,0.000477038997812286,0.0005697793497744672,0.0004575009333751164,0.0003869862637209197,83017.8,82700.0,83116.7,82700.0,83177.0,82700.0,30.09999999999127,0.0003637233672324068,-8.30000000000291,-0.00010028575398578976,16.89999999999418,4.899999999994179,-0.0011266838373712451,-0.0023264480393998532,-0.002798620882211944,-0.00010028575398579598,-0.0008789298304920923,-0.0024373955789356305,0.6457685492437347,1.0427060646478503,0.12469685910110138,0.0006674727932285407,0.0006674727932285407,0.0006674727932285407,-0.0031631770535958115,-0.004349306457065771,-0.005071113408754879
2026-10-08 10:37:00+00:00,2026-10-08 18:37:00+08:00,82755.2,82755.2,82713.0,82713.0,1.03499982,85638.571550548,1,82744.53119718358,82835.63515221386,82938.95208416479,82984.71956181616,24.843922144692286,-79.81844854382507,-75.19371871558313,-4.624729828241939,61.52142857142566,3.5554547399999996,0.2911019533889496,-0.0005099377440933583,-0.0006838259457578877,-0.0034062005621977587,-0.004564803236882353,-0.005259151199695,0.0004284120631025004,0.0005485825830092117,0.00046240313773047954,0.00038964832591517964,83017.8,82700.0,83097.4,82700.0,83177.0,82700.0,42.19999999999709,0.0005101979132663196,-42.19999999999709,-0.0005099377440933874,0.0,0.0,-0.0014804637157488365,-0.002724318049443175,-0.0032743324704948007,-0.0005099377440933583,-0.0006838259457578877,-0.0034062005621977587,0.8944891114640796,0.9264903893282155,0.2911019533889496,0.00015719467956465394,0.00015719467956465394,0.00015719467956465394,-0.0036715017743182976,-0.004625896839130839,-0.005578465200716587
2026-10-08 10:38:00+00:00,2026-10-08 18:38:00+08:00,82713.1,82718.8,82692.1,82697.2,1.66650708,137818.568189042,1,82728.75413145573,82822.45085200302,82929.47161027597,82981.85867065382,25.023118180135526,-81.02487688494148,-76.3599503494548,-4.664926535486671,61.0428571428534,3.478645881,0.47906775711269933,-0.00019102196752629474,-0.00024178768140126206,-0.0034921132225529394,-0.0045225338227026235,-0.005475481795496284,0.00033602268055633855,0.0005476586691833019,0.0004622113641947292,0.0003895789235185238,82995.1,82692.1,83097.4,82692.1,83177.0,82692.1,26.69999999999709,0.0003228646193582986,-15.900000000008731,-0.0001922307349139221,5.69999999999709,5.099999999991269,-0.0015122814009311814,-0.0028008331147644228,-0.0034303723152744325,-0.00019102196752629474,-0.00024178768140126206,-0.0034921132225529394,0.5695298389242034,0.7269892230836033,0.47906775711269933,6.16745735080304e-05,6.16745735080304e-05,6.16745735080304e-05,-0.0035893685289855037,-0.004816035158741405,-0.005768421558844383
2026-10-08 10:39:00+00:00,2026-10-08 18:39:00+08:00,82697.2,82710.0,82672.9,82699.6,3.42393959,283122.529997436,1,82719.03608763716,82810.75077085987,82920.45703732397,82979.05012666722,32.97413793103448,-80.85527086291404,-77.25901445214666,-3.5962564107673813,54.72142857142587,3.415463281,1.0024817450233334,2.902153881878533e-05,-0.0005003565342452942,-0.00322657239659474,-0.003987681664733511,-0.005532727992044073,0.0002877996943156927,0.000551811963031267,0.0004582904044975981,0.0003892037829957608,82967.4,82672.9,83097.4,82672.9,83177.0,82672.9,37.10000000000582,0.00044861160150721184,2.400000000008731,2.9021538818832212e-05,10.39999999999418,24.30000000000291,-0.0013422263392759426,-0.0026634807044605413,-0.0033677190355955178,2.902153881878533e-05,-0.0005003565342452942,-0.00322657239659474,0.7951479473780366,0.6279854247247305,1.0024817450233334,0.00032295951877836515,0.00032295951877836515,0.00032295951877836515,-0.003227773800311806,-0.004787153388673859,-0.005739567428495795
2026-10-08 10:40:00+00:00,2026-10-08 18:40:00+08:00,82701.4,82713.7,82673.9,82696.8,1.44486763,119472.129654052,1,82711.62405842479,82799.89831649227,82911.68617311519,82976.24166769542,36.0282574568284,-80.02432288711134,-77.8120761391396,-2.212246747971733,53.20714285714036,3.2948906404999994,0.43851762854889215,-3.3857479359022946e-05,-0.0008059108181746044,-0.0017503241117406976,-0.0042660482522206555,-0.005371442591955433,0.00021131626732124535,0.00041977414547575946,0.00045313641101883467,0.0003890350158009628,82861.0,82672.9,83097.4,82672.9,83177.0,82672.9,39.80000000000291,0.00048127617997314174,-4.599999999991269,-5.5621791166670326e-05,12.30000000000291,22.90000000000873,-0.00124515027902794,-0.0025917477141462752,-0.0033677310767403767,-3.3857479359022946e-05,-0.0008059108181746044,-0.0017503241117406976,0.8581910470691951,0.4663413978279092,0.43851762854889215,0.00028909110482411293,0.00028909110482411293,0.00028909110482411293,-0.0019816318895499174,-0.004820848787085885,-0.005773230580569111
2026-10-08 10:41:00+00:00,2026-10-08 18:41:00+08:00,82700.3,82700.3,82676.3,82676.3,0.96105501,79466.444993361,1,82699.84937228319,82788.12704825492,82902.45534279694,82973.25717348949,34.17784401391053,-80.09666481048043,-78.26899387340777,-1.8276709370726678,50.10714285714078,3.2804991630000004,0.2929599924424672,-0.00024789350978515756,-0.0009534144077955053,-0.001537372771232226,-0.004674674891590458,-0.0058153028082043035,0.0002109864108324943,0.00041079200003758007,0.0004497956307624731,0.0003876970489240789,82850.3,82672.9,83097.4,82672.9,83177.0,82672.9,24.0,0.0002902887526413253,-24.0,-0.00029020450953624107,0.0,0.0,-0.0013507619056259967,-0.0027279691760851987,-0.003578950418549609,-0.00024789350978515756,-0.0009534144077955053,-0.001537372771232226,0.517885150978666,0.469071721472349,0.2929599924424672,4.112593123029029e-05,4.112593123029029e-05,4.112593123029029e-05,-0.002100173445358622,-0.005067547239745007,-0.006019692943962873
2026-10-08 10:42:00+00:00,2026-10-08 18:42:00+08:00,82676.3,82676.4,82629.2,82629.3,1.6878626,139499.069804655,1,82676.33291485548,82773.00066270682,82891.74336856962,82969.83471405179,35.7402597402599,-82.9898481998971,-79.21316473870564,-3.7766834611914533,48.2714285714267,3.3149920075,0.5091603829455086,-0.0005684821405892437,-0.0010119328279714068,-0.0021061860762260354,-0.005514668271400569,-0.006477250865717599,0.00023354750678251108,0.00042655297139579054,0.00044825591910631595,0.0003915457477560036,82850.3,82629.2,83097.4,82629.2,83177.0,82629.2,47.19999999999709,0.0005712259452760351,-47.0,-0.000568482140589262,0.09999999999126885,0.10000000000582077,-0.0017360813496708483,-0.0031660978271705886,-0.004104319542462709,-0.0005684821405892437,-0.0010119328279714068,-0.0021061860762260354,1.001551747938319,0.5210137709907607,0.5091603829455086,1.2102259250301728e-06,1.2102259250301728e-06,1.2102259250301728e-06,-0.0026674616748521007,-0.005633148570231894,-0.006584752996621646
2026-10-08 10:43:00+00:00,2026-10-08 18:43:00+08:00,82629.2,82691.2,82628.7,82664.0,5.14908238,425669.447990212,1,82672.22194323699,82762.61964721094,82882.8122560767,82966.7915825687,33.20734341252884,-81.54274289871682,-79.67908037070788,-1.8636625280089447,48.671428571427114,3.4201065274999998,1.5055327483509213,0.00041994788773469516,-0.00040146462032564223,-0.0009076724305679962,-0.005214369179263434,-0.0053807429082962654,0.0003642682498864629,0.00041023545046372617,0.00045854864907834525,0.0003899924597486541,82850.3,82628.7,83097.4,82628.7,83177.0,82628.7,62.5,0.0007560727765411788,34.80000000000291,0.00042115862189156996,27.19999999999709,0.5,-0.0011915964916446864,-0.002640019687081163,-0.0036495515469867623,0.00041994788773469516,-0.00040146462032564223,-0.0009076724305679962,1.2819855908590272,0.7943939004479019,1.5055327483509213,0.0004272123366335645,0.0004272123366335645,0.0004272123366335645,-0.0022486339820133594,-0.005215566311340569,-0.0061675703619991085
2026-10-08 10:44:00+00:00,2026-10-08 18:44:00+08:00,82659.4,82720.7,82659.4,82716.7,1.26914209,104947.978203002,1,82687.04796215799,82758.24634747657,82876.29804995605,82964.3031091103,37.46208291203337,-75.2757203077781,-78.79840835812193,3.522688050343831,47.16428571428384,3.4469704475,0.36819059209529237,0.0006375205651794058,0.00020677246322819975,-0.0008660633615337199,-0.0043812822954067965,-0.004947791357905906,0.0004898900052245968,0.00041510957128034056,0.00048182569570106513,0.0003994529630548696,82850.3,82628.7,83081.0,82628.7,83177.0,82628.7,61.30000000000291,0.000741083723117616,57.30000000000291,0.0006932060963423751,4.0,0.0,-0.0005020206361324719,-0.0019257381629166348,-0.002984453552085764,0.0006375205651794058,0.00020677246322819975,-0.0008660633615337199,1.227861000527545,1.0167369851701205,0.36819059209529237,0.0010650052584635361,0.0010650052584635361,0.0010650052584635361,-0.001612546967241002,-0.004384877408793897,-0.0055339817497626065
2026-10-08 10:45:00+00:00,2026-10-08 18:45:00+08:00,82716.7,82742.0,82702.5,82727.8,2.7125409,224393.033513541,1,82700.631974772,82755.34669533595,82870.47459701661,82961.94984434303,37.303598580842376,-68.6223468213575,-76.76319605076904,8.140849229411543,48.18571428571262,2.7674641325,0.9801539496555698,0.00013419297433303612,0.0003748633562603576,-0.001063805380367655,-0.00357484408235631,-0.005392160988166084,0.0004891962048344681,0.0004048492392765515,0.00047377717289083385,0.00039094571355900395,82832.7,82628.7,83065.2,82628.7,83177.0,82628.7,39.5,0.00047746948426043,11.10000000000582,0.0001341929743329439,14.19999999999709,14.19999999999709,-0.00033286907053098336,-0.0017216577763118357,-0.002822376339784105,0.00013419297433303612,0.0003748633562603576,-0.001063805380367655,0.800065087290412,1.0325449025953537,0.9801539496555698,0.0011993411490196504,0.0011993411490196504,0.0011993411490196504,-0.0012664080731401572,-0.004061869471210455,-0.005400531396900554
2026-10-08 10:46:00+00:00,2026-10-08 18:46:00+08:00,82730.0,82732.8,82659.8,82659.8,1.76874985,146255.667312264,1,82687.02131651467,82746.24701006585,82862.212848114,82958.94337823018,36.41761504205891,-68.05207019443333,-75.0209708795019,6.968900685068576,47.78571428571325,2.7070118689999996,0.6533956759684973,-0.0008219727830306445,-0.00019957351744093188,-0.0020307142512193677,-0.004745111307235317,-0.00588221852604176,0.0006308137370040185,0.00044313983369181117,0.00048189041468538906,0.0004010972262130454,82832.7,82628.7,83052.7,82628.7,83177.0,82628.7,73.0,0.0008831378735491738,-70.19999999999709,-0.0008485434546113513,2.8000000000029104,0.0,-0.0010447242405488,-0.002442764212500781,-0.0036059207850117625,-0.0008219727830306445,-0.00019957351744093188,-0.0020307142512193677,1.4669453223620672,1.3090398102561487,0.6533956759684973,0.0003763825402069987,0.0003763825402069987,0.0003763825402069987,-0.002087339903202423,-0.004730731210424111,-0.006218065090109026
2026-10-08 10:47:00+00:00,2026-10-08 18:47:00+08:00,82655.7,82670.6,82617.5,82617.5,1.51174875,124946.565531452,1,82663.84754434312,82733.98539005958,82852.61626583501,82955.54593168062,37.3509261608739,-70.20410907425685,-74.05759851845289,3.8534894441960432,46.47142857142795,2.444160782,0.6185144451761357,-0.0005117360554949268,-0.00014280648631903592,-0.0018376312075931711,-0.004657601251022658,-0.005934253952860402,0.0006193290738626594,0.00042793809546929376,0.00047937670775879834,0.00040195169087132857,82780.4,82617.5,83017.8,82617.5,83177.0,82617.5,53.10000000000582,0.0006427209731595101,-38.19999999999709,-0.00046215808468136,14.900000000008731,0.0,-0.0014079509105042742,-0.002837765135631054,-0.004075025097888263,-0.0005117360554949268,-0.00014280648631903592,-0.0018376312075931711,1.064227379453916,1.291946529396833,0.6185144451761357,0.0,0.0,0.0,-0.001967857125599659,-0.0048218574811667025,-0.0067266191375019435
2026-10-08 10:48:00+00:00,2026-10-08 18:48:00+08:00,82617.4,82634.5,82600.0,82607.1,2.42398103,200245.956780716,1,82644.93169622876,82721.90106719676,82842.98817697873,82952.07880798231,32.41397425794719,-71.91976222425001,-73.63003125961231,1.7102690353623018,43.88571428571387,2.348225826,1.0322606127405738,-0.00012588132054336398,-0.0006883286557630708,-0.0013310411861134908,-0.004563431334035473,-0.006074935027432837,0.0005663842622369802,0.0004040888876887714,0.0004792456445172475,0.0004016820185083235,82780.4,82600.0,83017.8,82600.0,83177.0,82600.0,34.5,0.00041763964598684613,-10.299999999988358,-0.00012467107413194266,17.10000000000582,7.100000000005821,-0.001387795320413332,-0.0028474127040757358,-0.004158772304921565,-0.00012588132054336398,-0.0006883286557630708,-0.0013310411861134908,0.6851282139598487,1.1818245376178829,1.0322606127405738,8.595641646502727e-05,8.595641646502727e-05,8.595641646502727e-05,-0.002093490729689451,-0.004947131819922901,-0.006851653702345528
2026-10-08 10:49:00+00:00,2026-10-08 18:49:00+08:00,82607.2,82681.9,82603.5,82681.9,3.38674673,279894.47027605,1,82657.2544641525,82718.09144174944,82836.67099356781,82949.39046163423,40.57736720554205,-66.4773849232879,-72.19950199234744,5.722117069059536,46.38571428571387,2.386400244,1.4191863827181206,0.0009054911744872385,-0.0004207131087192728,-0.0007142770814952959,-0.003402672478008628,-0.004845669168136113,0.0006625739512206218,0.00047111756123870607,0.0005160415742600684,0.00042096401993890254,82780.4,82600.0,83017.8,82600.0,83177.0,82600.0,78.39999999999418,0.0009482123657051203,74.69999999999709,0.0009042795301135627,0.0,3.6999999999970896,-0.0004375275241320642,-0.0018683874147940038,-0.0032247429444096642,0.0009054911744872385,-0.0004207131087192728,-0.0007142770814952959,1.5158870890464202,1.2839545964308405,1.4191863827181206,0.0009915254237287119,0.0009915254237287119,0.0009915254237287119,-0.0011898951925818357,-0.004046120229637573,-0.005952366639816353
2026-10-08 10:50:00+00:00,2026-10-08 18:50:00+08:00,82681.8,82693.0,82647.1,82647.1,2.2568283,186586.481180881,1,82653.86964276835,82711.33035205901,82829.23683695731,82946.38259634435,38.2372143634391,-64.23190544334648,-70.60598268254725,6.374077239200773,47.514285714285506,2.4037329190000003,0.9388847996219499,-0.0004208901827363887,-0.000975488288096571,-0.0014064170799928943,-0.0035506910886695664,-0.00532557624540253,0.0006633817134800706,0.00047152219583232945,0.0005183254378410804,0.0004228021091592335,82780.4,82600.0,83017.8,82600.0,83177.0,82600.0,45.89999999999418,0.000555373388781871,-34.69999999999709,-0.00041968123577373846,11.19999999999709,0.0,-0.0007765605000622511,-0.00219894380188268,-0.00360814524969455,-0.0004208901827363887,-0.000975488288096571,-0.0014064170799928943,0.8747885572848874,1.279855598527396,0.9388847996219499,0.0005702179176756417,0.0005702179176756417,0.0005702179176756417,-0.00161028456011314,-0.004465307440091104,-0.006370751529869989
2026-10-08 10:51:00+00:00,2026-10-08 18:51:00+08:00,82646.4,82708.8,82646.4,82705.2,1.0003104,82690.407849505,1,82670.97976184556,82710.74650900578,82824.3726472727,82943.98276951506,49.17963819941068,-57.10588128733798,-67.9059624035054,10.80008111616742,48.95714285714348,2.3629893395,0.42332412731564084,0.0007029889735996608,0.0005492391706729549,-0.0006041916399210923,-0.0030401145648247807,-0.004814374053159098,0.0006535446116289891,0.0005143892565504964,0.0005369683673184972,0.00043359793549739047,82755.2,82600.0,83017.8,82600.0,83177.0,82600.0,62.40000000000873,0.0007544870213724014,58.80000000000291,0.0007114647461958769,3.6000000000058208,0.0,-6.70591094855677e-05,-0.001438859643166035,-0.002878843787602947,0.0007029889735996608,0.0005492391706729549,-0.0006041916399210923,1.1572969722264321,1.2171007668340843,0.42332412731564084,0.0012736077481840802,0.0012736077481840802,0.0012736077481840802,-0.0006041916399210923,-0.0037654575283855296,-0.005672241124349275
2026-10-08 10:52:00+00:00,2026-10-08 18:52:00+08:00,82705.2,82731.7,82701.4,82710.9,0.8061887,66683.848032844,1,82684.28650789705,82710.7611271957,82819.92273953652,82941.6635379776,51.472168493444855,-50.417333800010965,-64.40823668280652,13.990902882795552,49.21428571428675,2.3574455665,0.34197553125135965,6.891948752918431e-05,0.001130511090265296,-2.5388995683939264e-05,-0.0034315030778703237,-0.004828412675876748,0.0005603990359328372,0.000498083872950707,0.0005274715848950373,0.00043351166218128927,82742.0,82600.0,83017.8,82600.0,83177.0,82600.0,30.30000000000291,0.0003663362386336373,5.69999999999709,6.891948752916492e-05,20.80000000000291,3.8000000000029104,1.6790173660297114e-06,-0.0013163830142584043,-0.0027822390838826427,6.891948752918431e-05,0.001130511090265296,-2.5388995683939264e-05,0.5646645768524019,1.06242507081088,0.34197553125135965,0.0013426150121065294,0.0013426150121065294,0.0013426150121065294,-0.00037586715332005305,-0.0036967975542595566,-0.005603712564771546
2026-10-08 10:53:00+00:00,2026-10-08 18:53:00+08:00,82710.9,82756.6,82705.0,82742.1,2.26534529,187434.895570947,1,82703.55767193137,82713.74578174848,82816.87086739784,82939.67783113205,54.30074883626816,-42.1135734176205,-59.949304029769316,17.835730612148815,50.25000000000104,2.0362911515,1.1124859469782948,0.00037721751304853335,0.001634242092992011,0.0005429446220670542,-0.0029510646245797245,-0.0047416110652025445,0.000525472762869887,0.0005042175649530945,0.0005350620390508938,0.0004349196855827031,82756.6,82600.0,82995.1,82600.0,83177.0,82600.0,51.60000000000582,0.000623624491039094,31.20000000001164,0.00037721751304860236,14.5,5.899999999994179,0.0003427993495341841,-0.0009028458406445949,-0.0023821871063246514,0.00037721751304853335,0.001634242092992011,0.0005429446220670542,0.9504448249633161,0.9820781975151582,1.1124859469782948,0.0017203389830509064,0.0017203389830509064,0.0017203389830509064,-0.00017521261144126665,-0.0030483727352578205,-0.005228608870240459
2026-10-08 10:54:00+00:00,2026-10-08 18:54:00+08:00,82742.0,82752.5,82687.0,82687.1,2.33391575,193049.007041382,1,82698.07178128758,82711.20808824863,82811.78181377439,82937.16461888199,49.11220940875,-39.51531587111822,-55.8625063980391,16.347190526920883,52.08571428571512,1.9977602614999999,1.1682661803712129,-0.0006647160272702513,6.289163650108343e-05,-0.00015114946142424923,-0.0033772341633390157,-0.004972304552450457,0.0005611206277754067,0.0005357630513557175,0.0005444954808064109,0.0004391234249876518,82756.6,82600.0,82967.4,82600.0,83177.0,82600.0,65.5,0.0007921429098372055,-54.89999999999418,-0.00066350825457439,10.5,0.10000000000582077,-0.00029147305190979633,-0.0015056047707652231,-0.003015109330432142,-0.0006647160272702513,6.289163650108343e-05,-0.00015114946142424923,1.1838481676876464,1.03053312204607,1.1682661803712129,0.001054479418886256,0.001054479418886256,0.001054479418886256,-0.0008398121720805118,-0.003378435385464562,-0.00588984935739445
2026-10-08 10:55:00+00:00,2026-10-08 18:55:00+08:00,82687.2,82719.0,82687.1,82700.5,2.33404993,193032.635614409,1,82698.88118752505,82710.18827032018,82807.41782107737,82934.80974705232,52.24406528189896,-35.96038114526891,-51.88208134748507,15.921700202216158,52.65000000000042,1.997038694,1.1687554863170817,0.00016205671743230177,0.0006461206745305148,4.474175542457104e-05,-0.0017056606688894416,-0.004691281653815271,0.0005063996425425674,0.0005375235537117877,0.0004777700033154976,0.000440228215994371,82756.6,82600.0,82861.0,82600.0,83177.0,82600.0,31.89999999999418,0.00038572922775550545,13.30000000000291,0.0001608471444190021,18.5,0.09999999999126885,-0.00011713515012834463,-0.0012911623607003708,-0.0028252280045852896,0.00016205671743230177,0.0006461206745305148,4.474175542457104e-05,0.6108675245940824,1.05992347579043,1.1687554863170817,0.0012167070217916631,0.0012167070217916631,0.0012167070217916631,-0.0006778915518521611,-0.00193697879581467,-0.0057287471296151304
2026-10-08 10:56:00+00:00,2026-10-08 18:56:00+08:00,82700.5,82719.2,82700.5,82719.2,0.67071841,55477.206882352,1,82705.6541250167,82711.04653028969,82803.95829868218,82932.66437643488,58.79819925621456,-31.273633070639335,-47.760391692115924,16.48675862147659,50.61428571428613,2.0054290119999996,0.3344513348448557,0.00022611713351183838,0.0001692759342821759,0.0005188911453462008,-0.0010192793550040102,-0.00451295036235988,0.00040636473815763976,0.0005356428166943243,0.0004741771250565496,0.0004416972852673292,82756.6,82600.0,82850.3,82600.0,83177.0,82600.0,18.69999999999709,0.00022606601611230634,18.69999999999709,0.0002261171335118541,0.0,0.0,9.857776019450704e-05,-0.0010236020164211546,-0.0025739481305696588,0.00022611713351183838,0.0001692759342821759,0.0005188911453462008,0.3679313725409756,0.856989333066578,0.3344513348448557,0.0014430992736076398,0.0014430992736076398,0.0014430992736076398,-0.0004519277012348111,-0.0015823720614168701,-0.00550392536398292
2026-10-08 10:57:00+00:00,2026-10-08 18:57:00+08:00,82719.2,82742.5,82688.2,82736.2,3.81048044,315136.010093861,1,82715.83608334447,82713.44209883353,82801.30111049856,82930.70950701763,57.31954582319564,-25.889159415935865,-43.38614523687991,17.496985820944047,50.02857142857205,2.144203043,1.7771080273576498,0.00020551456010209357,0.0003058847141066412,0.0012937299480932918,-0.0008151809641356866,-0.004406611602071675,0.00041382894129805777,0.0005100537626171361,0.00047616149535613655,0.00044262481252802313,82756.6,82600.0,82850.3,82600.0,83177.0,82600.0,54.30000000000291,0.0006563028033678476,17.0,0.00020551456010212864,6.30000000000291,31.0,0.00027514150770402424,-0.000786232941094589,-0.0023454460738837613,0.00020551456010209357,0.0003058847141066412,0.0012937299480932918,1.0773744206265294,0.8690936695512134,1.7771080273576498,0.0016489104116221842,0.0016489104116221842,0.0016489104116221842,-0.0002465060188554524,-0.0013771827018128624,-0.005299541940680719
2026-10-08 10:58:00+00:00,2026-10-08 18:58:00+08:00,82734.8,82746.4,82717.3,82743.0,0.62827002,51975.667266299,1,82724.89072222965,82716.25713703987,82799.01479243979,82928.8417507289,52.939861390566115,-20.833071402506903,-38.87553047000531,18.042459067498406,47.72857142857122,2.09229119,0.3002784808361211,8.218893301847885e-05,1.0877171355172521e-05,0.0009556759895481548,4.7136118231927426e-05,-0.004576328687228792,0.00037689689398051726,0.0005016594276026139,0.0004546759826631476,0.0004410394559055865,82756.6,82600.0,82850.3,82600.0,83177.0,82600.0,29.09999999999127,0.00035169138174819946,8.19999999999709,9.911186103063149e-05,3.3999999999941792,17.5,0.0003233084267320052,-0.0006765152046821488,-0.0022409784919884546,8.218893301847885e-05,1.0877171355172521e-05,0.0009556759895481548,0.59455299519979,0.8289351282047946,0.3002784808361211,0.0017312348668281352,0.0017312348668281352,0.0017312348668281352,-0.00016433734590359794,-0.0012951069579711927,-0.005217788571359905
2026-10-08 10:59:00+00:00,2026-10-08 18:59:00+08:00,82743.1,82756.6,82731.0,82731.0,5.25909491,435176.517787734,1,82726.9271481531,82717.66121922655,82796.34754567745,82926.87317609477,50.35698348951331,-17.591599923020112,-34.61874436060827,17.027144437588156,46.735714285714494,2.1840489560000003,2.407956513773311,-0.0001450273739168617,0.000530917156364108,0.00017287923720354925,-0.0006933338487034035,-0.004738652317175629,0.0001508767658399095,0.00047785980624098133,0.00044121125732680944,0.00044095035298160576,82756.6,82600.0,82850.3,82600.0,83177.0,82600.0,25.60000000000582,0.00030943660780125736,-12.10000000000582,-0.00014623575863130365,13.5,0.0,0.0001612567446522828,-0.0007892563816465081,-0.0023619988140495263,-0.0001450273739168617,0.000530917156364108,0.00017287923720354925,0.5345001383792012,0.3419603723486902,2.407956513773311,0.001585956416464862,0.001585956416464862,0.001585956416464862,-0.0003093408864066616,-0.0014399465059269367,-0.005362059223102511
2026-10-08 11:00:00+00:00,2026-10-08 19:00:00+08:00,82731.1,82741.7,82683.5,82683.5,1.38882892,114881.0223736,1,82712.45143210207,82714.4077697764,82791.92215172932,82924.45155245204,52.77063362169731,-18.640685231992393,-31.423132534885095,12.782447302892702,45.67857142857143,2.1812470205,0.6367132685786515,-0.0005741499558811203,-0.0002055610304653177,-0.0005354910924744161,-0.0015987268145367661,-0.005109008628521261,0.00033255339763291815,0.0004993973304788419,0.0004470418970845779,0.0004453042702240221,82756.6,82600.0,82832.7,82600.0,83177.0,82600.0,58.19999999999709,0.0007038889258436942,-47.60000000000582,-0.0005753579971740472,10.599999999991269,0.0,-0.00037366851325859596,-0.0013095740370735465,-0.002905675563010912,-0.0005741499558811203,-0.0002055610304653177,-0.0005354910924744161,1.2365760782078492,0.7438976073645304,0.6367132685786515,0.0010108958837773407,0.0010108958837773407,0.0010108958837773407,-0.0008833132342315198,-0.0018012210153719455,-0.005933130552917221
2026-10-08 11:01:00+00:00,2026-10-08 19:01:00+08:00,82683.3,82683.3,82650.1,82650.1,1.90061755,157120.58950704,1,82691.66762140139,82708.28322027388,82786.36049872033,82921.72168625849,53.89207258834873,-21.914576169408974,-29.521421261789875,7.606845092380901,44.27142857142774,2.2282251475000003,0.8529737455536905,-0.00040395000211645993,-0.0008353562413562221,-0.00011734845717015219,-0.002147824407205179,-0.00570231737847382,0.0003252927036812607,0.00046269482482291124,0.00044985533944493747,0.00044565550337666494,82756.6,82600.0,82832.7,82600.0,83177.0,82600.0,33.19999999999709,0.0004016934038796939,-33.19999999999709,-0.0004015321110792275,0.0,0.0,-0.0007034751297995134,-0.001645929328206508,-0.003275639732688962,-0.00040395000211645993,-0.0008353562413562221,-0.00011734845717015219,0.7016816963329701,0.7231051299349459,0.8529737455536905,0.0006065375302664044,0.0006065375302664044,0.0006065375302664044,-0.0012869064219651616,-0.002204443414255408,-0.006334683866934254
2026-10-08 11:02:00+00:00,2026-10-08 19:02:00+08:00,82650.0,82650.0,82614.9,82626.7,2.03799006,168404.013003715,1,82670.01174760092,82700.5133897716,82780.09930269208,82918.78614709174,52.269569245019966,-26.096518343532807,-28.836440678138462,2.739922334605655,44.32142857142857,2.2457315205,0.9074949705235701,-0.00028312125454188486,-0.00132348355375278,0.00011135655278837753,-0.0017264792870813617,-0.006151211057265016,0.0002500712836098428,0.00044845306208135045,0.00043574016998585796,0.00044494014848902994,82756.6,82600.0,82780.4,82600.0,83177.0,82600.0,35.10000000000582,0.0004248021523309756,-23.30000000000291,-0.000281911675741112,0.0,11.80000000000291,-0.0008925384709973505,-0.0018530939680461156,-0.003522556958004741,-0.00028312125454188486,-0.00132348355375278,0.00011135655278837753,0.7654391609289246,0.5739000001261277,0.9074949705235701,0.0003232445520580107,0.0003232445520580107,0.0003232445520580107,-0.0015696633259463244,-0.0018567197065971763,-0.006616011637832653
2026-10-08 11:03:00+00:00,2026-10-08 19:03:00+08:00,82626.7,82664.2,82620.7,82620.8,1.34602885,111238.032908103,1,82653.60783173396,82692.92163836479,82773.85227121395,82915.82111080228,41.58170294847139,-29.54622781506623,-28.97839810552402,-0.5678297095422131,41.82857142857184,2.0555788440000002,0.6548174271830557,-7.140548999284846e-05,-0.0014768620910530217,0.00016584530869612202,-0.0011654166243537656,-0.006556758102159499,0.0002015073138117561,0.0004475151925889685,0.00042200684700869533,0.00044121089581911153,82756.6,82603.5,82780.4,82600.0,83177.0,82600.0,43.5,0.0005265018009992641,-5.899999999994179,-7.140548999287372e-05,37.5,0.10000000000582077,-0.0008721621746561325,-0.0018490412976366333,-0.0035580798314477358,-7.140548999284846e-05,-0.0014768620910530217,0.00016584530869612202,0.9683408548676821,0.47749773549907376,0.6548174271830557,0.00020943422494212882,0.0002518159806295106,0.0002518159806295106,-0.0016409567333602881,-0.0019279926166095862,-0.006686944708272691
2026-10-08 11:04:00+00:00,2026-10-08 19:04:00+08:00,82620.8,82660.1,82581.7,82660.1,9.18890699,759144.220637519,1,82655.77188782264,82689.79576804432,82769.39139783301,82913.2766221376,51.76918889493743,-28.77723976211564,-28.938166436842344,0.16092667472670286,44.150000000001455,2.451567089,3.748176842163506,0.0004756671443510996,-0.0008569943551992587,-0.0002636610914842352,-0.0009777498459045963,-0.006090185242633495,0.0004054206026357601,0.000397077756190278,0.0004283680408769946,0.00044741806616342,82756.6,82581.7,82780.4,82581.7,83177.0,82581.7,78.40000000000873,0.0009484624383470226,39.30000000000291,0.0004756671443510945,0.0,39.10000000000582,-0.00035912252253733623,-0.001320432541393135,-0.0030535112403216047,0.0004756671443510996,-0.0008569943551992587,-0.0002636610914842352,1.7344159126023393,0.9464305549166218,3.748176842163506,0.0009493628733727721,0.0009493628733727721,0.0009493628733727721,-0.0011660701382125715,-0.0014532425550007888,-0.006214458323815397
2026-10-08 11:05:00+00:00,2026-10-08 19:05:00+08:00,82660.1,82696.6,82640.0,82646.6,1.70901614,141267.7236992,1,82652.71459188177,82685.68188537343,82764.5760488984,82910.62312340987,40.92317224287628,-28.92373356949247,-28.935279863372372,0.011546293879902692,43.73571428571553,2.401390851,0.7116776260259018,-0.00016331942497049834,-0.0004462800921586352,-6.049819049946947e-06,-0.0014124583904739918,-0.00554343601584939,0.0003396903876979451,0.00038373263814385077,0.00042505900942911367,0.00044025885734352746,82756.6,82581.7,82780.4,82581.7,83120.6,82581.7,56.60000000000582,0.0006848436596303516,-13.5,-0.00016331942497045126,36.5,6.600000000005821,-0.0004726560207558572,-0.001425441348587131,-0.003184430576729236,-0.00016331942497049834,-0.0004462800921586352,-6.049819049946947e-06,1.2402163633016492,0.799160540448666,0.7116776260259018,0.0007858883990037313,0.0007858883990037313,0.0007858883990037313,-0.0013291991212784904,-0.0016163246372328244,-0.005702557488757254
2026-10-08 11:06:00+00:00,2026-10-08 19:06:00+08:00,82646.5,82646.5,82555.0,82568.4,6.03858285,498614.179493914,1,82624.60972792118,82674.51218200453,82756.88287051024,82907.21791820182,31.97571464710427,-34.947069360801834,-30.137637762858265,-4.8094315979435684,48.11428571428717,2.614882501,2.3093132665390077,-0.0009461974237295889,-0.000988504551113767,-0.0016540677007008675,-0.0022572599667453064,-0.0064054815422734945,0.0005094361636390829,0.00040357170473977617,0.00045566922240308354,0.00045383239664426023,82756.6,82555.0,82756.6,82555.0,83116.7,82555.0,91.5,0.0011081721336491928,-78.10000000000582,-0.0009449885960083708,0.0,13.39999999999418,-0.0012834932944137956,-0.002277549177452265,-0.00408671194993071,-0.0009461974237295889,-0.000988504551113767,-0.0016540677007008675,1.920536073014668,1.1179955515811364,2.3093132665390077,0.00016231603173633147,0.00016231603173633147,0.00016231603173633147,-0.0022741388602239843,-0.0022741388602239843,-0.006596748908462513
2026-10-08 11:07:00+00:00,2026-10-08 19:07:00+08:00,82568.3,82583.9,82514.4,82525.7,6.02205468,497061.143279507,1,82591.63981861413,82660.3395932422,82747.81687558827,82903.42172001075,23.402163225171194,-42.67421769462817,-32.64495374921225,-10.02926394541592,49.39285714285818,2.8403977975,2.1201448210178033,-0.0005171469957029329,-0.0012223651676758207,-0.0022391244684799583,-0.002264456615042376,-0.006818923053038661,0.0005296008798568914,0.0004132373323226177,0.00045590822320712464,0.0004569087705397731,82756.6,82514.4,82756.6,82514.4,83097.4,82514.4,69.5,0.0008421618962335369,-42.60000000000582,-0.0005159365034765863,15.599999999991269,11.30000000000291,-0.0016288294229704903,-0.0026842626666782055,-0.004556165622288,-0.0005171469957029329,-0.0012223651676758207,-0.0022391244684799583,1.432059743794203,1.1616392354833383,2.1201448210178033,0.00013694579370393534,0.00013694579370393534,0.00013694579370393534,-0.0027901097918475726,-0.0027901097918475726,-0.006879878311475407
2026-10-08 11:08:00+00:00,2026-10-08 19:08:00+08:00,82525.7,82566.1,82507.6,82514.6,3.90527838,322299.878753756,1,82565.9598790761,82646.45963198105,82738.67111576127,82899.55284717483,26.233122072195812,-49.12740550379385,-35.94144410012857,-13.185961403665281,48.89285714285818,2.914462665,1.3399651424253192,-0.00013450355465016717,-0.0012853906038188256,-0.002749507203708923,-0.0022080554117913653,-0.006720603229211752,0.0005251790342041961,0.0003869477302472436,0.0004555308573191959,0.0004566484489334502,82756.6,82507.6,82756.6,82507.6,83097.4,82507.6,58.5,0.000708965443691177,-11.099999999991269,-0.00013450355465014256,40.40000000000873,7.0,-0.0015954661889717725,-0.0027081788085254743,-0.004643605833248299,-0.00013450355465016717,-0.0012853906038188256,-0.002749507203708923,1.179746301727213,1.1528945312176666,1.3399651424253192,8.48406692230963e-05,8.48406692230963e-05,8.48406692230963e-05,-0.0029242380668127455,-0.0029242380668127455,-0.007013456498037085
2026-10-08 11:09:00+00:00,2026-10-08 19:09:00+08:00,82514.5,82514.5,82458.1,82470.2,31.61934983,2608519.802399655,1,82534.03991938407,82629.67300036381,82728.14283671182,82895.28067954125,20.766692053821046,-57.16534574741672,-40.186224429586204,-16.97912131783052,50.650000000001455,4.32609282,7.308985531660413,-0.0005380865931605694,-0.002297359911251129,-0.0026231419411251178,-0.0027738949160577286,-0.006750515170894644,0.0003315563369249159,0.0003769506285920792,0.0004628346382216799,0.0004571068241611338,82756.6,82458.1,82756.6,82458.1,83097.4,82458.1,56.39999999999418,0.0006838833906064758,-44.30000000000291,-0.0005368753370620062,0.0,12.099999999991269,-0.0019299725458565842,-0.0031179575398053716,-0.00512792376184279,-0.0005380865931605694,-0.002297359911251129,-0.0026231419411251178,1.1233490214670678,0.7163602495241794,7.308985531660413,0.0001467411934059637,0.0001467411934059637,0.0001467411934059637,-0.003460751166674436,-0.003460751166674436,-0.0075477692442843525
2026-10-08 11:10:00+00:00,2026-10-08 19:10:00+08:00,82470.1,82528.0,82466.1,82480.9,8.59839013,709250.682536922,1,82516.32661292271,82615.50414318629,82718.44703919372,82891.15748870005,19.124125421093865,-61.9578590921592,-44.54055136210081,-17.41730773005839,53.73571428571553,4.6431709115,1.8518358022755286,0.00012974383474273488,-0.002004922162557321,-0.0026553648405995833,-0.0026107418908591917,-0.0068656525921994005,0.0004129867368963898,0.0003749738342288822,0.0004645100151026503,0.00045580889995610566,82756.6,82458.1,82756.6,82458.1,83097.4,82458.1,61.89999999999418,0.0007504767770477066,10.799999999988358,0.0001309565527383665,47.10000000000582,4.0,-0.0016292842921227235,-0.002871754097138357,-0.004949351669458535,0.00012974383474273488,-0.002004922162557321,-0.0026553648405995833,1.214829358971261,0.8890803717227181,1.8518358022755286,0.0002765040669139296,0.0002765040669139296,0.0002765040669139296,-0.0033314563430592026,-0.0033314563430592026,-0.007419004686067154
2026-10-08 11:11:00+00:00,2026-10-08 19:11:00+08:00,82481.0,82481.3,82324.3,82458.2,40.27406411,3318442.085602406,1,82496.95107528182,82600.52279621617,82708.24127295082,82886.84945398662,14.50459652706897,-66.81743098229344,-48.995927286139334,-17.82150369615411,61.071428571429614,6.606858597,6.095796287858708,-0.0002752152316475298,-0.0013346510287227664,-0.00315525295215624,-0.002637999039628136,-0.007300342143343963,0.00027887717736510824,0.00035843743842400226,0.00046486293032968815,0.0004547980557160435,82756.6,82324.3,82756.6,82324.3,83097.4,82324.3,157.0,0.0019039949938271755,-22.80000000000291,-0.00027642729840815354,0.3000000000029104,133.89999999999418,-0.0017230253683417907,-0.0030231724082446787,-0.005171501351665997,-0.0002752152316475298,-0.0013346510287227664,-0.00315525295215624,2.8352104139812964,0.5999127036593865,6.095796287858708,0.0016264942428905194,0.0016264942428905194,0.0016264942428905194,-0.0036057547071775,-0.0036057547071775,-0.007692178094621416
2026-10-08 11:12:00+00:00,2026-10-08 19:12:00+08:00,82448.4,82448.4,82333.6,82428.3,7.49704001,617723.567995404,1,82474.06738352121,82584.12062514796,82697.2631838155,82882.28677285243,12.056908608632838,-72.24852085653401,-53.646446000218276,-18.60207485631574,67.89285714285818,6.9414011625,1.0800470732770446,-0.00036260796379250504,-0.0011802383984624853,-0.0037214665406435365,-0.0024325511652646403,-0.007933804723935567,0.00025144269331144677,0.00034091478198759,0.0004590071064944365,0.0004527986069937836,82756.6,82324.3,82756.6,82324.3,83097.4,82324.3,114.79999999998836,0.0013927255566351406,-20.09999999999127,-0.0002437888424759155,0.0,94.69999999999709,-0.001886810974899511,-0.003252383131684411,-0.0054774885024181375,-0.00036260796379250504,-0.0011802383984624853,-0.0037214665406435365,1.9926348926417476,0.5477969507526447,1.0800470732770446,0.0012632964993324336,0.0012632964993324336,0.0012632964993324336,-0.003967055195597702,-0.003967055195597702,-0.008051996813377982
2026-10-08 11:13:00+00:00,2026-10-08 19:13:00+08:00,82428.2,82481.2,82416.0,82481.2,10.79671086,890056.662186522,1,82476.44492234747,82574.31866084815,82688.79011778353,82878.29585968972,22.58560140474016,-71.4603602639254,-57.209228852959704,-14.25113141096569,70.72142857142899,7.367969441,1.465357714422692,0.0006417698775784686,-0.0004047768516117767,-0.003164013874285443,-0.0022113616568276706,-0.0074141999800234615,0.0004724298736305993,0.000404390443451497,0.00046903350533254913,0.0004626548199290084,82756.6,82324.3,82756.6,82324.3,83097.4,82324.3,65.19999999999709,0.0007904831646483937,53.0,0.0006429838332027146,0.0,12.19999999999709,-0.0011276951763975473,-0.00251049891391375,-0.004791313040050871,0.0006417698775784686,-0.0004047768516117767,-0.003164013874285443,1.1291267121934407,1.0072412061386578,1.465357714422692,0.0019058771225506366,0.0019058771225506366,0.0019058771225506366,-0.0033278312545466093,-0.0033278312545466093,-0.007415394464808767
2026-10-08 11:14:00+00:00,2026-10-08 19:14:00+08:00,82481.2,82530.7,82467.4,82478.5,6.19434276,511059.062703088,1,82477.12994823165,82565.19307410071,82680.5434464979,82874.3177914341,25.04868549172275,-70.24387706156995,-59.81615849468176,-10.427718566888188,71.08571428571511,7.560990791500001,0.8192501394081348,-3.2734732278383305e-05,0.00010064241386587014,-0.0030520602917890605,-0.0028797086924405857,-0.007248374171137217,0.0003984228740188519,0.0004067349516014617,0.00044954650625327866,0.00046269321704054816,82741.7,82324.3,82756.6,82324.3,83081.0,82324.3,63.30000000000291,0.0007674727353189365,-2.6999999999970896,-3.2734732278350576e-05,49.5,11.10000000000582,-0.0010499954142044743,-0.002443663745735347,-0.004776121263890709,-3.2734732278383305e-05,0.00010064241386587014,-0.0030520602917890605,1.094882911705769,0.8862773227613002,0.8192501394081348,0.0018730800018949,0.0018730800018949,0.0018730800018949,-0.003180983711961405,-0.0033604570511597265,-0.007251958931644986
2026-10-08 11:15:00+00:00,2026-10-08 19:15:00+08:00,82478.2,82478.4,82391.4,82411.8,5.20514158,429123.678457959,1,82455.35329882111,82550.58420990064,82670.0044878117,82869.71562435516,23.170457104254936,-73.81108962882718,-62.615144721510845,-11.195944907316331,74.92142857143024,7.704545374,0.6755936044669727,-0.0008086955994591749,-0.000837769713957881,-0.003286024418414746,-0.0038197558740834525,-0.007380944924757271,0.0005324192186417651,0.00042604435792820383,0.00046557089343850835,0.00046571284398610655,82696.6,82324.3,82756.6,82324.3,83065.2,82324.3,87.0,0.001055674066092477,-66.39999999999418,-0.0008050612161758402,0.19999999999708962,20.40000000000873,-0.0016812020318082155,-0.0031233152751282134,-0.0055257294043443705,-0.0008086955994591749,-0.000837769713957881,-0.003286024418414746,1.4657319527703745,1.1435835576179247,0.6755936044669727,0.00106286965088076,0.00106286965088076,0.00106286965088076,-0.0034439142600783956,-0.004166435063789553,-0.007866109995521509
2026-10-08 11:16:00+00:00,2026-10-08 19:16:00+08:00,82411.7,82416.8,82348.0,82377.8,10.71908913,883134.017204225,1,82429.50219921408,82534.1285708625,82658.54548828967,82864.82094152576,22.630305696062933,-78.47701298345055,-65.78751837389879,-12.689494609551758,77.3214285714296,8.20696391,1.306096779216859,-0.0004125622787027883,-0.0009750394745458024,-0.0032946118637485755,-0.0034115737032995863,-0.008140496713579859,0.0005428079547213969,0.0004263166597095102,0.00045025955408477985,0.0004629211557205057,82696.6,82324.3,82756.6,82324.3,83052.7,82324.3,68.80000000000291,0.0008351764674463619,-33.89999999999418,-0.0004113493593748725,5.100000000005821,29.80000000000291,-0.001894108214013146,-0.0033964484450000887,-0.005877294320945081,-0.0004125622787027883,-0.0009750394745458024,-0.0032946118637485755,1.1621656341096522,1.2055445571271342,1.306096779216859,0.0006498688722527124,0.0006498688722527124,0.0006498688722527124,-0.0038550557096664884,-0.004577278428548381,-0.008126165675528818
2026-10-08 11:17:00+00:00,2026-10-08 19:17:00+08:00,82377.8,82416.6,82338.3,82350.1,6.69352074,551438.645812571,1,82403.03479947607,82516.60204030416,82646.44958678812,82859.69934011756,21.594963273871414,-83.44801261476823,-69.31961722207268,-14.128395392695552,79.8071428571441,8.351115924999998,0.8015121332422411,-0.0003362556416898199,-0.0009487032972897991,-0.003347586191872476,-0.003236602414742551,-0.007879128862309237,0.000540897854503805,0.00042709957093997955,0.00044603179340220976,0.0004596892139060508,82696.6,82324.3,82756.6,82324.3,83017.8,82324.3,78.30000000000291,0.0009508185175246042,-27.69999999999709,-0.00033625564168983743,38.80000000000291,11.80000000000291,-0.0020178004933216753,-0.0035857509701843204,-0.006150147106203874,-0.0003362556416898199,-0.0009487032972897991,-0.003347586191872476,1.3044424453637649,1.2126890111980193,0.8015121332422411,0.00031339470848834594,0.00031339470848834594,0.00031339470848834594,-0.004190015067124908,-0.004911994934542974,-0.00804285346034217
2026-10-08 11:18:00+00:00,2026-10-08 19:18:00+08:00,82350.1,82411.9,82350.1,82411.9,9.13072954,752281.699576977,1,82405.98986631738,82506.63041741806,82637.25156377682,82855.24362529052,25.130260521039474,-81.46178141291603,-71.74805006024135,-9.713731352674671,78.62142857142837,8.776238901,1.0403920908488042,0.0007504544621073084,-0.0008401914618119122,-0.0025284189937644364,-0.0023629930114967834,-0.006915640989181404,0.0005831952510530285,0.0004952717015463457,0.000472715609538642,0.00047339723988896977,82696.6,82324.3,82756.6,82324.3,83017.8,82324.3,61.79999999998836,0.0007498917025331094,61.79999999998836,0.0007504544621073727,0.0,0.0,-0.0011481552081183954,-0.00272699732278614,-0.005350821576188047,0.0007504544621073084,-0.0008401914618119122,-0.0025284189937644364,1.0133903695570763,1.233712700162814,1.0403920908488042,0.0010640843590530302,0.0010640843590530302,0.0010640843590530302,-0.0034427050205209087,-0.004165226700952096,-0.007298434793502229
2026-10-08 11:19:00+00:00,2026-10-08 19:19:00+08:00,82411.9,82431.0,82378.0,82383.2,52.24172729,4304957.697750331,1,82398.39324421159,82494.87513956871,82627.2887573542,82850.54667379509,24.38739789964751,-81.2667366660171,-73.6517873813965,-7.614949284620593,78.36428571428509,11.12537052,4.695729207048467,-0.00034825067738997184,-0.0011554526331104542,-0.0033498628721717605,-0.0036126407351547707,-0.00700302057996105,0.0005819743078825221,0.0004633711238101246,0.0004367532786854554,0.0004739889356638174,82696.6,82324.3,82756.6,82324.3,83017.8,82324.3,53.0,0.0006433350488934637,-28.69999999999709,-0.0003482506773900018,19.10000000000582,5.19999999999709,-0.0013537221479489325,-0.0029540937506856713,-0.005640839952875232,-0.00034825067738997184,-0.0011554526331104542,-0.0033498628721717605,0.88149766641374,1.332501291425114,4.695729207048467,0.0007154631135641853,0.0007154631135641853,0.0007154631135641853,-0.0037897567735555304,-0.004512026835322036,-0.00764414378603151
2026-10-08 11:20:00+00:00,2026-10-08 19:20:00+08:00,82383.1,82439.3,82377.3,82421.4,6.5800122,542217.18228937,1,82406.06216280774,82487.87750722884,82619.21468843834,82846.27655763793,34.500210881483085,-77.14051372568065,-74.34953265025334,-2.790981075427311,76.24999999999896,11.384929684,0.5779580886869534,0.0004636867710892112,0.00011648817281018076,-0.0027248549849602233,-0.0027308883191304867,-0.0062718828669812154,0.0005431390580842532,0.0004963053956860798,0.00044554799179063835,0.0004793939610808064,82646.5,82324.3,82756.6,82324.3,83017.8,82324.3,62.0,0.000752231823288612,38.29999999998836,0.00046490117511951306,17.90000000000873,5.80000000000291,-0.000805906385735522,-0.0023942939809379338,-0.005128493099413323,0.0004636867710892112,0.00011648817281018076,-0.0027248549849602233,1.0215233229088616,1.2190360367272681,0.5779580886869534,0.001179481635434465,0.001179481635434465,0.001179481635434465,-0.002723648309365889,-0.004050432231387124,-0.007184001503292126
2026-10-08 11:21:00+00:00,2026-10-08 19:21:00+08:00,82421.4,82452.0,82400.6,82452.0,1.03623573,85401.601902977,1,82421.37477520516,82484.46060177848,82612.65724967606,82842.3534078107,42.025535598355,-70.58759816017118,-73.59714575223691,3.0095475920657293,74.9571428571414,11.341710592999998,0.09136503012513433,0.00037126280310695314,0.0009007281087864971,-0.0014097402880519638,-0.0030614761828759995,-0.006092283509367413,0.0004970026262108129,0.0004670774099288955,0.0004289699718666819,0.0004818426220487839,82583.9,82324.3,82756.6,82324.3,83017.8,82324.3,51.39999999999418,0.0006233930044146191,30.60000000000582,0.0003712628031070307,0.0,20.79999999998836,-0.0003935359647340153,-0.0019447050249276066,-0.004712002879603161,0.00037126280310695314,0.0009007281087864971,-0.0014097402880519638,0.8516150982865434,1.158595376846738,0.09136503012513433,0.0015511823361995525,0.0015511823361995525,0.0015511823361995525,-0.0015971636117935173,-0.003680673203104168,-0.0068154058527207795
2026-10-08 11:22:00+00:00,2026-10-08 19:22:00+08:00,82452.0,82512.5,82450.7,82508.2,2.88832382,238241.570397837,1,82450.31651680343,82486.7214968472,82608.56088694367,82839.02849828026,49.36908517350068,-60.165939547194284,-70.91090451122838,10.744964964034097,75.1928571428559,11.384227281,0.25371276843888585,0.0006816086935428345,0.0019198519491778754,-0.00021205515372790806,-0.0024507048043244106,-0.005873798281115783,0.0004374822204893576,0.0004914145423275503,0.0004513922812189454,0.0004870099984203154,82566.1,82324.3,82756.6,82324.3,83017.8,82324.3,61.80000000000291,0.0007490164613941755,56.19999999999709,0.0006816086935428745,4.30000000000291,1.3000000000029104,0.000260387402518214,-0.0012148969291575495,-0.003993630831717554,0.0006816086935428345,0.0019198519491778754,-0.00021205515372790806,1.0057035538364123,0.9691840970518484,0.25371276843888585,0.0022338483291080014,0.0022338483291080014,0.0022338483291080014,-0.0007012563267492222,-0.0030015732884145496,-0.006138442599057159
2026-10-08 11:23:00+00:00,2026-10-08 19:23:00+08:00,82508.2,82580.0,82508.2,82578.7,5.65616729,466878.737006925,1,82493.1110112023,82495.48135429033,82607.38987176941,82836.43816496404,60.17251078192464,-45.691239043619134,-65.86697141770654,20.175732374087403,76.28571428571324,11.599734203,0.48761180135810045,0.0008544605263476335,0.0020239795466432398,0.0007768322212067247,-0.0019748108882903237,-0.004920047718317333,0.00046111144433072786,0.0005382103717087892,0.00047586882733575406,0.0005022907757706005,82580.0,82324.3,82756.6,82324.3,82995.1,82324.3,71.80000000000291,0.0008694736051790947,70.5,0.0008544605263476842,1.3000000000029104,0.0,0.0010087661086826127,-0.0003473039375042619,-0.003111410517805835,0.0008544605263476335,0.0020239795466432398,0.0007768322212067247,1.1547352364857113,0.9689885486140197,0.48761180135810045,0.0030902175906748486,0.0030902175906748486,0.0030902175906748486,-1.5742310486843714e-05,-0.002149677487958801,-0.005017163663879054
2026-10-08 11:24:00+00:00,2026-10-08 19:24:00+08:00,82578.8,82606.7,82521.2,82521.2,8.63888842,713308.903950375,1,82502.4740074682,82497.93074911981,82604.00987679807,82833.3014668052,53.47353904499273,-38.41685843204323,-60.37694882057388,21.960090388530652,77.97142857142795,11.5722332745,0.7465186896151003,-0.0006963054637576516,0.0016750988065528105,0.0006184051936335422,-0.002006358912091555,-0.00537681713156879,0.0006065152603100472,0.0005519734507668634,0.0004772727040020055,0.00050815572092773,82606.7,82324.3,82756.6,82324.3,82967.4,82324.3,85.5,0.001036097390731109,-57.60000000000582,-0.0006975155851139253,27.89999999999418,0.0,0.0002820586003660086,-0.0010024922146222304,-0.003767825998463703,-0.0006963054637576516,0.0016750988065528105,0.0006184051936335422,1.3613239071502172,1.2707939407058542,0.7465186896151003,0.0023917603915246666,0.0023917603915246666,0.0023917603915246666,-0.0010350250040250808,-0.002844486119536138,-0.005378015943611536
2026-10-08 11:25:00+00:00,2026-10-08 19:25:00+08:00,82521.2,82546.1,82492.3,82492.3,3.68931672,304407.750026977,1,82499.08267164548,82497.39448729888,82599.62909731579,82829.90841738427,52.90806754221459,-34.58517153201683,-55.21859336286247,20.63342183084564,70.59999999999958,11.6712483035,0.31610301006908054,-0.0003502130361652256,0.000860213488244721,0.00013821381677470157,-0.0025175180319344515,-0.004218884669333622,0.000669294359087894,0.0005603317618038587,0.0004779645672704395,0.000473997513562948,82606.7,82324.3,82756.6,82324.3,82861.0,82324.3,53.80000000000291,0.0006521820824489426,-28.89999999999418,-0.00035021303616518157,24.90000000000873,0.0,-6.175331148983165e-05,-0.0012993895794536359,-0.004075924069395831,-0.0003502130361652256,0.000860213488244721,0.00013821381677470157,0.8470148180108978,1.4003012041459493,0.31610301006908054,0.0020407097296910592,0.0020407097296910592,0.0020407097296910592,-0.0013848755609411345,-0.0031937029795811034,-0.004449620448703229
2026-10-08 11:26:00+00:00,2026-10-08 19:26:00+08:00,82486.3,82503.1,82467.4,82501.8,1.97552763,162943.89522002,1,82499.98844776367,82497.81405993708,82595.79266212694,82826.64365701229,56.494080226188764,-30.43116986923269,-50.26110866413652,19.829938794903832,64.25000000000104,11.468095542499999,0.1722629204368612,0.0001151622636295091,0.0006039877747052724,0.0005287527498782918,-0.0026281685509530472,-0.0036447690680115885,0.000659983041489772,0.0005552126267531462,0.0004759077159385004,0.0004717785361468072,82606.7,82333.6,82756.6,82324.3,82850.3,82324.3,35.70000000001164,0.00043271783161108777,15.5,0.00018790999232599838,1.3000000000029104,18.90000000000873,4.831570518981643e-05,-0.0011379836562793733,-0.003921970547997478,0.0001151622636295091,0.0006039877747052724,0.0005287527498782918,0.557004770474496,1.386787856944641,0.1722629204368612,0.002042908363049767,0.002156107006072272,0.002156107006072272,-0.0012698727827160639,-0.0030789085100161317,-0.004206381871882159
2026-10-08 11:27:00+00:00,2026-10-08 19:27:00+08:00,82499.3,82523.0,82493.5,82522.9,1.17141303,96655.400535933,1,82507.62563184244,82500.20319708592,82592.93412635726,82823.62133206689,53.903763340198466,-25.14662532012153,-45.23821199533353,20.091586675212,61.700000000001246,11.22556346,0.10435227008195097,0.0002557519957140375,0.00017816410974913488,0.001147664091094791,-0.0025780734430636,-0.0033911528108043765,0.0005936890551309916,0.0005464382323199031,0.0004770616802427527,0.00047348647366286025,82606.7,82338.3,82756.6,82324.3,82850.3,82324.3,29.5,0.0003574765307569172,23.59999999999127,0.0002860630332619946,0.10000000000582077,5.80000000000291,0.0002751120849950883,-0.0008479433149828353,-0.00363086432626758,0.0002557519957140375,0.00017816410974913488,0.001147664091094791,0.4661290129550051,1.2444702220243158,0.10435227008195097,0.0022419700188125447,0.0024124104304559246,0.0024124104304559246,-0.0010144455595006985,-0.002823943951298258,-0.003951705666726757
2026-10-08 11:28:00+00:00,2026-10-08 19:28:00+08:00,82523.0,82554.2,82521.2,82551.0,3.32967094,274820.222580367,1,82522.08375456164,82505.04098783965,82591.28965081384,82820.90868199657,56.47899910634529,-18.478145968867466,-39.88619879004032,21.408052821172852,59.53571428571532,11.196783088,0.2973774622434661,0.00034051154285674734,-0.0003354375886275296,0.0008462534492708063,-0.0023204379826692323,-0.002273411240876544,0.00044148969054783505,0.000529454832781798,0.00048250114136888446,0.0004665086649933697,82606.7,82338.3,82756.6,82324.3,82850.3,82324.3,33.0,0.0003997528800377948,28.0,0.00033929934684875734,3.1999999999970896,1.8000000000029104,0.000557044898227721,-0.0004878196112952926,-0.0032589437412831046,0.00034051154285674734,-0.0003354375886275296,0.0008462534492708063,0.5201683396559635,0.9150023755286931,0.2973774622434661,0.002583244978339394,0.00275374342691026,0.00275374342691026,-0.0006742794470666613,-0.0024843939939533932,-0.0036125397252635416
2026-10-08 11:29:00+00:00,2026-10-08 19:29:00+08:00,82551.0,82557.0,82550.7,82550.7,0.12395438,10232.661477334,1,82531.6225030411,82509.38946518826,82589.69789980154,82818.22003839462,64.08436422632334,-13.066908346459968,-34.522340701324254,21.455432354864286,53.764285714286544,9.6220133155,0.012882374606603714,-3.6341170912557175e-06,0.00035748389504752787,0.0008753796443921047,-0.0021793523588498065,-0.002871175188794539,0.0002700506529179622,0.0005291576336053227,0.00048250755787023413,0.0004590673260772146,82606.7,82338.3,82741.7,82324.3,82850.3,82324.3,6.30000000000291,7.631673626029713e-05,-0.3000000000029104,-3.6341170912879356e-06,6.0,0.0,0.000500676772419606,-0.00047218843019447565,-0.003230207534895113,-3.6341170912557175e-06,0.00035748389504752787,0.0008753796443921047,0.10031959509567133,0.5596817055259262,0.012882374606603714,0.0025796014734333905,0.0027500993023930054,0.0027500993023930054,-0.0006779111137474869,-0.002308388635959835,-0.003616160713962535
2026-10-08 11:30:00+00:00,2026-10-08 19:30:00+08:00,82550.8,82631.1,82550.8,82572.5,3.28673395,271496.324337712,1,82545.24833536074,82515.39999231319,82589.02347235834,82815.7750628882,70.24329382408041,-6.9393927351920865,-29.005751108097822,22.066358372905736,54.59285714285839,9.3564305065,0.3512807526028943,0.0002640801349957922,0.0009722119519033345,0.0019499634761042106,-0.0013424685699081618,-0.0029390491439444943,0.00013735364816625957,0.00047311242050082755,0.0004766979930553081,0.00045819536550874415,82631.1,82338.3,82696.6,82324.3,82832.7,82324.3,80.30000000000291,0.0009724787308123516,21.69999999999709,0.00026286843979703514,58.60000000000582,0.0,0.0006919921334942458,-0.00020006862490473676,-0.0029375449629429617,0.0002640801349957922,0.0009722119519033345,0.0019499634761042106,1.263469568395034,0.2881355704602753,0.3512807526028943,0.00284436282993461,0.0030149056839838817,0.0030149056839838817,-0.0007091760850334028,-0.001500666290996322,-0.00314127150267951
2026-10-08 11:31:00+00:00,2026-10-08 19:31:00+08:00,82577.4,82600.0,82552.1,82553.0,2.01026326,165996.777324852,1,82547.83222357383,82518.98094542621,82587.61078716783,82813.16038564555,71.46181510471776,-3.6151067977625644,-23.927622246030772,20.312515448268208,52.421428571429196,7.4432404640000005,0.2700790428205088,-0.00023615610524085895,0.0006205925204054719,0.0021267865857061974,-0.0011748322143592116,-0.0033201332882599743,0.00023971916251707754,0.0004606922295016221,0.00047330947905728396,0.0004580947751941822,82631.1,82338.3,82696.6,82324.3,82832.7,82324.3,47.89999999999418,0.0005802333046648115,-24.39999999999418,-0.0002954803614547586,22.60000000000582,0.8999999999941792,0.00041225732775695967,-0.00041907965175336237,-0.0031415343217675584,-0.00023615610524085895,0.0006205925204054719,0.0021267865857061974,0.748069977414112,0.5064744593633306,0.2700790428205088,0.002607535011045936,0.002778037590358995,0.002778037590358995,-0.00094516471401207,-0.0017364680047305958,-0.00337668577747674
2026-10-08 11:32:00+00:00,2026-10-08 19:32:00+08:00,82553.0,82555.4,82501.8,82545.2,2.94470916,243018.73573376,1,82546.9548157159,82521.47799824276,82585.9476190436,82810.49411315157,65.91831860520705,-1.591633692398318,-19.46042453530428,17.868790842905963,51.83571428571512,7.2156239215,0.40810180686188635,-9.44847552482031e-05,0.00027022802155518555,0.0023691531643554864,-0.0009863639719364103,-0.0027111403220506647,0.00024278719419109805,0.0004467938147507548,0.00047120387225496217,0.00045012879494900826,82631.1,82350.1,82696.6,82324.3,82780.4,82324.3,53.59999999999127,0.0006493412094221259,-7.80000000000291,-9.448475524817887e-05,2.3999999999941792,43.39999999999418,0.00028746457689177163,-0.0004933965186373346,-0.0032036291534388583,-9.44847552482031e-05,0.00027022802155518555,0.0023691531643554864,0.8291666990146629,0.5152487245684796,0.40810180686188635,0.0023691531643554864,0.00268329035290904,0.00268329035290904,-0.0010395601656035813,-0.0018307886902243498,-0.0028412522771090742
2026-10-08 11:33:00+00:00,2026-10-08 19:33:00+08:00,82542.1,82542.2,82501.8,82501.8,2.28729654,188757.111250685,1,82531.90321047726,82519.60390317201,82582.64771241444,82807.42252993613,63.68251038301885,-3.450261502235662,-16.258391928690557,12.808130426454895,51.15000000000042,6.7901532055,0.33685492370736164,-0.0005257725464350438,-0.0005959952029653826,0.001090861877957039,-0.0014403152716991885,-0.0026040533286909584,0.0002914832518143638,0.0004474015065650176,0.0004797133177270192,0.00044796111533982393,82631.1,82377.3,82696.6,82324.3,82780.4,82324.3,40.39999999999418,0.0004896862856324854,-40.30000000000291,-0.0004882357003275045,0.09999999999126885,0.0,-0.00021575361889647482,-0.000978991527324058,-0.003690762501702527,-0.0005257725464350438,-0.0005959952029653826,0.001090861877957039,0.6262790950683066,0.6076196783434565,0.33685492370736164,0.0015113386818941255,0.002156107006072272,0.002156107006072272,-0.0015647861398432328,-0.0023555986582278754,-0.003365530971099373
2026-10-08 11:34:00+00:00,2026-10-08 19:34:00+08:00,82501.8,82501.8,82395.8,82399.4,6.2776746,517523.453101576,1,82487.73547365151,82508.15591239373,82575.46152761388,82803.36260426513,47.78938906752414,-13.035793131013634,-15.613872169155174,2.5780790381415404,54.29285714285756,6.794319797499999,0.9239592464149096,-0.0012411850408113878,-0.0018328130470123272,0.000196642033812644,-0.0031538795622072513,-0.004128545702855924,0.0005654764778937821,0.0005541039300688524,0.0005161215661969647,0.00047166659782604093,82631.1,82377.3,82696.6,82324.3,82780.4,82324.3,106.0,0.0012864171341053455,-102.40000000000873,-0.0012411850408113366,0.0,3.599999999991269,-0.0013181231745043043,-0.0021321288958827678,-0.004878577289134545,-0.0012411850408113878,-0.0018328130470123272,0.000196642033812644,1.6218823918726386,1.095626524697444,0.9239592464149096,0.00026827779011928676,0.0009122458374986042,0.0009122458374986042,-0.0028040289915057803,-0.0035938599652224346,-0.004602538765214992
2026-10-08 11:35:00+00:00,2026-10-08 19:35:00+08:00,82399.5,82497.1,82399.5,82497.1,3.46189128,285452.423432731,1,82490.85698243434,82507.10296835624,82572.38852653098,82800.31521516797,53.99327076323755,-12.603536793074454,-15.01180509393903,2.4082683008645756,57.600000000001664,6.707157282499999,0.5161488144959124,0.0011856882453029627,-0.000913136940264514,0.0009184507906927486,-0.00180890683948276,-0.003218810224313806,0.0008833479952325006,0.0006230913589205796,0.0005671255925748073,0.0004969311259848802,82631.1,82395.8,82646.5,82324.3,82780.4,82324.3,97.60000000000582,0.0011830718897998332,97.60000000000582,0.001184473206754966,0.0,0.0,-0.00012123766313876239,-0.0009117881639911785,-0.0036620055658003192,0.0011856882453029627,-0.000913136940264514,0.0009184507906927486,1.4609963008013418,1.5575879607584129,0.5161488144959124,0.001229431597241648,0.0020990157219678007,0.0020990157219678007,-0.001621665450417531,-0.0018076990556162853,-0.0034223076960244736
2026-10-08 11:36:00+00:00,2026-10-08 19:36:00+08:00,82497.0,82497.0,82407.5,82434.8,6.64708324,547949.346237831,1,82472.1713216229,82500.21697136993,82566.99289803958,82796.67824785286,43.57042747021795,-17.09104494092753,-15.42765306333673,-1.6633918775908008,59.58571428571616,6.503556988,1.0220688851139195,-0.0007551780608046066,-0.0014318074449141127,-0.00020860621937612844,-0.001618052426836325,-0.0038716600286144986,0.0009209426686153863,0.000650360313014449,0.0005578312770802998,0.0005050987901631652,82631.1,82395.8,82631.1,82324.3,82756.6,82324.3,89.5,0.0010857065220028434,-62.19999999999709,-0.000753966810914301,0.0,27.30000000000291,-0.00079293090092869,-0.0016010380589107642,-0.004370685581969513,-0.0007551780608046066,-0.0014318074449141127,-0.00020860621937612844,1.3419991384005034,1.6509340842908966,1.0220688851139195,0.00047332509666753175,0.0013422525305408772,0.0013422525305408772,-0.0023756188650521093,-0.0023756188650521093,-0.0038885116111585516
2026-10-08 11:37:00+00:00,2026-10-08 19:37:00+08:00,82439.7,82519.2,82422.9,82490.9,7.64206671,630253.682876149,1,82478.41421441527,82499.32964076326,82564.00886282235,82793.63567822249,42.10999281092725,-15.936915484780911,-15.529505547625568,-0.407409937155343,61.33571428571616,6.550984286499999,1.1665524409436394,0.0006805378311101062,-0.0006578214117841652,-0.0002096761291605631,-0.0004216868199845569,-0.002685188543518069,0.0010210553193911395,0.0006502785887127678,0.0005663222970148575,0.0005106570868424414,82631.1,82395.8,82631.1,82324.3,82756.6,82324.3,96.30000000000291,0.001167401495195263,51.19999999999709,0.0006210599990052983,28.30000000000291,16.80000000000291,-0.00010217829405367862,-0.0008854810204749208,-0.0036565090509985687,0.0006805378311101062,-0.0006578214117841652,-0.0002096761291605631,1.423898094134468,1.8029580060209989,1.1665524409436394,0.001154185043412248,0.002023703815276834,0.002023703815276834,-0.0016966977324519572,-0.0016966977324519572,-0.0032106200593066125
2026-10-08 11:38:00+00:00,2026-10-08 19:38:00+08:00,82490.8,82534.1,82444.8,82444.8,3.17857676,262234.16073907,1,82467.20947627685,82494.13634164295,82559.33400545677,82790.16467644915,42.99082568807393,-18.528558611913468,-16.12931616048315,-2.399242451430318,61.607142857144936,6.2533766475,0.5082976668726238,-0.000558849521583471,-0.0006908940168578459,-0.0016214835060371913,-0.0008459109054640424,-0.0030520984991027067,0.00102435282729143,0.0006170297896967328,0.0005746761115587619,0.0005146360455427455,82631.1,82395.8,82631.1,82324.3,82756.6,82324.3,89.30000000000291,0.0010831489675516576,-46.0,-0.0005576379426554234,43.30000000000291,0.0,-0.0005980587691545303,-0.0013872932338480082,-0.004171566487382372,-0.000558849521583471,-0.0006908940168578459,-0.0016214835060371913,1.301336392748375,1.782487224869948,0.5082976668726238,0.0005946905060694174,0.0014637233477843292,0.0014637233477843292,-0.0022545990553194395,-0.0022545990553194395,-0.0037676753274059616
2026-10-08 11:39:00+00:00,2026-10-08 19:39:00+08:00,82440.2,82524.2,82434.7,82521.1,5.02199929,414161.787158591,1,82485.17298418458,82496.70430910552,82557.83463269376,82787.48741598697,52.43079000675241,-14.261286889741314,-15.755710306334784,1.4944234165934702,64.15714285714473,3.8923902475,1.2902096066101092,0.0009254677068779582,0.0014769525020814633,-1.211809813606024e-06,0.0006171926344304968,-0.0021584143091381014,0.0008904192891739407,0.0006478965807628318,0.0005917531598181322,0.000529782894513731,82631.1,82395.8,82631.1,82324.3,82756.6,82324.3,89.5,0.0010845710975738326,80.90000000000873,0.0009813173670128012,3.099999999991269,5.5,0.0002957171574160533,-0.0004449563491725206,-0.003217725580297315,0.0009254677068779582,0.0014769525020814633,-1.211809813606024e-06,1.2824656329125352,1.5047140423341376,1.2902096066101092,0.0015207085798063513,0.0023905456833523964,0.0023905456833523964,-0.0013312179070592567,-0.0013312179070592567,-0.0028456944823735952
2026-10-08 11:40:00+00:00,2026-10-08 19:40:00+08:00,82521.1,82625.9,82521.1,82599.7,11.14178445,920216.364425105,1,82523.34865612307,82506.51342252405,82559.47641180381,82785.6188844846,57.39984882841981,-4.485375575895887,-13.501643360247005,9.016267784351118,69.09285714285735,4.12047886,2.704002332874485,0.0009524836678134196,0.0012436800808754978,0.0013019396961897467,0.0014403334590189498,-0.001174168770738504,0.0008366177589500228,0.000683892285297528,0.0006155650497935422,0.0005449328517298748,82631.1,82395.8,82631.1,82324.3,82756.6,82324.3,104.79999999998836,0.001268769741294319,78.59999999999127,0.0009524836678133382,26.19999999999709,0.0,0.0011294451020942287,0.0004872074042179264,-0.002245787215096273,0.0009524836678134196,0.0012436800808754978,0.0013019396961897467,1.4702386522808528,1.359105360563633,2.704002332874485,0.0024746406977054214,0.003345306306886231,0.003345306306886231,-0.00038000220256062534,-0.00038000220256062534,-0.001895921292078273
2026-10-08 11:41:00+00:00,2026-10-08 19:41:00+08:00,82599.7,82669.7,82595.5,82646.2,4.47626844,369934.772573173,1,82564.29910408205,82519.81690609318,82562.87733683111,82784.23163190267,58.97510554665901,6.9343313004792435,-9.414448428101757,16.348779728581,72.28571428571429,4.2924804954999995,1.042816256169987,0.0005629560397919509,0.0025644509357698464,0.0017502648427063505,0.002279943049933175,-0.00036407047727105013,0.0006210274299631984,0.0006948961245077941,0.0006193910765588165,0.000549208748309184,82669.7,82395.8,82669.7,82333.6,82756.6,82324.3,74.19999999999709,0.0008978029237883544,46.5,0.000562956039791912,23.5,4.19999999999709,0.0015315484043141314,0.0010092025115471248,-0.0016673662264140576,0.0005629560397919509,0.0025644509357698464,0.0017502648427063505,1.082435154241842,1.0026418743606593,1.042816256169987,0.0030389898514244784,0.0037967488364409885,0.003910145607068483,-0.0002842637629022482,-0.0002842637629022482,-0.0013340325726287627
2026-10-08 11:42:00+00:00,2026-10-08 19:42:00+08:00,82646.2,82656.5,82620.1,82648.2,1.43051469,118218.777158608,1,82592.26606938803,82532.04386741764,82566.22332362205,82782.87808332653,57.35472154963656,15.961915533538559,-4.339175635773694,20.30109116931225,72.52857142857101,4.219590039,0.3390174582787236,2.4199539724767405e-05,0.0019068770009782465,0.0015183664170794753,0.002667773082788205,0.00022873242300236463,0.0006455172426576088,0.0006941607567126785,0.0006139458469931846,0.0005442264289314392,82669.7,82395.8,82669.7,82338.3,82756.6,82324.3,36.39999999999418,0.000440420965005822,2.0,2.4199539724754435e-05,8.30000000000291,26.09999999999127,0.0014074064707394474,0.0009928597079780221,-0.0016268833174775121,2.4199539724767405e-05,0.0019068770009782465,0.0015183664170794753,0.5521236768391052,1.0514237466041116,0.3390174582787236,0.0030632629333047223,0.003763740567876539,0.003934439770517217,-0.00026007110222969754,-0.00026007110222969754,-0.0013098653158782891
2026-10-08 11:43:00+00:00,2026-10-08 19:43:00+08:00,82648.2,82648.2,82616.9,82635.1,0.62952623,52015.907795404,1,82606.5440462587,82541.85873718739,82568.92436975453,82781.40765463673,56.264845605701446,21.80789274709241,0.8902380407995265,20.917654706292883,74.3142857142853,3.9682579860000002,0.15864044934098695,-0.00015850314949372724,0.002308211069709687,0.0010187641579144646,0.0018658797398680704,-0.00034960805187256305,0.0005104556201084602,0.0006938392228700845,0.0006064395962603321,0.00054185072888317,82669.7,82395.8,82669.7,82338.3,82756.6,82324.3,31.30000000000291,0.00037877366881631304,-13.099999999991269,-0.00015850314949377323,0.0,18.20000000001164,0.0011296239779321482,0.0008014592747886962,-0.0017673975205533266,-0.00015850314949372724,0.002308211069709687,0.0010187641579144646,0.48315328634259014,0.8417254138025183,0.15864044934098695,0.0029042742469882477,0.003604640853648977,0.003775312999928282,-0.0004185330296346823,-0.0004185330296346823,-0.0014681608475940466
2026-10-08 11:44:00+00:00,2026-10-08 19:44:00+08:00,82637.7,82637.7,82619.0,82619.0,5.1920628,429011.24661107,1,82610.69603083914,82549.20552412192,82570.88811996023,82779.79165807318,53.481060038928014,24.855220846060547,5.683234601851732,19.171986244208817,69.90714285714161,3.7959167050000007,1.3678020893242966,-0.0001948324622346176,0.0011863632452790984,0.0008273703312025038,0.001703474238740954,-0.001181139963272182,0.0005015849707387227,0.0006970004374352649,0.0006080357272877777,0.0005357245941928301,82669.7,82395.8,82669.7,82338.3,82756.6,82324.3,18.69999999999709,0.0002263401880922922,-18.69999999999709,-0.00022628896980430349,0.0,0.0,0.0008454893712779299,0.0005826736412217759,-0.00194240230438536,-0.0001948324622346176,0.0011863632452790984,0.0008273703312025038,0.2955126162780786,0.824926806482421,1.3678020893242966,0.002708875937851074,0.00340910609036138,0.0035797449841661333,-0.0006132839480486041,-0.0006132839480486041,-0.0016627072644357366
2026-10-08 11:45:00+00:00,2026-10-08 19:45:00+08:00,82619.0,82667.7,82607.0,82635.0,1.94768468,160937.58634145,1,82618.79735389276,82557.3764265865,82573.40231133434,82778.35094505754,56.17098133654431,28.235831512254663,10.193753983932318,18.042077528322345,70.82142857142753,3.7088351029999997,0.5251472836914638,0.0001936600539826916,0.0004273623269819282,0.0007569105937206277,0.0027083500178373132,-0.0011217510921359697,0.0003088464181056921,0.0006957302038534405,0.0005859693986010167,0.0005360687567963653,82669.7,82395.8,82669.7,82338.3,82756.6,82324.3,60.69999999999709,0.0007345555757245367,16.0,0.00019366005398274006,32.69999999999709,12.0,0.0009402378899785457,0.0007459749379516989,-0.001731744392355461,0.0001936600539826916,0.0004273623269819282,0.0007569105937206277,0.9726378840500716,0.5270691931064201,0.5251472836914638,0.0029030605928943576,0.0036034263520134946,0.0037740982917557897,-0.00041974266266842086,-0.00041974266266842086,-0.0014693692104316147
2026-10-08 11:46:00+00:00,2026-10-08 19:46:00+08:00,82635.1,82635.1,82604.5,82621.9,1.09098003,90134.839445529,1,82619.83156926185,82563.52152881636,82575.30418147809,82776.79421923606,55.726444676720725,29.517667999869445,14.058536787119746,15.4591312127497,69.17857142857143,3.6646077229999996,0.29770717972151156,-0.00015852846856667657,-0.00029402440765580184,0.0008346153380252019,0.002963176972436532,-0.00045850582750028845,0.00016508809670194094,0.0006937301076564955,0.0005802592942110677,0.0005259632421313875,82669.7,82395.8,82669.7,82338.3,82756.6,82324.3,30.60000000000582,0.0003703618532133227,-13.200000000011642,-0.0001597384162421494,0.0,17.39999999999418,0.0007070734157488268,0.0005642827354228608,-0.0018712275668205658,-0.00015852846856667657,-0.00029402440765580184,0.0008346153380252019,0.5006742590738822,0.28450745787087833,0.29770717972151156,0.002744071906577661,0.0034443266377857107,0.0036149715211668543,-0.0005782045900735167,-0.0005782045900735167,-0.0016276647421475943
2026-10-08 11:47:00+00:00,2026-10-08 19:47:00+08:00,82621.9,82622.7,82520.2,82520.2,2.25347316,186108.667613142,1,82586.62104617458,82559.3956689291,82573.14323318483,82774.24104292526,51.26373626373586,22.072751652551233,15.661379760206044,6.411371892345189,73.40000000000042,3.7187107294999997,0.6059823750536766,-0.0012309085121499086,-0.001548733063757024,-0.0003028643700663247,0.00206557126220841,-0.0011777165854691685,0.0005387263364903899,0.0007692620007636857,0.0006246788210494536,0.0005454813776616562,82669.7,82395.8,82669.7,82350.1,82756.6,82324.3,102.5,0.001242120111197016,-101.69999999999709,-0.0012309085121498912,0.8000000000029104,0.0,-0.0004747572170498149,-0.0006411677103694835,-0.0030690833250107685,-0.0012309085121499086,-0.001548733063757024,-0.0003028643700663247,1.657406019524737,0.8624053166799148,0.6059823750536766,0.0015097856929600084,0.00206557126220841,0.00237961330980041,-0.0018084013852717185,-0.0018084013852717185,-0.002856569747911486
2026-10-08 11:48:00+00:00,2026-10-08 19:48:00+08:00,82520.3,82545.1,82518.3,82532.4,0.67891234,56028.172749403,1,82568.54736411638,82556.8246528406,82571.54545933445,82771.83466438869,60.42646597679542,16.961518028285354,15.921407413821907,1.0401106144634475,67.74285714285777,3.5861727995000003,0.18931389477234808,0.00014784258884481538,-0.0012428132839436001,0.00037090099852354896,0.0014621674782404614,-0.0009042806247890889,0.0005763450599806898,0.0007571893604645296,0.0006115605587096245,0.0005457211124921213,82669.7,82395.8,82669.7,82377.3,82756.6,82324.3,26.80000000000291,0.00032472095807225903,12.099999999991269,0.00014663058665554134,12.700000000011642,2.0,-0.0002958526196146227,-0.00047407928623222073,-0.0028927069861326427,0.00014784258884481538,-0.0012428132839436001,0.00037090099852354896,0.44163867224212605,0.9424169884283604,0.18931389477234808,0.0016578514924303622,0.0018828002374440267,0.0025278077068373594,-0.0016608261551693815,-0.0016608261551693815,-0.002709149481733286
2026-10-08 11:49:00+00:00,2026-10-08 19:49:00+08:00,82532.9,82598.5,82526.3,82589.2,0.42210643,34846.704056903,1,82575.4315760776,82559.90801923674,82572.23779426252,82770.01740404652,57.71486011057081,17.2947507382778,16.196076078713087,1.0986746595647112,65.92142857142815,3.601080402,0.11721660803951135,0.000688214567854617,-0.00036069185054288244,0.002303414830690631,0.0025005098126802405,-0.00112116436608245,0.000715434888202746,0.0006873965102407071,0.0006175982256711844,0.000540202881616003,82669.7,82399.5,82669.7,82377.3,82756.6,82324.3,72.19999999999709,0.0008742063126897596,56.30000000000291,0.0006821522083920826,9.30000000000291,6.599999999991269,0.00035479667390658776,0.0002054226237606649,-0.002184576126930793,0.000688214567854617,-0.00036069185054288244,0.002303414830690631,1.1766539404012966,1.1584147403034328,0.11721660803951135,0.002302198435670144,0.0025723105758503895,0.0032177619487805398,-0.0009737545920693869,-0.0009737545920693869,-0.0020227993900185925
2026-10-08 11:50:00+00:00,2026-10-08 19:50:00+08:00,82589.1,82636.0,82579.5,82623.0,1.30894194,108114.459071155,1,82591.28771738507,82565.91677930944,82574.22846899733,82768.55454430477,66.55524278677021,20.055035616620444,16.96786798629456,3.087167630325883,63.557142857142026,3.5021908015000003,0.37374946546012733,0.00040925447879391896,-0.00014521691777091839,0.0015261142512887904,0.0024459667028224885,-0.00029160127820582193,0.0007414678968941595,0.0006310526617674008,0.0006165215981271123,0.0005403543758882103,82669.7,82407.5,82669.7,82395.8,82756.6,82324.3,56.5,0.0006838289580383186,33.89999999999418,0.00041046578785813355,13.0,9.60000000000582,0.0006913654316118567,0.0005906386521186135,-0.0017585729883304868,0.00040925447879391896,-0.00014521691777091839,0.0015261142512887904,0.9232454469516025,1.202663295408649,0.37374946546012733,0.002615053241513232,0.002757422101612006,0.003628333311063603,-0.0005648986267036138,-0.0005648986267036138,-0.0016143727509347894
2026-10-08 11:51:00+00:00,2026-10-08 19:51:00+08:00,82622.9,82638.3,82607.2,82616.4,0.45847785,37880.503807352,1,82599.65847825672,82570.7247050895,82575.88225452685,82767.04056873955,62.09288880323775,21.46260883336072,17.866816155707795,3.5957926776529234,58.89999999999937,3.4246015309999995,0.133877721495418,-7.988090483290744e-05,-6.656830695006555e-05,0.0022029531217397924,0.001993887352641499,-0.0010736930688759472,0.000738858106669137,0.0005881754944711523,0.0006147125070772124,0.0005323687887964605,82669.7,82422.9,82669.7,82395.8,82756.6,82324.3,31.10000000000582,0.00037643857636021204,-6.5,-7.867068330934887e-05,15.400000000008731,9.19999999999709,0.0005531657263955214,0.0004906728740512456,-0.0018200550328297815,-7.988090483290744e-05,-6.656830695006555e-05,0.0022029531217397924,0.5139460383401602,1.2019571721131925,0.133877721495418,0.002347648529716917,0.0026773209314066015,0.003548162571682889,-0.000644734406923031,-0.000644734406923031,-0.0016941246982115077
2026-10-08 11:52:00+00:00,2026-10-08 19:52:00+08:00,82620.3,82620.3,82582.0,82598.3,2.61210627,215767.815906052,1,82599.20565217115,82573.35092365241,82576.7613818003,82765.36155810533,65.6345487879407,20.876945583426277,18.46884204125149,2.4081035421747856,55.257142857142235,3.4079713864999994,0.766469542657353,-0.00021908483061461315,0.000946434933507323,0.0013019617921492532,0.0010920126726798873,-0.0013613683323479009,0.0003668279434394907,0.0005756040453830043,0.0006055655055718871,0.0005328721051974037,82669.7,82434.7,82669.7,82395.8,82756.6,82324.3,38.30000000000291,0.0004636899306644678,-22.0,-0.0002662783843680064,0.0,16.30000000000291,0.0003021444094071235,0.00026083147170319343,-0.0020184960829059406,-0.00021908483061461315,0.000946434933507323,0.0013019617921492532,0.6413976190992959,0.6057609623802199,0.766469542657353,0.001984601144906284,0.002457649540389184,0.0033283003924722276,-0.0008636779860092814,-0.0008636779860092814,-0.0019128383718035602
2026-10-08 11:53:00+00:00,2026-10-08 19:53:00+08:00,82598.3,82599.3,82578.9,82578.9,0.11621381,9597.829271317,1,82592.43710144743,82573.87940711409,82576.84524918068,82763.50621921872,56.65898617511387,18.63260035245912,18.50159370349302,0.13100664896610326,50.32142857142857,3.29941725,0.03522252603849968,-0.00023487166200764076,0.0005634150951625561,0.0016265428504889101,2.4219320478024997e-06,-0.0019723937391002977,0.000414468398132566,0.0005553652434466932,0.0005872123975347324,0.0005309443444648273,82669.7,82434.7,82669.7,82395.8,82756.6,82324.3,20.40000000000873,0.0002470364705755191,-19.40000000000873,-0.0002348716620076773,1.0,0.0,6.0801223364492785e-05,2.488289317792436e-05,-0.00223052680646163,-0.00023487166200764076,0.0005634150951625561,0.0016265428504889101,0.3518091478301257,0.7058236506460187,0.03522252603849968,0.0017492633563291893,0.0022222006461494193,0.003092647007019611,-0.0010983467945330228,-0.0010983467945330228,-0.002147260762283776
2026-10-08 11:54:00+00:00,2026-10-08 19:54:00+08:00,82578.9,82593.7,82559.4,82591.6,3.6096045,298091.50783009,1,82592.15806763162,82575.56708262704,82577.42386685987,82761.79570957476,48.899755501223744,17.67497830139473,18.33627062307336,-0.66129232167863,45.28571428571532,3.166013745,1.140110179780663,0.0001537923125642937,2.905948961862137e-05,0.0008543269539547094,0.0008531141088594651,-0.0011549564563275716,0.0002740960076574032,0.0005080031512934251,0.0005727740984392317,0.0005249130686205864,82669.7,82518.3,82669.7,82395.8,82756.6,82324.3,34.30000000000291,0.000415296470827577,12.700000000011642,0.00015379231256424636,2.099999999991269,19.5,0.00019416054820342588,0.00017167080875513108,-0.002056452595253,0.0001537923125642937,2.905948961862137e-05,0.0008543269539547094,0.6093898824819317,0.478541205693999,1.140110179780663,0.0008882878100979763,0.0023763347160898896,0.0032469149449190216,-0.000944723399262215,-0.000944723399262215,-0.0019937986819178466
2026-10-08 11:55:00+00:00,2026-10-08 19:55:00+08:00,82591.6,82591.6,82542.6,82542.6,0.89647893,74030.454192896,1,82575.63871175442,82572.42736047208,82576.05822502222,82759.61465773819,36.02266594711474,12.814448451681528,17.231906188794994,-4.417457737113466,43.48571428571553,3.0377431274999998,0.29511347483083067,-0.0005932806726107742,-0.0009730946588721867,-0.0006912858037013692,0.0006097538800591273,-0.0019092992182634383,0.0002718939340214887,0.00046864438064986373,0.000579990901971385,0.0005295314438528297,82669.7,82518.3,82669.7,82395.8,82756.6,82324.3,49.0,0.0005936328635153242,-49.0,-0.0005932806726107739,0.0,0.0,-0.0003612266397579056,-0.00040518069936257284,-0.00262222895352604,-0.0005932806726107742,-0.0009730946588721867,-0.0006912858037013692,0.8735754780477031,0.4687899984246704,0.29511347483083067,0.00029448013349764324,0.0017816442100204721,0.002651707940425796,-0.001537443585739262,-0.001537443585739262,-0.00258589647230556
2026-10-08 11:56:00+00:00,2026-10-08 19:56:00+08:00,82542.6,82556.2,82523.1,82523.2,0.64342516,53109.815517899,1,82558.15914116963,82567.73904042711,82573.98535345272,82757.26227308408,33.8917525773208,7.312729071403737,15.248070765316744,-7.935341693913006,43.25000000000104,2.7375602235,0.23503598367504555,-0.0002350301541266253,-0.0011281053156515508,-0.0014882716930724182,0.00025938828001326186,-0.0023694619870597844,0.0002642654431028863,0.00043893065380238086,0.0005815415911819135,0.0005290721974431434,82667.7,82518.3,82669.7,82395.8,82756.6,82324.3,33.09999999999127,0.00040109932721939126,-19.40000000000873,-0.00023503015412658105,13.599999999991269,0.09999999999126885,-0.000539424246621456,-0.0006150284891220936,-0.002828298890697023,-0.0002350301541266253,-0.0011281053156515508,-0.0014882716930724182,0.5911647525499328,0.45442225820134124,0.23503598367504555,5.9380767659877876e-05,0.0015461953157804853,0.0024160545549734014,-0.0017479620214424507,-0.0017721123942630035,-0.0028203188627856646
2026-10-08 11:57:00+00:00,2026-10-08 19:57:00+08:00,82523.1,82523.2,82501.3,82501.3,2.37016233,195563.25289491,1,82539.20609411309,82561.41151276739,82571.13494743497,82754.71538479469,33.14012096774293,1.1719206786365248,12.4328407479807,-11.260920069344175,42.57857142857184,2.4739650045,0.9580419794495115,-0.0002653799174049398,-0.0011743583100378707,-0.001777413180202303,-0.00026174552760493963,-0.0028391441714750165,0.00026478644643635526,0.0004394835617423422,0.0005816941308230475,0.000528870151464268,82667.7,82501.3,82669.7,82395.8,82756.6,82324.3,21.89999999999418,0.00026545036260027633,-21.80000000000291,-0.00026416845707447864,0.09999999999126885,0.0,-0.0007280824257478447,-0.000845754966059542,-0.0030622470709535943,-0.0002653799174049398,-0.0011743583100378707,-0.001777413180202303,0.39301386659611637,0.45519875894519524,0.9580419794495115,0.0,0.0012804050691903601,0.002150033465210255,-0.0020128780648305256,-0.0020370220286271,-0.00308495032420375
2026-10-08 11:58:00+00:00,2026-10-08 19:58:00+08:00,82500.1,82500.1,82486.0,82492.7,0.76478795,63089.727998248,1,82523.70406274206,82554.86755917048,82568.0590671434,82752.10826653802,33.77857693295755,-4.338649095516303,9.0785427792813,-13.417191874797602,42.33571428571512,2.353275564,0.3249886930793796,-0.00010424078166049178,-0.0010438501844901582,-0.0017232386721866,-0.000706230088066806,-0.003025029307615168,0.00027116439065846956,0.0004393540924747528,0.000578147518330101,0.0005286444077659951,82667.7,82486.0,82669.7,82395.8,82756.6,82324.3,14.10000000000582,0.0001709242151124381,-7.400000000008731,-8.969686097360768e-05,0.0,6.69999999999709,-0.0007530453504261958,-0.0009126903065763692,-0.0031347632340977816,-0.00010424078166049178,-0.0010438501844901582,-0.0017232386721866,0.2559532134116189,0.4690228394332477,0.3249886930793796,8.122590500203586e-05,0.0011760308171047118,0.002045568562380584,-0.002116909022508162,-0.002141050469519068,-0.003188869528231053
2026-10-08 11:59:00+00:00,2026-10-08 19:59:00+08:00,82493.6,82513.3,82493.5,82503.3,1.94064716,160105.384592741,1,82516.90270849472,82549.956363059,82565.51949588288,82749.63256239337,32.847095597814004,-7.7610197265894385,5.7106302781071525,-13.471650004696592,39.471428571430025,2.1992079574999996,0.8824300373149229,0.00012849621845334447,-0.001069115987582303,-0.001400404265362698,-0.0005741925871008968,-0.0027522935779815683,0.0002628148938896884,0.00044306736220814066,0.000578806100324599,0.0005289934093538124,82667.7,82486.0,82669.7,82395.8,82741.7,82324.3,19.80000000000291,0.0002399904003840199,9.69999999999709,0.00011758487931181435,10.0,0.10000000000582077,-0.0005651894333389418,-0.0007535772349374081,-0.0029768417667308533,0.00012849621845334447,-0.001069115987582303,-0.001400404265362698,0.35646521234296424,0.4540637939757369,0.8824300373149229,0.00020973256067691182,0.001304678151070826,0.0021743276286587676,-0.0019886848188590545,-0.0020128293679545495,-0.0028812557634179115
2026-10-08 12:00:00+00:00,2026-10-08 20:00:00+08:00,82503.3,82505.1,82478.1,82505.1,1.03632731,85482.213367109,1,82512.96847232981,82545.68432848196,82563.15010388747,82747.19940256856,34.32635534085114,-10.210329825276858,2.5264382574303506,-12.736768082707208,39.21428571428675,1.6939351004999998,0.6117869035797809,2.1817309125760076e-05,-0.00045431086493519235,-0.0015719731348701194,-0.0008162523842683012,-0.002157625161005483,0.0001675071688892012,0.0004373008667661555,0.0005764056891237037,0.0005244804020202941,82638.3,82478.1,82669.7,82395.8,82696.6,82324.3,27.0,0.0003272524971183599,1.8000000000029104,2.181730912585206e-05,0.0,25.19999999999709,-0.0004916589984336195,-0.000703099431337395,-0.002925771558632828,2.1817309125760076e-05,-0.00045431086493519235,-0.0015719731348701194,0.502118921867279,0.29060637681050383,0.6117869035797809,0.00032735962637353566,0.0013265239247632898,0.00219619237576274,-0.001611843418850567,-0.001991055973349254,-0.0023156937528265864
2026-10-08 12:01:00+00:00,2026-10-08 20:01:00+08:00,82505.1,82520.8,82458.7,82458.8,0.50404131,41573.066858825,1,82494.91231488655,82537.4096305313,82559.0579429507,82744.32975677187,40.32156368222158,-15.70639523222053,-1.1201284404998257,-14.586266791720703,36.328571428572886,1.4953237440000002,0.3370783832079643,-0.0005611774302437533,-0.0007803866064329812,-0.0019740528842836502,-0.0011410851210736928,-0.0023145767518732985,0.0002698929323661386,0.0004529147846109665,0.000583482467894995,0.0005267385566778993,82638.3,82458.7,82669.7,82395.8,82696.6,82324.3,62.10000000000582,0.0007531033679850521,-46.30000000000291,-0.0005611774302437414,15.69999999999709,0.10000000000582077,-0.00095241213509345,-0.001214378475829725,-0.0034507471099370912,-0.0005611774302437533,-0.0007803866064329812,-0.0019740528842836502,1.1453950513253233,0.46255534179085095,0.3370783832079643,1.2127283113283482e-06,0.000764602079232235,0.0016337824919252508,-0.0021721163189465376,-0.0025511160679183575,-0.002875571668000898
2026-10-08 12:02:00+00:00,2026-10-08 20:02:00+08:00,82458.7,82468.3,82352.6,82366.4,7.10949711,585851.65555703,1,82452.07487659104,82521.12299905212,82551.50272950166,82740.56926167962,29.11424257675162,-27.204379294838873,-6.336978611367636,-20.86740068347124,42.67857142857247,1.779272865,3.9957317676510513,-0.0011205596006733654,-0.001635125749533728,-0.0018637860790449157,-0.00216608597471446,-0.0031503133974853936,0.0005155937863104513,0.000434297606963426,0.0006160769304104797,0.0005441383958751032,82638.3,82352.6,82669.7,82352.6,82696.6,82324.3,115.69999999999709,0.0014046990034771109,-92.30000000000291,-0.0011193482312964298,9.60000000000582,13.799999999988358,-0.0018749502361220527,-0.0022422696544749376,-0.004522198300283109,-0.0011205596006733654,-0.001635125749533728,-0.0018637860790449157,2.0576124993199745,0.8368983821012766,3.9957317676510513,0.00016757212279872036,0.00016757212279872036,0.000511392140595035,-0.003290241933824989,-0.003668816990989532,-0.003992909019234325
2026-10-08 12:03:00+00:00,2026-10-08 20:03:00+08:00,82364.5,82420.5,82359.5,82381.5,3.35933078,276741.230042483,1,82428.54991772736,82507.82557057097,82544.83595579572,82736.99643320519,20.804048355360578,-34.69819154567085,-12.00922119822828,-22.68897034744257,41.87857142857268,1.9157630925000002,1.753520982396731,0.00018332718195779307,-0.0013479980652832957,-0.0018283728572050517,-0.0014581500039999584,-0.0028963650799799234,0.0005607355252949786,0.00043597909217848893,0.000611657705660846,0.0005449810230322897,82638.3,82352.6,82669.7,82352.6,82696.6,82324.3,61.0,0.0007404575056292978,17.0,0.00020639960177018011,39.0,5.0,-0.0015310738066042218,-0.001978754381233294,-0.004296704600488921,0.00018332718195779307,-0.0013479980652832957,-0.0018283728572050517,1.0715071691857514,0.9167472593010985,1.753520982396731,0.00035093002528152617,0.00035093002528152617,0.0006948130746329273,-0.003107517942648852,-0.0034861624029117744,-0.0038103138460348074
2026-10-08 12:04:00+00:00,2026-10-08 20:04:00+08:00,82381.4,82395.7,82345.0,82345.1,4.34527064,357915.827510518,1,82400.73327848491,82492.32789718326,82537.0031732155,82733.09696620813,11.219648339386254,-43.077694687541225,-18.22291589609087,-24.854778791450354,41.46428571428675,1.8734234845000004,2.319427868792684,-0.00044184677385084026,-0.0019174990576134032,-0.00295559225661457,-0.0006589853809613189,-0.003810786582643888,0.0005157047287457053,0.00038003923918589964,0.0005741707336939885,0.0005429010767508231,82638.3,82345.0,82669.7,82345.0,82696.6,82324.3,50.69999999999709,0.0006157014807195217,-36.29999999998836,-0.00044063344395686845,14.30000000000291,0.10000000000582077,-0.0017847465447545785,-0.0023250562273597897,-0.004689743046444872,-0.00044184677385084026,-0.0019174990576134032,-0.00295559225661457,0.9207635184112755,0.8981731364604115,2.319427868792684,1.2144028174176924e-06,1.2144028174176924e-06,0.00025265929986661995,-0.0035479916697220837,-0.003926468827151752,-0.004250477045005474
2026-10-08 12:05:00+00:00,2026-10-08 20:05:00+08:00,82345.1,82425.8,82335.0,82335.0,6.59607526,543393.395146817,1,82378.82218565661,82477.34428792771,82529.08148014823,82729.13580236527,11.111111111116912,-49.957616582891205,-24.56985603345094,-25.387760549440266,45.72857142857226,2.1058430135000004,3.132273022117182,-0.000122654535606892,-0.0020616907318457,-0.003485712210885561,-0.0019649175546777586,-0.0037702700413568824,0.0004907481532527241,0.00034235304729516035,0.0005270456952115224,0.0005427997091764,82638.3,82335.0,82669.7,82335.0,82669.7,82324.3,90.80000000000291,0.001102811683974044,-10.10000000000582,-0.00012265453560692525,80.69999999999709,0.0,-0.0017258592545219553,-0.002351673818094313,-0.004764171637267389,-0.000122654535606892,-0.0020616907318457,-0.003485712210885561,1.655847418433319,0.9311301803836368,3.132273022117182,0.0,0.0,0.00012997377445045366,-0.0036702110280584233,-0.004048641763548133,-0.004048641763548133
2026-10-08 12:06:00+00:00,2026-10-08 20:06:00+08:00,82335.1,82350.4,82228.6,82290.2,33.71431957,2774148.906284423,1,82349.28145710441,82459.52102241079,82519.71357896595,82724.76828194373,10.347490347495537,-58.35234038600174,-31.3263529039611,-27.02598748204064,51.69285714285694,3.7370099905000003,9.021736536885504,-0.0005441185401106052,-0.0020446574531767236,-0.00394836860478065,-0.001754113553984582,-0.0033693277331279248,0.000489514572289934,0.00034847975854381615,0.0005188661790759356,0.0005341213256251846,82620.3,82228.6,82669.7,82228.6,82669.7,82228.6,121.79999999998836,0.0014801276458191663,-44.90000000000873,-0.0005453324280897057,15.299999999988358,61.59999999999127,-0.0020533835306267845,-0.002781318172491276,-0.005253182220621433,-0.0005441185401106052,-0.0020446574531767236,-0.00394836860478065,2.1793574349103295,0.943431258444567,9.021736536885504,0.0007491310809133456,0.0007491310809133456,0.0007491310809133456,-0.003995386121812716,-0.004590557362612935,-0.004590557362612935
2026-10-08 12:07:00+00:00,2026-10-08 20:07:00+08:00,82292.8,82387.1,82292.8,82361.4,5.93841486,488991.456097466,1,82353.32097140295,82450.17616313357,82513.50520332024,82721.15267714827,25.30093118328675,-58.58464717891184,-36.77801175895125,-21.806635419960585,57.15714285714265,3.9212570755000002,1.5144161032193462,0.0008652306106924357,-6.070436488669895e-05,-0.0028680977695667575,-0.001569870131129636,-0.0019908949575708768,0.0005674171894530026,0.0004546698684023193,0.0005289340245643239,0.0005436273249456216,82599.3,82228.6,82669.7,82228.6,82669.7,82228.6,94.30000000000291,0.0011449538254571063,68.59999999999127,0.0008336087725778108,25.70000000001164,0.0,-0.0010767249660925682,-0.0018433976710290345,-0.004348980466367003,0.0008652306106924357,-6.070436488669895e-05,-0.0028680977695667575,1.687702952038534,1.072756077509623,1.5144161032193462,0.0016150098627483178,0.0016150098627483178,0.0016150098627483178,-0.0028801696866681548,-0.0037292986426707975,-0.0037292986426707975
2026-10-08 12:08:00+00:00,2026-10-08 20:08:00+08:00,82361.3,82453.1,82344.3,82438.5,2.84514219,234424.686822338,1,82381.71398093531,82449.06414759703,82510.56382279788,82718.34021269904,34.83257380622216,-51.94859526818618,-39.812128460798235,-12.136466807387947,62.47857142857122,4.029568568,0.7060662058449925,0.0009361181330089785,0.000691902915096243,-0.001700192179842519,-7.641476478814635e-05,-0.0009222610301692358,0.0007133204393597398,0.0005393156979168912,0.0005495780977216172,0.000557631794778201,82593.7,82228.6,82669.7,82228.6,82669.7,82228.6,108.80000000000291,0.0013197717086070575,77.19999999999709,0.0009373334320851794,14.60000000000582,17.0,-0.00012812938153095033,-0.0008733890481301687,-0.0033830491760288295,0.0009361181330089785,0.000691902915096243,-0.001700192179842519,1.923032926717018,1.2979418981887167,0.7060662058449925,0.002552639835774917,0.002552639835774917,0.002552639835774917,-0.0018790779442015015,-0.0027966715737446357,-0.0027966715737446357
2026-10-08 12:09:00+00:00,2026-10-08 20:09:00+08:00,82438.5,82453.8,82403.3,82403.3,3.86895721,318924.454785605,1,82388.90932062354,82444.7056573497,82506.35739837443,82715.20548421447,35.81177429211732,-48.965379722518264,-41.64277871314224,-7.322601009376022,62.585714285714076,4.201911107,0.9207613182379492,-0.0004269849645492929,0.0007067815814176814,-0.0022798928704614863,-0.0014275136904380314,-0.0008112021069428543,0.000710322027086694,0.0005396184188343733,0.0005257968017129558,0.0005560483489297276,82591.6,82228.6,82669.7,82228.6,82669.7,82228.6,50.5,0.0006128395343390373,-35.19999999999709,-0.0004269849645492954,15.30000000000291,0.0,-0.0005022233631566397,-0.001249084332699657,-0.00377083611638962,-0.0004269849645492929,0.0007067815814176814,-0.0022798928704614863,0.9139048187936268,1.3509439859135441,0.9207613182379492,0.002124564932395767,0.002124564932395767,0.002124564932395767,-0.0022798928704614863,-0.0032224624015811942,-0.0032224624015811942
2026-10-08 12:10:00+00:00,2026-10-08 20:10:00+08:00,82400.0,82405.7,82375.0,82384.8,3.62214953,298424.919783252,1,82387.53954708236,82439.00035664972,82501.59044157543,82711.91786745611,35.8775510204096,-47.54587603606342,-42.82339817772648,-4.722477858336937,62.414285714285924,4.3175714865,0.8389321500120112,-0.0002245055719856115,0.000604846055747954,-0.0019117401196473427,-0.0026017043645436555,-0.001165118227371309,0.0007211693555043548,0.0005263152626035963,0.0004913960702427094,0.0005563835848033553,82556.2,82228.6,82669.7,82228.6,82669.7,82228.6,30.69999999999709,0.0003726415552383096,-15.19999999999709,-0.0001844660194174404,5.69999999999709,9.80000000000291,-0.0006574601391966528,-0.001415614425738121,-0.003954906087177301,-0.0002245055719856115,0.000604846055747954,-0.0019117401196473427,0.5816147760863328,1.4675928424664777,0.8389321500120112,0.00189958238374488,0.00189958238374488,0.00189958238374488,-0.0020761614512294635,-0.003446244512802066,-0.003446244512802066
2026-10-08 12:11:00+00:00,2026-10-08 20:11:00+08:00,82384.7,82384.7,82350.0,82376.3,2.79355049,230082.812658067,1,82383.79303138824,82433.02889411165,82496.67709092541,82708.57838618789,36.88627780109202,-46.56995860610914,-43.57271026340301,-2.997248342706129,63.33571428571512,4.4343251185,0.629983236534757,-0.00010317437197149282,0.0010462971289413314,-0.0017801054733698196,-0.0032657278858555516,-0.0009932305095187166,0.0006421050578548598,0.0005254903215304944,0.0004758309961513631,0.0005554848271487427,82523.2,82228.6,82667.7,82228.6,82669.7,82228.6,34.69999999999709,0.00042123766180317745,-8.39999999999418,-0.00010196067959213519,0.0,26.30000000000291,-0.0006881816047850098,-0.0014591750258344804,-0.004017459768639653,-0.00010317437197149282,0.0010462971289413314,-0.0017801054733698196,0.6741785688427651,1.3494393241473586,0.629983236534757,0.0017962120235537338,0.0017962120235537338,0.0017962120235537338,-0.0017801054733698196,-0.003524955938050689,-0.003549063320660295
2026-10-08 12:12:00+00:00,2026-10-08 20:12:00+08:00,82376.3,82432.9,82376.3,82423.3,2.67522219,220417.717423691,1,82396.96202092551,82432.10233276768,82493.79955794795,82705.73979528055,43.26213592233104,-41.52535140476539,-43.163238491675486,1.6378870869100979,66.28571428571429,4.437480914500001,0.6028695653108931,0.0005705524525865258,0.0007515656606129628,-0.0009454396476176186,-0.002721172390929172,-6.065877859906532e-05,0.0005770850490311905,0.0005524513623264961,0.0004913054846215248,0.0005586818530531949,82520.8,82228.6,82667.7,82228.6,82669.7,82228.6,56.59999999999127,0.000686699028065987,47.0,0.0005705524525864842,9.599999999991269,0.0,-0.00010678282511999981,-0.0008546043257278146,-0.003414996298680806,0.0005705524525865258,0.0007515656606129628,-0.0009454396476176186,1.0847890167749015,1.1745951695934063,0.6028695653108931,0.002367789309315693,0.002367789309315693,0.002367789309315693,-0.0011815202954891246,-0.002956414657719897,-0.0029805357948557987
2026-10-08 12:13:00+00:00,2026-10-08 20:13:00+08:00,82423.2,82458.8,82388.2,82388.2,3.72903837,307401.596722186,1,82394.04134728367,82427.92115821838,82489.65839881274,82702.58019532751,39.332715477293824,-39.899800447557936,-42.51055088285197,2.6107504352940367,69.85714285714286,4.618122142500001,0.8074793725532129,-0.00042585045733434246,-0.0006101518101372383,-0.0012667787573931166,-0.0029878344674358903,-0.0011275296673666224,0.00041104489562902825,0.0005603541036873095,0.0004949884284820614,0.0005548560882553549,82520.8,82228.6,82667.7,82228.6,82669.7,82228.6,70.60000000000582,0.0008569188306093085,-35.0,-0.0004246377233594425,35.60000000000582,0.0,-0.00048188960318595875,-0.001229952951462332,-0.0038013347900996974,-0.00042585045733434246,-0.0006101518101372383,-0.0012667787573931166,1.3204420631188687,0.8304131409486569,0.8074793725532129,0.001940930527821072,0.001940930527821072,0.001940930527821072,-0.0016068676018653472,-0.0033810061245201917,-0.0034051169896588407
2026-10-08 12:14:00+00:00,2026-10-08 20:14:00+08:00,82388.2,82434.4,82388.2,82408.7,0.52844737,43551.568710534,1,82398.92756485578,82426.09057172139,82486.4835596436,82699.65601427948,41.36510211393728,-36.53619442184572,-41.31567959065073,4.77948516880501,71.22857142857121,4.464064286,0.11837808242531209,0.0002488220400493901,6.553135614706385e-05,-0.0011466208018346968,-0.00254541933453567,-0.0008462811520578706,0.0003965386912994784,0.0005644649973676142,0.000498659526918656,0.000555924543782716,82520.8,82228.6,82667.7,82228.6,82669.7,82228.6,46.19999999999709,0.0005606204199313555,20.5,0.00024882204004942455,25.69999999999709,0.0,-0.00021098382321382836,-0.0009429855206199989,-0.0035182252055466767,0.0002488220400493901,6.553135614706385e-05,-0.0011466208018346968,0.8492881289272043,0.7952092959093588,0.11837808242531209,0.002190235514164085,0.002190235514164085,0.002190235514164085,-0.0013584453858906942,-0.003133025353312169,-0.0031571422177654185
2026-10-08 12:15:00+00:00,2026-10-08 20:15:00+08:00,82408.8,82445.0,82386.6,82445.0,3.9121105,322412.823874459,1,82414.28504323719,82427.89146965269,82484.85675338306,82697.12212359013,48.74133527909502,-30.58879717181844,-39.170303106884276,8.581505935065834,70.96428571428467,4.6148458644999995,0.8477228958163399,0.0004404874728032304,0.0007307173167865333,-0.0007284398176597984,-0.0022992678647062448,0.00040285493096869907,0.0004082403402398795,0.0005798075461355053,0.0005054035656329149,0.0005490049630561374,82520.8,82228.6,82638.3,82228.6,82669.7,82228.6,58.39999999999418,0.0007083510218933129,36.19999999999709,0.0004392734756481964,0.0,22.19999999999709,0.00020755753959345036,-0.00048320085591258,-0.003048741203029226,0.0004404874728032304,0.0007307173167865333,-0.0007284398176597984,1.0745081811701416,0.8077512071539141,0.8477228958163399,0.0026316877582737153,0.0026316877582737153,0.0026316877582737153,-0.0009185562912623624,-0.002339109105584214,-0.002718045426558957
2026-10-08 12:16:00+00:00,2026-10-08 20:16:00+08:00,82444.9,82463.9,82399.6,82458.5,2.03664217,167875.908456682,1,82429.02336215813,82430.80656778101,82483.82315521118,82694.74777410168,59.812486682293034,-24.503642093623057,-36.23697090423204,11.733328810608981,67.29285714285548,4.684506715,0.4347612873471993,0.00016374552732134617,0.0009978598213320478,-3.6381805217367003e-06,-0.001977683882844583,0.000979632862251778,0.0003842294600380599,0.0005640122970745464,0.0005070246025250091,0.0005465785992973729,82468.3,82228.6,82638.3,82228.6,82669.7,82228.6,64.29999999998836,0.0007797861954800094,13.60000000000582,0.00016495865723660072,5.399999999994179,45.29999999998836,0.00033595973850175653,-0.0003070075348414747,-0.002856865526055352,0.00016374552732134617,0.0009978598213320478,-3.6381805217367003e-06,1.1588780903054148,0.7578122602425544,0.4347612873471993,0.002795864212694843,0.002795864212694843,0.002795864212694843,-0.0001188335396752338,-0.0021757465969169942,-0.002554744967019351
2026-10-08 12:17:00+00:00,2026-10-08 20:17:00+08:00,82461.3,82466.5,82425.8,82425.8,0.63245013,52149.975873944,1,82427.94890810542,82430.32975180187,82481.54773735977,82692.07167684694,54.54918874512242,-22.065373675184674,-33.40265145842257,11.337277783237894,65.84285714285527,4.597621105,0.13756029815336426,-0.000396563119629878,3.0331229154967332e-05,0.0007211678548535438,-0.0011439623267999188,0.0009192459997011682,0.00039407402827311075,0.0004869979617143874,0.00046177951534559253,0.0005472932108054833,82466.5,82228.6,82638.3,82228.6,82669.7,82228.6,40.69999999999709,0.0004937774337646355,-35.5,-0.00043050497627371867,5.19999999999709,0.0,-5.4952489156656625e-05,-0.0006758813199926328,-0.003220038770917588,-0.000396563119629878,3.0331229154967332e-05,0.0007211678548535438,0.7620780579491655,0.8533813544721414,0.13756029815336426,0.002398192356430684,0.002398192356430684,0.002398192356430684,-0.0004935337379420313,-0.002571446895688778,-0.0029502949690152214
2026-10-08 12:18:00+00:00,2026-10-08 20:18:00+08:00,82425.8,82425.8,82350.0,82373.1,6.57713862,541886.761750606,1,82409.66593873696,82424.87929924931,82477.29488491428,82688.89782931613,52.782193958664486,-24.107580769850756,-31.543637320708207,7.436056550857451,67.63571428571284,4.888238638500001,1.3455027682564724,-0.0006393629179213267,-0.0001832786734021763,-0.00010196464011935635,-0.0019301510679440304,-0.00047080579382330345,0.000458833604740261,0.0005161433104600283,0.0004730799261219855,0.0005450648810401097,82466.5,82228.6,82638.3,82228.6,82669.7,82228.6,75.80000000000291,0.0009202033188019257,-52.69999999999709,-0.0006393629179212952,0.0,23.10000000000582,-0.0006281998795693022,-0.0012633159836251684,-0.0038191079770828473,-0.0006393629179213267,-0.0001832786734021763,-0.00010196464011935635,1.3779935589053498,0.9698860158821216,1.3455027682564724,0.001757296123246599,0.001757296123246599,0.001757296123246599,-0.0011325811086925208,-0.0032091657258196404,-0.003587771577736376
2026-10-08 12:19:00+00:00,2026-10-08 20:19:00+08:00,82373.1,82442.5,82369.0,82442.5,0.83574888,68873.20024984,1,82420.61062582464,82426.55746122557,82475.93037962353,82686.44610962145,59.55555555555556,-19.896687972010113,-29.21424745096859,9.317559478958476,66.39999999999834,4.8329937245,0.17292571181363636,0.0008425080517788786,0.0004101508699931866,0.0011828269077334141,-0.0017762613029306262,0.0007198069509317673,0.0006047634004688467,0.0005445455276169556,0.00048229194202113534,0.0005540589963264514,82466.5,82228.6,82638.3,82228.6,82669.7,82228.6,73.5,0.0008915304606240713,69.39999999999418,0.0008425080517789688,0.0,4.100000000005821,0.00019341507477044217,-0.000405334980395633,-0.002950255103454813,0.0008425080517788786,0.0004101508699931866,0.0011828269077334141,1.333902792158599,1.2539363563373496,0.17292571181363636,0.0026012847111587245,0.0026012847111587245,0.0026012847111587245,-0.0002910272656169166,-0.002369361422004168,-0.0027482862523995344
2026-10-08 12:20:00+00:00,2026-10-08 20:20:00+08:00,82442.7,82486.4,82439.3,82439.3,2.90532943,239590.34635485,1,82426.84041721643,82427.77103634694,82474.49389414811,82683.98694435159,64.31176809368472,-16.626083210474462,-26.696614602869765,10.070531392395303,61.06428571428426,4.9264438305,0.5897417142996491,-3.881493161894678e-05,-6.913700042443516e-05,0.001266775976194845,-0.0022233518511793893,0.0002171766070462322,0.0005707994740034164,0.0005427557481608227,0.0004741555499931941,0.0005509067695442182,82486.4,82228.6,82638.3,82228.6,82669.7,82228.6,47.09999999999127,0.000571329450880724,-3.3999999999941792,-4.1240764797782936e-05,43.69999999999709,0.0,0.00013986746830729757,-0.000426724584612459,-0.0029593026823473423,-3.881493161894678e-05,-6.913700042443516e-05,0.001266775976194845,0.8596430698393606,1.2038232474798818,0.5897417142996491,0.0025623688108515896,0.0025623688108515896,0.0025623688108515896,-0.0005710032199246484,-0.0024080843870215585,-0.0027869945094756154
2026-10-08 12:21:00+00:00,2026-10-08 20:21:00+08:00,82439.3,82468.3,82416.7,82427.3,0.65193563,53748.945289117,1,82426.99361147762,82427.72617574247,82472.64315320112,82681.43284540283,57.136668832576255,-14.831437506029033,-24.32357918350162,9.492141677472588,57.82857142856977,4.9338385465000005,0.1321355824386419,-0.00014556164353651813,-0.00037837215083946774,0.0016660550101956773,-0.0022888917938810316,-0.00029956823363896934,0.0005634749574976708,0.0005190182462507095,0.00047433484778485976,0.0005491008587825652,82486.4,82292.8,82620.3,82228.6,82669.7,82228.6,51.60000000000582,0.0006260061896969307,-12.0,-0.00014556164353651718,29.0,10.60000000000582,-5.170295994338936e-06,-0.0005497962896240383,-0.0030736386230509893,-0.00014556164353651813,-0.00037837215083946774,0.0016660550101956773,0.9302675666951489,1.1879265462554451,0.1321355824386419,0.001634407870433341,0.002416434184699723,0.002416434184699723,-0.0007164817472939955,-0.002335987644683013,-0.0029321504735108084
2026-10-08 12:22:00+00:00,2026-10-08 20:22:00+08:00,82428.0,82469.3,82401.1,82469.3,1.12200145,92500.985421319,1,82441.09574098508,82431.68558757652,82472.51204915401,82679.32207082171,53.609939052977445,-9.905929475396988,-21.440049241880697,11.534119766483709,54.92857142856935,4.6344637635,0.24209951943882532,0.0005095399218462138,0.0005277473800679999,0.001310079721811519,-0.0015617754844833298,-0.00047146829042443716,0.0005798940659598842,0.0004893824899253647,0.000485297519580471,0.0005458948965230648,82486.4,82344.3,82599.3,82228.6,82669.7,82228.6,68.19999999999709,0.0008269744013832673,41.30000000000291,0.0005010433347891846,0.0,26.89999999999418,0.0004563101209853482,-3.894690575323434e-05,-0.002540200688169736,0.0005095399218462138,0.0005277473800679999,0.001310079721811519,1.207189977651663,1.1949248503499252,0.24209951943882532,0.0015180164261521245,0.0029272053762317007,0.0029272053762317007,-0.00020730690150128073,-0.0015738632167584532,-0.0024241045993875776
2026-10-08 12:23:00+00:00,2026-10-08 20:23:00+08:00,82475.2,82500.0,82464.8,82486.4,1.77524859,146433.73488135,1,82456.19716065672,82436.8964839978,82473.05667467738,82677.40244822648,60.17135862913026,-4.569922562805004,-18.06602390606556,13.496101343260555,53.835714285712,4.555259654,0.389714028363047,0.00020734988656379016,0.001375449024013875,0.0005810391989178321,-0.001120140859226737,-0.0011177216400839463,0.0004052785489178865,0.00043190503394088483,0.00048626603017640186,0.0005348531012500569,82500.0,82350.0,82593.7,82228.6,82669.7,82228.6,35.19999999999709,0.0004267370136167549,11.19999999999709,0.0001357983975788733,13.60000000000582,10.39999999999418,0.0006005019367971709,0.0001617901149855161,-0.0023102134630571536,0.00020734988656379016,0.001375449024013875,0.0005810391989178321,0.6175368675520985,0.8334502592559556,0.389714028363047,0.0016563448694595362,0.0031351622184980776,0.0031351622184980776,-0.00016484848484854542,-0.0012991305632270578,-0.0022172573506376025
2026-10-08 12:24:00+00:00,2026-10-08 20:24:00+08:00,82486.3,82490.5,82457.9,82458.0,0.70275771,57961.816260079,1,82456.79810710449,82438.90634266468,82472.4662168469,82675.2193392889,58.7476099426387,-2.6027385422494262,-14.973366833302334,12.370628291052908,53.971428571426905,4.373134007500001,0.16069887380417758,-0.0003442991814407437,0.00018800982502953367,0.0006638083668979444,-0.0016175979155266251,-0.0007658638022713937,0.00033044542623534374,0.0004260230463881663,0.00048801862278004916,0.0005291928786972465,82500.0,82350.0,82591.6,82228.6,82669.7,82228.6,32.60000000000582,0.0003953527856606493,-28.30000000000291,-0.00034308727631137423,4.19999999999709,0.10000000000582077,0.0002316097845349585,-0.00017540662369497362,-0.0026273814696210485,-0.0003442991814407437,0.00018800982502953367,0.0006638083668979444,0.5726712540246731,0.6771164271415029,0.16069887380417758,0.0013114754098360049,0.002789783603271756,0.002789783603271756,-0.0005090909090909035,-0.0016175979155266251,-0.002560793132187489
2026-10-08 12:25:00+00:00,2026-10-08 20:25:00+08:00,82457.9,82485.9,82445.5,82452.9,9.04476911,745995.295125274,1,82455.49873806967,82440.23907193472,82471.69891422545,82673.00720655966,59.22891566264987,-1.4386742692586267,-12.266428320493594,10.827754051234967,54.371428571426286,4.4955687,2.01192990555344,-6.184966892242016e-05,0.00016496986267466873,0.0008266087919128751,-0.0010867115889251489,-0.0004776203354738273,0.00033193507127911125,0.0004207288176836526,0.0004772899259141081,0.0005273813839212759,82500.0,82350.0,82556.2,82228.6,82669.7,82228.6,40.39999999999418,0.0004899767018503192,-5.0,-6.063700385287523e-05,28.0,7.399999999994179,0.00015357704208285305,-0.00022794382161328564,-0.002662382971139854,-6.184966892242016e-05,0.00016496986267466873,0.0008266087919128751,0.7133046640318741,0.6954579454896046,2.01192990555344,0.0012495446265936572,0.002727761387157024,0.002727761387157024,-0.0005709090909091774,-0.0012512688326256072,-0.002622484416902493
2026-10-08 12:26:00+00:00,2026-10-08 20:26:00+08:00,82447.0,82447.1,82400.1,82400.1,0.7808952,64365.157197219,1,82437.03249204645,82436.41630317904,82468.89111366759,82670.29171196703,47.243346007604735,-4.722228764556348,-10.757588409306145,6.035359644749796,54.09999999999751,2.8488974815000003,0.27410435267359756,-0.0006403655905370398,-0.00032998775890991094,0.0002889180504588307,-0.0014917017275141164,-0.001232700377446272,0.0004509240027916661,0.00045651125447695475,0.000488714894314275,0.0005333807056643716,82500.0,82350.0,82523.2,82228.6,82669.7,82228.6,47.0,0.0005703876572965324,-46.89999999999418,-0.0005688502917024777,0.10000000000582077,0.0,-0.00044053714132197275,-0.0008341462185148529,-0.003268304809040723,-0.0006403655905370398,-0.00032998775890991094,0.0002889180504588307,0.8236005273908423,0.9226729286087464,0.27410435267359756,0.0006083788706741089,0.0020856490320886323,0.0020856490320886323,-0.0012109090909090403,-0.0014917017275141164,-0.0032611706586571643
2026-10-08 12:27:00+00:00,2026-10-08 20:27:00+08:00,82400.0,82434.0,82372.4,82433.9,1.83022033,150834.896580032,1,82435.98832803097,82436.17665525722,82467.5189131316,82667.93955562905,55.44696066746148,-4.544703326217132,-9.515011392688342,4.97030806647121,53.45714285714036,2.6434877549999998,0.6923505987641695,0.0004101936769493886,-0.00042925064236032373,0.00012860441161643976,-0.0008169568237107461,-0.0010784885165208147,0.00042038227328482485,0.0004443982722745362,0.0004939677622343362,0.0005351059223438654,82500.0,82350.0,82520.8,82228.6,82669.7,82228.6,61.60000000000582,0.0007472653847507618,33.89999999999418,0.0004114077669902206,0.10000000000582077,27.60000000000582,-2.7617186405315408e-05,-0.0004076624782057836,-0.0028310800642560308,0.0004101936769493886,-0.00042925064236032373,0.00012860441161643976,1.0545446324548209,0.8510317988836634,0.6923505987641695,0.0010188221007891851,0.0024966982290832718,0.0024966982290832718,-0.0008012121212122025,-0.001053067832595067,-0.0028523146932915022
2026-10-08 12:28:00+00:00,2026-10-08 20:28:00+08:00,82431.8,82467.6,82431.8,82444.3,1.71385559,141312.139462468,1,82438.758885354,82436.9503071375,82466.60836751861,82665.71428641882,54.3478260869576,-3.524195323814638,-8.3168481789136,4.792652855098963,52.71428571428363,2.586923425,0.6625072754134576,0.00012616168833456953,-0.0005103871668540316,0.0006809227535011786,-0.0005867185823714705,-0.0012925343121221733,0.0004076023077573272,0.00042841439697470973,0.0004945182497147825,0.0005333856668392128,82500.0,82350.0,82520.8,82228.6,82669.7,82228.6,35.80000000000291,0.0004342325667147748,12.5,0.0001516405076681572,23.30000000000291,0.0,8.915532215980626e-05,-0.00027051394449484345,-0.0026784294834938382,0.00012616168833456953,-0.0005103871668540316,0.0006809227535011786,0.6052939483425867,0.8242411842078936,0.6625072754134576,0.001145112325440234,0.002623174905081571,0.002623174905081571,-0.0006751515151515175,-0.0009270390010760465,-0.002726512857794239
2026-10-08 12:29:00+00:00,2026-10-08 20:29:00+08:00,82444.3,82481.0,82444.3,82481.0,1.29753003,106998.493801785,1,82452.83925690266,82441.14551598154,82467.17274526299,82663.87633332012,54.392386530015074,0.24314508061797824,-6.604849527007285,6.847994607625263,51.16428571428384,2.4583520660000002,0.527804803854323,0.000445149027889169,0.0002789298794538819,0.0008773345532693266,-0.00027029221861429864,-0.0008443296059269523,0.00044176528504708245,0.00043796344681511847,0.000501120095620399,0.0005367751465303151,82500.0,82350.0,82520.8,82228.6,82669.7,82228.6,36.69999999999709,0.0004449509584025059,36.69999999999709,0.0004451490278890971,0.0,0.0,0.0004834295274407374,0.00016766980456250913,-0.0022122883831713347,0.000445149027889169,0.0002789298794538819,0.0008773345532693266,0.6143837037979194,0.8815557166993395,0.527804803854323,0.0015907710989677692,0.0030694916367297598,0.0030694916367297598,-0.00023030303030302512,-0.00048230264369708564,-0.0022825775344533783
2026-10-08 12:30:00+00:00,2026-10-08 20:30:00+08:00,82481.0,82481.0,82373.9,82373.9,3.48654657,287370.267846814,1,82426.52617126844,82434.74118112616,82463.5149905468,82660.99099667017,41.597139451727095,-5.351595572094084,-6.354198736024645,1.0026031639305613,54.22142857142795,2.451571918,1.4221677709721587,-0.0012984808622592547,-0.0009581227585688801,-0.0008623931105585791,-0.0015902047267382091,-0.0024051591026068575,0.0007574881445633399,0.0005463802539532416,0.0005535626236929371,0.0005604416252287373,82500.0,82350.0,82520.8,82228.6,82669.7,82228.6,107.10000000000582,0.0013001691069623488,-107.10000000000582,-0.0012984808622592576,0.0,0.0,-0.0007380526735988324,-0.0010867229047546445,-0.0034731134143036746,-0.0012984808622592547,-0.0009581227585688801,-0.0008623931105585791,1.7183143899130906,1.3683874455070162,1.4221677709721587,0.0002902246508802442,0.0017670250983232716,0.0017670250983232716,-0.00152848484848489,-0.0017801572452037506,-0.003578094513467467
2026-10-08 12:31:00+00:00,2026-10-08 20:31:00+08:00,82373.9,82435.7,82369.6,82435.7,2.55873352,210857.9406714,1,82429.58411417897,82434.83249720938,82462.42420660378,82658.74929521077,50.92957746478824,-4.744038014279795,-6.032166591675676,1.2881285773958808,56.03571428571325,2.4398310695,1.0487338865327127,0.0007502376359502794,0.0004320383106330983,-0.0002765027256135255,-0.00028013990016839685,-0.0014209053577701747,0.0008052482992143892,0.0005830862262582808,0.0005637274821509045,0.0005689915970825725,82500.0,82350.0,82500.0,82228.6,82669.7,82228.6,66.09999999999127,0.0008018370681633233,61.80000000000291,0.0007502376359502575,0.0,4.2999999999883585,1.0523497947723115e-05,-0.0003240773826492793,-0.0026984353999135458,0.0007502376359502794,0.0004320383106330983,-0.0002765027256135255,1.0574443677530487,1.4284354137604949,1.0487338865327127,0.0010406800242865888,0.0025185884230058964,0.0025185884230058964,-0.0007793939393939686,-0.0007793939393939686,-0.0028305412986862066
2026-10-08 12:32:00+00:00,2026-10-08 20:32:00+08:00,82433.1,82433.1,82398.3,82398.3,1.50198936,123793.588325934,1,82419.15607611931,82431.35321176087,82459.90953183502,82656.15775993504,52.436194895591505,-7.197444052857463,-6.265222083912033,-0.9322219689454299,53.29285714285548,2.381169428,0.630778029626206,-0.00045368693418013084,-0.0004318611639142489,-0.00033363340119230145,0.0003872938479769772,-0.0017796310385097547,0.0008111301840293252,0.0005859130554066558,0.0005305649853950366,0.0005716342648340262,82500.0,82350.0,82500.0,82228.6,82669.7,82228.6,34.80000000000291,0.0004223388103881137,-34.80000000000291,-0.0004221605156181547,0.0,0.0,-0.0004009786382610514,-0.000747145275623029,-0.0031196436771711022,-0.00045368693418013084,-0.0004318611639142489,-0.00033363340119230145,0.582108409556717,1.5288045882360508,0.630778029626206,0.0005865209471767052,0.0020637588381657856,0.0020637588381657856,-0.0012327272727272742,-0.0012327272727272742,-0.00328294405326246
2026-10-08 12:33:00+00:00,2026-10-08 20:33:00+08:00,82398.4,82416.4,82359.6,82396.0,1.62813031,134129.530083947,1,82411.43738407955,82427.98623921222,82457.40327568461,82653.56912550783,44.83448122639387,-9.22108190014842,-6.856394047159311,-2.3646878529891087,52.09999999999751,2.2761240250000006,0.7153082574223958,-2.7913197238382814e-05,-0.0005858500830258073,0.0002780033773159829,0.00017601039068226854,-0.0012823962628694119,0.0008039440599378313,0.0005606243521550973,0.0005296280537890358,0.000567910069339595,82500.0,82359.6,82500.0,82228.6,82669.7,82228.6,56.79999999998836,0.0006893538521286028,-2.3999999999941792,-2.9126779160689763e-05,18.0,36.39999999999418,-0.0003880507176213799,-0.0007446666187064244,-0.0031162492827951915,-2.7913197238382814e-05,-0.0005858500830258073,0.0002780033773159829,0.9523705399057669,1.5179408533711518,0.7153082574223958,0.0004419642640323129,0.002035788034819852,0.002035788034819852,-0.0012606060606060732,-0.0012606060606060732,-0.003310765613035893
2026-10-08 12:34:00+00:00,2026-10-08 20:34:00+08:00,82395.9,82396.0,82350.0,82350.1,1.55848459,128376.073107508,1,82390.99158938637,82420.5685021444,82453.19530408915,82650.5495322192,40.94967532467514,-14.363008055152022,-8.357716848757853,-6.005291206394169,52.0214285714267,2.3276258860000003,0.6695597429869792,-0.0005570658769842307,-0.0015870321649833485,-0.0011207811504987397,6.072006713209177e-05,-0.0005983053274658534,0.0007520282987250514,0.0005293117374557746,0.0005333920342089793,0.0005495732695450567,82500.0,82350.0,82500.0,82228.6,82669.7,82228.6,46.0,0.0005585906999505769,-45.79999999998836,-0.0005558529004475752,0.10000000000582077,0.10000000000582077,-0.0008549868488537671,-0.0012503494098552448,-0.003635178881685186,-0.0005570658769842307,-0.0015870321649833485,-0.0011207811504987397,0.7737508847278648,1.4098978809091323,0.6695597429869792,1.2143290832877796e-06,0.0014775880897888172,0.0014775880897888172,-0.0018169696969696503,-0.0018169696969696503,-0.0038659871754704866
2026-10-08 12:35:00+00:00,2026-10-08 20:35:00+08:00,82350.1,82390.0,82346.1,82362.7,2.98858326,246126.289593042,1,82381.56105959092,82415.05721622588,82449.64646863469,82647.68535776925,43.45358735305934,-17.222773469417007,-10.130728172889684,-7.092045296527322,51.47142857142587,2.281449524,1.3099493232531407,0.00015300527868200575,-0.00013596539680649222,-0.0009291684912414722,0.0003364304366308968,-0.0016291481761178117,0.000524293003711092,0.0005325460270564045,0.000533542057410241,0.0005272136761303402,82500.0,82346.1,82500.0,82228.6,82669.7,82228.6,43.89999999999418,0.0005330082670917075,12.599999999991269,0.0001530052786820085,27.30000000000291,4.0,-0.0006352870215028394,-0.0010545402237445156,-0.0034481952705099905,0.00015300527868200575,-0.00013596539680649222,-0.0009291684912414722,0.758263993636958,0.982664808573774,1.3099493232531407,0.00020158817478899138,0.0016308194472480775,0.0016308194472480775,-0.001664242424242457,-0.001664242424242457,-0.0037135734132336395
2026-10-08 12:36:00+00:00,2026-10-08 20:36:00+08:00,82362.7,82400.9,82333.8,82400.9,1.9497591,160559.664855554,1,82388.00737306062,82413.70890991866,82447.73484241372,82645.22978207006,43.014705882351514,-16.21976604789961,-11.34853574789167,-4.871230300007941,51.39285714285403,2.2771053705,0.8562445661317278,0.00046380218229846726,-0.0004221472007880367,-0.00032028223658919774,0.0013452391657815532,-0.0004112340904570688,0.00042422385745287226,0.0005487002877731574,0.000529073707433646,0.0005221414711637728,82500.0,82333.8,82500.0,82292.8,82669.7,82228.6,67.09999999999127,0.0008143114941704675,38.19999999999709,0.00046380218229850515,0.0,28.89999999999418,-0.00015542207829355448,-0.0005680549320516981,-0.002956368839609369,0.00046380218229846726,-0.0004221472007880367,-0.00032028223658919774,1.1962178690059064,0.8018237373968853,0.8562445661317278,0.0008149751377926062,0.0013136021620359095,0.002095378007165305,-0.0012012121212121585,-0.0012012121212121585,-0.003251493594388255
2026-10-08 12:37:00+00:00,2026-10-08 20:37:00+08:00,82399.3,82399.3,82362.2,82387.0,1.36031846,112075.227329899,1,82387.67158204042,82411.16520421211,82445.35308388769,82642.66033150221,39.78207236842092,-16.357925292599248,-12.350413656833187,-4.007511635766061,51.64285714285403,2.313498787,0.5879918622148818,-0.00016868747792797567,-0.0001371387516490019,-0.0009979471148657826,0.0003108252166670322,-0.001259532869686164,0.00037892413506273866,0.00052944644512919,0.0005070126583308463,0.0005146524176857086,82500.0,82333.8,82500.0,82333.8,82669.7,82228.6,37.10000000000582,0.00045031376309376264,-12.30000000000291,-0.00014927311275706115,0.0,24.80000000000291,-0.0002932273090937576,-0.0007077789311947802,-0.003093563668893129,-0.00016868747792797567,-0.0001371387516490019,-0.0009979471148657826,0.6848005959519142,0.7473662221969127,0.5879918622148818,0.000646150183764016,0.000646150183764016,0.001926337065206063,-0.0013696969696970207,-0.0013696969696970207,-0.003419632586062371
2026-10-08 12:38:00+00:00,2026-10-08 20:38:00+08:00,82387.1,82389.8,82358.8,82362.8,1.44584095,119109.903590756,1,82379.38105469361,82406.55899428714,82442.11570804896,82639.87565158676,40.12857735379476,-18.21023894251266,-13.522378713969083,-4.6878602285435775,51.52857142856789,2.0569339035,0.7029107486340773,-0.00029373566217971714,-0.0004029321811738207,-0.0014984288319043193,-0.0009182602788745386,-0.0009946048750194558,0.0003972250899140752,0.0005267394922334792,0.00047850792331073953,0.0005110810158039737,82490.5,82333.8,82500.0,82333.8,82669.7,82228.6,31.0,0.0003763835129451645,-24.30000000000291,-0.00029494908790335996,2.6999999999970896,4.0,-0.0005310134875329275,-0.000962077542136841,-0.003352808186146361,-0.00029373566217971714,-0.0004029321811738207,-0.0014984288319043193,0.6011195784085106,0.8301327325276495,0.7029107486340773,0.0003522247242322418,0.0003522247242322418,0.001632035569132828,-0.001548057048993523,-0.0016630303030302773,-0.003712363780199901
2026-10-08 12:39:00+00:00,2026-10-08 20:39:00+08:00,82368.0,82391.2,82343.3,82355.6,2.33029314,191955.697015991,1,82371.45403646241,82401.70575673599,82438.7229351843,82637.04703813813,39.95457361139825,-20.0283167144662,-14.823566314068508,-5.2047504003976925,52.06428571428218,2.1316611164999997,1.0931818017237829,-8.741810623236201e-05,6.678801847237459e-05,-0.0012418443328724438,-0.0005788603126331004,-0.0020055476720499676,0.00030000175606645943,0.0005223815989894654,0.0004727880927253546,0.0004959452540269603,82485.9,82333.8,82500.0,82333.8,82669.7,82228.6,47.89999999999418,0.0005816240789939504,-12.39999999999418,-0.00015054390054382988,23.19999999999709,12.30000000000291,-0.0005595243000441341,-0.0010082996463888216,-0.003405821580340751,-8.741810623236201e-05,6.678801847237459e-05,-0.0012418443328724438,0.9304541352745006,0.6345374612484842,1.0931818017237829,0.0002647758271816514,0.0002647758271816514,0.0015444747934416636,-0.0015796639183179861,-0.001750303030302991,-0.0037994573586209723
2026-10-08 12:40:00+00:00,2026-10-08 20:40:00+08:00,82355.6,82400.0,82352.3,82384.5,3.16108043,260434.187151949,1,82375.80269097495,82400.06711323732,82436.59654556922,82634.53413228602,48.30582102519473,-18.91908059034904,-15.642669169324614,-3.2764114210244255,51.69999999999709,2.1444486665,1.474076054783473,0.00035091724181479655,0.000264682920788184,-0.0008295645150139253,-3.6414484225755217e-06,-0.0026053363389939577,0.0003341411808048905,0.0005342949091999875,0.0004758339240176164,0.0004815496971369254,82481.0,82333.8,82500.0,82333.8,82669.7,82228.6,47.69999999999709,0.0005789924075523562,28.89999999999418,0.00035091724181469356,15.5,3.3000000000029104,-0.00018892112327928423,-0.0006319589569715456,-0.003025782560663437,0.00035091724181479655,0.000264682920788184,-0.0008295645150139253,0.916162958332706,0.7022222753342822,1.474076054783473,0.0006157859833992863,0.0006157859833992863,0.0018959340180908502,-0.001169966416508017,-0.0013999999999999568,-0.0034498734119029484
2026-10-08 12:41:00+00:00,2026-10-08 20:41:00+08:00,82384.5,82384.6,82352.0,82366.6,3.97835247,327664.929034519,1,82372.73512731664,82396.87976911948,82433.85158299789,82631.86812101949,42.429696287964816,-19.26233911883901,-16.366603159227495,-2.895735959611514,49.62857142856852,2.3107695085,1.7216569871490495,-0.0002172738804021579,-0.00041625758941943314,-0.0004065529046688443,-0.00011775231468269531,-0.0033830956535205736,0.00025401020824339745,0.000511894501222732,0.00047714113010449753,0.0004753944173689583,82481.0,82333.8,82500.0,82333.8,82667.7,82228.6,32.60000000000582,0.0003957914980101864,-17.89999999999418,-0.00021727388040218947,0.10000000000582077,14.60000000000582,-0.00036748684178722346,-0.0008158248305329963,-0.0032102399116885616,-0.0002172738804021579,-0.00041625758941943314,-0.0004065529046688443,0.6271184824518959,0.5323586507576223,1.7216569871490495,0.000398378308786862,0.000398378308786862,0.0016782482007475785,-0.0013869860937669731,-0.0016169696969696723,-0.0036422931810125014
2026-10-08 12:42:00+00:00,2026-10-08 20:42:00+08:00,82363.5,82391.8,82363.5,82384.7,0.93569848,77080.768175867,1,82376.7234182111,82395.7197911081,82431.92406993914,82629.40873673075,43.409995577176915,-17.86788538339897,-16.66685960406179,-1.2010257793371792,49.092857142854236,2.30145436,0.4065683405514068,0.00021974926729995126,-2.791702574433952e-05,-0.0005968418332749081,-0.0004683141781511857,-0.003188212205468499,0.00027946780608180475,0.000502553328771155,0.00046676534844159373,0.0004766248476863031,82481.0,82333.8,82500.0,82333.8,82667.7,82228.6,28.30000000000291,0.0003435103848166336,21.19999999999709,0.0002573955696394287,7.100000000005821,0.0,-0.0001337422761285012,-0.0005728856929152482,-0.0029615210912428136,0.00021974926729995126,-2.791702574433952e-05,-0.0005968418332749081,0.5543283852329424,0.598732975819379,0.4065683405514068,0.0006182151194285002,0.0006182151194285002,0.0018983662618601294,-0.001167541615644807,-0.0013975757575758196,-0.003423344304970377
2026-10-08 12:43:00+00:00,2026-10-08 20:43:00+08:00,82384.8,82418.8,82383.3,82390.0,3.04267028,250714.851318652,1,82381.14894547407,82395.17504909782,82430.27998876506,82627.02656024588,39.1872623574134,-16.148950002272613,-16.56327768370396,0.41432768143134524,49.00714285714015,2.3648254445,1.2866363084330386,6.433233355229717e-05,0.00033024617910015763,-0.0006586264908550188,2.1847788882478625e-05,-0.002966051956130089,0.00022836409568707428,0.0005013480250105455,0.00046044250601791006,0.00047665786086228924,82481.0,82333.8,82500.0,82333.8,82667.7,82228.6,35.5,0.000430877533681272,5.19999999999709,6.311843932372342e-05,28.80000000000291,1.5,-6.280767162314405e-05,-0.0004886552462342042,-0.002868632336334387,6.433233355229717e-05,0.00033024617910015763,-0.0006586264908550188,0.7116224460880322,0.4959665815001699,1.2866363084330386,0.0006825872242020026,0.0006825872242020026,0.0019628207217439186,-0.0011032843927692992,-0.0013333333333332975,-0.0033592322031458233
2026-10-08 12:44:00+00:00,2026-10-08 20:44:00+08:00,82390.0,82390.0,82350.1,82350.1,2.36160429,194528.14189079,1,82370.79929698272,82390.88218727898,82427.13567548017,82624.27107208424,46.63461538461653,-17.80107812244387,-16.81083777145194,-0.9902403509919289,44.207142857139324,2.4477677735,0.964799159285933,-0.00048428207306705495,-6.678355813083403e-05,-0.0015870321649833485,-0.0007110899698695716,-0.0032546992822473086,0.00033779520268260334,0.0004939818578796154,0.00046624441471613875,0.0004796103430986978,82481.0,82333.8,82500.0,82333.8,82667.7,82228.6,39.89999999999418,0.0004845167158266253,-39.89999999999418,-0.00048428207306704915,0.0,0.0,-0.000494984228792239,-0.0009345911980183086,-0.003318287332847336,-0.00048428207306705495,-6.678355813083403e-05,-0.0015870321649833485,0.803577795618909,0.7245024112262267,0.964799159285933,0.00019797458637893506,0.00019797458637893506,0.0014775880897888172,-0.0015870321649833485,-0.0018169696969696503,-0.003841887460277582
2026-10-08 12:45:00+00:00,2026-10-08 20:45:00+08:00,82350.0,82350.1,82311.2,82311.2,8.31412847,684596.742932276,1,82350.93286465516,82383.29340753813,82422.58917840252,82621.15593703862,31.176292712425536,-21.99575310977525,-17.847820839116604,-4.147932270658647,42.264285714283425,2.4112357414999996,3.448077816243668,-0.00047237343974093626,-0.0008897304711444898,-0.0007611634267650214,-0.001622900115228365,-0.0039184364978520625,0.0003158070229104017,0.0003856895080496396,0.00046469730419048825,0.0004814799700564471,82435.7,82311.2,82500.0,82311.2,82638.3,82228.6,38.90000000000873,0.0004725966818611408,-38.80000000000291,-0.0004711596842744737,0.10000000000582077,0.0,-0.0008750974203167727,-0.001351439933067633,-0.0037515323227240716,-0.00047237343974093626,-0.0008897304711444898,-0.0007611634267650214,0.7941588384032128,0.679597277760291,3.448077816243668,0.0,0.0,0.0010045166766792235,-0.0015102680028191706,-0.002288484848484873,-0.003958213080375583
2026-10-08 12:46:00+00:00,2026-10-08 20:46:00+08:00,82311.2,82324.0,82259.8,82264.8,5.33045476,438681.759921586,1,82322.2219097701,82372.00832110594,82416.40136748477,82617.61010681934,30.350309096258712,-28.73294003022602,-20.02484467733849,-8.70809535288753,44.17857142856935,2.6387137194999997,2.0200958977126358,-0.0005637142940450035,-0.0012359378680193434,-0.0020731309372030715,-0.0023490604364619916,-0.004322098620341497,0.00036131228948698465,0.00033691806341836937,0.000471866031415563,0.00048563304817176667,82433.1,82259.8,82500.0,82259.8,82638.3,82228.6,64.19999999999709,0.0007804066866995007,-46.39999999999418,-0.0005637142940449682,12.80000000000291,5.0,-0.0013015139886842775,-0.0018394562850274632,-0.004270398361356342,-0.0005637142940450035,-0.0012359378680193434,-0.0020731309372030715,1.311361995639772,0.7657094714003351,2.0200958977126358,6.078303132261986e-05,6.078303132261986e-05,0.00044023612222510167,-0.0020416555970842465,-0.002850909090909015,-0.004519696073128299
2026-10-08 12:47:00+00:00,2026-10-08 20:47:00+08:00,82268.3,82287.4,82249.0,82257.3,3.66431589,301458.828813401,1,82300.58127318008,82361.08371909586,82410.16209817164,82614.02493162712,29.892722528266603,-34.28221251741343,-22.876318245353477,-11.40589427205995,42.86428571428405,2.7304184975,1.3420345245079046,-9.116900545558249e-05,-0.0015464036404817527,-0.0017112003524344388,-0.0020442628400331175,-0.003185886607157906,0.00027799301128464903,0.0003254860716836197,0.00046804156228591085,0.00046121324376784806,82418.8,82249.0,82500.0,82249.0,82638.3,82228.6,38.39999999999418,0.00046682786816482156,-11.0,-0.00013370885262002497,19.09999999999127,8.30000000000291,-0.0012601062833245136,-0.0018548937931894827,-0.004317970609982402,-9.116900545558249e-05,-0.0015464036404817527,-0.0017112003524344388,0.7856234657740376,0.5939494132250427,1.3420345245079046,0.0001009130810101233,0.0001009130810101233,0.0003490269808801294,-0.001959504384921873,-0.0029418181818181566,-0.004610453022387939
2026-10-08 12:48:00+00:00,2026-10-08 20:48:00+08:00,82257.3,82277.8,82223.5,82233.5,9.20248173,756844.276945097,1,82278.22084878673,82348.93288870578,82403.23417275315,82610.23861389949,31.93928128872048,-40.137828141087084,-26.3286202245002,-13.809207916586885,43.4571428571414,3.1048498045,2.9639056023458608,-0.000289336022456399,-0.0018995023667920385,-0.0019721831156852554,-0.001694728011936042,-0.00362160799879796,0.00019026408760953813,0.00032753282763350937,0.0004575552291951551,0.0004614385402691023,82418.8,82223.5,82500.0,82223.5,82638.3,82223.5,54.30000000000291,0.0006603148351949377,-23.80000000000291,-0.00028933602245640095,20.5,10.0,-0.0014017533033704455,-0.002059799890830827,-0.004560434883383868,-0.000289336022456399,-0.0018995023667920385,-0.0019721831156852554,1.1276825258873089,0.41582758860436336,2.9639056023458608,0.00012161973158519856,0.00012161973158519856,0.00012161973158519856,-0.002248273452173599,-0.003230303030303028,-0.004898455074705099
2026-10-08 12:49:00+00:00,2026-10-08 20:49:00+08:00,82233.5,82257.9,82233.0,82241.5,7.12764584,586208.475295279,1,82265.98056585783,82338.70118501951,82396.89165617459,82606.56957296516,30.95537397862833,-43.62997339447611,-29.78889085849538,-13.841082535980728,42.099999999998545,3.396355595,2.098615895960093,9.728395361996434e-05,-0.0013187597829268372,-0.0013187597829268372,-0.0024380628923188485,-0.00420999355847973,0.0002712409513456194,0.00030991298401779045,0.00042622497756916717,0.0004513871286745977,82418.8,82223.5,82500.0,82223.5,82638.3,82223.5,24.89999999999418,0.0003027668512854724,8.0,9.72839536198751e-05,16.39999999999418,0.5,-0.0011805042297314827,-0.001885892210873763,-0.004419376992076951,9.728395361996434e-05,-0.0013187597829268372,-0.0013187597829268372,0.5349948074373283,0.6363797656640214,2.098615895960093,0.00021891551685349064,0.00021891551685349064,0.00021891551685349064,-0.002151208219483891,-0.0031333333333333213,-0.004801647662161512
2026-10-08 12:50:00+00:00,2026-10-08 20:50:00+08:00,82240.4,82332.1,81938.9,82332.1,206.57981507,16954748.44353849,1,82288.02037723856,82338.07250073194,82394.35080691283,82603.83853243815,40.717754991906006,-38.641426531539764,-31.55939799310426,-7.082028538435505,65.39285714285714,13.551019020000002,15.244596348444944,0.001101633603472818,0.00025391441261946035,-0.0003715274025740678,-0.0013003506822595323,-0.003520811396342305,0.000636373996265853,0.0004343843884742668,0.0004778718723071772,0.00047222183602974846,82418.8,81938.9,82500.0,81938.9,82638.3,81938.9,393.20000000001164,0.004775780042049354,91.70000000001164,0.0011150237596122057,0.0,301.5,-7.253631947579109e-05,-0.0007555227549362886,-0.003289659866489547,0.001101633603472818,0.00025391441261946035,-0.0003715274025740678,6.7638597286975575,1.3316833091544467,15.244596348444944,0.004798697566113397,0.004798697566113397,0.004798697566113397,-0.0010519444592738125,-0.0020351515151514343,-0.003705303715105468
2026-10-08 12:51:00+00:00,2026-10-08 20:51:00+08:00,82332.1,82422.6,82298.3,82383.3,24.79479172,2041806.327772812,1,82319.78025149237,82342.37988161462,82393.91744193586,82601.64411918007,49.5464574650653,-30.208332248250372,-31.28918484413348,1.0808525958831083,71.50714285714328,14.662821930000002,1.6909972608526385,0.0006218716636645638,0.0014404702861976482,-0.0002135899001102226,-0.0005338037276484409,-0.0028214737025576975,0.0005672143642874308,0.00044876076527681526,0.0004925230573650791,0.00048030881746730547,82422.6,81938.9,82500.0,81938.9,82620.3,81938.9,124.30000000000291,0.0015088009341699459,51.19999999999709,0.000621871663664562,39.30000000000291,33.80000000000291,0.0004969508829379965,-0.00012886196293970809,-0.0026433386587927377,0.0006218716636645638,0.0014404702861976482,-0.0002135899001102226,2.0513957572796215,1.1516503761710943,1.6909972608526385,0.00542355340381695,0.00542355340381695,0.00542355340381695,-0.0004768109717481206,-0.0014145454545454461,-0.002868544413418994
2026-10-08 12:52:00+00:00,2026-10-08 20:52:00+08:00,82383.4,82390.2,82190.9,82210.0,11.74616769,966202.809149023,1,82283.18683432825,82329.77227384181,82386.7049932325,82597.74716277032,36.283662477557726,-37.08145402347145,-32.44763868000108,-4.633815343470374,83.52857142857205,15.175030846499999,0.774045720817046,-0.002103581672499244,-0.0005750249521927486,-0.002148397198587171,-0.003144200326667068,-0.004701065276161875,0.0012301514254929435,0.0007026315195115049,0.0006125187454599199,0.0005485251695034343,82422.6,81938.9,82500.0,81938.9,82599.3,81938.9,199.3000000000029,0.0024242792847585805,-173.39999999999418,-0.002104792955862397,6.80000000000291,19.10000000000582,-0.0014547868958439958,-0.0021448241345132235,-0.004694403613771825,-0.002103581672499244,-0.0005750249521927486,-0.002148397198587171,3.0735977711021225,2.0083490254151553,0.774045720817046,0.0033085628437776737,0.0033085628437776737,0.0033085628437776737,-0.002579389633425855,-0.003515151515151471,-0.0047131150021852974
2026-10-08 12:53:00+00:00,2026-10-08 20:53:00+08:00,82210.1,82356.3,82192.7,82345.2,10.60208332,872264.704074469,1,82303.85788955218,82331.24158109496,82385.07734643908,82595.23425567808,49.24087591240811,-31.258612633420853,-32.209833470685034,0.9512208372641808,91.7928571428586,15.623728497000002,0.6785885534324131,0.0016445687872521653,0.0013583272024175752,-0.00021368870412374896,-0.0017117973387127394,-0.0028300207437976788,0.0014464232196429398,0.000838128403893231,0.0006891812727680928,0.0005914234630633081,82422.6,81938.9,82490.5,81938.9,82593.7,81938.9,163.60000000000582,0.00198675818384078,135.09999999999127,0.001643350391253523,11.10000000000582,17.40000000000873,0.0001695397595977699,-0.0004840360381213049,-0.0030272237609265673,0.0016445687872521653,0.0013583272024175752,-0.00021368870412374896,2.363095603846754,2.098755837971901,0.6785885534324131,0.004958572790213278,0.004958572790213278,0.004958572790213278,-0.0009390628298550086,-0.001761414950812501,-0.0030087040536990184
2026-10-08 12:54:00+00:00,2026-10-08 20:54:00+08:00,82345.2,82353.6,82301.5,82304.3,2.00956223,165439.925279042,1,82304.00525970146,82328.67571622878,82381.90960736304,82592.33938746239,44.246771879483596,-29.603011970189982,-31.688469170586025,2.0854572003960428,92.10714285714494,15.646282378999999,0.12843704218819277,-0.0004966895459601606,0.0007636047494270493,-0.0006229084603840418,-0.0018639792379150366,-0.0034785619845117965,0.00148818510083103,0.0008473035863674945,0.0006919289199515046,0.0005936370662449353,82422.6,81938.9,82485.9,81938.9,82591.6,81938.9,52.10000000000582,0.0006330167439612003,-40.89999999999418,-0.0004966895459601067,8.400000000008731,2.8000000000029104,-0.00029607807992437785,-0.0009420709926842852,-0.0034874830958729897,-0.0004966895459601606,0.0007636047494270493,-0.0006229084603840418,0.745896182562319,2.1507774251368668,0.12843704218819277,0.004459420372985301,0.004459420372985301,0.004459420372985301,-0.0014352859531245876,-0.0022015883926828073,-0.0034785619845117965
2026-10-08 12:55:00+00:00,2026-10-08 20:55:00+08:00,82309.7,82373.8,82286.8,82313.4,4.0685108,334990.340005114,1,82307.13683980098,82327.22088611175,82379.2229560939,82589.56387116923,46.13484452194035,-27.24260675572441,-30.799296687613705,3.556689931889295,95.99285714285881,15.700278756,0.25913621428187594,0.00011056530460740177,-0.00022712890840892452,-0.0008630264188045356,-0.0016918749977259395,-0.0027767480064840866,0.0013933181988699502,0.0008416120004019781,0.0006926455130183826,0.0005898202463476083,82422.6,81938.9,82481.0,81938.9,82556.2,81938.9,87.0,0.0010569360517242636,3.6999999999970896,4.4952174531034494e-05,60.40000000000873,22.89999999999418,-0.0001678774767689406,-0.0007990237554071911,-0.0033438107458712008,0.00011056530460740177,-0.00022712890840892452,-0.0008630264188045356,1.2182792769155981,2.011589150124144,0.25913621428187594,0.00457047873476446,0.00457047873476446,0.00457047873476446,-0.0013248793413458415,-0.0020319831233860386,-0.0029410268398981643
2026-10-08 12:56:00+00:00,2026-10-08 20:56:00+08:00,82313.3,82337.6,82261.6,82273.8,4.43901528,365333.016162086,1,82296.02455986734,82322.13318267255,82375.0887225216,82586.42194210287,42.18683950965218,-28.241803732933477,-30.287798096677662,2.0459943637441853,99.40000000000146,15.824741565,0.2805110757586011,-0.0004810881338881412,-0.0013291528744296954,-0.0011266702765441172,-0.0015327651301394463,-0.0030221804292610566,0.001347985408376562,0.0008479283017827688,0.0006886121586634925,0.0005920069762593379,82422.6,81938.9,82481.0,81938.9,82523.2,81938.9,76.0,0.0009237448616692069,-39.5,-0.0004798738478471887,24.30000000000291,12.19999999999709,-0.0005871225732853036,-0.001229603804892787,-0.0037853915298816654,-0.0004810881338881412,-0.0013291528744296954,-0.0011266702765441172,1.0504940757315584,1.9575393658352302,0.2805110757586011,0.0040871917977909344,0.0040871917977909344,0.0040871917977909344,-0.001805330091504076,-0.002512093694305273,-0.0030221804292610566
2026-10-08 12:57:00+00:00,2026-10-08 20:57:00+08:00,82273.9,82312.4,82263.9,82299.1,1.83928302,151345.79550363,1,82297.04970657823,82319.93954622754,82372.1087726188,82583.56301730583,43.771412909415076,-26.684572832091362,-29.567153043760403,2.8825802116690404,100.32857142857289,15.848689793,0.11605268599631301,0.00030750980263460903,0.0010838097555043724,-0.0010390278777490103,-0.0016352495757204766,-0.002450870471131905,0.0008738067318065015,0.0008504051305900951,0.0006864931629490732,0.0005930977292716202,82422.6,81938.9,82481.0,81938.9,82520.8,81938.9,48.5,0.0005893138564091223,25.20000000001164,0.00030629397658323774,13.299999999988358,10.0,-0.0002531530798298709,-0.000886328803604175,-0.0034445476425642996,0.00030750980263460903,0.0010838097555043724,-0.0010390278777490103,0.6742118329725139,1.2728556946623575,0.11605268599631301,0.004395958451968607,0.004395958451968607,0.004395958451968607,-0.001498375445569522,-0.0022053563851067715,-0.0026865953795891517
2026-10-08 12:58:00+00:00,2026-10-08 20:58:00+08:00,82301.3,82345.0,82296.1,82319.4,7.88573669,649115.627264026,1,82304.49980438549,82319.88816087254,82370.04176192786,82580.93452957144,47.838332629206256,-23.541049216524698,-28.36193227831326,4.820883061788564,100.97142857143002,16.17068458,0.48765632963697325,0.0002466612636102816,-0.0003133151659113764,-0.000856900109236669,-0.0015149622229797544,-0.0021007919488633675,0.00039565643861550723,0.0008537430090440855,0.0006879365941040287,0.0005941898614103295,82422.6,81938.9,82481.0,81938.9,82520.8,81938.9,48.89999999999418,0.0005940276532627083,18.09999999999127,0.00021992362210549856,25.60000000000582,5.19999999999709,-5.930047810354111e-06,-0.0006148080156889169,-0.003167008596612564,0.0002466612636102816,-0.0003133151659113764,-0.000856900109236669,0.6754883847051942,0.5751350371625625,0.48765632963697325,0.004643704028245432,0.004643704028245432,0.004643704028245432,-0.0012520837731400114,-0.001959239097489185,-0.00244059679498998
2026-10-08 12:59:00+00:00,2026-10-08 20:59:00+08:00,82329.8,82335.9,82305.2,82321.7,3.90375175,321372.72497448,1,82310.23320292367,82320.0607169799,82368.14600655815,82578.35508151601,50.77951002227176,-20.62642474033055,-26.81483077071672,6.188406030386172,100.38571428571491,16.249357510499998,0.2402403755026915,2.7939950971500593e-05,0.0002114105824360113,-0.0003448690408391908,-0.0019313538875620484,-0.0022011240762491724,0.00031261048664376836,0.0008456290057435711,0.000681764692847765,0.0005938629752498893,82422.6,81938.9,82481.0,81938.9,82520.8,81938.9,30.69999999999709,0.0003729271868777867,-8.10000000000582,-9.838478898291773e-05,6.099999999991269,16.5,1.9913530260096124e-05,-0.0005638831127078303,-0.00310801881755407,2.7939950971500593e-05,0.0002114105824360113,-0.0003448690408391908,0.4252286541401056,0.4585313524201126,0.2402403755026915,0.004671773724079786,0.004671773724079786,0.004671773724079786,-0.0012241788053277691,-0.0019313538875620484,-0.0024127250341732243
2026-10-08 13:00:00+00:00,2026-10-08 21:00:00+08:00,82323.3,82336.2,82246.1,82273.2,4.07042294,335011.814588258,1,82297.88880194911,82315.59779155324,82364.42263375195,82575.3187125457,50.62166962699782,-21.976773942864384,-25.847219405146255,3.8704454622818716,102.2357142857145,16.294824635999998,0.2497985115474796,-0.0005891520704747188,-0.0004883773480380826,-0.00046166256839896835,-0.0012224745945014215,-0.0028107353363611143,0.0004144504290582467,0.0008505880098992008,0.0006489956009133544,0.0005980683533105349,82422.6,81938.9,82435.7,81938.9,82520.8,81938.9,90.09999999999127,0.0010951318290766772,-50.10000000000582,-0.0006085761868147392,12.89999999999418,27.09999999999127,-0.000515063884497402,-0.0011075489979160968,-0.003658704771063781,-0.0005891520704747188,-0.0004883773480380826,-0.00046166256839896835,1.258527280058745,0.6386028325538354,0.2497985115474796,0.004079869268442726,0.004079869268442726,0.004079869268442726,-0.0018126096483247478,-0.0019712333370129898,-0.003000455642698685
2026-10-08 13:01:00+00:00,2026-10-08 21:01:00+08:00,82273.3,82290.7,82223.1,82223.8,5.36990493,441613.709954535,1,82273.19253463275,82306.85514473866,82358.90802066363,82571.8210139134,47.66550522648074,-26.725033016715315,-26.02278212746007,-0.7022508892552466,104.32142857142857,16.364402259,0.32814549807627047,-0.000600438538916559,-0.0006077268826770732,-0.0004983905631570362,-0.002570488271464888,-0.002849908075305496,0.00044441112967656373,0.0008522837368929744,0.0006390167442182576,0.0005986619330879972,82422.6,81938.9,82433.1,81938.9,82500.0,81938.9,67.59999999999127,0.0008221463858395169,-49.5,-0.0006016532702590026,17.39999999999418,0.6999999999970896,-0.0010090914613685165,-0.001640478533660561,-0.004214767333940217,-0.000600438538916559,-0.0006077268826770732,-0.0004983905631570362,0.944077487887442,0.695460852469891,0.32814549807627047,0.003476981018783576,0.003476981018783576,0.003476981018783576,-0.002411959826552512,-0.0025390286183584188,-0.0033478787878787886
2026-10-08 13:02:00+00:00,2026-10-08 21:02:00+08:00,82223.7,82240.7,82120.8,82217.0,13.30787864,1093782.630900578,1,82254.46168975518,82298.2975119064,82353.34300024544,82568.29045656102,48.82226980728047,-30.68307037636987,-26.954839777242032,-3.728230599127837,109.00714285714223,16.983011267000002,0.7835994707168794,-8.270111573538408e-05,-0.0009975807754885047,-0.0004899261220584483,-0.0022002881127402008,-0.0018138464228131257,0.0003798062744889268,0.0008522451843144463,0.0006352261749645841,0.0005818871930174463,82422.6,81938.9,82422.6,81938.9,82500.0,81938.9,119.89999999999418,0.001458335867277986,-6.69999999999709,-8.148502195835374e-05,17.0,96.19999999999709,-0.0009878395345255253,-0.0016555854963293815,-0.00425454438524242,-8.270111573538408e-05,-0.0009975807754885047,-0.0004899261220584483,1.6107453426121778,0.5979071541094827,0.7835994707168794,0.0033939923528385485,0.0033939923528385485,0.0033939923528385485,-0.002494461470519127,-0.002494461470519127,-0.0034303030303030058
2026-10-08 13:03:00+00:00,2026-10-08 21:03:00+08:00,82217.0,82282.8,82200.8,82282.7,4.43726065,364920.660061749,1,82263.87445983679,82296.81203458198,82350.57268651032,82565.44876047585,52.71696122395138,-28.193406537058763,-27.202553129205377,-0.9908534078533862,113.08571428571408,17.0527407855,0.260208063079984,0.0007991048080080443,-0.0004458244350663554,0.0005982963147621589,-0.0013750667508132253,-0.001199298386166836,0.0005731854496090255,0.0008748370409719694,0.0006549010359886498,0.0005910729774836195,82422.6,81938.9,82422.6,81938.9,82500.0,81938.9,82.0,0.0009965642838652598,65.69999999999709,0.0007991048080080408,0.10000000000582077,16.19999999999709,-0.00017147729338595763,-0.0008241920401537151,-0.003424540951701305,0.0007991048080080443,-0.0004458244350663554,0.0005982963147621589,1.0884039370841812,0.8752245272352256,0.260208063079984,0.0041958093164540244,0.0041958093164540244,0.0041958093164540244,-0.0016973499986655538,-0.0016973499986655538,-0.0026339393939394107
2026-10-08 13:04:00+00:00,2026-10-08 21:04:00+08:00,82280.8,82318.8,82228.6,82318.8,8.09025047,665415.395658336,1,82282.18297322452,82298.90612652655,82349.32669880404,82562.99454395371,49.05499502628937,-23.041750748001505,-26.370392652964604,3.3286419049630993,91.4428571428559,17.3391730945,0.4665880215802352,0.00043873134936034397,-3.522764957475388e-05,0.0009399147632278559,-0.0003800845414881904,-0.00031938755311489153,0.0006215469269427681,0.0008808490990053019,0.0006533206519793383,0.0005913489658478207,82422.6,81938.9,82422.6,81938.9,82500.0,81938.9,90.19999999999709,0.0010957399767731926,38.0,0.0004618331372568084,0.0,52.19999999999709,0.00024172707038006003,-0.00037069761257058076,-0.0029576754731650556,0.00043873134936034397,-3.522764957475388e-05,0.0009399147632278559,1.173766256065551,0.9513658033917852,0.4665880215802352,0.004636381498897446,0.004636381498897446,0.004636381498897446,-0.0012593633299604612,-0.0012593633299604612,-0.002196363636363552
2026-10-08 13:05:00+00:00,2026-10-08 21:05:00+08:00,82318.8,82360.6,82308.9,82357.8,7.05097052,580541.900050332,1,82307.38864881636,82304.51506685736,82349.65898512545,82560.95280719796,48.15618221258127,-15.631858027263661,-24.222685727824416,8.590827700560755,86.25714285714223,17.276015197,0.4081363925417482,0.00047376783918129384,0.0010282813844606498,0.0003121504249252727,-5.949295008533806e-05,0.0002769174713062039,0.0005503016876188775,0.0008420305354709273,0.0006587244989387283,0.0005943455463645859,82422.6,82120.8,82422.6,81938.9,82500.0,81938.9,51.70000000001164,0.0006277486771139059,39.0,0.0004737678391813292,2.8000000000029104,9.900000000008731,0.0006474120295751895,9.885912066764924e-05,-0.0024606402941154126,0.00047376783918129384,0.0010282813844606498,0.0003121504249252727,0.6701827230193164,0.8354049204264744,0.4081363925417482,0.0028859923429873646,0.005112345906523208,0.005112345906523208,-0.0007861921366227875,-0.0007861921366227875,-0.0017236363636363716
2026-10-08 13:06:00+00:00,2026-10-08 21:06:00+08:00,82357.8,82360.6,82307.2,82360.6,3.36031469,276708.056621653,1,82325.12576587757,82309.85648906142,82350.0880445323,82558.95924692733,64.452975047986,-9.424883866828168,-21.263125355625167,11.838241488797,75.83571428571408,17.1775081935,0.19562294205579533,3.399799411840654e-05,0.0016637518577347077,-0.0002755412808177482,-0.0004890723280933651,0.000855508918437442,0.0003572314133419684,0.0008255933208994286,0.0006528975802073059,0.0005899660314929346,82390.2,82120.8,82422.6,81938.9,82500.0,81938.9,53.40000000000873,0.0006483682731792717,2.8000000000029104,3.3997994118382354e-05,0.0,50.60000000000582,0.0006164937360244593,0.0001276495959787738,-0.002402637445247491,3.399799411840654e-05,0.0016637518577347077,-0.0002755412808177482,0.6963080891662906,0.5471477061203711,0.19562294205579533,0.0029200884550564243,0.0051465177101475135,0.0051465177101475135,-0.00035926602921210193,-0.0007522208714599854,-0.0016896969696968966
2026-10-08 13:07:00+00:00,2026-10-08 21:07:00+08:00,82360.5,82439.2,82360.5,82439.2,7.71124686,635398.454240057,1,82363.15051058505,82322.17491867462,82353.58263102124,82557.76761262956,60.12058570198182,1.8156216305796988,-16.647375958384195,18.462997588963894,69.77142857142773,17.379854742,0.4436887980061807,0.0009543398178253337,0.0027026040843134425,0.002787981997323996,0.0006335951060238987,0.0009446172600271474,0.0003568938407203393,0.0006276481039730913,0.0006756456304793559,0.0005922518469062257,82439.2,82120.8,82439.2,81938.9,82500.0,81938.9,78.69999999999709,0.0009546429368552471,78.69999999999709,0.0009555551508307634,0.0,0.0,0.0014215499218890315,0.0010396313826728232,-0.0014361775524974751,0.0009543398178253337,0.0027026040843134425,0.002787981997323996,1.007047256351491,0.5282263728504111,0.4436887980061807,0.0038772150295660612,0.006105769054747023,0.006105769054747023,0.0,0.0,-0.0007369696969696804
2026-10-08 13:08:00+00:00,2026-10-08 21:08:00+08:00,82439.2,82488.4,82429.3,82437.4,18.90418572,1558947.929114679,1,82387.90034039004,82333.1487359437,82356.86958666747,82556.56992494171,65.64777803903121,10.458004893444013,-11.226299788018554,21.684304681462567,70.2714285714267,17.8649399415,1.058172363405815,-2.183427301583052e-05,0.0018801035940725352,0.0011196766781791379,0.0009057487117969387,-1.3343280142241731e-05,0.00039471762038055844,0.0004814557619290424,0.0006730922916198929,0.0005798058927665225,82488.4,82120.8,82488.4,81938.9,82500.0,81938.9,59.09999999999127,0.0007169076171736527,-1.8000000000029104,-2.1834273015785094e-05,49.19999999999709,8.099999999991269,0.0012662125238358524,0.0009778226605345886,-0.0014434941404428692,-2.183427301583052e-05,0.0018801035940725352,0.0011196766781791379,0.7473134034759155,0.5864242174436645,1.058172363405815,0.0038552961003788244,0.006083801466702621,0.006083801466702621,-0.0006182687505151829,-0.0006182687505151829,-0.0007587878787879143
2026-10-08 13:09:00+00:00,2026-10-08 21:09:00+08:00,82437.4,82455.6,82385.9,82414.7,6.02816954,496842.392893586,1,82396.83356026004,82340.91552299669,82359.13744601385,82555.15828389752,61.540214171793984,15.299097137627541,-5.921220402889335,21.220317540516877,69.03571428571324,17.809966126499997,0.33847170158456963,-0.00027536045532727815,0.0011649829686535274,0.0013413636954568986,0.0007176196882785479,0.00013834397408829524,0.00048509610933461744,0.00046583100240177685,0.0006750983001205122,0.0005782419130014101,82488.4,82120.8,82488.4,81938.9,82500.0,81938.9,69.70000000001164,0.0008457229110827516,-22.69999999999709,-0.0002753604553272797,18.20000000001164,28.80000000000291,0.0008960852151651544,0.0006746373955479612,-0.0017013871309470296,-0.00027536045532727815,0.0011649829686535274,0.0013413636954568986,0.8735755567628629,0.7185562595077231,0.33847170158456963,0.0035788740489619553,0.005806765773033407,0.005806765773033407,-0.0008934589590778863,-0.0008934589590778863,-0.0010339393939394759
2026-10-08 13:10:00+00:00,2026-10-08 21:10:00+08:00,82414.7,82471.8,82398.7,82471.7,4.49984788,370924.245872027,1,82421.78904017337,82353.37118747318,82363.55166381723,82554.32785321197,71.68529476221775,23.464635538199218,-0.044049214671624703,23.508684752870842,68.82857142857081,7.705967767,0.5839432523024723,0.0006916241884031837,0.001382989832171333,0.0019231376665282962,0.001058451529110327,0.0010548062263913138,0.0005206139211561999,0.0004911804909561505,0.0006835975100944913,0.0005842115685306997,82488.4,82120.8,82488.4,81938.9,82500.0,81938.9,73.10000000000582,0.0008863646559972187,57.0,0.0006916241884032824,0.10000000000582077,16.0,0.0014368423638353445,0.0013130606196318784,-0.0010008906299727727,0.0006916241884031837,0.001382989832171333,0.0019231376665282962,0.9059677670395846,0.7615796041800054,0.5839432523024723,0.00427297347322475,0.00650240606110164,0.00650240606110164,-0.00020245270850205443,-0.00020245270850205443,-0.0003430303030302895
2026-10-08 13:11:00+00:00,2026-10-08 21:11:00+08:00,82471.8,82507.4,82471.8,82507.4,5.22680885,431161.074265651,1,82450.32602678225,82368.04059819003,82369.19277504008,82553.86090939892,72.31626312406216,32.44259712794155,6.453280053851012,25.989317074090543,67.91428571428489,6.7275686235,0.7769238996302897,0.0004328757622311663,0.0017824056648445552,0.002839299995867295,0.0017094307644116569,0.0015914771602996147,0.0005044646264705411,0.00046625483428585913,0.0006856106694148329,0.000586425768918738,82507.4,82120.8,82507.4,81938.9,82507.4,81938.9,35.59999999999127,0.0004314764493850403,35.59999999999127,0.0004316627016748909,0.0,0.0,0.0016919110955886385,0.0016778994707082884,-0.0005627951120289465,0.0004328757622311663,0.0017824056648445552,0.002839299995867295,0.4404835716929543,0.7357887631782342,0.7769238996302897,0.004707698902105095,0.006938096557312923,0.006938096557312923,0.0,0.0,0.0
2026-10-08 13:12:00+00:00,2026-10-08 21:12:00+08:00,82507.6,82530.3,82492.0,82497.1,4.57248092,377290.066612529,1,82465.91735118817,82380.33196979098,82374.20874464636,82553.29612423078,69.45478432231425,38.285243990249,12.819672841130611,25.46557114911839,67.15714285714265,6.368884285,0.7179406494743686,-0.00012483728732193278,0.0007023357820066245,0.0024058586302888596,0.0013643309983528695,0.0008953778846516602,0.0004058687188370295,0.00047174575264447764,0.0006856793336150484,0.000582352139028526,82530.3,82120.8,82530.3,81938.9,82530.3,81938.9,38.30000000000291,0.0004642587436407208,-10.5,-0.00012726100383479824,22.69999999999709,5.100000000005821,0.001417426070240202,0.001491865684981608,-0.0006807253843166272,-0.00012483728732193278,0.0007023357820066245,0.0024058586302888596,0.472010723992719,0.5919220529765753,0.7179406494743686,0.004582273918422697,0.006812393136837569,0.006812393136837569,-0.0004022764972378967,-0.0004022764972378967,-0.0004022764972378967
2026-10-08 13:13:00+00:00,2026-10-08 21:13:00+08:00,82492.1,82530.2,82478.0,82500.2,4.88508162,403046.978260853,1,82477.34490079212,82391.74797266802,82379.14957818964,82552.76780458669,69.50819672131271,42.673810688749654,18.79050041065442,23.883310278095234,68.69285714285694,6.0830342,0.8030666044915545,3.7577078466854985e-05,0.0007617901583505393,0.0021963231024522134,0.001337540963709083,0.0013594179749041313,0.00040076589163023533,0.00047210101205778007,0.0006856716296505303,0.0005794709877804541,82530.3,82120.8,82530.3,81938.9,82530.3,81938.9,52.19999999999709,0.0006327257388466584,8.099999999991269,9.81912207349706e-05,30.0,14.10000000000582,0.0013162972020930308,0.0014694303404463316,-0.000636778220581613,3.7577078466854985e-05,0.0007617901583505393,0.0021963231024522134,0.6389200950688394,0.5844866176459652,0.8030666044915545,0.004620023185356148,0.0068502262051357565,0.0068502262051357565,-0.0003647145351465264,-0.0003647145351465264,-0.0003647145351465264
2026-10-08 13:14:00+00:00,2026-10-08 21:14:00+08:00,82500.2,82504.7,82465.6,82482.8,1.64685473,135827.925644806,1,82479.16326719474,82400.4195943187,82383.21430061357,82552.07160752614,74.57786116322971,44.23780100024305,23.87996052857215,20.357840471670904,65.0499999999998,6.064898824999999,0.27153869792708374,-0.00021090857961547638,0.000826308898776551,0.0019569566712058784,0.0016114127365964848,0.0008991769072925759,0.00038426540947839944,0.0004803371503614815,0.000680192646700743,0.0005794712451299277,82530.3,82120.8,82530.3,81938.9,82530.3,81938.9,39.09999999999127,0.00047403822372653776,-17.39999999999418,-0.00021090857961549402,4.5,17.19999999999709,0.0009997571139430672,0.0012088105596734788,-0.0008391262166681512,-0.00021090857961547638,0.000826308898776551,0.0019569566712058784,0.4788479272669882,0.5649361417567051,0.27153869792708374,0.004408140203212785,0.006637872854041271,0.006637872854041271,-0.0005755461933374395,-0.0005755461933374395,-0.0005755461933374395
2026-10-08 13:15:00+00:00,2026-10-08 21:15:00+08:00,82480.3,82508.3,82472.3,82474.3,2.22973676,183910.761132235,1,82477.54217812984,82407.4558234312,82386.78628882482,82551.29776068509,82.4902723735433,44.280952372486354,27.96015889735499,16.320793475131364,62.79285714285756,5.972960123,0.3733051475455163,-0.00010305178776670587,3.1525965876744166e-05,0.002444295347695302,0.0019815043396282928,0.00035538844077875886,0.0002545974766255998,0.0004432891326300191,0.0006736500116670094,0.0005769522293020088,82530.3,82120.8,82530.3,81938.9,82530.3,81938.9,36.0,0.0004364996126065938,-6.0,-7.274464326633147e-05,28.0,2.0,0.0008111423402274998,0.0010622299414422276,-0.000932726229311398,-0.00010305178776670587,3.1525965876744166e-05,0.002444295347695302,0.44146501653677694,0.37793731495019905,0.3733051475455163,0.004304634148717401,0.006534137021610098,0.006534137021610098,-0.0006785386700399743,-0.0006785386700399743,-0.0006785386700399743
2026-10-08 13:16:00+00:00,2026-10-08 21:16:00+08:00,82474.4,82529.0,82474.4,82511.8,2.73842397,225930.250448631,1,82488.96145208657,82417.3933640568,82391.68878730228,82550.90474814097,85.41566554541393,46.801587181253126,31.72844455413462,15.073142627118507,58.13571428571491,5.887930557500001,0.4650910779699697,0.00045468709646523386,5.332854992401437e-05,0.0035026354899676537,0.003002499246336221,0.0006463857576841647,0.00026375514543998336,0.00039455168798052334,0.0006664334229365639,0.0005795166655540467,82530.3,82120.8,82530.3,81938.9,82530.3,81938.9,54.60000000000582,0.0006617235353004761,37.40000000000873,0.0004534740477046057,17.19999999999709,0.0,0.001145469810312827,0.001457807388895782,-0.00047370465848040055,0.00045468709646523386,5.332854992401437e-05,0.0035026354899676537,0.6719394775445418,0.39577118488111834,0.4650910779699697,0.004761278506785205,0.006991795105865561,0.006991795105865561,-0.00022416009635251033,-0.00022416009635251033,-0.00022416009635251033
2026-10-08 13:17:00+00:00,2026-10-08 21:17:00+08:00,82511.7,82593.0,82511.1,82593.0,25.78004916,2128329.829080738,1,82523.64096805772,82434.1178055752,82399.58334466297,82551.32360636842,85.93930970581722,54.7205849695456,36.326872637216816,18.393712332328782,58.12857142857164,7.0849688645,3.6386961824453055,0.000984101667882653,0.0011624651048338652,0.004573263437002151,0.004081096753722813,0.002028491079249406,0.0004902737213286388,0.0004282507027766075,0.0006844603332345927,0.0005903713702404899,82593.0,82200.8,82593.0,81938.9,82593.0,81938.9,81.89999999999418,0.00099160945842861,81.30000000000291,0.0009853148098997223,0.0,0.5999999999912689,0.0019273839358544542,0.0023473013756392103,0.0005048543355925528,0.000984101667882653,0.0011624651048338652,0.004573263437002151,0.9893447934074866,0.7162923803220629,3.6386961824453055,0.00477124310225685,0.007982777410973307,0.007982777410973307,0.0,0.0,0.0
2026-10-08 13:18:00+00:00,2026-10-08 21:18:00+08:00,82592.9,82593.6,82558.1,82568.5,1.34203231,110828.911421469,1,82538.59397870515,82446.91610980613,82406.20752722521,82551.49451575779,79.71911449655077,58.3469156017527,40.73088123012399,17.616034371628707,54.22142857142899,6.757783645500001,0.19859060017312888,-0.0002966353080769979,0.0008278767809049015,0.0034733911259596795,0.004073765557832232,0.0023721336212914057,0.0005433944920221573,0.0004312668802547729,0.0006846180213674608,0.0005853833222133978,82593.6,82228.6,82593.6,81938.9,82593.6,81938.9,35.5,0.00042994604479916677,-24.39999999999418,-0.0002954249094049753,0.7000000000116415,10.39999999999418,0.0014746930016391602,0.0019694204798974546,0.00020599850241320716,-0.0002966353080769979,0.0008278767809049015,0.0034733911259596795,0.4322759709139151,0.7937192347592273,0.19859060017312888,0.004133598285754436,0.007683774129259691,0.007683774129259691,-0.0003038976385579817,-0.0003038976385579817,-0.0003038976385579817
2026-10-08 13:19:00+00:00,2026-10-08 21:19:00+08:00,82568.4,82601.3,82565.5,82595.7,4.31970661,356736.167588978,1,82557.62931913677,82461.0860041103,82413.63860458894,82551.9343713224,79.13299044820205,62.69293628963351,45.1232922420259,17.56964404760761,53.085714285714076,6.778581388500001,0.6372582052829621,0.0003294234484094716,0.0013687702163358573,0.003363751658187475,0.004306828061258594,0.0018582648512599498,0.0005019353132173858,0.0004284251404909687,0.0006854795884466819,0.0005771459974504779,82601.3,82307.2,82601.3,81938.9,82601.3,81938.9,35.80000000000291,0.0004334366074747585,27.30000000000291,0.00033063496446586,5.600000000005821,2.8999999999941792,0.0016324548027779606,0.002209117307446773,0.0005301587299062493,0.0003294234484094716,0.0013687702163358573,0.003363751658187475,0.43388535156042496,0.7322396197890981,0.6372582052829621,0.0035051611523657655,0.0080157287930398,0.0080157287930398,-6.779554316949099e-05,-6.779554316949099e-05,-6.779554316949099e-05
2026-10-08 13:20:00+00:00,2026-10-08 21:20:00+08:00,82595.4,82604.0,82584.0,82592.9,2.17202726,179411.304727078,1,82569.38621275785,82473.63971800456,82420.6684632325,82552.3419895182,78.4472201812407,65.16012701331056,49.130659196282835,16.029467817027722,50.69999999999917,6.6836616045,0.3249756478600906,-3.390006985837246e-05,0.0014380237237539006,0.0028546172918653134,0.003167658786791483,0.0018631890372673432,0.0004897639842926851,0.0004273342910526225,0.0006616862671587388,0.0005771362539797584,82604.0,82307.2,82604.0,82120.8,82604.0,81938.9,20.0,0.00024215156508610307,-2.5,-3.0268029454424826e-05,8.60000000000582,8.89999999999418,0.0014460412127221822,0.002089664400675373,0.0004913005434412643,-3.390006985837246e-05,0.0014380237237539006,0.0028546172918653134,0.2856083609360218,0.7401755312162017,0.3249756478600906,0.0034711422572994977,0.005748848038499288,0.007981556989415273,-0.0001343760592708021,-0.0001343760592708021,-0.0001343760592708021
2026-10-08 13:21:00+00:00,2026-10-08 21:21:00+08:00,82592.9,82601.3,82566.1,82591.2,6.71178837,554337.001836933,1,82576.6574751719,82484.83593533747,82427.3559744783,82552.72863638867,72.93301146650815,66.21493311288941,52.547513979604155,13.667419133285257,47.59285714285631,6.7507557765,0.9942276971956756,-2.0582883032305155e-05,0.0009622866062792834,0.002799882468073278,0.002523569704053985,0.001988418885490617,0.0004953018993161073,0.00042898797400796996,0.0006547626646612693,0.0005767129005668827,82604.0,82360.5,82604.0,82120.8,82604.0,81938.9,35.19999999999709,0.00042619552688418486,-1.6999999999970896,-2.058288303228352e-05,8.400000000008731,25.09999999999127,0.001289498408482137,0.0019877384587276836,0.00046602170814713517,-2.0582883032305155e-05,0.0009622866062792834,0.002799882468073278,0.5250278394352761,0.756460204664149,0.9942276971956756,0.0028011000418890486,0.005728146827600256,0.007960809822929127,-0.00015495617645633342,-0.00015495617645633342,-0.00015495617645633342
2026-10-08 13:22:00+00:00,2026-10-08 21:22:00+08:00,82591.2,82640.1,82565.3,82575.5,9.68739353,800247.478732659,1,82576.2716501146,82493.47060816246,82433.1655441066,82552.95521712113,69.99710396756764,65.03434036341787,55.0448792563669,9.989461107050971,48.714285714285715,6.569731521,1.4745493783169774,-0.00019009289125226925,-0.00021188236291214135,0.0016533396733593442,0.00444593115192804,0.0012877519270806381,0.00023730238366788313,0.00038185276650926667,0.0005119071539110061,0.000573986510853042,82640.1,82385.9,82640.1,82120.8,82640.1,81938.9,74.80000000000291,0.0009058376879341077,-15.69999999999709,-0.00019009289125230158,48.90000000000873,10.19999999999709,0.0009943743575435704,0.0017266649285383462,0.00027309480102299943,-0.00019009289125226925,-0.00021188236291214135,0.0016533396733593442,1.1901014716659806,0.46356528103754063,1.4745493783169774,0.0023013646752660932,0.005536965056355925,0.007769203638320787,-0.0007817028294980766,-0.0007817028294980766,-0.0007817028294980766
2026-10-08 13:23:00+00:00,2026-10-08 21:23:00+08:00,82574.4,82585.6,82504.1,82545.7,3.16240442,261031.606200577,1,82566.08110007641,82498.4448359565,82437.57866002398,82552.88302590599,68.5868331441562,60.991034472943284,56.23411029968218,4.756924173261105,49.557142857142026,6.5059887095,0.4860759157762261,-0.0003608818596315677,-0.0002761343611668021,0.001313724110658443,0.0024348717350859417,0.0007189063894168513,0.00025555073863183983,0.00039983808211304885,0.0004348851532017651,0.0005755556006793162,82640.1,82385.9,82640.1,82120.8,82640.1,81938.9,81.5,0.0009873318658633946,-28.69999999999709,-0.0003475653471293414,11.200000000011642,41.59999999999127,0.0005728006647576223,0.0013115540477226517,-8.701120594101219e-05,-0.0003608818596315677,-0.0002761343611668021,0.001313724110658443,1.3565436777286624,0.5876281053753909,0.4860759157762261,0.0019396522948709194,0.005174085006478091,0.007405518014032442,-0.0011423025867588477,-0.0011423025867588477,-0.0011423025867588477
2026-10-08 13:24:00+00:00,2026-10-08 21:24:00+08:00,82542.3,82542.3,82488.8,82527.5,2.85817836,235829.916445671,1,82553.22073338428,82501.21199443683,82441.10498708187,82552.63045848405,58.89668367347092,55.676295846817084,56.12254740910916,-0.4462515622920762,48.399999999998336,6.244385104000001,0.4577197454028133,-0.00022048392587370458,-0.0008257088444071359,0.0013686878675771563,0.002711887471249952,0.0008428533313928899,0.00014152838953510752,0.0003965170919401019,0.0004250421742374865,0.0005744769191709919,82640.1,82398.7,82640.1,82120.8,82640.1,81938.9,53.5,0.000648268758898549,-14.80000000000291,-0.0001793020063652565,0.0,38.69999999999709,0.0003186378106172505,0.0010479603946558225,-0.0003044174164346103,-0.00022048392587370458,-0.0008257088444071359,0.0013686878675771563,0.8900665184653664,0.3329749331087095,0.4577197454028133,0.0015631314571711297,0.004952460278029314,0.007183401290473901,-0.0013625346532737392,-0.0013625346532737392,-0.0013625346532737392
2026-10-08 13:25:00+00:00,2026-10-08 21:25:00+08:00,82527.4,82527.4,82484.7,82500.8,3.54640024,292557.311753637,1,82535.74715558953,82501.17275687141,82443.44596798062,82552.114732529,48.916611950099785,48.74792460586468,54.64762284846027,-5.899698242595591,48.90714285714161,6.06915659,0.5843316426937009,-0.0003235285207960903,-0.0011151079572213618,0.00035284831039028575,0.0022766645527947382,0.0005809377232335322,0.00013339717330887913,0.00037264242388113924,0.0004316681128367831,0.0005760552285047908,82640.1,82465.6,82640.1,82120.8,82640.1,81938.9,42.69999999999709,0.000517570738707953,-26.59999999999127,-0.0003223171940469622,0.0,16.10000000000582,-4.518200880654355e-06,0.000695677277265494,-0.0006216040945196122,-0.0003235285207960903,-0.0011151079572213618,0.00035284831039028575,0.7286048907155905,0.30902716541241854,0.5843316426937009,0.00042684464795006427,0.004627329495085375,0.006857548734483965,-0.001685622355248828,-0.001685622355248828,-0.001685622355248828
2026-10-08 13:26:00+00:00,2026-10-08 21:26:00+08:00,82500.9,82503.0,82451.7,82452.6,9.56878589,789219.784043438,1,82508.03143705969,82496.54678002652,82443.80494962844,82551.12453618542,43.50364963503594,38.91916737028805,51.50193175282583,-12.582764382537782,49.83571428571304,6.379580150000001,1.4999084054144218,-0.0005842367589162789,-0.001678144887106492,-0.0006641828490534518,0.002173231332453396,0.0006371351491079036,0.00015574727969172017,0.00038517454279252665,0.00043663970002199133,0.0005750260867372705,82640.1,82451.7,82640.1,82120.8,82640.1,81938.9,51.30000000000291,0.0006221756500098591,-48.29999999998836,-0.0005854481587472181,2.1000000000058208,0.9000000000087311,-0.0005327105405235066,0.00010667933602714896,-0.0011934972023577295,-0.0005842367589162789,-0.001678144887106492,-0.0006641828490534518,0.8884336328200274,0.35669518755137464,1.4999084054144218,1.0915481427398177e-05,0.004040389280182355,0.006269305543521009,-0.002268874311623481,-0.002268874311623481,-0.002268874311623481
2026-10-08 13:27:00+00:00,2026-10-08 21:27:00+08:00,82450.0,82450.0,82409.0,82441.4,4.09551679,337613.883397667,1,82485.8209580398,82491.29470573828,82443.7106378783,82550.03274975573,41.614375356531035,29.88160352622799,47.17786610750627,-17.296262581278278,49.22142857142795,6.1987936465,0.6606957778490391,-0.0001358356194954835,-0.0016239683683417772,-0.0006751752485846252,0.0017290590055054622,9.09819867798145e-05,0.00016970573256046596,0.00038534939008474944,0.00043591192275770833,0.000572914623248641,82640.1,82409.0,82640.1,82120.8,82640.1,81938.9,41.0,0.0004973229469659662,-8.60000000000582,-0.00010430563978175646,0.0,32.39999999999418,-0.0006048481347792345,-2.802685444935893e-05,-0.00131596252765942,-0.0001358356194954835,-0.0016239683683417772,-0.0006751752485846252,0.7132737774232938,0.38931197726104183,0.6606957778490391,0.00039316094115937616,0.003904004831906116,0.006132618329023121,-0.002404401737171269,-0.002404401737171269,-0.002404401737171269
2026-10-08 13:28:00+00:00,2026-10-08 21:28:00+08:00,82441.4,82449.7,82410.7,82442.9,1.27768714,105309.169754246,1,82471.51397202653,82486.68568614416,82443.6788481576,82548.96675224573,44.03943830295652,22.58001813813462,42.25829651363194,-19.67827837549732,49.214285714285715,5.317468717500001,0.2402810825750758,1.819474196218529e-05,-0.001245370746144281,-0.0006945437708030244,0.0015002538891197847,-1.6981161826912228e-05,0.00022525008330849926,0.00038508527564671586,0.00043448986118992594,0.0005726865181230942,82640.1,82409.0,82640.1,82120.8,82640.1,81938.9,39.0,0.0004730546839084991,1.5,1.8194741962169495e-05,6.80000000000291,30.69999999999709,-0.0005308212565452441,-9.447033034959418e-06,-0.001284894971054884,1.819474196218529e-05,-0.001245370746144281,-0.0006945437708030244,0.6824142794999488,0.5184242566480441,0.2402810825750758,0.00041136283658338435,0.003922270606228739,0.006150924652393419,-0.0023862507426782864,-0.0023862507426782864,-0.0023862507426782864
2026-10-08 13:29:00+00:00,2026-10-08 21:29:00+08:00,82442.8,82442.8,82360.0,82360.0,4.4773679,368926.020466843,1,82434.34264801769,82474.62038270186,82440.39732470043,82547.08648605424,36.03031043754518,9.988975248445058,35.80443226059457,-25.81545701214951,52.5642857142853,5.2399286355,0.8544711600967757,-0.0010055444434874383,-0.0020296264881403125,-0.0014887952397348858,0.00046524792369462276,-0.0014670045222535677,0.0004034083593894438,0.00045725175395789356,0.000475353855171651,0.000584079089242,82640.1,82360.0,82640.1,82120.8,82640.1,81938.9,82.80000000000291,0.0010053423992229592,-82.80000000000291,-0.001004332700975742,0.0,0.0,-0.0013897655081041016,-0.0009752175791168938,-0.002266421433127608,-0.0010055444434874383,-0.0020296264881403125,-0.0014887952397348858,1.407474877854864,0.8486485488663438,0.8544711600967757,0.0,0.0029127821453274194,0.005139195180799527,-0.0033893957049907497,-0.0033893957049907497,-0.0033893957049907497
2026-10-08 13:30:00+00:00,2026-10-08 21:30:00+08:00,82359.9,82459.2,82337.9,82454.6,13.74880749,1132541.092994755,1,82441.09509867846,82472.7136795874,82440.95429235924,82546.16622251141,43.86529386529414,7.556802326333127,30.15490627374228,-22.598103947409154,57.32142857142857,5.7023766160000005,2.4110661950006844,0.001148615832928579,-0.0005599945697496445,-0.00023886228800973353,0.0022048492097062056,0.0009796792430614154,0.0008105707911359963,0.0005593206546442345,0.0005041266713012776,0.0005790135448626238,82640.1,82337.9,82640.1,82120.8,82640.1,81938.9,121.30000000000291,0.0014711125880181688,94.70000000001164,0.001149831410674511,4.599999999991269,22.0,-0.00021963239451250338,0.0001655209811421976,-0.0011092728675561325,0.001148615832928579,-0.0005599945697496445,-0.00023886228800973353,2.0240378786209567,1.6078712698213513,2.4110661950006844,0.001417330293825847,0.004064743645946001,0.006293713974681259,-0.0022446729856329117,-0.0022446729856329117,-0.0022446729856329117
2026-10-08 13:31:00+00:00,2026-10-08 21:31:00+08:00,82454.6,82503.5,82349.4,82349.4,9.92364357,818025.468418764,1,82410.53006578564,82460.9695196267,82437.36392795299,82544.20834965061,25.15299877600978,-2.8268864568090066,23.558547727632025,-26.38543418444103,62.47857142857226,5.937218352,1.6714297810282048,-0.001275853621265699,-0.0012516282082070118,-0.001968203335765417,0.0015275382553467942,-0.0010468765352875664,0.0009571195322496344,0.0006294299730390126,0.0005484013329989212,0.0005943729504847935,82640.1,82337.9,82640.1,82120.8,82640.1,81938.9,154.10000000000582,0.0018712947513886663,-105.20000000001164,-0.0012758536212656617,48.89999999999418,0.0,-0.0013529979125476155,-0.0010670395529613907,-0.0023600486762853645,-0.001275853621265699,-0.0012516282082070118,-0.001968203335765417,2.4564369706756604,1.7452903095906902,1.6714297810282048,0.00013966836657242077,0.0027837040067801855,0.005009830495649847,-0.0035176627327412335,-0.0035176627327412335,-0.0035176627327412335
2026-10-08 13:32:00+00:00,2026-10-08 21:32:00+08:00,82349.5,82426.4,82308.9,82324.5,8.9126074,734014.098958671,1,82381.85337719043,82447.9724225194,82432.93789156269,82542.02219691778,25.132490827558385,-12.916364717588294,16.26356523858796,-29.179929956176256,68.33571428571511,6.154224676,1.4482096233432997,-0.0003023701447733007,-0.0014179768902516932,-0.00325088082525149,0.00130751547733432,-0.0008956495461678315,0.0009550452067565062,0.0005491387429575056,0.0005517050041357218,0.0005928088523672544,82640.1,82308.9,82640.1,82200.8,82640.1,81938.9,117.5,0.0014272786351572132,-25.0,-0.00030358411405047997,76.89999999999418,15.60000000000582,-0.0014975798541975172,-0.0013154679953943926,-0.0026352903785037407,-0.0003023701447733007,-0.0014179768902516932,-0.00325088082525149,1.8761293535000798,1.7310794710891564,1.4482096233432997,0.0001895299293273034,0.0015048515342916957,0.004705945527704314,-0.0038189692413248544,-0.0038189692413248544,-0.0038189692413248544
2026-10-08 13:33:00+00:00,2026-10-08 21:33:00+08:00,82332.1,82354.9,82253.2,82253.2,13.04597455,1073650.060919452,1,82338.96891812695,82429.42266799374,82425.88934679553,82539.14834421214,17.972694969142267,-26.361780851060757,7.738496020658218,-34.100276871718975,73.04285714285756,6.562269322499999,1.9880279075516414,-0.0008660848228656537,-0.0023009865009600006,-0.003818647547188081,-0.0003585200777319608,-0.0017330938395068163,0.0009670357435985756,0.0005741575169385167,0.0005568268734170925,0.0006029136563831921,82640.1,82253.2,82640.1,82228.6,82640.1,81938.9,101.69999999999709,0.001236426060019514,-78.90000000000873,-0.0009583139504519953,22.79999999998836,0.0,-0.0021378612428663013,-0.0020950862424907735,-0.0034643965917803277,-0.0008660848228656537,-0.0023009865009600006,-0.003818647547188081,1.6083539891750191,1.7366901451148447,1.9880279075516414,0.0,0.00029916598361134916,0.003835784956839783,-0.004681746512891549,-0.004681746512891549,-0.004681746512891549
2026-10-08 13:34:00+00:00,2026-10-08 21:34:00+08:00,82253.3,82322.6,82240.0,82301.9,13.21725453,1087180.308628213,1,82326.61261208463,82417.27765199433,82421.02701947022,82536.78766417023,24.939717533586204,-32.71061935047328,-0.351327053568081,-32.359292296905195,77.51428571428654,7.1407893125,1.8509514777117295,0.0005920742293308301,-0.0007054395337543484,-0.003557085901566337,-0.00020529939697866428,-0.0005853059073396283,0.0010050108838004549,0.000596807969269085,0.0005617869123651179,0.0006040967477397793,82640.1,82240.0,82640.1,82240.0,82640.1,81938.9,82.60000000000582,0.0010036220305971774,48.59999999999127,0.0005908577528195376,20.70000000001164,13.30000000000291,-0.0013999206875228154,-0.0014453474286614254,-0.0028458542041394086,0.0005920742293308301,-0.0007054395337543484,-0.003557085901566337,1.3107559439869545,1.7889538928013968,1.8509514777117295,0.0007526750972761675,0.0007526750972761675,0.004430130255592912,-0.004092444225019198,-0.004092444225019198,-0.004092444225019198
2026-10-08 13:35:00+00:00,2026-10-08 21:35:00+08:00,82301.9,82301.9,82240.1,82265.4,13.56816667,1116208.588921016,1,82306.20840805642,82402.81311370916,82414.92399909883,82534.08728940238,23.529411764706026,-40.22369088877167,-8.325799820608799,-31.89789106816287,79.41428571428592,7.707710808,1.7603367598998794,-0.0004434891539563113,-0.002294596056496734,-0.003965231878284903,-0.0011219338059055284,-0.0011813600088389498,0.0007004459865587088,0.0005962034379741494,0.0005596931815921841,0.000606280056083765,82640.1,82240.0,82640.1,82240.0,82640.1,81938.9,61.79999999998836,0.0007512271258632228,-36.5,-0.0004434891539563486,0.0,25.29999999998836,-0.0016675779444512706,-0.00181428304296527,-0.0032554705361949043,-0.0004434891539563113,-0.002294596056496734,-0.003965231878284903,0.9758759139350192,1.2514820791029095,1.7603367598998794,0.0003088521400778088,0.0003088521400778088,0.003984676386917574,-0.004534118424348588,-0.004534118424348588,-0.004534118424348588
2026-10-08 13:36:00+00:00,2026-10-08 21:36:00+08:00,82265.4,82265.5,82207.0,82245.0,6.17969444,508184.902567063,1,82285.80560537096,82387.78329335591,82408.26031285967,82531.21079896057,23.35107240767644,-47.278961286123376,-16.116432113711717,-31.16252917241166,78.25,7.8797743315,0.7842476421305873,-0.00024797788620722905,-0.0012677687997726395,-0.004191729869525984,-0.0014035837524253303,-0.0018919696265452535,0.0005312180770963423,0.0005924326914557098,0.0005608216717426181,0.0006036204842440793,82640.1,82207.0,82640.1,82207.0,82640.1,81938.9,58.5,0.0007112894400875433,-20.39999999999418,-0.0002479778862072534,0.10000000000582077,38.0,-0.0017330639039954132,-0.0019811158764893033,-0.0034679098511926076,-0.00024797788620722905,-0.0012677687997726395,-0.004191729869525984,0.9214845112561776,0.9472138896589182,0.7842476421305873,0.00046224774046010886,0.00046224774046010886,0.0037357103890827137,-0.00478097194945315,-0.00478097194945315,-0.00478097194945315
2026-10-08 13:37:00+00:00,2026-10-08 21:37:00+08:00,82245.5,82254.0,82125.1,82156.0,15.69223601,1289647.396994915,1,82242.53707024732,82365.70869398868,82398.36775157106,82527.47735817489,21.31606065067014,-59.36751830644789,-24.766649352258952,-34.60086895418894,81.63571428571387,7.375383674,2.127650126910537,-0.001082132652440837,-0.0020467782980765348,-0.0050801993327318495,-0.0034352589544779377,-0.0028038404117154414,0.0006502499473007767,0.0006265696508245213,0.0005587253298577291,0.0006184784435785543,82585.6,82125.1,82640.1,82125.1,82640.1,81938.9,128.89999999999418,0.001568966356687207,-89.5,-0.0010882054337319367,8.5,30.89999999999418,-0.0025460679852559176,-0.002941414474395776,-0.00450125667312784,-0.001082132652440837,-0.0020467782980765348,-0.0050801993327318495,1.980086552263041,1.163809679912584,2.127650126910537,0.00037625524961293344,0.00037625524961293344,0.0026495352024495933,-0.005201875387476851,-0.0058579309560371495,-0.0058579309560371495
2026-10-08 13:38:00+00:00,2026-10-08 21:38:00+08:00,82155.9,82172.2,82074.0,82111.1,35.87714108,2945621.449040357,1,82198.72471349822,82341.46024694214,82387.10234954867,82523.3342998846,20.50991501416472,-71.74382345560298,-34.16208417292776,-37.581739282675215,84.58571428571408,9.1021391125,3.9416164306618646,-0.0005465212522517415,-0.001727592361148167,-0.005264962317843236,-0.003958154915123302,-0.0030559912970418157,0.0006085217788206715,0.0006288555325374992,0.0005639110356952827,0.0006210460849296709,82542.3,82074.0,82640.1,82074.0,82640.1,81938.9,98.19999999999709,0.0011959406219134452,-44.79999999998836,-0.0005453047194417974,16.30000000000291,37.10000000000582,-0.0027976215900383794,-0.0033500674459656654,-0.004995366503085852,-0.0005465212522517415,-0.001727592361148167,-0.005264962317843236,1.4795012729640467,1.0791095408700155,3.9416164306618646,0.00045203109389091445,0.00045203109389091445,0.0021015659229013384,-0.005223988185451556,-0.006401250724527241,-0.006401250724527241
2026-10-08 13:39:00+00:00,2026-10-08 21:39:00+08:00,82109.5,82158.9,82075.0,82114.9,6.66691389,547393.17813182,1,82170.78314233215,82319.8830805667,82376.42774760559,82519.27027700019,21.753769579855543,-80.31963149608055,-43.393593637558325,-36.92603785852222,87.52142857142773,9.2194994765,0.7231318692509935,4.627876133667108e-05,-0.0022721225147900315,-0.004999545606010236,-0.003637700555847445,-0.0029226913531078536,0.0004171157773947499,0.0006365556656635428,0.0005641496832775082,0.0006211523876032992,82527.4,82074.0,82640.1,82074.0,82640.1,81938.9,83.89999999999418,0.0010217390510125956,5.399999999994179,6.576583708333603e-05,44.0,34.5,-0.0024900798312126327,-0.003174788647146598,-0.004900313292189984,4.627876133667108e-05,-0.0022721225147900315,-0.004999545606010236,1.2548876596712155,0.7393707552425736,0.7231318692509935,0.0004983307746666554,0.0004983307746666554,0.002147941942105547,-0.0049983399452787625,-0.006355268205145093,-0.006355268205145093
2026-10-08 13:40:00+00:00,2026-10-08 21:40:00+08:00,82114.8,82118.1,81993.1,82072.6,21.00969851,1723810.621284298,1,82138.05542822144,82296.3323109889,82364.51293397401,82514.82579663204,21.94329592439385,-89.49760495801456,-52.61439590164957,-36.88320905636499,92.78571428571324,10.161383039,2.0676022574253436,-0.0005151318457428111,-0.0023436341402337524,-0.005190252700579823,-0.004839235762085559,-0.0037859063294672923,0.0004178613020132169,0.0006382529638065031,0.0005469462847905156,0.0006217735465506225,82503.5,81993.1,82640.1,81993.1,82640.1,81938.9,125.0,0.0015230417947037134,-42.19999999999709,-0.0005139146658092949,3.3000000000029104,79.5,-0.002718618250731275,-0.0035441590507311327,-0.0053593495758198495,-0.0005151318457428111,-0.0023436341402337524,-0.005190252700579823,1.823062984938859,0.7639896524267659,2.0676022574253436,0.0009695937828915202,0.0009695937828915202,0.001631703623065528,-0.005222808729326567,-0.0068671262498472,-0.0068671262498472
2026-10-08 13:41:00+00:00,2026-10-08 21:41:00+08:00,82072.7,82131.6,82018.4,82056.0,13.09742213,1075118.298340987,1,82110.7036188143,82273.44351946615,82352.41438754366,82510.26036581978,21.76970407266282,-96.9926257050247,-61.4900418623246,-35.50258384270009,97.75714285714223,10.480664727,1.2496747554817569,-0.00020225995033673616,-0.002298012037205921,-0.004810036311771904,-0.005471024417203707,-0.003770945990243635,0.0004243591024288464,0.0006357123817430341,0.0005353128676067159,0.0006217134357892931,82503.5,81993.1,82640.1,81993.1,82640.1,81938.9,113.20000000001164,0.0013795456761237649,-16.69999999999709,-0.00020347813584781652,58.90000000000873,37.60000000000582,-0.002642936896335213,-0.003599340587013722,-0.005505501543756619,-0.00020225995033673616,-0.002298012037205921,-0.004810036311771904,1.5911119057362897,0.7927309954757428,1.2496747554817569,0.000767137722564426,0.000767137722564426,0.0014291136444350983,-0.005424012314629079,-0.007067997255569725,-0.007067997255569725
2026-10-08 13:42:00+00:00,2026-10-08 21:42:00+08:00,82056.0,82056.0,81752.7,81799.5,97.15629245,7952638.197931282,1,82006.96907920954,82228.30604142175,82330.73147038509,82503.18812337382,15.688993174060897,-122.22100235063408,-73.6362339599865,-48.58476839064758,116.63571428571387,14.854109673,6.540701165455842,-0.0031259140099444416,-0.0043393057110862054,-0.007786136577010994,-0.008456054818896774,-0.007103260678256951,0.0012850246247563491,0.0009596811589807943,0.0007581534655551061,0.0007355565789624443,82503.5,81752.7,82640.1,81752.7,82640.1,81752.7,303.3000000000029,0.003707846624979406,-256.5,-0.003125914009944428,0.0,46.80000000000291,-0.0052148227546574555,-0.006452407999996579,-0.008529223407967468,-0.0031259140099444416,-0.0043393057110862054,-0.007786136577010994,3.8023266082474185,1.6949399866100694,6.540701165455842,0.0005724581573451903,0.0005724581573451903,0.0005724581573451903,-0.00853297132848907,-0.010171817313870735,-0.010171817313870735
2026-10-08 13:43:00+00:00,2026-10-08 21:43:00+08:00,81799.6,82095.5,81771.4,82092.9,33.68592859,2759660.310444966,1,82035.61271947302,82215.410227953,82321.40474605626,82499.10565448453,38.36773800191572,-117.18886436813045,-82.3467600416153,-34.842104326515155,133.86428571428613,16.3802858815,2.056492104820045,0.0035868189903360825,-0.00022165090956050015,-0.004245362547896758,-0.004936957728587377,-0.0036060201480763165,0.0023945867603586187,0.001429909991627524,0.0010359094985687189,0.0008773128080327042,82503.5,81752.7,82640.1,81752.7,82640.1,81752.7,324.1000000000058,0.003947966267484835,293.29999999998836,0.0035855921055847257,2.6000000000058208,28.20000000001164,-0.0014901127126086822,-0.0027757634452564295,-0.0049237582790990775,0.0035868189903360825,-0.00022165090956050015,-0.004245362547896758,3.6364662832473282,2.3115791134912254,2.056492104820045,0.004161330451471379,0.004161330451471379,0.004161330451471379,-0.0049767585617580545,-0.006621482791042244,-0.006621482791042244
2026-10-08 13:44:00+00:00,2026-10-08 21:44:00+08:00,82092.8,82116.5,82025.4,82039.5,14.98548371,1229860.050909395,1,82036.90847964869,82198.65687290987,82310.34965797563,82494.53246389264,31.249435360013607,-116.17064954571833,-89.11153794243592,-27.059111603282417,131.70714285714348,16.986651149,0.882191762140367,-0.0006504825630474498,-0.0009182255595512334,-0.003891452161243314,-0.005374453825524816,-0.0037717015522750197,0.0024083961284975097,0.0014199925498972214,0.0010396913120861943,0.00087893655827957,82503.5,81752.7,82640.1,81752.7,82640.1,81752.7,91.10000000000582,0.0011104407023446732,-53.30000000000291,-0.0006492652217978057,23.69999999999709,14.10000000000582,-0.001936246636681016,-0.0032905905405711255,-0.005515910573731686,-0.0006504825630474498,-0.0009182255595512334,-0.003891452161243314,1.0032227790705117,2.3164530668866883,0.882191762140367,0.0035081410155262116,0.0035081410155262116,0.0035081410155262116,-0.0056240038301405,-0.007267658194992532,-0.007267658194992532
2026-10-08 13:45:00+00:00,2026-10-08 21:45:00+08:00,82039.4,82039.4,81801.4,81860.7,24.79823765,2030710.701248538,1,81978.1723197658,82166.4705040613,82292.71633805503,82488.22567320714,29.301143583226803,-128.31226870714454,-96.95168409537764,-31.360584611766896,137.70714285714348,18.0492430195,1.3739212011943402,-0.002179437953668706,-0.00258186045038189,-0.007202751574806099,-0.007439893397094721,-0.005473131238519224,0.0025752817218496755,0.0014441473051187434,0.0011017175733087615,0.0009191352221098138,82503.5,81752.7,82640.1,81752.7,82640.1,81752.7,238.0,0.002907378021443745,-178.6999999999971,-0.0021782216837275396,0.0,59.30000000000291,-0.0037213537612790226,-0.0052497518283431965,-0.007607457526037753,-0.002179437953668706,-0.00258186045038189,-0.007202751574806099,2.444744154449126,2.33751533445672,1.3739212011943402,0.0013210572861814818,0.0013210572861814818,0.0013210572861814818,-0.007791184616410263,-0.009431256738556826,-0.009431256738556826
2026-10-08 13:46:00+00:00,2026-10-08 21:46:00+08:00,81860.6,81999.9,81856.6,81895.5,35.46063125,2904226.3788759,1,81950.61487984387,82140.66378938881,82277.13922675875,82482.32790531454,31.980846774193026,-133.58661683980608,-104.27867064426333,-29.307946195542755,139.54999999999978,19.343835287500003,1.833174793052269,0.00042511241658083065,-0.0019559812810763244,-0.005511879867977076,-0.007469234703399996,-0.0044891618286314605,0.0026093416279142265,0.0014440432134779219,0.0011010798874344127,0.0009193815110115588,82426.4,81752.7,82640.1,81752.7,82640.1,81752.7,143.29999999998836,0.0017497908920513137,34.89999999999418,0.0004263345247896323,104.39999999999418,4.0,-0.0029846823495049968,-0.0046384600916536955,-0.0071145895153224,0.00042511241658083065,-0.0019559812810763244,-0.005511879867977076,1.4278120976492452,2.369802280190733,1.833174793052269,0.0017467313006176433,0.0017467313006176433,0.0017467313006176433,-0.006440897576504567,-0.00901015366631941,-0.00901015366631941
2026-10-08 13:47:00+00:00,2026-10-08 21:47:00+08:00,81895.6,81958.5,81839.0,81927.0,69.35548222,5679987.482200886,1,81942.74325322924,82120.31485706607,82263.40827668978,82476.80225451538,35.824787067616555,-133.68376575468574,-110.15968966634782,-23.52407608833792,140.82142857142858,22.606833559000002,3.0678990066872456,0.00038463651849007796,0.001558689234041788,-0.00482845325510628,-0.008063637354255193,-0.004015449084762146,0.0021140090364998323,0.0014570901408675018,0.0010832193003351696,0.0009212859545012366,82354.9,81752.7,82640.1,81752.7,82640.1,81752.7,119.5,0.0014586155968117959,31.39999999999418,0.00038341498200140397,31.5,56.60000000000582,-0.002354044275189926,-0.004089403584620288,-0.006666144170075161,0.00038463651849007796,0.001558689234041788,-0.00482845325510628,1.1752869499963505,1.9515983844136786,3.0678990066872456,0.0021320396757538163,0.0021320396757538163,0.0021320396757538163,-0.005195804985495656,-0.008628982781966665,-0.008628982781966665
2026-10-08 13:48:00+00:00,2026-10-08 21:48:00+08:00,81925.0,82000.0,81900.0,81982.9,11.51774047,943829.183427587,1,81956.12883548616,82107.22772782168,82252.4079521137,82471.8878042217,36.22387286232462,-127.77715859962336,-113.68318345300293,-14.093975146620437,142.0642857142853,23.118836225499997,0.49819724304703417,0.0006823147436132437,-0.0013399453545921425,-0.003286194336512116,-0.007092293065757538,-0.0030474198471426295,0.0011842006166973983,0.0014705493153230852,0.0010970239593925406,0.0009258336062306768,82322.6,81752.7,82640.1,81752.7,82640.1,81752.7,100.0,0.0012197665610755414,57.89999999999418,0.0007067439731460992,17.10000000000582,25.0,-0.001514211735826998,-0.0032765965012307996,-0.005929145278964598,0.0006823147436132437,-0.0013399453545921425,-0.003286194336512116,0.9624169887889402,1.079466502584985,0.49819724304703417,0.0028158091414718367,0.0028158091414718367,0.0028158091414718367,-0.004126448873092103,-0.00795255572052811,-0.00795255572052811
2026-10-08 13:49:00+00:00,2026-10-08 21:49:00+08:00,81983.0,82124.6,81973.2,82124.6,19.12987328,1569099.62854748,1,82012.28589032411,82108.8822299339,82247.39587556022,82468.4322041797,44.42596991290611,-110.38962127185368,-113.02447101677309,2.634849744919407,148.46428571428675,23.851461494499997,0.8020419748454926,0.0017284092170442023,0.0010373052005436811,-0.002154263753327501,-0.005703686753668724,-0.0014214234905733925,0.0014417711930795865,0.0015427791433125372,0.001150354430700125,0.0009537709307882273,82301.9,81752.7,82640.1,81752.7,82640.1,81752.7,151.40000000000873,0.0018435401816265615,141.60000000000582,0.001727187343717671,0.0,9.80000000000291,0.00019142594125320933,-0.0014930062435776215,-0.0041692584057911874,0.0017284092170442023,0.0010373052005436811,-0.002154263753327501,1.4025687796006219,1.2533278045463783,0.8020419748454926,0.004549085228989558,0.004549085228989558,0.004549085228989558,-0.002154263753327501,-0.006237891774090287,-0.006237891774090287
2026-10-08 13:50:00+00:00,2026-10-08 21:50:00+08:00,82125.0,82212.1,82089.1,82212.1,36.22798949,2975526.174590924,1,82078.89059354941,82118.71249374971,82246.01172357747,82465.88163498389,48.76325088339243,-88.52884847921086,-108.12534650926065,19.596498030049787,153.0714285714296,24.9754205945,1.4505457216595583,0.0010654542000814171,0.004292658137543537,-0.0006479030066102176,-0.004610565799239241,-0.0014575117117139325,0.0005574441871960335,0.0015707042939167547,0.0011727903257834548,0.0009530588712276221,82265.5,81752.7,82640.1,81752.7,82640.1,81752.7,123.0,0.0014961301316959424,87.10000000000582,0.0010605783866058547,0.0,35.89999999999418,0.0011372256506991807,-0.00041232058390183735,-0.003077413712827215,0.0010654542000814171,0.004292658137543537,-0.0006479030066102176,1.1031764846842245,0.4753144487473889,1.4505457216595583,0.005619386271034532,0.005619386271034532,0.005619386271034532,-0.0006491177954305316,-0.00517908376199927,-0.00517908376199927
2026-10-08 13:51:00+00:00,2026-10-08 21:51:00+08:00,82212.7,82231.3,82122.1,82130.3,6.89498049,566696.625367201,1,82096.02706236628,82119.81606577356,82241.47400892737,82462.5425142378,49.028649179832286,-76.91794274731365,-101.88386575687126,24.965923009557613,151.66428571428696,24.823987440499998,0.2777547525967135,-0.000994987355875887,0.002867068398141548,-0.0013946136543254717,-0.0055804976801402395,-0.003071010750965275,0.0010103831357015233,0.0015894302927757747,0.001182439423153643,0.0009573399859432377,82254.0,81752.7,82640.1,81752.7,82640.1,81752.7,109.19999999999709,0.0013295945588899236,-82.39999999999418,-0.0010022782368173553,18.60000000000582,8.19999999999709,0.0001276663140361567,-0.001351799809853782,-0.004029011283279593,-0.000994987355875887,0.002867068398141548,-0.0013946136543254717,0.959085265829557,0.854490400029767,0.2777547525967135,0.004618807696871174,0.004618807696871174,0.004618807696871174,-0.0015038782308458565,-0.006168917995016954,-0.006168917995016954
2026-10-08 13:52:00+00:00,2026-10-08 21:52:00+08:00,82130.2,82170.3,82101.9,82130.2,8.90654581,731489.84975056,1,82107.41804157753,82120.80501189036,82237.11032230277,82459.23562354887,50.74720287927359,-66.95249873802823,-94.89759235310265,27.945093615074427,149.53571428571635,24.823684360999998,0.35879225986263746,-1.2175774349865165e-06,0.002480256813992998,-0.00031403671064811345,-0.005392640674292015,-0.0009706848315290673,0.0010426039951105933,0.0015656517862550176,0.0011829187550166352,0.0009186247549443346,82231.3,81752.7,82585.6,81752.7,82640.1,81752.7,68.40000000000873,0.0008328239794863368,0.0,0.0,40.10000000000582,28.30000000000291,0.00011440448140120907,-0.0013000252791444122,-0.003990282241409737,-1.2175774349865165e-06,0.002480256813992998,-0.00031403671064811345,0.6018029619183398,0.8813825892006686,0.35879225986263746,0.0046175844956801715,0.0046175844956801715,0.0046175844956801715,-0.0012294588556912567,-0.005514278518289006,-0.00617012806131656
2026-10-08 13:53:00+00:00,2026-10-08 21:53:00+08:00,82130.3,82222.2,82100.0,82142.5,5.22436031,429212.737459085,1,82119.11202771837,82122.87120123414,82233.40011358501,82456.0840253046,51.07259443494504,-57.40062666537415,-87.39819921555696,29.99757255018281,152.27142857143085,24.432603648999997,0.2138274080426884,0.0001497622068373783,0.0019467474314767141,0.00038240871209849203,-0.004884566973203941,-0.0024615885321791486,0.0010460080836450305,0.0015592284231882429,0.0011838930336370342,0.0008927376224123843,82231.3,81752.7,82542.3,81752.7,82640.1,81752.7,122.19999999999709,0.0014876586419940601,12.19999999999709,0.00014854444705543617,79.69999999999709,30.30000000000291,0.0002390174439683701,-0.0011053916469397906,-0.0038030429047342107,0.0001497622068373783,0.0019467474314767141,0.00038240871209849203,1.0621891615963148,0.8835325945213076,0.2138274080426884,0.004768038242161987,0.004768038242161987,0.004768038242161987,-0.0010798807753252815,-0.0048435771719470555,-0.006021289906473992
2026-10-08 13:54:00+00:00,2026-10-08 21:54:00+08:00,82142.4,82158.6,82073.2,82073.2,9.84706236,808814.356264745,1,82103.80801847891,82118.1406106404,82227.11775618953,82452.27423400804,50.022838002435726,-54.791033142158994,-80.87676600087737,26.085732858718373,149.44285714286005,24.264094040499998,0.40582856065278783,-0.0008436558419819828,-0.0006258782386764361,-0.0005078250110515103,-0.005504831722759063,-0.0028078727356894984,0.000833867758436205,0.001575275648171182,0.0011903941844475447,0.0008968557437768937,82231.3,81752.7,82527.4,81752.7,82640.1,81752.7,85.40000000000873,0.0010405345472091832,-69.19999999999709,-0.0008424394709674552,16.20000000001164,0.0,-0.0005472677572363471,-0.0018718612592735218,-0.004597498826196089,-0.0008436558419819828,-0.0006258782386764361,-0.0005078250110515103,0.7360703858178038,0.7004971708789037,0.40582856065278783,0.003920359816862229,0.003920359816862229,0.003920359816862229,-0.001922625569582448,-0.005503626674292383,-0.006859865852050118
2026-10-08 13:55:00+00:00,2026-10-08 21:55:00+08:00,82073.2,82126.5,82060.0,82119.8,5.23026601,429406.179823915,1,82109.13867898595,82118.29864772227,82222.90921673112,82448.96603267462,52.37421851741597,-48.40470165654551,-74.382353132011,25.977651475465493,146.10714285714494,23.847199007500002,0.21932412307017982,0.0005677858302102212,-0.0011227057817523312,0.000575100581680088,-0.0046181370362469165,-0.0023519864323425788,0.00066982251224799,0.0015764014300279226,0.0011978730437574865,0.000900149014812695,82231.3,81752.7,82503.5,81752.7,82640.1,81752.7,66.5,0.0008097925226315699,46.60000000000582,0.0005677858302101761,6.69999999999709,13.19999999999709,1.8282798139424017e-05,-0.0012540205365311197,-0.003992360953855689,0.0005677858302102212,-0.0011227057817523312,0.000575100581680088,0.5689241072585501,0.5591765469125941,0.21932412307017982,0.0044903715718258574,0.0044903715718258574,0.0044903715718258574,-0.001355931378927533,-0.004650711787984707,-0.006295974956467942
2026-10-08 13:56:00+00:00,2026-10-08 21:56:00+08:00,82121.5,82127.6,82007.6,82011.9,8.27569325,679115.570312567,1,82076.72578599064,82108.1654431773,82214.63434548676,82444.61711692662,58.88702928870247,-51.45695246804098,-69.797272999217,18.34032053117602,133.01428571428758,23.951998948,0.3455115904090762,-0.001313934032961761,-0.0014416116828991354,-0.0005374378473238517,-0.005344889063534808,-0.0031832734114628503,0.0007693411194503532,0.00161425578903743,0.0012142159277798506,0.0009134079982519248,82231.3,81752.7,82503.5,81752.7,82640.1,81752.7,120.0,0.0014632022913747885,-109.60000000000582,-0.001334607867610867,6.100000000005821,4.2999999999883585,-0.0011724222878165547,-0.0024659155526354226,-0.005248579374356521,-0.001313934032961761,-0.0014416116828991354,-0.0005374378473238517,1.0081250456407327,0.6336114539833663,0.3455115904090762,0.0031705374868351566,0.0031705374868351566,0.0031705374868351566,-0.0026680838075040514,-0.005958535092450701,-0.007601636493663633
2026-10-08 13:57:00+00:00,2026-10-08 21:57:00+08:00,82011.9,82082.7,81991.1,82052.5,11.0512261,906463.40842753,1,82068.65052399377,82102.86397239851,82208.27613585984,82440.71545407163,47.8560815113568,-50.02316660844372,-65.84245172106235,15.81928511261863,116.40714285714368,23.7199484525,0.46590430506754493,0.0004950501085818626,-0.0009460588188022756,0.003092928440882936,-0.004717290099391702,-0.002996387566814307,0.0008440171838567983,0.001371440359250063,0.0012204172570579755,0.0009149811460074372,82231.3,81771.4,82503.5,81752.7,82640.1,81752.7,91.59999999999127,0.0011163584290544623,40.60000000000582,0.0004950501085818744,30.19999999999709,20.79999999998836,-0.0006134252809432139,-0.001894896027285542,-0.004709025776079123,0.0004950501085818626,-0.0009460588188022756,0.003092928440882936,0.758372983149896,0.6915808335023433,0.46590430506754493,0.003437632228383114,0.0036671571703441597,0.0036671571703441597,-0.002174354534100753,-0.005466434757313343,-0.0071103495760533875
2026-10-08 13:58:00+00:00,2026-10-08 21:58:00+08:00,82048.5,82127.6,82046.1,82127.5,4.12679382,338816.233487816,1,82088.26701599585,82105.21026074151,82205.1084442575,82437.59888238933,54.56526250259368,-42.34685954912857,-61.1433332866756,18.796473737547032,115.72142857142899,22.1324310895,0.18645912883731153,0.0009140489320862422,-0.00018260948960646672,0.0004214737206262864,-0.003825678136018973,-0.0023311637354013204,0.0009791051746657587,0.001032720920816914,0.0012357131287574123,0.0009226680825944309,82231.3,81801.4,82503.5,81752.7,82640.1,81752.7,81.5,0.0009923594411129037,79.0,0.0009628451464682474,0.10000000000582077,2.3999999999941792,0.0002714777684351688,-0.0009440829861580013,-0.0037616195351799497,0.0009140489320862422,-0.00018260948960646672,0.0004214737206262864,0.6663018393098876,0.792340189547319,0.18645912883731153,0.00398648433889881,0.0045845580635257566,0.0045845580635257566,-0.0012622930684544897,-0.004557382414079436,-0.006202799851403928
2026-10-08 13:59:00+00:00,2026-10-08 21:59:00+08:00,82127.6,82221.0,82127.6,82174.5,14.55313406,1196035.999786228,1,82117.01134399723,82111.80928352804,82203.90811311014,82434.98098306208,68.85817307692227,-32.100785818329314,-55.33482379300634,23.23403797467703,105.39285714285714,22.526742098,0.6460381175710302,0.0005722809046908583,0.0012342640472164934,0.0016455487905215893,-0.0022523069451190203,-0.001788106902554265,0.0008876527184803729,0.0010235078726602983,0.001230599192077218,0.0009260023848381514,82231.3,81801.4,82503.5,81752.7,82640.1,81752.7,93.39999999999418,0.0011366056380019858,46.89999999999418,0.0005710625904080257,46.5,0.0,0.0007634799064710762,-0.00035774592455717347,-0.0031598355450048743,0.0005722809046908583,0.0012342640472164934,0.0016455487905215893,0.7609179121565838,0.7213174884196366,0.6460381175710302,0.0045610466324537136,0.005159462623252953,0.005159462623252953,-0.0006907345499828077,-0.003987709612319423,-0.0056340686906236614
2026-10-08 14:00:00+00:00,2026-10-08 22:00:00+08:00,82174.5,82273.9,82127.6,82233.7,18.11195189,1489085.5633812,1,82155.90756266483,82123.41792319204,82205.07642239994,82432.97818721073,69.7454460532451,-18.984907131030923,-48.064840460611265,29.079933329580342,105.60714285714286,22.381854767,0.8092247974329821,0.0007204181345794591,0.0013869980199658904,0.0045565210168005965,-0.0026790500469350276,-0.0004801077386075159,0.0009039160778463797,0.0008122193134605834,0.0012183466762086866,0.0009280166886700028,82273.9,81839.0,82503.5,81752.7,82640.1,81752.7,146.29999999998836,0.0017790759749347089,59.19999999999709,0.0007204181345794266,40.19999999999709,46.89999999999418,0.0013428822082284242,0.00034819720199497084,-0.002417457085659991,0.0007204181345794591,0.0013869980199658904,0.0045565210168005965,1.1829001256497582,0.7419202559481936,0.8092247974329821,0.004822883955082569,0.00588359772827074,0.00588359772827074,-0.0004886118197873213,-0.003270164296060196,-0.004917709441300433
2026-10-08 14:01:00+00:00,2026-10-08 22:01:00+08:00,82233.6,82254.7,82127.5,82223.1,7.1465281,587358.125513541,1,82178.30504177656,82132.9114543166,82205.78322936465,82430.88984703948,67.71992818671427,-9.338165628098068,-40.319505494108625,30.981339866010558,106.15714285714265,22.0843100655,0.3236020540738681,-0.00012890092504647122,0.0025752360328197277,0.004000219792296367,-0.0015337088066214033,-8.513350149175203e-06,0.00039361252435208253,0.0008188601157568786,0.001197628732917925,0.0009249023356813742,82273.9,81839.0,82426.4,81752.7,82640.1,81752.7,127.19999999999709,0.0015470105116445023,-10.5,-0.0001276850338547747,21.09999999999127,95.60000000000582,0.001098080465996354,0.00021065148892307484,-0.0025207764640785557,-0.00012890092504647122,0.0025752360328197277,0.004000219792296367,1.0360470265767912,0.32865988726997025,0.3236020540738681,0.00469336135583287,0.005753938402034642,0.005753938402034642,-0.0006174497623181452,-0.0024664427901738284,-0.005045976469050695
2026-10-08 14:02:00+00:00,2026-10-08 22:02:00+08:00,82223.1,82251.0,82186.1,82231.3,7.89452375,648992.985147823,1,82195.97002785106,82142.28179200075,82206.78388703662,82428.90387841222,65.76542269611568,-1.0196283750410657,-32.459530070295116,31.43990169525405,103.64999999999938,17.6212216305,0.4480122840255085,9.972866505880695e-05,0.0021790926540934397,0.0037142822268605435,-0.0011321052663544329,0.00017392996582210607,0.00043594358353926996,0.0008192282981764777,0.0011969622198554713,0.000924924783808949,82273.9,81900.0,82354.9,81752.7,82640.1,81752.7,64.89999999999418,0.0007892371882725213,8.19999999999709,9.972866505881059e-05,19.69999999999709,37.0,0.0010837075140506247,0.00029822493721520793,-0.0023972644195742188,9.972866505880695e-05,0.0021790926540934397,0.0037142822268605435,0.5361965973012444,0.3642083069187501,0.4480122840255085,0.00404517704517704,0.0058542408996891115,0.0058542408996891115,-0.0005177826746999292,-0.001500821444746947,-0.004946751032489094
2026-10-08 14:03:00+00:00,2026-10-08 22:03:00+08:00,82231.3,82240.2,82205.0,82213.1,2.41860097,198854.523267176,1,82201.68001856738,82149.02638323877,82207.03157774107,82426.75657613947,56.6611470721058,4.057511961393175,-25.15612166395746,29.213633625350635,95.34999999999854,16.0578552495,0.1506179332433146,-0.00022132691566345564,0.0010422818179052218,0.0028079026235960924,-0.00048751902661525737,-0.0008458643189879211,0.0004197673373633647,0.0008181946104835995,0.0011873131037303216,0.0009194093705993246,82273.9,81973.2,82322.6,81752.7,82640.1,81752.7,35.19999999999709,0.0004281556102372625,-18.19999999999709,-0.000221326915663465,8.89999999999418,8.10000000000582,0.000779968060270475,7.38187736799567e-05,-0.0025920779248677084,-0.00022132691566345564,0.0010422818179052218,0.0028079026235960924,0.29630654295965675,0.35354392707747617,0.1506179332433146,0.002926566243601769,0.005631618282943673,0.005631618282943673,-0.0007389949911209559,-0.0013301329161129472,-0.0051669830990039856
2026-10-08 14:04:00+00:00,2026-10-08 22:04:00+08:00,82213.2,82307.6,82207.4,82286.6,6.6136697,544040.05813034,1,82229.98667904493,82162.12863245413,82210.15190802574,82425.36198334207,55.728125480547284,13.852336875002948,-17.35442995616538,31.206766831168327,93.72142857142795,15.639264549,0.422888792454303,0.0008940181066035002,0.0013641701501074799,0.0019726123475791724,-0.00018590093302817134,-0.0003911621646573993,0.000505408908342762,0.0007294884621192008,0.0011939032151430614,0.0009250679703193762,82307.6,81991.1,82307.6,81752.7,82640.1,81752.7,100.20000000001164,0.0012176952261973594,73.40000000000873,0.0008928006694789734,21.0,5.80000000000291,0.0015149481837635204,0.0009299106034956761,-0.00168348649011818,0.0008940181066035002,0.0013641701501074799,0.0019726123475791724,0.838568977980401,0.4233248574359526,0.422888792454303,0.0036040497078342337,0.006530671158261558,0.006530671158261558,-0.0002551404730547491,-0.0002551404730547491,-0.00427758436884762
2026-10-08 14:05:00+00:00,2026-10-08 22:05:00+08:00,82286.6,82380.1,82282.1,82379.6,23.77397103,1957485.014123362,1,82279.85778602996,82182.84019126803,82216.79693124042,82424.90664022423,68.8435374149658,28.787287028113496,-8.126086559309606,36.9133735874231,92.92142857142815,15.588051217999999,1.5251406797116158,0.001130196168027453,0.0017742117890842124,0.0020374129842199995,0.0013881899316117163,0.0002646986684928798,0.0006170384026538368,0.0007355743386230679,0.0012084785241161706,0.0009346712314414604,82380.1,81991.1,82380.1,81752.7,82640.1,81752.7,98.0,0.0011896149046608626,93.0,0.001130196168027358,0.5,4.5,0.0023941714386366275,0.001980167980707659,-0.0005496717202481127,0.001130196168027453,0.0017742117890842124,0.0020374129842199995,0.8110694141085517,0.5105911196105964,1.5251406797116158,0.004738319159030668,0.007668248265806588,0.007668248265806588,-6.069426961130553e-06,-6.069426961130553e-06,-0.0031522227102822598
2026-10-08 14:06:00+00:00,2026-10-08 22:06:00+08:00,82379.6,82479.9,82358.9,82445.7,12.59107606,1037626.327719512,1,82335.13852401997,82207.87445876631,82225.77352217217,82425.11353932648,71.68384879725086,45.43333302238898,2.5857973570301116,42.84753566535887,96.6785714285704,14.444573458499999,0.8716820954370725,0.0008023831142660587,0.0027072683953779375,0.003840239229614406,0.002440269925223282,0.0010332610495793482,0.0005735760101802505,0.0006826793324808787,0.001214838091860749,0.000940324430817223,82479.9,81991.1,82479.9,81752.7,82640.1,81752.7,121.0,0.0014676326357833096,66.09999999999127,0.0008023831142660472,34.19999999999709,20.70000000001164,0.0028929776228794335,0.0026746659642979953,0.00024975956707273816,0.0008023831142660587,0.0027072683953779375,0.003840239229614406,0.9837106099221082,0.47214193728623777,0.8716820954370725,0.005544504220579949,0.008476784252997138,0.008476784252997138,-0.0004146464775054426,-0.0004146464775054426,-0.0023523688862914227
2026-10-08 14:07:00+00:00,2026-10-08 22:07:00+08:00,82445.6,82472.4,82345.2,82393.1,12.79009128,1053926.664422616,1,82354.45901601332,82225.51498650285,82232.33534483208,82424.79499664663,66.31935399843772,53.761336772629875,12.820905240150065,40.940431532479806,97.03571428571324,11.616303911500001,1.1010465443606348,-0.0006379956747288862,0.0019676206018877096,0.0032010149737855542,0.0028859730269243933,-0.0005591999922366364,0.0007749871729941248,0.0007186527282532391,0.0012028094337272028,0.0009358998838686002,82479.9,81991.1,82479.9,81752.7,82640.1,81752.7,127.19999999999709,0.001543818596460105,-52.5,-0.0006367835275624169,26.79999999998836,47.90000000000873,0.0020381144894581205,0.0019550053454493455,-0.0003845323078802698,-0.0006379956747288862,0.0019676206018877096,0.0032010149737855542,1.0353575247583682,0.6443141791735331,1.1010465443606348,0.004902971176139914,0.007833380426579328,0.007833380426579328,-0.0010523776095749948,-0.0010523776095749948,-0.002988863759845417
2026-10-08 14:08:00+00:00,2026-10-08 22:08:00+08:00,82389.7,82397.2,82324.4,82324.4,4.8658236,400787.649031721,1,82344.43934400889,82234.93260683591,82235.94572346611,82423.79604145611,66.37122002085493,54.19311934876896,21.095348061873846,33.09777128689511,96.13571428571284,11.283708068,0.4312255838840087,-0.0008338076853524612,0.0013537988471421514,0.0022144444106277916,0.0025976999455614713,-0.001370737068369432,0.0009294636598922029,0.0007680408720695854,0.0012092340454605893,0.0009419411715002614,82479.9,81991.1,82479.9,81752.7,82640.1,81752.7,72.80000000000291,0.0008843064753584954,-65.30000000000291,-0.0007925748000053758,7.5,0.0,0.0010879487625026218,0.0010756157268663191,-0.0012059143867400035,-0.0008338076853524612,0.0013537988471421514,0.0022144444106277916,0.5972181587804997,0.7686383486979779,0.4312255838840087,0.0040650753557396335,0.006993041208424922,0.006993041208424922,-0.0018853078143886703,-0.0018853078143886703,-0.0038201793076244606
2026-10-08 14:09:00+00:00,2026-10-08 22:09:00+08:00,82324.3,82419.1,82310.6,82419.1,4.77486686,393245.904297865,1,82369.32622933926,82252.47235856582,82243.1282441145,82423.74931467546,68.35520667239064,61.46824108963483,29.169926667426047,32.29831442220878,99.13571428571284,10.565957747,0.45191046323800904,0.0011503272419843835,0.0016102257232648576,0.004214530443555464,0.003704565188534792,5.338853384184716e-05,0.0009782072709711648,0.0007566663546056584,0.0012246480520902079,0.0009533654189228382,82479.9,81991.1,82479.9,81752.7,82640.1,81752.7,108.5,0.001316442426573452,94.80000000000291,0.0011515433474685228,0.0,13.69999999999709,0.0020258070870842193,0.002139652997672714,-5.640746403934305e-05,0.0011503272419843835,0.0016102257232648576,0.004214530443555464,0.8832026265877361,0.798766036741395,0.45191046323800904,0.005220078764646363,0.008151412736215446,0.008151412736215446,-0.000737149293342898,-0.000737149293342898,-0.0026742465219669054
2026-10-08 14:10:00+00:00,2026-10-08 22:10:00+08:00,82419.1,82480.0,82419.1,82479.9,17.95158494,1480186.28600096,1,82406.18415289285,82274.1321339405,82252.41341101198,82424.30802796228,80.46081749544459,71.31777246962884,37.599495827866605,33.71827664176223,94.91428571428385,9.6521375195,1.8598559027710504,0.0007376930832778683,0.0012175344381375464,0.004385056953377653,0.004962679383862412,9.942804622675716e-05,0.0009105683688261253,0.0007625202861834571,0.0012234625678710634,0.0009539491533235624,82480.0,81991.1,82480.0,81752.7,82640.1,81752.7,60.89999999999418,0.0007383617099438067,60.79999999998836,0.0007376930832778852,0.10000000000582077,0.0,0.0025010031795231757,0.002765713242373513,0.0006744608886355419,0.0007376930832778683,0.0012175344381375464,0.004385056953377653,0.5042156801027711,0.7442551923845103,1.8598559027710504,0.005961622663923194,0.008895119060287948,0.008895119060287948,-1.2124151309578224e-06,-1.2124151309578224e-06,-0.0019385262118513102
2026-10-08 14:11:00+00:00,2026-10-08 22:11:00+08:00,82479.9,82563.0,82479.9,82563.0,27.42280972,2262780.980035512,1,82458.45610192858,82301.6433592795,82264.59327724681,82425.68804758455,81.48513630196194,84.85096346570936,47.04978935543515,37.801174110274204,94.30714285714203,10.678528981000001,2.568032522905787,0.001007518195342172,0.0014227546130363145,0.00671975652313872,0.0061787072243346675,0.0006738789490396968,0.000945965926761718,0.0006388455704537713,0.001230829751909526,0.0009612043080018844,82563.0,81991.1,82563.0,81752.7,82640.1,81752.7,83.10000000000582,0.0010065041241234672,83.10000000000582,0.0010075181953422086,0.0,0.0,0.003175594435940843,0.0036274016665651665,0.001665887852051462,0.001007518195342172,0.0014227546130363145,0.00671975652313872,0.6932123422076368,0.7685595227886989,2.568032522905787,0.0069751473025729815,0.009911599249933012,0.009911599249933012,0.0,0.0,-0.0009329611169396346
2026-10-08 14:12:00+00:00,2026-10-08 22:12:00+08:00,82563.1,82612.9,82508.3,82612.9,18.74412199,1548041.232859411,1,82509.93740128572,82331.28684887193,82278.25236441361,82427.55085308122,80.89358452138546,98.4675551183027,57.33334250800866,41.134212610294036,95.9571428571414,11.17040779,1.678015909748627,0.0006043869529934742,0.002667699115581179,0.006829773620547819,0.009943826062506433,0.0014036857053154606,0.0007939488011916733,0.0006400583264866623,0.0010590491252537267,0.0009640548961346074,82612.9,82046.1,82612.9,81771.4,82640.1,81752.7,104.59999999999127,0.001266146086143826,49.79999999998836,0.0006031750261313875,0.0,54.80000000000291,0.003420487665217742,0.004067267181420142,0.0022486310099052442,0.0006043869529934742,0.002667699115581179,0.006829773620547819,0.9238220001902039,0.7496808054125528,1.678015909748627,0.006908311303035486,0.01029088409884138,0.010521976644196407,0.0,0.0,-0.00032913803347300874
2026-10-08 14:13:00+00:00,2026-10-08 22:13:00+08:00,82612.8,82613.0,82502.9,82522.7,7.1670309,591671.203100992,1,82514.19160085716,82349.51667278889,82287.83854620131,82428.49761076202,71.00627413127462,100.81824595587386,66.03032319758171,34.787922758292154,97.1428571428561,11.267541319500001,0.6360776230388866,-0.0010918391679749506,0.0024087633799942942,0.004812030075187934,0.0052355319400338995,0.00027272661157184963,0.0009055602118744198,0.0007389876669484078,0.000894716116039471,0.0009747489050900166,82613.0,82127.5,82613.0,81801.4,82640.1,81752.7,110.10000000000582,0.0013341783533501186,-90.10000000000582,-0.0010906300234346956,0.19999999999708962,19.80000000000291,0.0021030278526010804,0.002854145374918682,0.0011428376346589442,-0.0010918391679749506,0.0024087633799942942,0.004812030075187934,1.039544649969032,1.0121201525719141,0.6360776230388866,0.004812030075187934,0.00881769749661987,0.009418649169996796,-0.0010930483095881183,-0.0010930483095881183,-0.0014206178356512833
2026-10-08 14:14:00+00:00,2026-10-08 22:14:00+08:00,82522.6,82576.4,82504.4,82544.7,8.13597329,671550.359368543,1,82524.3610672381,82368.10556109471,82297.9115443895,82429.653853441,69.64375947448264,103.26601517669042,73.47746159340345,29.78855358328697,91.83571428571408,11.181986865999999,0.7275963911868184,0.0002665933131127396,0.0015239186062452337,0.004505047186170952,0.006158009251640895,0.0007504594897360661,0.0008250791352393858,0.0007357514538689306,0.0008811220601695526,0.0009749054127892628,82613.0,82127.5,82613.0,81801.4,82640.1,81752.7,72.0,0.0008722546692882765,22.09999999999127,0.00026780542542274806,31.69999999999709,18.20000000001164,0.0021439662561415496,0.0029987207570556507,0.001395688822902752,0.0002665933131127396,0.0015239186062452337,0.004505047186170952,0.6838605317270272,0.9363959575369358,0.7275963911868184,0.005079906243341092,0.009086641548922136,0.009687753431996793,-0.0008267463958456789,-0.0008267463958456789,-0.0011544032497541323
2026-10-08 14:15:00+00:00,2026-10-08 22:15:00+08:00,82544.6,82601.1,82526.6,82529.7,7.32318705,604617.230065798,1,82526.14071149207,82383.49550765712,82307.00128774677,82430.64933748638,69.25879396984905,102.810381202391,79.34404551520096,23.46633568719004,88.07142857142857,11.286632918,0.6488371778549589,-0.00018171972276836978,0.0006037834672447673,0.0035994975296016474,0.008172419732545677,0.0006717244038445536,0.0008067516574226853,0.000735798662371533,0.000762160038674952,0.0009751169699899317,82613.0,82127.5,82613.0,81839.0,82640.1,81752.7,74.5,0.0009027053291118228,-14.900000000008731,-0.00018050847662970965,56.5,3.099999999991269,0.0017746818272512677,0.0027057080050174598,0.0012016241933032745,-0.00018171972276836978,0.0006037834672447673,0.0035994975296016474,0.7468622359288941,1.058506896826102,0.6488371778549589,0.0048972634014183836,0.008439741443565962,0.00950427325336034,-0.0010083158824882865,-0.0010083158824882865,-0.0013359131946840686
2026-10-08 14:16:00+00:00,2026-10-08 22:16:00+08:00,82529.7,82529.7,82489.7,82508.3,3.97991612,328363.631057433,1,82520.19380766139,82395.38164978502,82314.89535489396,82431.42198089449,67.11566979733107,99.5746522344707,83.39016685905491,16.18448537541579,86.29285714285756,11.071844061499998,0.35946280474083975,-0.0002593005911810664,-0.0006625243753254351,0.0034686116188760163,0.007482706620021817,-4.241817533978676e-05,0.0006405291537535298,0.0007412165315990676,0.0007676308964165114,0.0009739747528859349,82613.0,82186.1,82613.0,81839.0,82640.1,81752.7,40.0,0.0004847997110593722,-21.39999999999418,-0.0002593005911810437,0.0,18.60000000000582,0.0013704451384779492,0.0023495704425329222,0.000932630024547354,-0.0002593005911810664,-0.0006625243753254351,0.0034686116188760163,0.4156029068815638,0.8344233625088261,0.35946280474083975,0.00392037096297293,0.008178252422439192,0.009242508198506139,-0.0012673550167648928,-0.0012673550167648928,-0.0015948673827839155
2026-10-08 14:17:00+00:00,2026-10-08 22:17:00+08:00,82508.3,82511.9,82442.3,82504.2,3.28502303,270907.878708389,1,82514.86253844092,82405.74530218643,82322.31906646675,82432.14614028858,68.30587347503425,95.57771754753776,85.82767699675148,9.75004055078628,88.75,10.683533908000001,0.3074846823428081,-4.969197038362516e-05,-0.0013157751392336436,0.0033186876529982534,0.007045296422424796,-0.0010751516472340406,0.0005048672460776897,0.0007441069237756515,0.0007690752558616757,0.0009653723779082024,82613.0,82205.0,82613.0,81900.0,82640.1,81752.7,69.59999999999127,0.0008435934170622983,-4.100000000005821,-4.96919703836562e-05,3.599999999991269,61.89999999999418,0.0011947552619362423,0.0022093757269689984,0.000874099038848275,-4.969197038362516e-05,-0.0013157751392336436,0.0033186876529982534,0.7361220540012097,0.6564601347263915,0.3074846823428081,0.0036396812845933546,0.007377289377289431,0.009192356949678793,-0.0013169840097805308,-0.0013169840097805308,-0.0016444801010648824
2026-10-08 14:18:00+00:00,2026-10-08 22:18:00+08:00,82504.2,82550.9,82504.1,82536.3,3.36774461,277933.541002828,1,82522.00835896062,82418.1790829306,82330.71047562492,82433.18249710162,66.56494626509208,93.91769501447561,87.44568060029631,6.472014414179299,84.93571428571262,10.6455814475,0.3163514014343367,0.00038907110183483695,0.0001648031390151239,0.003931246966724311,0.006750188148992198,-0.00038997922936712115,0.0002827254065126742,0.0007348123769691065,0.0007650381014103561,0.0009660700786784423,82613.0,82207.4,82613.0,81973.2,82640.1,81752.7,46.79999999998836,0.0005670232370482849,32.10000000000582,0.00038907110183488623,14.599999999991269,0.09999999999126885,0.0014331900848059131,0.00249711830721977,0.0012509222593948266,0.00038907110183483695,0.0001648031390151239,0.003931246966724311,0.504362029039217,0.36955728870427085,0.3163514014343367,0.004000856370594441,0.006869318264993929,0.00958500453196054,-0.0009284253083654548,-0.0009284253083654548,-0.0012560488189148344
2026-10-08 14:19:00+00:00,2026-10-08 22:19:00+08:00,82536.2,82583.2,82523.1,82560.6,2.46778616,203719.345897282,1,82534.8722393071,82431.74297979435,82339.72575109062,82434.45033295135,63.21167883211679,93.48528197559062,88.65360087535518,4.831681100235443,82.22857142856914,10.0413140525,0.24576326834291093,0.00029441591154433233,0.00019262290613464295,0.0033298252692419705,0.00530900607126239,-0.0004249615900100423,0.00028868355433422856,0.0007139803739360214,0.0007107059009746437,0.000965874591608988,82613.0,82282.1,82613.0,81991.1,82640.1,81752.7,60.09999999999127,0.0007279501360211925,24.40000000000873,0.0002956278578370307,22.59999999999127,13.099999999991269,0.001563196598150851,0.0026824749159000127,0.0015303027622448617,0.00029441591154433233,0.00019262290613464295,0.0033298252692419705,0.6696551690477932,0.40619270775483274,0.24576326834291093,0.00338469727923818,0.006945875832864878,0.009882242421351384,-0.0006342827400045437,-0.0006342827400045437,-0.0009620027081284066
2026-10-08 14:20:00+00:00,2026-10-08 22:20:00+08:00,82567.3,82681.2,82567.3,82675.5,8.63075424,713232.047237595,1,82581.74815953807,82454.95793409966,82352.89336869492,82436.84883710109,65.65821749795599,101.24694945823285,91.17227059193073,10.074678866302122,82.19999999999709,9.567254170000002,0.902114032578273,0.001391705002143917,0.0017666367380471115,0.003591908676419786,0.005636639862015347,0.0010000859638057413,0.0006365363011095156,0.0007404459918341168,0.0007270808527959391,0.0009825823965711202,82681.2,82310.6,82681.2,81991.1,82681.2,81752.7,113.89999999999418,0.001377675369365703,108.19999999999709,0.0013104461451445921,5.69999999999709,0.0,0.002674697452112129,0.003917368511398456,0.002894957367554074,0.001391705002143917,0.0017666367380471115,0.003591908676419786,1.271969930385113,0.8754683865786856,0.902114032578273,0.004433207873590916,0.008347247445149364,0.011287700589705407,-6.89394928955478e-05,-6.89394928955478e-05,-6.89394928955478e-05
2026-10-08 14:21:00+00:00,2026-10-08 22:21:00+08:00,82681.2,82721.9,82601.1,82651.9,18.04540585,1491988.27369089,1,82605.13210635871,82473.71432132827,82364.61911894218,82438.98864966726,68.35981838819396,104.29159549782344,93.79613557310927,10.495459924714169,81.74285714285361,10.112198057499999,1.7845186325851394,-0.000285453368894073,0.0017404309627029324,0.0025010400785001607,0.006350883900338777,0.00073494512732597,0.0006429036270851414,0.0007346082227640623,0.0006982536891640742,0.0009833494246169906,82721.9,82310.6,82721.9,81991.1,82721.9,81752.7,120.79999999998836,0.0014615513980923412,-29.30000000000291,-0.0003543731827791918,40.69999999999709,50.79999999998836,0.002160514779017797,0.0034879160995444636,0.0025826535941329,-0.000285453368894073,0.0017404309627029324,0.0025010400785001607,1.3439524834440084,0.9207307273303545,1.7845186325851394,0.004146489030574241,0.00805941132635124,0.010999025108650917,-0.0008462088032310522,-0.0008462088032310522,-0.0008462088032310522
2026-10-08 14:22:00+00:00,2026-10-08 22:22:00+08:00,82651.9,82714.2,82620.1,82664.2,9.3486095,772692.531987958,1,82624.82140423913,82491.8558145351,82376.36738878759,82441.22955862578,76.20296113510166,106.46969030948821,96.33084652038507,10.138843789103149,83.26428571428134,10.184902345000001,0.9178889677414968,0.00014881690560053507,0.001939295211637715,0.0032903240683987978,0.006501871418796101,0.0010741684882320524,0.0006178451334346166,0.0007003292746168508,0.0006972157162865848,0.0009831380432162023,82721.9,82310.6,82721.9,81991.1,82721.9,81752.7,94.09999999999127,0.001138340418222051,12.30000000000291,0.00014881690560051143,50.0,31.79999999998836,0.0020892266729017894,0.0034941163386574825,0.0027045986888836193,0.00014881690560053507,0.001939295211637715,0.0032903240683987978,1.0370363151937427,0.8861606515775333,0.9178889677414968,0.0042959230038415175,0.008209427608606212,0.01114947885513251,-0.0006975178278061378,-0.0006975178278061378,-0.0006975178278061378
2026-10-08 14:23:00+00:00,2026-10-08 22:23:00+08:00,82664.2,82664.2,82575.7,82606.8,15.58922194,1287856.269856815,1,82618.81426949275,82502.80287981746,82385.40396177632,82442.87702570415,65.35755195549008,102.38392766551988,97.54146274941203,4.8424649161078435,81.83571428570993,10.8434333935,1.4376647482655098,-0.0006943755579802424,0.0008541696199126925,0.0034303317121049393,0.005652372401619088,0.0007401960368620397,0.000784708355236437,0.0006861351923728283,0.0007167529591724039,0.000986256266341564,82721.9,82310.6,82721.9,81991.1,82721.9,81752.7,88.5,0.0010713403739159488,-57.39999999999418,-0.0006943755579802887,0.0,31.10000000000582,0.0012605283281590385,0.0026873211464302216,0.001988321856414066,-0.0006943755579802424,0.0008541696199126925,0.0034303317121049393,0.9884956490752919,1.0948100669755134,1.4376647482655098,0.0035985644619282997,0.007509351624749527,0.010447361371551,-0.0013914090464555162,-0.0013914090464555162,-0.0013914090464555162
2026-10-08 14:24:00+00:00,2026-10-08 22:24:00+08:00,82606.8,82618.7,82487.4,82518.1,17.15490745,1416244.345314369,1,82585.2428463285,82504.25974840629,82390.60772798117,82443.62551301057,52.9890453834125,90.94027969471063,96.22122613847176,-5.280946443761138,86.86428571428198,11.370495281,1.5087212145161084,-0.001073761482105584,-0.0005147733906972762,0.0012011778823113328,0.005420770726619839,-0.00011390142679701398,0.0009517019213992188,0.000712514717643753,0.0007292967961918656,0.0009957831538799375,82721.9,82419.1,82721.9,81991.1,82721.9,81752.7,131.3000000000029,0.0015911660593252014,-88.69999999999709,-0.0010737614821055542,11.89999999999418,30.70000000001164,0.00016775196378859825,0.0015474126910164365,0.0009033383299923425,-0.001073761482105584,-0.0005147733906972762,0.0012011778823113328,1.4436754469373738,1.3049583192586,1.5087212145161084,0.0012011778823113328,0.006427526890113722,0.009362381915215101,-0.0024636764871212025,-0.0024636764871212025,-0.0024636764871212025
2026-10-08 14:25:00+00:00,2026-10-08 22:25:00+08:00,82522.3,82585.2,82513.5,82563.3,4.20537688,347177.921838464,1,82577.92856421901,82509.88262951045,82397.37997394269,82444.8163039259,50.02495425054092,84.54380017689255,93.88574094615592,-9.341940769263374,86.04999999999563,10.392065573500002,0.40467189609771176,0.0005477586129587486,-0.0013571130504199669,0.0010111554451448512,0.005400646372738294,0.0007575684114577985,0.0006462377365732546,0.000701601068164008,0.0007289391205415354,0.0009973578356042357,82721.9,82442.3,82721.9,81991.1,82721.9,81752.7,71.69999999999709,0.0008684245905868235,41.0,0.0004968354008552839,21.89999999999418,8.80000000000291,0.0006474057262861876,0.002013656576335121,0.0014371272978197513,0.0005477586129587486,-0.0013571130504199669,0.0010111554451448512,0.7865326387682253,0.8865455541652899,0.40467189609771176,0.0014676931623693878,0.00697880623628655,0.009915268853505799,-0.0019172673741777446,-0.0019172673741777446,-0.0019172673741777446
2026-10-08 14:26:00+00:00,2026-10-08 22:26:00+08:00,82563.3,82616.6,82563.3,82616.5,1.19787115,98925.358559361,1,82590.78570947934,82520.03666479517,82405.97291614102,82446.52459940923,50.297816015884,82.8127259087778,91.67113793868029,-8.858412029902496,82.38571428571075,9.822405328,0.12195293413369106,0.0006443540895288979,-0.0004283023136792963,0.0006479900197424726,0.007372100878043408,0.0019878087531501887,0.0007641986096785939,0.0006725128440639663,0.0006763470541745599,0.0009974979210244513,82721.9,82442.3,82721.9,81991.1,82721.9,81752.7,53.30000000000291,0.0006451495766584509,53.19999999999709,0.0006443540895288474,0.10000000000582077,0.0,0.0011689686420846002,0.00255475515195025,0.0020616442162559867,0.0006443540895288979,-0.0004283023136792963,0.0006479900197424726,0.5991085328886355,1.1298912369940775,0.12195293413369106,0.0021129929659895463,0.007627657148153721,0.010566011887069182,-0.0012741486837221094,-0.0012741486837221094,-0.0012741486837221094
2026-10-08 14:27:00+00:00,2026-10-08 22:27:00+08:00,82616.5,82629.3,82592.0,82592.0,1.8431681,152278.521653369,1,82591.19047298623,82526.89031576706,82413.26809590019,82447.97211583302,56.43215147577532,78.55832041770918,89.04857443448607,-10.490254016776888,77.18571428571055,9.275059169,0.19872305571488047,-0.0002965509311093628,-0.0008734131582958105,-0.0002529871242867854,0.006575058651473231,0.001826752093001982,0.0007559791269550521,0.0006589261948615569,0.0006816793706908844,0.0009981761382511808,82721.9,82442.3,82721.9,82046.1,82721.9,81752.7,37.30000000000291,0.0004516175900813991,-24.5,-0.0002965509311094031,12.80000000000291,0.0,0.0007889511404564065,0.0021687272963357707,0.001746894198496829,-0.0002965509311093628,-0.0008734131582958105,-0.0002529871242867854,0.4281988689842779,1.1089951661422066,0.19872305571488047,0.0018158154248486547,0.006653576464938471,0.010266327595296554,-0.0015703217648530554,-0.0015703217648530554,-0.0015703217648530554
2026-10-08 14:28:00+00:00,2026-10-08 22:28:00+08:00,82592.0,82693.6,82570.3,82686.1,4.59736402,379845.643160761,1,82622.82698199083,82542.05314283687,82423.96738625705,82450.34154751628,61.57498362802947,81.8363979341957,87.606139134428,-5.769741200232303,80.84999999999647,9.26163619,0.4963878871601411,0.0011393355288649154,0.0009599693971924506,0.001980061243754827,0.006801619433198347,0.002949920490424418,0.0008759947061927674,0.000650660915061853,0.0006907837665028314,0.0010083757739939234,82721.9,82442.3,82721.9,82127.5,82721.9,81752.7,123.30000000000291,0.0014911817101060868,94.10000000000582,0.0011393355288648517,7.5,21.69999999999709,0.0017451329556081863,0.003180295999518412,0.002859399343395852,0.0011393355288649154,0.0009599693971924506,0.001980061243754827,1.391912416622903,1.2681170992589863,0.4963878871601411,0.0029572197767409047,0.006801619433198347,0.011417359915941727,-0.0004327753593665884,-0.0004327753593665884,-0.0004327753593665884
2026-10-08 14:29:00+00:00,2026-10-08 22:29:00+08:00,82686.1,82748.1,82686.1,82726.0,11.62070326,961327.6177609,1,82657.21798799389,82559.57189113813,82435.81180248226,82453.08441769025,65.43967280163629,86.65498974415823,87.41590925637406,-0.7609195122158354,79.95714285713932,9.60392801,1.2099948321041194,0.0004825478526619964,0.0025194472485430275,0.0021963857158606714,0.006711327723320393,0.00444390480815926,0.0005163830950395199,0.0006562153203827881,0.0006894265391949024,0.001000251706663445,82748.1,82442.3,82748.1,82127.5,82748.1,81752.7,62.0,0.00074946207963639,39.89999999999418,0.00048254785266198523,22.10000000000582,0.0,0.0020158547949027383,0.00352017152706674,0.0033099499459259274,0.0004825478526619964,0.0025194472485430275,0.0021963857158606714,0.7080992750517779,0.7490037961731805,1.2099948321041194,0.0034411946294559126,0.007287449392712642,0.011905417191114154,-0.00026707561865479956,-0.00026707561865479956,-0.00026707561865479956
2026-10-08 14:30:00+00:00,2026-10-08 22:30:00+08:00,82726.0,82726.0,82649.9,82668.1,7.04163707,582200.685805148,1,82660.84532532927,82569.90790150593,82444.92114356138,82455.2238762207,61.88634335019366,84.82391506826389,86.89751041875203,-2.073595350488148,82.53571428571117,9.0584306165,0.777357289371252,-0.0006999008775958604,0.0012693291086960379,0.001676972047638614,0.005282505833982931,0.0025893036895454635,0.0007418663352778396,0.0006876149797901387,0.0007027447902083406,0.0009950584756694366,82748.1,82442.3,82748.1,82127.5,82748.1,81752.7,76.10000000000582,0.0009205485550049634,-57.89999999999418,-0.0006999008775958487,0.0,18.20000000001164,0.0011891995642190345,0.0027070055176594554,0.0025817178557281384,-0.0006999008775958604,0.0012693291086960379,0.001676972047638614,0.8939132746311764,1.0556696337199465,0.777357289371252,0.002738885256718948,0.0065824480228913185,0.011197183701578073,-0.0009667895697906825,-0.0009667895697906825,-0.0009667895697906825
2026-10-08 14:31:00+00:00,2026-10-08 22:31:00+08:00,82668.1,82675.8,82610.6,82675.7,24.27251261,2006111.086410038,1,82665.79688355286,82579.98333945774,82453.97129479428,82457.4176684971,62.69054314044727,83.0289259054698,86.12379351609559,-3.0948676106257835,82.22142857142588,8.900915760999998,2.7269680178697744,9.193388985573314e-05,0.0007165638825172849,0.0020288867907833907,0.005504535829955248,0.003962384668255048,0.0007096250364346341,0.000680008582616819,0.0007005955466152946,0.0009798700537347086,82748.1,82442.3,82748.1,82186.1,82748.1,81752.7,65.19999999999709,0.0007886235012222103,7.599999999991269,9.193388985583639e-05,0.10000000000582077,57.5,0.0011590782253951826,0.002689120993493166,0.0026472127999503936,9.193388985573314e-05,0.0007165638825172849,0.0020288867907833907,0.7850775399557725,1.0128883060461384,2.7269680178697744,0.002831070942950431,0.005957211742618096,0.011290146992087191,-0.0008749445606607287,-0.0008749445606607287,-0.0008749445606607287
2026-10-08 14:32:00+00:00,2026-10-08 22:32:00+08:00,82675.7,82689.7,82645.6,82687.3,4.51292202,373048.18189963,1,82672.96458903525,82590.2039737951,82463.12144009645,82459.70505488022,61.52319902319933,81.60175290434563,85.21938539374561,-3.6176324893999805,82.02857142856894,8.1893557625,0.5510716777826637,0.00014030724868385747,0.001153864781092695,0.0022192809578178707,0.00554533371112953,0.0044069505432768885,0.0006675497428416227,0.0006780824832940582,0.0007004679236095499,0.0009787123455943527,82748.1,82487.4,82748.1,82205.0,82748.1,81752.7,44.09999999999127,0.0005333346233338283,11.60000000000582,0.0001403072486837828,2.3999999999941792,30.09999999999127,0.0011756361109813707,0.002718531095944554,0.0027600746930673825,0.00014030724868385747,0.001153864781092695,0.0022192809578178707,0.535483724898154,0.9530054415649784,0.5510716777826637,0.00242340042236755,0.005867039717778688,0.011432038330232652,-0.0007347600730409631,-0.0007347600730409631,-0.0007347600730409631
2026-10-08 14:33:00+00:00,2026-10-08 22:33:00+08:00,82683.9,82724.9,82662.6,82716.7,3.7439087,309579.500239822,1,82687.54305935683,82602.25121438605,82473.06569734759,82462.26221851325,61.820384673633,81.89896205841796,84.55530072668009,-2.656338668262123,82.18571428571158,8.0181996525,0.466926350335101,0.00035555641555595763,0.00037007429301882944,0.0021857049564857345,0.006125544469190336,0.005635039123097929,0.0004609300835027057,0.0006772862011940893,0.0006968494183838055,0.0009715095497142156,82748.1,82487.4,82748.1,82207.4,82748.1,81752.7,62.29999999998836,0.0007531731802645459,32.80000000000291,0.0003966914961679712,8.19999999999709,21.29999999998836,0.0013855407562308741,0.002954107508825743,0.0030855057166940814,0.00035555641555595763,0.00037007429301882944,0.0021857049564857345,0.7480709359145088,0.6614486162186018,0.466926350335101,0.002779818493491071,0.0061953060186796804,0.011791659480359762,-0.0003794649061429345,-0.0003794649061429345,-0.0003794649061429345
2026-10-08 14:34:00+00:00,2026-10-08 22:34:00+08:00,82716.7,82781.2,82705.1,82708.8,6.61971846,547705.163807052,1,82694.62870623788,82612.39871777786,82482.31017980455,82464.71533076686,53.00921742273671,80.5682972981158,83.75790004096724,-3.1896027428514486,79.00714285714015,7.942386911,0.8334671345249954,-9.55067114620789e-05,-0.0002079152866087952,0.0017950450941490725,0.005130847549904782,0.004943992787529883,0.0004015347786464421,0.0006786553134849565,0.0006863937115012464,0.000969589645873689,82781.2,82487.4,82781.2,82282.1,82781.2,81752.7,76.09999999999127,0.0009200955641962072,-7.899999999994179,-9.550671146206484e-05,64.5,3.6999999999970896,0.0011669105814426928,0.0027459199397024125,0.002959867966003671,-9.55067114620789e-05,-0.0002079152866087952,0.0017950450941490725,0.9229562238792742,0.5849919250691051,0.8334671345249954,0.002684046290706288,0.005185818057633407,0.011695026586277857,-0.0008745947147419386,-0.0008745947147419386,-0.0008745947147419386
2026-10-08 14:35:00+00:00,2026-10-08 22:35:00+08:00,82708.7,82716.4,82606.6,82615.0,4.71355076,389629.876340128,1,82668.08580415859,82612.64645894188,82487.51370216516,82466.21070060998,47.04089815557371,71.124975365703,81.2313151059144,-10.10633974021141,78.22142857142588,7.8119050965,0.6033804432816051,-0.0011340993945021527,-0.0006423275725462307,-0.0007317766448343699,0.002857503556705776,0.004249660245984499,0.000584696000900114,0.0006534060605564137,0.0007015874671452695,0.0009799850014685146,82781.2,82487.4,82781.2,82310.6,82781.2,81752.7,109.79999999998836,0.0013290564667431865,-93.69999999999709,-0.0011328917030493419,7.69999999999709,8.39999999999418,2.8488871365306423e-05,0.0015455223719695876,0.0018042456192171041,-0.0011340993945021527,-0.0006423275725462307,-0.0007317766448343699,1.3270014738495062,0.833390030867025,0.6033804432816051,0.0015469029209309593,0.003698187110773077,0.01054766386920547,-0.0020077022319077154,-0.0020077022319077154,-0.0020077022319077154
2026-10-08 14:36:00+00:00,2026-10-08 22:36:00+08:00,82615.0,82647.0,82606.6,82606.6,2.68593599,221907.669066009,1,82647.59053610574,82612.07060570932,82492.18375306066,82467.60760906163,45.35183989670797,62.24573481619882,77.43419904797129,-15.188464231772471,74.38571428571179,7.747206090000001,0.34669737177470644,-0.00010167645100767064,-0.0008357957658657877,-0.000548081774284559,0.0019515875297317908,0.00439661985531048,0.000572748333180348,0.0006503636147576322,0.0006894829611061678,0.0009793593077471498,82781.2,82487.4,82781.2,82310.6,82781.2,81752.7,40.39999999999418,0.0004890650383866928,-8.39999999999418,-0.0001016764510076158,32.0,0.0,-6.622041632908804e-05,0.0013869950064826497,0.0016854180079683978,-0.00010167645100767064,-0.0008357957658657877,-0.000548081774284559,0.5047477118743944,0.8306925123449935,0.34669737177470644,0.0014450691863243659,0.0035961346412247686,0.010444914969169217,-0.0021091745468776457,-0.0021091745468776457,-0.0021091745468776457
2026-10-08 14:37:00+00:00,2026-10-08 22:37:00+08:00,82606.6,82640.6,82586.1,82602.5,2.1084049,174169.134882594,1,82632.56035740383,82611.15911945129,82496.50988039162,82468.94982190679,49.62034257460682,54.252646239619935,72.79788848630102,-18.545242246681084,71.95714285714037,7.6883751835,0.2742328319935325,-4.9632838054147754e-05,-0.0010255504775219526,-0.0007463932391530426,0.0025414749536065706,0.005434782608695565,0.0005532297545175726,0.0006483431364606602,0.0006770461727160968,0.000967709638757205,82781.2,82487.4,82781.2,82310.6,82781.2,81752.7,54.5,0.0006597863260797191,-4.100000000005821,-4.963283805417268e-05,34.0,16.39999999999418,-0.00010481779391047219,0.0012847830746058886,0.001619399524082965,-4.9632838054147754e-05,-0.0010255504775219526,-0.0007463932391530426,0.702302350329594,0.8171226377341273,0.2742328319935325,0.0013953646253852536,0.003546323316802491,0.010394763720342093,-0.0021587027006131354,-0.0021587027006131354,-0.0021587027006131354
2026-10-08 14:38:00+00:00,2026-10-08 22:38:00+08:00,82607.5,82618.4,82582.5,82582.5,2.32952919,192409.684690159,1,82615.87357160255,82608.42967950355,82499.88204194489,82470.07967442513,56.47106109324731,45.77654953445017,67.39362069593085,-21.61707116148068,65.14285714285403,7.6364644125,0.3050533681774033,-0.0002421234224145863,-0.0016224051491415814,-0.00029416464504139483,0.0031351579847531674,0.0057410021300408065,0.0004582240824490829,0.0006263591135349111,0.0006577045668858057,0.0009651062181809162,82781.2,82487.4,82781.2,82310.6,82781.2,81752.7,35.89999999999418,0.0004347167983530915,-25.0,-0.0003026359592046727,10.89999999999418,0.0,-0.0003138866046012989,0.0010014312264483571,0.0013631649929124467,-0.0002421234224145863,-0.0016224051491415814,-0.00029416464504139483,0.4702306818923313,0.6967019928396548,0.3050533681774033,0.001152903352512169,0.003303341246449376,0.010150123482160156,-0.002400303450541874,-0.002400303450541874,-0.002400303450541874
2026-10-08 14:39:00+00:00,2026-10-08 22:39:00+08:00,82582.5,82582.6,82539.4,82557.0,3.87554181,319984.431689065,1,82596.24904773504,82603.53161478892,82502.12196186862,82470.94455328656,49.340866290018496,36.579874913193635,61.23087153938341,-24.650996626189773,63.10714285714078,7.706852195000001,0.5028696167956027,-0.0003087821269639468,-0.0018353548836399503,0.00047141172663933695,0.0016731558582900874,0.005383919361772405,0.00044117545180621454,0.0005622441066459351,0.0006311163816501651,0.0009665030029339157,82781.2,82513.5,82781.2,82419.1,82781.2,81752.7,43.20000000001164,0.000523274828300588,-25.5,-0.0003087821269639451,0.10000000000582077,17.60000000000582,-0.0005633126560001811,0.0006651712322836012,0.0010434638184340095,-0.0003087821269639468,-0.0018353548836399503,0.00047141172663933695,0.5826875803369157,0.6990397724310111,0.5028696167956027,0.0005271864603972887,0.0016731558582900874,0.009838207178478608,-0.00270834440670098,-0.00270834440670098,-0.00270834440670098
2026-10-08 14:40:00+00:00,2026-10-08 22:40:00+08:00,82557.7,82618.3,82557.7,82567.8,4.38463716,362120.66370789,1,82586.76603182335,82600.12860385665,82504.6975712071,82471.90828907477,44.4087256027556,29.81917684910877,54.94853260132848,-25.12935575221971,63.67857142856935,7.494546340999999,0.5850437051824215,0.0001308187070752087,-0.000571324819947927,5.4503635392499916e-05,0.001065714192185041,0.00603368237389823,0.0001721819526329514,0.0005449421227821516,0.0006181018392702221,0.0009632408341036817,82781.2,82539.4,82781.2,82442.3,82781.2,81752.7,60.60000000000582,0.0007339422874293104,10.10000000000582,0.0001223386794933219,50.5,0.0,-0.0003913868465228454,0.0007648343748964948,0.0011627196813384089,0.0001308187070752087,-0.000571324819947927,5.4503635392499916e-05,0.8174083621189682,0.27856566943117733,0.5850437051824215,0.000344078100882772,0.0015222767923748215,0.009970312907096712,-0.0025778800017394188,-0.0025778800017394188,-0.0025778800017394188
2026-10-08 14:41:00+00:00,2026-10-08 22:41:00+08:00,82567.8,82587.1,82542.9,82581.7,3.14287398,259501.802794008,1,82585.0773545489,82598.37349872745,82507.71727429701,82473.00074390986,48.78795010590687,25.29134586613509,49.017095254289806,-23.725749388154718,64.17142857142711,6.749419747500001,0.4656509889111767,0.00016834649827157655,-0.00030142869940186223,-0.0004212233633718032,0.00022649370783511813,0.006406600370478577,0.00021431430823236295,0.000518176797344617,0.0005909991825946756,0.0009624529785433601,82781.2,82539.4,82781.2,82442.3,82781.2,81752.7,44.20000000001164,0.0005352275383046322,13.89999999999418,0.00016834649827165285,5.400000000008731,24.90000000000873,-0.0002018623130358721,0.0008966764339999322,0.001317998073426141,0.00016834649827157655,-0.00030142869940186223,-0.0004212233633718032,0.6067100149337995,0.3626304647181651,0.4656509889111767,0.0005124825234978925,0.0016908795606138671,0.01014033787263302,-0.0024099674805390103,-0.0024099674805390103,-0.0024099674805390103
2026-10-08 14:42:00+00:00,2026-10-08 22:42:00+08:00,82581.6,82620.9,82581.6,82595.6,1.65657927,136841.713482201,1,82588.5849030326,82598.1093559915,82511.16365569714,82474.22063700529,36.87264287786415,22.564511382428464,43.726578479917535,-21.16206709748907,58.17142857142608,6.364818236,0.2602712612640271,0.00016831816249851528,-8.353258073290348e-05,4.358775668356074e-05,-0.00020941039474453582,0.009732333327220788,0.0002378883051811267,0.0005148563946543207,0.0005810976779821071,0.0008638156072629343,82781.2,82539.4,82781.2,82442.3,82781.2,81771.4,39.29999999998836,0.00047581227087143085,14.0,0.00016952928981758648,25.29999999998836,0.0,-3.0380307867394762e-05,0.0010233323657293791,0.0014717248863611587,0.00016831816249851528,-8.353258073290348e-05,4.358775668356074e-05,0.5559621676440974,0.4093774836740126,0.2602712612640271,0.000680886946113235,0.0018594823288531348,0.010079318685995542,-0.002242054959338491,-0.002242054959338491,-0.002242054959338491
2026-10-08 14:43:00+00:00,2026-10-08 22:43:00+08:00,82595.7,82603.8,82519.0,82519.1,1.96793435,162422.40315129,1,82565.4232686884,82590.58465542088,82511.4748848855,82474.6671978311,22.86913191712557,14.068393067456782,37.79494139742538,-23.7265483299686,59.799999999997716,5.683753856499999,0.34623848950627056,-0.0009261994585667566,-0.0007677171313533737,-0.0020196865011168352,-4.3624360327454426e-05,0.0051916791829744735,0.00047675104026622083,0.00046282714878314267,0.000571134308716733,0.0007494405624810894,82781.2,82519.0,82781.2,82442.3,82781.2,81801.4,84.80000000000291,0.001027640873446304,-76.59999999999127,-0.0009274090539821234,8.10000000000582,0.10000000000582077,-0.0008655303230885592,9.241278410243581e-05,0.0005387448495224323,-0.0009261994585667566,-0.0007677171313533737,-0.0020196865011168352,1.2152545665321908,0.8347441801166182,0.34623848950627056,1.2118421213180852e-06,0.0009315606187600967,0.008773688469879692,-0.003166177827815919,-0.003166177827815919,-0.003166177827815919
2026-10-08 14:44:00+00:00,2026-10-08 22:44:00+08:00,82519.0,82579.3,82517.3,82561.2,4.09933116,338358.310343509,1,82564.01551245894,82587.78611680937,82513.42488939979,82475.52822073827,35.3761969904223,10.609971104830038,32.357947338906314,-21.747976234076276,58.79285714285444,5.030975042,0.8148184250125724,0.0005101849147650661,5.087394164027259e-05,-0.0019921185600657587,0.00019989169504519566,0.006359131881593649,0.0005457539183921453,0.0004655070042985486,0.0005767778500239761,0.0007450597319630766,82781.2,82517.3,82781.2,82442.3,82781.2,81801.4,62.0,0.0007509580771597312,42.19999999999709,0.0005113973751499302,18.10000000000582,1.6999999999970896,-0.00032191342157750213,0.0005789980317050247,0.0010387539323475359,0.0005101849147650661,5.087394164027259e-05,-0.0019921185600657587,0.8923250643770833,0.946211645210472,0.8148184250125724,0.0005320096513095063,0.0014422208016999782,0.009288349588148836,-0.0026576082492160147,-0.0026576082492160147,-0.0026576082492160147
2026-10-08 14:45:00+00:00,2026-10-08 22:45:00+08:00,82561.2,82610.7,82553.0,82610.6,2.01289739,166208.226889785,1,82579.54367497264,82589.95886758943,82517.23567805077,82476.87221854187,42.00834765529207,11.72021063718421,28.230399998561897,-16.510189361377687,58.25714285714015,4.9213510675,0.40901316780526553,0.0005983440163177534,0.0005183618795705502,-0.0006955524561469417,0.0009802531694651506,0.009160683942355918,0.000608060484531874,0.0004731685855806513,0.0005855022333123059,0.0006844854329797681,82781.2,82517.3,82781.2,82442.3,82781.2,81839.0,57.69999999999709,0.0006984575829251583,49.40000000000873,0.0005983440163176981,0.09999999999126885,8.19999999999709,0.00024992302567516944,0.0011314523709144986,0.0016213973428065298,0.0005983440163177534,0.0005183618795705502,-0.0006955524561469417,0.8367103199148325,1.0385280361646982,0.40901316780526553,0.0011306719924186748,0.0020414277622047283,0.00942826769633065,-0.0020608543968919646,-0.0020608543968919646,-0.0020608543968919646
2026-10-08 14:46:00+00:00,2026-10-08 22:46:00+08:00,82610.6,82635.5,82578.9,82604.2,4.02060032,332141.896758187,1,82587.76244998176,82591.31516591425,82520.64604361741,82478.13916164097,39.666749564784304,11.94595146010397,24.973510290870312,-13.027558830766342,59.149999999998336,5.062487526,0.7941946126979947,-7.747189827955747e-05,0.0002724574572816607,-0.0008648248518005053,0.0011623073072648538,0.00865371113186919,0.0006114649516505894,0.00047165328827698295,0.0005833109705592403,0.0006841644826846622,82781.2,82517.3,82781.2,82442.3,82781.2,81839.0,56.60000000000582,0.000685195183780072,-6.400000000008731,-7.747189827950325e-05,24.89999999999418,25.30000000000291,0.0001560071305302113,0.00101252184015177,0.0015284151611614227,-7.747189827955747e-05,0.0002724574572816607,-0.0008648248518005053,0.8143066310973304,1.0482658179124542,0.7941946126979947,0.0010531124988335527,0.0019637977106412574,0.009350065372255356,-0.0021381666368692764,-0.0021381666368692764,-0.0021381666368692764
2026-10-08 14:47:00+00:00,2026-10-08 22:47:00+08:00,82604.1,82681.9,82601.2,82650.8,3.35611724,277391.844296079,1,82608.77496665451,82596.98038820812,82525.7501203383,82479.8571799331,42.1416646792283,15.704056646631216,23.119619562022496,-7.4155629153912805,60.46428571428468,5.138134983,0.653178098882966,0.0005641359640309318,0.0006683164720637791,-0.00044142208053710164,0.0017768792376631204,0.008834694301024015,0.0006540050566039016,0.000496400385952103,0.0005908141839043543,0.0006856261151068457,82781.2,82517.3,82781.2,82487.4,82781.2,81900.0,80.69999999999709,0.0009763970826658313,46.69999999999709,0.0005653472406332989,31.09999999999127,2.900000000008731,0.0006515929703354573,0.0015152831628837404,0.0020725402045009833,0.0005641359640309318,0.0006683164720637791,-0.00044142208053710164,1.1543070264710702,1.1069555782868226,0.653178098882966,0.0016178425614992165,0.001980908599374054,0.009167277167277277,-0.0015752368895352031,-0.0015752368895352031,-0.0015752368895352031
2026-10-08 14:48:00+00:00,2026-10-08 22:48:00+08:00,82649.8,82667.4,82617.8,82667.3,3.81680482,315435.086144116,1,82628.28331110302,82603.67749409306,82531.30109601132,82481.72228262034,45.15073615330711,19.785716759753996,22.452839001568798,-2.667122241814802,58.57142857142753,5.099107023,0.7485241636984563,0.00019963509125142664,0.0017959478472255874,-0.0005972191830669882,0.0015871804284901536,0.008348082344001195,0.0002907439107513706,0.0004893477346971583,0.0005881750631350803,0.0006820591736823249,82781.2,82517.3,82781.2,82487.4,82781.2,81973.2,49.59999999999127,0.0005999954032609178,17.5,0.0002117367495142154,0.09999999999126885,32.0,0.000770213964281341,0.0016478463586859782,0.0022499253439907108,0.00019963509125142664,0.0017959478472255874,-0.0005972191830669882,0.708400504193994,0.4943152625370626,0.7485241636984563,0.001817800630897981,0.002180939149494465,0.00846740154099157,-0.001375916270843991,-0.001375916270843991,-0.001375916270843991
2026-10-08 14:49:00+00:00,2026-10-08 22:49:00+08:00,82667.2,82681.9,82649.1,82678.5,1.5851628,131045.789979093,1,82645.02220740201,82610.80344703658,82537.07360205009,82483.68026985796,59.194902982912936,23.651567654538667,22.69258473216277,0.9589829223758954,53.07142857142753,4.59733,0.34480074303998187,0.00013548283299447128,0.0014207642330781312,-0.00036634554001513386,0.0014280419473695627,0.00674462950200061,0.0002903123471935604,0.0004910979586293008,0.0005866396830242108,0.0006493533568523348,82716.4,82517.3,82781.2,82487.4,82781.2,81991.1,32.79999999998836,0.00039671740537126774,11.30000000000291,0.00013669266649896103,3.3999999999941792,18.09999999999127,0.0008194636795515464,0.0017134893663881545,0.002361918497145954,0.00013548283299447128,0.0014207642330781312,-0.00036634554001513386,0.47458156344961694,0.49487335343043803,0.34480074303998187,0.001953529744671778,0.0023167174623033304,0.008383836782284826,-0.00045819208766328945,-0.0012406198508839728,-0.0012406198508839728
2026-10-08 14:50:00+00:00,2026-10-08 22:50:00+08:00,82681.9,82707.6,82667.3,82704.1,3.01806602,249564.829276611,1,82664.71480493469,82619.6888330331,82543.62365687166,82485.87350100365,63.44827586206788,28.452999920773436,23.844667769884904,4.608332150888533,53.0642857142853,4.3961514475,0.6865245786098455,0.0003096330968752614,0.001131816013925535,0.0010784966410459784,0.0003459307775581788,0.005984520526783665,0.00023575076010022678,0.0003889015808387316,0.000531865394512154,0.0006377763661304132,82707.6,82517.3,82781.2,82487.4,82781.2,81991.1,40.30000000000291,0.00048727934890776766,22.20000000001164,0.0002684989096768657,3.5,14.599999999991269,0.0010216834287224419,0.0019441397895909596,0.002645622695548022,0.0003096330968752614,0.001131816013925535,0.0010784966410459784,0.6043766941093422,0.4432526773366517,0.6865245786098455,0.0022637677190116,0.0026270678915811807,0.008696065792506813,-4.231775556295947e-05,-0.0009313708909751695,-0.0009313708909751695
2026-10-08 14:51:00+00:00,2026-10-08 22:51:00+08:00,82704.1,82707.6,82669.9,82699.7,2.83804378,234694.539518086,1,82676.37653662314,82627.30894417281,82549.74429777866,82488.00112785934,63.39581036383524,31.53955796502123,25.38364580891217,6.155912156109061,51.86428571428613,3.324428006,0.8536938609823514,-5.320171551359554e-05,0.0011561155486041752,0.0011270285909357192,0.0005783291128214074,0.006932885914211928,0.00022805730767208834,0.0003875549582599535,0.0005290744385604389,0.000621767757841089,82707.6,82517.3,82781.2,82487.4,82781.2,81991.1,37.70000000001164,0.00045586622442417133,-4.400000000008731,-5.3201715513604896e-05,3.5,29.80000000000291,0.0008761153758027884,0.0018165495665305453,0.0025664201974358036,-5.320171551359554e-05,0.0011561155486041752,0.0011270285909357192,0.5899438035680077,0.43104956703750524,0.8536938609823514,0.0022104455671718704,0.002573726411548849,0.008642401431374847,-9.551721969935922e-05,-0.0009845230559595297,-0.0009845230559595297
2026-10-08 14:52:00+00:00,2026-10-08 22:52:00+08:00,82699.6,82730.3,82679.1,82683.4,5.7745278,477619.901332338,1,82678.7176910821,82632.65094948969,82554.98569786578,82489.94539524382,64.0490114174303,32.29809138469864,26.766534924069468,5.531556460629169,52.95714285714348,3.387508295,1.7046534789370902,-0.00019709865936634596,0.0003944305439269602,0.0009793892436669172,0.00023226499500395015,0.0067356465709325075,0.0002028807925663033,0.000392781959400202,0.00052992558575527,0.0006229033807950873,82730.3,82517.3,82781.2,82487.4,82781.2,81991.1,51.19999999999709,0.0006192294946748331,-16.20000000001164,-0.00019588970200595457,30.69999999999709,4.2999999999883585,0.0006141525163136929,0.0015555002650498029,0.0023451901177682366,-0.00019709865936634596,0.0003944305439269602,0.0009793892436669172,0.8197106094823565,0.3828477016771136,1.7046534789370902,0.0020129112319475784,0.0023761204741572506,0.008443599366272592,-0.0005669023320356015,-0.0011814276671515689,-0.0011814276671515689
2026-10-08 14:53:00+00:00,2026-10-08 22:53:00+08:00,82683.3,82683.3,82607.0,82638.5,2.77346665,229225.142536391,1,82665.31179405474,82633.20800191924,82558.26076853772,82491.42355051503,60.76618229854607,28.94254815072054,27.201737569399686,1.7408105813208543,55.328571428570804,3.3389861924999997,0.8306313623667374,-0.0005430352404471872,-0.0003483844277000214,0.0006781097690189419,0.00038374564805798705,0.006038287122987596,0.0003265510830153176,0.0004165705536518773,0.0005236936071536384,0.0006285882381605047,82730.3,82517.3,82781.2,82487.4,82781.2,81991.1,76.30000000000291,0.0009232984625810356,-44.80000000000291,-0.0005418264631431366,0.0,31.5,6.404202630783118e-05,0.0009719103904968218,0.0017829301902507755,-0.0005430352404471872,-0.0003483844277000214,0.0006781097690189419,1.2302611892874253,0.6235536935235412,0.8306313623667374,0.001468782909765487,0.0018317949165569392,0.00789597895381311,-0.0011096297245386522,-0.0017238213507414502,-0.0017238213507414502
2026-10-08 14:54:00+00:00,2026-10-08 22:54:00+08:00,82638.5,82649.4,82576.9,82621.9,8.77859704,725117.645957693,1,82650.84119603649,82632.1310493555,82560.75642467348,82492.72182364423,57.03877179286843,24.65951515371853,26.69329308626346,-2.033777932544929,56.128571428570595,3.4469301215000003,2.5467870628545897,-0.00020087489487352617,-0.0006845794251226778,0.0007861235267754285,0.00125790584126384,0.006685495387044771,0.00030783912500245236,0.00041091288930933774,0.00048397868773755444,0.0006176051743390992,82730.3,82517.3,82781.2,82513.5,82781.2,81991.1,72.5,0.0008774913188876074,-16.60000000000582,-0.0002008748948735253,10.89999999999418,45.0,-0.00012381441971287543,0.0007405888460130239,0.001565934224257104,-0.00020087489487352617,-0.0006845794251226778,0.0007861235267754285,1.2075004194243302,0.6360592579840691,2.5467870628545897,0.001267612973279375,0.0013137244208523136,0.007693517954997509,-0.0013102817226579022,-0.00192434997318236,-0.00192434997318236
2026-10-08 14:55:00+00:00,2026-10-08 22:55:00+08:00,82621.9,82685.1,82605.5,82660.0,1.73650852,143536.172311365,1,82653.894130691,82634.78523513117,82564.64832958825,82494.38628311046,59.5838433292527,24.06215864434489,26.16706619787975,-2.104907553534858,58.65714285714161,3.2980780095,0.5265213603189637,0.00046113681723625177,-0.0005332262850330505,0.0011166580676729154,0.0011712225649895824,0.006578194296625206,0.00036494175960015635,0.0004240526513347555,0.0004811072942815994,0.0006164213108876169,82730.3,82517.3,82781.2,82517.3,82781.2,81991.1,79.60000000000582,0.0009629808855553571,38.10000000000582,0.0004611368172361786,25.10000000000582,16.39999999999418,0.000305134996080314,0.001154872846198307,0.00200757559818876,0.00046113681723625177,-0.0005332262850330505,0.0011166580676729154,1.3194184760644034,0.7585454719515236,0.5265213603189637,0.0017293343335276212,0.0017293343335276212,0.008158202536616699,-0.0008497491245650357,-0.0014641005445680255,-0.0014641005445680255
2026-10-08 14:56:00+00:00,2026-10-08 22:56:00+08:00,82672.6,82719.2,82654.8,82654.8,3.63647314,300740.87306847,1,82654.19608712735,82636.69140321392,82568.18368921225,82495.98243949743,57.403701850924506,22.905116836205707,25.51467632554494,-2.609559489339233,60.44999999999917,3.345604867,1.0869404142339203,-6.29082990563079e-05,-0.0005429282089293164,0.0008851840056574023,0.00046358778210175977,0.007839106276040564,0.0003646122631885531,0.0004246000359525213,0.00046756541202183844,0.0005879595383268157,82730.3,82517.3,82781.2,82517.3,82781.2,81991.1,64.39999999999418,0.0007791441029437392,-17.80000000000291,-0.00021530712714978007,46.59999999999127,0.0,0.00021913506553317141,0.0010490276873931226,0.0019251550900560854,-6.29082990563079e-05,-0.0005429282089293164,0.0008851840056574023,1.0610431023085665,0.7798101694731929,1.0869404142339203,0.001666317244989779,0.001666317244989779,0.008094781018915365,-0.0009126039673493791,-0.001526916739549522,-0.001526916739549522
2026-10-08 14:57:00+00:00,2026-10-08 22:57:00+08:00,82654.9,82691.2,82645.0,82688.3,1.37214223,113428.196257738,1,82665.5640580849,82641.60650766974,82572.89413277256,82497.89604706461,73.71076233183604,24.409940298937727,25.2937291202235,-0.8837888212857727,57.69285714285589,3.3087917335,0.41469585894684413,0.0004053001156618663,5.926219773266794e-05,0.0011223358144984985,0.0011659724912824743,0.007748697480271849,0.0004229065868313216,0.00043327554732053856,0.00046896717558859915,0.0005871294807266418,82730.3,82517.3,82781.2,82517.3,82781.2,82046.1,46.19999999999709,0.0005587247530786953,33.40000000000873,0.0004040897756818862,2.8999999999941792,9.89999999999418,0.0005650119147420085,0.0013976241046107507,0.002307985561556203,0.0004053001156618663,5.926219773266794e-05,0.0011223358144984985,0.7571932597051612,0.9017829154045439,0.41469585894684413,0.0020722927192238227,0.0020722927192238227,0.00782730684334787,-0.000507673730181124,-0.001122235483418832,-0.001122235483418832
2026-10-08 14:58:00+00:00,2026-10-08 22:58:00+08:00,82688.3,82779.5,82688.3,82779.4,3.91222424,323740.923047948,1,82703.50937205661,82654.72969741549,82580.9924020756,82500.69708142219,76.88516510596105,32.57799354979943,26.750582006138686,5.8274115436607445,59.778571428569975,3.387926486,1.1547547611102444,0.0011017278139711095,0.0017050164269680756,0.003154421218845016,0.001128363775773522,0.007937657909957041,0.0005133333239534672,0.0004145837278615436,0.0004659649749903559,0.0005918645750179776,82779.5,82517.3,82781.2,82517.3,82781.2,82127.5,91.19999999999709,0.0011017233756224023,91.09999999999127,0.0011017278139711574,0.10000000000582077,0.0,0.0015083262995463365,0.002402581903573786,0.0033781886509729464,0.0011017278139711095,0.0017050164269680756,0.003154421218845016,1.5198128011594347,1.1016564581148867,1.1547547611102444,0.0031763036357224106,0.0031763036357224106,0.007937657909957041,-1.2080285578530692e-06,-2.174406749366753e-05,-2.174406749366753e-05
2026-10-08 14:59:00+00:00,2026-10-08 22:59:00+08:00,82779.4,82779.5,82695.9,82697.7,3.32571922,275160.021583398,1,82701.5729147044,82658.82210718545,82585.56917062166,82502.65730946774,59.94065281898964,32.088827366853366,27.81823107828162,4.2705962885717454,61.628571428570595,3.3604353564999996,0.9896691550894293,-0.0009869605239950507,0.0009174323030576303,0.001653318992456576,-0.00034209317505984327,0.006366938648850962,0.000774615158210597,0.0005070704966484098,0.0004939853788665628,0.0006062593671436714,82779.5,82553.0,82781.2,82517.3,82781.2,82127.5,83.60000000000582,0.0010109108233966099,-81.69999999999709,-0.000986960523995065,0.10000000000582077,1.8000000000029104,0.00047034172304227795,0.0013577533036877032,0.0023640776781364004,-0.0009869605239950507,0.0009174323030576303,0.001653318992456576,1.3779718772684422,1.5680932905097966,0.9896691550894293,0.001752813344154669,0.0021862082254267,0.0069428632309518346,-0.000988167360276404,-0.0010086831309524813,-0.0010086831309524813
2026-10-08 15:00:00+00:00,2026-10-08 23:00:00+08:00,82697.6,82697.6,82666.0,82666.0,2.01977286,166998.099270332,1,82689.71527646961,82659.50571602493,82588.72332079336,82504.28260987106,56.668105308588885,28.811117937308154,28.016808450086927,0.7943094872212271,59.849999999998545,3.2421921415,0.622965195105788,-0.0003833238409289841,7.258649891128677e-05,0.0006706161194809379,-2.540278535501095e-05,0.005256968858266209,0.0007908804788938693,0.0005029082416613958,0.0004820039611716335,0.0006040403906758323,82779.5,82576.9,82781.2,82517.3,82781.2,82127.5,31.60000000000582,0.0003822611472673871,-31.60000000000582,-0.0003821150795187021,0.0,0.0,7.85666925879891e-05,0.0009356807576075266,0.001960109039352842,-0.0003833238409289841,7.258649891128677e-05,0.0006706161194809379,0.5341234963865313,1.6408173845115976,0.622965195105788,0.0010789942465749824,0.001802046358763576,0.006556878025022028,-0.0013711124130973973,-0.0013916203195893928,-0.0013916203195893928
2026-10-08 15:01:00+00:00,2026-10-08 23:01:00+08:00,82666.1,82671.8,82617.1,82617.2,3.10849805,256928.424375362,1,82665.54351764641,82655.47660021302,82589.84005331127,82505.40616599175,46.39175257731901,22.021902652748395,26.817827290619224,-4.795924637870829,57.99285714285569,3.2404733450000003,0.9592728342593417,-0.0005903273413495613,-0.0004549040104144808,0.0001573769856737517,-0.000707583969654979,0.004793056938986684,0.0008376215321135126,0.0005285929761751707,0.0004934405272696011,0.0006097534824898111,82779.5,82576.9,82781.2,82517.3,82781.2,82186.1,54.69999999999709,0.0006620897343409979,-48.90000000000873,-0.0005915363129506379,5.69999999999709,0.09999999999126885,-0.0004630860747214527,0.00033127496882268126,0.0013549879844640955,-0.0005903273413495613,-0.0004549040104144808,0.0001573769856737517,0.9306050953390955,1.6975126399698042,0.9592728342593417,0.0004880299454206316,0.0012106552201780474,0.005245412545430428,-0.0019606303493014954,-0.0019811261494155907,-0.0019811261494155907
2026-10-08 15:02:00+00:00,2026-10-08 23:02:00+08:00,82617.2,82631.3,82582.5,82586.6,1.49393015,123414.238177871,1,82639.22901176428,82648.91692400225,82589.71299239711,82506.21406483761,41.588492808005256,14.010729393878137,24.25640771127101,-10.245678317392873,57.935714285713665,3.2323408889999996,0.46218211547055676,-0.00037038292268432027,-0.0012299200733356663,-0.0007767619914144097,-0.0012178411920572563,0.004320739183255151,0.0007934549322271181,0.0005135528716306157,0.0004963955780921418,0.0006125082914194272,82779.5,82576.9,82781.2,82517.3,82781.2,82205.0,48.80000000000291,0.0005908948909387589,-30.59999999999127,-0.00037038292268427484,14.10000000000582,4.100000000005821,-0.000753995651988304,-3.76922534818247e-05,0.0009743015853234116,-0.00037038292268432027,-0.0012299200733356663,-0.0007767619914144097,0.82830288527443,1.5984327162556544,0.46218211547055676,0.00011746626477870947,0.0008398238914748557,0.004642053403077773,-0.00233028708798666,-0.0023507752968063844,-0.0023507752968063844
2026-10-08 15:03:00+00:00,2026-10-08 23:03:00+08:00,82586.6,82595.8,82532.9,82543.4,4.30388099,355356.020248798,1,82607.28600784286,82638.86769314489,82587.89679661683,82506.58407414271,36.798905608754865,4.128348870348418,20.230795943086495,-16.102447072738077,60.08571428571512,3.3491382209999996,1.2850711753290758,-0.0005230872805033204,-0.002850950840426525,-0.001498778840000936,-0.002095102923593495,0.004017607899470921,0.00025058018484695803,0.0005221217468307293,0.0004981394820659976,0.0006161858518824848,82779.5,82532.9,82781.2,82517.3,82781.2,82207.4,62.90000000000873,0.0007620233719474693,-43.20000000001164,-0.0005230872805032734,9.19999999999709,10.5,-0.0011552396083085448,-0.0005387810846716468,0.0004462180354503076,-0.0005230872805033204,-0.002850950840426525,-0.001498778840000936,1.0677453110204045,0.5030321704428944,1.2850711753290758,0.0001272219926842233,0.0003162973097761146,0.004087223291333819,-0.002852155424954317,-0.0028726329166526288,-0.0028726329166526288
2026-10-08 15:04:00+00:00,2026-10-08 23:04:00+08:00,82543.5,82558.6,82494.0,82495.0,5.62788696,464391.597520141,1,82569.85733856191,82625.16600808347,82584.2537849848,82506.46880972337,30.439663236669233,-7.522272324684309,14.680182289532334,-22.20245461421664,61.821428571429614,3.425566011,1.6429071697722424,-0.0005863582067130446,-0.0024510959796947285,-0.002219440362367431,-0.002584972820304565,0.002532611628138559,0.00010739049555440464,0.0005320520262261999,0.0005069958130087872,0.0006121350805727709,82779.5,82494.0,82779.5,82494.0,82781.2,82282.1,64.60000000000582,0.0007830777622886942,-48.5,-0.0005875689787808852,15.10000000000582,1.0,-0.0015753796860237257,-0.0010807603252936948,-0.00013900497608043683,-0.0005863582067130446,-0.0024510959796947285,-0.002219440362367431,1.1043138763842333,0.21181732235043793,1.6429071697722424,1.212209372813966e-05,1.212209372813966e-05,0.0025874400385987872,-0.0034368412469271137,-0.0034368412469271137,-0.0034573067314800365
2026-10-08 15:05:00+00:00,2026-10-08 23:05:00+08:00,82495.3,82495.3,82393.7,82434.5,14.82079572,1221894.744844976,1,82524.73822570794,82607.00734064695,82578.38108753442,82505.75270216394,27.548256010836354,-21.390738818518003,7.465998067922268,-28.85673688644027,66.38571428571491,4.0659609275,3.645090541760992,-0.0007333777804715558,-0.0028004258098855983,-0.003259814205099909,-0.0021848332627246725,0.0006664271251619613,0.00013132882885795382,0.0005361142310075109,0.00048315238651044755,0.0006032157401532916,82779.5,82393.7,82779.5,82393.7,82781.2,82310.6,101.60000000000582,0.0012324936767980131,-60.80000000000291,-0.00073701168430205,0.0,40.80000000000291,-0.002088289434521884,-0.0017423578137467644,-0.0008636088979292467,-0.0007333777804715558,-0.0028004258098855983,-0.003259814205099909,1.746015766673662,0.27181657904346085,3.645090541760992,0.0004951834909707742,0.0004951834909707742,0.0015052739258369918,-0.0041676985243931375,-0.0041676985243931375,-0.004188149000014407
2026-10-08 15:06:00+00:00,2026-10-08 23:06:00+08:00,82434.5,82520.1,82420.6,82455.6,72.29136484,5963423.057060291,1,82501.69215047196,82592.58759391867,82573.56614292524,82505.25367030161,30.870003359087107,-30.329386483848793,-0.09307884243194486,-30.23630764141685,69.83571428571511,7.479499153499999,9.665268135791093,0.000255960793114518,-0.001956009160320016,-0.002951643113578317,-0.0018279411088217845,0.00012007903383692842,0.00038464813352731065,0.0005486782085458497,0.00048681339658413457,0.0005951404246701781,82779.5,82393.7,82779.5,82393.7,82781.2,82310.6,99.5,0.0012067100354615089,21.10000000000582,0.00025596079311460395,64.5,13.89999999999418,-0.0016585942868406756,-0.001428618726736941,-0.0006018243456352712,0.000255960793114518,-0.001956009160320016,-0.002951643113578317,1.6534562068839387,0.7901346516474368,9.665268135791093,0.0007512710316444071,0.0007512710316444071,0.001761620010059417,-0.003912804498698241,-0.003912804498698241,-0.003933260208839551
2026-10-08 15:07:00+00:00,2026-10-08 23:07:00+08:00,82455.5,82489.5,82421.2,82427.5,1.33704559,110248.207998269,1,82476.96143364799,82576.8649659264,82567.83805888896,82504.4800019404,31.766332526788972,-39.22856187426078,-7.920175448797711,-31.308386425463066,69.25714285714432,7.378545570999999,0.181207200949603,-0.00034078946730120574,-0.0019264626464826629,-0.0030949380407674365,-0.002118579946127519,0.0004175106896087133,0.0003852804839743879,0.000549934700277909,0.000489476627066503,0.0005909439320812118,82779.5,82393.7,82779.5,82393.7,82781.2,82310.6,68.30000000000291,0.0008286069576294672,-28.0,-0.00033957710522645546,34.0,6.30000000000291,-0.0018087991835005202,-0.001699669776855095,-0.0009330402656752002,-0.00034078946730120574,-0.0019264626464826629,-0.0030949380407674365,1.1266849059146864,0.7871274391249771,0.181207200949603,0.00041022553908853787,0.00041022553908853787,0.0014202302012134016,-0.0042522605234387445,-0.0042522605234387445,-0.00427270926248946
2026-10-08 15:08:00+00:00,2026-10-08 23:08:00+08:00,82431.6,82473.4,82370.5,82390.1,8.52267697,702323.798951116,1,82448.007622432,82559.07782631437,82560.86793893253,82503.34189246836,30.66399733066477,-48.73727693085675,-16.08359574520952,-32.65368118564723,71.42857142857247,7.613839178499999,1.1193665600484946,-0.00045373206757448603,-0.0018572048158906895,-0.003005862884732813,-0.0023297914207004444,0.0007980622998771114,0.0003803063721158541,0.0005465037003118305,0.0004935417795329314,0.0005837703298714962,82779.5,82370.5,82779.5,82370.5,82781.2,82310.6,102.89999999999418,0.0012489364620263134,-41.5,-0.0005034477069473357,41.79999999998836,19.60000000000582,-0.0020467504090810884,-0.002068388368431817,-0.0013725733997048684,-0.00045373206757448603,-0.0018572048158906895,-0.003005862884732813,1.6377803920410392,0.7705657107200958,1.1193665600484946,0.00023794926581732767,0.00023794926581732767,0.0009658537296532987,-0.004704063204054032,-0.004704063204054032,-0.004724502664856134
2026-10-08 15:09:00+00:00,2026-10-08 23:09:00+08:00,82390.0,82450.9,82388.2,82391.0,2.84356963,234361.989894108,1,82429.00508162133,82543.07041428443,82554.20645113125,82502.22406269258,26.076129491283496,-55.559919474544586,-23.978860491076535,-31.58105898346805,70.22142857142899,7.67675952,0.3704127532706665,1.0923642524973687e-05,-0.0012606824656039572,-0.002794658559050256,-0.002010731979117497,-0.00034094038881771205,0.00038969756455076984,0.0005492235689287765,0.0004918271444141917,0.0005643714025228536,82779.5,82370.5,82779.5,82370.5,82781.2,82370.5,62.69999999999709,0.0007610054496243169,1.0,1.2137395314965408e-05,59.89999999999418,1.8000000000029104,-0.0018423159390751342,-0.001976961055616955,-0.0013481341134278235,1.0923642524973687e-05,-0.0012606824656039572,-0.002794658559050256,0.9876734864355147,0.7923465977359445,0.3704127532706665,0.0002488755076148763,0.0002488755076148763,0.0002488755076148763,-0.0046931909470340205,-0.0046931909470340205,-0.004713630631109411
2026-10-08 15:10:00+00:00,2026-10-08 23:10:00+08:00,82391.0,82424.4,82350.0,82350.0,3.77995377,311404.913331923,1,82402.67005441422,82524.68275578116,82546.19835500847,82500.70939540211,24.515050167223222,-63.5427884820092,-31.89164608926307,-31.65114239274613,70.9357142857147,7.7148539075,0.4899579195304419,-0.000497627168015935,-0.001025056256785728,-0.0037503024437454124,-0.0026378321815526684,-0.001574929164560035,0.00032597735295317745,0.0005236753730248482,0.0004964738169590696,0.0005593086433983484,82779.5,82350.0,82779.5,82350.0,82781.2,82350.0,74.39999999999418,0.0009034608378869967,-41.0,-0.000497627168015924,33.39999999999418,0.0,-0.0021167334420189032,-0.0023768309009782884,-0.0018267648424670213,-0.000497627168015935,-0.001025056256785728,-0.0037503024437454124,1.1640231257875049,0.656585184994865,0.4899579195304419,0.0,0.0,0.0,-0.00518848265573002,-0.00518848265573002,-0.005208912168463309
2026-10-08 15:11:00+00:00,2026-10-08 23:11:00+08:00,82350.0,82350.1,82294.1,82335.9,6.0229368,495830.611413826,1,82380.41336960948,82506.70344570676,82537.95136069442,82499.0695009205,19.54718285516644,-70.19782501512964,-39.55288187443638,-30.644943140693258,71.63571428571491,7.8740985585,0.7649049291487859,-0.00017122040072869993,-0.0014516903642689538,-0.0038582151308818036,-0.002976446355548501,-0.002750626794084554,0.00021045144132129262,0.0005216492870372733,0.0004942958621732918,0.0005428462873996882,82779.5,82294.1,82779.5,82294.1,82781.2,82294.1,56.0,0.0006801407405518128,-14.10000000000582,-0.00017122040072866813,0.10000000000582077,41.79999999998836,-0.0020701765865505095,-0.002447981290587875,-0.001977834439922721,-0.00017122040072869993,-0.0014516903642689538,-0.0038582151308818036,0.8708765251138584,0.42576007089355705,0.7649049291487859,0.0005079343476626086,0.0005079343476626086,0.0005079343476626086,-0.005358814682379198,-0.005358814682379198,-0.005379240697163112
2026-10-08 15:12:00+00:00,2026-10-08 23:12:00+08:00,82336.0,82369.9,82300.1,82304.8,7.27886529,599266.745988809,1,82355.208913073,82487.47454611566,82528.80817007895,82497.1364710606,4.242190512919464,-77.09282144405006,-47.06086978835912,-30.03195165569094,70.10714285714286,7.949315433,0.9156593861885566,-0.0003777210184134905,-0.0014885808741014195,-0.004637899194928408,-0.003520768660800422,-0.003729441769989794,0.0002132872065651801,0.0004887188149184792,0.0004941572234943411,0.0005376923839984974,82779.5,82294.1,82779.5,82294.1,82781.2,82294.1,69.79999999998836,0.0008480671844168062,-31.19999999999709,-0.0003789350952195527,33.89999999999418,4.69999999999709,-0.0022145731472664743,-0.0027143027391998142,-0.002331432087076979,-0.0003777210184134905,-0.0014885808741014195,-0.004637899194928408,1.0689123660367201,0.4316181094287344,0.9156593861885566,0.00013002147177010315,0.00013002147177010315,0.00013002147177010315,-0.005734511563853295,-0.005734511563853295,-0.005754929863302172
2026-10-08 15:13:00+00:00,2026-10-08 23:13:00+08:00,82307.2,82312.9,82272.8,82297.2,1.69867812,139786.403326931,1,82335.87260871533,82469.35316077131,82519.72549674251,82495.14705343812,4.949381327334095,-82.22260130778886,-54.09321609224507,-28.129385215543792,66.99999999999896,7.895576006500001,0.21514302675340852,-9.23396934322529e-05,-0.0011275626561930707,-0.0058251207426002205,-0.002689074408227965,-0.0027325814594044706,0.0002084457171132676,0.00030516767153643205,0.0004699564207112265,0.0005204566688731196,82779.5,82272.8,82779.5,82272.8,82781.2,82272.8,40.09999999999127,0.00048725837574050237,-10.0,-0.00012149605380817232,5.69999999999709,24.39999999999418,-0.0020874804296779903,-0.002696633991484787,-0.0023994993706708545,-9.23396934322529e-05,-0.0011275626561930707,-0.0058251207426002205,0.6284124640068657,0.4435426518863352,0.21514302675340852,0.00029657432347018897,0.00029657432347018897,0.00029657432347018897,-0.0058263217342457985,-0.0058263217342457985,-0.005846738148275188
2026-10-08 15:14:00+00:00,2026-10-08 23:14:00+08:00,82300.6,82300.6,82164.8,82166.3,21.73020023,1786450.008574824,1,82279.34840581023,82440.49095498356,82505.86567334084,82491.87494345367,4.046349089571478,-95.74681514623808,-62.42393590304368,-33.3228792431944,74.43571428571366,8.543156166,2.543579891057326,-0.0015905765931282234,-0.0027272396256872167,-0.0064258135353219,-0.004783118462425406,-0.00458418287303719,0.0006058187381848235,0.00041103441150416853,0.0005301529352451173,0.0005556202129419529,82697.6,82164.8,82779.5,82164.8,82781.2,82164.8,135.8000000000029,0.001652745712049866,-134.3000000000029,-0.0016318228542684123,0.0,1.5,-0.003325925789710249,-0.004115654936404867,-0.003946751648896907,-0.0015905765931282234,-0.0027272396256872167,-0.0064258135353219,2.0519800618360837,1.142724481766232,2.543579891057326,1.825599283389323e-05,1.825599283389323e-05,1.825599283389323e-05,-0.0064246120806408236,-0.007407631116399527,-0.007428015056558657
2026-10-08 15:15:00+00:00,2026-10-08 23:15:00+08:00,82164.9,82210.0,82115.4,82170.5,13.49832987,1109050.860280168,1,82243.06560387349,82414.77753069942,82492.71407830786,82488.6771828223,5.249449008214285,-104.91653464762203,-70.92245565195935,-33.994078995662676,77.28571428571429,9.131247233500002,1.478256970250284,5.111584676442682e-05,-0.002179720704310828,-0.005993999951612539,-0.005327403505119288,-0.004352372539825011,0.0006636896732835573,0.00042942258136214034,0.0005122857535598697,0.0005556854236808242,82671.8,82115.4,82779.5,82115.4,82781.2,82115.4,94.60000000000582,0.0011512647482978175,5.600000000005821,6.815562363011238e-05,39.5,49.5,-0.0029640015785812324,-0.0039059701442480943,-0.0038572225145169226,5.111584676442682e-05,-0.002179720704310828,-0.005993999951612539,1.4030693509636367,1.2955458329098224,1.478256970250284,0.0006710069000455121,0.0006710069000455121,0.0006710069000455121,-0.006063736364757988,-0.007356893916972251,-0.0073772788990736915
2026-10-08 15:16:00+00:00,2026-10-08 23:16:00+08:00,82170.0,82231.6,82082.0,82099.7,7.40049129,607962.279640439,1,82195.277069249,82384.77014682328,82477.30176151148,82484.80676309273,4.858149452994056,-116.55302104160364,-80.04856872988822,-36.504452311715426,84.4857142857145,9.319448140999999,0.7940911498227308,-0.0008616230885780674,-0.0028687364806845306,-0.006263828839515262,-0.006107437636342916,-0.00495222904847159,0.0006666045792284752,0.0004434662244964689,0.0005267840017754584,0.0005644873644922641,82631.3,82082.0,82779.5,82082.0,82781.2,82082.0,149.60000000000582,0.0018221747460710066,-70.30000000000291,-0.000855543385663903,61.60000000000582,17.69999999999709,-0.003460228708719426,-0.004578250663477612,-0.004668820576846366,-0.0008616230885780674,-0.0028687364806845306,-0.006263828839515262,2.1226771626562426,1.2654229759859246,0.7940911498227308,0.0002156380205160513,0.0002156380205160513,0.0002156380205160513,-0.0064333975140171695,-0.008212178135891146,-0.008232545553821358
2026-10-08 15:17:00+00:00,2026-10-08 23:17:00+08:00,82099.7,82161.3,82064.0,82098.8,6.38011625,523763.530615465,1,82163.11804616601,82357.53489474488,82462.4585551777,82480.96589977837,5.27162977867161,-124.41348165180534,-88.92155131427165,-35.49193033753369,86.94285714285694,9.569846842,0.6666894836810806,-1.0962281226323256e-05,-0.0025028916903996334,-0.005906527209014523,-0.0066787012345917995,-0.004913689242487029,0.0007122496418208793,0.0004558031733332255,0.0005079943048609307,0.0005645477526060891,82595.8,82064.0,82779.5,82064.0,82781.2,82064.0,97.30000000000291,0.0011851573957232372,-0.8999999999941792,-1.0962281226291682e-05,61.60000000000582,34.80000000000291,-0.0031416056232808076,-0.004409989242976087,-0.0046333829339817445,-1.0962281226323256e-05,-0.0025028916903996334,-0.005906527209014523,1.369505065265999,1.4020819426624593,0.6666894836810806,0.00042405927081312633,0.00042405927081312633,0.00042405927081312633,-0.006017255114666886,-0.008223050392911269,-0.00824341758756808
2026-10-08 15:18:00+00:00,2026-10-08 23:18:00+08:00,82098.8,82160.4,82000.0,82004.3,19.11711085,1568842.008270475,1,82110.17869744402,82323.89347619774,82444.49155301387,82476.22295550197,4.824157613698674,-136.69260627061885,-98.4757623055411,-38.21684396507776,93.78571428571324,10.330091172500001,1.8506236325282537,-0.0011510521469254575,-0.0035590518267935023,-0.006531109695020909,-0.008020099846009265,-0.00644564876302911,0.0007177827744568419,0.0004955380062566993,0.0005286593739807446,0.000577630497846125,82558.6,82000.0,82779.5,82000.0,82781.2,82000.0,160.39999999999418,0.0019559949905065244,-94.5,-0.0011510521469254118,61.59999999999127,4.30000000000291,-0.003882147244288703,-0.005339247592191287,-0.005721927345734401,-0.0011510521469254575,-0.0035590518267935023,-0.006531109695020909,2.1480499596317633,1.3577415057488147,1.8506236325282537,5.243902439033832e-05,5.243902439033832e-05,5.243902439033832e-05,-0.006714018890824236,-0.009364637380027574,-0.009384981130981407
2026-10-08 15:19:00+00:00,2026-10-08 23:19:00+08:00,82000.0,82000.1,81891.3,82000.1,20.49349816,1679553.450025207,1,82073.48579829602,82293.05600227416,82427.06443328783,82471.48541365618,5.3820870994243535,-145.09029528796964,-107.79866890202682,-37.29162638594282,94.59999999999854,11.188480119500001,1.8316605956409233,-5.121682643471903e-05,-0.0020227270791065566,-0.005999151463724983,-0.008205277067193983,-0.006788952599666165,0.0005598142674272233,0.000503192580524509,0.0005248278889160951,0.0005752719340295453,82520.1,81891.3,82779.5,81891.3,82781.2,81891.3,108.80000000000291,0.0013268276502102182,0.10000000000582077,1.2195121951929361e-06,0.0,108.69999999999709,-0.003559911570984231,-0.005179905850382305,-0.005715738128055037,-5.121682643471903e-05,-0.0020227270791065566,-0.005999151463724983,1.409128222777153,1.0666625750079404,1.8316605956409233,0.0013285904607693855,0.0013285904607693855,0.0013285904607693855,-0.006301495029695792,-0.00941537457945496,-0.009435717288466372
2026-10-08 15:20:00+00:00,2026-10-08 23:20:00+08:00,82000.1,82071.0,81600.0,81668.2,97.01987755,7928266.756462875,1,81938.39053219734,82233.54590681948,82397.30504374714,82463.49252396806,0.6394182547632141,-176.4925838880299,-121.53745189922745,-54.955131988802464,121.13571428571284,15.938485353999999,6.087145383965323,-0.004047556039565858,-0.006112899398202587,-0.009295865202069598,-0.012525376613735095,-0.012183778749448204,0.0016549914532366355,0.0010690389395102947,0.0008560148157853928,0.000739271874761119,82520.1,81600.0,82779.5,81600.0,82781.2,81600.0,471.0,0.005767238655927277,-331.90000000000873,-0.004047556039565911,70.89999999999418,68.19999999999709,-0.006874881784376452,-0.008848651583447276,-0.00964417707310794,-0.004047556039565858,-0.006112899398202587,-0.009295865202069598,5.160408969535298,1.9333677673769962,6.087145383965323,0.0008357843137254406,0.0008357843137254406,0.0008357843137254406,-0.010323545414995916,-0.013424821362777006,-0.013445081733533648
2026-10-08 15:21:00+00:00,2026-10-08 23:21:00+08:00,81668.1,81900.0,81632.9,81794.0,37.76934904,3089152.512578114,1,81890.26035479823,82191.6843918843,82373.64602242372,82456.83090681415,14.62079749804488,-189.0488774192636,-135.03973700323468,-54.00914041602891,135.33571428571304,17.6715279035,2.137299572863728,0.0015403792418591244,-0.003723521523221085,-0.008023712155390328,-0.010951672134239865,-0.010379676692247819,0.0020805561315982513,0.001189076326935804,0.0009261160878299725,0.0007726861404564384,82489.5,81600.0,82779.5,81600.0,82781.2,81600.0,267.1000000000058,0.0032655206983398027,125.89999999999418,0.001541605596309871,106.0,35.20000000001164,-0.004838499111274541,-0.007036789682296374,-0.008038520272058869,0.0015403792418591244,-0.003723521523221085,-0.008023712155390328,2.695995700795092,2.2465392394524786,2.137299572863728,0.002377450980392215,0.002377450980392215,0.002377450980392215,-0.008431376114535816,-0.011905121437070787,-0.011925413016481978
2026-10-08 15:22:00+00:00,2026-10-08 23:22:00+08:00,81793.9,81821.0,81636.7,81652.6,34.20582828,2794794.972282865,1,81811.04023653216,82140.34302122865,82345.36970781887,82448.82860923391,13.09916941859258,-208.0117982494994,-149.63414925248765,-58.37764899701176,141.14999999999938,19.30712281,1.771668861104634,-0.0017287331589113109,-0.005434915004847829,-0.009400988747687244,-0.012466831310758764,-0.012237461924267001,0.0020710373385248253,0.0012262012964107782,0.0009581152213266885,0.0007970428442586755,82473.4,81600.0,82779.5,81600.0,82781.2,81600.0,184.3000000000029,0.002257123471879682,-141.29999999998836,-0.0017275126873763003,27.10000000000582,15.900000000008731,-0.0059379228682133744,-0.008412977077848827,-0.009657245865888897,-0.0017287331589113109,-0.005434915004847829,-0.009400988747687244,1.7830963237275448,2.161574404023234,1.771668861104634,0.000644607843137246,0.000644607843137246,0.000644607843137246,-0.009952299771805118,-0.013613273817792981,-0.013633530318478027
2026-10-08 15:23:00+00:00,2026-10-08 23:23:00+08:00,81652.6,81775.1,81347.0,81760.2,145.01821227,11820665.23621894,1,81794.09349102144,82104.13892396879,82322.4218761397,82441.97658327139,21.482820976491354,-211.91480689712625,-162.09028078141537,-49.82452611571088,167.25,26.342839374,5.505033463216226,0.0013177780009454576,-0.002976673174455602,-0.007645336029450278,-0.0106282180823708,-0.010248550966748593,0.0023302227373161915,0.0013255527557744205,0.0010086196535797507,0.0008181497451174283,82450.9,81347.0,82779.5,81347.0,82781.2,81347.0,428.1000000000058,0.0052360439431411105,107.59999999999127,0.001317778000945362,14.900000000008731,305.6000000000058,-0.004189057074056701,-0.0068295108832635565,-0.008269774834701593,0.0013177780009454576,-0.002976673174455602,-0.007645336029450278,3.714551870582642,2.3103086768593712,5.505033463216226,0.0050794743506212825,0.0050794743506212825,0.0050794743506212825,-0.008377106859961514,-0.012313435089605584,-0.012333718283861539
2026-10-08 15:24:00+00:00,2026-10-08 23:24:00+08:00,81760.1,81763.6,81521.7,81556.3,29.89297835,2440179.557538934,1,81714.8289940143,82051.9637883527,82292.37788099698,82433.16388095028,18.72487981716408,-228.823263166385,-175.4368772584093,-53.38638590797569,179.21428571428675,27.556093943500002,1.0848046320095823,-0.0024938784396318914,-0.005412188521721317,-0.010130960905924136,-0.01289730688836721,-0.011655624644774987,0.0024414132006153676,0.0014102158126048452,0.0010807893295230134,0.0008639577981428189,82424.4,81347.0,82779.5,81347.0,82781.2,81347.0,241.90000000000873,0.002966049219986791,-203.8000000000029,-0.002492658399390447,3.5,34.60000000000582,-0.00604085222909756,-0.00894466656512738,-0.010637270725367687,-0.0024938784396318914,-0.005412188521721317,-0.010130960905924136,2.005141735373266,2.25891682488468,1.0848046320095823,0.0025729283194217967,0.0025729283194217967,0.0025729283194217967,-0.010532075453385081,-0.014776605318949754,-0.01479683792938491
2026-10-08 15:25:00+00:00,2026-10-08 23:25:00+08:00,81556.3,81703.7,81460.7,81463.6,29.50080998,2406692.972518731,1,81631.08599600954,81995.92914184292,82259.87678762454,82423.51647914978,17.632653061224218,-246.85782846945222,-189.7210675006179,-57.136760968834324,192.5714285714296,28.290094656499996,1.042796439467615,-0.001136638126055245,-0.002505259084931377,-0.010763812993321076,-0.014473747882893684,-0.013319477298024629,0.0018274373165728425,0.001414034735438195,0.0010746071368304335,0.0008667748208099033,82369.9,81347.0,82779.5,81347.0,82781.2,81347.0,243.0,0.0029829273442371807,-92.69999999999709,-0.001136638126055217,147.39999999999418,2.900000000008731,-0.006492141102786286,-0.009680014348676158,-0.011646148091638331,-0.001136638126055245,-0.002505259084931377,-0.010763812993321076,1.9287582212139212,1.7005631676362123,1.042796439467615,0.0014333657049430126,0.0014333657049430126,0.0014333657049430126,-0.011002805636524893,-0.015896447792025703,-0.015916657405304457
2026-10-08 15:26:00+00:00,2026-10-08 23:26:00+08:00,81468.3,81531.9,81372.4,81481.9,20.19395365,1644378.478372407,1,81581.35733067302,81946.97398547693,82229.36789399221,82414.14716094929,19.172847830972188,-256.71444996366336,-203.119743993227,-53.594705970436365,198.9785714285733,25.685224097000003,0.7862089726660639,0.00022464020740531332,-0.0038156833019538094,-0.010372146293415097,-0.01419034345252801,-0.013733334140274667,0.0015307886655134067,0.0014286327713770469,0.0010797746035762265,0.0008613320924179333,82369.9,81347.0,82779.5,81347.0,82781.2,81347.0,159.5,0.001957489945619825,13.599999999991269,0.00016693609661661368,50.0,95.90000000000873,-0.005675303953985633,-0.009090035751653014,-0.011311737038650405,0.00022464020740531332,-0.0038156833019538094,-0.010372146293415097,1.2343618994888452,1.417692785553037,0.7862089726660639,0.0016583279039177334,0.0016583279039177334,0.0016583279039177334,-0.010780637101659662,-0.01567537856594936,-0.0156955927191198
2026-10-08 15:27:00+00:00,2026-10-08 23:27:00+08:00,81481.8,81581.6,81409.6,81501.8,25.46443668,2074460.978957772,1,81554.83822044868,81904.57646305056,82200.835819718,82405.06907974582,20.47512991833662,-259.92388902648236,-214.48057299987806,-45.44331602660429,208.4000000000025,26.8915936515,0.9469292526878416,0.00024422601829376944,-0.0018468487225147268,-0.009756417608693502,-0.014349067522249181,-0.013199825648973262,0.0014729266182753678,0.0014473669721705516,0.0010756352254184473,0.0008634515182738704,82312.9,81347.0,82779.5,81347.0,82781.2,81347.0,172.0,0.0021103828381704454,20.0,0.000245453585954164,79.80000000000291,72.19999999999709,-0.004917630741088752,-0.008503998928321321,-0.010961329076390913,0.00024422601829376944,-0.0018468487225147268,-0.009756417608693502,1.2887413809992412,1.369355134034742,0.9469292526878416,0.0019029589290324722,0.0019029589290324722,0.0019029589290324722,-0.009853862517296696,-0.015434980882948035,-0.015455199972940648
2026-10-08 15:28:00+00:00,2026-10-08 23:28:00+08:00,81501.9,81581.6,81441.3,81441.4,12.52245234,1020558.41928057,1,81517.02548029913,81860.4644189505,82171.05402286632,82395.48033268367,21.605953779866155,-264.2945448275568,-224.44336736541385,-39.85117746214297,208.72142857143106,27.091582419999998,0.46222668524358573,-0.0007410879268925363,-0.0038992076829558187,-0.010398895709696099,-0.016163441629197584,-0.015053316095450242,0.00113185948680578,0.0014391043355234515,0.0010339383471546712,0.0008472102118434824,82300.6,81347.0,82779.5,81347.0,82781.2,81347.0,140.3000000000029,0.0017227110535919436,-60.5,-0.0007423139828642032,79.70000000001164,0.09999999999126885,-0.005119252888742487,-0.008879696525047276,-0.011579279941465681,-0.0007410879268925363,-0.0038992076829558187,-0.010398895709696099,1.0388710638841747,1.0947069425566631,0.46222668524358573,0.0011604607422521784,0.0011604607422521784,0.0011604607422521784,-0.0104397780818124,-0.016164630131856428,-0.016184834237725543
2026-10-08 15:29:00+00:00,2026-10-08 23:29:00+08:00,81443.6,81458.0,81284.7,81363.4,51.57451729,4195747.1136126,1,81465.81698686609,81813.12495047903,82139.38131608725,82385.21087663708,20.11404872991139,-270.92916638306633,-233.74052716894437,-37.18863921412196,214.34285714285943,29.528129802999995,1.7466232245010025,-0.0009577438501794378,-0.0023652372655454945,-0.009771646039799853,-0.016134668799736906,-0.016471242414718534,0.0006611311906755454,0.0014201467696733033,0.0010335189566391336,0.0008464371969730775,82231.6,81284.7,82697.6,81284.7,82781.2,81284.7,173.3000000000029,0.0021299503216434283,-80.20000000001164,-0.0009847305374518273,14.39999999999418,78.69999999999709,-0.0054969780307407845,-0.009447128815119,-0.012402843492955729,-0.0009577438501794378,-0.0023652372655454945,-0.009771646039799853,1.2561970480521436,0.6396894671631919,1.7466232245010025,0.0009682018879322296,0.0009682018879322296,0.0009682018879322296,-0.010557985008196491,-0.01613347908524565,-0.017127077162447546
2026-10-08 15:30:00+00:00,2026-10-08 23:30:00+08:00,81362.8,81458.5,81284.7,81404.8,21.81377457,1774899.218808716,1,81445.47799124406,81774.23685995722,82110.57420565246,82375.45554453124,23.695964872435567,-269.73715573415393,-240.9398528819863,-28.797302852167633,216.07142857143066,30.429820843000005,0.716855175800944,0.0005088282938030542,-0.0007217947647784051,-0.009318429363335934,-0.015256574649795573,-0.015281589875659418,0.0006579309637911513,0.0014411301052873026,0.0010509174881927906,0.0008505613082657503,82231.6,81284.7,82671.8,81284.7,82781.2,81284.7,173.8000000000029,0.0021350092377845397,42.0,0.0005162064235744099,53.69999999999709,78.10000000000582,-0.00451776591434172,-0.008595411887935334,-0.011783310187662766,0.0005088282938030542,-0.0007217947647784051,-0.009318429363335934,1.2172374557443293,0.626053873099554,0.716855175800944,0.0014775228302497112,0.0014775228302497112,0.0014775228302497112,-0.010054528915891203,-0.015325661229101062,-0.01662696361009497
2026-10-08 15:31:00+00:00,2026-10-08 23:31:00+08:00,81404.9,81478.1,81303.0,81303.1,23.33023038,1899010.419887177,1,81398.01866082937,81729.36668281844,82078.90855052884,82364.78534010805,22.01589646198218,-273.8421370692231,-247.52030971943367,-26.32182734978943,221.6285714285737,31.295185522000004,0.7454894416139258,-0.0012493120798773294,-0.002194352365371799,-0.00970283691657814,-0.015905888846390215,-0.01660221806407436,0.0007717082073996401,0.0014491699098665124,0.0010594675583113736,0.000858839594289761,82161.3,81284.7,82631.3,81284.7,82781.2,81284.7,175.10000000000582,0.0021536694172793634,-101.79999999998836,-0.0012505389724695732,73.20000000001164,0.10000000000582077,-0.005215587739382799,-0.009451984245760658,-0.012890039544497522,-0.0012493120798773294,-0.002194352365371799,-0.00970283691657814,1.1940295632965179,0.7283924848341962,0.7454894416139258,0.0002263648632523374,0.0002263648632523374,0.0002263648632523374,-0.010445306975425117,-0.016073812223697304,-0.01785550342348252
2026-10-08 15:32:00+00:00,2026-10-08 23:32:00+08:00,81303.0,81524.0,81222.6,81524.0,31.85737068,2590688.159101149,1,81440.01244055292,81709.80795112145,82057.14743090025,82356.4193168234,34.4874362121308,-256.31593000047724,-249.27943377564242,-7.036496224834821,231.7000000000023,32.5241107915,0.9795001278966787,0.0027169935709707715,0.0002723866221359117,-0.007001320360346397,-0.012866494080153501,-0.014068665925722645,0.0016319317198442308,0.0016866501223468757,0.0012144918854663559,0.0009406659126584023,82160.4,81222.6,82595.8,81222.6,82781.2,81222.6,301.3999999999942,0.0036970708012363743,221.0,0.002718226879696936,0.0,80.39999999999418,-0.002273998137807376,-0.006497269861217236,-0.010107521960384225,0.0027169935709707715,0.0002723866221359117,-0.007001320360346397,1.938442528181033,1.3437156224535671,0.9795001278966787,0.003710789854055374,0.003710789854055374,0.003710789854055374,-0.007745824022278303,-0.012976446744265457,-0.015187023140519784
2026-10-08 15:33:00+00:00,2026-10-08 23:33:00+08:00,81523.9,81541.0,81352.1,81363.6,11.70101928,953209.057783313,1,81414.54162703529,81676.83576530036,82029.94949243359,82346.54051765104,31.326644370122494,-252.45903352210007,-249.91535372493396,-2.5436797971661065,237.12142857143044,33.0242278495,0.35431621091413823,-0.0019675187674794703,-0.0009552880967172994,-0.007813004927790357,-0.014293087030580187,-0.016358244465748628,0.001858098353532718,0.0017230847995500511,0.001246484643503962,0.0009634511733311532,82071.0,81222.6,82558.6,81222.6,82781.2,81222.6,188.89999999999418,0.002321677015274572,-160.29999999998836,-0.0019662945467524046,17.10000000000582,11.5,-0.0038350624429237534,-0.008123246406424367,-0.01193663402824241,-0.0019675187674794703,-0.0009552880967172994,-0.007813004927790357,1.1849969074747588,1.4906708744597637,0.35431621091413823,0.0017359700378958287,0.0017359700378958287,0.0017359700378958287,-0.008619366158569952,-0.014474567155935314,-0.01712466115494815
2026-10-08 15:34:00+00:00,2026-10-08 23:34:00+08:00,81359.0,81360.1,81205.2,81220.8,34.16049879,2776787.991901611,1,81349.96108469019,81633.4037876527,81998.21813978914,82335.33911946545,35.23627243928196,-257.95167550032784,-251.52261808001276,-6.429057420315075,214.79285714285965,33.645742777500004,1.0152992910842862,-0.0017550845832781103,-0.001752630789765286,-0.009503646946772082,-0.015445784593005607,-0.017990830479948983,0.0019712574931306285,0.0017458868934278212,0.0012680328682328666,0.000981874553895086,82071.0,81205.2,82520.1,81205.2,82779.5,81205.2,154.90000000000873,0.001907146937730344,-138.1999999999971,-0.0016986442802885617,1.1000000000058208,15.60000000000582,-0.005054349916928325,-0.009480915042127003,-0.013536582606993308,-0.0017550845832781103,-0.001752630789765286,-0.009503646946772082,0.9551517637913458,1.554579177334557,1.0152992910842862,0.00019210592425111805,0.00019210592425111805,0.00019210592425111805,-0.010359323025185496,-0.0157452547924688,-0.01882954113035229
2026-10-08 15:35:00+00:00,2026-10-08 23:35:00+08:00,81220.7,81283.4,81070.0,81104.6,48.75899234,3956834.51830572,1,81268.17405646014,81583.04152216196,81963.17429116995,82323.09295907278,27.10547290116881,-268.5849229134765,-254.9350790467055,-13.649843866770965,210.95714285714453,35.408775901,1.3770312895403698,-0.0014306680062249333,-0.0036877432289004197,-0.006901094918217776,-0.016132808472180904,-0.018282394238334332,0.0019509217785828282,0.0014929501299937495,0.001278465277041125,0.0009868678671654837,81900.0,81070.0,82520.1,81070.0,82779.5,81070.0,213.39999999999418,0.00263117011858753,-116.09999999999127,-0.0014294385544570691,62.69999999999709,34.60000000000582,-0.005864472729077974,-0.01047512249976934,-0.014801350572172356,-0.0014306680062249333,-0.0036877432289004197,-0.006901094918217776,1.2876950375866547,1.5259873018202215,1.3770312895403698,0.0004267916615270373,0.0004267916615270373,0.0004267916615270373,-0.009711843711843637,-0.01715339656641235,-0.020233270314510166
2026-10-08 15:36:00+00:00,2026-10-08 23:36:00+08:00,81104.7,81287.4,81075.3,81191.0,40.26329041,3269340.949403269,1,81242.44937097342,81545.70423433701,81932.89294641819,82311.82835251484,34.08934234109978,-266.962710226755,-257.3406052827154,-9.62210494403962,212.94285714285797,37.051915857,1.0866722942315357,0.0010652909945920719,-0.001378791214603159,-0.007372178888427006,-0.01533673880245856,-0.017136645255948157,0.00206997831814044,0.001451945841821206,0.0013041479891803297,0.001002360863861732,81821.0,81070.0,82489.5,81070.0,82779.5,81070.0,212.09999999999127,0.0026123585126429194,86.30000000000291,0.0010640567069479686,96.39999999999418,29.39999999999418,-0.004349759900505679,-0.009054885281584824,-0.013616856470672678,0.0010652909945920719,-0.001378791214603159,-0.007372178888427006,1.2498290316631189,1.5872265535151746,1.0866722942315357,0.0014925373134329067,0.0014925373134329067,0.0014925373134329067,-0.007699734786912882,-0.015741397389970824,-0.019189533640575296
2026-10-08 15:37:00+00:00,2026-10-08 23:37:00+08:00,81191.0,81207.3,80905.8,80989.8,88.41393896,7165201.729108168,1,81158.23291398228,81492.76097392396,81895.90890930375,82298.67384154454,25.055044683331076,-278.699578233136,-261.61239987279953,-17.087178360336452,203.9000000000004,41.1536069925,2.1483885720178284,-0.0024781071793671394,-0.006552671605907445,-0.008117316533705066,-0.017441994479997502,-0.019523622166399246,0.001383060186078788,0.0015092912015959514,0.0013518533582928451,0.0010408809280241578,81775.1,80905.8,82473.4,80905.8,82779.5,80905.8,301.5,0.00372269100553403,-201.1999999999971,-0.0024781071793671355,16.30000000000291,84.0,-0.006171848491976939,-0.011064153525754516,-0.015903948149451397,-0.0024781071793671394,-0.006552671605907445,-0.008117316533705066,1.7024692342593328,1.0230844770214955,2.1483885720178284,0.001038244476910144,0.001038244476910144,0.001038244476910144,-0.00960316771242109,-0.01798883033802401,-0.021620087098858987
2026-10-08 15:38:00+00:00,2026-10-08 23:38:00+08:00,80989.8,81250.0,80978.3,81231.8,45.94714598,3725880.295459703,1,81182.7552759882,81467.90754783596,81869.86542266438,82288.05818142967,39.745939455223336,-265.41422321554273,-262.3727645413482,-3.04145867419453,206.028571428571,42.495108748999996,1.081233754486656,0.002988030591506652,-0.0016198889921291704,-0.006462802194710848,-0.014058727929690651,-0.016355765446674497,0.0022810388588444023,0.001705208534810392,0.0015012114631372379,0.001125494247975133,81763.6,80905.8,82450.9,80905.8,82779.5,80905.8,271.6999999999971,0.003344749223826101,242.0,0.0029880305915065846,18.19999999999709,11.5,-0.0028981663447943395,-0.007793654226378455,-0.0128361053204199,0.002988030591506652,-0.0016198889921291704,-0.006462802194710848,1.482271389321806,1.5194653883587312,1.081233754486656,0.004029377374675347,0.004029377374675347,0.004029377374675347,-0.0065041167463272265,-0.014785769470072374,-0.01869665798899478
2026-10-08 15:39:00+00:00,2026-10-08 23:39:00+08:00,81231.7,81313.9,81177.1,81313.8,21.60407543,1755096.791426754,1,81226.43685065879,81453.23063851825,81848.05893550107,82278.36407017168,45.23415627386091,-245.43949523064657,-258.9861106792079,13.54661544856134,198.4428571428559,42.550637612500005,0.5077262443572272,0.0010094568875735899,0.0011450268896637805,-0.0029734061010614488,-0.013074243546018383,-0.015058686725535009,0.002179659167478651,0.0016411699463365836,0.0015231682562303742,0.001137608915917021,81703.7,80905.8,82424.4,80905.8,82779.5,80905.8,136.79999999998836,0.0016823712580151015,82.10000000000582,0.0010106891767623456,0.09999999999126885,54.59999999999127,-0.0017117877022830852,-0.006527447839930867,-0.011723179976561582,0.0010094568875735899,0.0011450268896637805,-0.0029734061010614488,0.7355545586184254,1.4310035405234869,0.5077262443572272,0.005042901744992223,0.005042901744992223,0.005042901744992223,-0.0047721217031786445,-0.01347416541703661,-0.017706074571602892
2026-10-08 15:40:00+00:00,2026-10-08 23:40:00+08:00,81310.4,81333.0,81159.1,81187.1,29.5830737,2404576.004335817,1,81213.32456710587,81427.88486342126,81822.13897724614,82267.50572121475,41.22619047619082,-237.09987079541315,-254.608862702449,17.508991907035835,199.4714285714269,39.17879742,0.7550786560104682,-0.0015581610993459227,0.001017204942753036,-0.00339415395342213,-0.014121432908318132,-0.01672201511969551,0.0022045584305413137,0.001661882103784787,0.0015368581399624406,0.001148811568027427,81581.6,80905.8,82369.9,80905.8,82779.5,80905.8,173.89999999999418,0.002141965903450107,-123.29999999998836,-0.0015164111847929462,22.60000000000582,28.0,-0.002957032026868034,-0.007761212126497163,-0.013132836734785491,-0.0015581610993459227,0.001017204942753036,-0.00339415395342213,0.9198915540454622,1.4344579849088681,0.7550786560104682,0.003476882992319519,0.003476882992319519,0.003476882992319519,-0.004835649215019111,-0.014359614373697038,-0.019236646754329234
2026-10-08 15:41:00+00:00,2026-10-08 23:41:00+08:00,81187.1,81252.2,81150.0,81225.1,11.25137103,913652.63524565,1,81217.24971140391,81408.57201928592,81798.72568402081,82257.13352498376,41.852658854013356,-224.83264514621987,-248.65361919120318,23.820974044983302,194.48571428571242,37.8528985195,0.2972393520724399,0.00046805465400301394,0.0004199972903400351,-0.0031516201757689766,-0.013491077403659735,-0.016427368291037747,0.0021620841321696948,0.001667767915741822,0.0015455911692221084,0.0011514442506781787,81581.6,80905.8,82369.9,80905.8,82779.5,80905.8,102.19999999999709,0.001258231753485032,38.0,0.00046805465400291424,27.09999999999127,37.10000000000582,-0.0022537186777142892,-0.007012648170543145,-0.012546431911224953,0.00046805465400301394,0.0004199972903400351,-0.0031516201757689766,0.5359267878117827,1.398871949597037,0.2972393520724399,0.003946565017588499,0.003946565017588499,0.003946565017588499,-0.004369857909136354,-0.013898280804031438,-0.01877759590236705
2026-10-08 15:42:00+00:00,2026-10-08 23:42:00+08:00,81225.1,81261.2,81134.1,81188.1,18.88955163,1533432.054365468,1,81207.53314093595,81387.57468411583,81774.7795787651,82246.49637548144,42.43745148384812,-215.6109424849128,-242.04508384994512,26.434141365032303,193.54285714285444,37.087084687,0.509329643713443,-0.0004555242160366735,0.002448456472296634,-0.0038489947461283203,-0.013567859954704886,-0.017040859319382595,0.00170289849483116,0.0016639635625591335,0.0015455283653992675,0.0011501857931228469,81581.6,80905.8,82312.9,80905.8,82779.5,80905.8,127.09999999999127,0.0015655003627377813,-37.0,-0.00045552421603666844,36.09999999999127,54.0,-0.002450923066451227,-0.007174333966868174,-0.012868589205909942,-0.0004555242160366735,0.002448456472296634,-0.0038489947461283203,0.6600800968309132,1.1018228671534203,0.509329643713443,0.0034892430456161527,0.0034892430456161527,0.0034892430456161527,-0.00482339154907474,-0.013664929798366865,-0.01922456646875126
2026-10-08 15:43:00+00:00,2026-10-08 23:43:00+08:00,81188.1,81240.8,81181.6,81219.2,9.41082532,764174.923963427,1,81211.42209395731,81371.53899991432,81752.99214430372,82236.27452099904,45.57070893230129,-203.44794532879314,-234.32565614571473,30.877710816921592,185.392857142854,30.3067153395,0.31051947446559747,0.00038306106436780674,-0.00015511166809067944,-0.0027283420962802563,-0.013098866061056702,-0.015752716643783193,0.0010019348492530172,0.0016658582295651122,0.0015517900030660643,0.0011502492793785829,81541.0,80905.8,82300.6,80905.8,82779.5,80905.8,59.19999999999709,0.000728891690634691,31.09999999999127,0.00038306106436770005,21.60000000000582,6.5,-0.0018721410678307349,-0.00652932853346222,-0.012367711535124726,0.00038306106436780674,-0.00015511166809067944,-0.0027283420962802563,0.306290876572857,0.6456639411733354,0.31051947446559747,0.003873640703138559,0.003873640703138559,0.003873640703138559,-0.00394648091144334,-0.0131396368920762,-0.01884886958727705
2026-10-08 15:44:00+00:00,2026-10-08 23:44:00+08:00,81219.3,81267.3,81203.8,81244.3,17.97297298,1460139.947074883,1,81222.38139597155,81359.42099992248,81733.0434327624,82226.40412775528,45.02016754576472,-189.59775729675312,-225.3800763759224,35.7823190791693,177.51428571428238,29.710715071,0.6049323598253965,0.0003090402269414483,-0.0008547134680706447,-0.0014638031350704406,-0.011221145408762512,-0.015950591803413627,0.0008589212195877887,0.0016557380329697336,0.0015418733206893943,0.0011482461921134852,81541.0,80905.8,82231.6,80905.8,82779.5,80905.8,63.5,0.0007815932933141155,25.0,0.00030780861199246974,23.0,15.5,-0.0014149682791202434,-0.005979753258111065,-0.011943902182921406,0.0003090402269414483,-0.0008547134680706447,-0.0014638031350704406,0.33249406903122153,0.5570634163406838,0.6049323598253965,0.00418387804088205,0.00418387804088205,0.00418387804088205,-0.0036386603058583544,-0.012006333331711971,-0.018545654419270474
2026-10-08 15:45:00+00:00,2026-10-08 23:45:00+08:00,81238.2,81370.5,81233.4,81233.6,12.71987645,1034083.649359917,1,81226.12093064771,81347.43804754892,81713.45741579132,82216.52547971791,47.71456757645507,-177.43937342779827,-215.7919357862976,38.35256235849934,174.7999999999967,28.8716683945,0.4405660343627081,-0.00013170154706232395,0.000572751089766621,-0.00210307008923305,-0.011401902142496367,-0.016668563114176638,0.0003938637487103748,0.0016472527685781556,0.0015404920489990276,0.0011427728079261002,81541.0,80905.8,82231.6,80905.8,82779.5,80905.8,137.10000000000582,0.001687725276240445,-4.599999999991269,-5.662360810543893e-05,132.3000000000029,0.20000000001164153,-0.0013994054426442748,-0.005872440488591701,-0.011955327398995741,-0.00013170154706232395,0.000572751089766621,-0.00210307008923305,0.7125471555747739,0.25567398998670415,0.4405660343627081,0.00405162547060911,0.00405162547060911,0.00405162547060911,-0.0037698826357291937,-0.012136453626099941,-0.018674913474954424
2026-10-08 15:46:00+00:00,2026-10-08 23:46:00+08:00,81233.7,81249.6,81166.7,81235.6,24.34844016,1977275.128077172,1,81229.28062043182,81336.78680492521,81694.7179092897,82206.7650271834,38.921327596803955,-165.73192881903378,-205.77993439284486,40.04800557381108,159.19285714285485,29.079392719999998,0.8373091004494677,2.4620354139193168e-05,0.00012927038563192994,-0.0008302266457244079,-0.010525008008555381,-0.016568164814864006,0.0003407130665699178,0.0016185126314768848,0.0015394552540125672,0.0011431546122047168,81541.0,80905.8,82161.3,80905.8,82779.5,80905.8,82.90000000000873,0.0010204885542792659,1.9000000000087311,2.3389307639670865e-05,14.0,67.0,-0.0012440472374189993,-0.005619921593945421,-0.011813687436335152,2.4620354139193168e-05,0.00012927038563192994,-0.0008302266457244079,0.43576029382063874,0.22132053899056453,0.8373091004494677,0.004076345577202156,0.004076345577202156,0.004076345577202156,-0.0037453550974355654,-0.011266861648975834,-0.018650752903798584
2026-10-08 15:47:00+00:00,2026-10-08 23:47:00+08:00,81235.5,81315.9,81186.0,81311.1,9.75447905,792525.839327173,1,81256.55374695455,81334.34044255139,81679.67406970971,82197.85293736067,47.84252486233251,-148.64795450940437,-194.35353841615677,45.705583906752395,154.97857142856915,28.2938948385,0.3447556126746788,0.0009293954867077847,0.0015150003510366883,-0.0026115009077081197,-0.009594537313578289,-0.016209159499968484,0.00040782292667189245,0.0014577199179180594,0.0015561111452567925,0.0011486732446934608,81541.0,80905.8,82160.4,80905.8,82779.5,80905.8,129.89999999999418,0.0015975678597386356,75.60000000000582,0.0009306276196983563,4.7999999999883585,49.5,-0.00028573960795563735,-0.0045124331592599765,-0.010788030412867577,0.0009293954867077847,0.0015150003510366883,-0.0026115009077081197,0.6781986466286676,0.2620782762947133,0.3447556126746788,0.005009529601091689,0.005009529601091689,0.005009529601091689,-0.0028194405268514577,-0.010337096703521231,-0.01773869134266326
2026-10-08 15:48:00+00:00,2026-10-08 23:48:00+08:00,81311.1,81367.5,81239.5,81321.4,30.17305479,2453749.558305927,1,81278.16916463638,81333.10801945126,81665.62410619168,82189.13201261082,54.63936543073208,-132.7474281470495,-182.03231636233534,49.28488821528583,152.80714285713995,29.176424961000002,1.0341587370739282,0.00012667397194210395,0.0012583231551159813,-0.0005186594496803254,-0.008327612088634528,-0.016280923654214075,0.0004113248258408311,0.0013713324647731614,0.0015500587560506758,0.0011482043638523975,81370.5,80905.8,82071.0,80905.8,82779.5,80905.8,128.0,0.0015740014313575517,10.299999999988358,0.00012667397194218694,46.10000000000582,71.60000000000582,-0.00014395145760892625,-0.0042150428648422,-0.01055774639982432,0.00012667397194210395,0.0012583231551159813,-0.0005186594496803254,0.6718257642078497,0.26536079631511966,1.0341587370739282,0.005136838150046064,0.005136838150046064,0.005136838150046064,-0.0006034127847316384,-0.009133555092541878,-0.0176142644012105
2026-10-08 15:49:00+00:00,2026-10-08 23:49:00+08:00,81321.3,81449.1,81298.5,81444.1,36.31148198,2953844.145135334,1,81333.47944309092,81343.67868426544,81656.93688634102,82181.718758754,65.56339965160014,-108.98892540564702,-167.4236381709977,58.43471276535067,148.32142857142648,28.4132731955,1.2779760265618005,0.0015088279345905065,0.0024592494488844263,0.0027492957469024137,-0.006780479536000583,-0.014930120889953158,0.0007010997372894248,0.0013372095329235397,0.001583716418262325,0.001169965628884442,81449.1,80905.8,82071.0,80905.8,82779.5,80905.8,150.60000000000582,0.0018491210535816077,122.80000000000291,0.0015100594801116425,5.0,22.80000000000291,0.0012345312796135932,-0.0026064764912412386,-0.008975460356570153,0.0015088279345905065,0.0024592494488844263,0.0027492957469024137,0.7834324978519582,0.4426927252914893,1.2779760265618005,0.006653416689532898,0.006653416689532898,0.006653416689532898,-6.138803252586644e-05,-0.0076385081210170735,-0.016132013360795727
2026-10-08 15:50:00+00:00,2026-10-08 23:50:00+08:00,81444.0,81531.9,81431.9,81531.8,23.31905443,1900082.249992984,1,81399.58629539395,81361.59500004968,81652.0295574649,82175.25190543306,65.60439560439595,-82.13666342412762,-150.36624322162368,68.22957979749606,140.31428571428427,28.488537188499997,0.8185416567970796,0.0010768121938851127,0.0036708948021508814,0.005267272139927837,-0.0016701727232876218,-0.014174629794653448,0.000637988953112798,0.0012762998808330231,0.001425744295134525,0.0011803317362769814,81531.9,80905.8,81900.0,80905.8,82779.5,80905.8,100.0,0.001226515298325316,87.80000000000291,0.0010780413535681317,0.09999999999126885,12.10000000000582,0.0020919575132496426,-0.0014724625721678208,-0.007830239524833305,0.0010768121938851127,0.0036708948021508814,0.005267272139927837,0.5552546822789254,0.4474778228396145,0.8185416567970796,0.00773739336364021,0.00773739336364021,0.00773739336364021,-1.2265137938616277e-06,-0.004495726495726493,-0.015072572315609545
2026-10-08 15:51:00+00:00,2026-10-08 23:51:00+08:00,81531.8,81541.0,81459.8,81459.8,19.73298449,1608114.676672009,1,81419.65753026264,81370.94785718781,81644.49114344668,82168.13298100089,74.4079767345246,-65.90612582124595,-133.47421974154813,67.56809392030218,124.57857142856976,28.308674894,0.6970649302338906,-0.0008830910147942239,0.0027598737499323622,0.0033107117783990336,-0.00408587426950624,-0.01499279924836483,0.0009452199423770104,0.0012973893850147839,0.0014006853964277212,0.001182998233749853,81541.0,80905.8,81821.0,80905.8,82779.5,80905.8,81.19999999999709,0.0009968106968099245,-72.0,-0.0008830910147942275,9.19999999999709,0.0,0.0010919393856407833,-0.0022621384598034977,-0.008620531528502284,-0.0008830910147942239,0.0027598737499323622,0.0033107117783990336,0.46726227976507234,0.6748267275347337,0.6970649302338906,0.006847469526288563,0.006847469526288563,0.006847469526288563,-0.0009958180547209317,-0.004414514611163378,-0.01594235287722201
2026-10-08 15:52:00+00:00,2026-10-08 23:52:00+08:00,81459.8,81470.6,81366.5,81377.3,8.36943529,681320.45720684,1,81405.53835350844,81371.55282316993,81634.01305938994,82160.26399611532,59.05639238142674,-59.02002227686171,-118.58338024861084,59.56335797174913,112.60714285714182,27.134278124500003,0.3084451059135822,-0.0010127694887539507,0.0008141569847166519,0.004784553116565338,-0.0033716011492591624,-0.015796399277242967,0.001131853017717065,0.001123084475710622,0.001378527646208898,0.001187047456477205,81541.0,80978.3,81775.1,80905.8,82779.5,80905.8,104.10000000000582,0.0012792265164856271,-82.5,-0.001012769488753962,10.80000000000291,10.80000000000291,7.062882089226008e-05,-0.0031446825871854767,-0.009529716167323121,-0.0010127694887539507,0.0008141569847166519,0.004784553116565338,0.6089514574189258,0.8210593533106025,0.3084451059135822,0.004927245941196645,0.005827765129323259,0.005827765129323259,-0.002007579009332683,-0.004864561461863093,-0.01693897643740294
2026-10-08 15:53:00+00:00,2026-10-08 23:53:00+08:00,81377.3,81377.3,81229.7,81229.8,9.37938983,762726.821539332,1,81346.95890233896,81358.0525542966,81618.16156686484,82151.00564789526,45.165745856353524,-64.71871582725726,-107.81044736434012,43.091731537082865,113.37857142857163,27.018196652,0.34715084618002057,-0.0018125447760002356,-0.001126394774315087,-2.4620899696903287e-05,-0.006487263974403135,-0.01704653400049605,0.001438300756359271,0.0009834486476500406,0.0013850551084386448,0.0012032966420162227,81541.0,81134.1,81763.6,80905.8,82779.5,80905.8,147.60000000000582,0.0018170671354602107,-147.5,-0.0018125447760001868,0.0,0.10000000000582077,-0.0015763965614959963,-0.004758273886709352,-0.01121356507604554,-0.0018125447760002356,-0.001126394774315087,-2.4620899696903287e-05,0.9145984057738914,1.0384429815075367,0.34715084618002057,0.0011795287061791004,0.004004657268082079,0.004004657268082079,-0.0038164849584870764,-0.00652857750881819,-0.01872081856015073
2026-10-08 15:54:00+00:00,2026-10-08 23:54:00+08:00,81229.8,81250.1,81186.6,81187.0,19.84106301,1611260.729465193,1,81293.63926822598,81341.76183483978,81601.25327012505,82141.4135518963,49.99362976175272,-71.86021401258768,-100.62040069398964,28.76018668140196,105.49285714285777,26.302224863,0.754349227616517,-0.0005269002262716649,-0.0031567664201581636,-0.0015593909028972508,-0.004528160301534023,-0.01736706611685268,0.0010645189866559694,0.0009501128538467908,0.0013184617215513596,0.00120364269062755,81541.0,81134.1,81703.7,80905.8,82779.5,80905.8,63.5,0.0007821449246800597,-42.80000000000291,-0.0005269002262716751,20.30000000000291,0.39999999999417923,-0.0019026122787212385,-0.00507655524301498,-0.011619151785028703,-0.0005269002262716649,-0.0031567664201581636,-0.0015593909028972508,0.4086567812271436,0.807394685227122,0.754349227616517,0.0006520069859652367,0.0034756469869898776,0.0034756469869898776,-0.004341374277970544,-0.00632407100290433,-0.019237854782887087
2026-10-08 15:55:00+00:00,2026-10-08 23:55:00+08:00,81187.0,81302.9,81135.2,81135.2,15.67031399,1273034.557010545,1,81240.82617881731,81322.08927914075,81582.97667129661,82131.40147675306,44.372104670088326,-80.76867881292128,-96.65005631777598,15.881377504854697,110.17142857142919,24.6477909455,0.6357695107301681,-0.000638033182652431,-0.004864359673158236,-0.000639264119546179,-0.004031248312129643,-0.01844664892330028,0.0005063828933882738,0.0008763339178763928,0.0013087077271600927,0.0012003576354848058,81541.0,81134.1,81581.6,80905.8,82779.5,80905.8,167.6999999999971,0.002066920399530624,-51.80000000000291,-0.0006380331826524309,115.89999999999418,0.0,-0.0022981367153425136,-0.00548860423542441,-0.012129361715993991,-0.000638033182652431,-0.004864359673158236,-0.000639264119546179,1.0974367407997203,0.3869335244830633,0.6357695107301681,1.3557801220365207e-05,0.002835396226228415,0.002835396226228415,-0.004976637519775395,-0.0054718220775273885,-0.019863613575825
2026-10-08 15:56:00+00:00,2026-10-08 23:56:00+08:00,81135.1,81178.3,81026.1,81038.0,30.83313637,2500574.530749661,1,81173.21745254488,81295.03315731783,81561.60503712812,82120.52186006895,41.26207940388829,-94.58165062157786,-96.23637517853636,1.6547245569584987,111.96428571428676,24.176283243500002,1.2753464235777328,-0.0011980003746832057,-0.005178014186138502,-0.0023034751573097756,-0.005447835654298627,-0.019560872447819122,0.0005117011159952547,0.0009118929177873137,0.0013209885669668397,0.0012053388843958855,81541.0,81026.1,81581.6,80905.8,82779.5,80905.8,152.1999999999971,0.0018781312470692402,-97.10000000000582,-0.001196769339040758,43.19999999999709,11.89999999999418,-0.0031617326094255382,-0.006419749058270252,-0.013182111310903966,-0.0011980003746832057,-0.005178014186138502,-0.0023034751573097756,0.998601210133141,0.3873622594404329,1.2753464235777328,0.00014686625667525988,0.0016339990458038578,0.0016339990458038578,-0.006168675880845242,-0.006663267207311474,-0.021037817334001785
2026-10-08 15:57:00+00:00,2026-10-08 23:57:00+08:00,81038.7,81111.4,81024.3,81088.8,19.84904047,1609038.00015109,1,81145.07830169659,81275.39190423994,81543.06366312309,82110.25597091405,42.57910311859815,-100.27350431073864,-97.04380100497683,-3.2297033057618165,113.95714285714348,20.748038319,0.9566707061565072,0.000626866408351745,-0.003545214697464827,-0.001223085649251554,-0.005067372745141796,-0.019343728193710552,0.0009054923394581176,0.0009289390517313322,0.00132707145136752,0.0012079615939901143,81541.0,81024.3,81581.6,80905.8,82779.5,80905.8,87.09999999999127,0.0010741310760547852,50.10000000000582,0.0006182231452380877,22.59999999999127,14.39999999999418,-0.002295798271385485,-0.005570843707807915,-0.012440053423726671,0.000626866408351745,-0.003545214697464827,-0.001223085649251554,0.5818000531981461,0.682323727577009,0.9566707061565072,0.0007960574790526476,0.0022618897532686866,0.0022618897532686866,-0.005545676408187261,-0.0060405777773420155,-0.020424138826641847
2026-10-08 15:58:00+00:00,2026-10-08 23:58:00+08:00,81088.8,81110.0,81021.3,81021.3,4.37853043,354936.827578912,1,81103.81886779773,81251.1926752647,81522.60234300062,82099.42058811888,37.893593919652545,-108.97483122604899,-99.43000704919126,-9.54482417685773,115.75714285714328,18.6696075415,0.2345271811561717,-0.0008324207535442829,-0.002566791990131656,-0.002436615972577827,-0.0051583101469275805,-0.021238375731160053,0.0006867267723858119,0.0009385144620172498,0.0013285343303321867,0.0011949860828456887,81541.0,81021.3,81541.0,80905.8,82779.5,80905.8,88.69999999999709,0.0010947738434213853,-67.5,-0.0008324207535442625,21.19999999999709,0.0,-0.002829406777861143,-0.0061492436280605745,-0.013131890339734054,-0.0008324207535442829,-0.002566791990131656,-0.002436615972577827,0.5997810758257893,0.5169055527636255,0.2345271811561717,0.0,0.001427586155751559,0.001427586155751559,-0.006373480825596856,-0.006373480825596856,-0.021239558103153477
2026-10-08 15:59:00+00:00,2026-10-08 23:59:00+08:00,81021.3,81069.6,81000.0,81031.3,11.26681475,913006.884559356,1,81079.64591186517,81230.25051571567,81503.33558445158,82088.79252256546,39.00901879821785,-113.75251093205588,-102.2945078257642,-11.458003106291685,110.9357142857147,18.1527445075,0.6206672905766396,0.000123424334094846,-0.0019177947208296464,-0.0026217223854473337,-0.00408168783507068,-0.020150499953444867,0.0007428896815731673,0.0009330649570623169,0.0013211147677471581,0.0011936623898677757,81541.0,81000.0,81541.0,80905.8,82697.6,80905.8,69.60000000000582,0.0008589273527637569,10.0,0.00012342433409486147,38.30000000000291,21.30000000000291,-0.002449217064487308,-0.005791610626321719,-0.012882300860677987,0.000123424334094846,-0.0019177947208296464,-0.0026217223854473337,0.4817527217890609,0.5623203219807966,0.6206672905766396,0.0003864197530865088,0.00155118668871701,0.00155118668871701,-0.006250843134128825,-0.006250843134128825,-0.020149315094996734
2026-10-08 16:00:00+00:00,2026-10-09 00:00:00+08:00,81035.3,81158.9,81001.0,81089.2,17.08128442,1384957.577807154,1,81082.83060791012,81216.81713326657,81487.09497329663,82078.84632831109,42.501536570374455,-111.5805789532169,-104.15172205125475,-7.428856901962149,116.29285714285652,17.527655043499998,0.9745333518721015,0.0007145387029456884,-0.0005669549098294979,-0.0017775895688484367,-0.0038769212626282856,-0.01907434737376923,0.0008635553017189674,0.0009610080597527577,0.0013251020981273126,0.0012013536582152456,81541.0,81000.0,81541.0,80905.8,82671.8,80905.8,157.89999999999418,0.001947238349866495,53.89999999999418,0.0006651422281400103,69.69999999999709,34.30000000000291,-0.0015713141412223575,-0.004882920092157184,-0.012057264113491062,0.0007145387029456884,-0.0005669549098294979,-0.0017775895688484367,1.0960090782360778,0.6516896342850701,0.9745333518721015,0.0011012345679011215,0.0022668337745872513,0.0022668337745872513,-0.005540770900528624,-0.005540770900528624,-0.019143166109846455
2026-10-08 16:01:00+00:00,2026-10-09 00:01:00+08:00,81089.3,81109.9,80907.8,81068.2,33.10602172,2680711.447026931,1,81077.95373860674,81202.66312057452,81470.66771944186,82068.79014593983,36.82326136486875,-110.28256297031476,-105.37789023506676,-4.904672735247999,121.44999999999916,18.620387578,1.7779448242589102,-0.00025897406806330014,0.0003726646758310803,-0.002060672906952221,-0.0028891887271211836,-0.01874912245876159,0.0006424293372399275,0.0009607877700259628,0.0013084517117039637,0.001200852425349612,81541.0,80907.8,81541.0,80905.8,82631.3,80905.8,202.09999999999127,0.00249296271534327,-21.10000000000582,-0.00026020695702152835,20.59999999999127,160.39999999999418,-0.0016558954522817304,-0.00494003216995631,-0.01219209085646955,-0.00025897406806330014,0.0003726646758310803,-0.002060672906952221,1.394295982189872,0.4909843683901089,1.7779448242589102,0.0019825035410676595,0.0020072726553597153,0.0020072726553597153,-0.005798310052611555,-0.005798310052611555,-0.018916560673739924
2026-10-08 16:02:00+00:00,2026-10-09 00:02:00+08:00,81070.2,81140.5,80909.2,81140.5,27.62285431,2238057.434174116,1,81098.8024924045,81196.74282337696,81457.71996573826,82059.55342806978,40.80512351326664,-102.24129616923165,-104.75057142189974,2.5092752526680897,128.8285714285708,19.057052711999997,1.4494819701372932,0.0008918416839156507,0.0006375726364182821,-0.0020981145255691835,-0.0047041362052892,-0.017510104544805172,0.0007070465247009566,0.0009578547392440658,0.0012120458569967708,0.0012108745768459814,81541.0,80907.8,81541.0,80905.8,82595.8,80905.8,231.3000000000029,0.0028506109772555373,70.30000000000291,0.0008671497048237567,0.0,161.0,-0.0006926733933072526,-0.003894289772309878,-0.011199834628339511,0.0008918416839156507,0.0006375726364182821,-0.0020981145255691835,1.6198889283880404,0.5833496485462104,1.4494819701372932,0.002876113304279615,0.002900904508700286,0.002900904508700286,-0.004911639543297208,-0.004911639543297208,-0.017619539976609033
2026-10-08 16:03:00+00:00,2026-10-09 00:03:00+08:00,81140.5,81205.5,81059.8,81068.6,18.5731173,1506675.366763367,1,81088.73499493634,81184.53874496011,81442.46035923873,82049.69319495467,29.874584628577423,-100.51162792144169,-103.90278272180814,3.3911548003664507,128.47857142857018,19.515167311000003,0.9517272900617664,-0.0008861172903789072,0.0005837971002686793,-0.0031086528269310687,-0.0036256999444469473,-0.017866964530174334,0.0007254436901649922,0.0009733167493111692,0.0011717371060603712,0.0012129456543518654,81541.0,80907.8,81541.0,80905.8,82558.6,80905.8,145.6999999999971,0.0017972433223220467,-71.89999999999418,-0.0008861172903789622,65.0,8.80000000000291,-0.00142808897793123,-0.004590484589852006,-0.011957304856991091,-0.0008861172903789072,0.0005837971002686793,-0.0031086528269310687,1.0315491850766785,0.6191181335923447,0.9517272900617664,0.0019874474401726516,0.00201221667667828,0.00201221667667828,-0.005793404544952807,-0.005793404544952807,-0.01804778666304907
2026-10-08 16:04:00+00:00,2026-10-09 00:04:00+08:00,81068.5,81123.8,81006.1,81063.0,7.54160692,611236.797200115,1,81080.1566632909,81172.96362639248,81427.57956083721,82039.8753522188,22.449459332392962,-98.45776672534703,-102.81377952251593,4.356012797168901,129.74285714285568,18.993599008,0.39706044740775653,-6.907729996574741e-05,0.00039120685463522875,-0.004679283091101771,-0.0019428520773003832,-0.017358627795624026,0.0007301068813533072,0.0008523699922575013,0.0011303306212149223,0.0012127119999278033,81541.0,80907.8,81541.0,80905.8,82520.1,80905.8,117.69999999999709,0.0014519571197710063,-5.5,-6.784386043901146e-05,55.30000000000291,56.89999999999418,-0.0013546829077055733,-0.004477347390202446,-0.011907323701124906,-6.907729996574741e-05,0.00039120685463522875,-0.004679283091101771,0.8406893903712426,0.6459232968213854,0.39706044740775653,0.0019182328527038717,0.0019430003782174854,0.0019430003782174854,-0.005862081652174944,-0.005862081652174944,-0.01765751616878808
2026-10-08 16:05:00+00:00,2026-10-09 00:05:00+08:00,81063.0,81116.5,81004.3,81011.3,21.61781687,1752130.904818714,1,81057.20444219394,81157.56709054556,81411.25487217694,82029.64077159972,22.998193859121017,-99.85080690818722,-102.2211849996502,2.3703780914629817,131.9571428571414,19.438496029,1.1121136551793258,-0.000637775557282616,-0.000960670471530034,-0.006384012127783278,-0.0011503663170769896,-0.01726461614979158,0.0006846208749995886,0.0007630676449833709,0.0011062920117009606,0.001212183716591485,81541.0,80907.8,81541.0,80905.8,82520.1,80905.8,112.19999999999709,0.0013849919702559653,-51.69999999999709,-0.0006377755572825715,53.5,7.0,-0.0018022606614411796,-0.00491277124772127,-0.01241430246458286,-0.000637775557282616,-0.000960670471530034,-0.006384012127783278,0.8216788213000004,0.6188428260879886,1.1121136551793258,0.0012792338933946823,0.001303985622786108,0.001303985622786108,-0.006496118517064997,-0.006496118517064997,-0.018284030193855827
2026-10-08 16:06:00+00:00,2026-10-09 00:06:00+08:00,81013.9,81040.5,80928.5,80957.3,20.53574135,1662797.643904605,1,81023.90296146263,81138.49403430312,81393.45272032687,82018.97071417086,23.815461346633413,-104.11201153112052,-102.59935030594427,-1.5126612251762452,132.5214285714267,19.2478610885,1.0669103052842306,-0.0006665736755242513,-0.0013679839937237315,-0.006168686886046881,-0.0028783978519786313,-0.01817099141841183,0.000718037849434748,0.0007558292599384778,0.0010918385579871497,0.0012109980503665833,81470.6,80907.8,81541.0,80905.8,82489.5,80905.8,112.0,0.0013834453471150841,-56.59999999999127,-0.000698645541073708,26.60000000000582,28.80000000000291,-0.002233145148423765,-0.005358572535625328,-0.012944209186319777,-0.0006665736755242513,-0.0013679839937237315,-0.006168686886046881,0.8412048111351869,0.65764104425702,1.0669103052842306,0.0006118075142322876,0.0006365427447723171,0.0006365427447723171,-0.006300432303186665,-0.007158362050992739,-0.018574485237515037
2026-10-08 16:07:00+00:00,2026-10-09 00:07:00+08:00,80951.1,81057.5,80799.9,81032.2,84.89068115,6870722.468561443,1,81026.66864097508,81128.37079294091,81379.28594698072,82009.15210009951,36.454620235809756,-100.28917171682406,-102.13731458812023,1.8481428712961758,140.37857142856956,23.004671193500002,3.690149728112001,0.0009251790758830758,-0.0013347218713219977,-0.004240740353882555,0.0005235227152060595,-0.016927603045100326,0.0007315914363135665,0.0008095540121409284,0.0010094407937026992,0.0012213459691817964,81377.3,80799.9,81541.0,80799.9,82473.4,80799.9,257.6000000000058,0.003178983169653617,81.09999999999127,0.0010018393820465845,25.30000000000291,151.20000000001164,-0.0011854150650499884,-0.004265040457676728,-0.011912720410851896,0.0009251790758830758,-0.0013347218713219977,-0.004240740353882555,1.9545216623508233,0.7247492283624066,3.690149728112001,0.0028750035581728284,0.0028750035581728284,0.0028750035581728284,-0.004240740353882555,-0.006239805741896753,-0.017474725184119966
2026-10-08 16:08:00+00:00,2026-10-09 00:08:00+08:00,81032.6,81121.7,80982.4,81118.1,21.46644416,1740719.436289174,1,81057.14576065006,81127.39262218465,81369.04336082461,82000.28591004878,45.54045307443403,-89.29875110200373,-99.56960189089693,10.270850788893199,145.79285714285547,22.569340662,0.9511329764339574,0.0010600724156570873,0.0006105939907683489,-0.0013751111045453568,-0.0013996981477696346,-0.015438748102017064,0.0008307667682018761,0.0007601376562615877,0.0008648469385501239,0.0012333521753099268,81302.9,80799.9,81541.0,80799.9,82450.9,80799.9,139.3000000000029,0.001717249294547122,85.5,0.001055130897934905,3.599999999991269,50.20000000001164,-0.00011454358243612184,-0.003084015129830364,-0.010758327245547705,0.0010600724156570873,0.0006105939907683489,-0.0013751111045453568,1.0922405301958054,0.9605939862545139,0.9511329764339574,0.003938123685796713,0.003938123685796713,0.003938123685796713,-0.002272981652560846,-0.005186347972185645,-0.016164772003701477
2026-10-08 16:09:00+00:00,2026-10-09 00:09:00+08:00,81112.6,81161.1,81043.7,81137.8,34.47279468,2797088.593457405,1,81084.03050710005,81128.3838010242,81359.97499373346,81991.70396069507,50.17558076715329,-78.09886314335745,-95.27545414138905,17.1765909980316,142.19999999999916,22.477406296999998,1.5336642593234164,0.0002428557868094927,0.0009227391041535249,-0.0006060083510907033,-0.0021644542500780517,-0.015210399194086732,0.0008244848578209055,0.0007546045291518356,0.0008436416334499987,0.0012345738794767994,81302.9,80799.9,81541.0,80799.9,82424.4,80799.9,117.40000000000873,0.0014469211637486933,25.19999999999709,0.00031067922862782214,23.30000000000291,68.90000000000873,0.00011606540811781585,-0.002730765265728796,-0.01041451658456094,0.0002428557868094927,0.0009227391041535249,-0.0006060083510907033,0.9249178852667591,0.9772927569366707,1.5336642593234164,0.004181935868732722,0.004181935868732722,0.004181935868732722,-0.002030677872498887,-0.004944751719993534,-0.015609455452511578
2026-10-08 16:10:00+00:00,2026-10-09 00:10:00+08:00,81145.8,81290.3,81145.8,81241.8,29.23525991,2374172.120439625,1,81136.6203380667,81139.1853437838,81355.3406802537,81984.24222974289,63.637580299786116,-60.137710319424514,-88.24790537699614,28.11019505757163,142.22142857142794,22.773216571,1.2837562853211053,0.0012817700258078712,0.002845282077932332,0.001313856377996414,0.0006737523572093451,-0.013457194899817781,0.0007920019793405459,0.0008069464568565528,0.0008303447894202453,0.001249915547129395,81290.3,80799.9,81541.0,80799.9,82369.9,80799.9,144.5,0.0017786410443884797,96.0,0.001183055684952271,48.5,0.0,0.001264674469942273,-0.0013956143420251754,-0.009055913789656644,0.0012817700258078712,0.002845282077932332,0.001313856377996414,1.1458343715577424,0.9538230256054587,1.2837562853211053,0.005469066174586867,0.005469066174586867,0.005469066174586867,-0.0005966271498567544,-0.0036693197287254176,-0.013695536840520495
2026-10-08 16:11:00+00:00,2026-10-09 00:11:00+08:00,81241.9,81245.9,81142.5,81142.5,26.2471989,2131176.381800502,1,81138.58022537781,81139.50102532821,81346.99398691043,81975.86668516834,53.37438733190885,-53.30161952781782,-81.25864820716049,27.95702867934267,143.38571428571387,23.0989272915,1.136295143439778,-0.0012222772021299733,0.0022876256989794452,0.0012895184974950347,-0.0010169270336386482,-0.014494284995973716,0.0010159923590537813,0.0008097291669323704,0.0008560408777778113,0.0012564968018967337,81290.3,80799.9,81541.0,80799.9,82369.9,80799.9,103.39999999999418,0.0012743013833686932,-99.39999999999418,-0.0012235065895799357,4.0,0.0,3.6960723616585867e-05,-0.0025138481078149644,-0.0101660002982209,-0.0012222772021299733,0.0022876256989794452,0.0012895184974950347,0.8206459873214518,1.1868502841723945,1.136295143439778,0.004240104257554833,0.004240104257554833,0.004240104257554833,-0.0018181751082232411,-0.00488711200500358,-0.01490107430019938
2026-10-08 16:12:00+00:00,2026-10-09 00:12:00+08:00,81142.5,81146.5,81056.0,81074.6,20.93617377,1697496.448412281,1,81117.25348358521,81133.31997529695,81336.31186977668,81966.89885745522,53.347569400829265,-52.75480629190861,-75.55787982411012,22.80307353220151,143.5142857142855,23.7272642155,0.8823677934316295,-0.0008367994577440641,0.000523248782582808,-0.00017511666222702615,-0.0013979881288020968,-0.014946880376357163,0.0011140698074377255,0.0008279108858354339,0.0008653017742676098,0.0012587297385864514,81290.3,80799.9,81541.0,80799.9,82312.9,80799.9,90.5,0.0011162558927210247,-67.89999999999418,-0.0008367994577440205,4.0,18.60000000000582,-0.0007237467333375269,-0.0032176510559721594,-0.010886087797550736,-0.0008367994577440641,0.000523248782582808,-0.00017511666222702615,0.7258652510136417,1.2874928037454592,0.8823677934316295,0.0033997566828674053,0.0033997566828674053,0.0033997566828674053,-0.002653453118022675,-0.005719821930071922,-0.015043814517529897
2026-10-08 16:13:00+00:00,2026-10-09 00:13:00+08:00,81074.6,81140.4,81046.1,81069.7,32.61517817,2644717.149331535,1,81101.40232239015,81127.26093003058,81325.85650233446,81957.97150563974,52.42730720606791,-52.11608018066909,-70.86951989542192,18.75343971475283,145.27857142856996,24.8890536325,1.3104225918582644,-6.043816435741256e-05,-0.0005966609178470472,0.0005973737770190723,-0.0018406977660454515,-0.014915452773605953,0.000978389289605225,0.0007966286395739837,0.0008614940419817694,0.001258804278322392,81290.3,80799.9,81541.0,80799.9,82300.6,80799.9,94.29999999998836,0.0011631966073636433,-4.900000000008731,-6.0438164357378645e-05,65.79999999998836,23.59999999999127,-0.0007095140322834759,-0.0031497547440783036,-0.010838134342778583,-6.043816435741256e-05,-0.0005966609178470472,0.0005973737770190723,0.7493351817567231,1.1356889797572498,1.3104225918582644,0.0033391130434567984,0.0033391130434567984,0.0033391130434567984,-0.002713730912544343,-0.0057799143988913615,-0.01495614855784777
2026-10-08 16:14:00+00:00,2026-10-09 00:14:00+08:00,81069.4,81069.4,81011.7,81022.7,20.99685861,1701546.861341532,1,81075.16821492676,81117.30274621813,81313.96801204684,81948.66532150403,45.73772593257278,-54.771026045884355,-67.6498211255144,12.878795079630052,138.14285714285612,24.946843412499998,0.841663943722804,-0.0005797480439670988,-0.001418574326639388,-0.00010613182807139854,-0.002727575965329354,-0.013918114847571439,0.0009714721644153996,0.0008119183578290282,0.0008636077588430478,0.0012472652186753578,81290.3,80799.9,81541.0,80799.9,82231.6,80799.9,57.69999999999709,0.0007121461022651318,-46.69999999999709,-0.000576049656220437,0.0,11.0,-0.001166246201677934,-0.0035820169543773206,-0.011299333770370179,-0.0005797480439670988,-0.001418574326639388,-0.00010613182807139854,0.4594520908418418,1.124899764352343,0.841663943722804,0.002757429155234137,0.002757429155234137,0.002757429155234137,-0.0032919056763230925,-0.00635631154879146,-0.014701161110813987
2026-10-08 16:15:00+00:00,2026-10-09 00:15:00+08:00,81022.7,81057.1,80980.0,81048.1,22.73242659,1841375.516777877,1,81066.14547661785,81110.71200848308,81303.54181549599,81939.70447253383,48.71892925430268,-54.20072977451491,-64.96000285531451,10.759273080799602,129.21428571428572,25.2999490425,0.8985166947100581,0.0003134923916385812,-0.002384240624899947,-0.0005068492474952224,-0.0022835378464083345,-0.0136594033138413,0.0006111163522137697,0.0007928484150137978,0.0008666980018057746,0.0012487366074152063,81290.3,80799.9,81541.0,80799.9,82231.6,80799.9,77.10000000000582,0.000951286951822508,25.40000000000873,0.00031349239163850045,9.0,42.69999999999709,-0.0007719326699601181,-0.0031418288772174785,-0.010881226363620766,0.0003134923916385812,-0.002384240624899947,-0.0005068492474952224,0.6236139930188537,0.7051087586916115,0.8985166947100581,0.0030717859799331837,0.0030717859799331837,0.0030717859799331837,-0.0029794452720680598,-0.006044811812462414,-0.014392277421331978
2026-10-08 16:16:00+00:00,2026-10-09 00:16:00+08:00,81048.1,81055.0,80953.5,80953.6,9.0670549,734720.611181633,1,81028.63031774524,81095.74896005612,81289.81860704516,81929.8924877325,38.41576794347394,-60.67470586075797,-64.10294345640321,3.4282375956452427,119.94285714285694,24.211644968999998,0.3744914858783547,-0.0011659742794710715,-0.002328003204239426,-0.0014136245778244572,-0.0034713844669086447,-0.013959856126148917,0.0005942397625839122,0.0008441956562483239,0.0008889135116595804,0.0012519662779816674,81290.3,80799.9,81541.0,80799.9,82161.3,80799.9,101.5,0.0012538046485888212,-94.5,-0.0011659742794710795,6.899999999994179,0.10000000000582077,-0.0017528534094448656,-0.004136048189139596,-0.011916193932253516,-0.0011659742794710715,-0.002328003204239426,-0.0014136245778244572,0.817759573250328,0.6685012150107615,0.3744914858783547,0.0019022300770175082,0.0019022300770175082,0.0019022300770175082,-0.004141945594984819,-0.007203737996835824,-0.014699134507365375
2026-10-08 16:17:00+00:00,2026-10-09 00:17:00+08:00,80953.6,81371.1,80940.6,81277.3,70.64914643,5735007.083354325,1,81111.52021183015,81113.03953528887,81289.3276812787,81923.39903014313,59.85829003306538,-39.233237485488644,-59.1290022622203,19.895764776731653,140.28571428571428,26.751650267000002,2.6409266615282636,0.003998586844809804,0.002500166513309976,0.001685964469038348,-0.0004156874030729618,-0.01000623638835163,0.0020328738934519545,0.0013392715384513841,0.0011512349030106327,0.0013658727280661791,81371.1,80799.9,81541.0,80799.9,82160.4,80799.9,430.5,0.00529668185335881,323.6999999999971,0.00399858684480983,93.80000000000291,13.0,0.00202508087050135,-0.00014796138216133237,-0.007886623819226557,0.003998586844809804,0.002500166513309976,0.001685964469038348,3.1974696226615724,1.7658202406265813,2.6409266615282636,0.005908423153989206,0.005908423153989206,0.005908423153989206,-0.0011527434187322827,-0.003233955924013654,-0.010748487105710192
2026-10-08 16:18:00+00:00,2026-10-09 00:18:00+08:00,81277.4,81434.8,81222.8,81420.0,27.08217663,2202539.491195707,1,81214.34680788677,81142.27386526136,81294.45208593443,81918.39008456958,64.92974238875871,-10.603788046326372,-49.423959419041516,38.820171372715144,147.02142857142877,27.886832576999996,0.9711456672327984,0.001755717771136478,0.004320973187269761,0.00433460057284818,0.001212472977592638,-0.007125236115667177,0.0020693632490931336,0.0013717900028933781,0.001195624499790484,0.001381823220354482,81434.8,80799.9,81541.0,80799.9,82071.0,80799.9,212.0,0.002603782854335544,142.60000000000582,0.0017544852566642858,14.80000000000291,54.59999999999127,0.003422705841344964,0.0015443601727318512,-0.006083982901214924,0.001755717771136478,0.004320973187269761,0.00433460057284818,1.5399262963790643,1.7307802319672771,0.9711456672327984,0.007674514448656522,0.007674514448656522,0.007674514448656522,-0.00018174048441210733,-0.0014839160667640128,-0.007932156303688265
2026-10-08 16:19:00+00:00,2026-10-09 00:19:00+08:00,81416.2,81434.9,81341.6,81349.9,22.8889154,1863068.171605367,1,81259.53120525785,81162.04778285553,81296.62651393701,81912.73346681267,63.9456342668858,6.355510380890337,-38.26806545905515,44.62357583994549,145.67142857142815,28.4679376095,0.804024362915625,-0.0008609678211742855,0.004038374430869407,0.003539222579968637,-0.0011566215355073295,-0.007929258622855428,0.0021215901501399847,0.00140148221103341,0.001173386494572473,0.0013851079905478501,81434.9,80799.9,81541.0,80799.9,82071.0,80799.9,93.29999999998836,0.0011468975376735357,-66.30000000000291,-0.0008143342479752545,18.69999999999709,8.299999999988358,0.002314532743765252,0.0006552976223910267,-0.006871135206844348,-0.0008609678211742855,0.004038374430869407,0.003539222579968637,0.6878187309646129,1.8080915026322955,0.804024362915625,0.006806939117498967,0.006806939117498967,0.006806939117498967,-0.0010437785273881284,-0.0023436062839553573,-0.008786294793532545
2026-10-08 16:20:00+00:00,2026-10-09 00:20:00+08:00,81350.0,81450.0,81255.3,81443.0,15.22419131,1238701.456605899,1,81320.6874701719,81188.80513686928,81302.36665064536,81908.05950196878,69.37993775436874,26.99706316141237,-25.21503973496165,52.21210289637402,151.5785714285708,28.375082954,0.5365338080131979,0.0011444390220516354,0.004872415269451036,0.00532888621710792,-0.0010891455849129095,-0.002757499246952899,0.0021056384950995564,0.0013976119079419837,0.0011756646163025766,0.00129561547596092,81450.0,80799.9,81541.0,80799.9,81900.0,80799.9,194.6999999999971,0.002390629028891336,93.0,0.0011432083589428396,7.0,94.69999999999709,0.0031309102616079443,0.0017297571417440594,-0.0056778234620196155,0.0011444390220516354,0.004872415269451036,0.00532888621710792,1.401105080012976,1.7910197057063046,0.5365338080131979,0.00795916826629739,0.00795916826629739,0.00795916826629739,-8.594229588709812e-05,-0.0012018493763873428,-0.005579975579975582
