direction,entry_timestamp,entry_minute,entry_price,exit_timestamp,exit_minute,exit_price,exit_reason,tp_pct,sl_pct,gross_return_pct,net_return_pct,event_timestamp,event_type,importance,shock_minute,shock_return_5m_pct,extreme_minute,extreme_price,confirmation_minute,confirmation_price,recovery_pct
LONG,2025-02-07 13:48:00+00:00,18.0,98437.9,2025-02-07 13:48:00+00:00,18.0,98634.77579999999,TP,0.2,0.2,0.20000000000000018,0.060000000000000164,2025-02-07 13:30:00+00:00,Nonfarm Payrolls,high,15.0,-0.14409031690729712,15.0,98156.7,17.0,98437.8,0.28637882080388977
LONG,2025-02-07 13:48:00+00:00,18.0,98437.9,2025-02-07 13:48:00+00:00,18.0,98634.77579999999,TP,0.2,0.3,0.20000000000000018,0.060000000000000164,2025-02-07 13:30:00+00:00,Nonfarm Payrolls,high,15.0,-0.14409031690729712,15.0,98156.7,17.0,98437.8,0.28637882080388977
LONG,2025-02-07 13:48:00+00:00,18.0,98437.9,2025-02-07 13:48:00+00:00,18.0,98634.77579999999,TP,0.2,0.5,0.20000000000000018,0.060000000000000164,2025-02-07 13:30:00+00:00,Nonfarm Payrolls,high,15.0,-0.14409031690729712,15.0,98156.7,17.0,98437.8,0.28637882080388977
LONG,2025-02-07 13:48:00+00:00,18.0,98437.9,2025-02-07 13:50:00+00:00,20.0,98733.21369999998,TP,0.3,0.2,0.29999999999998916,0.15999999999998915,2025-02-07 13:30:00+00:00,Nonfarm Payrolls,high,15.0,-0.14409031690729712,15.0,98156.7,17.0,98437.8,0.28637882080388977
LONG,2025-02-07 13:48:00+00:00,18.0,98437.9,2025-02-07 13:50:00+00:00,20.0,98733.21369999998,TP,0.3,0.3,0.29999999999998916,0.15999999999998915,2025-02-07 13:30:00+00:00,Nonfarm Payrolls,high,15.0,-0.14409031690729712,15.0,98156.7,17.0,98437.8,0.28637882080388977
LONG,2025-02-07 13:48:00+00:00,18.0,98437.9,2025-02-07 13:50:00+00:00,20.0,98733.21369999998,TP,0.3,0.5,0.29999999999998916,0.15999999999998915,2025-02-07 13:30:00+00:00,Nonfarm Payrolls,high,15.0,-0.14409031690729712,15.0,98156.7,17.0,98437.8,0.28637882080388977
LONG,2025-02-07 13:48:00+00:00,18.0,98437.9,2025-02-07 14:00:00+00:00,30.0,98930.08949999999,TP,0.5,0.2,0.49999999999998934,0.35999999999998933,2025-02-07 13:30:00+00:00,Nonfarm Payrolls,high,15.0,-0.14409031690729712,15.0,98156.7,17.0,98437.8,0.28637882080388977
LONG,2025-02-07 13:48:00+00:00,18.0,98437.9,2025-02-07 14:00:00+00:00,30.0,98930.08949999999,TP,0.5,0.3,0.49999999999998934,0.35999999999998933,2025-02-07 13:30:00+00:00,Nonfarm Payrolls,high,15.0,-0.14409031690729712,15.0,98156.7,17.0,98437.8,0.28637882080388977
LONG,2025-02-07 13:48:00+00:00,18.0,98437.9,2025-02-07 14:00:00+00:00,30.0,98930.08949999999,TP,0.5,0.5,0.49999999999998934,0.35999999999998933,2025-02-07 13:30:00+00:00,Nonfarm Payrolls,high,15.0,-0.14409031690729712,15.0,98156.7,17.0,98437.8,0.28637882080388977
LONG,2025-02-07 13:48:00+00:00,18.0,98437.9,2025-02-07 14:07:00+00:00,37.0,99176.18425,TP,0.75,0.2,0.7500000000000062,0.6100000000000062,2025-02-07 13:30:00+00:00,Nonfarm Payrolls,high,15.0,-0.14409031690729712,15.0,98156.7,17.0,98437.8,0.28637882080388977
LONG,2025-02-07 13:48:00+00:00,18.0,98437.9,2025-02-07 14:07:00+00:00,37.0,99176.18425,TP,0.75,0.3,0.7500000000000062,0.6100000000000062,2025-02-07 13:30:00+00:00,Nonfarm Payrolls,high,15.0,-0.14409031690729712,15.0,98156.7,17.0,98437.8,0.28637882080388977
LONG,2025-02-07 13:48:00+00:00,18.0,98437.9,2025-02-07 14:07:00+00:00,37.0,99176.18425,TP,0.75,0.5,0.7500000000000062,0.6100000000000062,2025-02-07 13:30:00+00:00,Nonfarm Payrolls,high,15.0,-0.14409031690729712,15.0,98156.7,17.0,98437.8,0.28637882080388977
LONG,2025-02-07 13:48:00+00:00,18.0,98437.9,2025-02-07 14:07:00+00:00,37.0,99422.279,TP,1.0,0.2,1.0000000000000009,0.8600000000000009,2025-02-07 13:30:00+00:00,Nonfarm Payrolls,high,15.0,-0.14409031690729712,15.0,98156.7,17.0,98437.8,0.28637882080388977
LONG,2025-02-07 13:48:00+00:00,18.0,98437.9,2025-02-07 14:07:00+00:00,37.0,99422.279,TP,1.0,0.3,1.0000000000000009,0.8600000000000009,2025-02-07 13:30:00+00:00,Nonfarm Payrolls,high,15.0,-0.14409031690729712,15.0,98156.7,17.0,98437.8,0.28637882080388977
LONG,2025-02-07 13:48:00+00:00,18.0,98437.9,2025-02-07 14:07:00+00:00,37.0,99422.279,TP,1.0,0.5,1.0000000000000009,0.8600000000000009,2025-02-07 13:30:00+00:00,Nonfarm Payrolls,high,15.0,-0.14409031690729712,15.0,98156.7,17.0,98437.8,0.28637882080388977
LONG,2025-02-12 13:43:00+00:00,13.0,94568.1,2025-02-12 13:46:00+00:00,16.0,94757.2362,TP,0.2,0.2,0.20000000000000018,0.060000000000000164,2025-02-12 13:30:00+00:00,CPI,high,5.0,-0.6880278947815843,11.0,94021.3,12.0,94574.7,0.5885900322586402
LONG,2025-02-12 13:43:00+00:00,13.0,94568.1,2025-02-12 13:46:00+00:00,16.0,94757.2362,TP,0.2,0.3,0.20000000000000018,0.060000000000000164,2025-02-12 13:30:00+00:00,CPI,high,5.0,-0.6880278947815843,11.0,94021.3,12.0,94574.7,0.5885900322586402
LONG,2025-02-12 13:43:00+00:00,13.0,94568.1,2025-02-12 13:46:00+00:00,16.0,94757.2362,TP,0.2,0.5,0.20000000000000018,0.060000000000000164,2025-02-12 13:30:00+00:00,CPI,high,5.0,-0.6880278947815843,11.0,94021.3,12.0,94574.7,0.5885900322586402
LONG,2025-02-12 13:43:00+00:00,13.0,94568.1,2025-02-12 13:46:00+00:00,16.0,94851.80429999999,TP,0.3,0.2,0.29999999999998916,0.15999999999998915,2025-02-12 13:30:00+00:00,CPI,high,5.0,-0.6880278947815843,11.0,94021.3,12.0,94574.7,0.5885900322586402
LONG,2025-02-12 13:43:00+00:00,13.0,94568.1,2025-02-12 13:46:00+00:00,16.0,94851.80429999999,TP,0.3,0.3,0.29999999999998916,0.15999999999998915,2025-02-12 13:30:00+00:00,CPI,high,5.0,-0.6880278947815843,11.0,94021.3,12.0,94574.7,0.5885900322586402
LONG,2025-02-12 13:43:00+00:00,13.0,94568.1,2025-02-12 13:46:00+00:00,16.0,94851.80429999999,TP,0.3,0.5,0.29999999999998916,0.15999999999998915,2025-02-12 13:30:00+00:00,CPI,high,5.0,-0.6880278947815843,11.0,94021.3,12.0,94574.7,0.5885900322586402
LONG,2025-02-12 13:43:00+00:00,13.0,94568.1,2025-02-12 13:47:00+00:00,17.0,95040.9405,TP,0.5,0.2,0.49999999999998934,0.35999999999998933,2025-02-12 13:30:00+00:00,CPI,high,5.0,-0.6880278947815843,11.0,94021.3,12.0,94574.7,0.5885900322586402
LONG,2025-02-12 13:43:00+00:00,13.0,94568.1,2025-02-12 13:47:00+00:00,17.0,95040.9405,TP,0.5,0.3,0.49999999999998934,0.35999999999998933,2025-02-12 13:30:00+00:00,CPI,high,5.0,-0.6880278947815843,11.0,94021.3,12.0,94574.7,0.5885900322586402
LONG,2025-02-12 13:43:00+00:00,13.0,94568.1,2025-02-12 13:47:00+00:00,17.0,95040.9405,TP,0.5,0.5,0.49999999999998934,0.35999999999998933,2025-02-12 13:30:00+00:00,CPI,high,5.0,-0.6880278947815843,11.0,94021.3,12.0,94574.7,0.5885900322586402
LONG,2025-02-12 13:43:00+00:00,13.0,94568.1,2025-02-12 14:36:00+00:00,66.0,95277.36075,TP,0.75,0.2,0.7500000000000062,0.6100000000000062,2025-02-12 13:30:00+00:00,CPI,high,5.0,-0.6880278947815843,11.0,94021.3,12.0,94574.7,0.5885900322586402
LONG,2025-02-12 13:43:00+00:00,13.0,94568.1,2025-02-12 14:36:00+00:00,66.0,95277.36075,TP,0.75,0.3,0.7500000000000062,0.6100000000000062,2025-02-12 13:30:00+00:00,CPI,high,5.0,-0.6880278947815843,11.0,94021.3,12.0,94574.7,0.5885900322586402
LONG,2025-02-12 13:43:00+00:00,13.0,94568.1,2025-02-12 14:36:00+00:00,66.0,95277.36075,TP,0.75,0.5,0.7500000000000062,0.6100000000000062,2025-02-12 13:30:00+00:00,CPI,high,5.0,-0.6880278947815843,11.0,94021.3,12.0,94574.7,0.5885900322586402
LONG,2025-02-12 13:43:00+00:00,13.0,94568.1,2025-02-12 14:37:00+00:00,67.0,95513.781,TP,1.0,0.2,1.0000000000000009,0.8600000000000009,2025-02-12 13:30:00+00:00,CPI,high,5.0,-0.6880278947815843,11.0,94021.3,12.0,94574.7,0.5885900322586402
LONG,2025-02-12 13:43:00+00:00,13.0,94568.1,2025-02-12 14:37:00+00:00,67.0,95513.781,TP,1.0,0.3,1.0000000000000009,0.8600000000000009,2025-02-12 13:30:00+00:00,CPI,high,5.0,-0.6880278947815843,11.0,94021.3,12.0,94574.7,0.5885900322586402
LONG,2025-02-12 13:43:00+00:00,13.0,94568.1,2025-02-12 14:37:00+00:00,67.0,95513.781,TP,1.0,0.5,1.0000000000000009,0.8600000000000009,2025-02-12 13:30:00+00:00,CPI,high,5.0,-0.6880278947815843,11.0,94021.3,12.0,94574.7,0.5885900322586402
SHORT,2025-03-07 13:47:00+00:00,17.0,89869.9,2025-03-07 13:49:00+00:00,19.0,89690.1602,TP,0.2,0.2,0.2004008016031955,0.0604008016031955,2025-03-07 13:30:00+00:00,Nonfarm Payrolls,high,7.0,0.7156695792970513,8.0,90357.2,16.0,89873.8,0.5378653178123027
SHORT,2025-03-07 13:47:00+00:00,17.0,89869.9,2025-03-07 13:49:00+00:00,19.0,89690.1602,TP,0.2,0.3,0.2004008016031955,0.0604008016031955,2025-03-07 13:30:00+00:00,Nonfarm Payrolls,high,7.0,0.7156695792970513,8.0,90357.2,16.0,89873.8,0.5378653178123027
SHORT,2025-03-07 13:47:00+00:00,17.0,89869.9,2025-03-07 13:49:00+00:00,19.0,89690.1602,TP,0.2,0.5,0.2004008016031955,0.0604008016031955,2025-03-07 13:30:00+00:00,Nonfarm Payrolls,high,7.0,0.7156695792970513,8.0,90357.2,16.0,89873.8,0.5378653178123027
SHORT,2025-03-07 13:47:00+00:00,17.0,89869.9,2025-03-07 13:55:00+00:00,25.0,89600.2903,TP,0.3,0.2,0.30090270812437314,0.16090270812437313,2025-03-07 13:30:00+00:00,Nonfarm Payrolls,high,7.0,0.7156695792970513,8.0,90357.2,16.0,89873.8,0.5378653178123027
SHORT,2025-03-07 13:47:00+00:00,17.0,89869.9,2025-03-07 13:55:00+00:00,25.0,89600.2903,TP,0.3,0.3,0.30090270812437314,0.16090270812437313,2025-03-07 13:30:00+00:00,Nonfarm Payrolls,high,7.0,0.7156695792970513,8.0,90357.2,16.0,89873.8,0.5378653178123027
SHORT,2025-03-07 13:47:00+00:00,17.0,89869.9,2025-03-07 13:55:00+00:00,25.0,89600.2903,TP,0.3,0.5,0.30090270812437314,0.16090270812437313,2025-03-07 13:30:00+00:00,Nonfarm Payrolls,high,7.0,0.7156695792970513,8.0,90357.2,16.0,89873.8,0.5378653178123027
SHORT,2025-03-07 13:47:00+00:00,17.0,89869.9,2025-03-07 13:57:00+00:00,27.0,89420.5505,TP,0.5,0.2,0.5025125628140614,0.3625125628140614,2025-03-07 13:30:00+00:00,Nonfarm Payrolls,high,7.0,0.7156695792970513,8.0,90357.2,16.0,89873.8,0.5378653178123027
SHORT,2025-03-07 13:47:00+00:00,17.0,89869.9,2025-03-07 13:57:00+00:00,27.0,89420.5505,TP,0.5,0.3,0.5025125628140614,0.3625125628140614,2025-03-07 13:30:00+00:00,Nonfarm Payrolls,high,7.0,0.7156695792970513,8.0,90357.2,16.0,89873.8,0.5378653178123027
SHORT,2025-03-07 13:47:00+00:00,17.0,89869.9,2025-03-07 13:57:00+00:00,27.0,89420.5505,TP,0.5,0.5,0.5025125628140614,0.3625125628140614,2025-03-07 13:30:00+00:00,Nonfarm Payrolls,high,7.0,0.7156695792970513,8.0,90357.2,16.0,89873.8,0.5378653178123027
SHORT,2025-03-07 13:47:00+00:00,17.0,89869.9,2025-03-07 13:59:00+00:00,29.0,89195.87574999999,TP,0.75,0.2,0.7556675062972307,0.6156675062972307,2025-03-07 13:30:00+00:00,Nonfarm Payrolls,high,7.0,0.7156695792970513,8.0,90357.2,16.0,89873.8,0.5378653178123027
SHORT,2025-03-07 13:47:00+00:00,17.0,89869.9,2025-03-07 13:59:00+00:00,29.0,89195.87574999999,TP,0.75,0.3,0.7556675062972307,0.6156675062972307,2025-03-07 13:30:00+00:00,Nonfarm Payrolls,high,7.0,0.7156695792970513,8.0,90357.2,16.0,89873.8,0.5378653178123027
SHORT,2025-03-07 13:47:00+00:00,17.0,89869.9,2025-03-07 13:59:00+00:00,29.0,89195.87574999999,TP,0.75,0.5,0.7556675062972307,0.6156675062972307,2025-03-07 13:30:00+00:00,Nonfarm Payrolls,high,7.0,0.7156695792970513,8.0,90357.2,16.0,89873.8,0.5378653178123027
SHORT,2025-03-07 13:47:00+00:00,17.0,89869.9,2025-03-07 14:27:00+00:00,57.0,88971.20099999999,TP,1.0,0.2,1.0101010101010166,0.8701010101010166,2025-03-07 13:30:00+00:00,Nonfarm Payrolls,high,7.0,0.7156695792970513,8.0,90357.2,16.0,89873.8,0.5378653178123027
SHORT,2025-03-07 13:47:00+00:00,17.0,89869.9,2025-03-07 14:27:00+00:00,57.0,88971.20099999999,TP,1.0,0.3,1.0101010101010166,0.8701010101010166,2025-03-07 13:30:00+00:00,Nonfarm Payrolls,high,7.0,0.7156695792970513,8.0,90357.2,16.0,89873.8,0.5378653178123027
SHORT,2025-03-07 13:47:00+00:00,17.0,89869.9,2025-03-07 14:27:00+00:00,57.0,88971.20099999999,TP,1.0,0.5,1.0101010101010166,0.8701010101010166,2025-03-07 13:30:00+00:00,Nonfarm Payrolls,high,7.0,0.7156695792970513,8.0,90357.2,16.0,89873.8,0.5378653178123027
SHORT,2025-03-12 13:03:00+00:00,33.0,83966.6,2025-03-12 13:09:00+00:00,39.0,83798.6668,TP,0.2,0.2,0.2004008016031955,0.0604008016031955,2025-03-12 12:30:00+00:00,CPI,high,20.0,0.24587780770322087,30.0,84200.0,32.0,83964.1,0.2809534074681874
SHORT,2025-03-12 13:03:00+00:00,33.0,83966.6,2025-03-12 13:09:00+00:00,39.0,83798.6668,TP,0.2,0.3,0.2004008016031955,0.0604008016031955,2025-03-12 12:30:00+00:00,CPI,high,20.0,0.24587780770322087,30.0,84200.0,32.0,83964.1,0.2809534074681874
SHORT,2025-03-12 13:03:00+00:00,33.0,83966.6,2025-03-12 13:09:00+00:00,39.0,83798.6668,TP,0.2,0.5,0.2004008016031955,0.0604008016031955,2025-03-12 12:30:00+00:00,CPI,high,20.0,0.24587780770322087,30.0,84200.0,32.0,83964.1,0.2809534074681874
SHORT,2025-03-12 13:03:00+00:00,33.0,83966.6,2025-03-12 13:11:00+00:00,41.0,83714.7002,TP,0.3,0.2,0.30090270812437314,0.16090270812437313,2025-03-12 12:30:00+00:00,CPI,high,20.0,0.24587780770322087,30.0,84200.0,32.0,83964.1,0.2809534074681874
SHORT,2025-03-12 13:03:00+00:00,33.0,83966.6,2025-03-12 13:11:00+00:00,41.0,83714.7002,TP,0.3,0.3,0.30090270812437314,0.16090270812437313,2025-03-12 12:30:00+00:00,CPI,high,20.0,0.24587780770322087,30.0,84200.0,32.0,83964.1,0.2809534074681874
SHORT,2025-03-12 13:03:00+00:00,33.0,83966.6,2025-03-12 13:11:00+00:00,41.0,83714.7002,TP,0.3,0.5,0.30090270812437314,0.16090270812437313,2025-03-12 12:30:00+00:00,CPI,high,20.0,0.24587780770322087,30.0,84200.0,32.0,83964.1,0.2809534074681874
SHORT,2025-03-12 13:03:00+00:00,33.0,83966.6,2025-03-12 13:17:00+00:00,47.0,83546.767,TP,0.5,0.2,0.5025125628140614,0.3625125628140614,2025-03-12 12:30:00+00:00,CPI,high,20.0,0.24587780770322087,30.0,84200.0,32.0,83964.1,0.2809534074681874
SHORT,2025-03-12 13:03:00+00:00,33.0,83966.6,2025-03-12 13:17:00+00:00,47.0,83546.767,TP,0.5,0.3,0.5025125628140614,0.3625125628140614,2025-03-12 12:30:00+00:00,CPI,high,20.0,0.24587780770322087,30.0,84200.0,32.0,83964.1,0.2809534074681874
SHORT,2025-03-12 13:03:00+00:00,33.0,83966.6,2025-03-12 13:17:00+00:00,47.0,83546.767,TP,0.5,0.5,0.5025125628140614,0.3625125628140614,2025-03-12 12:30:00+00:00,CPI,high,20.0,0.24587780770322087,30.0,84200.0,32.0,83964.1,0.2809534074681874
SHORT,2025-03-12 13:03:00+00:00,33.0,83966.6,2025-03-12 13:22:00+00:00,52.0,83336.85050000002,TP,0.75,0.2,0.7556675062972085,0.6156675062972085,2025-03-12 12:30:00+00:00,CPI,high,20.0,0.24587780770322087,30.0,84200.0,32.0,83964.1,0.2809534074681874
SHORT,2025-03-12 13:03:00+00:00,33.0,83966.6,2025-03-12 13:22:00+00:00,52.0,83336.85050000002,TP,0.75,0.3,0.7556675062972085,0.6156675062972085,2025-03-12 12:30:00+00:00,CPI,high,20.0,0.24587780770322087,30.0,84200.0,32.0,83964.1,0.2809534074681874
SHORT,2025-03-12 13:03:00+00:00,33.0,83966.6,2025-03-12 13:22:00+00:00,52.0,83336.85050000002,TP,0.75,0.5,0.7556675062972085,0.6156675062972085,2025-03-12 12:30:00+00:00,CPI,high,20.0,0.24587780770322087,30.0,84200.0,32.0,83964.1,0.2809534074681874
SHORT,2025-03-12 13:03:00+00:00,33.0,83966.6,2025-03-12 13:49:00+00:00,79.0,83126.93400000001,TP,1.0,0.2,1.0101010101010166,0.8701010101010166,2025-03-12 12:30:00+00:00,CPI,high,20.0,0.24587780770322087,30.0,84200.0,32.0,83964.1,0.2809534074681874
SHORT,2025-03-12 13:03:00+00:00,33.0,83966.6,2025-03-12 13:49:00+00:00,79.0,83126.93400000001,TP,1.0,0.3,1.0101010101010166,0.8701010101010166,2025-03-12 12:30:00+00:00,CPI,high,20.0,0.24587780770322087,30.0,84200.0,32.0,83964.1,0.2809534074681874
SHORT,2025-03-12 13:03:00+00:00,33.0,83966.6,2025-03-12 13:49:00+00:00,79.0,83126.93400000001,TP,1.0,0.5,1.0101010101010166,0.8701010101010166,2025-03-12 12:30:00+00:00,CPI,high,20.0,0.24587780770322087,30.0,84200.0,32.0,83964.1,0.2809534074681874
LONG,2025-04-04 12:43:00+00:00,13.0,82669.9,2025-04-04 12:45:00+00:00,15.0,82835.2398,TP,0.2,0.2,0.20000000000000018,0.060000000000000164,2025-04-04 12:30:00+00:00,Nonfarm Payrolls,high,6.0,-0.11656109734119457,9.0,82424.2,12.0,82666.7,0.2942097102550001
LONG,2025-04-04 12:43:00+00:00,13.0,82669.9,2025-04-04 12:45:00+00:00,15.0,82835.2398,TP,0.2,0.3,0.20000000000000018,0.060000000000000164,2025-04-04 12:30:00+00:00,Nonfarm Payrolls,high,6.0,-0.11656109734119457,9.0,82424.2,12.0,82666.7,0.2942097102550001
LONG,2025-04-04 12:43:00+00:00,13.0,82669.9,2025-04-04 12:45:00+00:00,15.0,82835.2398,TP,0.2,0.5,0.20000000000000018,0.060000000000000164,2025-04-04 12:30:00+00:00,Nonfarm Payrolls,high,6.0,-0.11656109734119457,9.0,82424.2,12.0,82666.7,0.2942097102550001
LONG,2025-04-04 12:43:00+00:00,13.0,82669.9,2025-04-04 13:00:00+00:00,30.0,82917.90969999999,TP,0.3,0.2,0.29999999999998916,0.15999999999998915,2025-04-04 12:30:00+00:00,Nonfarm Payrolls,high,6.0,-0.11656109734119457,9.0,82424.2,12.0,82666.7,0.2942097102550001
LONG,2025-04-04 12:43:00+00:00,13.0,82669.9,2025-04-04 13:00:00+00:00,30.0,82917.90969999999,TP,0.3,0.3,0.29999999999998916,0.15999999999998915,2025-04-04 12:30:00+00:00,Nonfarm Payrolls,high,6.0,-0.11656109734119457,9.0,82424.2,12.0,82666.7,0.2942097102550001
LONG,2025-04-04 12:43:00+00:00,13.0,82669.9,2025-04-04 13:00:00+00:00,30.0,82917.90969999999,TP,0.3,0.5,0.29999999999998916,0.15999999999998915,2025-04-04 12:30:00+00:00,Nonfarm Payrolls,high,6.0,-0.11656109734119457,9.0,82424.2,12.0,82666.7,0.2942097102550001
LONG,2025-04-04 12:43:00+00:00,13.0,82669.9,2025-04-04 13:01:00+00:00,31.0,83083.24949999999,TP,0.5,0.2,0.49999999999998934,0.35999999999998933,2025-04-04 12:30:00+00:00,Nonfarm Payrolls,high,6.0,-0.11656109734119457,9.0,82424.2,12.0,82666.7,0.2942097102550001
LONG,2025-04-04 12:43:00+00:00,13.0,82669.9,2025-04-04 13:01:00+00:00,31.0,83083.24949999999,TP,0.5,0.3,0.49999999999998934,0.35999999999998933,2025-04-04 12:30:00+00:00,Nonfarm Payrolls,high,6.0,-0.11656109734119457,9.0,82424.2,12.0,82666.7,0.2942097102550001
LONG,2025-04-04 12:43:00+00:00,13.0,82669.9,2025-04-04 13:01:00+00:00,31.0,83083.24949999999,TP,0.5,0.5,0.49999999999998934,0.35999999999998933,2025-04-04 12:30:00+00:00,Nonfarm Payrolls,high,6.0,-0.11656109734119457,9.0,82424.2,12.0,82666.7,0.2942097102550001
LONG,2025-04-04 12:43:00+00:00,13.0,82669.9,2025-04-04 13:04:00+00:00,34.0,83289.92425,TP,0.75,0.2,0.7500000000000062,0.6100000000000062,2025-04-04 12:30:00+00:00,Nonfarm Payrolls,high,6.0,-0.11656109734119457,9.0,82424.2,12.0,82666.7,0.2942097102550001
LONG,2025-04-04 12:43:00+00:00,13.0,82669.9,2025-04-04 13:04:00+00:00,34.0,83289.92425,TP,0.75,0.3,0.7500000000000062,0.6100000000000062,2025-04-04 12:30:00+00:00,Nonfarm Payrolls,high,6.0,-0.11656109734119457,9.0,82424.2,12.0,82666.7,0.2942097102550001
LONG,2025-04-04 12:43:00+00:00,13.0,82669.9,2025-04-04 13:04:00+00:00,34.0,83289.92425,TP,0.75,0.5,0.7500000000000062,0.6100000000000062,2025-04-04 12:30:00+00:00,Nonfarm Payrolls,high,6.0,-0.11656109734119457,9.0,82424.2,12.0,82666.7,0.2942097102550001
LONG,2025-04-04 12:43:00+00:00,13.0,82669.9,2025-04-04 13:34:00+00:00,64.0,82504.56019999999,SL,1.0,0.2,-0.20000000000000018,-0.3400000000000002,2025-04-04 12:30:00+00:00,Nonfarm Payrolls,high,6.0,-0.11656109734119457,9.0,82424.2,12.0,82666.7,0.2942097102550001
LONG,2025-04-04 12:43:00+00:00,13.0,82669.9,2025-04-04 13:34:00+00:00,64.0,82421.8903,SL,1.0,0.3,-0.29999999999998916,-0.4399999999999892,2025-04-04 12:30:00+00:00,Nonfarm Payrolls,high,6.0,-0.11656109734119457,9.0,82424.2,12.0,82666.7,0.2942097102550001
LONG,2025-04-04 12:43:00+00:00,13.0,82669.9,2025-04-04 13:38:00+00:00,68.0,82256.5505,SL,1.0,0.5,-0.5000000000000004,-0.6400000000000005,2025-04-04 12:30:00+00:00,Nonfarm Payrolls,high,6.0,-0.11656109734119457,9.0,82424.2,12.0,82666.7,0.2942097102550001
LONG,2025-04-10 12:55:00+00:00,25.0,81720.5,2025-04-10 13:06:00+00:00,36.0,81557.059,SL,0.2,0.2,-0.20000000000001128,-0.3400000000000113,2025-04-10 12:30:00+00:00,CPI,high,5.0,-0.5412458729850411,20.0,81458.6,24.0,81720.5,0.3215130139727407
LONG,2025-04-10 12:55:00+00:00,25.0,81720.5,2025-04-10 13:20:00+00:00,50.0,81883.941,TP,0.2,0.3,0.20000000000000018,0.060000000000000164,2025-04-10 12:30:00+00:00,CPI,high,5.0,-0.5412458729850411,20.0,81458.6,24.0,81720.5,0.3215130139727407
LONG,2025-04-10 12:55:00+00:00,25.0,81720.5,2025-04-10 13:20:00+00:00,50.0,81883.941,TP,0.2,0.5,0.20000000000000018,0.060000000000000164,2025-04-10 12:30:00+00:00,CPI,high,5.0,-0.5412458729850411,20.0,81458.6,24.0,81720.5,0.3215130139727407
LONG,2025-04-10 12:55:00+00:00,25.0,81720.5,2025-04-10 13:06:00+00:00,36.0,81557.059,SL,0.3,0.2,-0.20000000000001128,-0.3400000000000113,2025-04-10 12:30:00+00:00,CPI,high,5.0,-0.5412458729850411,20.0,81458.6,24.0,81720.5,0.3215130139727407
LONG,2025-04-10 12:55:00+00:00,25.0,81720.5,2025-04-10 13:31:00+00:00,61.0,81475.3385,SL,0.3,0.3,-0.30000000000000027,-0.4400000000000003,2025-04-10 12:30:00+00:00,CPI,high,5.0,-0.5412458729850411,20.0,81458.6,24.0,81720.5,0.3215130139727407
LONG,2025-04-10 12:55:00+00:00,25.0,81720.5,2025-04-10 13:37:00+00:00,67.0,81311.8975,SL,0.3,0.5,-0.49999999999998934,-0.6399999999999894,2025-04-10 12:30:00+00:00,CPI,high,5.0,-0.5412458729850411,20.0,81458.6,24.0,81720.5,0.3215130139727407
LONG,2025-04-10 12:55:00+00:00,25.0,81720.5,2025-04-10 13:06:00+00:00,36.0,81557.059,SL,0.5,0.2,-0.20000000000001128,-0.3400000000000113,2025-04-10 12:30:00+00:00,CPI,high,5.0,-0.5412458729850411,20.0,81458.6,24.0,81720.5,0.3215130139727407
LONG,2025-04-10 12:55:00+00:00,25.0,81720.5,2025-04-10 13:31:00+00:00,61.0,81475.3385,SL,0.5,0.3,-0.30000000000000027,-0.4400000000000003,2025-04-10 12:30:00+00:00,CPI,high,5.0,-0.5412458729850411,20.0,81458.6,24.0,81720.5,0.3215130139727407
LONG,2025-04-10 12:55:00+00:00,25.0,81720.5,2025-04-10 13:37:00+00:00,67.0,81311.8975,SL,0.5,0.5,-0.49999999999998934,-0.6399999999999894,2025-04-10 12:30:00+00:00,CPI,high,5.0,-0.5412458729850411,20.0,81458.6,24.0,81720.5,0.3215130139727407
LONG,2025-04-10 12:55:00+00:00,25.0,81720.5,2025-04-10 13:06:00+00:00,36.0,81557.059,SL,0.75,0.2,-0.20000000000001128,-0.3400000000000113,2025-04-10 12:30:00+00:00,CPI,high,5.0,-0.5412458729850411,20.0,81458.6,24.0,81720.5,0.3215130139727407
LONG,2025-04-10 12:55:00+00:00,25.0,81720.5,2025-04-10 13:31:00+00:00,61.0,81475.3385,SL,0.75,0.3,-0.30000000000000027,-0.4400000000000003,2025-04-10 12:30:00+00:00,CPI,high,5.0,-0.5412458729850411,20.0,81458.6,24.0,81720.5,0.3215130139727407
LONG,2025-04-10 12:55:00+00:00,25.0,81720.5,2025-04-10 13:37:00+00:00,67.0,81311.8975,SL,0.75,0.5,-0.49999999999998934,-0.6399999999999894,2025-04-10 12:30:00+00:00,CPI,high,5.0,-0.5412458729850411,20.0,81458.6,24.0,81720.5,0.3215130139727407
LONG,2025-04-10 12:55:00+00:00,25.0,81720.5,2025-04-10 13:06:00+00:00,36.0,81557.059,SL,1.0,0.2,-0.20000000000001128,-0.3400000000000113,2025-04-10 12:30:00+00:00,CPI,high,5.0,-0.5412458729850411,20.0,81458.6,24.0,81720.5,0.3215130139727407
LONG,2025-04-10 12:55:00+00:00,25.0,81720.5,2025-04-10 13:31:00+00:00,61.0,81475.3385,SL,1.0,0.3,-0.30000000000000027,-0.4400000000000003,2025-04-10 12:30:00+00:00,CPI,high,5.0,-0.5412458729850411,20.0,81458.6,24.0,81720.5,0.3215130139727407
LONG,2025-04-10 12:55:00+00:00,25.0,81720.5,2025-04-10 13:37:00+00:00,67.0,81311.8975,SL,1.0,0.5,-0.49999999999998934,-0.6399999999999894,2025-04-10 12:30:00+00:00,CPI,high,5.0,-0.5412458729850411,20.0,81458.6,24.0,81720.5,0.3215130139727407
LONG,2025-05-02 12:44:00+00:00,14.0,96965.7,2025-05-02 12:57:00+00:00,27.0,97159.6314,TP,0.2,0.2,0.20000000000000018,0.060000000000000164,2025-05-02 12:30:00+00:00,Nonfarm Payrolls,high,5.0,-0.33149376093521976,5.0,96669.9,13.0,96965.7,0.3059897651699339
LONG,2025-05-02 12:44:00+00:00,14.0,96965.7,2025-05-02 12:57:00+00:00,27.0,97159.6314,TP,0.2,0.3,0.20000000000000018,0.060000000000000164,2025-05-02 12:30:00+00:00,Nonfarm Payrolls,high,5.0,-0.33149376093521976,5.0,96669.9,13.0,96965.7,0.3059897651699339
LONG,2025-05-02 12:44:00+00:00,14.0,96965.7,2025-05-02 12:57:00+00:00,27.0,97159.6314,TP,0.2,0.5,0.20000000000000018,0.060000000000000164,2025-05-02 12:30:00+00:00,Nonfarm Payrolls,high,5.0,-0.33149376093521976,5.0,96669.9,13.0,96965.7,0.3059897651699339
LONG,2025-05-02 12:44:00+00:00,14.0,96965.7,2025-05-02 13:00:00+00:00,30.0,97256.59709999998,TP,0.3,0.2,0.29999999999998916,0.15999999999998915,2025-05-02 12:30:00+00:00,Nonfarm Payrolls,high,5.0,-0.33149376093521976,5.0,96669.9,13.0,96965.7,0.3059897651699339
LONG,2025-05-02 12:44:00+00:00,14.0,96965.7,2025-05-02 13:00:00+00:00,30.0,97256.59709999998,TP,0.3,0.3,0.29999999999998916,0.15999999999998915,2025-05-02 12:30:00+00:00,Nonfarm Payrolls,high,5.0,-0.33149376093521976,5.0,96669.9,13.0,96965.7,0.3059897651699339
LONG,2025-05-02 12:44:00+00:00,14.0,96965.7,2025-05-02 13:00:00+00:00,30.0,97256.59709999998,TP,0.3,0.5,0.29999999999998916,0.15999999999998915,2025-05-02 12:30:00+00:00,Nonfarm Payrolls,high,5.0,-0.33149376093521976,5.0,96669.9,13.0,96965.7,0.3059897651699339
LONG,2025-05-02 12:44:00+00:00,14.0,96965.7,2025-05-02 13:14:00+00:00,44.0,96771.7686,SL,0.5,0.2,-0.20000000000000018,-0.3400000000000002,2025-05-02 12:30:00+00:00,Nonfarm Payrolls,high,5.0,-0.33149376093521976,5.0,96669.9,13.0,96965.7,0.3059897651699339
LONG,2025-05-02 12:44:00+00:00,14.0,96965.7,2025-05-02 13:44:00+00:00,74.0,96938.6,TIME_EXIT,0.5,0.3,-0.027948026982727026,-0.16794802698272704,2025-05-02 12:30:00+00:00,Nonfarm Payrolls,high,5.0,-0.33149376093521976,5.0,96669.9,13.0,96965.7,0.3059897651699339
LONG,2025-05-02 12:44:00+00:00,14.0,96965.7,2025-05-02 13:44:00+00:00,74.0,96938.6,TIME_EXIT,0.5,0.5,-0.027948026982727026,-0.16794802698272704,2025-05-02 12:30:00+00:00,Nonfarm Payrolls,high,5.0,-0.33149376093521976,5.0,96669.9,13.0,96965.7,0.3059897651699339
LONG,2025-05-02 12:44:00+00:00,14.0,96965.7,2025-05-02 13:14:00+00:00,44.0,96771.7686,SL,0.75,0.2,-0.20000000000000018,-0.3400000000000002,2025-05-02 12:30:00+00:00,Nonfarm Payrolls,high,5.0,-0.33149376093521976,5.0,96669.9,13.0,96965.7,0.3059897651699339
LONG,2025-05-02 12:44:00+00:00,14.0,96965.7,2025-05-02 13:44:00+00:00,74.0,96938.6,TIME_EXIT,0.75,0.3,-0.027948026982727026,-0.16794802698272704,2025-05-02 12:30:00+00:00,Nonfarm Payrolls,high,5.0,-0.33149376093521976,5.0,96669.9,13.0,96965.7,0.3059897651699339
LONG,2025-05-02 12:44:00+00:00,14.0,96965.7,2025-05-02 13:44:00+00:00,74.0,96938.6,TIME_EXIT,0.75,0.5,-0.027948026982727026,-0.16794802698272704,2025-05-02 12:30:00+00:00,Nonfarm Payrolls,high,5.0,-0.33149376093521976,5.0,96669.9,13.0,96965.7,0.3059897651699339
LONG,2025-05-02 12:44:00+00:00,14.0,96965.7,2025-05-02 13:14:00+00:00,44.0,96771.7686,SL,1.0,0.2,-0.20000000000000018,-0.3400000000000002,2025-05-02 12:30:00+00:00,Nonfarm Payrolls,high,5.0,-0.33149376093521976,5.0,96669.9,13.0,96965.7,0.3059897651699339
LONG,2025-05-02 12:44:00+00:00,14.0,96965.7,2025-05-02 13:44:00+00:00,74.0,96938.6,TIME_EXIT,1.0,0.3,-0.027948026982727026,-0.16794802698272704,2025-05-02 12:30:00+00:00,Nonfarm Payrolls,high,5.0,-0.33149376093521976,5.0,96669.9,13.0,96965.7,0.3059897651699339
LONG,2025-05-02 12:44:00+00:00,14.0,96965.7,2025-05-02 13:44:00+00:00,74.0,96938.6,TIME_EXIT,1.0,0.5,-0.027948026982727026,-0.16794802698272704,2025-05-02 12:30:00+00:00,Nonfarm Payrolls,high,5.0,-0.33149376093521976,5.0,96669.9,13.0,96965.7,0.3059897651699339
SHORT,2025-05-13 12:44:00+00:00,14.0,103736.7,2025-05-13 13:04:00+00:00,34.0,103529.2266,TP,0.2,0.2,0.20040080160321772,0.0604008016032177,2025-05-13 12:30:00+00:00,CPI,high,6.0,0.29728083142082085,11.0,103983.2,13.0,103736.7,0.23762082271752138
SHORT,2025-05-13 12:44:00+00:00,14.0,103736.7,2025-05-13 13:04:00+00:00,34.0,103529.2266,TP,0.2,0.3,0.20040080160321772,0.0604008016032177,2025-05-13 12:30:00+00:00,CPI,high,6.0,0.29728083142082085,11.0,103983.2,13.0,103736.7,0.23762082271752138
SHORT,2025-05-13 12:44:00+00:00,14.0,103736.7,2025-05-13 13:04:00+00:00,34.0,103529.2266,TP,0.2,0.5,0.20040080160321772,0.0604008016032177,2025-05-13 12:30:00+00:00,CPI,high,6.0,0.29728083142082085,11.0,103983.2,13.0,103736.7,0.23762082271752138
SHORT,2025-05-13 12:44:00+00:00,14.0,103736.7,2025-05-13 13:44:00+00:00,74.0,103582.8,TIME_EXIT,0.3,0.2,0.14857679074131713,0.00857679074131712,2025-05-13 12:30:00+00:00,CPI,high,6.0,0.29728083142082085,11.0,103983.2,13.0,103736.7,0.23762082271752138
SHORT,2025-05-13 12:44:00+00:00,14.0,103736.7,2025-05-13 13:44:00+00:00,74.0,103582.8,TIME_EXIT,0.3,0.3,0.14857679074131713,0.00857679074131712,2025-05-13 12:30:00+00:00,CPI,high,6.0,0.29728083142082085,11.0,103983.2,13.0,103736.7,0.23762082271752138
SHORT,2025-05-13 12:44:00+00:00,14.0,103736.7,2025-05-13 13:44:00+00:00,74.0,103582.8,TIME_EXIT,0.3,0.5,0.14857679074131713,0.00857679074131712,2025-05-13 12:30:00+00:00,CPI,high,6.0,0.29728083142082085,11.0,103983.2,13.0,103736.7,0.23762082271752138
SHORT,2025-05-13 12:44:00+00:00,14.0,103736.7,2025-05-13 13:44:00+00:00,74.0,103582.8,TIME_EXIT,0.5,0.2,0.14857679074131713,0.00857679074131712,2025-05-13 12:30:00+00:00,CPI,high,6.0,0.29728083142082085,11.0,103983.2,13.0,103736.7,0.23762082271752138
SHORT,2025-05-13 12:44:00+00:00,14.0,103736.7,2025-05-13 13:44:00+00:00,74.0,103582.8,TIME_EXIT,0.5,0.3,0.14857679074131713,0.00857679074131712,2025-05-13 12:30:00+00:00,CPI,high,6.0,0.29728083142082085,11.0,103983.2,13.0,103736.7,0.23762082271752138
SHORT,2025-05-13 12:44:00+00:00,14.0,103736.7,2025-05-13 13:44:00+00:00,74.0,103582.8,TIME_EXIT,0.5,0.5,0.14857679074131713,0.00857679074131712,2025-05-13 12:30:00+00:00,CPI,high,6.0,0.29728083142082085,11.0,103983.2,13.0,103736.7,0.23762082271752138
SHORT,2025-05-13 12:44:00+00:00,14.0,103736.7,2025-05-13 13:44:00+00:00,74.0,103582.8,TIME_EXIT,0.75,0.2,0.14857679074131713,0.00857679074131712,2025-05-13 12:30:00+00:00,CPI,high,6.0,0.29728083142082085,11.0,103983.2,13.0,103736.7,0.23762082271752138
SHORT,2025-05-13 12:44:00+00:00,14.0,103736.7,2025-05-13 13:44:00+00:00,74.0,103582.8,TIME_EXIT,0.75,0.3,0.14857679074131713,0.00857679074131712,2025-05-13 12:30:00+00:00,CPI,high,6.0,0.29728083142082085,11.0,103983.2,13.0,103736.7,0.23762082271752138
SHORT,2025-05-13 12:44:00+00:00,14.0,103736.7,2025-05-13 13:44:00+00:00,74.0,103582.8,TIME_EXIT,0.75,0.5,0.14857679074131713,0.00857679074131712,2025-05-13 12:30:00+00:00,CPI,high,6.0,0.29728083142082085,11.0,103983.2,13.0,103736.7,0.23762082271752138
SHORT,2025-05-13 12:44:00+00:00,14.0,103736.7,2025-05-13 13:44:00+00:00,74.0,103582.8,TIME_EXIT,1.0,0.2,0.14857679074131713,0.00857679074131712,2025-05-13 12:30:00+00:00,CPI,high,6.0,0.29728083142082085,11.0,103983.2,13.0,103736.7,0.23762082271752138
SHORT,2025-05-13 12:44:00+00:00,14.0,103736.7,2025-05-13 13:44:00+00:00,74.0,103582.8,TIME_EXIT,1.0,0.3,0.14857679074131713,0.00857679074131712,2025-05-13 12:30:00+00:00,CPI,high,6.0,0.29728083142082085,11.0,103983.2,13.0,103736.7,0.23762082271752138
SHORT,2025-05-13 12:44:00+00:00,14.0,103736.7,2025-05-13 13:44:00+00:00,74.0,103582.8,TIME_EXIT,1.0,0.5,0.14857679074131713,0.00857679074131712,2025-05-13 12:30:00+00:00,CPI,high,6.0,0.29728083142082085,11.0,103983.2,13.0,103736.7,0.23762082271752138
LONG,2025-06-06 12:46:00+00:00,16.0,103895.8,2025-06-06 13:36:00+00:00,66.0,104103.5916,TP,0.2,0.2,0.20000000000000018,0.060000000000000164,2025-06-06 12:30:00+00:00,Unemployment Rate,high,8.0,-0.12304840897445768,13.0,103506.7,15.0,103895.7,0.3758210821135144
LONG,2025-06-06 12:46:00+00:00,16.0,103895.8,2025-06-06 13:36:00+00:00,66.0,104103.5916,TP,0.2,0.3,0.20000000000000018,0.060000000000000164,2025-06-06 12:30:00+00:00,Unemployment Rate,high,8.0,-0.12304840897445768,13.0,103506.7,15.0,103895.7,0.3758210821135144
LONG,2025-06-06 12:46:00+00:00,16.0,103895.8,2025-06-06 13:36:00+00:00,66.0,104103.5916,TP,0.2,0.5,0.20000000000000018,0.060000000000000164,2025-06-06 12:30:00+00:00,Unemployment Rate,high,8.0,-0.12304840897445768,13.0,103506.7,15.0,103895.7,0.3758210821135144
LONG,2025-06-06 12:46:00+00:00,16.0,103895.8,2025-06-06 13:38:00+00:00,68.0,104207.4874,TP,0.3,0.2,0.29999999999998916,0.15999999999998915,2025-06-06 12:30:00+00:00,Unemployment Rate,high,8.0,-0.12304840897445768,13.0,103506.7,15.0,103895.7,0.3758210821135144
LONG,2025-06-06 12:46:00+00:00,16.0,103895.8,2025-06-06 13:38:00+00:00,68.0,104207.4874,TP,0.3,0.3,0.29999999999998916,0.15999999999998915,2025-06-06 12:30:00+00:00,Unemployment Rate,high,8.0,-0.12304840897445768,13.0,103506.7,15.0,103895.7,0.3758210821135144
LONG,2025-06-06 12:46:00+00:00,16.0,103895.8,2025-06-06 13:38:00+00:00,68.0,104207.4874,TP,0.3,0.5,0.29999999999998916,0.15999999999998915,2025-06-06 12:30:00+00:00,Unemployment Rate,high,8.0,-0.12304840897445768,13.0,103506.7,15.0,103895.7,0.3758210821135144
LONG,2025-06-06 12:46:00+00:00,16.0,103895.8,2025-06-06 13:40:00+00:00,70.0,104415.279,TP,0.5,0.2,0.49999999999998934,0.35999999999998933,2025-06-06 12:30:00+00:00,Unemployment Rate,high,8.0,-0.12304840897445768,13.0,103506.7,15.0,103895.7,0.3758210821135144
LONG,2025-06-06 12:46:00+00:00,16.0,103895.8,2025-06-06 13:40:00+00:00,70.0,104415.279,TP,0.5,0.3,0.49999999999998934,0.35999999999998933,2025-06-06 12:30:00+00:00,Unemployment Rate,high,8.0,-0.12304840897445768,13.0,103506.7,15.0,103895.7,0.3758210821135144
LONG,2025-06-06 12:46:00+00:00,16.0,103895.8,2025-06-06 13:40:00+00:00,70.0,104415.279,TP,0.5,0.5,0.49999999999998934,0.35999999999998933,2025-06-06 12:30:00+00:00,Unemployment Rate,high,8.0,-0.12304840897445768,13.0,103506.7,15.0,103895.7,0.3758210821135144
LONG,2025-06-06 12:46:00+00:00,16.0,103895.8,2025-06-06 13:46:00+00:00,76.0,104453.2,TIME_EXIT,0.75,0.2,0.536499069259766,0.39649906925976597,2025-06-06 12:30:00+00:00,Unemployment Rate,high,8.0,-0.12304840897445768,13.0,103506.7,15.0,103895.7,0.3758210821135144
LONG,2025-06-06 12:46:00+00:00,16.0,103895.8,2025-06-06 13:46:00+00:00,76.0,104453.2,TIME_EXIT,0.75,0.3,0.536499069259766,0.39649906925976597,2025-06-06 12:30:00+00:00,Unemployment Rate,high,8.0,-0.12304840897445768,13.0,103506.7,15.0,103895.7,0.3758210821135144
LONG,2025-06-06 12:46:00+00:00,16.0,103895.8,2025-06-06 13:46:00+00:00,76.0,104453.2,TIME_EXIT,0.75,0.5,0.536499069259766,0.39649906925976597,2025-06-06 12:30:00+00:00,Unemployment Rate,high,8.0,-0.12304840897445768,13.0,103506.7,15.0,103895.7,0.3758210821135144
LONG,2025-06-06 12:46:00+00:00,16.0,103895.8,2025-06-06 13:46:00+00:00,76.0,104453.2,TIME_EXIT,1.0,0.2,0.536499069259766,0.39649906925976597,2025-06-06 12:30:00+00:00,Unemployment Rate,high,8.0,-0.12304840897445768,13.0,103506.7,15.0,103895.7,0.3758210821135144
LONG,2025-06-06 12:46:00+00:00,16.0,103895.8,2025-06-06 13:46:00+00:00,76.0,104453.2,TIME_EXIT,1.0,0.3,0.536499069259766,0.39649906925976597,2025-06-06 12:30:00+00:00,Unemployment Rate,high,8.0,-0.12304840897445768,13.0,103506.7,15.0,103895.7,0.3758210821135144
LONG,2025-06-06 12:46:00+00:00,16.0,103895.8,2025-06-06 13:46:00+00:00,76.0,104453.2,TIME_EXIT,1.0,0.5,0.536499069259766,0.39649906925976597,2025-06-06 12:30:00+00:00,Unemployment Rate,high,8.0,-0.12304840897445768,13.0,103506.7,15.0,103895.7,0.3758210821135144
LONG,2025-06-11 12:42:00+00:00,12.0,109729.7,2025-06-11 13:32:00+00:00,62.0,109510.24059999999,SL,0.2,0.2,-0.20000000000001128,-0.3400000000000113,2025-06-11 12:30:00+00:00,CPI,high,6.0,-0.12601097861545396,7.0,109483.3,11.0,109729.7,0.22505715483547295
LONG,2025-06-11 12:42:00+00:00,12.0,109729.7,2025-06-11 13:32:00+00:00,62.0,109400.5109,SL,0.2,0.3,-0.30000000000000027,-0.4400000000000003,2025-06-11 12:30:00+00:00,CPI,high,6.0,-0.12601097861545396,7.0,109483.3,11.0,109729.7,0.22505715483547295
LONG,2025-06-11 12:42:00+00:00,12.0,109729.7,2025-06-11 13:42:00+00:00,72.0,109723.8,TIME_EXIT,0.2,0.5,-0.0053768487474181725,-0.14537684874741819,2025-06-11 12:30:00+00:00,CPI,high,6.0,-0.12601097861545396,7.0,109483.3,11.0,109729.7,0.22505715483547295
LONG,2025-06-11 12:42:00+00:00,12.0,109729.7,2025-06-11 13:32:00+00:00,62.0,109510.24059999999,SL,0.3,0.2,-0.20000000000001128,-0.3400000000000113,2025-06-11 12:30:00+00:00,CPI,high,6.0,-0.12601097861545396,7.0,109483.3,11.0,109729.7,0.22505715483547295
LONG,2025-06-11 12:42:00+00:00,12.0,109729.7,2025-06-11 13:32:00+00:00,62.0,109400.5109,SL,0.3,0.3,-0.30000000000000027,-0.4400000000000003,2025-06-11 12:30:00+00:00,CPI,high,6.0,-0.12601097861545396,7.0,109483.3,11.0,109729.7,0.22505715483547295
LONG,2025-06-11 12:42:00+00:00,12.0,109729.7,2025-06-11 13:42:00+00:00,72.0,109723.8,TIME_EXIT,0.3,0.5,-0.0053768487474181725,-0.14537684874741819,2025-06-11 12:30:00+00:00,CPI,high,6.0,-0.12601097861545396,7.0,109483.3,11.0,109729.7,0.22505715483547295
LONG,2025-06-11 12:42:00+00:00,12.0,109729.7,2025-06-11 13:32:00+00:00,62.0,109510.24059999999,SL,0.5,0.2,-0.20000000000001128,-0.3400000000000113,2025-06-11 12:30:00+00:00,CPI,high,6.0,-0.12601097861545396,7.0,109483.3,11.0,109729.7,0.22505715483547295
LONG,2025-06-11 12:42:00+00:00,12.0,109729.7,2025-06-11 13:32:00+00:00,62.0,109400.5109,SL,0.5,0.3,-0.30000000000000027,-0.4400000000000003,2025-06-11 12:30:00+00:00,CPI,high,6.0,-0.12601097861545396,7.0,109483.3,11.0,109729.7,0.22505715483547295
LONG,2025-06-11 12:42:00+00:00,12.0,109729.7,2025-06-11 13:42:00+00:00,72.0,109723.8,TIME_EXIT,0.5,0.5,-0.0053768487474181725,-0.14537684874741819,2025-06-11 12:30:00+00:00,CPI,high,6.0,-0.12601097861545396,7.0,109483.3,11.0,109729.7,0.22505715483547295
LONG,2025-06-11 12:42:00+00:00,12.0,109729.7,2025-06-11 13:32:00+00:00,62.0,109510.24059999999,SL,0.75,0.2,-0.20000000000001128,-0.3400000000000113,2025-06-11 12:30:00+00:00,CPI,high,6.0,-0.12601097861545396,7.0,109483.3,11.0,109729.7,0.22505715483547295
LONG,2025-06-11 12:42:00+00:00,12.0,109729.7,2025-06-11 13:32:00+00:00,62.0,109400.5109,SL,0.75,0.3,-0.30000000000000027,-0.4400000000000003,2025-06-11 12:30:00+00:00,CPI,high,6.0,-0.12601097861545396,7.0,109483.3,11.0,109729.7,0.22505715483547295
LONG,2025-06-11 12:42:00+00:00,12.0,109729.7,2025-06-11 13:42:00+00:00,72.0,109723.8,TIME_EXIT,0.75,0.5,-0.0053768487474181725,-0.14537684874741819,2025-06-11 12:30:00+00:00,CPI,high,6.0,-0.12601097861545396,7.0,109483.3,11.0,109729.7,0.22505715483547295
LONG,2025-06-11 12:42:00+00:00,12.0,109729.7,2025-06-11 13:32:00+00:00,62.0,109510.24059999999,SL,1.0,0.2,-0.20000000000001128,-0.3400000000000113,2025-06-11 12:30:00+00:00,CPI,high,6.0,-0.12601097861545396,7.0,109483.3,11.0,109729.7,0.22505715483547295
LONG,2025-06-11 12:42:00+00:00,12.0,109729.7,2025-06-11 13:32:00+00:00,62.0,109400.5109,SL,1.0,0.3,-0.30000000000000027,-0.4400000000000003,2025-06-11 12:30:00+00:00,CPI,high,6.0,-0.12601097861545396,7.0,109483.3,11.0,109729.7,0.22505715483547295
LONG,2025-06-11 12:42:00+00:00,12.0,109729.7,2025-06-11 13:42:00+00:00,72.0,109723.8,TIME_EXIT,1.0,0.5,-0.0053768487474181725,-0.14537684874741819,2025-06-11 12:30:00+00:00,CPI,high,6.0,-0.12601097861545396,7.0,109483.3,11.0,109729.7,0.22505715483547295
LONG,2025-07-03 12:55:00+00:00,25.0,109024.0,2025-07-03 13:01:00+00:00,31.0,109242.048,TP,0.2,0.2,0.20000000000000018,0.060000000000000164,2025-07-03 12:30:00+00:00,Nonfarm Payrolls,high,5.0,-0.12176095757274741,20.0,108758.0,24.0,109021.0,0.24182129130729813
LONG,2025-07-03 12:55:00+00:00,25.0,109024.0,2025-07-03 13:01:00+00:00,31.0,109242.048,TP,0.2,0.3,0.20000000000000018,0.060000000000000164,2025-07-03 12:30:00+00:00,Nonfarm Payrolls,high,5.0,-0.12176095757274741,20.0,108758.0,24.0,109021.0,0.24182129130729813
LONG,2025-07-03 12:55:00+00:00,25.0,109024.0,2025-07-03 13:01:00+00:00,31.0,109242.048,TP,0.2,0.5,0.20000000000000018,0.060000000000000164,2025-07-03 12:30:00+00:00,Nonfarm Payrolls,high,5.0,-0.12176095757274741,20.0,108758.0,24.0,109021.0,0.24182129130729813
LONG,2025-07-03 12:55:00+00:00,25.0,109024.0,2025-07-03 13:09:00+00:00,39.0,109351.07199999999,TP,0.3,0.2,0.29999999999998916,0.15999999999998915,2025-07-03 12:30:00+00:00,Nonfarm Payrolls,high,5.0,-0.12176095757274741,20.0,108758.0,24.0,109021.0,0.24182129130729813
LONG,2025-07-03 12:55:00+00:00,25.0,109024.0,2025-07-03 13:09:00+00:00,39.0,109351.07199999999,TP,0.3,0.3,0.29999999999998916,0.15999999999998915,2025-07-03 12:30:00+00:00,Nonfarm Payrolls,high,5.0,-0.12176095757274741,20.0,108758.0,24.0,109021.0,0.24182129130729813
LONG,2025-07-03 12:55:00+00:00,25.0,109024.0,2025-07-03 13:09:00+00:00,39.0,109351.07199999999,TP,0.3,0.5,0.29999999999998916,0.15999999999998915,2025-07-03 12:30:00+00:00,Nonfarm Payrolls,high,5.0,-0.12176095757274741,20.0,108758.0,24.0,109021.0,0.24182129130729813
LONG,2025-07-03 12:55:00+00:00,25.0,109024.0,2025-07-03 13:31:00+00:00,61.0,109569.12,TP,0.5,0.2,0.49999999999998934,0.35999999999998933,2025-07-03 12:30:00+00:00,Nonfarm Payrolls,high,5.0,-0.12176095757274741,20.0,108758.0,24.0,109021.0,0.24182129130729813
LONG,2025-07-03 12:55:00+00:00,25.0,109024.0,2025-07-03 13:31:00+00:00,61.0,109569.12,TP,0.5,0.3,0.49999999999998934,0.35999999999998933,2025-07-03 12:30:00+00:00,Nonfarm Payrolls,high,5.0,-0.12176095757274741,20.0,108758.0,24.0,109021.0,0.24182129130729813
LONG,2025-07-03 12:55:00+00:00,25.0,109024.0,2025-07-03 13:31:00+00:00,61.0,109569.12,TP,0.5,0.5,0.49999999999998934,0.35999999999998933,2025-07-03 12:30:00+00:00,Nonfarm Payrolls,high,5.0,-0.12176095757274741,20.0,108758.0,24.0,109021.0,0.24182129130729813
LONG,2025-07-03 12:55:00+00:00,25.0,109024.0,2025-07-03 13:34:00+00:00,64.0,109841.68000000001,TP,0.75,0.2,0.7500000000000062,0.6100000000000062,2025-07-03 12:30:00+00:00,Nonfarm Payrolls,high,5.0,-0.12176095757274741,20.0,108758.0,24.0,109021.0,0.24182129130729813
LONG,2025-07-03 12:55:00+00:00,25.0,109024.0,2025-07-03 13:34:00+00:00,64.0,109841.68000000001,TP,0.75,0.3,0.7500000000000062,0.6100000000000062,2025-07-03 12:30:00+00:00,Nonfarm Payrolls,high,5.0,-0.12176095757274741,20.0,108758.0,24.0,109021.0,0.24182129130729813
LONG,2025-07-03 12:55:00+00:00,25.0,109024.0,2025-07-03 13:34:00+00:00,64.0,109841.68000000001,TP,0.75,0.5,0.7500000000000062,0.6100000000000062,2025-07-03 12:30:00+00:00,Nonfarm Payrolls,high,5.0,-0.12176095757274741,20.0,108758.0,24.0,109021.0,0.24182129130729813
LONG,2025-07-03 12:55:00+00:00,25.0,109024.0,2025-07-03 13:45:00+00:00,75.0,110114.24,TP,1.0,0.2,1.0000000000000009,0.8600000000000009,2025-07-03 12:30:00+00:00,Nonfarm Payrolls,high,5.0,-0.12176095757274741,20.0,108758.0,24.0,109021.0,0.24182129130729813
LONG,2025-07-03 12:55:00+00:00,25.0,109024.0,2025-07-03 13:45:00+00:00,75.0,110114.24,TP,1.0,0.3,1.0000000000000009,0.8600000000000009,2025-07-03 12:30:00+00:00,Nonfarm Payrolls,high,5.0,-0.12176095757274741,20.0,108758.0,24.0,109021.0,0.24182129130729813
LONG,2025-07-03 12:55:00+00:00,25.0,109024.0,2025-07-03 13:45:00+00:00,75.0,110114.24,TP,1.0,0.5,1.0000000000000009,0.8600000000000009,2025-07-03 12:30:00+00:00,Nonfarm Payrolls,high,5.0,-0.12176095757274741,20.0,108758.0,24.0,109021.0,0.24182129130729813
LONG,2025-07-15 12:47:00+00:00,17.0,116805.9,2025-07-15 12:51:00+00:00,21.0,117039.5118,TP,0.2,0.2,0.20000000000000018,0.060000000000000164,2025-07-15 12:30:00+00:00,CPI,high,7.0,-0.11616183568086136,14.0,116406.0,16.0,116805.7,0.34336718038587843
LONG,2025-07-15 12:47:00+00:00,17.0,116805.9,2025-07-15 12:51:00+00:00,21.0,117039.5118,TP,0.2,0.3,0.20000000000000018,0.060000000000000164,2025-07-15 12:30:00+00:00,CPI,high,7.0,-0.11616183568086136,14.0,116406.0,16.0,116805.7,0.34336718038587843
LONG,2025-07-15 12:47:00+00:00,17.0,116805.9,2025-07-15 12:51:00+00:00,21.0,117039.5118,TP,0.2,0.5,0.20000000000000018,0.060000000000000164,2025-07-15 12:30:00+00:00,CPI,high,7.0,-0.11616183568086136,14.0,116406.0,16.0,116805.7,0.34336718038587843
LONG,2025-07-15 12:47:00+00:00,17.0,116805.9,2025-07-15 12:51:00+00:00,21.0,117156.31769999999,TP,0.3,0.2,0.29999999999998916,0.15999999999998915,2025-07-15 12:30:00+00:00,CPI,high,7.0,-0.11616183568086136,14.0,116406.0,16.0,116805.7,0.34336718038587843
LONG,2025-07-15 12:47:00+00:00,17.0,116805.9,2025-07-15 12:51:00+00:00,21.0,117156.31769999999,TP,0.3,0.3,0.29999999999998916,0.15999999999998915,2025-07-15 12:30:00+00:00,CPI,high,7.0,-0.11616183568086136,14.0,116406.0,16.0,116805.7,0.34336718038587843
LONG,2025-07-15 12:47:00+00:00,17.0,116805.9,2025-07-15 12:51:00+00:00,21.0,117156.31769999999,TP,0.3,0.5,0.29999999999998916,0.15999999999998915,2025-07-15 12:30:00+00:00,CPI,high,7.0,-0.11616183568086136,14.0,116406.0,16.0,116805.7,0.34336718038587843
LONG,2025-07-15 12:47:00+00:00,17.0,116805.9,2025-07-15 13:05:00+00:00,35.0,117389.92949999998,TP,0.5,0.2,0.49999999999998934,0.35999999999998933,2025-07-15 12:30:00+00:00,CPI,high,7.0,-0.11616183568086136,14.0,116406.0,16.0,116805.7,0.34336718038587843
LONG,2025-07-15 12:47:00+00:00,17.0,116805.9,2025-07-15 13:05:00+00:00,35.0,117389.92949999998,TP,0.5,0.3,0.49999999999998934,0.35999999999998933,2025-07-15 12:30:00+00:00,CPI,high,7.0,-0.11616183568086136,14.0,116406.0,16.0,116805.7,0.34336718038587843
LONG,2025-07-15 12:47:00+00:00,17.0,116805.9,2025-07-15 13:05:00+00:00,35.0,117389.92949999998,TP,0.5,0.5,0.49999999999998934,0.35999999999998933,2025-07-15 12:30:00+00:00,CPI,high,7.0,-0.11616183568086136,14.0,116406.0,16.0,116805.7,0.34336718038587843
LONG,2025-07-15 12:47:00+00:00,17.0,116805.9,2025-07-15 13:06:00+00:00,36.0,117681.94425,TP,0.75,0.2,0.7500000000000062,0.6100000000000062,2025-07-15 12:30:00+00:00,CPI,high,7.0,-0.11616183568086136,14.0,116406.0,16.0,116805.7,0.34336718038587843
LONG,2025-07-15 12:47:00+00:00,17.0,116805.9,2025-07-15 13:06:00+00:00,36.0,117681.94425,TP,0.75,0.3,0.7500000000000062,0.6100000000000062,2025-07-15 12:30:00+00:00,CPI,high,7.0,-0.11616183568086136,14.0,116406.0,16.0,116805.7,0.34336718038587843
LONG,2025-07-15 12:47:00+00:00,17.0,116805.9,2025-07-15 13:06:00+00:00,36.0,117681.94425,TP,0.75,0.5,0.7500000000000062,0.6100000000000062,2025-07-15 12:30:00+00:00,CPI,high,7.0,-0.11616183568086136,14.0,116406.0,16.0,116805.7,0.34336718038587843
LONG,2025-07-15 12:47:00+00:00,17.0,116805.9,2025-07-15 13:12:00+00:00,42.0,117973.95899999999,TP,1.0,0.2,1.0000000000000009,0.8600000000000009,2025-07-15 12:30:00+00:00,CPI,high,7.0,-0.11616183568086136,14.0,116406.0,16.0,116805.7,0.34336718038587843
LONG,2025-07-15 12:47:00+00:00,17.0,116805.9,2025-07-15 13:12:00+00:00,42.0,117973.95899999999,TP,1.0,0.3,1.0000000000000009,0.8600000000000009,2025-07-15 12:30:00+00:00,CPI,high,7.0,-0.11616183568086136,14.0,116406.0,16.0,116805.7,0.34336718038587843
LONG,2025-07-15 12:47:00+00:00,17.0,116805.9,2025-07-15 13:12:00+00:00,42.0,117973.95899999999,TP,1.0,0.5,1.0000000000000009,0.8600000000000009,2025-07-15 12:30:00+00:00,CPI,high,7.0,-0.11616183568086136,14.0,116406.0,16.0,116805.7,0.34336718038587843
SHORT,2025-08-01 13:15:00+00:00,45.0,115782.1,2025-08-01 13:23:00+00:00,53.0,115550.53580000001,TP,0.2,0.2,0.2004008016031955,0.0604008016031955,2025-08-01 12:30:00+00:00,Nonfarm Payrolls,high,5.0,0.11075921983974002,42.0,116018.4,44.0,115782.0,0.204176815048962
SHORT,2025-08-01 13:15:00+00:00,45.0,115782.1,2025-08-01 13:23:00+00:00,53.0,115550.53580000001,TP,0.2,0.3,0.2004008016031955,0.0604008016031955,2025-08-01 12:30:00+00:00,Nonfarm Payrolls,high,5.0,0.11075921983974002,42.0,116018.4,44.0,115782.0,0.204176815048962
SHORT,2025-08-01 13:15:00+00:00,45.0,115782.1,2025-08-01 13:23:00+00:00,53.0,115550.53580000001,TP,0.2,0.5,0.2004008016031955,0.0604008016031955,2025-08-01 12:30:00+00:00,Nonfarm Payrolls,high,5.0,0.11075921983974002,42.0,116018.4,44.0,115782.0,0.204176815048962
SHORT,2025-08-01 13:15:00+00:00,45.0,115782.1,2025-08-01 13:31:00+00:00,61.0,115434.7537,TP,0.3,0.2,0.30090270812437314,0.16090270812437313,2025-08-01 12:30:00+00:00,Nonfarm Payrolls,high,5.0,0.11075921983974002,42.0,116018.4,44.0,115782.0,0.204176815048962
SHORT,2025-08-01 13:15:00+00:00,45.0,115782.1,2025-08-01 13:31:00+00:00,61.0,115434.7537,TP,0.3,0.3,0.30090270812437314,0.16090270812437313,2025-08-01 12:30:00+00:00,Nonfarm Payrolls,high,5.0,0.11075921983974002,42.0,116018.4,44.0,115782.0,0.204176815048962
SHORT,2025-08-01 13:15:00+00:00,45.0,115782.1,2025-08-01 13:31:00+00:00,61.0,115434.7537,TP,0.3,0.5,0.30090270812437314,0.16090270812437313,2025-08-01 12:30:00+00:00,Nonfarm Payrolls,high,5.0,0.11075921983974002,42.0,116018.4,44.0,115782.0,0.204176815048962
SHORT,2025-08-01 13:15:00+00:00,45.0,115782.1,2025-08-01 13:40:00+00:00,70.0,115203.18950000001,TP,0.5,0.2,0.5025125628140614,0.3625125628140614,2025-08-01 12:30:00+00:00,Nonfarm Payrolls,high,5.0,0.11075921983974002,42.0,116018.4,44.0,115782.0,0.204176815048962
SHORT,2025-08-01 13:15:00+00:00,45.0,115782.1,2025-08-01 13:40:00+00:00,70.0,115203.18950000001,TP,0.5,0.3,0.5025125628140614,0.3625125628140614,2025-08-01 12:30:00+00:00,Nonfarm Payrolls,high,5.0,0.11075921983974002,42.0,116018.4,44.0,115782.0,0.204176815048962
SHORT,2025-08-01 13:15:00+00:00,45.0,115782.1,2025-08-01 13:40:00+00:00,70.0,115203.18950000001,TP,0.5,0.5,0.5025125628140614,0.3625125628140614,2025-08-01 12:30:00+00:00,Nonfarm Payrolls,high,5.0,0.11075921983974002,42.0,116018.4,44.0,115782.0,0.204176815048962
SHORT,2025-08-01 13:15:00+00:00,45.0,115782.1,2025-08-01 13:45:00+00:00,75.0,114913.73425000001,TP,0.75,0.2,0.7556675062972307,0.6156675062972307,2025-08-01 12:30:00+00:00,Nonfarm Payrolls,high,5.0,0.11075921983974002,42.0,116018.4,44.0,115782.0,0.204176815048962
SHORT,2025-08-01 13:15:00+00:00,45.0,115782.1,2025-08-01 13:45:00+00:00,75.0,114913.73425000001,TP,0.75,0.3,0.7556675062972307,0.6156675062972307,2025-08-01 12:30:00+00:00,Nonfarm Payrolls,high,5.0,0.11075921983974002,42.0,116018.4,44.0,115782.0,0.204176815048962
SHORT,2025-08-01 13:15:00+00:00,45.0,115782.1,2025-08-01 13:45:00+00:00,75.0,114913.73425000001,TP,0.75,0.5,0.7556675062972307,0.6156675062972307,2025-08-01 12:30:00+00:00,Nonfarm Payrolls,high,5.0,0.11075921983974002,42.0,116018.4,44.0,115782.0,0.204176815048962
SHORT,2025-08-01 13:15:00+00:00,45.0,115782.1,2025-08-01 13:48:00+00:00,78.0,114624.27900000001,TP,1.0,0.2,1.0101010101010166,0.8701010101010166,2025-08-01 12:30:00+00:00,Nonfarm Payrolls,high,5.0,0.11075921983974002,42.0,116018.4,44.0,115782.0,0.204176815048962
SHORT,2025-08-01 13:15:00+00:00,45.0,115782.1,2025-08-01 13:48:00+00:00,78.0,114624.27900000001,TP,1.0,0.3,1.0101010101010166,0.8701010101010166,2025-08-01 12:30:00+00:00,Nonfarm Payrolls,high,5.0,0.11075921983974002,42.0,116018.4,44.0,115782.0,0.204176815048962
SHORT,2025-08-01 13:15:00+00:00,45.0,115782.1,2025-08-01 13:48:00+00:00,78.0,114624.27900000001,TP,1.0,0.5,1.0101010101010166,0.8701010101010166,2025-08-01 12:30:00+00:00,Nonfarm Payrolls,high,5.0,0.11075921983974002,42.0,116018.4,44.0,115782.0,0.204176815048962
LONG,2025-08-12 12:40:00+00:00,10.0,118985.2,2025-08-12 12:50:00+00:00,20.0,119223.1704,TP,0.2,0.2,0.20000000000000018,0.060000000000000164,2025-08-12 12:30:00+00:00,CPI,high,5.0,-0.17676598031641788,8.0,118695.7,9.0,118985.1,0.24381675157567617
LONG,2025-08-12 12:40:00+00:00,10.0,118985.2,2025-08-12 12:50:00+00:00,20.0,119223.1704,TP,0.2,0.3,0.20000000000000018,0.060000000000000164,2025-08-12 12:30:00+00:00,CPI,high,5.0,-0.17676598031641788,8.0,118695.7,9.0,118985.1,0.24381675157567617
LONG,2025-08-12 12:40:00+00:00,10.0,118985.2,2025-08-12 12:50:00+00:00,20.0,119223.1704,TP,0.2,0.5,0.20000000000000018,0.060000000000000164,2025-08-12 12:30:00+00:00,CPI,high,5.0,-0.17676598031641788,8.0,118695.7,9.0,118985.1,0.24381675157567617
LONG,2025-08-12 12:40:00+00:00,10.0,118985.2,2025-08-12 13:30:00+00:00,60.0,119342.15559999998,TP,0.3,0.2,0.29999999999998916,0.15999999999998915,2025-08-12 12:30:00+00:00,CPI,high,5.0,-0.17676598031641788,8.0,118695.7,9.0,118985.1,0.24381675157567617
LONG,2025-08-12 12:40:00+00:00,10.0,118985.2,2025-08-12 13:30:00+00:00,60.0,119342.15559999998,TP,0.3,0.3,0.29999999999998916,0.15999999999998915,2025-08-12 12:30:00+00:00,CPI,high,5.0,-0.17676598031641788,8.0,118695.7,9.0,118985.1,0.24381675157567617
LONG,2025-08-12 12:40:00+00:00,10.0,118985.2,2025-08-12 13:30:00+00:00,60.0,119342.15559999998,TP,0.3,0.5,0.29999999999998916,0.15999999999998915,2025-08-12 12:30:00+00:00,CPI,high,5.0,-0.17676598031641788,8.0,118695.7,9.0,118985.1,0.24381675157567617
LONG,2025-08-12 12:40:00+00:00,10.0,118985.2,2025-08-12 13:35:00+00:00,65.0,119580.12599999999,TP,0.5,0.2,0.49999999999998934,0.35999999999998933,2025-08-12 12:30:00+00:00,CPI,high,5.0,-0.17676598031641788,8.0,118695.7,9.0,118985.1,0.24381675157567617
LONG,2025-08-12 12:40:00+00:00,10.0,118985.2,2025-08-12 13:35:00+00:00,65.0,119580.12599999999,TP,0.5,0.3,0.49999999999998934,0.35999999999998933,2025-08-12 12:30:00+00:00,CPI,high,5.0,-0.17676598031641788,8.0,118695.7,9.0,118985.1,0.24381675157567617
LONG,2025-08-12 12:40:00+00:00,10.0,118985.2,2025-08-12 13:35:00+00:00,65.0,119580.12599999999,TP,0.5,0.5,0.49999999999998934,0.35999999999998933,2025-08-12 12:30:00+00:00,CPI,high,5.0,-0.17676598031641788,8.0,118695.7,9.0,118985.1,0.24381675157567617
LONG,2025-08-12 12:40:00+00:00,10.0,118985.2,2025-08-12 13:40:00+00:00,70.0,119281.6,TIME_EXIT,0.75,0.2,0.24910661157859781,0.1091066115785978,2025-08-12 12:30:00+00:00,CPI,high,5.0,-0.17676598031641788,8.0,118695.7,9.0,118985.1,0.24381675157567617
LONG,2025-08-12 12:40:00+00:00,10.0,118985.2,2025-08-12 13:40:00+00:00,70.0,119281.6,TIME_EXIT,0.75,0.3,0.24910661157859781,0.1091066115785978,2025-08-12 12:30:00+00:00,CPI,high,5.0,-0.17676598031641788,8.0,118695.7,9.0,118985.1,0.24381675157567617
LONG,2025-08-12 12:40:00+00:00,10.0,118985.2,2025-08-12 13:40:00+00:00,70.0,119281.6,TIME_EXIT,0.75,0.5,0.24910661157859781,0.1091066115785978,2025-08-12 12:30:00+00:00,CPI,high,5.0,-0.17676598031641788,8.0,118695.7,9.0,118985.1,0.24381675157567617
LONG,2025-08-12 12:40:00+00:00,10.0,118985.2,2025-08-12 13:40:00+00:00,70.0,119281.6,TIME_EXIT,1.0,0.2,0.24910661157859781,0.1091066115785978,2025-08-12 12:30:00+00:00,CPI,high,5.0,-0.17676598031641788,8.0,118695.7,9.0,118985.1,0.24381675157567617
LONG,2025-08-12 12:40:00+00:00,10.0,118985.2,2025-08-12 13:40:00+00:00,70.0,119281.6,TIME_EXIT,1.0,0.3,0.24910661157859781,0.1091066115785978,2025-08-12 12:30:00+00:00,CPI,high,5.0,-0.17676598031641788,8.0,118695.7,9.0,118985.1,0.24381675157567617
LONG,2025-08-12 12:40:00+00:00,10.0,118985.2,2025-08-12 13:40:00+00:00,70.0,119281.6,TIME_EXIT,1.0,0.5,0.24910661157859781,0.1091066115785978,2025-08-12 12:30:00+00:00,CPI,high,5.0,-0.17676598031641788,8.0,118695.7,9.0,118985.1,0.24381675157567617
LONG,2025-09-05 12:45:00+00:00,15.0,112676.1,2025-09-05 12:51:00+00:00,21.0,112901.4522,TP,0.2,0.2,0.20000000000000018,0.060000000000000164,2025-09-05 12:30:00+00:00,Nonfarm Payrolls,high,5.0,-0.29051751194649755,12.0,112400.0,14.0,112676.1,0.24564056939502255
LONG,2025-09-05 12:45:00+00:00,15.0,112676.1,2025-09-05 12:51:00+00:00,21.0,112901.4522,TP,0.2,0.3,0.20000000000000018,0.060000000000000164,2025-09-05 12:30:00+00:00,Nonfarm Payrolls,high,5.0,-0.29051751194649755,12.0,112400.0,14.0,112676.1,0.24564056939502255
LONG,2025-09-05 12:45:00+00:00,15.0,112676.1,2025-09-05 12:51:00+00:00,21.0,112901.4522,TP,0.2,0.5,0.20000000000000018,0.060000000000000164,2025-09-05 12:30:00+00:00,Nonfarm Payrolls,high,5.0,-0.29051751194649755,12.0,112400.0,14.0,112676.1,0.24564056939502255
LONG,2025-09-05 12:45:00+00:00,15.0,112676.1,2025-09-05 12:54:00+00:00,24.0,113014.1283,TP,0.3,0.2,0.29999999999998916,0.15999999999998915,2025-09-05 12:30:00+00:00,Nonfarm Payrolls,high,5.0,-0.29051751194649755,12.0,112400.0,14.0,112676.1,0.24564056939502255
LONG,2025-09-05 12:45:00+00:00,15.0,112676.1,2025-09-05 12:54:00+00:00,24.0,113014.1283,TP,0.3,0.3,0.29999999999998916,0.15999999999998915,2025-09-05 12:30:00+00:00,Nonfarm Payrolls,high,5.0,-0.29051751194649755,12.0,112400.0,14.0,112676.1,0.24564056939502255
LONG,2025-09-05 12:45:00+00:00,15.0,112676.1,2025-09-05 12:54:00+00:00,24.0,113014.1283,TP,0.3,0.5,0.29999999999998916,0.15999999999998915,2025-09-05 12:30:00+00:00,Nonfarm Payrolls,high,5.0,-0.29051751194649755,12.0,112400.0,14.0,112676.1,0.24564056939502255
LONG,2025-09-05 12:45:00+00:00,15.0,112676.1,2025-09-05 12:54:00+00:00,24.0,113239.48049999999,TP,0.5,0.2,0.49999999999998934,0.35999999999998933,2025-09-05 12:30:00+00:00,Nonfarm Payrolls,high,5.0,-0.29051751194649755,12.0,112400.0,14.0,112676.1,0.24564056939502255
LONG,2025-09-05 12:45:00+00:00,15.0,112676.1,2025-09-05 12:54:00+00:00,24.0,113239.48049999999,TP,0.5,0.3,0.49999999999998934,0.35999999999998933,2025-09-05 12:30:00+00:00,Nonfarm Payrolls,high,5.0,-0.29051751194649755,12.0,112400.0,14.0,112676.1,0.24564056939502255
LONG,2025-09-05 12:45:00+00:00,15.0,112676.1,2025-09-05 12:54:00+00:00,24.0,113239.48049999999,TP,0.5,0.5,0.49999999999998934,0.35999999999998933,2025-09-05 12:30:00+00:00,Nonfarm Payrolls,high,5.0,-0.29051751194649755,12.0,112400.0,14.0,112676.1,0.24564056939502255
LONG,2025-09-05 12:45:00+00:00,15.0,112676.1,2025-09-05 13:45:00+00:00,75.0,112881.9,TIME_EXIT,0.75,0.2,0.18264742922411425,0.04264742922411424,2025-09-05 12:30:00+00:00,Nonfarm Payrolls,high,5.0,-0.29051751194649755,12.0,112400.0,14.0,112676.1,0.24564056939502255
LONG,2025-09-05 12:45:00+00:00,15.0,112676.1,2025-09-05 13:45:00+00:00,75.0,112881.9,TIME_EXIT,0.75,0.3,0.18264742922411425,0.04264742922411424,2025-09-05 12:30:00+00:00,Nonfarm Payrolls,high,5.0,-0.29051751194649755,12.0,112400.0,14.0,112676.1,0.24564056939502255
LONG,2025-09-05 12:45:00+00:00,15.0,112676.1,2025-09-05 13:45:00+00:00,75.0,112881.9,TIME_EXIT,0.75,0.5,0.18264742922411425,0.04264742922411424,2025-09-05 12:30:00+00:00,Nonfarm Payrolls,high,5.0,-0.29051751194649755,12.0,112400.0,14.0,112676.1,0.24564056939502255
LONG,2025-09-05 12:45:00+00:00,15.0,112676.1,2025-09-05 13:45:00+00:00,75.0,112881.9,TIME_EXIT,1.0,0.2,0.18264742922411425,0.04264742922411424,2025-09-05 12:30:00+00:00,Nonfarm Payrolls,high,5.0,-0.29051751194649755,12.0,112400.0,14.0,112676.1,0.24564056939502255
LONG,2025-09-05 12:45:00+00:00,15.0,112676.1,2025-09-05 13:45:00+00:00,75.0,112881.9,TIME_EXIT,1.0,0.3,0.18264742922411425,0.04264742922411424,2025-09-05 12:30:00+00:00,Nonfarm Payrolls,high,5.0,-0.29051751194649755,12.0,112400.0,14.0,112676.1,0.24564056939502255
LONG,2025-09-05 12:45:00+00:00,15.0,112676.1,2025-09-05 13:45:00+00:00,75.0,112881.9,TIME_EXIT,1.0,0.5,0.18264742922411425,0.04264742922411424,2025-09-05 12:30:00+00:00,Nonfarm Payrolls,high,5.0,-0.29051751194649755,12.0,112400.0,14.0,112676.1,0.24564056939502255
SHORT,2025-09-11 13:02:00+00:00,32.0,113875.1,2025-09-11 13:10:00+00:00,40.0,113647.34980000001,TP,0.2,0.2,0.2004008016031955,0.0604008016031955,2025-09-11 12:30:00+00:00,CPI,high,8.0,0.2585145309971004,22.0,114151.7,31.0,113876.0,0.2421054480311824
SHORT,2025-09-11 13:02:00+00:00,32.0,113875.1,2025-09-11 13:10:00+00:00,40.0,113647.34980000001,TP,0.2,0.3,0.2004008016031955,0.0604008016031955,2025-09-11 12:30:00+00:00,CPI,high,8.0,0.2585145309971004,22.0,114151.7,31.0,113876.0,0.2421054480311824
SHORT,2025-09-11 13:02:00+00:00,32.0,113875.1,2025-09-11 13:10:00+00:00,40.0,113647.34980000001,TP,0.2,0.5,0.2004008016031955,0.0604008016031955,2025-09-11 12:30:00+00:00,CPI,high,8.0,0.2585145309971004,22.0,114151.7,31.0,113876.0,0.2421054480311824
SHORT,2025-09-11 13:02:00+00:00,32.0,113875.1,2025-09-11 13:11:00+00:00,41.0,113533.4747,TP,0.3,0.2,0.30090270812437314,0.16090270812437313,2025-09-11 12:30:00+00:00,CPI,high,8.0,0.2585145309971004,22.0,114151.7,31.0,113876.0,0.2421054480311824
SHORT,2025-09-11 13:02:00+00:00,32.0,113875.1,2025-09-11 13:11:00+00:00,41.0,113533.4747,TP,0.3,0.3,0.30090270812437314,0.16090270812437313,2025-09-11 12:30:00+00:00,CPI,high,8.0,0.2585145309971004,22.0,114151.7,31.0,113876.0,0.2421054480311824
SHORT,2025-09-11 13:02:00+00:00,32.0,113875.1,2025-09-11 13:11:00+00:00,41.0,113533.4747,TP,0.3,0.5,0.30090270812437314,0.16090270812437313,2025-09-11 12:30:00+00:00,CPI,high,8.0,0.2585145309971004,22.0,114151.7,31.0,113876.0,0.2421054480311824
SHORT,2025-09-11 13:02:00+00:00,32.0,113875.1,2025-09-11 13:40:00+00:00,70.0,114102.8502,SL,0.5,0.2,-0.19960079840318778,-0.3396007984031878,2025-09-11 12:30:00+00:00,CPI,high,8.0,0.2585145309971004,22.0,114151.7,31.0,113876.0,0.2421054480311824
SHORT,2025-09-11 13:02:00+00:00,32.0,113875.1,2025-09-11 13:57:00+00:00,87.0,114216.72529999999,SL,0.5,0.3,-0.29910269192421346,-0.4391026919242135,2025-09-11 12:30:00+00:00,CPI,high,8.0,0.2585145309971004,22.0,114151.7,31.0,113876.0,0.2421054480311824
SHORT,2025-09-11 13:02:00+00:00,32.0,113875.1,2025-09-11 13:57:00+00:00,87.0,114444.4755,SL,0.5,0.5,-0.497512437810943,-0.637512437810943,2025-09-11 12:30:00+00:00,CPI,high,8.0,0.2585145309971004,22.0,114151.7,31.0,113876.0,0.2421054480311824
SHORT,2025-09-11 13:02:00+00:00,32.0,113875.1,2025-09-11 13:40:00+00:00,70.0,114102.8502,SL,0.75,0.2,-0.19960079840318778,-0.3396007984031878,2025-09-11 12:30:00+00:00,CPI,high,8.0,0.2585145309971004,22.0,114151.7,31.0,113876.0,0.2421054480311824
SHORT,2025-09-11 13:02:00+00:00,32.0,113875.1,2025-09-11 13:57:00+00:00,87.0,114216.72529999999,SL,0.75,0.3,-0.29910269192421346,-0.4391026919242135,2025-09-11 12:30:00+00:00,CPI,high,8.0,0.2585145309971004,22.0,114151.7,31.0,113876.0,0.2421054480311824
SHORT,2025-09-11 13:02:00+00:00,32.0,113875.1,2025-09-11 13:57:00+00:00,87.0,114444.4755,SL,0.75,0.5,-0.497512437810943,-0.637512437810943,2025-09-11 12:30:00+00:00,CPI,high,8.0,0.2585145309971004,22.0,114151.7,31.0,113876.0,0.2421054480311824
SHORT,2025-09-11 13:02:00+00:00,32.0,113875.1,2025-09-11 13:40:00+00:00,70.0,114102.8502,SL,1.0,0.2,-0.19960079840318778,-0.3396007984031878,2025-09-11 12:30:00+00:00,CPI,high,8.0,0.2585145309971004,22.0,114151.7,31.0,113876.0,0.2421054480311824
SHORT,2025-09-11 13:02:00+00:00,32.0,113875.1,2025-09-11 13:57:00+00:00,87.0,114216.72529999999,SL,1.0,0.3,-0.29910269192421346,-0.4391026919242135,2025-09-11 12:30:00+00:00,CPI,high,8.0,0.2585145309971004,22.0,114151.7,31.0,113876.0,0.2421054480311824
SHORT,2025-09-11 13:02:00+00:00,32.0,113875.1,2025-09-11 13:57:00+00:00,87.0,114444.4755,SL,1.0,0.5,-0.497512437810943,-0.637512437810943,2025-09-11 12:30:00+00:00,CPI,high,8.0,0.2585145309971004,22.0,114151.7,31.0,113876.0,0.2421054480311824
SHORT,2025-10-24 12:49:00+00:00,19.0,111340.1,2025-10-24 13:35:00+00:00,65.0,111117.4198,TP,0.2,0.2,0.20040080160321772,0.0604008016032177,2025-10-24 12:30:00+00:00,CPI,high,14.0,0.15664272890485442,15.0,111594.1,18.0,111340.0,0.22821986707384223
SHORT,2025-10-24 12:49:00+00:00,19.0,111340.1,2025-10-24 13:35:00+00:00,65.0,111117.4198,TP,0.2,0.3,0.20040080160321772,0.0604008016032177,2025-10-24 12:30:00+00:00,CPI,high,14.0,0.15664272890485442,15.0,111594.1,18.0,111340.0,0.22821986707384223
SHORT,2025-10-24 12:49:00+00:00,19.0,111340.1,2025-10-24 13:35:00+00:00,65.0,111117.4198,TP,0.2,0.5,0.20040080160321772,0.0604008016032177,2025-10-24 12:30:00+00:00,CPI,high,14.0,0.15664272890485442,15.0,111594.1,18.0,111340.0,0.22821986707384223
SHORT,2025-10-24 12:49:00+00:00,19.0,111340.1,2025-10-24 13:38:00+00:00,68.0,111006.0797,TP,0.3,0.2,0.30090270812437314,0.16090270812437313,2025-10-24 12:30:00+00:00,CPI,high,14.0,0.15664272890485442,15.0,111594.1,18.0,111340.0,0.22821986707384223
SHORT,2025-10-24 12:49:00+00:00,19.0,111340.1,2025-10-24 13:38:00+00:00,68.0,111006.0797,TP,0.3,0.3,0.30090270812437314,0.16090270812437313,2025-10-24 12:30:00+00:00,CPI,high,14.0,0.15664272890485442,15.0,111594.1,18.0,111340.0,0.22821986707384223
SHORT,2025-10-24 12:49:00+00:00,19.0,111340.1,2025-10-24 13:38:00+00:00,68.0,111006.0797,TP,0.3,0.5,0.30090270812437314,0.16090270812437313,2025-10-24 12:30:00+00:00,CPI,high,14.0,0.15664272890485442,15.0,111594.1,18.0,111340.0,0.22821986707384223
SHORT,2025-10-24 12:49:00+00:00,19.0,111340.1,2025-10-24 13:39:00+00:00,69.0,110783.3995,TP,0.5,0.2,0.5025125628140836,0.3625125628140836,2025-10-24 12:30:00+00:00,CPI,high,14.0,0.15664272890485442,15.0,111594.1,18.0,111340.0,0.22821986707384223
SHORT,2025-10-24 12:49:00+00:00,19.0,111340.1,2025-10-24 13:39:00+00:00,69.0,110783.3995,TP,0.5,0.3,0.5025125628140836,0.3625125628140836,2025-10-24 12:30:00+00:00,CPI,high,14.0,0.15664272890485442,15.0,111594.1,18.0,111340.0,0.22821986707384223
SHORT,2025-10-24 12:49:00+00:00,19.0,111340.1,2025-10-24 13:39:00+00:00,69.0,110783.3995,TP,0.5,0.5,0.5025125628140836,0.3625125628140836,2025-10-24 12:30:00+00:00,CPI,high,14.0,0.15664272890485442,15.0,111594.1,18.0,111340.0,0.22821986707384223
SHORT,2025-10-24 12:49:00+00:00,19.0,111340.1,2025-10-24 13:48:00+00:00,78.0,110505.04925000001,TP,0.75,0.2,0.7556675062972307,0.6156675062972307,2025-10-24 12:30:00+00:00,CPI,high,14.0,0.15664272890485442,15.0,111594.1,18.0,111340.0,0.22821986707384223
SHORT,2025-10-24 12:49:00+00:00,19.0,111340.1,2025-10-24 13:48:00+00:00,78.0,110505.04925000001,TP,0.75,0.3,0.7556675062972307,0.6156675062972307,2025-10-24 12:30:00+00:00,CPI,high,14.0,0.15664272890485442,15.0,111594.1,18.0,111340.0,0.22821986707384223
SHORT,2025-10-24 12:49:00+00:00,19.0,111340.1,2025-10-24 13:48:00+00:00,78.0,110505.04925000001,TP,0.75,0.5,0.7556675062972307,0.6156675062972307,2025-10-24 12:30:00+00:00,CPI,high,14.0,0.15664272890485442,15.0,111594.1,18.0,111340.0,0.22821986707384223
SHORT,2025-10-24 12:49:00+00:00,19.0,111340.1,2025-10-24 13:49:00+00:00,79.0,110555.9,TIME_EXIT,1.0,0.2,0.7093244232103446,0.5693244232103446,2025-10-24 12:30:00+00:00,CPI,high,14.0,0.15664272890485442,15.0,111594.1,18.0,111340.0,0.22821986707384223
SHORT,2025-10-24 12:49:00+00:00,19.0,111340.1,2025-10-24 13:49:00+00:00,79.0,110555.9,TIME_EXIT,1.0,0.3,0.7093244232103446,0.5693244232103446,2025-10-24 12:30:00+00:00,CPI,high,14.0,0.15664272890485442,15.0,111594.1,18.0,111340.0,0.22821986707384223
SHORT,2025-10-24 12:49:00+00:00,19.0,111340.1,2025-10-24 13:49:00+00:00,79.0,110555.9,TIME_EXIT,1.0,0.5,0.7093244232103446,0.5693244232103446,2025-10-24 12:30:00+00:00,CPI,high,14.0,0.15664272890485442,15.0,111594.1,18.0,111340.0,0.22821986707384223
SHORT,2025-11-20 13:42:00+00:00,12.0,91877.9,2025-11-20 13:44:00+00:00,14.0,91694.1442,TP,0.2,0.2,0.2004008016031955,0.0604008016031955,2025-11-20 13:30:00+00:00,Nonfarm Payrolls,high,9.0,0.12351397251815222,9.0,92117.9,11.0,91877.7,0.2614344938978608
SHORT,2025-11-20 13:42:00+00:00,12.0,91877.9,2025-11-20 13:44:00+00:00,14.0,91694.1442,TP,0.2,0.3,0.2004008016031955,0.0604008016031955,2025-11-20 13:30:00+00:00,Nonfarm Payrolls,high,9.0,0.12351397251815222,9.0,92117.9,11.0,91877.7,0.2614344938978608
SHORT,2025-11-20 13:42:00+00:00,12.0,91877.9,2025-11-20 13:44:00+00:00,14.0,91694.1442,TP,0.2,0.5,0.2004008016031955,0.0604008016031955,2025-11-20 13:30:00+00:00,Nonfarm Payrolls,high,9.0,0.12351397251815222,9.0,92117.9,11.0,91877.7,0.2614344938978608
SHORT,2025-11-20 13:42:00+00:00,12.0,91877.9,2025-11-20 13:45:00+00:00,15.0,91602.26629999999,TP,0.3,0.2,0.30090270812437314,0.16090270812437313,2025-11-20 13:30:00+00:00,Nonfarm Payrolls,high,9.0,0.12351397251815222,9.0,92117.9,11.0,91877.7,0.2614344938978608
SHORT,2025-11-20 13:42:00+00:00,12.0,91877.9,2025-11-20 13:45:00+00:00,15.0,91602.26629999999,TP,0.3,0.3,0.30090270812437314,0.16090270812437313,2025-11-20 13:30:00+00:00,Nonfarm Payrolls,high,9.0,0.12351397251815222,9.0,92117.9,11.0,91877.7,0.2614344938978608
SHORT,2025-11-20 13:42:00+00:00,12.0,91877.9,2025-11-20 13:45:00+00:00,15.0,91602.26629999999,TP,0.3,0.5,0.30090270812437314,0.16090270812437313,2025-11-20 13:30:00+00:00,Nonfarm Payrolls,high,9.0,0.12351397251815222,9.0,92117.9,11.0,91877.7,0.2614344938978608
SHORT,2025-11-20 13:42:00+00:00,12.0,91877.9,2025-11-20 14:00:00+00:00,30.0,91418.51049999999,TP,0.5,0.2,0.5025125628140836,0.3625125628140836,2025-11-20 13:30:00+00:00,Nonfarm Payrolls,high,9.0,0.12351397251815222,9.0,92117.9,11.0,91877.7,0.2614344938978608
SHORT,2025-11-20 13:42:00+00:00,12.0,91877.9,2025-11-20 14:00:00+00:00,30.0,91418.51049999999,TP,0.5,0.3,0.5025125628140836,0.3625125628140836,2025-11-20 13:30:00+00:00,Nonfarm Payrolls,high,9.0,0.12351397251815222,9.0,92117.9,11.0,91877.7,0.2614344938978608
SHORT,2025-11-20 13:42:00+00:00,12.0,91877.9,2025-11-20 14:00:00+00:00,30.0,91418.51049999999,TP,0.5,0.5,0.5025125628140836,0.3625125628140836,2025-11-20 13:30:00+00:00,Nonfarm Payrolls,high,9.0,0.12351397251815222,9.0,92117.9,11.0,91877.7,0.2614344938978608
SHORT,2025-11-20 13:42:00+00:00,12.0,91877.9,2025-11-20 14:03:00+00:00,33.0,91188.81575,TP,0.75,0.2,0.7556675062972307,0.6156675062972307,2025-11-20 13:30:00+00:00,Nonfarm Payrolls,high,9.0,0.12351397251815222,9.0,92117.9,11.0,91877.7,0.2614344938978608
SHORT,2025-11-20 13:42:00+00:00,12.0,91877.9,2025-11-20 14:03:00+00:00,33.0,91188.81575,TP,0.75,0.3,0.7556675062972307,0.6156675062972307,2025-11-20 13:30:00+00:00,Nonfarm Payrolls,high,9.0,0.12351397251815222,9.0,92117.9,11.0,91877.7,0.2614344938978608
SHORT,2025-11-20 13:42:00+00:00,12.0,91877.9,2025-11-20 14:03:00+00:00,33.0,91188.81575,TP,0.75,0.5,0.7556675062972307,0.6156675062972307,2025-11-20 13:30:00+00:00,Nonfarm Payrolls,high,9.0,0.12351397251815222,9.0,92117.9,11.0,91877.7,0.2614344938978608
SHORT,2025-11-20 13:42:00+00:00,12.0,91877.9,2025-11-20 14:05:00+00:00,35.0,90959.121,TP,1.0,0.2,1.0101010101009944,0.8701010101009944,2025-11-20 13:30:00+00:00,Nonfarm Payrolls,high,9.0,0.12351397251815222,9.0,92117.9,11.0,91877.7,0.2614344938978608
SHORT,2025-11-20 13:42:00+00:00,12.0,91877.9,2025-11-20 14:05:00+00:00,35.0,90959.121,TP,1.0,0.3,1.0101010101009944,0.8701010101009944,2025-11-20 13:30:00+00:00,Nonfarm Payrolls,high,9.0,0.12351397251815222,9.0,92117.9,11.0,91877.7,0.2614344938978608
SHORT,2025-11-20 13:42:00+00:00,12.0,91877.9,2025-11-20 14:05:00+00:00,35.0,90959.121,TP,1.0,0.5,1.0101010101009944,0.8701010101009944,2025-11-20 13:30:00+00:00,Nonfarm Payrolls,high,9.0,0.12351397251815222,9.0,92117.9,11.0,91877.7,0.2614344938978608
LONG,2025-12-16 14:06:00+00:00,36.0,86809.4,2025-12-16 14:17:00+00:00,47.0,86983.01879999999,TP,0.2,0.2,0.20000000000000018,0.060000000000000164,2025-12-16 13:30:00+00:00,Nonfarm Payrolls,high,5.0,-0.38996908404765884,32.0,86109.0,35.0,86808.7,0.8125747598973332
LONG,2025-12-16 14:06:00+00:00,36.0,86809.4,2025-12-16 14:17:00+00:00,47.0,86983.01879999999,TP,0.2,0.3,0.20000000000000018,0.060000000000000164,2025-12-16 13:30:00+00:00,Nonfarm Payrolls,high,5.0,-0.38996908404765884,32.0,86109.0,35.0,86808.7,0.8125747598973332
LONG,2025-12-16 14:06:00+00:00,36.0,86809.4,2025-12-16 14:17:00+00:00,47.0,86983.01879999999,TP,0.2,0.5,0.20000000000000018,0.060000000000000164,2025-12-16 13:30:00+00:00,Nonfarm Payrolls,high,5.0,-0.38996908404765884,32.0,86109.0,35.0,86808.7,0.8125747598973332
LONG,2025-12-16 14:06:00+00:00,36.0,86809.4,2025-12-16 14:22:00+00:00,52.0,87069.82819999999,TP,0.3,0.2,0.29999999999998916,0.15999999999998915,2025-12-16 13:30:00+00:00,Nonfarm Payrolls,high,5.0,-0.38996908404765884,32.0,86109.0,35.0,86808.7,0.8125747598973332
LONG,2025-12-16 14:06:00+00:00,36.0,86809.4,2025-12-16 14:22:00+00:00,52.0,87069.82819999999,TP,0.3,0.3,0.29999999999998916,0.15999999999998915,2025-12-16 13:30:00+00:00,Nonfarm Payrolls,high,5.0,-0.38996908404765884,32.0,86109.0,35.0,86808.7,0.8125747598973332
LONG,2025-12-16 14:06:00+00:00,36.0,86809.4,2025-12-16 14:22:00+00:00,52.0,87069.82819999999,TP,0.3,0.5,0.29999999999998916,0.15999999999998915,2025-12-16 13:30:00+00:00,Nonfarm Payrolls,high,5.0,-0.38996908404765884,32.0,86109.0,35.0,86808.7,0.8125747598973332
LONG,2025-12-16 14:06:00+00:00,36.0,86809.4,2025-12-16 14:30:00+00:00,60.0,87243.44699999999,TP,0.5,0.2,0.49999999999998934,0.35999999999998933,2025-12-16 13:30:00+00:00,Nonfarm Payrolls,high,5.0,-0.38996908404765884,32.0,86109.0,35.0,86808.7,0.8125747598973332
LONG,2025-12-16 14:06:00+00:00,36.0,86809.4,2025-12-16 14:30:00+00:00,60.0,87243.44699999999,TP,0.5,0.3,0.49999999999998934,0.35999999999998933,2025-12-16 13:30:00+00:00,Nonfarm Payrolls,high,5.0,-0.38996908404765884,32.0,86109.0,35.0,86808.7,0.8125747598973332
LONG,2025-12-16 14:06:00+00:00,36.0,86809.4,2025-12-16 14:30:00+00:00,60.0,87243.44699999999,TP,0.5,0.5,0.49999999999998934,0.35999999999998933,2025-12-16 13:30:00+00:00,Nonfarm Payrolls,high,5.0,-0.38996908404765884,32.0,86109.0,35.0,86808.7,0.8125747598973332
LONG,2025-12-16 14:06:00+00:00,36.0,86809.4,2025-12-16 14:50:00+00:00,80.0,87460.4705,TP,0.75,0.2,0.7500000000000062,0.6100000000000062,2025-12-16 13:30:00+00:00,Nonfarm Payrolls,high,5.0,-0.38996908404765884,32.0,86109.0,35.0,86808.7,0.8125747598973332
LONG,2025-12-16 14:06:00+00:00,36.0,86809.4,2025-12-16 14:50:00+00:00,80.0,87460.4705,TP,0.75,0.3,0.7500000000000062,0.6100000000000062,2025-12-16 13:30:00+00:00,Nonfarm Payrolls,high,5.0,-0.38996908404765884,32.0,86109.0,35.0,86808.7,0.8125747598973332
LONG,2025-12-16 14:06:00+00:00,36.0,86809.4,2025-12-16 14:50:00+00:00,80.0,87460.4705,TP,0.75,0.5,0.7500000000000062,0.6100000000000062,2025-12-16 13:30:00+00:00,Nonfarm Payrolls,high,5.0,-0.38996908404765884,32.0,86109.0,35.0,86808.7,0.8125747598973332
LONG,2025-12-16 14:06:00+00:00,36.0,86809.4,2025-12-16 14:50:00+00:00,80.0,87677.49399999999,TP,1.0,0.2,1.0000000000000009,0.8600000000000009,2025-12-16 13:30:00+00:00,Nonfarm Payrolls,high,5.0,-0.38996908404765884,32.0,86109.0,35.0,86808.7,0.8125747598973332
LONG,2025-12-16 14:06:00+00:00,36.0,86809.4,2025-12-16 14:50:00+00:00,80.0,87677.49399999999,TP,1.0,0.3,1.0000000000000009,0.8600000000000009,2025-12-16 13:30:00+00:00,Nonfarm Payrolls,high,5.0,-0.38996908404765884,32.0,86109.0,35.0,86808.7,0.8125747598973332
LONG,2025-12-16 14:06:00+00:00,36.0,86809.4,2025-12-16 14:50:00+00:00,80.0,87677.49399999999,TP,1.0,0.5,1.0000000000000009,0.8600000000000009,2025-12-16 13:30:00+00:00,Nonfarm Payrolls,high,5.0,-0.38996908404765884,32.0,86109.0,35.0,86808.7,0.8125747598973332
SHORT,2025-12-18 14:08:00+00:00,38.0,89002.9,2025-12-18 14:10:00+00:00,40.0,88824.8942,TP,0.2,0.2,0.2004008016031955,0.0604008016031955,2025-12-18 13:30:00+00:00,CPI,high,6.0,0.14031423122333742,31.0,89480.0,37.0,88998.8,0.540681447390301
SHORT,2025-12-18 14:08:00+00:00,38.0,89002.9,2025-12-18 14:10:00+00:00,40.0,88824.8942,TP,0.2,0.3,0.2004008016031955,0.0604008016031955,2025-12-18 13:30:00+00:00,CPI,high,6.0,0.14031423122333742,31.0,89480.0,37.0,88998.8,0.540681447390301
SHORT,2025-12-18 14:08:00+00:00,38.0,89002.9,2025-12-18 14:10:00+00:00,40.0,88824.8942,TP,0.2,0.5,0.2004008016031955,0.0604008016031955,2025-12-18 13:30:00+00:00,CPI,high,6.0,0.14031423122333742,31.0,89480.0,37.0,88998.8,0.540681447390301
SHORT,2025-12-18 14:08:00+00:00,38.0,89002.9,2025-12-18 14:11:00+00:00,41.0,88735.89129999999,TP,0.3,0.2,0.30090270812437314,0.16090270812437313,2025-12-18 13:30:00+00:00,CPI,high,6.0,0.14031423122333742,31.0,89480.0,37.0,88998.8,0.540681447390301
SHORT,2025-12-18 14:08:00+00:00,38.0,89002.9,2025-12-18 14:11:00+00:00,41.0,88735.89129999999,TP,0.3,0.3,0.30090270812437314,0.16090270812437313,2025-12-18 13:30:00+00:00,CPI,high,6.0,0.14031423122333742,31.0,89480.0,37.0,88998.8,0.540681447390301
SHORT,2025-12-18 14:08:00+00:00,38.0,89002.9,2025-12-18 14:11:00+00:00,41.0,88735.89129999999,TP,0.3,0.5,0.30090270812437314,0.16090270812437313,2025-12-18 13:30:00+00:00,CPI,high,6.0,0.14031423122333742,31.0,89480.0,37.0,88998.8,0.540681447390301
SHORT,2025-12-18 14:08:00+00:00,38.0,89002.9,2025-12-18 14:11:00+00:00,41.0,88557.88549999999,TP,0.5,0.2,0.5025125628140836,0.3625125628140836,2025-12-18 13:30:00+00:00,CPI,high,6.0,0.14031423122333742,31.0,89480.0,37.0,88998.8,0.540681447390301
SHORT,2025-12-18 14:08:00+00:00,38.0,89002.9,2025-12-18 14:11:00+00:00,41.0,88557.88549999999,TP,0.5,0.3,0.5025125628140836,0.3625125628140836,2025-12-18 13:30:00+00:00,CPI,high,6.0,0.14031423122333742,31.0,89480.0,37.0,88998.8,0.540681447390301
SHORT,2025-12-18 14:08:00+00:00,38.0,89002.9,2025-12-18 14:11:00+00:00,41.0,88557.88549999999,TP,0.5,0.5,0.5025125628140836,0.3625125628140836,2025-12-18 13:30:00+00:00,CPI,high,6.0,0.14031423122333742,31.0,89480.0,37.0,88998.8,0.540681447390301
SHORT,2025-12-18 14:08:00+00:00,38.0,89002.9,2025-12-18 14:12:00+00:00,42.0,88335.37825,TP,0.75,0.2,0.7556675062972307,0.6156675062972307,2025-12-18 13:30:00+00:00,CPI,high,6.0,0.14031423122333742,31.0,89480.0,37.0,88998.8,0.540681447390301
SHORT,2025-12-18 14:08:00+00:00,38.0,89002.9,2025-12-18 14:12:00+00:00,42.0,88335.37825,TP,0.75,0.3,0.7556675062972307,0.6156675062972307,2025-12-18 13:30:00+00:00,CPI,high,6.0,0.14031423122333742,31.0,89480.0,37.0,88998.8,0.540681447390301
SHORT,2025-12-18 14:08:00+00:00,38.0,89002.9,2025-12-18 14:12:00+00:00,42.0,88335.37825,TP,0.75,0.5,0.7556675062972307,0.6156675062972307,2025-12-18 13:30:00+00:00,CPI,high,6.0,0.14031423122333742,31.0,89480.0,37.0,88998.8,0.540681447390301
SHORT,2025-12-18 14:08:00+00:00,38.0,89002.9,2025-12-18 14:35:00+00:00,65.0,88112.871,TP,1.0,0.2,1.0101010101009944,0.8701010101009944,2025-12-18 13:30:00+00:00,CPI,high,6.0,0.14031423122333742,31.0,89480.0,37.0,88998.8,0.540681447390301
SHORT,2025-12-18 14:08:00+00:00,38.0,89002.9,2025-12-18 14:35:00+00:00,65.0,88112.871,TP,1.0,0.3,1.0101010101009944,0.8701010101009944,2025-12-18 13:30:00+00:00,CPI,high,6.0,0.14031423122333742,31.0,89480.0,37.0,88998.8,0.540681447390301
SHORT,2025-12-18 14:08:00+00:00,38.0,89002.9,2025-12-18 14:35:00+00:00,65.0,88112.871,TP,1.0,0.5,1.0101010101009944,0.8701010101009944,2025-12-18 13:30:00+00:00,CPI,high,6.0,0.14031423122333742,31.0,89480.0,37.0,88998.8,0.540681447390301
SHORT,2026-01-09 13:44:00+00:00,14.0,90618.0,2026-01-09 14:08:00+00:00,38.0,90436.764,TP,0.2,0.2,0.20040080160321772,0.0604008016032177,2026-01-09 13:30:00+00:00,Nonfarm Payrolls,high,5.0,0.21307249432818143,7.0,90800.0,13.0,90617.9,0.2009536747154872
SHORT,2026-01-09 13:44:00+00:00,14.0,90618.0,2026-01-09 14:08:00+00:00,38.0,90436.764,TP,0.2,0.3,0.20040080160321772,0.0604008016032177,2026-01-09 13:30:00+00:00,Nonfarm Payrolls,high,5.0,0.21307249432818143,7.0,90800.0,13.0,90617.9,0.2009536747154872
SHORT,2026-01-09 13:44:00+00:00,14.0,90618.0,2026-01-09 14:08:00+00:00,38.0,90436.764,TP,0.2,0.5,0.20040080160321772,0.0604008016032177,2026-01-09 13:30:00+00:00,Nonfarm Payrolls,high,5.0,0.21307249432818143,7.0,90800.0,13.0,90617.9,0.2009536747154872
SHORT,2026-01-09 13:44:00+00:00,14.0,90618.0,2026-01-09 14:08:00+00:00,38.0,90346.146,TP,0.3,0.2,0.30090270812437314,0.16090270812437313,2026-01-09 13:30:00+00:00,Nonfarm Payrolls,high,5.0,0.21307249432818143,7.0,90800.0,13.0,90617.9,0.2009536747154872
SHORT,2026-01-09 13:44:00+00:00,14.0,90618.0,2026-01-09 14:08:00+00:00,38.0,90346.146,TP,0.3,0.3,0.30090270812437314,0.16090270812437313,2026-01-09 13:30:00+00:00,Nonfarm Payrolls,high,5.0,0.21307249432818143,7.0,90800.0,13.0,90617.9,0.2009536747154872
SHORT,2026-01-09 13:44:00+00:00,14.0,90618.0,2026-01-09 14:08:00+00:00,38.0,90346.146,TP,0.3,0.5,0.30090270812437314,0.16090270812437313,2026-01-09 13:30:00+00:00,Nonfarm Payrolls,high,5.0,0.21307249432818143,7.0,90800.0,13.0,90617.9,0.2009536747154872
SHORT,2026-01-09 13:44:00+00:00,14.0,90618.0,2026-01-09 14:34:00+00:00,64.0,90164.91,TP,0.5,0.2,0.5025125628140614,0.3625125628140614,2026-01-09 13:30:00+00:00,Nonfarm Payrolls,high,5.0,0.21307249432818143,7.0,90800.0,13.0,90617.9,0.2009536747154872
SHORT,2026-01-09 13:44:00+00:00,14.0,90618.0,2026-01-09 14:34:00+00:00,64.0,90164.91,TP,0.5,0.3,0.5025125628140614,0.3625125628140614,2026-01-09 13:30:00+00:00,Nonfarm Payrolls,high,5.0,0.21307249432818143,7.0,90800.0,13.0,90617.9,0.2009536747154872
SHORT,2026-01-09 13:44:00+00:00,14.0,90618.0,2026-01-09 14:34:00+00:00,64.0,90164.91,TP,0.5,0.5,0.5025125628140614,0.3625125628140614,2026-01-09 13:30:00+00:00,Nonfarm Payrolls,high,5.0,0.21307249432818143,7.0,90800.0,13.0,90617.9,0.2009536747154872
SHORT,2026-01-09 13:44:00+00:00,14.0,90618.0,2026-01-09 14:44:00+00:00,74.0,90107.7,TIME_EXIT,0.75,0.2,0.5663223009798379,0.4263223009798379,2026-01-09 13:30:00+00:00,Nonfarm Payrolls,high,5.0,0.21307249432818143,7.0,90800.0,13.0,90617.9,0.2009536747154872
SHORT,2026-01-09 13:44:00+00:00,14.0,90618.0,2026-01-09 14:44:00+00:00,74.0,90107.7,TIME_EXIT,0.75,0.3,0.5663223009798379,0.4263223009798379,2026-01-09 13:30:00+00:00,Nonfarm Payrolls,high,5.0,0.21307249432818143,7.0,90800.0,13.0,90617.9,0.2009536747154872
SHORT,2026-01-09 13:44:00+00:00,14.0,90618.0,2026-01-09 14:44:00+00:00,74.0,90107.7,TIME_EXIT,0.75,0.5,0.5663223009798379,0.4263223009798379,2026-01-09 13:30:00+00:00,Nonfarm Payrolls,high,5.0,0.21307249432818143,7.0,90800.0,13.0,90617.9,0.2009536747154872
SHORT,2026-01-09 13:44:00+00:00,14.0,90618.0,2026-01-09 14:44:00+00:00,74.0,90107.7,TIME_EXIT,1.0,0.2,0.5663223009798379,0.4263223009798379,2026-01-09 13:30:00+00:00,Nonfarm Payrolls,high,5.0,0.21307249432818143,7.0,90800.0,13.0,90617.9,0.2009536747154872
SHORT,2026-01-09 13:44:00+00:00,14.0,90618.0,2026-01-09 14:44:00+00:00,74.0,90107.7,TIME_EXIT,1.0,0.3,0.5663223009798379,0.4263223009798379,2026-01-09 13:30:00+00:00,Nonfarm Payrolls,high,5.0,0.21307249432818143,7.0,90800.0,13.0,90617.9,0.2009536747154872
SHORT,2026-01-09 13:44:00+00:00,14.0,90618.0,2026-01-09 14:44:00+00:00,74.0,90107.7,TIME_EXIT,1.0,0.5,0.5663223009798379,0.4263223009798379,2026-01-09 13:30:00+00:00,Nonfarm Payrolls,high,5.0,0.21307249432818143,7.0,90800.0,13.0,90617.9,0.2009536747154872
LONG,2026-01-13 14:07:00+00:00,37.0,92010.3,2026-01-13 14:22:00+00:00,52.0,92194.3206,TP,0.2,0.2,0.20000000000000018,0.060000000000000164,2026-01-13 13:30:00+00:00,CPI,high,7.0,-0.27589216656367377,31.0,91790.0,36.0,92010.3,0.24000435777318252
LONG,2026-01-13 14:07:00+00:00,37.0,92010.3,2026-01-13 14:22:00+00:00,52.0,92194.3206,TP,0.2,0.3,0.20000000000000018,0.060000000000000164,2026-01-13 13:30:00+00:00,CPI,high,7.0,-0.27589216656367377,31.0,91790.0,36.0,92010.3,0.24000435777318252
LONG,2026-01-13 14:07:00+00:00,37.0,92010.3,2026-01-13 14:22:00+00:00,52.0,92194.3206,TP,0.2,0.5,0.20000000000000018,0.060000000000000164,2026-01-13 13:30:00+00:00,CPI,high,7.0,-0.27589216656367377,31.0,91790.0,36.0,92010.3,0.24000435777318252
LONG,2026-01-13 14:07:00+00:00,37.0,92010.3,2026-01-13 14:22:00+00:00,52.0,92286.33089999999,TP,0.3,0.2,0.29999999999998916,0.15999999999998915,2026-01-13 13:30:00+00:00,CPI,high,7.0,-0.27589216656367377,31.0,91790.0,36.0,92010.3,0.24000435777318252
LONG,2026-01-13 14:07:00+00:00,37.0,92010.3,2026-01-13 14:22:00+00:00,52.0,92286.33089999999,TP,0.3,0.3,0.29999999999998916,0.15999999999998915,2026-01-13 13:30:00+00:00,CPI,high,7.0,-0.27589216656367377,31.0,91790.0,36.0,92010.3,0.24000435777318252
LONG,2026-01-13 14:07:00+00:00,37.0,92010.3,2026-01-13 14:22:00+00:00,52.0,92286.33089999999,TP,0.3,0.5,0.29999999999998916,0.15999999999998915,2026-01-13 13:30:00+00:00,CPI,high,7.0,-0.27589216656367377,31.0,91790.0,36.0,92010.3,0.24000435777318252
LONG,2026-01-13 14:07:00+00:00,37.0,92010.3,2026-01-13 14:30:00+00:00,60.0,92470.35149999999,TP,0.5,0.2,0.49999999999998934,0.35999999999998933,2026-01-13 13:30:00+00:00,CPI,high,7.0,-0.27589216656367377,31.0,91790.0,36.0,92010.3,0.24000435777318252
LONG,2026-01-13 14:07:00+00:00,37.0,92010.3,2026-01-13 14:30:00+00:00,60.0,92470.35149999999,TP,0.5,0.3,0.49999999999998934,0.35999999999998933,2026-01-13 13:30:00+00:00,CPI,high,7.0,-0.27589216656367377,31.0,91790.0,36.0,92010.3,0.24000435777318252
LONG,2026-01-13 14:07:00+00:00,37.0,92010.3,2026-01-13 14:30:00+00:00,60.0,92470.35149999999,TP,0.5,0.5,0.49999999999998934,0.35999999999998933,2026-01-13 13:30:00+00:00,CPI,high,7.0,-0.27589216656367377,31.0,91790.0,36.0,92010.3,0.24000435777318252
LONG,2026-01-13 14:07:00+00:00,37.0,92010.3,2026-01-13 14:36:00+00:00,66.0,92700.37725,TP,0.75,0.2,0.7500000000000062,0.6100000000000062,2026-01-13 13:30:00+00:00,CPI,high,7.0,-0.27589216656367377,31.0,91790.0,36.0,92010.3,0.24000435777318252
LONG,2026-01-13 14:07:00+00:00,37.0,92010.3,2026-01-13 14:36:00+00:00,66.0,92700.37725,TP,0.75,0.3,0.7500000000000062,0.6100000000000062,2026-01-13 13:30:00+00:00,CPI,high,7.0,-0.27589216656367377,31.0,91790.0,36.0,92010.3,0.24000435777318252
LONG,2026-01-13 14:07:00+00:00,37.0,92010.3,2026-01-13 14:36:00+00:00,66.0,92700.37725,TP,0.75,0.5,0.7500000000000062,0.6100000000000062,2026-01-13 13:30:00+00:00,CPI,high,7.0,-0.27589216656367377,31.0,91790.0,36.0,92010.3,0.24000435777318252
LONG,2026-01-13 14:07:00+00:00,37.0,92010.3,2026-01-13 15:07:00+00:00,97.0,92483.0,TIME_EXIT,1.0,0.2,0.5137468305178805,0.3737468305178805,2026-01-13 13:30:00+00:00,CPI,high,7.0,-0.27589216656367377,31.0,91790.0,36.0,92010.3,0.24000435777318252
LONG,2026-01-13 14:07:00+00:00,37.0,92010.3,2026-01-13 15:07:00+00:00,97.0,92483.0,TIME_EXIT,1.0,0.3,0.5137468305178805,0.3737468305178805,2026-01-13 13:30:00+00:00,CPI,high,7.0,-0.27589216656367377,31.0,91790.0,36.0,92010.3,0.24000435777318252
LONG,2026-01-13 14:07:00+00:00,37.0,92010.3,2026-01-13 15:07:00+00:00,97.0,92483.0,TIME_EXIT,1.0,0.5,0.5137468305178805,0.3737468305178805,2026-01-13 13:30:00+00:00,CPI,high,7.0,-0.27589216656367377,31.0,91790.0,36.0,92010.3,0.24000435777318252
LONG,2026-02-11 13:56:00+00:00,26.0,67203.1,2026-02-11 13:57:00+00:00,27.0,67337.5062,TP,0.2,0.2,0.20000000000000018,0.060000000000000164,2026-02-11 13:30:00+00:00,Nonfarm Payrolls,high,7.0,-0.20842914150929204,23.0,66925.1,25.0,67200.9,0.41210248471796884
LONG,2026-02-11 13:56:00+00:00,26.0,67203.1,2026-02-11 13:57:00+00:00,27.0,67337.5062,TP,0.2,0.3,0.20000000000000018,0.060000000000000164,2026-02-11 13:30:00+00:00,Nonfarm Payrolls,high,7.0,-0.20842914150929204,23.0,66925.1,25.0,67200.9,0.41210248471796884
LONG,2026-02-11 13:56:00+00:00,26.0,67203.1,2026-02-11 13:57:00+00:00,27.0,67337.5062,TP,0.2,0.5,0.20000000000000018,0.060000000000000164,2026-02-11 13:30:00+00:00,Nonfarm Payrolls,high,7.0,-0.20842914150929204,23.0,66925.1,25.0,67200.9,0.41210248471796884
LONG,2026-02-11 13:56:00+00:00,26.0,67203.1,2026-02-11 13:58:00+00:00,28.0,67404.7093,TP,0.3,0.2,0.29999999999998916,0.15999999999998915,2026-02-11 13:30:00+00:00,Nonfarm Payrolls,high,7.0,-0.20842914150929204,23.0,66925.1,25.0,67200.9,0.41210248471796884
LONG,2026-02-11 13:56:00+00:00,26.0,67203.1,2026-02-11 13:58:00+00:00,28.0,67404.7093,TP,0.3,0.3,0.29999999999998916,0.15999999999998915,2026-02-11 13:30:00+00:00,Nonfarm Payrolls,high,7.0,-0.20842914150929204,23.0,66925.1,25.0,67200.9,0.41210248471796884
LONG,2026-02-11 13:56:00+00:00,26.0,67203.1,2026-02-11 13:58:00+00:00,28.0,67404.7093,TP,0.3,0.5,0.29999999999998916,0.15999999999998915,2026-02-11 13:30:00+00:00,Nonfarm Payrolls,high,7.0,-0.20842914150929204,23.0,66925.1,25.0,67200.9,0.41210248471796884
LONG,2026-02-11 13:56:00+00:00,26.0,67203.1,2026-02-11 13:58:00+00:00,28.0,67539.1155,TP,0.5,0.2,0.49999999999998934,0.35999999999998933,2026-02-11 13:30:00+00:00,Nonfarm Payrolls,high,7.0,-0.20842914150929204,23.0,66925.1,25.0,67200.9,0.41210248471796884
LONG,2026-02-11 13:56:00+00:00,26.0,67203.1,2026-02-11 13:58:00+00:00,28.0,67539.1155,TP,0.5,0.3,0.49999999999998934,0.35999999999998933,2026-02-11 13:30:00+00:00,Nonfarm Payrolls,high,7.0,-0.20842914150929204,23.0,66925.1,25.0,67200.9,0.41210248471796884
LONG,2026-02-11 13:56:00+00:00,26.0,67203.1,2026-02-11 13:58:00+00:00,28.0,67539.1155,TP,0.5,0.5,0.49999999999998934,0.35999999999998933,2026-02-11 13:30:00+00:00,Nonfarm Payrolls,high,7.0,-0.20842914150929204,23.0,66925.1,25.0,67200.9,0.41210248471796884
LONG,2026-02-11 13:56:00+00:00,26.0,67203.1,2026-02-11 14:03:00+00:00,33.0,67707.12325,TP,0.75,0.2,0.7500000000000062,0.6100000000000062,2026-02-11 13:30:00+00:00,Nonfarm Payrolls,high,7.0,-0.20842914150929204,23.0,66925.1,25.0,67200.9,0.41210248471796884
LONG,2026-02-11 13:56:00+00:00,26.0,67203.1,2026-02-11 14:03:00+00:00,33.0,67707.12325,TP,0.75,0.3,0.7500000000000062,0.6100000000000062,2026-02-11 13:30:00+00:00,Nonfarm Payrolls,high,7.0,-0.20842914150929204,23.0,66925.1,25.0,67200.9,0.41210248471796884
LONG,2026-02-11 13:56:00+00:00,26.0,67203.1,2026-02-11 14:03:00+00:00,33.0,67707.12325,TP,0.75,0.5,0.7500000000000062,0.6100000000000062,2026-02-11 13:30:00+00:00,Nonfarm Payrolls,high,7.0,-0.20842914150929204,23.0,66925.1,25.0,67200.9,0.41210248471796884
LONG,2026-02-11 13:56:00+00:00,26.0,67203.1,2026-02-11 14:04:00+00:00,34.0,67875.13100000001,TP,1.0,0.2,1.0000000000000009,0.8600000000000009,2026-02-11 13:30:00+00:00,Nonfarm Payrolls,high,7.0,-0.20842914150929204,23.0,66925.1,25.0,67200.9,0.41210248471796884
LONG,2026-02-11 13:56:00+00:00,26.0,67203.1,2026-02-11 14:04:00+00:00,34.0,67875.13100000001,TP,1.0,0.3,1.0000000000000009,0.8600000000000009,2026-02-11 13:30:00+00:00,Nonfarm Payrolls,high,7.0,-0.20842914150929204,23.0,66925.1,25.0,67200.9,0.41210248471796884
LONG,2026-02-11 13:56:00+00:00,26.0,67203.1,2026-02-11 14:04:00+00:00,34.0,67875.13100000001,TP,1.0,0.5,1.0000000000000009,0.8600000000000009,2026-02-11 13:30:00+00:00,Nonfarm Payrolls,high,7.0,-0.20842914150929204,23.0,66925.1,25.0,67200.9,0.41210248471796884
SHORT,2026-02-13 13:37:00+00:00,7.0,67326.1,2026-02-13 13:46:00+00:00,16.0,67191.44780000001,TP,0.2,0.2,0.2004008016031955,0.0604008016031955,2026-02-13 13:30:00+00:00,CPI,high,5.0,0.15884798099763398,5.0,67508.9,6.0,67331.0,0.2642170768293761
SHORT,2026-02-13 13:37:00+00:00,7.0,67326.1,2026-02-13 13:46:00+00:00,16.0,67191.44780000001,TP,0.2,0.3,0.2004008016031955,0.0604008016031955,2026-02-13 13:30:00+00:00,CPI,high,5.0,0.15884798099763398,5.0,67508.9,6.0,67331.0,0.2642170768293761
SHORT,2026-02-13 13:37:00+00:00,7.0,67326.1,2026-02-13 13:46:00+00:00,16.0,67191.44780000001,TP,0.2,0.5,0.2004008016031955,0.0604008016031955,2026-02-13 13:30:00+00:00,CPI,high,5.0,0.15884798099763398,5.0,67508.9,6.0,67331.0,0.2642170768293761
SHORT,2026-02-13 13:37:00+00:00,7.0,67326.1,2026-02-13 13:48:00+00:00,18.0,67124.1217,TP,0.3,0.2,0.30090270812437314,0.16090270812437313,2026-02-13 13:30:00+00:00,CPI,high,5.0,0.15884798099763398,5.0,67508.9,6.0,67331.0,0.2642170768293761
SHORT,2026-02-13 13:37:00+00:00,7.0,67326.1,2026-02-13 13:48:00+00:00,18.0,67124.1217,TP,0.3,0.3,0.30090270812437314,0.16090270812437313,2026-02-13 13:30:00+00:00,CPI,high,5.0,0.15884798099763398,5.0,67508.9,6.0,67331.0,0.2642170768293761
SHORT,2026-02-13 13:37:00+00:00,7.0,67326.1,2026-02-13 13:48:00+00:00,18.0,67124.1217,TP,0.3,0.5,0.30090270812437314,0.16090270812437313,2026-02-13 13:30:00+00:00,CPI,high,5.0,0.15884798099763398,5.0,67508.9,6.0,67331.0,0.2642170768293761
SHORT,2026-02-13 13:37:00+00:00,7.0,67326.1,2026-02-13 14:32:00+00:00,62.0,67460.7522,SL,0.5,0.2,-0.19960079840318778,-0.3396007984031878,2026-02-13 13:30:00+00:00,CPI,high,5.0,0.15884798099763398,5.0,67508.9,6.0,67331.0,0.2642170768293761
SHORT,2026-02-13 13:37:00+00:00,7.0,67326.1,2026-02-13 14:33:00+00:00,63.0,67528.0783,SL,0.5,0.3,-0.29910269192421346,-0.4391026919242135,2026-02-13 13:30:00+00:00,CPI,high,5.0,0.15884798099763398,5.0,67508.9,6.0,67331.0,0.2642170768293761
SHORT,2026-02-13 13:37:00+00:00,7.0,67326.1,2026-02-13 14:37:00+00:00,67.0,67386.2,TIME_EXIT,0.5,0.5,-0.08918740038760253,-0.22918740038760255,2026-02-13 13:30:00+00:00,CPI,high,5.0,0.15884798099763398,5.0,67508.9,6.0,67331.0,0.2642170768293761
SHORT,2026-02-13 13:37:00+00:00,7.0,67326.1,2026-02-13 14:32:00+00:00,62.0,67460.7522,SL,0.75,0.2,-0.19960079840318778,-0.3396007984031878,2026-02-13 13:30:00+00:00,CPI,high,5.0,0.15884798099763398,5.0,67508.9,6.0,67331.0,0.2642170768293761
SHORT,2026-02-13 13:37:00+00:00,7.0,67326.1,2026-02-13 14:33:00+00:00,63.0,67528.0783,SL,0.75,0.3,-0.29910269192421346,-0.4391026919242135,2026-02-13 13:30:00+00:00,CPI,high,5.0,0.15884798099763398,5.0,67508.9,6.0,67331.0,0.2642170768293761
SHORT,2026-02-13 13:37:00+00:00,7.0,67326.1,2026-02-13 14:37:00+00:00,67.0,67386.2,TIME_EXIT,0.75,0.5,-0.08918740038760253,-0.22918740038760255,2026-02-13 13:30:00+00:00,CPI,high,5.0,0.15884798099763398,5.0,67508.9,6.0,67331.0,0.2642170768293761
SHORT,2026-02-13 13:37:00+00:00,7.0,67326.1,2026-02-13 14:32:00+00:00,62.0,67460.7522,SL,1.0,0.2,-0.19960079840318778,-0.3396007984031878,2026-02-13 13:30:00+00:00,CPI,high,5.0,0.15884798099763398,5.0,67508.9,6.0,67331.0,0.2642170768293761
SHORT,2026-02-13 13:37:00+00:00,7.0,67326.1,2026-02-13 14:33:00+00:00,63.0,67528.0783,SL,1.0,0.3,-0.29910269192421346,-0.4391026919242135,2026-02-13 13:30:00+00:00,CPI,high,5.0,0.15884798099763398,5.0,67508.9,6.0,67331.0,0.2642170768293761
SHORT,2026-02-13 13:37:00+00:00,7.0,67326.1,2026-02-13 14:37:00+00:00,67.0,67386.2,TIME_EXIT,1.0,0.5,-0.08918740038760253,-0.22918740038760255,2026-02-13 13:30:00+00:00,CPI,high,5.0,0.15884798099763398,5.0,67508.9,6.0,67331.0,0.2642170768293761
SHORT,2026-03-06 13:41:00+00:00,11.0,69979.7,2026-03-06 13:52:00+00:00,22.0,69839.74059999999,TP,0.2,0.2,0.20040080160321772,0.0604008016032177,2026-03-06 13:30:00+00:00,Nonfarm Payrolls,high,5.0,0.49353698167535764,5.0,70346.1,10.0,69980.3,0.522718536502409
SHORT,2026-03-06 13:41:00+00:00,11.0,69979.7,2026-03-06 13:52:00+00:00,22.0,69839.74059999999,TP,0.2,0.3,0.20040080160321772,0.0604008016032177,2026-03-06 13:30:00+00:00,Nonfarm Payrolls,high,5.0,0.49353698167535764,5.0,70346.1,10.0,69980.3,0.522718536502409
SHORT,2026-03-06 13:41:00+00:00,11.0,69979.7,2026-03-06 13:52:00+00:00,22.0,69839.74059999999,TP,0.2,0.5,0.20040080160321772,0.0604008016032177,2026-03-06 13:30:00+00:00,Nonfarm Payrolls,high,5.0,0.49353698167535764,5.0,70346.1,10.0,69980.3,0.522718536502409
SHORT,2026-03-06 13:41:00+00:00,11.0,69979.7,2026-03-06 13:55:00+00:00,25.0,69769.7609,TP,0.3,0.2,0.30090270812437314,0.16090270812437313,2026-03-06 13:30:00+00:00,Nonfarm Payrolls,high,5.0,0.49353698167535764,5.0,70346.1,10.0,69980.3,0.522718536502409
SHORT,2026-03-06 13:41:00+00:00,11.0,69979.7,2026-03-06 13:55:00+00:00,25.0,69769.7609,TP,0.3,0.3,0.30090270812437314,0.16090270812437313,2026-03-06 13:30:00+00:00,Nonfarm Payrolls,high,5.0,0.49353698167535764,5.0,70346.1,10.0,69980.3,0.522718536502409
SHORT,2026-03-06 13:41:00+00:00,11.0,69979.7,2026-03-06 13:55:00+00:00,25.0,69769.7609,TP,0.3,0.5,0.30090270812437314,0.16090270812437313,2026-03-06 13:30:00+00:00,Nonfarm Payrolls,high,5.0,0.49353698167535764,5.0,70346.1,10.0,69980.3,0.522718536502409
SHORT,2026-03-06 13:41:00+00:00,11.0,69979.7,2026-03-06 13:55:00+00:00,25.0,69629.8015,TP,0.5,0.2,0.5025125628140614,0.3625125628140614,2026-03-06 13:30:00+00:00,Nonfarm Payrolls,high,5.0,0.49353698167535764,5.0,70346.1,10.0,69980.3,0.522718536502409
SHORT,2026-03-06 13:41:00+00:00,11.0,69979.7,2026-03-06 13:55:00+00:00,25.0,69629.8015,TP,0.5,0.3,0.5025125628140614,0.3625125628140614,2026-03-06 13:30:00+00:00,Nonfarm Payrolls,high,5.0,0.49353698167535764,5.0,70346.1,10.0,69980.3,0.522718536502409
SHORT,2026-03-06 13:41:00+00:00,11.0,69979.7,2026-03-06 13:55:00+00:00,25.0,69629.8015,TP,0.5,0.5,0.5025125628140614,0.3625125628140614,2026-03-06 13:30:00+00:00,Nonfarm Payrolls,high,5.0,0.49353698167535764,5.0,70346.1,10.0,69980.3,0.522718536502409
SHORT,2026-03-06 13:41:00+00:00,11.0,69979.7,2026-03-06 13:55:00+00:00,25.0,69454.85225,TP,0.75,0.2,0.7556675062972307,0.6156675062972307,2026-03-06 13:30:00+00:00,Nonfarm Payrolls,high,5.0,0.49353698167535764,5.0,70346.1,10.0,69980.3,0.522718536502409
SHORT,2026-03-06 13:41:00+00:00,11.0,69979.7,2026-03-06 13:55:00+00:00,25.0,69454.85225,TP,0.75,0.3,0.7556675062972307,0.6156675062972307,2026-03-06 13:30:00+00:00,Nonfarm Payrolls,high,5.0,0.49353698167535764,5.0,70346.1,10.0,69980.3,0.522718536502409
SHORT,2026-03-06 13:41:00+00:00,11.0,69979.7,2026-03-06 13:55:00+00:00,25.0,69454.85225,TP,0.75,0.5,0.7556675062972307,0.6156675062972307,2026-03-06 13:30:00+00:00,Nonfarm Payrolls,high,5.0,0.49353698167535764,5.0,70346.1,10.0,69980.3,0.522718536502409
SHORT,2026-03-06 13:41:00+00:00,11.0,69979.7,2026-03-06 13:59:00+00:00,29.0,69279.90299999999,TP,1.0,0.2,1.0101010101010166,0.8701010101010166,2026-03-06 13:30:00+00:00,Nonfarm Payrolls,high,5.0,0.49353698167535764,5.0,70346.1,10.0,69980.3,0.522718536502409
SHORT,2026-03-06 13:41:00+00:00,11.0,69979.7,2026-03-06 13:59:00+00:00,29.0,69279.90299999999,TP,1.0,0.3,1.0101010101010166,0.8701010101010166,2026-03-06 13:30:00+00:00,Nonfarm Payrolls,high,5.0,0.49353698167535764,5.0,70346.1,10.0,69980.3,0.522718536502409
SHORT,2026-03-06 13:41:00+00:00,11.0,69979.7,2026-03-06 13:59:00+00:00,29.0,69279.90299999999,TP,1.0,0.5,1.0101010101010166,0.8701010101010166,2026-03-06 13:30:00+00:00,Nonfarm Payrolls,high,5.0,0.49353698167535764,5.0,70346.1,10.0,69980.3,0.522718536502409
LONG,2026-03-11 12:50:00+00:00,20.0,69310.0,2026-03-11 13:05:00+00:00,35.0,69448.62,TP,0.2,0.2,0.20000000000000018,0.060000000000000164,2026-03-11 12:30:00+00:00,CPI,high,5.0,-0.26992632091144,17.0,69155.4,19.0,69310.2,0.22384369116512648
LONG,2026-03-11 12:50:00+00:00,20.0,69310.0,2026-03-11 13:05:00+00:00,35.0,69448.62,TP,0.2,0.3,0.20000000000000018,0.060000000000000164,2026-03-11 12:30:00+00:00,CPI,high,5.0,-0.26992632091144,17.0,69155.4,19.0,69310.2,0.22384369116512648
LONG,2026-03-11 12:50:00+00:00,20.0,69310.0,2026-03-11 13:05:00+00:00,35.0,69448.62,TP,0.2,0.5,0.20000000000000018,0.060000000000000164,2026-03-11 12:30:00+00:00,CPI,high,5.0,-0.26992632091144,17.0,69155.4,19.0,69310.2,0.22384369116512648
LONG,2026-03-11 12:50:00+00:00,20.0,69310.0,2026-03-11 13:10:00+00:00,40.0,69517.93,TP,0.3,0.2,0.29999999999998916,0.15999999999998915,2026-03-11 12:30:00+00:00,CPI,high,5.0,-0.26992632091144,17.0,69155.4,19.0,69310.2,0.22384369116512648
LONG,2026-03-11 12:50:00+00:00,20.0,69310.0,2026-03-11 13:10:00+00:00,40.0,69517.93,TP,0.3,0.3,0.29999999999998916,0.15999999999998915,2026-03-11 12:30:00+00:00,CPI,high,5.0,-0.26992632091144,17.0,69155.4,19.0,69310.2,0.22384369116512648
LONG,2026-03-11 12:50:00+00:00,20.0,69310.0,2026-03-11 13:10:00+00:00,40.0,69517.93,TP,0.3,0.5,0.29999999999998916,0.15999999999998915,2026-03-11 12:30:00+00:00,CPI,high,5.0,-0.26992632091144,17.0,69155.4,19.0,69310.2,0.22384369116512648
LONG,2026-03-11 12:50:00+00:00,20.0,69310.0,2026-03-11 13:12:00+00:00,42.0,69656.54999999999,TP,0.5,0.2,0.49999999999998934,0.35999999999998933,2026-03-11 12:30:00+00:00,CPI,high,5.0,-0.26992632091144,17.0,69155.4,19.0,69310.2,0.22384369116512648
LONG,2026-03-11 12:50:00+00:00,20.0,69310.0,2026-03-11 13:12:00+00:00,42.0,69656.54999999999,TP,0.5,0.3,0.49999999999998934,0.35999999999998933,2026-03-11 12:30:00+00:00,CPI,high,5.0,-0.26992632091144,17.0,69155.4,19.0,69310.2,0.22384369116512648
LONG,2026-03-11 12:50:00+00:00,20.0,69310.0,2026-03-11 13:12:00+00:00,42.0,69656.54999999999,TP,0.5,0.5,0.49999999999998934,0.35999999999998933,2026-03-11 12:30:00+00:00,CPI,high,5.0,-0.26992632091144,17.0,69155.4,19.0,69310.2,0.22384369116512648
LONG,2026-03-11 12:50:00+00:00,20.0,69310.0,2026-03-11 13:14:00+00:00,44.0,69829.825,TP,0.75,0.2,0.7500000000000062,0.6100000000000062,2026-03-11 12:30:00+00:00,CPI,high,5.0,-0.26992632091144,17.0,69155.4,19.0,69310.2,0.22384369116512648
LONG,2026-03-11 12:50:00+00:00,20.0,69310.0,2026-03-11 13:14:00+00:00,44.0,69829.825,TP,0.75,0.3,0.7500000000000062,0.6100000000000062,2026-03-11 12:30:00+00:00,CPI,high,5.0,-0.26992632091144,17.0,69155.4,19.0,69310.2,0.22384369116512648
LONG,2026-03-11 12:50:00+00:00,20.0,69310.0,2026-03-11 13:14:00+00:00,44.0,69829.825,TP,0.75,0.5,0.7500000000000062,0.6100000000000062,2026-03-11 12:30:00+00:00,CPI,high,5.0,-0.26992632091144,17.0,69155.4,19.0,69310.2,0.22384369116512648
LONG,2026-03-11 12:50:00+00:00,20.0,69310.0,2026-03-11 13:17:00+00:00,47.0,70003.1,TP,1.0,0.2,1.0000000000000009,0.8600000000000009,2026-03-11 12:30:00+00:00,CPI,high,5.0,-0.26992632091144,17.0,69155.4,19.0,69310.2,0.22384369116512648
LONG,2026-03-11 12:50:00+00:00,20.0,69310.0,2026-03-11 13:17:00+00:00,47.0,70003.1,TP,1.0,0.3,1.0000000000000009,0.8600000000000009,2026-03-11 12:30:00+00:00,CPI,high,5.0,-0.26992632091144,17.0,69155.4,19.0,69310.2,0.22384369116512648
LONG,2026-03-11 12:50:00+00:00,20.0,69310.0,2026-03-11 13:17:00+00:00,47.0,70003.1,TP,1.0,0.5,1.0000000000000009,0.8600000000000009,2026-03-11 12:30:00+00:00,CPI,high,5.0,-0.26992632091144,17.0,69155.4,19.0,69310.2,0.22384369116512648
SHORT,2026-04-03 13:05:00+00:00,35.0,66630.8,2026-04-03 14:04:00+00:00,94.0,66764.0616,SL,0.2,0.2,-0.19960079840318778,-0.3396007984031878,2026-04-03 12:30:00+00:00,Nonfarm Payrolls,high,26.0,0.1193090268670316,26.0,66813.2,34.0,66624.1,0.28383122623794055
SHORT,2026-04-03 13:05:00+00:00,35.0,66630.8,2026-04-03 14:05:00+00:00,95.0,66748.0,TIME_EXIT,0.2,0.3,-0.17558578534188074,-0.31558578534188075,2026-04-03 12:30:00+00:00,Nonfarm Payrolls,high,26.0,0.1193090268670316,26.0,66813.2,34.0,66624.1,0.28383122623794055
SHORT,2026-04-03 13:05:00+00:00,35.0,66630.8,2026-04-03 14:05:00+00:00,95.0,66748.0,TIME_EXIT,0.2,0.5,-0.17558578534188074,-0.31558578534188075,2026-04-03 12:30:00+00:00,Nonfarm Payrolls,high,26.0,0.1193090268670316,26.0,66813.2,34.0,66624.1,0.28383122623794055
SHORT,2026-04-03 13:05:00+00:00,35.0,66630.8,2026-04-03 14:04:00+00:00,94.0,66764.0616,SL,0.3,0.2,-0.19960079840318778,-0.3396007984031878,2026-04-03 12:30:00+00:00,Nonfarm Payrolls,high,26.0,0.1193090268670316,26.0,66813.2,34.0,66624.1,0.28383122623794055
SHORT,2026-04-03 13:05:00+00:00,35.0,66630.8,2026-04-03 14:05:00+00:00,95.0,66748.0,TIME_EXIT,0.3,0.3,-0.17558578534188074,-0.31558578534188075,2026-04-03 12:30:00+00:00,Nonfarm Payrolls,high,26.0,0.1193090268670316,26.0,66813.2,34.0,66624.1,0.28383122623794055
SHORT,2026-04-03 13:05:00+00:00,35.0,66630.8,2026-04-03 14:05:00+00:00,95.0,66748.0,TIME_EXIT,0.3,0.5,-0.17558578534188074,-0.31558578534188075,2026-04-03 12:30:00+00:00,Nonfarm Payrolls,high,26.0,0.1193090268670316,26.0,66813.2,34.0,66624.1,0.28383122623794055
SHORT,2026-04-03 13:05:00+00:00,35.0,66630.8,2026-04-03 14:04:00+00:00,94.0,66764.0616,SL,0.5,0.2,-0.19960079840318778,-0.3396007984031878,2026-04-03 12:30:00+00:00,Nonfarm Payrolls,high,26.0,0.1193090268670316,26.0,66813.2,34.0,66624.1,0.28383122623794055
SHORT,2026-04-03 13:05:00+00:00,35.0,66630.8,2026-04-03 14:05:00+00:00,95.0,66748.0,TIME_EXIT,0.5,0.3,-0.17558578534188074,-0.31558578534188075,2026-04-03 12:30:00+00:00,Nonfarm Payrolls,high,26.0,0.1193090268670316,26.0,66813.2,34.0,66624.1,0.28383122623794055
SHORT,2026-04-03 13:05:00+00:00,35.0,66630.8,2026-04-03 14:05:00+00:00,95.0,66748.0,TIME_EXIT,0.5,0.5,-0.17558578534188074,-0.31558578534188075,2026-04-03 12:30:00+00:00,Nonfarm Payrolls,high,26.0,0.1193090268670316,26.0,66813.2,34.0,66624.1,0.28383122623794055
SHORT,2026-04-03 13:05:00+00:00,35.0,66630.8,2026-04-03 14:04:00+00:00,94.0,66764.0616,SL,0.75,0.2,-0.19960079840318778,-0.3396007984031878,2026-04-03 12:30:00+00:00,Nonfarm Payrolls,high,26.0,0.1193090268670316,26.0,66813.2,34.0,66624.1,0.28383122623794055
SHORT,2026-04-03 13:05:00+00:00,35.0,66630.8,2026-04-03 14:05:00+00:00,95.0,66748.0,TIME_EXIT,0.75,0.3,-0.17558578534188074,-0.31558578534188075,2026-04-03 12:30:00+00:00,Nonfarm Payrolls,high,26.0,0.1193090268670316,26.0,66813.2,34.0,66624.1,0.28383122623794055
SHORT,2026-04-03 13:05:00+00:00,35.0,66630.8,2026-04-03 14:05:00+00:00,95.0,66748.0,TIME_EXIT,0.75,0.5,-0.17558578534188074,-0.31558578534188075,2026-04-03 12:30:00+00:00,Nonfarm Payrolls,high,26.0,0.1193090268670316,26.0,66813.2,34.0,66624.1,0.28383122623794055
SHORT,2026-04-03 13:05:00+00:00,35.0,66630.8,2026-04-03 14:04:00+00:00,94.0,66764.0616,SL,1.0,0.2,-0.19960079840318778,-0.3396007984031878,2026-04-03 12:30:00+00:00,Nonfarm Payrolls,high,26.0,0.1193090268670316,26.0,66813.2,34.0,66624.1,0.28383122623794055
SHORT,2026-04-03 13:05:00+00:00,35.0,66630.8,2026-04-03 14:05:00+00:00,95.0,66748.0,TIME_EXIT,1.0,0.3,-0.17558578534188074,-0.31558578534188075,2026-04-03 12:30:00+00:00,Nonfarm Payrolls,high,26.0,0.1193090268670316,26.0,66813.2,34.0,66624.1,0.28383122623794055
SHORT,2026-04-03 13:05:00+00:00,35.0,66630.8,2026-04-03 14:05:00+00:00,95.0,66748.0,TIME_EXIT,1.0,0.5,-0.17558578534188074,-0.31558578534188075,2026-04-03 12:30:00+00:00,Nonfarm Payrolls,high,26.0,0.1193090268670316,26.0,66813.2,34.0,66624.1,0.28383122623794055
SHORT,2026-04-10 12:55:00+00:00,25.0,72200.1,2026-04-10 13:30:00+00:00,60.0,72344.50020000001,SL,0.2,0.2,-0.1996007984031989,-0.3396007984031989,2026-04-10 12:30:00+00:00,CPI,high,10.0,0.10277094251882612,11.0,72421.7,24.0,72200.1,0.30692478265264
SHORT,2026-04-10 12:55:00+00:00,25.0,72200.1,2026-04-10 13:31:00+00:00,61.0,72416.7003,SL,0.2,0.3,-0.29910269192421346,-0.4391026919242135,2026-04-10 12:30:00+00:00,CPI,high,10.0,0.10277094251882612,11.0,72421.7,24.0,72200.1,0.30692478265264
SHORT,2026-04-10 12:55:00+00:00,25.0,72200.1,2026-04-10 13:35:00+00:00,65.0,72055.6998,TP,0.2,0.5,0.20040080160321772,0.0604008016032177,2026-04-10 12:30:00+00:00,CPI,high,10.0,0.10277094251882612,11.0,72421.7,24.0,72200.1,0.30692478265264
SHORT,2026-04-10 12:55:00+00:00,25.0,72200.1,2026-04-10 13:30:00+00:00,60.0,72344.50020000001,SL,0.3,0.2,-0.1996007984031989,-0.3396007984031989,2026-04-10 12:30:00+00:00,CPI,high,10.0,0.10277094251882612,11.0,72421.7,24.0,72200.1,0.30692478265264
SHORT,2026-04-10 12:55:00+00:00,25.0,72200.1,2026-04-10 13:31:00+00:00,61.0,72416.7003,SL,0.3,0.3,-0.29910269192421346,-0.4391026919242135,2026-04-10 12:30:00+00:00,CPI,high,10.0,0.10277094251882612,11.0,72421.7,24.0,72200.1,0.30692478265264
SHORT,2026-04-10 12:55:00+00:00,25.0,72200.1,2026-04-10 13:35:00+00:00,65.0,71983.4997,TP,0.3,0.5,0.30090270812437314,0.16090270812437313,2026-04-10 12:30:00+00:00,CPI,high,10.0,0.10277094251882612,11.0,72421.7,24.0,72200.1,0.30692478265264
SHORT,2026-04-10 12:55:00+00:00,25.0,72200.1,2026-04-10 13:30:00+00:00,60.0,72344.50020000001,SL,0.5,0.2,-0.1996007984031989,-0.3396007984031989,2026-04-10 12:30:00+00:00,CPI,high,10.0,0.10277094251882612,11.0,72421.7,24.0,72200.1,0.30692478265264
SHORT,2026-04-10 12:55:00+00:00,25.0,72200.1,2026-04-10 13:31:00+00:00,61.0,72416.7003,SL,0.5,0.3,-0.29910269192421346,-0.4391026919242135,2026-04-10 12:30:00+00:00,CPI,high,10.0,0.10277094251882612,11.0,72421.7,24.0,72200.1,0.30692478265264
SHORT,2026-04-10 12:55:00+00:00,25.0,72200.1,2026-04-10 13:55:00+00:00,85.0,72280.0,TIME_EXIT,0.5,0.5,-0.11054233536247349,-0.2505423353624735,2026-04-10 12:30:00+00:00,CPI,high,10.0,0.10277094251882612,11.0,72421.7,24.0,72200.1,0.30692478265264
SHORT,2026-04-10 12:55:00+00:00,25.0,72200.1,2026-04-10 13:30:00+00:00,60.0,72344.50020000001,SL,0.75,0.2,-0.1996007984031989,-0.3396007984031989,2026-04-10 12:30:00+00:00,CPI,high,10.0,0.10277094251882612,11.0,72421.7,24.0,72200.1,0.30692478265264
SHORT,2026-04-10 12:55:00+00:00,25.0,72200.1,2026-04-10 13:31:00+00:00,61.0,72416.7003,SL,0.75,0.3,-0.29910269192421346,-0.4391026919242135,2026-04-10 12:30:00+00:00,CPI,high,10.0,0.10277094251882612,11.0,72421.7,24.0,72200.1,0.30692478265264
SHORT,2026-04-10 12:55:00+00:00,25.0,72200.1,2026-04-10 13:55:00+00:00,85.0,72280.0,TIME_EXIT,0.75,0.5,-0.11054233536247349,-0.2505423353624735,2026-04-10 12:30:00+00:00,CPI,high,10.0,0.10277094251882612,11.0,72421.7,24.0,72200.1,0.30692478265264
SHORT,2026-04-10 12:55:00+00:00,25.0,72200.1,2026-04-10 13:30:00+00:00,60.0,72344.50020000001,SL,1.0,0.2,-0.1996007984031989,-0.3396007984031989,2026-04-10 12:30:00+00:00,CPI,high,10.0,0.10277094251882612,11.0,72421.7,24.0,72200.1,0.30692478265264
SHORT,2026-04-10 12:55:00+00:00,25.0,72200.1,2026-04-10 13:31:00+00:00,61.0,72416.7003,SL,1.0,0.3,-0.29910269192421346,-0.4391026919242135,2026-04-10 12:30:00+00:00,CPI,high,10.0,0.10277094251882612,11.0,72421.7,24.0,72200.1,0.30692478265264
SHORT,2026-04-10 12:55:00+00:00,25.0,72200.1,2026-04-10 13:55:00+00:00,85.0,72280.0,TIME_EXIT,1.0,0.5,-0.11054233536247349,-0.2505423353624735,2026-04-10 12:30:00+00:00,CPI,high,10.0,0.10277094251882612,11.0,72421.7,24.0,72200.1,0.30692478265264
SHORT,2026-05-08 13:07:00+00:00,37.0,79922.5,2026-05-08 13:14:00+00:00,44.0,79762.655,TP,0.2,0.2,0.20040080160321772,0.0604008016032177,2026-05-08 12:30:00+00:00,Nonfarm Payrolls,high,25.0,0.12070202094667248,26.0,80160.5,36.0,79922.6,0.29766298894180476
SHORT,2026-05-08 13:07:00+00:00,37.0,79922.5,2026-05-08 13:14:00+00:00,44.0,79762.655,TP,0.2,0.3,0.20040080160321772,0.0604008016032177,2026-05-08 12:30:00+00:00,Nonfarm Payrolls,high,25.0,0.12070202094667248,26.0,80160.5,36.0,79922.6,0.29766298894180476
SHORT,2026-05-08 13:07:00+00:00,37.0,79922.5,2026-05-08 13:14:00+00:00,44.0,79762.655,TP,0.2,0.5,0.20040080160321772,0.0604008016032177,2026-05-08 12:30:00+00:00,Nonfarm Payrolls,high,25.0,0.12070202094667248,26.0,80160.5,36.0,79922.6,0.29766298894180476
SHORT,2026-05-08 13:07:00+00:00,37.0,79922.5,2026-05-08 13:14:00+00:00,44.0,79682.7325,TP,0.3,0.2,0.30090270812437314,0.16090270812437313,2026-05-08 12:30:00+00:00,Nonfarm Payrolls,high,25.0,0.12070202094667248,26.0,80160.5,36.0,79922.6,0.29766298894180476
SHORT,2026-05-08 13:07:00+00:00,37.0,79922.5,2026-05-08 13:14:00+00:00,44.0,79682.7325,TP,0.3,0.3,0.30090270812437314,0.16090270812437313,2026-05-08 12:30:00+00:00,Nonfarm Payrolls,high,25.0,0.12070202094667248,26.0,80160.5,36.0,79922.6,0.29766298894180476
SHORT,2026-05-08 13:07:00+00:00,37.0,79922.5,2026-05-08 13:14:00+00:00,44.0,79682.7325,TP,0.3,0.5,0.30090270812437314,0.16090270812437313,2026-05-08 12:30:00+00:00,Nonfarm Payrolls,high,25.0,0.12070202094667248,26.0,80160.5,36.0,79922.6,0.29766298894180476
SHORT,2026-05-08 13:07:00+00:00,37.0,79922.5,2026-05-08 14:07:00+00:00,97.0,79888.1,TIME_EXIT,0.5,0.2,0.04306023049740482,-0.0969397695025952,2026-05-08 12:30:00+00:00,Nonfarm Payrolls,high,25.0,0.12070202094667248,26.0,80160.5,36.0,79922.6,0.29766298894180476
SHORT,2026-05-08 13:07:00+00:00,37.0,79922.5,2026-05-08 14:07:00+00:00,97.0,79888.1,TIME_EXIT,0.5,0.3,0.04306023049740482,-0.0969397695025952,2026-05-08 12:30:00+00:00,Nonfarm Payrolls,high,25.0,0.12070202094667248,26.0,80160.5,36.0,79922.6,0.29766298894180476
SHORT,2026-05-08 13:07:00+00:00,37.0,79922.5,2026-05-08 14:07:00+00:00,97.0,79888.1,TIME_EXIT,0.5,0.5,0.04306023049740482,-0.0969397695025952,2026-05-08 12:30:00+00:00,Nonfarm Payrolls,high,25.0,0.12070202094667248,26.0,80160.5,36.0,79922.6,0.29766298894180476
SHORT,2026-05-08 13:07:00+00:00,37.0,79922.5,2026-05-08 14:07:00+00:00,97.0,79888.1,TIME_EXIT,0.75,0.2,0.04306023049740482,-0.0969397695025952,2026-05-08 12:30:00+00:00,Nonfarm Payrolls,high,25.0,0.12070202094667248,26.0,80160.5,36.0,79922.6,0.29766298894180476
SHORT,2026-05-08 13:07:00+00:00,37.0,79922.5,2026-05-08 14:07:00+00:00,97.0,79888.1,TIME_EXIT,0.75,0.3,0.04306023049740482,-0.0969397695025952,2026-05-08 12:30:00+00:00,Nonfarm Payrolls,high,25.0,0.12070202094667248,26.0,80160.5,36.0,79922.6,0.29766298894180476
SHORT,2026-05-08 13:07:00+00:00,37.0,79922.5,2026-05-08 14:07:00+00:00,97.0,79888.1,TIME_EXIT,0.75,0.5,0.04306023049740482,-0.0969397695025952,2026-05-08 12:30:00+00:00,Nonfarm Payrolls,high,25.0,0.12070202094667248,26.0,80160.5,36.0,79922.6,0.29766298894180476
SHORT,2026-05-08 13:07:00+00:00,37.0,79922.5,2026-05-08 14:07:00+00:00,97.0,79888.1,TIME_EXIT,1.0,0.2,0.04306023049740482,-0.0969397695025952,2026-05-08 12:30:00+00:00,Nonfarm Payrolls,high,25.0,0.12070202094667248,26.0,80160.5,36.0,79922.6,0.29766298894180476
SHORT,2026-05-08 13:07:00+00:00,37.0,79922.5,2026-05-08 14:07:00+00:00,97.0,79888.1,TIME_EXIT,1.0,0.3,0.04306023049740482,-0.0969397695025952,2026-05-08 12:30:00+00:00,Nonfarm Payrolls,high,25.0,0.12070202094667248,26.0,80160.5,36.0,79922.6,0.29766298894180476
SHORT,2026-05-08 13:07:00+00:00,37.0,79922.5,2026-05-08 14:07:00+00:00,97.0,79888.1,TIME_EXIT,1.0,0.5,0.04306023049740482,-0.0969397695025952,2026-05-08 12:30:00+00:00,Nonfarm Payrolls,high,25.0,0.12070202094667248,26.0,80160.5,36.0,79922.6,0.29766298894180476
SHORT,2026-05-12 13:15:00+00:00,45.0,80800.9,2026-05-12 13:25:00+00:00,55.0,80639.29819999999,TP,0.2,0.2,0.20040080160321772,0.0604008016032177,2026-05-12 12:30:00+00:00,CPI,high,5.0,0.22060910421548563,10.0,81004.1,44.0,80800.9,0.2514823473501071
SHORT,2026-05-12 13:15:00+00:00,45.0,80800.9,2026-05-12 13:25:00+00:00,55.0,80639.29819999999,TP,0.2,0.3,0.20040080160321772,0.0604008016032177,2026-05-12 12:30:00+00:00,CPI,high,5.0,0.22060910421548563,10.0,81004.1,44.0,80800.9,0.2514823473501071
SHORT,2026-05-12 13:15:00+00:00,45.0,80800.9,2026-05-12 13:25:00+00:00,55.0,80639.29819999999,TP,0.2,0.5,0.20040080160321772,0.0604008016032177,2026-05-12 12:30:00+00:00,CPI,high,5.0,0.22060910421548563,10.0,81004.1,44.0,80800.9,0.2514823473501071
SHORT,2026-05-12 13:15:00+00:00,45.0,80800.9,2026-05-12 13:56:00+00:00,86.0,80558.49729999999,TP,0.3,0.2,0.30090270812437314,0.16090270812437313,2026-05-12 12:30:00+00:00,CPI,high,5.0,0.22060910421548563,10.0,81004.1,44.0,80800.9,0.2514823473501071
SHORT,2026-05-12 13:15:00+00:00,45.0,80800.9,2026-05-12 13:56:00+00:00,86.0,80558.49729999999,TP,0.3,0.3,0.30090270812437314,0.16090270812437313,2026-05-12 12:30:00+00:00,CPI,high,5.0,0.22060910421548563,10.0,81004.1,44.0,80800.9,0.2514823473501071
SHORT,2026-05-12 13:15:00+00:00,45.0,80800.9,2026-05-12 13:56:00+00:00,86.0,80558.49729999999,TP,0.3,0.5,0.30090270812437314,0.16090270812437313,2026-05-12 12:30:00+00:00,CPI,high,5.0,0.22060910421548563,10.0,81004.1,44.0,80800.9,0.2514823473501071
SHORT,2026-05-12 13:15:00+00:00,45.0,80800.9,2026-05-12 13:59:00+00:00,89.0,80396.8955,TP,0.5,0.2,0.5025125628140614,0.3625125628140614,2026-05-12 12:30:00+00:00,CPI,high,5.0,0.22060910421548563,10.0,81004.1,44.0,80800.9,0.2514823473501071
SHORT,2026-05-12 13:15:00+00:00,45.0,80800.9,2026-05-12 13:59:00+00:00,89.0,80396.8955,TP,0.5,0.3,0.5025125628140614,0.3625125628140614,2026-05-12 12:30:00+00:00,CPI,high,5.0,0.22060910421548563,10.0,81004.1,44.0,80800.9,0.2514823473501071
SHORT,2026-05-12 13:15:00+00:00,45.0,80800.9,2026-05-12 13:59:00+00:00,89.0,80396.8955,TP,0.5,0.5,0.5025125628140614,0.3625125628140614,2026-05-12 12:30:00+00:00,CPI,high,5.0,0.22060910421548563,10.0,81004.1,44.0,80800.9,0.2514823473501071
SHORT,2026-05-12 13:15:00+00:00,45.0,80800.9,2026-05-12 14:15:00+00:00,105.0,80730.4,TIME_EXIT,0.75,0.2,0.08732769811619079,-0.052672301883809225,2026-05-12 12:30:00+00:00,CPI,high,5.0,0.22060910421548563,10.0,81004.1,44.0,80800.9,0.2514823473501071
SHORT,2026-05-12 13:15:00+00:00,45.0,80800.9,2026-05-12 14:15:00+00:00,105.0,80730.4,TIME_EXIT,0.75,0.3,0.08732769811619079,-0.052672301883809225,2026-05-12 12:30:00+00:00,CPI,high,5.0,0.22060910421548563,10.0,81004.1,44.0,80800.9,0.2514823473501071
SHORT,2026-05-12 13:15:00+00:00,45.0,80800.9,2026-05-12 14:15:00+00:00,105.0,80730.4,TIME_EXIT,0.75,0.5,0.08732769811619079,-0.052672301883809225,2026-05-12 12:30:00+00:00,CPI,high,5.0,0.22060910421548563,10.0,81004.1,44.0,80800.9,0.2514823473501071
SHORT,2026-05-12 13:15:00+00:00,45.0,80800.9,2026-05-12 14:15:00+00:00,105.0,80730.4,TIME_EXIT,1.0,0.2,0.08732769811619079,-0.052672301883809225,2026-05-12 12:30:00+00:00,CPI,high,5.0,0.22060910421548563,10.0,81004.1,44.0,80800.9,0.2514823473501071
SHORT,2026-05-12 13:15:00+00:00,45.0,80800.9,2026-05-12 14:15:00+00:00,105.0,80730.4,TIME_EXIT,1.0,0.3,0.08732769811619079,-0.052672301883809225,2026-05-12 12:30:00+00:00,CPI,high,5.0,0.22060910421548563,10.0,81004.1,44.0,80800.9,0.2514823473501071
SHORT,2026-05-12 13:15:00+00:00,45.0,80800.9,2026-05-12 14:15:00+00:00,105.0,80730.4,TIME_EXIT,1.0,0.5,0.08732769811619079,-0.052672301883809225,2026-05-12 12:30:00+00:00,CPI,high,5.0,0.22060910421548563,10.0,81004.1,44.0,80800.9,0.2514823473501071
LONG,2026-06-05 12:38:00+00:00,8.0,61985.2,2026-06-05 12:40:00+00:00,10.0,61861.2296,SL,0.2,0.2,-0.20000000000000018,-0.3400000000000002,2026-06-05 12:30:00+00:00,Nonfarm Payrolls,high,5.0,-0.6020330900713633,6.0,61625.1,7.0,61985.2,0.5843398225722884
LONG,2026-06-05 12:38:00+00:00,8.0,61985.2,2026-06-05 13:05:00+00:00,35.0,62109.170399999995,TP,0.2,0.3,0.20000000000000018,0.060000000000000164,2026-06-05 12:30:00+00:00,Nonfarm Payrolls,high,5.0,-0.6020330900713633,6.0,61625.1,7.0,61985.2,0.5843398225722884
LONG,2026-06-05 12:38:00+00:00,8.0,61985.2,2026-06-05 13:05:00+00:00,35.0,62109.170399999995,TP,0.2,0.5,0.20000000000000018,0.060000000000000164,2026-06-05 12:30:00+00:00,Nonfarm Payrolls,high,5.0,-0.6020330900713633,6.0,61625.1,7.0,61985.2,0.5843398225722884
LONG,2026-06-05 12:38:00+00:00,8.0,61985.2,2026-06-05 12:40:00+00:00,10.0,61861.2296,SL,0.3,0.2,-0.20000000000000018,-0.3400000000000002,2026-06-05 12:30:00+00:00,Nonfarm Payrolls,high,5.0,-0.6020330900713633,6.0,61625.1,7.0,61985.2,0.5843398225722884
LONG,2026-06-05 12:38:00+00:00,8.0,61985.2,2026-06-05 13:05:00+00:00,35.0,62171.15559999999,TP,0.3,0.3,0.29999999999998916,0.15999999999998915,2026-06-05 12:30:00+00:00,Nonfarm Payrolls,high,5.0,-0.6020330900713633,6.0,61625.1,7.0,61985.2,0.5843398225722884
LONG,2026-06-05 12:38:00+00:00,8.0,61985.2,2026-06-05 13:05:00+00:00,35.0,62171.15559999999,TP,0.3,0.5,0.29999999999998916,0.15999999999998915,2026-06-05 12:30:00+00:00,Nonfarm Payrolls,high,5.0,-0.6020330900713633,6.0,61625.1,7.0,61985.2,0.5843398225722884
LONG,2026-06-05 12:38:00+00:00,8.0,61985.2,2026-06-05 12:40:00+00:00,10.0,61861.2296,SL,0.5,0.2,-0.20000000000000018,-0.3400000000000002,2026-06-05 12:30:00+00:00,Nonfarm Payrolls,high,5.0,-0.6020330900713633,6.0,61625.1,7.0,61985.2,0.5843398225722884
LONG,2026-06-05 12:38:00+00:00,8.0,61985.2,2026-06-05 13:20:00+00:00,50.0,62295.12599999999,TP,0.5,0.3,0.49999999999998934,0.35999999999998933,2026-06-05 12:30:00+00:00,Nonfarm Payrolls,high,5.0,-0.6020330900713633,6.0,61625.1,7.0,61985.2,0.5843398225722884
LONG,2026-06-05 12:38:00+00:00,8.0,61985.2,2026-06-05 13:20:00+00:00,50.0,62295.12599999999,TP,0.5,0.5,0.49999999999998934,0.35999999999998933,2026-06-05 12:30:00+00:00,Nonfarm Payrolls,high,5.0,-0.6020330900713633,6.0,61625.1,7.0,61985.2,0.5843398225722884
LONG,2026-06-05 12:38:00+00:00,8.0,61985.2,2026-06-05 12:40:00+00:00,10.0,61861.2296,SL,0.75,0.2,-0.20000000000000018,-0.3400000000000002,2026-06-05 12:30:00+00:00,Nonfarm Payrolls,high,5.0,-0.6020330900713633,6.0,61625.1,7.0,61985.2,0.5843398225722884
LONG,2026-06-05 12:38:00+00:00,8.0,61985.2,2026-06-05 13:38:00+00:00,68.0,61821.7,TIME_EXIT,0.75,0.3,-0.26377264250175836,-0.40377264250175837,2026-06-05 12:30:00+00:00,Nonfarm Payrolls,high,5.0,-0.6020330900713633,6.0,61625.1,7.0,61985.2,0.5843398225722884
LONG,2026-06-05 12:38:00+00:00,8.0,61985.2,2026-06-05 13:38:00+00:00,68.0,61821.7,TIME_EXIT,0.75,0.5,-0.26377264250175836,-0.40377264250175837,2026-06-05 12:30:00+00:00,Nonfarm Payrolls,high,5.0,-0.6020330900713633,6.0,61625.1,7.0,61985.2,0.5843398225722884
LONG,2026-06-05 12:38:00+00:00,8.0,61985.2,2026-06-05 12:40:00+00:00,10.0,61861.2296,SL,1.0,0.2,-0.20000000000000018,-0.3400000000000002,2026-06-05 12:30:00+00:00,Nonfarm Payrolls,high,5.0,-0.6020330900713633,6.0,61625.1,7.0,61985.2,0.5843398225722884
LONG,2026-06-05 12:38:00+00:00,8.0,61985.2,2026-06-05 13:38:00+00:00,68.0,61821.7,TIME_EXIT,1.0,0.3,-0.26377264250175836,-0.40377264250175837,2026-06-05 12:30:00+00:00,Nonfarm Payrolls,high,5.0,-0.6020330900713633,6.0,61625.1,7.0,61985.2,0.5843398225722884
LONG,2026-06-05 12:38:00+00:00,8.0,61985.2,2026-06-05 13:38:00+00:00,68.0,61821.7,TIME_EXIT,1.0,0.5,-0.26377264250175836,-0.40377264250175837,2026-06-05 12:30:00+00:00,Nonfarm Payrolls,high,5.0,-0.6020330900713633,6.0,61625.1,7.0,61985.2,0.5843398225722884
SHORT,2026-06-10 12:53:00+00:00,23.0,61664.2,2026-06-10 13:01:00+00:00,31.0,61540.8716,TP,0.2,0.2,0.2004008016031955,0.0604008016031955,2026-06-10 12:30:00+00:00,CPI,high,6.0,0.4564658130360222,18.0,61807.7,22.0,61664.3,0.23254946541191313
SHORT,2026-06-10 12:53:00+00:00,23.0,61664.2,2026-06-10 13:01:00+00:00,31.0,61540.8716,TP,0.2,0.3,0.2004008016031955,0.0604008016031955,2026-06-10 12:30:00+00:00,CPI,high,6.0,0.4564658130360222,18.0,61807.7,22.0,61664.3,0.23254946541191313
SHORT,2026-06-10 12:53:00+00:00,23.0,61664.2,2026-06-10 13:01:00+00:00,31.0,61540.8716,TP,0.2,0.5,0.2004008016031955,0.0604008016031955,2026-06-10 12:30:00+00:00,CPI,high,6.0,0.4564658130360222,18.0,61807.7,22.0,61664.3,0.23254946541191313
SHORT,2026-06-10 12:53:00+00:00,23.0,61664.2,2026-06-10 13:15:00+00:00,45.0,61479.2074,TP,0.3,0.2,0.30090270812437314,0.16090270812437313,2026-06-10 12:30:00+00:00,CPI,high,6.0,0.4564658130360222,18.0,61807.7,22.0,61664.3,0.23254946541191313
SHORT,2026-06-10 12:53:00+00:00,23.0,61664.2,2026-06-10 13:15:00+00:00,45.0,61479.2074,TP,0.3,0.3,0.30090270812437314,0.16090270812437313,2026-06-10 12:30:00+00:00,CPI,high,6.0,0.4564658130360222,18.0,61807.7,22.0,61664.3,0.23254946541191313
SHORT,2026-06-10 12:53:00+00:00,23.0,61664.2,2026-06-10 13:15:00+00:00,45.0,61479.2074,TP,0.3,0.5,0.30090270812437314,0.16090270812437313,2026-06-10 12:30:00+00:00,CPI,high,6.0,0.4564658130360222,18.0,61807.7,22.0,61664.3,0.23254946541191313
SHORT,2026-06-10 12:53:00+00:00,23.0,61664.2,2026-06-10 13:31:00+00:00,61.0,61787.528399999996,SL,0.5,0.2,-0.19960079840318778,-0.3396007984031878,2026-06-10 12:30:00+00:00,CPI,high,6.0,0.4564658130360222,18.0,61807.7,22.0,61664.3,0.23254946541191313
SHORT,2026-06-10 12:53:00+00:00,23.0,61664.2,2026-06-10 13:35:00+00:00,65.0,61849.19259999999,SL,0.5,0.3,-0.29910269192421346,-0.4391026919242135,2026-06-10 12:30:00+00:00,CPI,high,6.0,0.4564658130360222,18.0,61807.7,22.0,61664.3,0.23254946541191313
SHORT,2026-06-10 12:53:00+00:00,23.0,61664.2,2026-06-10 13:37:00+00:00,67.0,61972.52099999999,SL,0.5,0.5,-0.497512437810943,-0.637512437810943,2026-06-10 12:30:00+00:00,CPI,high,6.0,0.4564658130360222,18.0,61807.7,22.0,61664.3,0.23254946541191313
SHORT,2026-06-10 12:53:00+00:00,23.0,61664.2,2026-06-10 13:31:00+00:00,61.0,61787.528399999996,SL,0.75,0.2,-0.19960079840318778,-0.3396007984031878,2026-06-10 12:30:00+00:00,CPI,high,6.0,0.4564658130360222,18.0,61807.7,22.0,61664.3,0.23254946541191313
SHORT,2026-06-10 12:53:00+00:00,23.0,61664.2,2026-06-10 13:35:00+00:00,65.0,61849.19259999999,SL,0.75,0.3,-0.29910269192421346,-0.4391026919242135,2026-06-10 12:30:00+00:00,CPI,high,6.0,0.4564658130360222,18.0,61807.7,22.0,61664.3,0.23254946541191313
SHORT,2026-06-10 12:53:00+00:00,23.0,61664.2,2026-06-10 13:37:00+00:00,67.0,61972.52099999999,SL,0.75,0.5,-0.497512437810943,-0.637512437810943,2026-06-10 12:30:00+00:00,CPI,high,6.0,0.4564658130360222,18.0,61807.7,22.0,61664.3,0.23254946541191313
SHORT,2026-06-10 12:53:00+00:00,23.0,61664.2,2026-06-10 13:31:00+00:00,61.0,61787.528399999996,SL,1.0,0.2,-0.19960079840318778,-0.3396007984031878,2026-06-10 12:30:00+00:00,CPI,high,6.0,0.4564658130360222,18.0,61807.7,22.0,61664.3,0.23254946541191313
SHORT,2026-06-10 12:53:00+00:00,23.0,61664.2,2026-06-10 13:35:00+00:00,65.0,61849.19259999999,SL,1.0,0.3,-0.29910269192421346,-0.4391026919242135,2026-06-10 12:30:00+00:00,CPI,high,6.0,0.4564658130360222,18.0,61807.7,22.0,61664.3,0.23254946541191313
SHORT,2026-06-10 12:53:00+00:00,23.0,61664.2,2026-06-10 13:37:00+00:00,67.0,61972.52099999999,SL,1.0,0.5,-0.497512437810943,-0.637512437810943,2026-06-10 12:30:00+00:00,CPI,high,6.0,0.4564658130360222,18.0,61807.7,22.0,61664.3,0.23254946541191313
LONG,2026-07-02 12:50:00+00:00,20.0,61491.2,2026-07-02 13:05:00+00:00,35.0,61614.1824,TP,0.2,0.2,0.20000000000000018,0.060000000000000164,2026-07-02 12:30:00+00:00,Nonfarm Payrolls,high,5.0,-0.28487620966759497,12.0,61303.1,19.0,61499.0,0.31955969600232503
LONG,2026-07-02 12:50:00+00:00,20.0,61491.2,2026-07-02 13:05:00+00:00,35.0,61614.1824,TP,0.2,0.3,0.20000000000000018,0.060000000000000164,2026-07-02 12:30:00+00:00,Nonfarm Payrolls,high,5.0,-0.28487620966759497,12.0,61303.1,19.0,61499.0,0.31955969600232503
LONG,2026-07-02 12:50:00+00:00,20.0,61491.2,2026-07-02 13:05:00+00:00,35.0,61614.1824,TP,0.2,0.5,0.20000000000000018,0.060000000000000164,2026-07-02 12:30:00+00:00,Nonfarm Payrolls,high,5.0,-0.28487620966759497,12.0,61303.1,19.0,61499.0,0.31955969600232503
LONG,2026-07-02 12:50:00+00:00,20.0,61491.2,2026-07-02 13:12:00+00:00,42.0,61675.67359999999,TP,0.3,0.2,0.29999999999998916,0.15999999999998915,2026-07-02 12:30:00+00:00,Nonfarm Payrolls,high,5.0,-0.28487620966759497,12.0,61303.1,19.0,61499.0,0.31955969600232503
LONG,2026-07-02 12:50:00+00:00,20.0,61491.2,2026-07-02 13:12:00+00:00,42.0,61675.67359999999,TP,0.3,0.3,0.29999999999998916,0.15999999999998915,2026-07-02 12:30:00+00:00,Nonfarm Payrolls,high,5.0,-0.28487620966759497,12.0,61303.1,19.0,61499.0,0.31955969600232503
LONG,2026-07-02 12:50:00+00:00,20.0,61491.2,2026-07-02 13:12:00+00:00,42.0,61675.67359999999,TP,0.3,0.5,0.29999999999998916,0.15999999999998915,2026-07-02 12:30:00+00:00,Nonfarm Payrolls,high,5.0,-0.28487620966759497,12.0,61303.1,19.0,61499.0,0.31955969600232503
LONG,2026-07-02 12:50:00+00:00,20.0,61491.2,2026-07-02 13:18:00+00:00,48.0,61798.65599999999,TP,0.5,0.2,0.49999999999998934,0.35999999999998933,2026-07-02 12:30:00+00:00,Nonfarm Payrolls,high,5.0,-0.28487620966759497,12.0,61303.1,19.0,61499.0,0.31955969600232503
LONG,2026-07-02 12:50:00+00:00,20.0,61491.2,2026-07-02 13:18:00+00:00,48.0,61798.65599999999,TP,0.5,0.3,0.49999999999998934,0.35999999999998933,2026-07-02 12:30:00+00:00,Nonfarm Payrolls,high,5.0,-0.28487620966759497,12.0,61303.1,19.0,61499.0,0.31955969600232503
LONG,2026-07-02 12:50:00+00:00,20.0,61491.2,2026-07-02 13:18:00+00:00,48.0,61798.65599999999,TP,0.5,0.5,0.49999999999998934,0.35999999999998933,2026-07-02 12:30:00+00:00,Nonfarm Payrolls,high,5.0,-0.28487620966759497,12.0,61303.1,19.0,61499.0,0.31955969600232503
LONG,2026-07-02 12:50:00+00:00,20.0,61491.2,2026-07-02 13:25:00+00:00,55.0,61952.384,TP,0.75,0.2,0.7500000000000062,0.6100000000000062,2026-07-02 12:30:00+00:00,Nonfarm Payrolls,high,5.0,-0.28487620966759497,12.0,61303.1,19.0,61499.0,0.31955969600232503
LONG,2026-07-02 12:50:00+00:00,20.0,61491.2,2026-07-02 13:25:00+00:00,55.0,61952.384,TP,0.75,0.3,0.7500000000000062,0.6100000000000062,2026-07-02 12:30:00+00:00,Nonfarm Payrolls,high,5.0,-0.28487620966759497,12.0,61303.1,19.0,61499.0,0.31955969600232503
LONG,2026-07-02 12:50:00+00:00,20.0,61491.2,2026-07-02 13:25:00+00:00,55.0,61952.384,TP,0.75,0.5,0.7500000000000062,0.6100000000000062,2026-07-02 12:30:00+00:00,Nonfarm Payrolls,high,5.0,-0.28487620966759497,12.0,61303.1,19.0,61499.0,0.31955969600232503
LONG,2026-07-02 12:50:00+00:00,20.0,61491.2,2026-07-02 13:50:00+00:00,80.0,61900.8,TIME_EXIT,1.0,0.2,0.6661115736886103,0.5261115736886103,2026-07-02 12:30:00+00:00,Nonfarm Payrolls,high,5.0,-0.28487620966759497,12.0,61303.1,19.0,61499.0,0.31955969600232503
LONG,2026-07-02 12:50:00+00:00,20.0,61491.2,2026-07-02 13:50:00+00:00,80.0,61900.8,TIME_EXIT,1.0,0.3,0.6661115736886103,0.5261115736886103,2026-07-02 12:30:00+00:00,Nonfarm Payrolls,high,5.0,-0.28487620966759497,12.0,61303.1,19.0,61499.0,0.31955969600232503
LONG,2026-07-02 12:50:00+00:00,20.0,61491.2,2026-07-02 13:50:00+00:00,80.0,61900.8,TIME_EXIT,1.0,0.5,0.6661115736886103,0.5261115736886103,2026-07-02 12:30:00+00:00,Nonfarm Payrolls,high,5.0,-0.28487620966759497,12.0,61303.1,19.0,61499.0,0.31955969600232503
LONG,2026-07-14 12:43:00+00:00,13.0,63544.9,2026-07-14 12:45:00+00:00,15.0,63671.9898,TP,0.2,0.2,0.20000000000000018,0.060000000000000164,2026-07-14 12:30:00+00:00,CPI,high,5.0,-0.10995942984698415,10.0,63395.4,12.0,63544.7,0.2355060461799896
LONG,2026-07-14 12:43:00+00:00,13.0,63544.9,2026-07-14 12:45:00+00:00,15.0,63671.9898,TP,0.2,0.3,0.20000000000000018,0.060000000000000164,2026-07-14 12:30:00+00:00,CPI,high,5.0,-0.10995942984698415,10.0,63395.4,12.0,63544.7,0.2355060461799896
LONG,2026-07-14 12:43:00+00:00,13.0,63544.9,2026-07-14 12:45:00+00:00,15.0,63671.9898,TP,0.2,0.5,0.20000000000000018,0.060000000000000164,2026-07-14 12:30:00+00:00,CPI,high,5.0,-0.10995942984698415,10.0,63395.4,12.0,63544.7,0.2355060461799896
LONG,2026-07-14 12:43:00+00:00,13.0,63544.9,2026-07-14 12:46:00+00:00,16.0,63735.5347,TP,0.3,0.2,0.29999999999998916,0.15999999999998915,2026-07-14 12:30:00+00:00,CPI,high,5.0,-0.10995942984698415,10.0,63395.4,12.0,63544.7,0.2355060461799896
LONG,2026-07-14 12:43:00+00:00,13.0,63544.9,2026-07-14 12:46:00+00:00,16.0,63735.5347,TP,0.3,0.3,0.29999999999998916,0.15999999999998915,2026-07-14 12:30:00+00:00,CPI,high,5.0,-0.10995942984698415,10.0,63395.4,12.0,63544.7,0.2355060461799896
LONG,2026-07-14 12:43:00+00:00,13.0,63544.9,2026-07-14 12:46:00+00:00,16.0,63735.5347,TP,0.3,0.5,0.29999999999998916,0.15999999999998915,2026-07-14 12:30:00+00:00,CPI,high,5.0,-0.10995942984698415,10.0,63395.4,12.0,63544.7,0.2355060461799896
LONG,2026-07-14 12:43:00+00:00,13.0,63544.9,2026-07-14 12:53:00+00:00,23.0,63862.6245,TP,0.5,0.2,0.49999999999998934,0.35999999999998933,2026-07-14 12:30:00+00:00,CPI,high,5.0,-0.10995942984698415,10.0,63395.4,12.0,63544.7,0.2355060461799896
LONG,2026-07-14 12:43:00+00:00,13.0,63544.9,2026-07-14 12:53:00+00:00,23.0,63862.6245,TP,0.5,0.3,0.49999999999998934,0.35999999999998933,2026-07-14 12:30:00+00:00,CPI,high,5.0,-0.10995942984698415,10.0,63395.4,12.0,63544.7,0.2355060461799896
LONG,2026-07-14 12:43:00+00:00,13.0,63544.9,2026-07-14 12:53:00+00:00,23.0,63862.6245,TP,0.5,0.5,0.49999999999998934,0.35999999999998933,2026-07-14 12:30:00+00:00,CPI,high,5.0,-0.10995942984698415,10.0,63395.4,12.0,63544.7,0.2355060461799896
LONG,2026-07-14 12:43:00+00:00,13.0,63544.9,2026-07-14 13:21:00+00:00,51.0,64021.486750000004,TP,0.75,0.2,0.7500000000000062,0.6100000000000062,2026-07-14 12:30:00+00:00,CPI,high,5.0,-0.10995942984698415,10.0,63395.4,12.0,63544.7,0.2355060461799896
LONG,2026-07-14 12:43:00+00:00,13.0,63544.9,2026-07-14 13:21:00+00:00,51.0,64021.486750000004,TP,0.75,0.3,0.7500000000000062,0.6100000000000062,2026-07-14 12:30:00+00:00,CPI,high,5.0,-0.10995942984698415,10.0,63395.4,12.0,63544.7,0.2355060461799896
LONG,2026-07-14 12:43:00+00:00,13.0,63544.9,2026-07-14 13:21:00+00:00,51.0,64021.486750000004,TP,0.75,0.5,0.7500000000000062,0.6100000000000062,2026-07-14 12:30:00+00:00,CPI,high,5.0,-0.10995942984698415,10.0,63395.4,12.0,63544.7,0.2355060461799896
LONG,2026-07-14 12:43:00+00:00,13.0,63544.9,2026-07-14 13:23:00+00:00,53.0,64180.349,TP,1.0,0.2,1.0000000000000009,0.8600000000000009,2026-07-14 12:30:00+00:00,CPI,high,5.0,-0.10995942984698415,10.0,63395.4,12.0,63544.7,0.2355060461799896
LONG,2026-07-14 12:43:00+00:00,13.0,63544.9,2026-07-14 13:23:00+00:00,53.0,64180.349,TP,1.0,0.3,1.0000000000000009,0.8600000000000009,2026-07-14 12:30:00+00:00,CPI,high,5.0,-0.10995942984698415,10.0,63395.4,12.0,63544.7,0.2355060461799896
LONG,2026-07-14 12:43:00+00:00,13.0,63544.9,2026-07-14 13:23:00+00:00,53.0,64180.349,TP,1.0,0.5,1.0000000000000009,0.8600000000000009,2026-07-14 12:30:00+00:00,CPI,high,5.0,-0.10995942984698415,10.0,63395.4,12.0,63544.7,0.2355060461799896
LONG,2026-08-07 12:41:00+00:00,11.0,65192.3,2026-08-07 12:53:00+00:00,23.0,65322.6846,TP,0.2,0.2,0.20000000000000018,0.060000000000000164,2026-08-07 12:30:00+00:00,Nonfarm Payrolls,high,7.0,-0.13276482361463948,7.0,65009.5,10.0,65192.0,0.2807282012629031
LONG,2026-08-07 12:41:00+00:00,11.0,65192.3,2026-08-07 12:53:00+00:00,23.0,65322.6846,TP,0.2,0.3,0.20000000000000018,0.060000000000000164,2026-08-07 12:30:00+00:00,Nonfarm Payrolls,high,7.0,-0.13276482361463948,7.0,65009.5,10.0,65192.0,0.2807282012629031
LONG,2026-08-07 12:41:00+00:00,11.0,65192.3,2026-08-07 12:53:00+00:00,23.0,65322.6846,TP,0.2,0.5,0.20000000000000018,0.060000000000000164,2026-08-07 12:30:00+00:00,Nonfarm Payrolls,high,7.0,-0.13276482361463948,7.0,65009.5,10.0,65192.0,0.2807282012629031
LONG,2026-08-07 12:41:00+00:00,11.0,65192.3,2026-08-07 12:55:00+00:00,25.0,65387.876899999996,TP,0.3,0.2,0.29999999999998916,0.15999999999998915,2026-08-07 12:30:00+00:00,Nonfarm Payrolls,high,7.0,-0.13276482361463948,7.0,65009.5,10.0,65192.0,0.2807282012629031
LONG,2026-08-07 12:41:00+00:00,11.0,65192.3,2026-08-07 12:55:00+00:00,25.0,65387.876899999996,TP,0.3,0.3,0.29999999999998916,0.15999999999998915,2026-08-07 12:30:00+00:00,Nonfarm Payrolls,high,7.0,-0.13276482361463948,7.0,65009.5,10.0,65192.0,0.2807282012629031
LONG,2026-08-07 12:41:00+00:00,11.0,65192.3,2026-08-07 12:55:00+00:00,25.0,65387.876899999996,TP,0.3,0.5,0.29999999999998916,0.15999999999998915,2026-08-07 12:30:00+00:00,Nonfarm Payrolls,high,7.0,-0.13276482361463948,7.0,65009.5,10.0,65192.0,0.2807282012629031
LONG,2026-08-07 12:41:00+00:00,11.0,65192.3,2026-08-07 13:41:00+00:00,71.0,65233.5,TIME_EXIT,0.5,0.2,0.06319764757494184,-0.07680235242505817,2026-08-07 12:30:00+00:00,Nonfarm Payrolls,high,7.0,-0.13276482361463948,7.0,65009.5,10.0,65192.0,0.2807282012629031
LONG,2026-08-07 12:41:00+00:00,11.0,65192.3,2026-08-07 13:41:00+00:00,71.0,65233.5,TIME_EXIT,0.5,0.3,0.06319764757494184,-0.07680235242505817,2026-08-07 12:30:00+00:00,Nonfarm Payrolls,high,7.0,-0.13276482361463948,7.0,65009.5,10.0,65192.0,0.2807282012629031
LONG,2026-08-07 12:41:00+00:00,11.0,65192.3,2026-08-07 13:41:00+00:00,71.0,65233.5,TIME_EXIT,0.5,0.5,0.06319764757494184,-0.07680235242505817,2026-08-07 12:30:00+00:00,Nonfarm Payrolls,high,7.0,-0.13276482361463948,7.0,65009.5,10.0,65192.0,0.2807282012629031
LONG,2026-08-07 12:41:00+00:00,11.0,65192.3,2026-08-07 13:41:00+00:00,71.0,65233.5,TIME_EXIT,0.75,0.2,0.06319764757494184,-0.07680235242505817,2026-08-07 12:30:00+00:00,Nonfarm Payrolls,high,7.0,-0.13276482361463948,7.0,65009.5,10.0,65192.0,0.2807282012629031
LONG,2026-08-07 12:41:00+00:00,11.0,65192.3,2026-08-07 13:41:00+00:00,71.0,65233.5,TIME_EXIT,0.75,0.3,0.06319764757494184,-0.07680235242505817,2026-08-07 12:30:00+00:00,Nonfarm Payrolls,high,7.0,-0.13276482361463948,7.0,65009.5,10.0,65192.0,0.2807282012629031
LONG,2026-08-07 12:41:00+00:00,11.0,65192.3,2026-08-07 13:41:00+00:00,71.0,65233.5,TIME_EXIT,0.75,0.5,0.06319764757494184,-0.07680235242505817,2026-08-07 12:30:00+00:00,Nonfarm Payrolls,high,7.0,-0.13276482361463948,7.0,65009.5,10.0,65192.0,0.2807282012629031
LONG,2026-08-07 12:41:00+00:00,11.0,65192.3,2026-08-07 13:41:00+00:00,71.0,65233.5,TIME_EXIT,1.0,0.2,0.06319764757494184,-0.07680235242505817,2026-08-07 12:30:00+00:00,Nonfarm Payrolls,high,7.0,-0.13276482361463948,7.0,65009.5,10.0,65192.0,0.2807282012629031
LONG,2026-08-07 12:41:00+00:00,11.0,65192.3,2026-08-07 13:41:00+00:00,71.0,65233.5,TIME_EXIT,1.0,0.3,0.06319764757494184,-0.07680235242505817,2026-08-07 12:30:00+00:00,Nonfarm Payrolls,high,7.0,-0.13276482361463948,7.0,65009.5,10.0,65192.0,0.2807282012629031
LONG,2026-08-07 12:41:00+00:00,11.0,65192.3,2026-08-07 13:41:00+00:00,71.0,65233.5,TIME_EXIT,1.0,0.5,0.06319764757494184,-0.07680235242505817,2026-08-07 12:30:00+00:00,Nonfarm Payrolls,high,7.0,-0.13276482361463948,7.0,65009.5,10.0,65192.0,0.2807282012629031
SHORT,2026-08-12 13:06:00+00:00,36.0,64027.9,2026-08-12 13:31:00+00:00,61.0,63899.8442,TP,0.2,0.2,0.20040080160321772,0.0604008016032177,2026-08-12 12:30:00+00:00,CPI,high,22.0,0.1116777433286309,23.0,64181.0,35.0,64027.7,0.23942762273203577
SHORT,2026-08-12 13:06:00+00:00,36.0,64027.9,2026-08-12 13:31:00+00:00,61.0,63899.8442,TP,0.2,0.3,0.20040080160321772,0.0604008016032177,2026-08-12 12:30:00+00:00,CPI,high,22.0,0.1116777433286309,23.0,64181.0,35.0,64027.7,0.23942762273203577
SHORT,2026-08-12 13:06:00+00:00,36.0,64027.9,2026-08-12 13:31:00+00:00,61.0,63899.8442,TP,0.2,0.5,0.20040080160321772,0.0604008016032177,2026-08-12 12:30:00+00:00,CPI,high,22.0,0.1116777433286309,23.0,64181.0,35.0,64027.7,0.23942762273203577
SHORT,2026-08-12 13:06:00+00:00,36.0,64027.9,2026-08-12 14:00:00+00:00,90.0,63835.8163,TP,0.3,0.2,0.30090270812437314,0.16090270812437313,2026-08-12 12:30:00+00:00,CPI,high,22.0,0.1116777433286309,23.0,64181.0,35.0,64027.7,0.23942762273203577
SHORT,2026-08-12 13:06:00+00:00,36.0,64027.9,2026-08-12 14:00:00+00:00,90.0,63835.8163,TP,0.3,0.3,0.30090270812437314,0.16090270812437313,2026-08-12 12:30:00+00:00,CPI,high,22.0,0.1116777433286309,23.0,64181.0,35.0,64027.7,0.23942762273203577
SHORT,2026-08-12 13:06:00+00:00,36.0,64027.9,2026-08-12 14:00:00+00:00,90.0,63835.8163,TP,0.3,0.5,0.30090270812437314,0.16090270812437313,2026-08-12 12:30:00+00:00,CPI,high,22.0,0.1116777433286309,23.0,64181.0,35.0,64027.7,0.23942762273203577
SHORT,2026-08-12 13:06:00+00:00,36.0,64027.9,2026-08-12 14:02:00+00:00,92.0,63707.760500000004,TP,0.5,0.2,0.5025125628140614,0.3625125628140614,2026-08-12 12:30:00+00:00,CPI,high,22.0,0.1116777433286309,23.0,64181.0,35.0,64027.7,0.23942762273203577
SHORT,2026-08-12 13:06:00+00:00,36.0,64027.9,2026-08-12 14:02:00+00:00,92.0,63707.760500000004,TP,0.5,0.3,0.5025125628140614,0.3625125628140614,2026-08-12 12:30:00+00:00,CPI,high,22.0,0.1116777433286309,23.0,64181.0,35.0,64027.7,0.23942762273203577
SHORT,2026-08-12 13:06:00+00:00,36.0,64027.9,2026-08-12 14:02:00+00:00,92.0,63707.760500000004,TP,0.5,0.5,0.5025125628140614,0.3625125628140614,2026-08-12 12:30:00+00:00,CPI,high,22.0,0.1116777433286309,23.0,64181.0,35.0,64027.7,0.23942762273203577
SHORT,2026-08-12 13:06:00+00:00,36.0,64027.9,2026-08-12 14:06:00+00:00,96.0,63607.1,TIME_EXIT,0.75,0.2,0.6615613665770015,0.5215613665770015,2026-08-12 12:30:00+00:00,CPI,high,22.0,0.1116777433286309,23.0,64181.0,35.0,64027.7,0.23942762273203577
SHORT,2026-08-12 13:06:00+00:00,36.0,64027.9,2026-08-12 14:06:00+00:00,96.0,63607.1,TIME_EXIT,0.75,0.3,0.6615613665770015,0.5215613665770015,2026-08-12 12:30:00+00:00,CPI,high,22.0,0.1116777433286309,23.0,64181.0,35.0,64027.7,0.23942762273203577
SHORT,2026-08-12 13:06:00+00:00,36.0,64027.9,2026-08-12 14:06:00+00:00,96.0,63607.1,TIME_EXIT,0.75,0.5,0.6615613665770015,0.5215613665770015,2026-08-12 12:30:00+00:00,CPI,high,22.0,0.1116777433286309,23.0,64181.0,35.0,64027.7,0.23942762273203577
SHORT,2026-08-12 13:06:00+00:00,36.0,64027.9,2026-08-12 14:06:00+00:00,96.0,63607.1,TIME_EXIT,1.0,0.2,0.6615613665770015,0.5215613665770015,2026-08-12 12:30:00+00:00,CPI,high,22.0,0.1116777433286309,23.0,64181.0,35.0,64027.7,0.23942762273203577
SHORT,2026-08-12 13:06:00+00:00,36.0,64027.9,2026-08-12 14:06:00+00:00,96.0,63607.1,TIME_EXIT,1.0,0.3,0.6615613665770015,0.5215613665770015,2026-08-12 12:30:00+00:00,CPI,high,22.0,0.1116777433286309,23.0,64181.0,35.0,64027.7,0.23942762273203577
SHORT,2026-08-12 13:06:00+00:00,36.0,64027.9,2026-08-12 14:06:00+00:00,96.0,63607.1,TIME_EXIT,1.0,0.5,0.6615613665770015,0.5215613665770015,2026-08-12 12:30:00+00:00,CPI,high,22.0,0.1116777433286309,23.0,64181.0,35.0,64027.7,0.23942762273203577
SHORT,2026-09-04 12:44:00+00:00,14.0,79787.3,2026-09-04 12:45:00+00:00,15.0,79627.7254,TP,0.2,0.2,0.20040080160321772,0.0604008016032177,2026-09-04 12:30:00+00:00,Nonfarm Payrolls,high,9.0,0.1361643492421294,12.0,80104.5,13.0,79787.5,0.3973053423155237
SHORT,2026-09-04 12:44:00+00:00,14.0,79787.3,2026-09-04 12:45:00+00:00,15.0,79627.7254,TP,0.2,0.3,0.20040080160321772,0.0604008016032177,2026-09-04 12:30:00+00:00,Nonfarm Payrolls,high,9.0,0.1361643492421294,12.0,80104.5,13.0,79787.5,0.3973053423155237
SHORT,2026-09-04 12:44:00+00:00,14.0,79787.3,2026-09-04 12:45:00+00:00,15.0,79627.7254,TP,0.2,0.5,0.20040080160321772,0.0604008016032177,2026-09-04 12:30:00+00:00,Nonfarm Payrolls,high,9.0,0.1361643492421294,12.0,80104.5,13.0,79787.5,0.3973053423155237
SHORT,2026-09-04 12:44:00+00:00,14.0,79787.3,2026-09-04 12:45:00+00:00,15.0,79547.9381,TP,0.3,0.2,0.30090270812437314,0.16090270812437313,2026-09-04 12:30:00+00:00,Nonfarm Payrolls,high,9.0,0.1361643492421294,12.0,80104.5,13.0,79787.5,0.3973053423155237
SHORT,2026-09-04 12:44:00+00:00,14.0,79787.3,2026-09-04 12:45:00+00:00,15.0,79547.9381,TP,0.3,0.3,0.30090270812437314,0.16090270812437313,2026-09-04 12:30:00+00:00,Nonfarm Payrolls,high,9.0,0.1361643492421294,12.0,80104.5,13.0,79787.5,0.3973053423155237
SHORT,2026-09-04 12:44:00+00:00,14.0,79787.3,2026-09-04 12:45:00+00:00,15.0,79547.9381,TP,0.3,0.5,0.30090270812437314,0.16090270812437313,2026-09-04 12:30:00+00:00,Nonfarm Payrolls,high,9.0,0.1361643492421294,12.0,80104.5,13.0,79787.5,0.3973053423155237
SHORT,2026-09-04 12:44:00+00:00,14.0,79787.3,2026-09-04 12:45:00+00:00,15.0,79388.3635,TP,0.5,0.2,0.5025125628140614,0.3625125628140614,2026-09-04 12:30:00+00:00,Nonfarm Payrolls,high,9.0,0.1361643492421294,12.0,80104.5,13.0,79787.5,0.3973053423155237
SHORT,2026-09-04 12:44:00+00:00,14.0,79787.3,2026-09-04 12:45:00+00:00,15.0,79388.3635,TP,0.5,0.3,0.5025125628140614,0.3625125628140614,2026-09-04 12:30:00+00:00,Nonfarm Payrolls,high,9.0,0.1361643492421294,12.0,80104.5,13.0,79787.5,0.3973053423155237
SHORT,2026-09-04 12:44:00+00:00,14.0,79787.3,2026-09-04 12:45:00+00:00,15.0,79388.3635,TP,0.5,0.5,0.5025125628140614,0.3625125628140614,2026-09-04 12:30:00+00:00,Nonfarm Payrolls,high,9.0,0.1361643492421294,12.0,80104.5,13.0,79787.5,0.3973053423155237
SHORT,2026-09-04 12:44:00+00:00,14.0,79787.3,2026-09-04 12:46:00+00:00,16.0,79188.89525,TP,0.75,0.2,0.7556675062972307,0.6156675062972307,2026-09-04 12:30:00+00:00,Nonfarm Payrolls,high,9.0,0.1361643492421294,12.0,80104.5,13.0,79787.5,0.3973053423155237
SHORT,2026-09-04 12:44:00+00:00,14.0,79787.3,2026-09-04 12:46:00+00:00,16.0,79188.89525,TP,0.75,0.3,0.7556675062972307,0.6156675062972307,2026-09-04 12:30:00+00:00,Nonfarm Payrolls,high,9.0,0.1361643492421294,12.0,80104.5,13.0,79787.5,0.3973053423155237
SHORT,2026-09-04 12:44:00+00:00,14.0,79787.3,2026-09-04 12:46:00+00:00,16.0,79188.89525,TP,0.75,0.5,0.7556675062972307,0.6156675062972307,2026-09-04 12:30:00+00:00,Nonfarm Payrolls,high,9.0,0.1361643492421294,12.0,80104.5,13.0,79787.5,0.3973053423155237
SHORT,2026-09-04 12:44:00+00:00,14.0,79787.3,2026-09-04 13:44:00+00:00,74.0,79410.0,TIME_EXIT,1.0,0.2,0.47512907694244877,0.33512907694244876,2026-09-04 12:30:00+00:00,Nonfarm Payrolls,high,9.0,0.1361643492421294,12.0,80104.5,13.0,79787.5,0.3973053423155237
SHORT,2026-09-04 12:44:00+00:00,14.0,79787.3,2026-09-04 13:44:00+00:00,74.0,79410.0,TIME_EXIT,1.0,0.3,0.47512907694244877,0.33512907694244876,2026-09-04 12:30:00+00:00,Nonfarm Payrolls,high,9.0,0.1361643492421294,12.0,80104.5,13.0,79787.5,0.3973053423155237
SHORT,2026-09-04 12:44:00+00:00,14.0,79787.3,2026-09-04 13:44:00+00:00,74.0,79410.0,TIME_EXIT,1.0,0.5,0.47512907694244877,0.33512907694244876,2026-09-04 12:30:00+00:00,Nonfarm Payrolls,high,9.0,0.1361643492421294,12.0,80104.5,13.0,79787.5,0.3973053423155237
SHORT,2026-09-11 12:55:00+00:00,25.0,77934.9,2026-09-11 13:04:00+00:00,34.0,77779.0302,TP,0.2,0.2,0.20040080160321772,0.0604008016032177,2026-09-11 12:30:00+00:00,CPI,high,5.0,0.9417954947140927,21.0,78159.9,24.0,77934.0,0.28986065132035055
SHORT,2026-09-11 12:55:00+00:00,25.0,77934.9,2026-09-11 13:04:00+00:00,34.0,77779.0302,TP,0.2,0.3,0.20040080160321772,0.0604008016032177,2026-09-11 12:30:00+00:00,CPI,high,5.0,0.9417954947140927,21.0,78159.9,24.0,77934.0,0.28986065132035055
SHORT,2026-09-11 12:55:00+00:00,25.0,77934.9,2026-09-11 13:04:00+00:00,34.0,77779.0302,TP,0.2,0.5,0.20040080160321772,0.0604008016032177,2026-09-11 12:30:00+00:00,CPI,high,5.0,0.9417954947140927,21.0,78159.9,24.0,77934.0,0.28986065132035055
SHORT,2026-09-11 12:55:00+00:00,25.0,77934.9,2026-09-11 13:08:00+00:00,38.0,77701.0953,TP,0.3,0.2,0.30090270812437314,0.16090270812437313,2026-09-11 12:30:00+00:00,CPI,high,5.0,0.9417954947140927,21.0,78159.9,24.0,77934.0,0.28986065132035055
SHORT,2026-09-11 12:55:00+00:00,25.0,77934.9,2026-09-11 13:08:00+00:00,38.0,77701.0953,TP,0.3,0.3,0.30090270812437314,0.16090270812437313,2026-09-11 12:30:00+00:00,CPI,high,5.0,0.9417954947140927,21.0,78159.9,24.0,77934.0,0.28986065132035055
SHORT,2026-09-11 12:55:00+00:00,25.0,77934.9,2026-09-11 13:08:00+00:00,38.0,77701.0953,TP,0.3,0.5,0.30090270812437314,0.16090270812437313,2026-09-11 12:30:00+00:00,CPI,high,5.0,0.9417954947140927,21.0,78159.9,24.0,77934.0,0.28986065132035055
SHORT,2026-09-11 12:55:00+00:00,25.0,77934.9,2026-09-11 13:28:00+00:00,58.0,77545.2255,TP,0.5,0.2,0.5025125628140614,0.3625125628140614,2026-09-11 12:30:00+00:00,CPI,high,5.0,0.9417954947140927,21.0,78159.9,24.0,77934.0,0.28986065132035055
SHORT,2026-09-11 12:55:00+00:00,25.0,77934.9,2026-09-11 13:28:00+00:00,58.0,77545.2255,TP,0.5,0.3,0.5025125628140614,0.3625125628140614,2026-09-11 12:30:00+00:00,CPI,high,5.0,0.9417954947140927,21.0,78159.9,24.0,77934.0,0.28986065132035055
SHORT,2026-09-11 12:55:00+00:00,25.0,77934.9,2026-09-11 13:28:00+00:00,58.0,77545.2255,TP,0.5,0.5,0.5025125628140614,0.3625125628140614,2026-09-11 12:30:00+00:00,CPI,high,5.0,0.9417954947140927,21.0,78159.9,24.0,77934.0,0.28986065132035055
SHORT,2026-09-11 12:55:00+00:00,25.0,77934.9,2026-09-11 13:36:00+00:00,66.0,77350.38825,TP,0.75,0.2,0.7556675062972085,0.6156675062972085,2026-09-11 12:30:00+00:00,CPI,high,5.0,0.9417954947140927,21.0,78159.9,24.0,77934.0,0.28986065132035055
SHORT,2026-09-11 12:55:00+00:00,25.0,77934.9,2026-09-11 13:36:00+00:00,66.0,77350.38825,TP,0.75,0.3,0.7556675062972085,0.6156675062972085,2026-09-11 12:30:00+00:00,CPI,high,5.0,0.9417954947140927,21.0,78159.9,24.0,77934.0,0.28986065132035055
SHORT,2026-09-11 12:55:00+00:00,25.0,77934.9,2026-09-11 13:36:00+00:00,66.0,77350.38825,TP,0.75,0.5,0.7556675062972085,0.6156675062972085,2026-09-11 12:30:00+00:00,CPI,high,5.0,0.9417954947140927,21.0,78159.9,24.0,77934.0,0.28986065132035055
SHORT,2026-09-11 12:55:00+00:00,25.0,77934.9,2026-09-11 13:48:00+00:00,78.0,78090.7698,SL,1.0,0.2,-0.1996007984031989,-0.3396007984031989,2026-09-11 12:30:00+00:00,CPI,high,5.0,0.9417954947140927,21.0,78159.9,24.0,77934.0,0.28986065132035055
SHORT,2026-09-11 12:55:00+00:00,25.0,77934.9,2026-09-11 13:48:00+00:00,78.0,78168.70469999999,SL,1.0,0.3,-0.29910269192421346,-0.4391026919242135,2026-09-11 12:30:00+00:00,CPI,high,5.0,0.9417954947140927,21.0,78159.9,24.0,77934.0,0.28986065132035055
SHORT,2026-09-11 12:55:00+00:00,25.0,77934.9,2026-09-11 13:49:00+00:00,79.0,78324.57449999999,SL,1.0,0.5,-0.4975124378109319,-0.6375124378109319,2026-09-11 12:30:00+00:00,CPI,high,5.0,0.9417954947140927,21.0,78159.9,24.0,77934.0,0.28986065132035055
SHORT,2026-10-02 12:41:00+00:00,11.0,86757.9,2026-10-02 12:41:00+00:00,11.0,86584.3842,TP,0.2,0.2,0.2004008016031955,0.0604008016031955,2026-10-02 12:30:00+00:00,Nonfarm Payrolls,high,6.0,0.1958884173483444,6.0,86992.4,10.0,86757.9,0.2702923883588726
SHORT,2026-10-02 12:41:00+00:00,11.0,86757.9,2026-10-02 12:41:00+00:00,11.0,86584.3842,TP,0.2,0.3,0.2004008016031955,0.0604008016031955,2026-10-02 12:30:00+00:00,Nonfarm Payrolls,high,6.0,0.1958884173483444,6.0,86992.4,10.0,86757.9,0.2702923883588726
SHORT,2026-10-02 12:41:00+00:00,11.0,86757.9,2026-10-02 12:41:00+00:00,11.0,86584.3842,TP,0.2,0.5,0.2004008016031955,0.0604008016031955,2026-10-02 12:30:00+00:00,Nonfarm Payrolls,high,6.0,0.1958884173483444,6.0,86992.4,10.0,86757.9,0.2702923883588726
SHORT,2026-10-02 12:41:00+00:00,11.0,86757.9,2026-10-02 12:43:00+00:00,13.0,86497.62629999999,TP,0.3,0.2,0.30090270812437314,0.16090270812437313,2026-10-02 12:30:00+00:00,Nonfarm Payrolls,high,6.0,0.1958884173483444,6.0,86992.4,10.0,86757.9,0.2702923883588726
SHORT,2026-10-02 12:41:00+00:00,11.0,86757.9,2026-10-02 12:43:00+00:00,13.0,86497.62629999999,TP,0.3,0.3,0.30090270812437314,0.16090270812437313,2026-10-02 12:30:00+00:00,Nonfarm Payrolls,high,6.0,0.1958884173483444,6.0,86992.4,10.0,86757.9,0.2702923883588726
SHORT,2026-10-02 12:41:00+00:00,11.0,86757.9,2026-10-02 12:43:00+00:00,13.0,86497.62629999999,TP,0.3,0.5,0.30090270812437314,0.16090270812437313,2026-10-02 12:30:00+00:00,Nonfarm Payrolls,high,6.0,0.1958884173483444,6.0,86992.4,10.0,86757.9,0.2702923883588726
SHORT,2026-10-02 12:41:00+00:00,11.0,86757.9,2026-10-02 13:02:00+00:00,32.0,86931.41579999999,SL,0.5,0.2,-0.19960079840318778,-0.3396007984031878,2026-10-02 12:30:00+00:00,Nonfarm Payrolls,high,6.0,0.1958884173483444,6.0,86992.4,10.0,86757.9,0.2702923883588726
SHORT,2026-10-02 12:41:00+00:00,11.0,86757.9,2026-10-02 13:35:00+00:00,65.0,87018.17369999998,SL,0.5,0.3,-0.29910269192421346,-0.4391026919242135,2026-10-02 12:30:00+00:00,Nonfarm Payrolls,high,6.0,0.1958884173483444,6.0,86992.4,10.0,86757.9,0.2702923883588726
SHORT,2026-10-02 12:41:00+00:00,11.0,86757.9,2026-10-02 13:41:00+00:00,71.0,86966.2,TIME_EXIT,0.5,0.5,-0.23951834160858,-0.37951834160858,2026-10-02 12:30:00+00:00,Nonfarm Payrolls,high,6.0,0.1958884173483444,6.0,86992.4,10.0,86757.9,0.2702923883588726
SHORT,2026-10-02 12:41:00+00:00,11.0,86757.9,2026-10-02 13:02:00+00:00,32.0,86931.41579999999,SL,0.75,0.2,-0.19960079840318778,-0.3396007984031878,2026-10-02 12:30:00+00:00,Nonfarm Payrolls,high,6.0,0.1958884173483444,6.0,86992.4,10.0,86757.9,0.2702923883588726
SHORT,2026-10-02 12:41:00+00:00,11.0,86757.9,2026-10-02 13:35:00+00:00,65.0,87018.17369999998,SL,0.75,0.3,-0.29910269192421346,-0.4391026919242135,2026-10-02 12:30:00+00:00,Nonfarm Payrolls,high,6.0,0.1958884173483444,6.0,86992.4,10.0,86757.9,0.2702923883588726
SHORT,2026-10-02 12:41:00+00:00,11.0,86757.9,2026-10-02 13:41:00+00:00,71.0,86966.2,TIME_EXIT,0.75,0.5,-0.23951834160858,-0.37951834160858,2026-10-02 12:30:00+00:00,Nonfarm Payrolls,high,6.0,0.1958884173483444,6.0,86992.4,10.0,86757.9,0.2702923883588726
SHORT,2026-10-02 12:41:00+00:00,11.0,86757.9,2026-10-02 13:02:00+00:00,32.0,86931.41579999999,SL,1.0,0.2,-0.19960079840318778,-0.3396007984031878,2026-10-02 12:30:00+00:00,Nonfarm Payrolls,high,6.0,0.1958884173483444,6.0,86992.4,10.0,86757.9,0.2702923883588726
SHORT,2026-10-02 12:41:00+00:00,11.0,86757.9,2026-10-02 13:35:00+00:00,65.0,87018.17369999998,SL,1.0,0.3,-0.29910269192421346,-0.4391026919242135,2026-10-02 12:30:00+00:00,Nonfarm Payrolls,high,6.0,0.1958884173483444,6.0,86992.4,10.0,86757.9,0.2702923883588726
SHORT,2026-10-02 12:41:00+00:00,11.0,86757.9,2026-10-02 13:41:00+00:00,71.0,86966.2,TIME_EXIT,1.0,0.5,-0.23951834160858,-0.37951834160858,2026-10-02 12:30:00+00:00,Nonfarm Payrolls,high,6.0,0.1958884173483444,6.0,86992.4,10.0,86757.9,0.2702923883588726
