signal_time,entry_time,exit_time,side,entry_price,exit_price,stop_price,target_price,exit_reason,gross_return,net_return,pnl,capital,holding_bars
2025-10-02 22:10:00+00:00,2025-10-02 22:15:00+00:00,2025-10-03 01:20:00+00:00,LONG,120415.9,120054.65229999999,120054.65229999999,121138.3954,STOP,-0.0030000000000001137,-0.004400000000000114,-44.00000000000114,9955.999999999998,38
2025-10-03 01:50:00+00:00,2025-10-03 01:55:00+00:00,2025-10-03 05:50:00+00:00,LONG,119896.9,119906.5,119537.20929999999,120616.28139999999,TIME,8.006879243760423e-05,-0.0013199312075623958,-13.14123510249121,9942.858764897506,48
2025-10-03 07:35:00+00:00,2025-10-03 07:40:00+00:00,2025-10-03 08:15:00+00:00,LONG,119663.4,119304.4098,119304.4098,120381.3804,STOP,-0.0030000000000000027,-0.004400000000000003,-43.74857856554905,9899.110186331956,8
2025-10-03 11:15:00+00:00,2025-10-03 11:20:00+00:00,2025-10-03 14:45:00+00:00,LONG,120183.7,120904.80219999999,119823.1489,120904.80219999999,TARGET,0.006000000000000005,0.004600000000000005,45.53590685712705,9944.646093189083,42
2025-10-03 15:15:00+00:00,2025-10-03 15:20:00+00:00,2025-10-03 15:30:00+00:00,SHORT,121272.5,121636.31749999999,121636.31749999999,120544.865,STOP,-0.0029910269192422456,-0.004391026919242246,-43.6672086975305,9900.978884491553,3
2025-10-03 15:45:00+00:00,2025-10-03 15:50:00+00:00,2025-10-03 15:50:00+00:00,SHORT,121795.1,122160.48529999999,122160.48529999999,121064.3294,STOP,-0.0029910269192421346,-0.004391026919242135,-43.47546480865037,9857.503419682902,1
2025-10-03 15:55:00+00:00,2025-10-03 16:00:00+00:00,2025-10-03 16:00:00+00:00,SHORT,122271.3,122638.1139,122638.1139,121537.6722,STOP,-0.0029910269192422456,-0.004391026919242246,-43.284562872350115,9814.218856810552,1
2025-10-03 16:05:00+00:00,2025-10-03 16:10:00+00:00,2025-10-03 16:10:00+00:00,SHORT,122815.9,123184.34769999998,123184.34769999998,122079.0046,STOP,-0.0029910269192421346,-0.004391026919242135,-43.0944991915889,9771.124357618963,1
2025-10-03 16:15:00+00:00,2025-10-03 16:20:00+00:00,2025-10-03 16:20:00+00:00,SHORT,123064.8,123433.9944,123433.9944,122326.4112,STOP,-0.0029910269192422456,-0.004391026919242246,-42.90527008556846,9728.219087533394,1
2025-10-03 16:45:00+00:00,2025-10-03 16:50:00+00:00,2025-10-03 17:00:00+00:00,SHORT,123193.8,122454.6372,123563.38139999998,122454.6372,TARGET,0.006036217303823088,0.004636217303823088,45.10213766900438,9773.321225202399,3
2025-10-03 19:10:00+00:00,2025-10-03 19:15:00+00:00,2025-10-03 19:25:00+00:00,SHORT,122455.4,122822.76619999998,122822.76619999998,121720.6676,STOP,-0.0029910269192421346,-0.004391026919242135,-42.914916590264255,9730.406308612135,3
2025-10-03 22:40:00+00:00,2025-10-03 22:45:00+00:00,2025-10-04 01:45:00+00:00,SHORT,122581.9,121846.4086,122949.64569999998,121846.4086,TARGET,0.006036217303822866,0.004636217303822866,45.112278101214756,9775.51858671335,37
2025-10-04 03:30:00+00:00,2025-10-04 03:35:00+00:00,2025-10-04 04:40:00+00:00,SHORT,122071.5,122437.71449999999,122437.71449999999,121339.071,STOP,-0.0029910269192421346,-0.004391026919242135,-42.924565263810145,9732.594021449539,14
2025-10-04 04:50:00+00:00,2025-10-04 04:55:00+00:00,2025-10-04 08:50:00+00:00,SHORT,122508.2,122288.9,122875.72459999999,121773.1508,TIME,0.001793294403662271,0.0003932944036622711,3.8277747617529814,9736.42179621129,48
2025-10-04 13:05:00+00:00,2025-10-04 13:10:00+00:00,2025-10-04 15:25:00+00:00,SHORT,122469.7,121734.8818,122837.10909999999,121734.8818,TARGET,0.006036217303822866,0.004636217303822866,45.14016720891289,9781.561963420203,28
2025-10-04 16:45:00+00:00,2025-10-04 16:50:00+00:00,2025-10-04 20:45:00+00:00,LONG,121656.4,122004.2,121291.43079999999,122386.3384,TIME,0.002858871378735639,0.001458871378735639,14.270040787762916,9795.832004207967,48
2025-10-05 02:25:00+00:00,2025-10-05 02:30:00+00:00,2025-10-05 02:30:00+00:00,SHORT,122864.9,123233.49469999998,123233.49469999998,122127.71059999999,STOP,-0.0029910269192421346,-0.004391026919242135,-43.01376202685081,9752.818242181116,1
2025-10-05 02:35:00+00:00,2025-10-05 02:40:00+00:00,2025-10-05 04:35:00+00:00,SHORT,123840.3,124211.82089999999,124211.82089999999,123097.2582,STOP,-0.0029910269192421346,-0.004391026919242135,-42.82488743989304,9709.993354741224,24
2025-10-05 04:45:00+00:00,2025-10-05 04:50:00+00:00,2025-10-05 08:00:00+00:00,SHORT,125293.9,124542.1366,125669.78169999998,124542.1366,TARGET,0.006036217303822866,0.004636217303822866,45.0176392112563,9755.010993952481,39
2025-10-05 09:20:00+00:00,2025-10-05 09:25:00+00:00,2025-10-05 09:25:00+00:00,LONG,124412.0,124038.764,124038.764,125158.472,STOP,-0.0030000000000000027,-0.004400000000000003,-42.92204837339094,9712.08894557909,1
2025-10-05 09:30:00+00:00,2025-10-05 09:35:00+00:00,2025-10-05 09:35:00+00:00,LONG,123560.1,123189.4197,123189.4197,124301.4606,STOP,-0.0030000000000001137,-0.004400000000000114,-42.7331913605491,9669.35575421854,1
2025-10-05 09:40:00+00:00,2025-10-05 09:45:00+00:00,2025-10-05 10:00:00+00:00,LONG,122987.0,122618.039,122618.039,123724.922,STOP,-0.0030000000000000027,-0.004400000000000003,-42.54516531856161,9626.81058889998,4
2025-10-05 11:55:00+00:00,2025-10-05 12:00:00+00:00,2025-10-05 15:35:00+00:00,SHORT,123468.0,122727.192,123838.40399999998,122727.192,TARGET,0.006036217303822866,0.004636217303822866,44.63198583288328,9671.442574732862,44
2025-10-05 16:05:00+00:00,2025-10-05 16:10:00+00:00,2025-10-05 16:50:00+00:00,SHORT,123110.0,122371.34,123479.32999999999,122371.34,TARGET,0.006036217303822866,0.004636217303822866,44.83890941790567,9716.281484150768,9
2025-10-05 16:55:00+00:00,2025-10-05 17:00:00+00:00,2025-10-05 19:45:00+00:00,SHORT,123274.1,122534.4554,123643.92229999999,122534.4554,TARGET,0.006036217303822866,0.004636217303822866,45.046792345633506,9761.3282764964,34
2025-10-05 22:00:00+00:00,2025-10-05 22:05:00+00:00,2025-10-05 23:05:00+00:00,SHORT,123066.6,123435.7998,123435.7998,122328.2004,STOP,-0.0029910269192421346,-0.004391026919242135,-42.862255229655126,9718.466021266746,13
2025-10-05 23:10:00+00:00,2025-10-05 23:15:00+00:00,2025-10-06 00:15:00+00:00,SHORT,123480.0,123850.43999999999,123850.43999999999,122739.12,STOP,-0.0029910269192421346,-0.004391026919242135,-42.674045913122285,9675.791975353624,13
2025-10-06 00:20:00+00:00,2025-10-06 00:25:00+00:00,2025-10-06 00:50:00+00:00,SHORT,123930.1,123186.5194,124301.8903,123186.5194,TARGET,0.006036217303822866,0.004636217303822866,44.8590741843249,9720.65104953795,6
2025-10-06 02:30:00+00:00,2025-10-06 02:35:00+00:00,2025-10-06 06:30:00+00:00,LONG,123516.1,123948.4,123145.55170000001,124257.19660000001,TIME,0.003499948589697821,0.002099948589697821,20.41286746242186,9741.063917000372,48
2025-10-06 06:35:00+00:00,2025-10-06 06:40:00+00:00,2025-10-06 07:45:00+00:00,SHORT,124046.1,123301.82340000001,124418.2383,123301.82340000001,TARGET,0.006036217303822866,0.004636217303822866,45.16168908964167,9786.225606090014,14
2025-10-06 07:55:00+00:00,2025-10-06 08:00:00+00:00,2025-10-06 10:50:00+00:00,LONG,123393.3,124133.65980000001,123023.1201,124133.65980000001,TARGET,0.006000000000000005,0.004600000000000005,45.016637788014116,9831.242243878029,35
2025-10-06 11:25:00+00:00,2025-10-06 11:30:00+00:00,2025-10-06 13:05:00+00:00,SHORT,124370.0,124743.10999999999,124743.10999999999,123623.78,STOP,-0.0029910269192421346,-0.004391026919242135,-43.16924934245887,9788.07299453557,20
2025-10-06 13:25:00+00:00,2025-10-06 13:30:00+00:00,2025-10-06 14:05:00+00:00,SHORT,124860.0,125234.57999999999,125234.57999999999,124110.84,STOP,-0.0029910269192421346,-0.004391026919242135,-42.979692006512664,9745.093302529058,8
2025-10-06 14:10:00+00:00,2025-10-06 14:15:00+00:00,2025-10-06 15:20:00+00:00,SHORT,124980.7,125355.64209999998,125355.64209999998,124230.8158,STOP,-0.0029910269192421346,-0.004391026919242135,-42.79096702193133,9702.302335507127,14
2025-10-06 16:00:00+00:00,2025-10-06 16:05:00+00:00,2025-10-06 16:55:00+00:00,SHORT,124954.9,125329.76469999999,125329.76469999999,124205.1706,STOP,-0.0029910269192422456,-0.004391026919242246,-42.603070733838706,9659.699264773288,11
2025-10-06 17:05:00+00:00,2025-10-06 17:10:00+00:00,2025-10-06 18:55:00+00:00,SHORT,125578.3,125955.03489999998,125955.03489999998,124824.8302,STOP,-0.0029910269192421346,-0.004391026919242135,-42.415999503402965,9617.283265269885,22
2025-10-06 19:00:00+00:00,2025-10-06 19:05:00+00:00,2025-10-06 20:25:00+00:00,SHORT,125816.0,125061.10399999999,126193.44799999999,125061.10399999999,TARGET,0.006036217303823088,0.004636217303823088,44.58781509021245,9661.871080360097,17
2025-10-06 21:15:00+00:00,2025-10-06 21:20:00+00:00,2025-10-06 21:20:00+00:00,LONG,124906.1,124531.38170000001,124531.38170000001,125655.5366,STOP,-0.0029999999999998916,-0.004399999999999892,-42.51223275358338,9619.358847606514,1
2025-10-06 21:35:00+00:00,2025-10-06 21:40:00+00:00,2025-10-07 01:20:00+00:00,LONG,124934.2,124559.3974,124559.3974,125683.8052,STOP,-0.0030000000000000027,-0.004400000000000003,-42.32517892946869,9577.033668677046,45
2025-10-07 02:55:00+00:00,2025-10-07 03:00:00+00:00,2025-10-07 06:25:00+00:00,LONG,124252.4,123879.64279999999,123879.64279999999,124997.9144,STOP,-0.0030000000000001137,-0.004400000000000114,-42.13894814218009,9534.894720534867,42
2025-10-07 06:35:00+00:00,2025-10-07 06:40:00+00:00,2025-10-07 07:40:00+00:00,LONG,123950.3,123578.4491,123578.4491,124694.0018,STOP,-0.0030000000000000027,-0.004400000000000003,-41.953536770353445,9492.941183764513,13
2025-10-07 08:10:00+00:00,2025-10-07 08:15:00+00:00,2025-10-07 10:10:00+00:00,LONG,123556.0,124297.336,123185.332,124297.336,TARGET,0.006000000000000005,0.004600000000000005,43.66752944531681,9536.60871320983,24
2025-10-07 10:15:00+00:00,2025-10-07 10:20:00+00:00,2025-10-07 12:45:00+00:00,SHORT,124327.2,124700.18159999998,124700.18159999998,123581.2368,STOP,-0.0029910269192421346,-0.004391026919242135,-41.87550557798345,9494.733207631845,30
2025-10-07 12:55:00+00:00,2025-10-07 13:00:00+00:00,2025-10-07 13:40:00+00:00,SHORT,124913.4,124163.9196,125288.14019999998,124163.9196,TARGET,0.006036217303822866,0.004636217303822866,44.01964639240435,9538.75285402425,9
2025-10-07 13:45:00+00:00,2025-10-07 13:50:00+00:00,2025-10-07 14:05:00+00:00,LONG,123662.4,123291.41279999999,123291.41279999999,124404.3744,STOP,-0.0030000000000000027,-0.004400000000000003,-41.970512557706726,9496.782341466542,4
2025-10-07 14:10:00+00:00,2025-10-07 14:15:00+00:00,2025-10-07 15:05:00+00:00,LONG,122838.6,122470.08420000001,122470.08420000001,123575.63160000001,STOP,-0.0030000000000000027,-0.004400000000000003,-41.785842302452814,9454.996499164088,11
2025-10-07 15:10:00+00:00,2025-10-07 15:15:00+00:00,2025-10-07 15:35:00+00:00,LONG,121949.1,121583.25270000001,121583.25270000001,122680.79460000001,STOP,-0.0030000000000000027,-0.004400000000000003,-41.60198459632201,9413.394514567766,5
2025-10-07 15:40:00+00:00,2025-10-07 15:45:00+00:00,2025-10-07 15:50:00+00:00,LONG,121712.0,121346.864,121346.864,122442.272,STOP,-0.0030000000000000027,-0.004400000000000003,-41.418935864098195,9371.975578703668,2
2025-10-07 16:20:00+00:00,2025-10-07 16:25:00+00:00,2025-10-07 16:35:00+00:00,LONG,121040.5,121766.743,120677.3785,121766.743,TARGET,0.006000000000000005,0.004600000000000005,43.11108766203692,9415.086666365705,3
2025-10-07 18:05:00+00:00,2025-10-07 18:10:00+00:00,2025-10-07 18:25:00+00:00,LONG,121103.9,120740.58829999999,120740.58829999999,121830.52339999999,STOP,-0.0030000000000000027,-0.004400000000000003,-41.42638133200913,9373.660285033697,4
2025-10-07 18:50:00+00:00,2025-10-07 18:55:00+00:00,2025-10-07 19:15:00+00:00,LONG,120848.0,121573.088,120485.456,121573.088,TARGET,0.006000000000000005,0.004600000000000005,43.118837311155055,9416.779122344851,5
2025-10-07 19:50:00+00:00,2025-10-07 19:55:00+00:00,2025-10-07 20:10:00+00:00,SHORT,121752.4,122117.65719999999,122117.65719999999,121021.8856,STOP,-0.0029910269192422456,-0.004391026919242246,-41.34933061877461,9375.429791726077,4
2025-10-07 23:15:00+00:00,2025-10-07 23:20:00+00:00,2025-10-07 23:50:00+00:00,LONG,121706.3,121341.1811,121341.1811,122436.5378,STOP,-0.0030000000000000027,-0.004400000000000003,-41.25189108359477,9334.177900642482,7
2025-10-07 23:55:00+00:00,2025-10-08 00:00:00+00:00,2025-10-08 00:50:00+00:00,LONG,121344.9,122072.9694,120980.86529999999,122072.9694,TARGET,0.006000000000000005,0.004600000000000005,42.93721834295547,9377.115118985437,11
2025-10-08 01:00:00+00:00,2025-10-08 01:05:00+00:00,2025-10-08 04:10:00+00:00,SHORT,121934.9,121203.2906,122300.70469999999,121203.2906,TARGET,0.006036217303822866,0.004636217303822866,43.4743433745793,9420.589462360016,38
2025-10-08 04:30:00+00:00,2025-10-08 04:35:00+00:00,2025-10-08 08:30:00+00:00,SHORT,121692.9,122057.97869999998,122057.97869999998,120962.7426,STOP,-0.0029910269192421346,-0.004391026919242135,-41.36606192435162,9379.223400435665,48
2025-10-08 08:35:00+00:00,2025-10-08 08:40:00+00:00,2025-10-08 10:35:00+00:00,SHORT,122511.5,122879.03449999998,122879.03449999998,121776.431,STOP,-0.0029910269192421346,-0.004391026919242135,-41.18442243289876,9338.038978002767,24
2025-10-08 10:45:00+00:00,2025-10-08 10:50:00+00:00,2025-10-08 13:40:00+00:00,SHORT,122942.9,122205.2426,123311.72869999998,122205.2426,TARGET,0.006036217303822866,0.004636217303822866,43.29317789358882,9381.332155896356,35
2025-10-08 13:45:00+00:00,2025-10-08 13:50:00+00:00,2025-10-08 14:00:00+00:00,LONG,122160.2,122893.1612,121793.7194,122893.1612,TARGET,0.006000000000000005,0.004600000000000005,43.15412791712329,9424.48628381348,3
2025-10-08 15:45:00+00:00,2025-10-08 15:50:00+00:00,2025-10-08 16:15:00+00:00,LONG,122070.0,122802.42,121703.79,122802.42,TARGET,0.006000000000000005,0.004600000000000005,43.352636905542056,9467.838920719021,6
2025-10-08 16:50:00+00:00,2025-10-08 16:55:00+00:00,2025-10-08 17:10:00+00:00,SHORT,122979.2,123348.13759999999,123348.13759999999,122241.3248,STOP,-0.0029910269192422456,-0.004391026919242246,-41.573535567926676,9426.265385151095,4
2025-10-08 17:15:00+00:00,2025-10-08 17:20:00+00:00,2025-10-08 17:55:00+00:00,SHORT,123765.1,124136.39529999999,124136.39529999999,123022.50940000001,STOP,-0.0029910269192421346,-0.004391026919242135,-41.39098505411879,9384.874400096976,8
2025-10-08 18:55:00+00:00,2025-10-08 19:00:00+00:00,2025-10-08 20:55:00+00:00,LONG,123446.5,123076.1605,123076.1605,124187.179,STOP,-0.0030000000000000027,-0.004400000000000003,-41.293447360426725,9343.580952736549,24
2025-10-08 23:05:00+00:00,2025-10-08 23:10:00+00:00,2025-10-09 01:00:00+00:00,LONG,123086.5,122717.2405,122717.2405,123825.019,STOP,-0.0030000000000000027,-0.004400000000000003,-41.11175619204084,9302.469196544509,23
2025-10-09 01:15:00+00:00,2025-10-09 01:20:00+00:00,2025-10-09 02:05:00+00:00,LONG,122596.9,122229.1093,122229.1093,123332.48139999999,STOP,-0.0030000000000000027,-0.004400000000000003,-40.93086446479587,9261.538332079714,10
2025-10-09 02:15:00+00:00,2025-10-09 02:20:00+00:00,2025-10-09 02:40:00+00:00,LONG,122024.4,121658.3268,121658.3268,122756.54639999999,STOP,-0.0030000000000000027,-0.004400000000000003,-40.750768661150765,9220.787563418562,5
2025-10-09 02:45:00+00:00,2025-10-09 02:50:00+00:00,2025-10-09 06:45:00+00:00,LONG,121649.7,122045.0,121284.7509,122379.5982,TIME,0.0032494942445397967,0.0018494942445397968,17.053793528666766,9237.841356947229,48
2025-10-09 07:35:00+00:00,2025-10-09 07:40:00+00:00,2025-10-09 08:25:00+00:00,LONG,121760.0,121394.72,121394.72,122490.56,STOP,-0.0030000000000000027,-0.004400000000000003,-40.64650197056783,9197.19485497666,10
2025-10-09 08:30:00+00:00,2025-10-09 08:35:00+00:00,2025-10-09 10:40:00+00:00,LONG,121475.1,122203.95060000001,121110.6747,122203.95060000001,TARGET,0.006000000000000005,0.004600000000000005,42.307096332892684,9239.501951309552,26
2025-10-09 10:45:00+00:00,2025-10-09 10:50:00+00:00,2025-10-09 11:20:00+00:00,SHORT,122211.2,122577.83359999998,122577.83359999998,121477.9328,STOP,-0.0029910269192421346,-0.004391026919242135,-40.570901788590476,9198.931049520961,7
2025-10-09 11:40:00+00:00,2025-10-09 11:45:00+00:00,2025-10-09 12:35:00+00:00,SHORT,122836.7,123205.21009999998,123205.21009999998,122099.6798,STOP,-0.0029910269192421346,-0.004391026919242135,-40.39275386669885,9158.538295654262,11
2025-10-09 12:40:00+00:00,2025-10-09 12:45:00+00:00,2025-10-09 13:40:00+00:00,SHORT,123546.7,122805.4198,123917.34009999999,122805.4198,TARGET,0.006036217303822866,0.004636217303822866,42.46097372403667,9200.999269378299,12
2025-10-09 13:50:00+00:00,2025-10-09 13:55:00+00:00,2025-10-09 13:55:00+00:00,LONG,122706.7,122338.5799,122338.5799,123442.9402,STOP,-0.0030000000000000027,-0.004400000000000003,-40.48439678526454,9160.514872593034,1
2025-10-09 14:00:00+00:00,2025-10-09 14:05:00+00:00,2025-10-09 14:05:00+00:00,LONG,122169.1,121802.59270000001,121802.59270000001,122902.1146,STOP,-0.0030000000000000027,-0.004400000000000003,-40.30626543940937,9120.208607153625,1
2025-10-09 14:20:00+00:00,2025-10-09 14:25:00+00:00,2025-10-09 14:35:00+00:00,LONG,121752.8,121387.5416,121387.5416,122483.3168,STOP,-0.0030000000000000027,-0.004400000000000003,-40.12891787147598,9080.079689282149,3
2025-10-09 14:45:00+00:00,2025-10-09 14:50:00+00:00,2025-10-09 16:40:00+00:00,LONG,121046.8,120683.6596,120683.6596,121773.08080000001,STOP,-0.0030000000000000027,-0.004400000000000003,-39.95235063284148,9040.127338649307,23
2025-10-09 16:50:00+00:00,2025-10-09 16:55:00+00:00,2025-10-09 16:55:00+00:00,LONG,120316.3,119955.3511,119955.3511,121038.19780000001,STOP,-0.0030000000000000027,-0.004400000000000003,-39.77656029005698,9000.35077835925,1
2025-10-09 21:10:00+00:00,2025-10-09 21:15:00+00:00,2025-10-09 22:45:00+00:00,SHORT,121384.0,121748.15199999999,121748.15199999999,120655.696,STOP,-0.0029910269192421346,-0.004391026919242135,-39.52078255039737,8960.829995808854,19
2025-10-10 02:00:00+00:00,2025-10-10 02:05:00+00:00,2025-10-10 02:35:00+00:00,LONG,121444.9,121080.56529999999,121080.56529999999,122173.5694,STOP,-0.0030000000000000027,-0.004400000000000003,-39.42765198155898,8921.402343827294,7
2025-10-10 02:50:00+00:00,2025-10-10 02:55:00+00:00,2025-10-10 06:05:00+00:00,LONG,120970.5,121696.323,120607.5885,121696.323,TARGET,0.006000000000000005,0.004600000000000005,41.0384507816056,8962.4407946089,39
2025-10-10 06:35:00+00:00,2025-10-10 06:40:00+00:00,2025-10-10 07:55:00+00:00,SHORT,121594.4,120864.8336,121959.18319999998,120864.8336,TARGET,0.006036217303822866,0.004636217303822866,41.55182309645374,9003.992617705353,16
2025-10-10 09:20:00+00:00,2025-10-10 09:25:00+00:00,2025-10-10 13:20:00+00:00,SHORT,121634.9,121903.6,121999.80469999998,120905.0906,TIME,-0.0022042006962880167,-0.003604200696288017,-32.452196462105796,8971.540421243248,48
2025-10-10 13:25:00+00:00,2025-10-10 13:30:00+00:00,2025-10-10 13:35:00+00:00,SHORT,121967.9,122333.80369999997,122333.80369999997,121236.09259999999,STOP,-0.0029910269192421346,-0.004391026919242135,-39.39427549674802,8932.1461457465,2
2025-10-10 13:40:00+00:00,2025-10-10 13:45:00+00:00,2025-10-10 13:50:00+00:00,SHORT,122261.7,121528.1298,122628.48509999999,121528.1298,TARGET,0.006036217303822866,0.004636217303822866,41.41137052118464,8973.557516267683,2
2025-10-10 14:15:00+00:00,2025-10-10 14:20:00+00:00,2025-10-10 14:55:00+00:00,LONG,121246.3,120882.5611,120882.5611,121973.77780000001,STOP,-0.0030000000000000027,-0.004400000000000003,-39.483653071577834,8934.073863196105,8
2025-10-10 15:00:00+00:00,2025-10-10 15:05:00+00:00,2025-10-10 15:20:00+00:00,LONG,120046.5,119686.3605,119686.3605,120766.779,STOP,-0.0030000000000000027,-0.004400000000000003,-39.30992499806289,8894.763938198043,4
2025-10-10 15:25:00+00:00,2025-10-10 15:30:00+00:00,2025-10-10 15:30:00+00:00,LONG,119233.1,118875.4007,118875.4007,119948.4986,STOP,-0.0030000000000001137,-0.004400000000000114,-39.1369613280724,8855.62697686997,1
2025-10-10 15:35:00+00:00,2025-10-10 15:40:00+00:00,2025-10-10 15:40:00+00:00,LONG,119225.9,118868.2223,118868.2223,119941.2554,STOP,-0.0030000000000000027,-0.004400000000000003,-38.96475869822789,8816.662218171741,1
2025-10-10 17:05:00+00:00,2025-10-10 17:10:00+00:00,2025-10-10 18:45:00+00:00,LONG,117767.6,117414.2972,117414.2972,118474.2056,STOP,-0.0030000000000000027,-0.004400000000000003,-38.79331375995569,8777.868904411785,20
2025-10-10 19:05:00+00:00,2025-10-10 19:10:00+00:00,2025-10-10 19:15:00+00:00,LONG,117063.0,116711.811,116711.811,117765.378,STOP,-0.0030000000000000027,-0.004400000000000003,-38.62262317941188,8739.246281232374,2
2025-10-10 19:20:00+00:00,2025-10-10 19:25:00+00:00,2025-10-10 19:25:00+00:00,LONG,116526.5,116176.9205,116176.9205,117225.659,STOP,-0.0030000000000001137,-0.004400000000000114,-38.45268363742344,8700.79359759495,1
2025-10-10 19:30:00+00:00,2025-10-10 19:35:00+00:00,2025-10-10 19:40:00+00:00,LONG,116228.7,116926.0722,115880.01389999999,116926.0722,TARGET,0.006000000000000005,0.004600000000000005,40.023650548936814,8740.817248143887,2
2025-10-10 20:50:00+00:00,2025-10-10 20:55:00+00:00,2025-10-10 20:55:00+00:00,LONG,115400.0,115053.8,115053.8,116092.4,STOP,-0.0030000000000000027,-0.004400000000000003,-38.459595891833125,8702.357652252054,1
2025-10-10 21:00:00+00:00,2025-10-10 21:05:00+00:00,2025-10-10 21:05:00+00:00,LONG,115060.6,114715.4182,114715.4182,115750.9636,STOP,-0.0030000000000000027,-0.004400000000000003,-38.290373669909066,8664.067278582144,1
2025-10-10 21:10:00+00:00,2025-10-10 21:15:00+00:00,2025-10-10 21:15:00+00:00,LONG,112226.4,111889.7208,111889.7208,112899.75839999999,STOP,-0.0030000000000000027,-0.004400000000000003,-38.12189602576146,8625.945382556383,1
2025-10-10 21:20:00+00:00,2025-10-10 21:25:00+00:00,2025-10-10 21:25:00+00:00,LONG,108200.3,107875.6991,107875.6991,108849.5018,STOP,-0.0030000000000000027,-0.004400000000000003,-37.95415968324811,8587.991222873135,1
2025-10-11 00:10:00+00:00,2025-10-11 00:15:00+00:00,2025-10-11 00:15:00+00:00,LONG,112295.4,111958.5138,111958.5138,112969.1724,STOP,-0.0029999999999998916,-0.004399999999999892,-37.78716138064087,8550.204061492495,1
2025-10-11 01:25:00+00:00,2025-10-11 01:30:00+00:00,2025-10-11 01:35:00+00:00,LONG,111200.0,111867.2,110866.4,111867.2,TARGET,0.006000000000000005,0.004600000000000005,39.33093868286552,8589.535000175361,2
2025-10-11 01:40:00+00:00,2025-10-11 01:45:00+00:00,2025-10-11 02:05:00+00:00,LONG,111151.3,111818.2078,110817.84610000001,111818.2078,TARGET,0.006000000000000005,0.004600000000000005,39.511861000806704,8629.046861176168,5
2025-10-11 05:00:00+00:00,2025-10-11 05:05:00+00:00,2025-10-11 07:00:00+00:00,SHORT,112621.7,111945.96979999999,112959.56509999998,111945.96979999999,TARGET,0.006036217303823088,0.004636217303823088,40.00613637328525,8669.052997549454,24
2025-10-11 07:05:00+00:00,2025-10-11 07:10:00+00:00,2025-10-11 07:20:00+00:00,LONG,111285.0,110951.145,110951.145,111952.71,STOP,-0.0030000000000000027,-0.004400000000000003,-38.143833189217624,8630.909164360237,3
2025-10-11 07:25:00+00:00,2025-10-11 07:30:00+00:00,2025-10-11 07:45:00+00:00,LONG,110760.0,110427.72,110427.72,111424.56,STOP,-0.0030000000000000027,-0.004400000000000003,-37.97600032318507,8592.933164037051,4
2025-10-11 07:55:00+00:00,2025-10-11 08:00:00+00:00,2025-10-11 08:25:00+00:00,LONG,110413.0,111075.478,110081.761,111075.478,TARGET,0.006000000000000005,0.004600000000000005,39.52749255457048,8632.460656591622,6
2025-10-11 09:45:00+00:00,2025-10-11 09:50:00+00:00,2025-10-11 10:25:00+00:00,SHORT,111759.9,112095.17969999998,112095.17969999998,111089.3406,STOP,-0.0029910269192421346,-0.004391026919242135,-37.90536712239245,8594.55528946923,8
2025-10-11 12:00:00+00:00,2025-10-11 12:05:00+00:00,2025-10-11 16:00:00+00:00,SHORT,112229.1,111938.0,112565.7873,111555.72540000001,TIME,0.0026005467312262276,0.0012005467312262276,10.318165259115368,8604.873454728346,48
2025-10-11 16:15:00+00:00,2025-10-11 16:20:00+00:00,2025-10-11 16:35:00+00:00,LONG,111955.0,111619.135,111619.135,112626.73,STOP,-0.0030000000000000027,-0.004400000000000003,-37.86144320080474,8567.01201152754,4
2025-10-11 19:10:00+00:00,2025-10-11 19:15:00+00:00,2025-10-11 19:20:00+00:00,LONG,111571.0,111236.287,111236.287,112240.426,STOP,-0.0030000000000000027,-0.004400000000000003,-37.694852850721205,8529.317158676819,2
2025-10-11 19:25:00+00:00,2025-10-11 19:30:00+00:00,2025-10-11 19:35:00+00:00,LONG,111399.5,111065.3015,111065.3015,112067.897,STOP,-0.0030000000000000027,-0.004400000000000003,-37.52899549817803,8491.78816317864,2
2025-10-11 19:50:00+00:00,2025-10-11 19:55:00+00:00,2025-10-11 20:25:00+00:00,LONG,110921.1,110588.3367,110588.3367,111586.6266,STOP,-0.0030000000000000027,-0.004400000000000003,-37.36386791798604,8454.424295260655,7
2025-10-11 20:30:00+00:00,2025-10-11 20:35:00+00:00,2025-10-11 20:50:00+00:00,LONG,110517.9,110186.34629999999,110186.34629999999,111181.00739999999,STOP,-0.0030000000000000027,-0.004400000000000003,-37.199466899146906,8417.224828361508,4
2025-10-11 20:55:00+00:00,2025-10-11 21:00:00+00:00,2025-10-11 21:00:00+00:00,LONG,110259.1,109928.3227,109928.3227,110920.65460000001,STOP,-0.0030000000000000027,-0.004400000000000003,-37.03578924479066,8380.189039116718,1
2025-10-12 00:00:00+00:00,2025-10-12 00:05:00+00:00,2025-10-12 00:20:00+00:00,LONG,110492.7,110161.22189999999,110161.22189999999,111155.6562,STOP,-0.0030000000000001137,-0.004400000000000114,-36.872831772114516,8343.316207344604,4
2025-10-12 00:25:00+00:00,2025-10-12 00:30:00+00:00,2025-10-12 00:55:00+00:00,LONG,109935.9,109606.09229999999,109606.09229999999,110595.51539999999,STOP,-0.0030000000000000027,-0.004400000000000003,-36.71059131231628,8306.605616032288,6
2025-10-12 01:00:00+00:00,2025-10-12 01:05:00+00:00,2025-10-12 02:25:00+00:00,LONG,109779.2,110437.8752,109449.8624,110437.8752,TARGET,0.006000000000000005,0.004600000000000005,38.21038583374857,8344.816001866036,17
2025-10-12 02:40:00+00:00,2025-10-12 02:45:00+00:00,2025-10-12 03:05:00+00:00,SHORT,110262.1,110592.8863,110592.8863,109600.5274,STOP,-0.0029910269192422456,-0.004391026919242246,-36.642311700317215,8308.173690165719,5
2025-10-12 03:10:00+00:00,2025-10-12 03:15:00+00:00,2025-10-12 03:20:00+00:00,SHORT,110716.6,111048.74979999999,111048.74979999999,110052.30040000001,STOP,-0.0029910269192421346,-0.004391026919242135,-36.481414323256935,8271.692275842463,2
2025-10-12 04:45:00+00:00,2025-10-12 04:50:00+00:00,2025-10-12 06:25:00+00:00,SHORT,111723.5,112058.6705,112058.6705,111053.159,STOP,-0.0029910269192422456,-0.004391026919242246,-36.321223450912406,8235.37105239155,20
2025-10-12 07:25:00+00:00,2025-10-12 07:30:00+00:00,2025-10-12 09:00:00+00:00,LONG,111618.9,111284.04329999999,111284.04329999999,112288.6134,STOP,-0.0030000000000000027,-0.004400000000000003,-36.235632630522844,8199.135419761027,19
2025-10-12 09:55:00+00:00,2025-10-12 10:00:00+00:00,2025-10-12 12:05:00+00:00,SHORT,111821.1,112156.5633,112156.5633,111150.1734,STOP,-0.0029910269192421346,-0.004391026919242135,-36.00262434268233,8163.132795418345,26
2025-10-12 13:45:00+00:00,2025-10-12 13:50:00+00:00,2025-10-12 14:45:00+00:00,LONG,111407.0,112075.442,111072.779,112075.442,TARGET,0.006000000000000005,0.004600000000000005,37.55041085892443,8200.68320627727,12
2025-10-12 14:50:00+00:00,2025-10-12 14:55:00+00:00,2025-10-12 14:55:00+00:00,SHORT,112939.0,112261.366,113277.81699999998,112261.366,TARGET,0.006036217303823088,0.004636217303823088,38.020149384114085,8238.703355661384,1
2025-10-12 15:00:00+00:00,2025-10-12 15:05:00+00:00,2025-10-12 15:05:00+00:00,SHORT,112817.2,113155.65159999998,113155.65159999998,112140.2968,STOP,-0.0029910269192421346,-0.004391026919242135,-36.17636821435965,8202.526987447025,1
2025-10-12 15:10:00+00:00,2025-10-12 15:15:00+00:00,2025-10-12 15:15:00+00:00,SHORT,113224.3,113563.9729,113563.9729,112544.95420000001,STOP,-0.0029910269192421346,-0.004391026919242135,-36.01751680768998,8166.509470639335,1
2025-10-12 16:05:00+00:00,2025-10-12 16:10:00+00:00,2025-10-12 16:40:00+00:00,SHORT,113810.0,114151.43,114151.43,113127.14,STOP,-0.0029910269192422456,-0.004391026919242246,-35.859362921824065,8130.650107717511,7
2025-10-12 16:45:00+00:00,2025-10-12 16:50:00+00:00,2025-10-12 20:00:00+00:00,SHORT,114168.6,114511.10579999999,114511.10579999999,113483.58840000001,STOP,-0.0029910269192421346,-0.004391026919242135,-35.70190349392655,8094.948204223584,39
2025-10-12 20:25:00+00:00,2025-10-12 20:30:00+00:00,2025-10-12 21:10:00+00:00,SHORT,115238.4,115584.11519999999,115584.11519999999,114546.9696,STOP,-0.0029910269192422456,-0.004391026919242246,-35.54513547461743,8059.403068748967,9
2025-10-12 21:30:00+00:00,2025-10-12 21:35:00+00:00,2025-10-12 22:00:00+00:00,LONG,114495.8,115182.7748,114152.3126,115182.7748,TARGET,0.006000000000000005,0.004600000000000005,37.07325411624529,8096.476322865212,6
2025-10-13 00:15:00+00:00,2025-10-13 00:20:00+00:00,2025-10-13 00:35:00+00:00,SHORT,115672.9,114978.8626,116019.91869999998,114978.8626,TARGET,0.006036217303822866,0.004636217303822866,37.53702362805983,8134.0133464932715,4
2025-10-13 01:30:00+00:00,2025-10-13 01:35:00+00:00,2025-10-13 02:20:00+00:00,SHORT,115735.1,115040.6894,116082.30529999999,115040.6894,TARGET,0.006036217303822866,0.004636217303822866,37.71105342653824,8171.72439991981,10
2025-10-13 03:30:00+00:00,2025-10-13 03:35:00+00:00,2025-10-13 04:35:00+00:00,LONG,114903.5,114558.7895,114558.7895,115592.921,STOP,-0.0030000000000000027,-0.004400000000000003,-35.95558735964719,8135.768812560163,13
2025-10-13 06:15:00+00:00,2025-10-13 06:20:00+00:00,2025-10-13 07:10:00+00:00,SHORT,115038.1,115383.21429999999,115383.21429999999,114347.8714,STOP,-0.0029910269192421346,-0.004391026919242135,-35.72437986468229,8100.04443269548,11
2025-10-13 09:10:00+00:00,2025-10-13 09:15:00+00:00,2025-10-13 11:00:00+00:00,LONG,114820.4,114475.93879999999,114475.93879999999,115509.32239999999,STOP,-0.0030000000000000027,-0.004400000000000003,-35.640195503860134,8064.40423719162,22
2025-10-13 11:05:00+00:00,2025-10-13 11:10:00+00:00,2025-10-13 11:20:00+00:00,LONG,114496.0,114152.512,114152.512,115182.976,STOP,-0.0030000000000000027,-0.004400000000000003,-35.48337864364315,8028.920858547977,3
2025-10-13 11:25:00+00:00,2025-10-13 11:30:00+00:00,2025-10-13 11:50:00+00:00,LONG,113636.6,114318.41960000001,113295.69020000001,114318.41960000001,TARGET,0.006000000000000005,0.004600000000000005,36.93303594932074,8065.853894497298,5
2025-10-13 13:30:00+00:00,2025-10-13 13:35:00+00:00,2025-10-13 14:20:00+00:00,SHORT,115154.0,114463.076,115499.46199999998,114463.076,TARGET,0.006036217303822866,0.004636217303822866,37.395051395775425,8103.248945893073,10
2025-10-13 16:05:00+00:00,2025-10-13 16:10:00+00:00,2025-10-13 17:45:00+00:00,SHORT,114974.8,114284.9512,115319.72439999999,114284.9512,TARGET,0.006036217303823088,0.004636217303823088,37.568422980135665,8140.817368873209,20
2025-10-13 17:55:00+00:00,2025-10-13 18:00:00+00:00,2025-10-13 19:15:00+00:00,SHORT,115035.0,115380.10499999998,115380.10499999998,114344.79,STOP,-0.0029910269192421346,-0.004391026919242135,-35.746548211356185,8105.070820661853,16
2025-10-13 19:20:00+00:00,2025-10-13 19:25:00+00:00,2025-10-13 23:20:00+00:00,SHORT,115605.6,115399.9,115952.41679999999,114911.9664,TIME,0.001782497211869405,0.0003824972118694049,3.1001669909072285,8108.17098765276,48
2025-10-13 23:35:00+00:00,2025-10-13 23:40:00+00:00,2025-10-14 00:45:00+00:00,LONG,115357.3,115011.22810000001,115011.22810000001,116049.44380000001,STOP,-0.0030000000000000027,-0.004400000000000003,-35.675952345672165,8072.495035307088,14
2025-10-14 01:05:00+00:00,2025-10-14 01:10:00+00:00,2025-10-14 01:50:00+00:00,LONG,114644.7,114300.7659,114300.7659,115332.5682,STOP,-0.0030000000000000027,-0.004400000000000003,-35.51897815535121,8036.976057151737,9
2025-10-14 02:15:00+00:00,2025-10-14 02:20:00+00:00,2025-10-14 03:00:00+00:00,LONG,113959.8,113617.9206,113617.9206,114643.5588,STOP,-0.0030000000000000027,-0.004400000000000003,-35.36269465146767,8001.613362500269,9
2025-10-14 03:25:00+00:00,2025-10-14 03:30:00+00:00,2025-10-14 04:45:00+00:00,LONG,113329.8,112989.8106,112989.8106,114009.7788,STOP,-0.0030000000000000027,-0.004400000000000003,-35.20709879500121,7966.406263705268,16
2025-10-14 04:50:00+00:00,2025-10-14 04:55:00+00:00,2025-10-14 05:10:00+00:00,LONG,112871.1,113548.3266,112532.48670000001,113548.3266,TARGET,0.006000000000000005,0.004600000000000005,36.645468813044275,8003.051732518313,4
2025-10-14 05:25:00+00:00,2025-10-14 05:30:00+00:00,2025-10-14 05:35:00+00:00,LONG,113040.0,112700.88,112700.88,113718.24,STOP,-0.0030000000000000027,-0.004400000000000003,-35.2134276230806,7967.838304895232,2
2025-10-14 06:30:00+00:00,2025-10-14 06:35:00+00:00,2025-10-14 06:45:00+00:00,LONG,112152.2,111815.74339999999,111815.74339999999,112825.11319999999,STOP,-0.0030000000000000027,-0.004400000000000003,-35.05848854153904,7932.779816353693,3
2025-10-14 06:50:00+00:00,2025-10-14 06:55:00+00:00,2025-10-14 07:05:00+00:00,LONG,112033.7,111697.5989,111697.5989,112705.9022,STOP,-0.0030000000000000027,-0.004400000000000003,-34.90423119195627,7897.875585161736,3
2025-10-14 07:10:00+00:00,2025-10-14 07:15:00+00:00,2025-10-14 07:35:00+00:00,LONG,111963.3,111627.41010000001,111627.41010000001,112635.0798,STOP,-0.0030000000000000027,-0.004400000000000003,-34.75065257471166,7863.124932587025,5
2025-10-14 09:45:00+00:00,2025-10-14 09:50:00+00:00,2025-10-14 10:10:00+00:00,LONG,111301.5,110967.5955,110967.5955,111969.309,STOP,-0.0030000000000000027,-0.004400000000000003,-34.59774970338293,7828.527182883642,5
2025-10-14 10:15:00+00:00,2025-10-14 10:20:00+00:00,2025-10-14 10:30:00+00:00,LONG,110601.5,110269.6955,110269.6955,111265.109,STOP,-0.0030000000000000027,-0.004400000000000003,-34.445519604688045,7794.081663278954,3
2025-10-14 10:35:00+00:00,2025-10-14 10:40:00+00:00,2025-10-14 10:45:00+00:00,LONG,110606.0,110274.182,110274.182,111269.636,STOP,-0.0030000000000000027,-0.004400000000000003,-34.29395931842742,7759.787703960526,2
2025-10-14 12:20:00+00:00,2025-10-14 12:25:00+00:00,2025-10-14 12:55:00+00:00,LONG,111097.4,110764.1078,110764.1078,111763.9844,STOP,-0.0030000000000000027,-0.004400000000000003,-34.14306589742634,7725.6446380631005,7
2025-10-14 13:15:00+00:00,2025-10-14 13:20:00+00:00,2025-10-14 13:35:00+00:00,LONG,110459.6,110128.2212,110128.2212,111122.3576,STOP,-0.0030000000000000027,-0.004400000000000003,-33.99283640747766,7691.651801655623,4
2025-10-14 14:10:00+00:00,2025-10-14 14:15:00+00:00,2025-10-14 14:15:00+00:00,SHORT,111694.5,112029.5835,112029.5835,111024.333,STOP,-0.0029910269192422456,-0.004391026919242246,-33.77425011450796,7657.877551541115,1
2025-10-14 15:25:00+00:00,2025-10-14 15:30:00+00:00,2025-10-14 15:40:00+00:00,LONG,111509.9,112178.95939999999,111175.3703,112178.95939999999,TARGET,0.006000000000000005,0.004600000000000005,35.22623673708917,7693.103788278205,3
2025-10-14 16:20:00+00:00,2025-10-14 16:25:00+00:00,2025-10-14 17:00:00+00:00,SHORT,112740.0,112063.56,113078.21999999999,112063.56,TARGET,0.006036217303822866,0.004636217303822866,35.66690090332065,7728.770689181525,8
2025-10-14 19:35:00+00:00,2025-10-14 19:40:00+00:00,2025-10-14 19:40:00+00:00,LONG,112711.8,112373.6646,112373.6646,113388.0708,STOP,-0.0030000000000000027,-0.004400000000000003,-34.00659103239873,7694.764098149127,1
2025-10-14 19:45:00+00:00,2025-10-14 19:50:00+00:00,2025-10-14 20:10:00+00:00,LONG,112588.3,112250.53510000001,112250.53510000001,113263.8298,STOP,-0.0030000000000000027,-0.004400000000000003,-33.85696203185618,7660.907136117271,5
2025-10-14 22:00:00+00:00,2025-10-14 22:05:00+00:00,2025-10-15 00:15:00+00:00,SHORT,113435.7,112755.0858,113776.00709999999,112755.0858,TARGET,0.006036217303822866,0.004636217303822866,35.517630227446965,7696.424766344718,27
2025-10-15 00:25:00+00:00,2025-10-15 00:30:00+00:00,2025-10-15 01:05:00+00:00,LONG,112834.9,112496.39529999999,112496.39529999999,113511.90939999999,STOP,-0.0030000000000000027,-0.004400000000000003,-33.86426897191678,7662.5604973728005,8
2025-10-15 02:05:00+00:00,2025-10-15 02:10:00+00:00,2025-10-15 02:20:00+00:00,SHORT,112746.0,113084.23799999998,113084.23799999998,112069.524,STOP,-0.0029910269192421346,-0.004391026919242135,-33.64650941428537,7628.9139879585155,3
2025-10-15 02:25:00+00:00,2025-10-15 02:30:00+00:00,2025-10-15 02:55:00+00:00,SHORT,113554.1,112872.7754,113894.76229999999,112872.7754,TARGET,0.006036217303823088,0.004636217303823088,35.36930304035127,7664.2832909988665,6
2025-10-15 03:05:00+00:00,2025-10-15 03:10:00+00:00,2025-10-15 03:20:00+00:00,LONG,112458.7,112121.3239,112121.3239,113133.4522,STOP,-0.0029999999999998916,-0.004399999999999892,-33.72284648039418,7630.560444518473,3
2025-10-15 03:30:00+00:00,2025-10-15 03:35:00+00:00,2025-10-15 03:45:00+00:00,LONG,112179.0,111842.463,111842.463,112852.07400000001,STOP,-0.0030000000000000027,-0.004400000000000003,-33.5744659558813,7596.985978562591,3
2025-10-15 06:15:00+00:00,2025-10-15 06:20:00+00:00,2025-10-15 07:15:00+00:00,LONG,112024.9,112697.04939999999,111688.8253,112697.04939999999,TARGET,0.006000000000000005,0.004600000000000005,34.94613550138796,7631.9321140639795,12
2025-10-15 07:20:00+00:00,2025-10-15 07:25:00+00:00,2025-10-15 08:10:00+00:00,SHORT,112513.4,112850.94019999998,112850.94019999998,111838.31959999999,STOP,-0.0029910269192421346,-0.004391026919242135,-33.51201935868347,7598.420094705296,10
2025-10-15 08:15:00+00:00,2025-10-15 08:20:00+00:00,2025-10-15 08:30:00+00:00,SHORT,112930.5,113269.29149999999,113269.29149999999,112252.917,STOP,-0.0029910269192422456,-0.004391026919242246,-33.36486717956217,7565.055227525734,3
2025-10-15 08:35:00+00:00,2025-10-15 08:40:00+00:00,2025-10-15 09:15:00+00:00,SHORT,113285.0,112605.29,113624.85499999998,112605.29,TARGET,0.006036217303823088,0.004636217303823088,35.073239950232114,7600.128467475966,8
2025-10-15 10:45:00+00:00,2025-10-15 10:50:00+00:00,2025-10-15 11:15:00+00:00,LONG,112258.0,111921.226,111921.226,112931.548,STOP,-0.0030000000000000027,-0.004400000000000003,-33.440565256894274,7566.687902219072,6
2025-10-15 12:25:00+00:00,2025-10-15 12:30:00+00:00,2025-10-15 13:45:00+00:00,LONG,111475.1,111140.6747,111140.6747,112143.95060000001,STOP,-0.0030000000000000027,-0.004400000000000003,-33.29342676976394,7533.394475449309,16
2025-10-15 13:50:00+00:00,2025-10-15 13:55:00+00:00,2025-10-15 14:05:00+00:00,LONG,111347.3,112015.38380000001,111013.2581,112015.38380000001,TARGET,0.006000000000000005,0.004600000000000005,34.653614587066855,7568.0480900363755,3
2025-10-15 14:10:00+00:00,2025-10-15 14:15:00+00:00,2025-10-15 14:40:00+00:00,SHORT,112050.1,111377.7994,112386.2503,111377.7994,TARGET,0.006036217303822866,0.004636217303822866,35.087115511190234,7603.135205547565,6
2025-10-15 15:25:00+00:00,2025-10-15 15:30:00+00:00,2025-10-15 15:35:00+00:00,LONG,111187.1,110853.5387,110853.5387,111854.22260000001,STOP,-0.0030000000000000027,-0.004400000000000003,-33.45379490440931,7569.681410643156,2
2025-10-15 15:50:00+00:00,2025-10-15 15:55:00+00:00,2025-10-15 17:10:00+00:00,LONG,110639.2,110307.2824,110307.2824,111303.0352,STOP,-0.0030000000000000027,-0.004400000000000003,-33.306598206829904,7536.374812436326,16
2025-10-15 17:15:00+00:00,2025-10-15 17:20:00+00:00,2025-10-15 17:50:00+00:00,LONG,110434.6,111097.20760000001,110103.29620000001,111097.20760000001,TARGET,0.006000000000000005,0.004600000000000005,34.66732413720714,7571.042136573533,7
2025-10-15 19:00:00+00:00,2025-10-15 19:05:00+00:00,2025-10-15 20:30:00+00:00,SHORT,111297.4,110629.61559999999,111631.29219999998,110629.61559999999,TARGET,0.006036217303822866,0.004636217303822866,35.100996561554254,7606.143133135087,18
2025-10-15 21:10:00+00:00,2025-10-15 21:15:00+00:00,2025-10-16 00:35:00+00:00,LONG,110800.0,110467.6,110467.6,111464.8,STOP,-0.0030000000000000027,-0.004400000000000003,-33.4670297857944,7572.676103349292,41
2025-10-16 00:40:00+00:00,2025-10-16 00:45:00+00:00,2025-10-16 01:10:00+00:00,LONG,110380.0,111042.28,110048.86,111042.28,TARGET,0.006000000000000005,0.004600000000000005,34.83431007540678,7607.5104134246985,6
2025-10-16 01:15:00+00:00,2025-10-16 01:20:00+00:00,2025-10-16 01:50:00+00:00,SHORT,110924.9,111257.67469999999,111257.67469999999,110259.35059999999,STOP,-0.0029910269192422456,-0.004391026919242246,-33.404783013763556,7574.105630410935,7
2025-10-16 02:00:00+00:00,2025-10-16 02:05:00+00:00,2025-10-16 03:00:00+00:00,SHORT,111258.0,111591.77399999999,111591.77399999999,110590.452,STOP,-0.0029910269192421346,-0.004391026919242135,-33.25810171231784,7540.847528698618,12
2025-10-16 04:40:00+00:00,2025-10-16 04:45:00+00:00,2025-10-16 06:50:00+00:00,LONG,111004.7,111670.7282,110671.6859,111670.7282,TARGET,0.006000000000000005,0.004600000000000005,34.68789863201368,7575.535427330631,26
2025-10-16 07:05:00+00:00,2025-10-16 07:10:00+00:00,2025-10-16 07:20:00+00:00,SHORT,111468.0,110799.192,111802.404,110799.192,TARGET,0.006036217303823088,0.004636217303823088,35.121828433915105,7610.657255764546,3
2025-10-16 07:40:00+00:00,2025-10-16 07:45:00+00:00,2025-10-16 07:55:00+00:00,LONG,110907.2,110574.47839999999,110574.47839999999,111572.64319999999,STOP,-0.0030000000000000027,-0.004400000000000003,-33.48689192536403,7577.170363839182,3
2025-10-16 08:00:00+00:00,2025-10-16 08:05:00+00:00,2025-10-16 09:30:00+00:00,LONG,110499.9,110168.4003,110168.4003,111162.8994,STOP,-0.0030000000000000027,-0.004400000000000003,-33.33954960089242,7543.830814238289,18
2025-10-16 09:35:00+00:00,2025-10-16 09:40:00+00:00,2025-10-16 09:40:00+00:00,LONG,109795.6,110454.3736,109466.2132,110454.3736,TARGET,0.006000000000000005,0.004600000000000005,34.70162174549617,7578.532435983786,1
2025-10-16 09:45:00+00:00,2025-10-16 09:50:00+00:00,2025-10-16 12:00:00+00:00,SHORT,111650.1,111985.05029999999,111985.05029999999,110980.19940000001,STOP,-0.0029910269192421346,-0.004391026919242135,-33.27753993475447,7545.254896049031,27
2025-10-16 12:05:00+00:00,2025-10-16 12:10:00+00:00,2025-10-16 13:20:00+00:00,SHORT,111667.2,110997.19679999999,112002.20159999999,110997.19679999999,TARGET,0.006036217303823088,0.004636217303823088,34.9814413108184,7580.23633735985,15
2025-10-16 13:50:00+00:00,2025-10-16 13:55:00+00:00,2025-10-16 14:05:00+00:00,LONG,110916.4,110583.65079999999,110583.65079999999,111581.89839999999,STOP,-0.0030000000000000027,-0.004400000000000003,-33.353039884383364,7546.883297475467,3
2025-10-16 14:10:00+00:00,2025-10-16 14:15:00+00:00,2025-10-16 14:15:00+00:00,LONG,110233.3,109902.6001,109902.6001,110894.6998,STOP,-0.0030000000000001137,-0.004400000000000114,-33.206286508892916,7513.677010966574,1
2025-10-16 14:20:00+00:00,2025-10-16 14:25:00+00:00,2025-10-16 14:40:00+00:00,LONG,110284.4,110946.10639999999,109953.5468,110946.10639999999,TARGET,0.006000000000000005,0.004600000000000005,34.562914250446276,7548.23992521702,4
2025-10-16 15:40:00+00:00,2025-10-16 15:45:00+00:00,2025-10-16 15:45:00+00:00,LONG,109230.7,108903.0079,108903.0079,109886.0842,STOP,-0.0030000000000000027,-0.004400000000000003,-33.21225567095491,7515.027669546065,1
2025-10-16 16:40:00+00:00,2025-10-16 16:45:00+00:00,2025-10-16 16:55:00+00:00,LONG,108094.3,108742.8658,107770.0171,108742.8658,TARGET,0.006000000000000005,0.004600000000000005,34.56912727991194,7549.596796825977,3
2025-10-16 18:00:00+00:00,2025-10-16 18:05:00+00:00,2025-10-16 18:40:00+00:00,LONG,107932.9,108580.4974,107609.1013,108580.4974,TARGET,0.006000000000000005,0.004600000000000005,34.72814526539953,7584.324942091377,8
2025-10-16 19:00:00+00:00,2025-10-16 19:05:00+00:00,2025-10-16 19:30:00+00:00,SHORT,108350.0,107699.9,108675.04999999999,107699.9,TARGET,0.006036217303823088,0.004636217303823088,35.16257853434108,7619.487520625718,6
2025-10-16 20:30:00+00:00,2025-10-16 20:35:00+00:00,2025-10-16 21:10:00+00:00,LONG,107460.0,108104.76,107137.62,108104.76,TARGET,0.006000000000000005,0.004600000000000005,35.04964259487834,7654.537163220597,8
2025-10-16 22:55:00+00:00,2025-10-16 23:00:00+00:00,2025-10-17 00:20:00+00:00,LONG,107802.6,108449.41560000001,107479.1922,108449.41560000001,TARGET,0.006000000000000005,0.004600000000000005,35.21087095081479,7689.748034171412,17
2025-10-17 00:40:00+00:00,2025-10-17 00:45:00+00:00,2025-10-17 01:05:00+00:00,SHORT,108668.5,108994.50549999998,108994.50549999998,108016.489,STOP,-0.0029910269192421346,-0.004391026919242135,-33.76589062023596,7655.982143551176,5
2025-10-17 01:25:00+00:00,2025-10-17 01:30:00+00:00,2025-10-17 03:55:00+00:00,SHORT,108829.9,109156.38969999999,109156.38969999999,108176.9206,STOP,-0.0029910269192422456,-0.004391026919242246,-33.61762368557117,7622.364519865605,30
2025-10-17 05:40:00+00:00,2025-10-17 05:45:00+00:00,2025-10-17 06:15:00+00:00,LONG,108564.0,108238.308,108238.308,109215.384,STOP,-0.0030000000000000027,-0.004400000000000003,-33.538403887408684,7588.826115978196,7
2025-10-17 06:20:00+00:00,2025-10-17 06:25:00+00:00,2025-10-17 06:30:00+00:00,LONG,107958.3,107634.42510000001,107634.42510000001,108606.04980000001,STOP,-0.0030000000000000027,-0.004400000000000003,-33.390834910304086,7555.435281067892,2
2025-10-17 06:35:00+00:00,2025-10-17 06:40:00+00:00,2025-10-17 06:40:00+00:00,LONG,107384.9,107062.7453,107062.7453,108029.20939999999,STOP,-0.0030000000000000027,-0.004400000000000003,-33.24391523669875,7522.191365831193,1
2025-10-17 06:45:00+00:00,2025-10-17 06:50:00+00:00,2025-10-17 07:05:00+00:00,LONG,106680.0,106359.96,106359.96,107320.08,STOP,-0.0029999999999998916,-0.004399999999999892,-33.09764200965644,7489.0937238215365,4
2025-10-17 07:30:00+00:00,2025-10-17 07:35:00+00:00,2025-10-17 07:55:00+00:00,LONG,105992.3,105674.32310000001,105674.32310000001,106628.2538,STOP,-0.0029999999999998916,-0.004399999999999892,-32.95201238481395,7456.141711436722,5
2025-10-17 08:15:00+00:00,2025-10-17 08:20:00+00:00,2025-10-17 08:25:00+00:00,LONG,104754.0,105382.524,104439.738,105382.524,TARGET,0.006000000000000005,0.004600000000000005,34.29825187260896,7490.439963309332,2
2025-10-17 10:10:00+00:00,2025-10-17 10:15:00+00:00,2025-10-17 10:15:00+00:00,LONG,104650.0,104336.05,104336.05,105277.9,STOP,-0.0030000000000000027,-0.004400000000000003,-32.95793583856108,7457.482027470771,1
2025-10-17 10:20:00+00:00,2025-10-17 10:25:00+00:00,2025-10-17 10:35:00+00:00,LONG,103720.0,104342.32,103408.84,104342.32,TARGET,0.006000000000000005,0.004600000000000005,34.30441732636558,7491.786444797136,3
2025-10-17 10:40:00+00:00,2025-10-17 10:45:00+00:00,2025-10-17 11:10:00+00:00,LONG,104411.6,105038.0696,104098.3652,105038.0696,TARGET,0.006000000000000005,0.004600000000000005,34.46221764606686,7526.248662443203,6
2025-10-17 13:40:00+00:00,2025-10-17 13:45:00+00:00,2025-10-17 13:45:00+00:00,LONG,105346.8,105030.7596,105030.7596,105978.8808,STOP,-0.0030000000000000027,-0.004400000000000003,-33.11549411475011,7493.133168328453,1
2025-10-17 13:50:00+00:00,2025-10-17 13:55:00+00:00,2025-10-17 14:05:00+00:00,SHORT,105940.8,105305.15520000001,106258.6224,105305.15520000001,TARGET,0.006036217303822866,0.004636217303822866,34.73979365485343,7527.872961983307,3
2025-10-17 14:35:00+00:00,2025-10-17 14:40:00+00:00,2025-10-17 14:40:00+00:00,LONG,104719.6,105347.9176,104405.4412,105347.9176,TARGET,0.006000000000000005,0.004600000000000005,34.62821562512325,7562.50117760843,1
2025-10-17 16:00:00+00:00,2025-10-17 16:05:00+00:00,2025-10-17 16:25:00+00:00,SHORT,107320.0,106676.08,107641.95999999999,106676.08,TARGET,0.006036217303822866,0.004636217303822866,35.06139881980901,7597.5625764282395,5
2025-10-17 17:15:00+00:00,2025-10-17 17:20:00+00:00,2025-10-17 18:20:00+00:00,LONG,106319.0,106956.914,106000.043,106956.914,TARGET,0.006000000000000005,0.004600000000000005,34.94878785156994,7632.51136427981,13
2025-10-17 19:30:00+00:00,2025-10-17 19:35:00+00:00,2025-10-17 20:25:00+00:00,LONG,106347.8,106985.88680000001,106028.75660000001,106985.88680000001,TARGET,0.006000000000000005,0.004600000000000005,35.109552275687165,7667.6209165554965,11
2025-10-17 21:10:00+00:00,2025-10-17 21:15:00+00:00,2025-10-17 23:20:00+00:00,SHORT,107409.4,106764.9436,107731.62819999998,106764.9436,TARGET,0.006036217303822866,0.004636217303822866,35.54875677248874,7703.169673327985,26
2025-10-17 23:25:00+00:00,2025-10-17 23:30:00+00:00,2025-10-18 01:25:00+00:00,LONG,106594.9,107234.4694,106275.11529999999,107234.4694,TARGET,0.006000000000000005,0.004600000000000005,35.43458049730877,7738.604253825294,24
2025-10-18 02:30:00+00:00,2025-10-18 02:35:00+00:00,2025-10-18 02:45:00+00:00,LONG,106875.1,106554.4747,106554.4747,107516.3506,STOP,-0.0030000000000000027,-0.004400000000000003,-34.04985871683132,7704.554395108463,3
2025-10-18 04:40:00+00:00,2025-10-18 04:45:00+00:00,2025-10-18 07:00:00+00:00,LONG,106450.0,107088.7,106130.65,107088.7,TARGET,0.006000000000000005,0.004600000000000005,35.440950217498965,7739.995345325961,28
2025-10-18 07:05:00+00:00,2025-10-18 07:10:00+00:00,2025-10-18 07:55:00+00:00,SHORT,107364.9,106720.71059999999,107686.99469999998,106720.71059999999,TARGET,0.006036217303822866,0.004636217303822866,35.884300351508664,7775.87964567747,10
2025-10-18 10:40:00+00:00,2025-10-18 10:45:00+00:00,2025-10-18 14:40:00+00:00,SHORT,107090.0,106951.6,107411.26999999999,106447.46,TIME,0.0012940432868699947,-0.00010595671313000528,-0.8239066489504948,7775.055739028519,48
2025-10-18 16:20:00+00:00,2025-10-18 16:25:00+00:00,2025-10-18 20:20:00+00:00,LONG,106767.2,107167.9,106446.89839999999,107407.8032,TIME,0.003753025273679489,0.0023530252736794887,18.29490265820086,7793.35064168672,48
2025-10-18 20:30:00+00:00,2025-10-18 20:35:00+00:00,2025-10-19 00:30:00+00:00,SHORT,107195.2,107015.7,107516.78559999999,106552.0288,TIME,0.0016773239814344976,0.0002773239814344976,2.1612830286676576,7795.511924715388,48
2025-10-19 00:40:00+00:00,2025-10-19 00:45:00+00:00,2025-10-19 04:40:00+00:00,LONG,106838.7,107123.3,106518.1839,107479.7322,TIME,0.0026638287437044106,0.0012638287437044106,9.8521920423458,7805.364116757733,48
2025-10-19 04:55:00+00:00,2025-10-19 05:00:00+00:00,2025-10-19 06:30:00+00:00,LONG,107043.0,106721.871,106721.871,107685.258,STOP,-0.0030000000000000027,-0.004400000000000003,-34.34360211373405,7771.020514643999,19
2025-10-19 06:35:00+00:00,2025-10-19 06:40:00+00:00,2025-10-19 08:25:00+00:00,LONG,106653.4,106333.4398,106333.4398,107293.3204,STOP,-0.0030000000000000027,-0.004400000000000003,-34.19249026443362,7736.828024379566,22
2025-10-19 08:40:00+00:00,2025-10-19 08:45:00+00:00,2025-10-19 09:25:00+00:00,LONG,106486.2,106166.7414,106166.7414,107125.1172,STOP,-0.0030000000000000027,-0.004400000000000003,-34.04204330727011,7702.785981072296,9
2025-10-19 09:40:00+00:00,2025-10-19 09:45:00+00:00,2025-10-19 09:45:00+00:00,SHORT,106958.0,107278.87399999998,107278.87399999998,106316.252,STOP,-0.0029910269192421346,-0.004391026919242135,-33.823140596049384,7668.962840476246,1
2025-10-19 09:50:00+00:00,2025-10-19 09:55:00+00:00,2025-10-19 10:25:00+00:00,SHORT,107542.2,107864.82659999999,107864.82659999999,106896.94679999999,STOP,-0.0029910269192421346,-0.004391026919242135,-33.67462227519882,7635.288218201047,7
2025-10-19 13:40:00+00:00,2025-10-19 13:45:00+00:00,2025-10-19 13:55:00+00:00,SHORT,107825.0,108148.47499999999,108148.47499999999,107178.05,STOP,-0.0029910269192422456,-0.004391026919242246,-33.52675610229396,7601.761462098753,3
2025-10-19 14:00:00+00:00,2025-10-19 14:05:00+00:00,2025-10-19 14:15:00+00:00,SHORT,107949.3,108273.1479,108273.1479,107301.6042,STOP,-0.0029910269192422456,-0.004391026919242246,-33.37953921373392,7568.38192288502,3
2025-10-19 14:35:00+00:00,2025-10-19 14:40:00+00:00,2025-10-19 15:00:00+00:00,SHORT,108191.9,108516.47569999998,108516.47569999998,107542.74859999999,STOP,-0.0029910269192421346,-0.004391026919242135,-33.23296875849367,7535.148954126526,5
2025-10-19 16:40:00+00:00,2025-10-19 16:45:00+00:00,2025-10-19 17:15:00+00:00,SHORT,108900.7,109227.40209999999,109227.40209999999,108247.29579999999,STOP,-0.0029910269192422456,-0.004391026919242246,-33.08704189806963,7502.061912228457,7
2025-10-19 21:25:00+00:00,2025-10-19 21:30:00+00:00,2025-10-19 22:30:00+00:00,LONG,108627.0,109278.762,108301.119,109278.762,TARGET,0.006000000000000005,0.004600000000000005,34.50948479625094,7536.571397024708,13
2025-10-19 23:40:00+00:00,2025-10-19 23:45:00+00:00,2025-10-20 00:10:00+00:00,LONG,108562.6,108236.9122,108236.9122,109213.9756,STOP,-0.0030000000000000027,-0.004400000000000003,-33.16091414690874,7503.410482877799,6
2025-10-20 00:15:00+00:00,2025-10-20 00:20:00+00:00,2025-10-20 00:20:00+00:00,LONG,107987.0,107663.039,107663.039,108634.922,STOP,-0.0030000000000000027,-0.004400000000000003,-33.015006124662335,7470.395476753137,1
2025-10-20 00:40:00+00:00,2025-10-20 00:45:00+00:00,2025-10-20 02:15:00+00:00,LONG,107852.6,108499.71560000001,107529.04220000001,108499.71560000001,TARGET,0.006000000000000005,0.004600000000000005,34.363819193064465,7504.759295946201,19
2025-10-20 02:20:00+00:00,2025-10-20 02:25:00+00:00,2025-10-20 02:35:00+00:00,SHORT,108469.1,108794.5073,108794.5073,107818.28540000001,STOP,-0.0029910269192422456,-0.004391026919242246,-32.95360009093325,7471.805695855268,3
2025-10-20 03:40:00+00:00,2025-10-20 03:45:00+00:00,2025-10-20 03:50:00+00:00,SHORT,109124.9,109452.27469999998,109452.27469999998,108470.1506,STOP,-0.0029910269192421346,-0.004391026919242135,-32.808899945847195,7438.996795909421,2
2025-10-20 04:05:00+00:00,2025-10-20 04:10:00+00:00,2025-10-20 05:10:00+00:00,SHORT,110213.0,110543.63899999998,110543.63899999998,109551.722,STOP,-0.0029910269192421346,-0.004391026919242135,-32.66483518299426,7406.331960726427,13
2025-10-20 05:20:00+00:00,2025-10-20 05:25:00+00:00,2025-10-20 05:50:00+00:00,SHORT,110718.5,111050.6555,111050.6555,110054.189,STOP,-0.0029910269192422456,-0.004391026919242246,-32.52140301239394,7373.810557714032,6
2025-10-20 09:15:00+00:00,2025-10-20 09:20:00+00:00,2025-10-20 13:15:00+00:00,LONG,110805.5,110661.4,110473.0835,111470.333,TIME,-0.0013004769618837342,-0.0027004769618837344,-19.912805532401794,7353.8977521816305,48
2025-10-20 13:30:00+00:00,2025-10-20 13:35:00+00:00,2025-10-20 14:55:00+00:00,LONG,110692.9,111357.05739999999,110360.8213,111357.05739999999,TARGET,0.006000000000000005,0.004600000000000005,33.82792966003554,7387.725681841666,17
2025-10-20 15:40:00+00:00,2025-10-20 15:45:00+00:00,2025-10-20 15:50:00+00:00,SHORT,111378.1,111712.2343,111712.2343,110709.83140000001,STOP,-0.0029910269192421346,-0.004391026919242135,-32.439702340943214,7355.285979500723,2
2025-10-20 16:00:00+00:00,2025-10-20 16:05:00+00:00,2025-10-20 16:40:00+00:00,LONG,110868.0,110535.396,110535.396,111533.208,STOP,-0.0030000000000001137,-0.004400000000000114,-32.363258309804024,7322.922721190919,8
2025-10-20 17:40:00+00:00,2025-10-20 17:45:00+00:00,2025-10-20 18:25:00+00:00,LONG,109937.5,110597.125,109607.6875,110597.125,TARGET,0.006000000000000005,0.004600000000000005,33.68544451747827,7356.608165708398,9
2025-10-20 20:25:00+00:00,2025-10-20 20:30:00+00:00,2025-10-21 00:00:00+00:00,SHORT,111046.0,110379.724,111379.13799999999,110379.724,TARGET,0.006036217303822866,0.004636217303822866,34.10683407530187,7390.7149997837,43
2025-10-21 00:05:00+00:00,2025-10-21 00:10:00+00:00,2025-10-21 01:45:00+00:00,LONG,110345.9,110014.8623,110014.8623,111007.9754,STOP,-0.0030000000000000027,-0.004400000000000003,-32.5191459990483,7358.195853784651,20
2025-10-21 01:55:00+00:00,2025-10-21 02:00:00+00:00,2025-10-21 02:05:00+00:00,LONG,109858.5,109528.9245,109528.9245,110517.651,STOP,-0.0030000000000000027,-0.004400000000000003,-32.37606175665249,7325.819792027999,2
2025-10-21 03:50:00+00:00,2025-10-21 03:55:00+00:00,2025-10-21 04:00:00+00:00,LONG,109248.0,108920.256,108920.256,109903.488,STOP,-0.0030000000000000027,-0.004400000000000003,-32.233607084923214,7293.586184943076,2
2025-10-21 04:05:00+00:00,2025-10-21 04:10:00+00:00,2025-10-21 04:30:00+00:00,LONG,108296.7,107971.8099,107971.8099,108946.48019999999,STOP,-0.0030000000000000027,-0.004400000000000003,-32.091779213749554,7261.494405729326,5
2025-10-21 06:20:00+00:00,2025-10-21 06:25:00+00:00,2025-10-21 10:20:00+00:00,SHORT,107989.4,107611.0,108313.36819999998,107341.46359999999,TIME,0.003516369144418219,0.0021163691444182186,15.368002702651054,7276.862408431977,48
2025-10-21 10:35:00+00:00,2025-10-21 10:40:00+00:00,2025-10-21 10:45:00+00:00,SHORT,107993.5,108317.48049999999,108317.48049999999,107345.539,STOP,-0.0029910269192421346,-0.004391026919242135,-31.952898723045966,7244.909509708931,2
2025-10-21 10:50:00+00:00,2025-10-21 10:55:00+00:00,2025-10-21 12:20:00+00:00,SHORT,108707.9,109034.02369999998,109034.02369999998,108055.65259999999,STOP,-0.0029910269192421346,-0.004391026919242135,-31.812592684605253,7213.096917024326,18
2025-10-21 12:45:00+00:00,2025-10-21 12:50:00+00:00,2025-10-21 13:05:00+00:00,SHORT,109016.0,108361.904,109343.048,108361.904,TARGET,0.006036217303823088,0.004636217303823088,33.44148474086115,7246.538401765188,4
2025-10-21 14:05:00+00:00,2025-10-21 14:10:00+00:00,2025-10-21 14:10:00+00:00,SHORT,109186.7,109514.26009999998,109514.26009999998,108531.57979999999,STOP,-0.0029910269192421346,-0.004391026919242135,-31.819745193472816,7214.718656571715,1
2025-10-21 14:15:00+00:00,2025-10-21 14:20:00+00:00,2025-10-21 14:20:00+00:00,SHORT,110180.6,110511.1418,110511.1418,109519.51640000001,STOP,-0.0029910269192422456,-0.004391026919242246,-31.680023835765653,7183.038632735949,1
2025-10-21 14:25:00+00:00,2025-10-21 14:30:00+00:00,2025-10-21 14:30:00+00:00,SHORT,109680.6,110009.6418,110009.6418,109022.51640000001,STOP,-0.0029910269192422456,-0.004391026919242246,-31.54091599830057,7151.497716737648,1
2025-10-21 14:45:00+00:00,2025-10-21 14:50:00+00:00,2025-10-21 14:50:00+00:00,SHORT,110808.0,111140.42399999998,111140.42399999998,110143.152,STOP,-0.0029910269192421346,-0.004391026919242135,-31.402418987093675,7120.095297750555,1
2025-10-21 14:55:00+00:00,2025-10-21 15:00:00+00:00,2025-10-21 15:05:00+00:00,SHORT,112192.1,112528.67629999999,112528.67629999999,111518.9474,STOP,-0.0029910269192421346,-0.004391026919242135,-31.26453011999203,7088.830767630563,2
2025-10-21 16:55:00+00:00,2025-10-21 17:00:00+00:00,2025-10-21 17:15:00+00:00,LONG,112583.1,112245.35070000001,112245.35070000001,113258.59860000001,STOP,-0.0030000000000000027,-0.004400000000000003,-31.190855377574497,7057.639912252988,4
2025-10-21 18:35:00+00:00,2025-10-21 18:40:00+00:00,2025-10-21 20:10:00+00:00,LONG,111634.2,111299.2974,111299.2974,112304.0052,STOP,-0.0030000000000000027,-0.004400000000000003,-31.05361561391317,7026.586296639075,19
2025-10-21 20:15:00+00:00,2025-10-21 20:20:00+00:00,2025-10-21 21:20:00+00:00,LONG,110829.6,110497.1112,110497.1112,111494.5776,STOP,-0.0030000000000000027,-0.004400000000000003,-30.91697970521195,6995.669316933863,13
2025-10-21 22:05:00+00:00,2025-10-21 22:10:00+00:00,2025-10-21 22:20:00+00:00,LONG,110305.4,109974.48379999999,109974.48379999999,110967.2324,STOP,-0.0030000000000001137,-0.004400000000000114,-30.780944994509795,6964.888371939353,3
2025-10-21 22:25:00+00:00,2025-10-21 22:30:00+00:00,2025-10-21 22:30:00+00:00,LONG,109629.5,109300.6115,109300.6115,110287.277,STOP,-0.0030000000000000027,-0.004400000000000003,-30.645508836533175,6934.242863102821,1
2025-10-21 23:40:00+00:00,2025-10-21 23:45:00+00:00,2025-10-22 00:20:00+00:00,LONG,108504.1,108178.5877,108178.5877,109155.12460000001,STOP,-0.0030000000000000027,-0.004400000000000003,-30.51066859765243,6903.732194505168,8
2025-10-22 00:25:00+00:00,2025-10-22 00:30:00+00:00,2025-10-22 02:10:00+00:00,LONG,108012.3,108660.3738,107688.2631,108660.3738,TARGET,0.006000000000000005,0.004600000000000005,31.75716809472381,6935.489362599892,21
2025-10-22 03:10:00+00:00,2025-10-22 03:15:00+00:00,2025-10-22 07:05:00+00:00,LONG,108019.7,107695.6409,107695.6409,108667.8182,STOP,-0.0030000000000000027,-0.004400000000000003,-30.516153195439546,6904.973209404452,47
2025-10-22 07:15:00+00:00,2025-10-22 07:20:00+00:00,2025-10-22 11:00:00+00:00,LONG,107870.7,107547.0879,107547.0879,108517.9242,STOP,-0.0030000000000000027,-0.004400000000000003,-30.381882121379608,6874.591327283072,45
2025-10-22 11:05:00+00:00,2025-10-22 11:10:00+00:00,2025-10-22 11:15:00+00:00,LONG,107351.9,107996.01139999999,107029.8443,107996.01139999999,TARGET,0.006000000000000005,0.004600000000000005,31.623120105502167,6906.214447388575,2
2025-10-22 13:10:00+00:00,2025-10-22 13:15:00+00:00,2025-10-22 13:35:00+00:00,SHORT,108333.6,107683.5984,108658.6008,107683.5984,TARGET,0.006036217303822866,0.004636217303822866,32.01871092489438,6938.233158313469,5
2025-10-22 13:50:00+00:00,2025-10-22 13:55:00+00:00,2025-10-22 13:55:00+00:00,SHORT,108296.1,108620.9883,108620.9883,107646.32340000001,STOP,-0.0029910269192422456,-0.004391026919242246,-30.46596857013359,6907.767189743336,1
2025-10-22 14:00:00+00:00,2025-10-22 14:05:00+00:00,2025-10-22 14:20:00+00:00,SHORT,108272.9,107623.26259999999,108597.71869999998,107623.26259999999,TARGET,0.006036217303823088,0.004636217303823088,32.02590977586944,6939.7930995192055,4
2025-10-22 16:30:00+00:00,2025-10-22 16:35:00+00:00,2025-10-22 17:25:00+00:00,SHORT,108532.8,107881.6032,108858.39839999999,107881.6032,TARGET,0.006036217303823088,0.004636217303823088,32.174388852943004,6971.967488372148,11
2025-10-22 18:55:00+00:00,2025-10-22 19:00:00+00:00,2025-10-22 19:05:00+00:00,SHORT,108021.0,108345.063,108345.063,107372.874,STOP,-0.0029910269192422456,-0.004391026919242246,-30.614096921523853,6941.353391450624,2
2025-10-22 20:50:00+00:00,2025-10-22 20:55:00+00:00,2025-10-22 21:00:00+00:00,LONG,107503.1,107180.5907,107180.5907,108148.1186,STOP,-0.0030000000000000027,-0.004400000000000003,-30.541954922382768,6910.811436528242,2
2025-10-22 21:10:00+00:00,2025-10-22 21:15:00+00:00,2025-10-22 21:25:00+00:00,LONG,107136.6,106815.19020000001,106815.19020000001,107779.41960000001,STOP,-0.0029999999999998916,-0.004399999999999892,-30.407570320723515,6880.403866207518,3
2025-10-22 23:25:00+00:00,2025-10-22 23:30:00+00:00,2025-10-23 01:10:00+00:00,SHORT,107793.9,108117.28169999998,108117.28169999998,107147.1366,STOP,-0.0029910269192421346,-0.004391026919242135,-30.21203859177487,6850.191827615743,21
2025-10-23 01:15:00+00:00,2025-10-23 01:20:00+00:00,2025-10-23 03:25:00+00:00,SHORT,108413.9,108739.14169999998,108739.14169999998,107763.4166,STOP,-0.0029910269192421346,-0.004391026919242135,-30.079376717033206,6820.1124508987095,26
2025-10-23 03:30:00+00:00,2025-10-23 03:35:00+00:00,2025-10-23 05:55:00+00:00,SHORT,108650.0,108975.94999999998,108975.94999999998,107998.1,STOP,-0.0029910269192421346,-0.004391026919242135,-29.947297364154686,6790.1651535345545,29
2025-10-23 06:05:00+00:00,2025-10-23 06:10:00+00:00,2025-10-23 06:15:00+00:00,SHORT,109014.9,109341.94469999998,109341.94469999998,108360.8106,STOP,-0.0029910269192421346,-0.004391026919242135,-29.815797975270133,6760.349355559284,2
2025-10-23 06:20:00+00:00,2025-10-23 06:25:00+00:00,2025-10-23 07:35:00+00:00,SHORT,109977.0,109317.138,110306.93099999998,109317.138,TARGET,0.006036217303822866,0.004636217303822866,31.342448662131712,6791.691804221416,15
2025-10-23 09:05:00+00:00,2025-10-23 09:10:00+00:00,2025-10-23 12:00:00+00:00,LONG,109375.0,109046.875,109046.875,110031.25,STOP,-0.0030000000000000027,-0.004400000000000003,-29.88344393857425,6761.808360282841,35
2025-10-23 12:05:00+00:00,2025-10-23 12:10:00+00:00,2025-10-23 13:35:00+00:00,LONG,108949.2,109602.8952,108622.3524,109602.8952,TARGET,0.006000000000000005,0.004600000000000005,31.104318457301105,6792.912678740142,18
2025-10-23 13:40:00+00:00,2025-10-23 13:45:00+00:00,2025-10-23 14:15:00+00:00,SHORT,109386.2,108729.88279999999,109714.35859999999,108729.88279999999,TARGET,0.006036217303823088,0.004636217303823088,31.493419304534292,6824.406098044677,7
2025-10-23 14:20:00+00:00,2025-10-23 14:25:00+00:00,2025-10-23 14:35:00+00:00,SHORT,109310.6,109638.5318,109638.5318,108654.73640000001,STOP,-0.0029910269192422456,-0.004391026919242246,-29.966150884355113,6794.439947160321,3
2025-10-23 16:50:00+00:00,2025-10-23 16:55:00+00:00,2025-10-23 17:05:00+00:00,SHORT,110534.4,109871.1936,110866.00319999998,109871.1936,TARGET,0.006036217303822866,0.004636217303822866,31.50050005281,6825.940447213131,3
2025-10-23 17:35:00+00:00,2025-10-23 17:40:00+00:00,2025-10-23 17:45:00+00:00,SHORT,110903.4,111236.11019999998,111236.11019999998,110237.97959999999,STOP,-0.0029910269192421346,-0.004391026919242135,-29.972888252856553,6795.967558960275,2
2025-10-23 20:10:00+00:00,2025-10-23 20:15:00+00:00,2025-10-23 20:55:00+00:00,LONG,109910.0,109580.27,109580.27,110569.46,STOP,-0.0030000000000000027,-0.004400000000000003,-29.90225725942523,6766.06530170085,9
2025-10-23 22:05:00+00:00,2025-10-23 22:10:00+00:00,2025-10-24 00:10:00+00:00,SHORT,109916.0,110245.74799999999,110245.74799999999,109256.504,STOP,-0.0029910269192422456,-0.004391026919242246,-29.70997487711934,6736.35532682373,25
2025-10-24 00:15:00+00:00,2025-10-24 00:20:00+00:00,2025-10-24 02:50:00+00:00,SHORT,110416.7,110747.95009999999,110747.95009999999,109754.1998,STOP,-0.0029910269192421346,-0.004391026919242135,-29.579517577663147,6706.775809246067,31
2025-10-24 03:40:00+00:00,2025-10-24 03:45:00+00:00,2025-10-24 04:30:00+00:00,LONG,110419.2,111081.71519999999,110087.9424,111081.71519999999,TARGET,0.006000000000000005,0.004600000000000005,30.851168722531945,6737.626977968599,10
2025-10-24 04:40:00+00:00,2025-10-24 04:45:00+00:00,2025-10-24 06:35:00+00:00,SHORT,111140.1,111473.52029999999,111473.52029999999,110473.25940000001,STOP,-0.0029910269192421346,-0.004391026919242135,-29.585101432072154,6708.041876536527,23
2025-10-24 07:35:00+00:00,2025-10-24 07:40:00+00:00,2025-10-24 07:45:00+00:00,LONG,111131.1,110797.70670000001,110797.70670000001,111797.88660000001,STOP,-0.0030000000000000027,-0.004400000000000003,-29.515384256760736,6678.526492279766,2
2025-10-24 07:50:00+00:00,2025-10-24 07:55:00+00:00,2025-10-24 11:30:00+00:00,LONG,110985.8,110652.8426,110652.8426,111651.7148,STOP,-0.0030000000000000027,-0.004400000000000003,-29.38551656603099,6649.140975713735,44
2025-10-24 12:15:00+00:00,2025-10-24 12:20:00+00:00,2025-10-24 12:30:00+00:00,LONG,110936.6,111602.21960000001,110603.7902,111602.21960000001,TARGET,0.006000000000000005,0.004600000000000005,30.586048488283218,6679.727024202019,3
2025-10-24 13:35:00+00:00,2025-10-24 13:40:00+00:00,2025-10-24 13:45:00+00:00,LONG,110756.0,110423.732,110423.732,111420.53600000001,STOP,-0.0030000000000000027,-0.004400000000000003,-29.3907989064889,6650.336225295529,2
2025-10-24 14:20:00+00:00,2025-10-24 14:25:00+00:00,2025-10-24 14:25:00+00:00,LONG,110044.1,109713.96770000001,109713.96770000001,110704.3646,STOP,-0.0030000000000000027,-0.004400000000000003,-29.261479391300348,6621.074745904229,1
2025-10-24 19:00:00+00:00,2025-10-24 19:05:00+00:00,2025-10-24 21:50:00+00:00,SHORT,110757.0,111089.271,111089.271,110092.458,STOP,-0.0029910269192422456,-0.004391026919242246,-29.073317443580482,6592.001428460648,34
2025-10-25 00:30:00+00:00,2025-10-25 00:35:00+00:00,2025-10-25 04:15:00+00:00,LONG,110729.1,111393.4746,110396.9127,111393.4746,TARGET,0.006000000000000005,0.004600000000000005,30.323206570919012,6622.324635031567,45
2025-10-25 04:20:00+00:00,2025-10-25 04:25:00+00:00,2025-10-25 07:20:00+00:00,SHORT,111362.9,111696.98869999999,111696.98869999999,110694.7226,STOP,-0.0029910269192422456,-0.004391026919242246,-29.07880574038469,6593.245829291182,36
2025-10-25 07:25:00+00:00,2025-10-25 07:30:00+00:00,2025-10-25 11:25:00+00:00,SHORT,111629.2,111635.0,111964.08759999998,110959.4248,TIME,-5.19550320240425e-05,-0.0014519550320240425,-9.573096459210863,6583.672732831971,48
2025-10-25 12:55:00+00:00,2025-10-25 13:00:00+00:00,2025-10-25 16:05:00+00:00,SHORT,111906.1,111234.6634,112241.8183,111234.6634,TARGET,0.006036217303822866,0.004636217303822866,30.52333744666236,6614.196070278634,38
2025-10-25 18:25:00+00:00,2025-10-25 18:30:00+00:00,2025-10-25 22:25:00+00:00,SHORT,111609.8,111511.9,111944.62939999999,110940.1412,TIME,0.0008779332071287005,-0.0005220667928712995,-3.4530521298323187,6610.743018148802,48
2025-10-25 22:50:00+00:00,2025-10-25 22:55:00+00:00,2025-10-26 02:50:00+00:00,SHORT,111680.1,111454.6,112015.1403,111010.0194,TIME,0.0020232453393578265,0.0006232453393578265,4.120114775753532,6614.863132924555,48
2025-10-26 03:35:00+00:00,2025-10-26 03:40:00+00:00,2025-10-26 07:35:00+00:00,LONG,111345.2,111677.4,111011.1644,112013.2712,TIME,0.002983514332005388,0.001583514332005388,10.474730575240097,6625.337863499795,48
2025-10-26 09:20:00+00:00,2025-10-26 09:25:00+00:00,2025-10-26 09:25:00+00:00,SHORT,112347.3,112684.34189999998,112684.34189999998,111673.2162,STOP,-0.0029910269192421346,-0.004391026919242135,-29.09203690770177,6596.245826592093,1
2025-10-26 09:30:00+00:00,2025-10-26 09:35:00+00:00,2025-10-26 11:30:00+00:00,SHORT,112458.8,112796.1764,112796.1764,111784.0472,STOP,-0.0029910269192422456,-0.004391026919242246,-28.9642929905052,6567.281533601588,24
2025-10-26 11:35:00+00:00,2025-10-26 11:40:00+00:00,2025-10-26 11:40:00+00:00,SHORT,112960.6,113299.4818,113299.4818,112282.8364,STOP,-0.0029910269192421346,-0.004391026919242135,-28.837110000286344,6538.444423601302,1
2025-10-26 11:45:00+00:00,2025-10-26 11:50:00+00:00,2025-10-26 12:05:00+00:00,SHORT,113242.9,113582.62869999999,113582.62869999999,112563.4426,STOP,-0.0029910269192422456,-0.004391026919242246,-28.710485474002667,6509.7339381273,4
2025-10-26 12:10:00+00:00,2025-10-26 12:15:00+00:00,2025-10-26 16:10:00+00:00,SHORT,113737.1,113448.9,114078.31129999999,113054.6774,TIME,0.0025403507658514624,0.0011403507658514624,7.423380081832722,6517.157318209132,48
2025-10-26 20:20:00+00:00,2025-10-26 20:25:00+00:00,2025-10-26 21:25:00+00:00,LONG,113420.8,113080.5376,113080.5376,114101.3248,STOP,-0.0030000000000001137,-0.004400000000000114,-28.675492200120924,6488.4818260090115,13
2025-10-26 22:00:00+00:00,2025-10-26 22:05:00+00:00,2025-10-27 00:35:00+00:00,SHORT,114804.6,115149.0138,115149.0138,114115.7724,STOP,-0.0029910269192422456,-0.004391026919242246,-28.491098363019653,6459.990727645992,31
2025-10-27 01:20:00+00:00,2025-10-27 01:25:00+00:00,2025-10-27 05:10:00+00:00,SHORT,115164.9,115510.39469999998,115510.39469999998,114473.91059999999,STOP,-0.0029910269192421346,-0.004391026919242135,-28.365993183148134,6431.624734462844,46
2025-10-27 05:15:00+00:00,2025-10-27 05:20:00+00:00,2025-10-27 06:45:00+00:00,SHORT,115545.4,115892.03619999999,115892.03619999999,114852.12759999999,STOP,-0.0029910269192422456,-0.004391026919242246,-28.241437343490606,6403.383297119353,18
2025-10-27 06:50:00+00:00,2025-10-27 06:55:00+00:00,2025-10-27 07:05:00+00:00,SHORT,115941.7,116289.52509999998,116289.52509999998,115246.0498,STOP,-0.0029910269192421346,-0.004391026919242135,-28.117428431876537,6375.2658686874765,3
2025-10-27 07:20:00+00:00,2025-10-27 07:25:00+00:00,2025-10-27 08:25:00+00:00,SHORT,115936.3,115240.6822,116284.10889999999,115240.6822,TARGET,0.006036217303823088,0.004636217303823088,29.55711793688161,6404.822986624358,13
2025-10-27 08:50:00+00:00,2025-10-27 08:55:00+00:00,2025-10-27 12:50:00+00:00,LONG,114913.8,115044.4,114569.0586,115603.2828,TIME,0.0011365040578241725,-0.00026349594217582747,-1.6876448673299824,6403.135341757028,48
2025-10-27 13:35:00+00:00,2025-10-27 13:40:00+00:00,2025-10-27 16:30:00+00:00,LONG,114732.0,115420.392,114387.804,115420.392,TARGET,0.006000000000000005,0.004600000000000005,29.45442257208236,6432.58976432911,35
2025-10-27 17:05:00+00:00,2025-10-27 17:10:00+00:00,2025-10-27 19:30:00+00:00,SHORT,115575.0,114881.55,115921.72499999999,114881.55,TARGET,0.006036217303822866,0.004636217303822866,29.82288397377647,6462.412648302887,29
2025-10-27 19:35:00+00:00,2025-10-27 19:40:00+00:00,2025-10-27 20:55:00+00:00,LONG,114959.9,114615.02029999999,114615.02029999999,115649.65939999999,STOP,-0.0030000000000000027,-0.004400000000000003,-28.43461565253272,6433.978032650354,16
2025-10-27 21:20:00+00:00,2025-10-27 21:25:00+00:00,2025-10-27 23:15:00+00:00,LONG,114249.8,113907.0506,113907.0506,114935.2988,STOP,-0.0030000000000000027,-0.004400000000000003,-28.30950334366158,6405.668529306693,23
2025-10-28 00:45:00+00:00,2025-10-28 00:50:00+00:00,2025-10-28 04:45:00+00:00,LONG,113901.9,114053.2,113560.19429999999,114585.31139999999,TIME,0.0013283360505838004,-7.166394941619954e-05,-0.4590555054611762,6405.209473801232,48
2025-10-28 05:45:00+00:00,2025-10-28 05:50:00+00:00,2025-10-28 08:25:00+00:00,LONG,113719.0,114401.314,113377.843,114401.314,TARGET,0.006000000000000005,0.004600000000000005,29.4639635794857,6434.673437380718,32
2025-10-28 08:30:00+00:00,2025-10-28 08:35:00+00:00,2025-10-28 12:30:00+00:00,SHORT,114419.9,114179.9,114763.15969999997,113733.38059999999,TIME,0.0021019461393818606,0.0007019461393818606,4.516794177552401,6439.19023155827,48
2025-10-28 13:00:00+00:00,2025-10-28 13:05:00+00:00,2025-10-28 13:15:00+00:00,SHORT,114597.5,114941.29249999998,114941.29249999998,113909.915,STOP,-0.0029910269192421346,-0.004391026919242135,-28.27465764489336,6410.915573913377,3
2025-10-28 13:20:00+00:00,2025-10-28 13:25:00+00:00,2025-10-28 13:55:00+00:00,SHORT,115137.6,115483.0128,115483.0128,114446.77440000001,STOP,-0.0029910269192422456,-0.004391026919242246,-28.150502862042988,6382.7650710513335,7
2025-10-28 14:15:00+00:00,2025-10-28 14:20:00+00:00,2025-10-28 14:40:00+00:00,SHORT,115992.3,115296.3462,116340.2769,115296.3462,TARGET,0.006036217303822866,0.004636217303822866,29.591885868644376,6412.356956919978,5
2025-10-28 14:45:00+00:00,2025-10-28 14:50:00+00:00,2025-10-28 16:50:00+00:00,LONG,114799.3,115488.09580000001,114454.9021,115488.09580000001,TARGET,0.006000000000000005,0.004600000000000005,29.496842001831933,6441.85379892181,25
2025-10-28 18:25:00+00:00,2025-10-28 18:30:00+00:00,2025-10-28 19:15:00+00:00,LONG,114900.0,114555.3,114555.3,115589.4,STOP,-0.0030000000000000027,-0.004400000000000003,-28.344156715255984,6413.509642206554,10
2025-10-28 19:20:00+00:00,2025-10-28 19:25:00+00:00,2025-10-28 19:30:00+00:00,LONG,113929.0,113587.213,113587.213,114612.57400000001,STOP,-0.0030000000000000027,-0.004400000000000003,-28.21944242570886,6385.290199780846,2
2025-10-28 19:35:00+00:00,2025-10-28 19:40:00+00:00,2025-10-28 19:45:00+00:00,LONG,114029.8,113687.7106,113687.7106,114713.9788,STOP,-0.0030000000000000027,-0.004400000000000003,-28.09527687903574,6357.19492290181,2
2025-10-28 20:00:00+00:00,2025-10-28 20:05:00+00:00,2025-10-28 20:10:00+00:00,LONG,113256.9,112917.1293,112917.1293,113936.4414,STOP,-0.0029999999999998916,-0.004399999999999892,-27.971657660767278,6329.223265241043,2
2025-10-28 20:15:00+00:00,2025-10-28 20:20:00+00:00,2025-10-28 21:05:00+00:00,LONG,112620.0,112282.14,112282.14,113295.72,STOP,-0.0030000000000000027,-0.004400000000000003,-27.848582367060608,6301.374682873982,10
2025-10-28 23:40:00+00:00,2025-10-28 23:45:00+00:00,2025-10-29 00:45:00+00:00,LONG,112949.5,112610.65149999999,112610.65149999999,113627.197,STOP,-0.0030000000000001137,-0.004400000000000114,-27.72604860464624,6273.648634269336,13
2025-10-29 00:55:00+00:00,2025-10-29 01:00:00+00:00,2025-10-29 01:25:00+00:00,LONG,112430.1,112092.80970000001,112092.80970000001,113104.6806,STOP,-0.0029999999999998916,-0.004399999999999892,-27.6040539907844,6246.044580278552,6
2025-10-29 05:00:00+00:00,2025-10-29 05:05:00+00:00,2025-10-29 05:40:00+00:00,SHORT,112921.4,113260.16419999998,113260.16419999998,112243.8716,STOP,-0.0029910269192421346,-0.004391026919242135,-27.426549890789563,6218.618030387762,8
2025-10-29 05:45:00+00:00,2025-10-29 05:50:00+00:00,2025-10-29 07:20:00+00:00,SHORT,113065.0,113404.19499999999,113404.19499999999,112386.61,STOP,-0.0029910269192422456,-0.004391026919242246,-27.306119171917857,6191.311911215844,19
2025-10-29 07:35:00+00:00,2025-10-29 07:40:00+00:00,2025-10-29 11:35:00+00:00,SHORT,113334.6,113160.2,113674.6038,112654.59240000001,TIME,0.001541177905306057,0.00014117790530605704,0.8740764467218934,6192.185987662566,48
2025-10-29 13:25:00+00:00,2025-10-29 13:30:00+00:00,2025-10-29 13:45:00+00:00,SHORT,113546.2,112864.9228,113886.83859999999,112864.9228,TARGET,0.006036217303822866,0.004636217303822866,28.708319824490673,6220.894307487057,4
2025-10-29 13:50:00+00:00,2025-10-29 13:55:00+00:00,2025-10-29 14:00:00+00:00,LONG,112930.0,112591.21,112591.21,113607.58,STOP,-0.0029999999999998916,-0.004399999999999892,-27.371934952942375,6193.522372534115,2
2025-10-29 15:05:00+00:00,2025-10-29 15:10:00+00:00,2025-10-29 15:25:00+00:00,LONG,112360.8,112023.7176,112023.7176,113034.9648,STOP,-0.0030000000000000027,-0.004400000000000003,-27.251498439150122,6166.270874094965,4
2025-10-29 15:30:00+00:00,2025-10-29 15:35:00+00:00,2025-10-29 15:45:00+00:00,LONG,111949.9,111614.05029999999,111614.05029999999,112621.59939999999,STOP,-0.0030000000000000027,-0.004400000000000003,-27.131591846017862,6139.139282248947,3
2025-10-29 15:55:00+00:00,2025-10-29 16:00:00+00:00,2025-10-29 16:05:00+00:00,LONG,111514.5,111179.9565,111179.9565,112183.587,STOP,-0.0030000000000000027,-0.004400000000000003,-27.012212841895384,6112.127069407052,2
2025-10-29 18:00:00+00:00,2025-10-29 18:05:00+00:00,2025-10-29 18:35:00+00:00,SHORT,111626.0,110956.244,111960.87799999998,110956.244,TARGET,0.006036217303822866,0.004636217303822866,28.337149282349117,6140.464218689401,7
2025-10-29 18:40:00+00:00,2025-10-29 18:45:00+00:00,2025-10-29 18:50:00+00:00,LONG,109745.5,110403.973,109416.2635,110403.973,TARGET,0.006000000000000005,0.004600000000000005,28.246135405971273,6168.710354095372,2
2025-10-29 20:50:00+00:00,2025-10-29 20:55:00+00:00,2025-10-29 23:05:00+00:00,SHORT,111520.0,110850.88,111854.55999999998,110850.88,TARGET,0.006036217303822866,0.004636217303822866,28.599481685928243,6197.3098357813005,27
2025-10-29 23:10:00+00:00,2025-10-29 23:15:00+00:00,2025-10-29 23:35:00+00:00,LONG,110590.1,110258.3297,110258.3297,111253.64060000001,STOP,-0.0030000000000000027,-0.004400000000000003,-27.26816327743774,6170.041672503863,5
2025-10-29 23:40:00+00:00,2025-10-29 23:45:00+00:00,2025-10-30 01:50:00+00:00,LONG,110005.0,110665.03,109674.985,110665.03,TARGET,0.006000000000000005,0.004600000000000005,28.3821916935178,6198.423864197381,26
2025-10-30 03:05:00+00:00,2025-10-30 03:10:00+00:00,2025-10-30 04:10:00+00:00,SHORT,110814.1,110149.2154,111146.5423,110149.2154,TARGET,0.006036217303823088,0.004636217303823088,28.73723997562187,6227.161104173003,13
2025-10-30 04:15:00+00:00,2025-10-30 04:20:00+00:00,2025-10-30 04:20:00+00:00,LONG,109967.5,109637.5975,109637.5975,110627.30500000001,STOP,-0.0030000000000000027,-0.004400000000000003,-27.39950885836123,6199.761595314641,1
2025-10-30 04:25:00+00:00,2025-10-30 04:30:00+00:00,2025-10-30 04:30:00+00:00,LONG,108383.0,108057.851,108057.851,109033.298,STOP,-0.0030000000000000027,-0.004400000000000003,-27.27895101938444,6172.482644295257,1
2025-10-30 04:35:00+00:00,2025-10-30 04:40:00+00:00,2025-10-30 04:40:00+00:00,LONG,109439.8,109111.48060000001,109111.48060000001,110096.4388,STOP,-0.0029999999999998916,-0.004399999999999892,-27.158923634898464,6145.323720660359,1
2025-10-30 06:40:00+00:00,2025-10-30 06:45:00+00:00,2025-10-30 07:10:00+00:00,SHORT,110894.8,111227.48439999999,111227.48439999999,110229.4312,STOP,-0.0029910269192421346,-0.004391026919242135,-26.984281884876868,6118.339438775482,6
2025-10-30 07:15:00+00:00,2025-10-30 07:20:00+00:00,2025-10-30 08:10:00+00:00,SHORT,111536.1,110866.8834,111870.7083,110866.8834,TARGET,0.006036217303822866,0.004636217303822866,28.365951176712773,6146.705389952195,11
2025-10-30 10:00:00+00:00,2025-10-30 10:05:00+00:00,2025-10-30 11:15:00+00:00,LONG,110053.3,109723.1401,109723.1401,110713.6198,STOP,-0.0030000000000000027,-0.004400000000000003,-27.04550371578968,6119.659886236405,15
2025-10-30 11:50:00+00:00,2025-10-30 11:55:00+00:00,2025-10-30 12:05:00+00:00,LONG,109770.9,109441.5873,109441.5873,110429.5254,STOP,-0.0030000000000000027,-0.004400000000000003,-26.9265034994402,6092.733382736965,3
2025-10-30 12:10:00+00:00,2025-10-30 12:15:00+00:00,2025-10-30 12:20:00+00:00,LONG,109408.9,109080.6733,109080.6733,110065.35339999999,STOP,-0.0030000000000000027,-0.004400000000000003,-26.80802688404266,6065.925355852922,2
2025-10-30 12:25:00+00:00,2025-10-30 12:30:00+00:00,2025-10-30 12:50:00+00:00,LONG,108783.4,108457.0498,108457.0498,109436.1004,STOP,-0.0030000000000000027,-0.004400000000000003,-26.690071565752874,6039.235284287169,5
2025-10-30 13:35:00+00:00,2025-10-30 13:40:00+00:00,2025-10-30 13:40:00+00:00,LONG,107844.8,107521.2656,107521.2656,108491.8688,STOP,-0.0030000000000000027,-0.004400000000000003,-26.57263525086356,6012.662649036305,1
2025-10-30 15:00:00+00:00,2025-10-30 15:05:00+00:00,2025-10-30 15:35:00+00:00,SHORT,108210.4,107561.13759999999,108535.03119999998,107561.13759999999,TARGET,0.006036217303823088,0.004636217303823088,27.876010615512886,6040.538659651818,7
2025-10-30 17:15:00+00:00,2025-10-30 17:20:00+00:00,2025-10-30 17:20:00+00:00,LONG,107337.6,107015.58720000001,107015.58720000001,107981.6256,STOP,-0.0030000000000000027,-0.004400000000000003,-26.578370102468018,6013.96028954935,1
2025-10-30 17:30:00+00:00,2025-10-30 17:35:00+00:00,2025-10-30 18:55:00+00:00,LONG,107168.7,106847.1939,106847.1939,107811.7122,STOP,-0.0030000000000000027,-0.004400000000000003,-26.461425274017156,5987.498864275332,17
2025-10-30 19:00:00+00:00,2025-10-30 19:05:00+00:00,2025-10-30 19:15:00+00:00,LONG,107116.6,106795.25020000001,106795.25020000001,107759.29960000001,STOP,-0.0030000000000000027,-0.004400000000000003,-26.34499500281148,5961.153869272521,3
2025-10-30 19:35:00+00:00,2025-10-30 19:40:00+00:00,2025-10-30 20:30:00+00:00,LONG,106583.5,107223.001,106263.7495,107223.001,TARGET,0.006000000000000005,0.004600000000000005,27.421307798653626,5988.575177071174,11
2025-10-30 23:30:00+00:00,2025-10-30 23:35:00+00:00,2025-10-31 00:00:00+00:00,SHORT,108028.5,108352.58549999999,108352.58549999999,107380.329,STOP,-0.0029910269192421346,-0.004391026919242135,-26.29599481042476,5962.27918226075,6
2025-10-31 00:45:00+00:00,2025-10-31 00:50:00+00:00,2025-10-31 00:50:00+00:00,SHORT,108910.4,109237.13119999999,109237.13119999999,108256.93759999999,STOP,-0.0029910269192422456,-0.004391026919242246,-26.180528389344595,5936.098653871405,1
2025-10-31 00:55:00+00:00,2025-10-31 01:00:00+00:00,2025-10-31 01:05:00+00:00,SHORT,109321.9,109649.86569999998,109649.86569999998,108665.9686,STOP,-0.0029910269192421346,-0.004391026919242135,-26.06556898442634,5910.033084886979,2
2025-10-31 01:10:00+00:00,2025-10-31 01:15:00+00:00,2025-10-31 02:10:00+00:00,SHORT,109759.7,109101.1418,110088.97909999998,109101.1418,TARGET,0.006036217303822866,0.004636217303822866,27.400197654318646,5937.433282541298,12
2025-10-31 02:50:00+00:00,2025-10-31 02:55:00+00:00,2025-10-31 04:20:00+00:00,LONG,108902.0,109555.412,108575.294,109555.412,TARGET,0.006000000000000005,0.004600000000000005,27.31219309969,5964.745475640988,18
2025-10-31 04:40:00+00:00,2025-10-31 04:45:00+00:00,2025-10-31 07:45:00+00:00,SHORT,110076.7,109416.2398,110406.93009999998,109416.2398,TARGET,0.006036217303822866,0.004636217303822866,27.653856187065898,5992.399331828054,37
2025-10-31 08:50:00+00:00,2025-10-31 08:55:00+00:00,2025-10-31 09:00:00+00:00,SHORT,109932.9,110262.69869999998,110262.69869999998,109273.3026,STOP,-0.0029910269192421346,-0.004391026919242135,-26.312786776905565,5966.086545051148,2
2025-10-31 09:05:00+00:00,2025-10-31 09:10:00+00:00,2025-10-31 09:15:00+00:00,SHORT,110106.0,110436.31799999998,110436.31799999998,109445.364,STOP,-0.0029910269192421346,-0.004391026919242135,-26.197246621847896,5939.889298429301,2
2025-10-31 11:20:00+00:00,2025-10-31 11:25:00+00:00,2025-10-31 11:50:00+00:00,LONG,109586.1,110243.61660000001,109257.3417,110243.61660000001,TARGET,0.006000000000000005,0.004600000000000005,27.323490772774814,5967.212789202075,6
2025-10-31 11:55:00+00:00,2025-10-31 12:00:00+00:00,2025-10-31 12:40:00+00:00,SHORT,110424.8,109762.2512,110756.0744,109762.2512,TARGET,0.006036217303822866,0.004636217303822866,27.66529518889177,5994.878084390967,9
2025-10-31 13:30:00+00:00,2025-10-31 13:35:00+00:00,2025-10-31 14:05:00+00:00,LONG,109638.7,110296.5322,109309.7839,110296.5322,TARGET,0.006000000000000005,0.004600000000000005,27.57643918819848,6022.454523579166,7
2025-10-31 14:35:00+00:00,2025-10-31 14:40:00+00:00,2025-10-31 14:50:00+00:00,SHORT,110025.0,110355.07499999998,110355.07499999998,109364.85,STOP,-0.0029910269192421346,-0.004391026919242135,-26.444759932947683,5996.009763646218,3
2025-10-31 14:55:00+00:00,2025-10-31 15:00:00+00:00,2025-10-31 15:05:00+00:00,SHORT,110770.0,111102.30999999998,111102.30999999998,110105.38,STOP,-0.0029910269192421346,-0.004391026919242135,-26.328640280209214,5969.681123366008,2
2025-10-31 16:40:00+00:00,2025-10-31 16:45:00+00:00,2025-10-31 16:50:00+00:00,LONG,109704.4,109375.28679999999,109375.28679999999,110362.6264,STOP,-0.0030000000000001137,-0.004400000000000114,-26.266596942811116,5943.4145264231975,2
2025-10-31 16:55:00+00:00,2025-10-31 17:00:00+00:00,2025-10-31 18:05:00+00:00,LONG,108829.9,109482.87939999999,108503.41029999999,109482.87939999999,TARGET,0.006000000000000005,0.004600000000000005,27.339706821546738,5970.754233244744,14
2025-10-31 18:35:00+00:00,2025-10-31 18:40:00+00:00,2025-10-31 19:30:00+00:00,SHORT,109580.1,109908.8403,109908.8403,108922.61940000001,STOP,-0.0029910269192421346,-0.004391026919242135,-26.217742566356602,5944.536490678387,11
2025-10-31 19:45:00+00:00,2025-10-31 19:50:00+00:00,2025-10-31 21:10:00+00:00,SHORT,110077.1,109416.6374,110407.33129999999,109416.6374,TARGET,0.006036217303822866,0.004636217303822866,27.560162941289594,5972.0966536196765,17
2025-11-01 01:00:00+00:00,2025-11-01 01:05:00+00:00,2025-11-01 03:15:00+00:00,SHORT,109829.4,110158.88819999999,110158.88819999999,109170.4236,STOP,-0.0029910269192422456,-0.004391026919242246,-26.223637170360533,5945.873016449316,27
2025-11-01 03:40:00+00:00,2025-11-01 03:45:00+00:00,2025-11-01 04:05:00+00:00,SHORT,110171.9,110502.41569999998,110502.41569999998,109510.86859999999,STOP,-0.0029910269192421346,-0.004391026919242135,-26.10848847362438,5919.764527975692,5
2025-11-01 06:40:00+00:00,2025-11-01 06:45:00+00:00,2025-11-01 10:40:00+00:00,LONG,109972.8,110063.9,109642.88160000001,110632.63680000001,TIME,0.0008283866556093589,-0.0005716133443906411,-3.3838163998412703,5916.38071157585,48
2025-11-01 13:40:00+00:00,2025-11-01 13:45:00+00:00,2025-11-01 16:05:00+00:00,LONG,109784.0,110442.704,109454.648,110442.704,TARGET,0.006000000000000005,0.004600000000000005,27.21535127324894,5943.596062849099,29
2025-11-01 16:20:00+00:00,2025-11-01 16:25:00+00:00,2025-11-01 20:20:00+00:00,SHORT,110243.8,110459.3,110574.53139999999,109582.33720000001,TIME,-0.0019509448276423536,-0.0033509448276423538,-19.916662484399648,5923.6794003647,48
2025-11-01 21:45:00+00:00,2025-11-01 21:50:00+00:00,2025-11-02 01:45:00+00:00,LONG,110056.3,109959.8,109726.1311,110716.6378,TIME,-0.0008768239528313959,-0.002276823952831396,-13.48717514764427,5910.192225217056,48
2025-11-02 04:40:00+00:00,2025-11-02 04:45:00+00:00,2025-11-02 04:55:00+00:00,SHORT,110431.8,110763.09539999999,110763.09539999999,109769.2092,STOP,-0.0029910269192421346,-0.004391026919242135,-25.95181315882367,5884.240412058232,3
2025-11-02 05:10:00+00:00,2025-11-02 05:15:00+00:00,2025-11-02 07:50:00+00:00,SHORT,110513.0,110844.53899999999,110844.53899999999,109849.922,STOP,-0.0029910269192421346,-0.004391026919242135,-25.83785804864013,5858.402554009592,32
2025-11-02 07:55:00+00:00,2025-11-02 08:00:00+00:00,2025-11-02 11:50:00+00:00,SHORT,110893.0,111225.67899999999,111225.67899999999,110227.64199999999,STOP,-0.0029910269192421346,-0.004391026919242135,-25.724403318412993,5832.678150691178,47
2025-11-02 12:55:00+00:00,2025-11-02 13:00:00+00:00,2025-11-02 13:20:00+00:00,LONG,110737.3,110405.08810000001,110405.08810000001,111401.7238,STOP,-0.0030000000000000027,-0.004400000000000003,-25.663783863041203,5807.014366828137,5
2025-11-02 15:55:00+00:00,2025-11-02 16:00:00+00:00,2025-11-02 16:15:00+00:00,LONG,110117.1,109786.74870000001,109786.74870000001,110777.80260000001,STOP,-0.0030000000000000027,-0.004400000000000003,-25.55086321404382,5781.4635036140935,4
2025-11-02 19:25:00+00:00,2025-11-02 19:30:00+00:00,2025-11-02 22:30:00+00:00,LONG,109970.1,109640.1897,109640.1897,110629.92060000001,STOP,-0.0030000000000000027,-0.004400000000000003,-25.438439415902028,5756.025064198191,37
2025-11-02 22:35:00+00:00,2025-11-02 22:40:00+00:00,2025-11-02 23:00:00+00:00,LONG,109580.0,110237.48,109251.26,110237.48,TARGET,0.006000000000000005,0.004600000000000005,26.477715295311707,5782.502779493503,5
2025-11-02 23:10:00+00:00,2025-11-02 23:15:00+00:00,2025-11-03 00:55:00+00:00,SHORT,110469.5,109806.683,110800.90849999999,109806.683,TARGET,0.006036217303822866,0.004636217303822866,26.808939445691596,5809.311718939195,21
2025-11-03 01:00:00+00:00,2025-11-03 01:05:00+00:00,2025-11-03 02:30:00+00:00,LONG,109525.1,109196.52470000001,109196.52470000001,110182.2506,STOP,-0.0030000000000000027,-0.004400000000000003,-25.560971563332476,5783.750747375862,18
2025-11-03 02:35:00+00:00,2025-11-03 02:40:00+00:00,2025-11-03 03:10:00+00:00,LONG,108914.1,108587.35770000001,108587.35770000001,109567.5846,STOP,-0.0030000000000000027,-0.004400000000000003,-25.44850328845381,5758.302244087408,7
2025-11-03 06:30:00+00:00,2025-11-03 06:35:00+00:00,2025-11-03 06:45:00+00:00,LONG,107427.5,107105.2175,107105.2175,108072.065,STOP,-0.0030000000000000027,-0.004400000000000003,-25.336529873984613,5732.965714213424,3
2025-11-03 07:00:00+00:00,2025-11-03 07:05:00+00:00,2025-11-03 08:45:00+00:00,LONG,107330.1,107008.1097,107008.1097,107974.0806,STOP,-0.0030000000000000027,-0.004400000000000003,-25.22504914253908,5707.7406650708845,21
2025-11-03 10:25:00+00:00,2025-11-03 10:30:00+00:00,2025-11-03 10:55:00+00:00,SHORT,107598.4,106952.8096,107921.19519999999,106952.8096,TARGET,0.006036217303822866,0.004636217303822866,26.462326037135067,5734.20299110802,6
2025-11-03 12:00:00+00:00,2025-11-03 12:05:00+00:00,2025-11-03 14:05:00+00:00,SHORT,107970.1,108294.0103,108294.0103,107322.2794,STOP,-0.0029910269192421346,-0.004391026919242135,-25.17903969435408,5709.023951413666,25
2025-11-03 14:30:00+00:00,2025-11-03 14:35:00+00:00,2025-11-03 15:20:00+00:00,LONG,107504.1,107181.5877,107181.5877,108149.12460000001,STOP,-0.0030000000000000027,-0.004400000000000003,-25.119705386220144,5683.904246027446,10
2025-11-03 15:25:00+00:00,2025-11-03 15:30:00+00:00,2025-11-03 15:30:00+00:00,LONG,105961.1,105643.2167,105643.2167,106596.86660000001,STOP,-0.0030000000000000027,-0.004400000000000003,-25.00917868252078,5658.895067344925,1
2025-11-03 15:35:00+00:00,2025-11-03 15:40:00+00:00,2025-11-03 15:40:00+00:00,LONG,106445.7,106126.3629,106126.3629,107084.37419999999,STOP,-0.0030000000000000027,-0.004400000000000003,-24.899138296317687,5633.995929048608,1
2025-11-03 17:20:00+00:00,2025-11-03 17:25:00+00:00,2025-11-03 17:35:00+00:00,SHORT,107244.4,107566.13319999998,107566.13319999998,106600.93359999999,STOP,-0.0029910269192421346,-0.004391026919242135,-24.739027787353038,5609.256901261255,3
2025-11-03 20:45:00+00:00,2025-11-03 20:50:00+00:00,2025-11-03 21:15:00+00:00,LONG,106594.0,106274.218,106274.218,107233.564,STOP,-0.0030000000000001137,-0.004400000000000114,-24.68073036555016,5584.576170895704,6
2025-11-03 22:30:00+00:00,2025-11-03 22:35:00+00:00,2025-11-04 00:25:00+00:00,LONG,106290.0,105971.13,105971.13,106927.74,STOP,-0.0030000000000000027,-0.004400000000000003,-24.572135151941115,5560.004035743763,23
2025-11-04 00:30:00+00:00,2025-11-04 00:35:00+00:00,2025-11-04 01:20:00+00:00,LONG,106269.0,106906.614,105950.193,106906.614,TARGET,0.006000000000000005,0.004600000000000005,25.57601856442134,5585.580054308184,10
2025-11-04 03:05:00+00:00,2025-11-04 03:10:00+00:00,2025-11-04 03:35:00+00:00,LONG,106456.1,107094.83660000001,106136.7317,107094.83660000001,TARGET,0.006000000000000005,0.004600000000000005,25.693668249817676,5611.273722558002,6
2025-11-04 04:00:00+00:00,2025-11-04 04:05:00+00:00,2025-11-04 05:00:00+00:00,SHORT,107276.9,106633.2386,107598.73069999999,106633.2386,TARGET,0.006036217303822866,0.004636217303822866,26.01508432900996,5637.2888068870125,12
2025-11-04 05:15:00+00:00,2025-11-04 05:20:00+00:00,2025-11-04 05:20:00+00:00,LONG,106168.0,105849.496,105849.496,106805.008,STOP,-0.0030000000000000027,-0.004400000000000003,-24.80407075030287,5612.484736136709,1
2025-11-04 05:25:00+00:00,2025-11-04 05:30:00+00:00,2025-11-04 05:30:00+00:00,LONG,105665.5,105348.5035,105348.5035,106299.493,STOP,-0.0029999999999998916,-0.004399999999999892,-24.694932839000913,5587.789803297708,1
2025-11-04 05:35:00+00:00,2025-11-04 05:40:00+00:00,2025-11-04 05:40:00+00:00,LONG,105312.0,104996.064,104996.064,105943.872,STOP,-0.0030000000000000027,-0.004400000000000003,-24.586275134509933,5563.203528163198,1
2025-11-04 05:45:00+00:00,2025-11-04 05:50:00+00:00,2025-11-04 05:55:00+00:00,LONG,104576.1,104262.3717,104262.3717,105203.55660000001,STOP,-0.0030000000000000027,-0.004400000000000003,-24.478095523918086,5538.7254326392795,2
2025-11-04 06:00:00+00:00,2025-11-04 06:05:00+00:00,2025-11-04 06:05:00+00:00,LONG,104630.0,104316.11,104316.11,105257.78,STOP,-0.0030000000000000027,-0.004400000000000003,-24.370391903612845,5514.355040735667,1
2025-11-04 06:15:00+00:00,2025-11-04 06:20:00+00:00,2025-11-04 06:35:00+00:00,LONG,104905.2,104590.4844,104590.4844,105534.6312,STOP,-0.0030000000000000027,-0.004400000000000003,-24.26316217923695,5490.09187855643,4
2025-11-04 08:05:00+00:00,2025-11-04 08:10:00+00:00,2025-11-04 09:10:00+00:00,LONG,104079.6,103767.3612,103767.3612,104704.0776,STOP,-0.0030000000000001137,-0.004400000000000114,-24.156404265648916,5465.935474290781,13
2025-11-04 09:25:00+00:00,2025-11-04 09:30:00+00:00,2025-11-04 11:30:00+00:00,LONG,103884.0,104507.304,103572.348,104507.304,TARGET,0.006000000000000005,0.004600000000000005,25.14330318173762,5491.078777472519,25
2025-11-04 12:35:00+00:00,2025-11-04 12:40:00+00:00,2025-11-04 13:25:00+00:00,LONG,103931.1,103619.3067,103619.3067,104554.6866,STOP,-0.0030000000000000027,-0.004400000000000003,-24.1607466208791,5466.91803085164,10
2025-11-04 14:30:00+00:00,2025-11-04 14:35:00+00:00,2025-11-04 14:35:00+00:00,LONG,103464.9,103154.50529999999,103154.50529999999,104085.68939999999,STOP,-0.0030000000000000027,-0.004400000000000003,-24.05443933574723,5442.863591515893,1
2025-11-04 14:40:00+00:00,2025-11-04 14:45:00+00:00,2025-11-04 14:50:00+00:00,LONG,103938.9,104562.5334,103627.0833,104562.5334,TARGET,0.006000000000000005,0.004600000000000005,25.037172520973137,5467.900764036866,2
2025-11-04 15:45:00+00:00,2025-11-04 15:50:00+00:00,2025-11-04 15:50:00+00:00,LONG,103734.8,103423.5956,103423.5956,104357.20880000001,STOP,-0.0030000000000000027,-0.004400000000000003,-24.058763361762228,5443.842000675104,1
2025-11-04 16:20:00+00:00,2025-11-04 16:25:00+00:00,2025-11-04 16:50:00+00:00,LONG,102599.0,102291.203,102291.203,103214.594,STOP,-0.0030000000000000027,-0.004400000000000003,-23.952904802970473,5419.889095872133,6
2025-11-04 17:00:00+00:00,2025-11-04 17:05:00+00:00,2025-11-04 17:05:00+00:00,LONG,101800.2,101494.7994,101494.7994,102411.0012,STOP,-0.0029999999999998916,-0.004399999999999892,-23.8475120218368,5396.041583850296,1
2025-11-04 17:10:00+00:00,2025-11-04 17:15:00+00:00,2025-11-04 17:15:00+00:00,LONG,101342.0,101037.974,101037.974,101950.052,STOP,-0.0030000000000000027,-0.004400000000000003,-23.742582968941317,5372.299000881355,1
2025-11-04 18:35:00+00:00,2025-11-04 18:40:00+00:00,2025-11-04 18:40:00+00:00,LONG,100344.0,100946.064,100042.968,100946.064,TARGET,0.006000000000000005,0.004600000000000005,24.71257540405426,5397.011576285409,1
2025-11-04 20:15:00+00:00,2025-11-04 20:20:00+00:00,2025-11-04 20:20:00+00:00,LONG,100188.1,99887.53570000001,99887.53570000001,100789.2286,STOP,-0.0030000000000000027,-0.004400000000000003,-23.746850935655818,5373.2647253497535,1
2025-11-04 21:30:00+00:00,2025-11-04 21:35:00+00:00,2025-11-04 21:45:00+00:00,LONG,99132.8,99727.5968,98835.4016,99727.5968,TARGET,0.006000000000000005,0.004600000000000005,24.717017736608895,5397.981743086362,3
2025-11-04 21:55:00+00:00,2025-11-04 22:00:00+00:00,2025-11-04 22:05:00+00:00,LONG,100324.9,100926.84939999999,100023.92529999999,100926.84939999999,TARGET,0.006000000000000005,0.004600000000000005,24.830716018197293,5422.81245910456,2
2025-11-05 00:35:00+00:00,2025-11-05 00:40:00+00:00,2025-11-05 00:40:00+00:00,LONG,100735.7,100433.4929,100433.4929,101340.1142,STOP,-0.0030000000000000027,-0.004400000000000003,-23.86037482006008,5398.9520842844995,1
2025-11-05 01:15:00+00:00,2025-11-05 01:20:00+00:00,2025-11-05 01:20:00+00:00,LONG,99692.3,99393.2231,99393.2231,100290.4538,STOP,-0.0030000000000000027,-0.004400000000000003,-23.755389170851814,5375.196695113647,1
2025-11-05 01:25:00+00:00,2025-11-05 01:30:00+00:00,2025-11-05 01:45:00+00:00,LONG,99119.5,99714.217,98822.1415,99714.217,TARGET,0.006000000000000005,0.004600000000000005,24.725904797522805,5399.92259991117,4
2025-11-05 03:05:00+00:00,2025-11-05 03:10:00+00:00,2025-11-05 03:25:00+00:00,SHORT,101787.1,102092.4613,102092.4613,101176.37740000001,STOP,-0.0029910269192421346,-0.004391026919242135,-23.711205498033927,5376.211394413136,4
2025-11-05 06:15:00+00:00,2025-11-05 06:20:00+00:00,2025-11-05 07:20:00+00:00,LONG,101908.2,101602.4754,101602.4754,102519.6492,STOP,-0.0030000000000000027,-0.004400000000000003,-23.655330135417813,5352.556064277718,13
2025-11-05 08:50:00+00:00,2025-11-05 08:55:00+00:00,2025-11-05 10:50:00+00:00,LONG,101720.1,101414.9397,101414.9397,102330.42060000001,STOP,-0.0030000000000000027,-0.004400000000000003,-23.551246682821976,5329.004817594896,24
2025-11-05 11:05:00+00:00,2025-11-05 11:10:00+00:00,2025-11-05 12:20:00+00:00,LONG,101594.7,102204.26819999999,101289.91589999999,102204.26819999999,TARGET,0.006000000000000005,0.004600000000000005,24.51342216093655,5353.518239755833,15
2025-11-05 12:25:00+00:00,2025-11-05 12:30:00+00:00,2025-11-05 13:40:00+00:00,SHORT,102517.9,102825.45369999998,102825.45369999998,101902.7926,STOP,-0.0029910269192421346,-0.004391026919242135,-23.50744270342163,5330.010797052411,15
2025-11-05 13:45:00+00:00,2025-11-05 13:50:00+00:00,2025-11-05 13:50:00+00:00,SHORT,102939.0,103247.817,103247.817,102321.366,STOP,-0.0029910269192422456,-0.004391026919242246,-23.404220889708956,5306.606576162702,1
2025-11-05 15:40:00+00:00,2025-11-05 15:45:00+00:00,2025-11-05 16:45:00+00:00,SHORT,103564.6,103875.2938,103875.2938,102943.2124,STOP,-0.0029910269192422456,-0.004391026919242246,-23.301452325758355,5283.305123836944,13
2025-11-05 16:50:00+00:00,2025-11-05 16:55:00+00:00,2025-11-05 18:45:00+00:00,SHORT,104010.8,104322.83239999998,104322.83239999998,103386.7352,STOP,-0.0029910269192421346,-0.004391026919242135,-23.199135021337923,5260.105988815607,23
2025-11-05 19:15:00+00:00,2025-11-05 19:20:00+00:00,2025-11-05 20:45:00+00:00,SHORT,104321.2,103695.27279999999,104634.16359999999,103695.27279999999,TARGET,0.006036217303823088,0.004636217303823088,24.38699440529037,5284.492983220897,18
2025-11-05 21:20:00+00:00,2025-11-05 21:25:00+00:00,2025-11-05 22:00:00+00:00,LONG,103750.4,103439.1488,103439.1488,104372.90239999999,STOP,-0.0030000000000000027,-0.004400000000000003,-23.251769126171965,5261.241214094725,8
2025-11-05 23:40:00+00:00,2025-11-05 23:45:00+00:00,2025-11-06 00:05:00+00:00,SHORT,104098.7,103474.1078,104410.99609999999,103474.1078,TARGET,0.006036217303822866,0.004636217303822866,24.39225755637199,5285.633471651097,5
2025-11-06 01:05:00+00:00,2025-11-06 01:10:00+00:00,2025-11-06 01:15:00+00:00,LONG,103249.1,102939.3527,102939.3527,103868.59460000001,STOP,-0.0030000000000000027,-0.004400000000000003,-23.256787275264845,5262.376684375832,2
2025-11-06 03:05:00+00:00,2025-11-06 03:10:00+00:00,2025-11-06 03:15:00+00:00,SHORT,103569.0,103879.707,103879.707,102947.586,STOP,-0.0029910269192422456,-0.004391026919242246,-23.107237680287035,5239.269446695545,2
2025-11-06 03:20:00+00:00,2025-11-06 03:25:00+00:00,2025-11-06 04:45:00+00:00,SHORT,103716.0,104027.14799999999,104027.14799999999,103093.704,STOP,-0.0029910269192421346,-0.004391026919242135,-23.005773177602986,5216.263673517942,17
2025-11-06 04:55:00+00:00,2025-11-06 05:00:00+00:00,2025-11-06 05:15:00+00:00,SHORT,104042.1,103417.8474,104354.2263,103417.8474,TARGET,0.006036217303823088,0.004636217303823088,24.18373190446767,5240.44740542241,4
2025-11-06 07:15:00+00:00,2025-11-06 07:20:00+00:00,2025-11-06 10:05:00+00:00,LONG,102964.9,102656.00529999999,102656.00529999999,103582.68939999999,STOP,-0.0030000000000000027,-0.004400000000000003,-23.05796858385862,5217.389436838552,34
2025-11-06 12:05:00+00:00,2025-11-06 12:10:00+00:00,2025-11-06 12:40:00+00:00,SHORT,103166.7,102547.6998,103476.20009999999,102547.6998,TARGET,0.006036217303822866,0.004636217303822866,24.188951187853533,5241.578388026405,7
2025-11-06 12:45:00+00:00,2025-11-06 12:50:00+00:00,2025-11-06 13:15:00+00:00,LONG,102555.9,103171.23539999999,102248.23229999999,103171.23539999999,TARGET,0.006000000000000005,0.004600000000000005,24.111260584921492,5265.689648611326,6
2025-11-06 13:20:00+00:00,2025-11-06 13:25:00+00:00,2025-11-06 14:05:00+00:00,SHORT,103549.0,102927.706,103859.64699999998,102927.706,TARGET,0.006036217303822866,0.004636217303822866,24.412881465452777,5290.10253007678,9
2025-11-06 14:20:00+00:00,2025-11-06 14:25:00+00:00,2025-11-06 14:35:00+00:00,LONG,102805.6,102497.1832,102497.1832,103422.4336,STOP,-0.0030000000000001137,-0.004400000000000114,-23.276451132338433,5266.826078944441,3
2025-11-06 14:40:00+00:00,2025-11-06 14:45:00+00:00,2025-11-06 14:50:00+00:00,LONG,102518.1,102210.5457,102210.5457,103133.20860000001,STOP,-0.0030000000000000027,-0.004400000000000003,-23.174034747355556,5243.652044197086,2
2025-11-06 14:55:00+00:00,2025-11-06 15:00:00+00:00,2025-11-06 15:20:00+00:00,LONG,102124.7,102737.4482,101818.3259,102737.4482,TARGET,0.006000000000000005,0.004600000000000005,24.120799403306624,5267.772843600393,5
2025-11-06 15:35:00+00:00,2025-11-06 15:40:00+00:00,2025-11-06 16:15:00+00:00,LONG,101919.8,101614.04060000001,101614.04060000001,102531.31880000001,STOP,-0.0030000000000000027,-0.004400000000000003,-23.178200511841744,5244.594643088551,8
2025-11-06 16:25:00+00:00,2025-11-06 16:30:00+00:00,2025-11-06 16:30:00+00:00,LONG,101790.9,101485.52729999999,101485.52729999999,102401.6454,STOP,-0.0030000000000001137,-0.004400000000000114,-23.076216429590218,5221.51842665896,1
2025-11-06 16:35:00+00:00,2025-11-06 16:40:00+00:00,2025-11-06 16:40:00+00:00,LONG,100959.9,100657.02029999999,100657.02029999999,101565.65939999999,STOP,-0.0030000000000000027,-0.004400000000000003,-22.97468107729944,5198.543745581661,1
2025-11-06 16:50:00+00:00,2025-11-06 16:55:00+00:00,2025-11-06 16:55:00+00:00,LONG,101090.0,100786.73,100786.73,101696.54,STOP,-0.0030000000000000027,-0.004400000000000003,-22.873592480559324,5175.670153101101,1
2025-11-06 18:45:00+00:00,2025-11-06 18:50:00+00:00,2025-11-06 19:00:00+00:00,SHORT,102278.8,101665.1272,102585.63639999999,101665.1272,TARGET,0.006036217303822866,0.004636217303822866,23.995531522686868,5199.665684623788,3
2025-11-06 21:50:00+00:00,2025-11-06 21:55:00+00:00,2025-11-06 23:25:00+00:00,SHORT,101195.3,101498.8859,101498.8859,100588.1282,STOP,-0.0029910269192421346,-0.004391026919242135,-22.83187199224264,5176.833812631546,19
2025-11-07 00:00:00+00:00,2025-11-07 00:05:00+00:00,2025-11-07 00:25:00+00:00,SHORT,101524.6,100915.45240000001,101829.17379999999,100915.45240000001,TARGET,0.006036217303822866,0.004636217303822866,24.000926501137673,5200.834739132683,5
2025-11-07 01:05:00+00:00,2025-11-07 01:10:00+00:00,2025-11-07 01:20:00+00:00,LONG,101083.5,101690.001,100780.2495,101690.001,TARGET,0.006000000000000005,0.004600000000000005,23.92383980001037,5224.758578932694,3
2025-11-07 03:00:00+00:00,2025-11-07 03:05:00+00:00,2025-11-07 05:10:00+00:00,SHORT,102191.0,102497.57299999999,102497.57299999999,101577.854,STOP,-0.0029910269192421346,-0.004391026919242135,-22.942055566634743,5201.816523366059,26
2025-11-07 05:15:00+00:00,2025-11-07 05:20:00+00:00,2025-11-07 07:20:00+00:00,SHORT,102389.0,101774.666,102696.16699999999,101774.666,TARGET,0.006036217303822866,0.004636217303822866,24.116751776941424,5225.933275143001,25
2025-11-07 07:25:00+00:00,2025-11-07 07:30:00+00:00,2025-11-07 08:35:00+00:00,LONG,101866.0,101560.402,101560.402,102477.196,STOP,-0.0030000000000000027,-0.004400000000000003,-22.994106410629218,5202.939168732372,14
2025-11-07 08:50:00+00:00,2025-11-07 08:55:00+00:00,2025-11-07 09:20:00+00:00,LONG,101528.2,101223.6154,101223.6154,102137.3692,STOP,-0.0030000000000000027,-0.004400000000000003,-22.89293234242245,5180.04623638995,6
2025-11-07 09:25:00+00:00,2025-11-07 09:30:00+00:00,2025-11-07 10:15:00+00:00,LONG,101026.1,100723.02170000001,100723.02170000001,101632.25660000001,STOP,-0.0029999999999998916,-0.004399999999999892,-22.79220344011522,5157.254032949834,10
2025-11-07 11:10:00+00:00,2025-11-07 11:15:00+00:00,2025-11-07 11:25:00+00:00,LONG,100108.1,99807.7757,99807.7757,100708.7486,STOP,-0.0030000000000001137,-0.004400000000000114,-22.691917744979857,5134.562115204854,3
2025-11-07 11:30:00+00:00,2025-11-07 11:35:00+00:00,2025-11-07 12:30:00+00:00,LONG,100036.1,99735.9917,99735.9917,100636.3166,STOP,-0.0030000000000001137,-0.004400000000000114,-22.592073306901945,5111.970041897953,12
2025-11-07 12:45:00+00:00,2025-11-07 12:50:00+00:00,2025-11-07 13:10:00+00:00,LONG,99418.9,100015.41339999999,99120.6433,100015.41339999999,TARGET,0.006000000000000005,0.004600000000000005,23.51506219273061,5135.485104090683,5
2025-11-07 13:20:00+00:00,2025-11-07 13:25:00+00:00,2025-11-07 14:35:00+00:00,SHORT,100299.9,99698.10059999999,100600.79969999999,99698.10059999999,TARGET,0.006036217303822866,0.004636217303822866,23.809224903109797,5159.294328993793,15
2025-11-07 14:40:00+00:00,2025-11-07 14:45:00+00:00,2025-11-07 15:10:00+00:00,SHORT,100796.4,101098.78919999998,101098.78919999998,100191.6216,STOP,-0.0029910269192421346,-0.004391026919242135,-22.654600282905033,5136.6397287108875,6
2025-11-07 17:15:00+00:00,2025-11-07 17:20:00+00:00,2025-11-07 17:20:00+00:00,SHORT,101647.9,101952.84369999998,101952.84369999998,101038.01259999999,STOP,-0.0029910269192421346,-0.004391026919242135,-22.555123323218123,5114.084605387669,1
2025-11-07 17:25:00+00:00,2025-11-07 17:30:00+00:00,2025-11-07 17:30:00+00:00,SHORT,102333.6,102640.6008,102640.6008,101719.5984,STOP,-0.0029910269192422456,-0.004391026919242246,-22.456083169539614,5091.62852221813,1
2025-11-07 19:35:00+00:00,2025-11-07 19:40:00+00:00,2025-11-07 20:35:00+00:00,SHORT,103189.1,103498.6673,103498.6673,102569.9654,STOP,-0.0029910269192422456,-0.004391026919242246,-22.35747790384142,5069.271044314288,12
2025-11-07 20:40:00+00:00,2025-11-07 20:45:00+00:00,2025-11-08 00:00:00+00:00,SHORT,103838.1,103215.0714,104149.6143,103215.0714,TARGET,0.006036217303823088,0.004636217303823088,23.502242133419237,5092.773286447707,40
2025-11-08 00:05:00+00:00,2025-11-08 00:10:00+00:00,2025-11-08 00:35:00+00:00,LONG,103204.3,102894.6871,102894.6871,103823.5258,STOP,-0.0030000000000001137,-0.004400000000000114,-22.40820246037049,5070.365083987336,6
2025-11-08 02:50:00+00:00,2025-11-08 02:55:00+00:00,2025-11-08 04:25:00+00:00,LONG,102770.0,102461.69,102461.69,103386.62,STOP,-0.0030000000000000027,-0.004400000000000003,-22.309606369544294,5048.055477617792,19
2025-11-08 05:55:00+00:00,2025-11-08 06:00:00+00:00,2025-11-08 07:20:00+00:00,LONG,102306.1,101999.1817,101999.1817,102919.9366,STOP,-0.0030000000000000027,-0.004400000000000003,-22.2114441015183,5025.844033516274,17
2025-11-08 11:35:00+00:00,2025-11-08 11:40:00+00:00,2025-11-08 11:50:00+00:00,LONG,102130.9,101824.5073,101824.5073,102743.68539999999,STOP,-0.0030000000000000027,-0.004400000000000003,-22.11371374747162,5003.7303197688025,3
2025-11-08 11:55:00+00:00,2025-11-08 12:00:00+00:00,2025-11-08 14:15:00+00:00,LONG,101860.7,101555.1179,101555.1179,102471.8642,STOP,-0.0030000000000000027,-0.004400000000000003,-22.016413406982746,4981.71390636182,28
2025-11-08 19:15:00+00:00,2025-11-08 19:20:00+00:00,2025-11-08 22:50:00+00:00,LONG,101786.2,102396.9172,101480.84139999999,102396.9172,TARGET,0.006000000000000005,0.004600000000000005,22.915883969264396,5004.629790331084,43
2025-11-09 00:10:00+00:00,2025-11-09 00:15:00+00:00,2025-11-09 00:15:00+00:00,LONG,102056.2,101750.03139999999,101750.03139999999,102668.53719999999,STOP,-0.0030000000000000027,-0.004400000000000003,-22.020371077456787,4982.6094192536275,1
2025-11-09 00:20:00+00:00,2025-11-09 00:25:00+00:00,2025-11-09 03:25:00+00:00,LONG,101782.0,101476.654,101476.654,102392.692,STOP,-0.0030000000000000027,-0.004400000000000003,-21.923481444715975,4960.685937808911,37
2025-11-09 04:15:00+00:00,2025-11-09 04:20:00+00:00,2025-11-09 08:15:00+00:00,SHORT,102032.1,101978.9,102338.1963,101419.90740000001,TIME,0.0005216765428928127,-0.0008783234571071873,-4.357086822519332,4956.328850986391,48
2025-11-09 11:15:00+00:00,2025-11-09 11:20:00+00:00,2025-11-09 13:25:00+00:00,SHORT,102196.9,102503.49069999998,102503.49069999998,101583.7186,STOP,-0.0029910269192421346,-0.004391026919242135,-21.763373405297685,4934.565477581094,26
2025-11-09 13:30:00+00:00,2025-11-09 13:35:00+00:00,2025-11-09 13:50:00+00:00,SHORT,102655.4,102963.36619999999,102963.36619999999,102039.46759999999,STOP,-0.0029910269192422456,-0.004391026919242246,-21.66780984682205,4912.897667734272,4
2025-11-09 14:05:00+00:00,2025-11-09 14:10:00+00:00,2025-11-09 14:15:00+00:00,SHORT,102997.0,103305.991,103305.991,102379.018,STOP,-0.0029910269192422456,-0.004391026919242246,-21.572665910503634,4891.325001823768,2
2025-11-09 14:25:00+00:00,2025-11-09 14:30:00+00:00,2025-11-09 14:40:00+00:00,SHORT,103870.6,103247.37640000001,104182.21179999999,103247.37640000001,TARGET,0.006036217303822866,0.004636217303822866,22.677245612076764,4914.002247435845,3
2025-11-09 15:50:00+00:00,2025-11-09 15:55:00+00:00,2025-11-09 18:45:00+00:00,SHORT,103790.9,104102.27269999999,104102.27269999999,103168.1546,STOP,-0.0029910269192422456,-0.004391026919242246,-21.57751614970769,4892.424731286137,35
2025-11-09 18:50:00+00:00,2025-11-09 18:55:00+00:00,2025-11-09 19:25:00+00:00,SHORT,104410.8,104724.0324,104724.0324,103784.3352,STOP,-0.0029910269192422456,-0.004391026919242246,-21.482768695443937,4870.941962590693,7
2025-11-09 19:35:00+00:00,2025-11-09 19:40:00+00:00,2025-11-09 22:05:00+00:00,SHORT,104759.2,104130.6448,105073.47759999998,104130.6448,TARGET,0.006036217303822866,0.004636217303822866,22.58274541287988,4893.524708003573,30
2025-11-09 22:50:00+00:00,2025-11-09 22:55:00+00:00,2025-11-09 23:00:00+00:00,SHORT,104766.7,105081.00009999999,105081.00009999999,104138.0998,STOP,-0.0029910269192422456,-0.004391026919242246,-21.487598722820742,4872.037109280753,2
2025-11-09 23:05:00+00:00,2025-11-09 23:10:00+00:00,2025-11-10 00:00:00+00:00,SHORT,105002.6,104372.5844,105317.6078,104372.5844,TARGET,0.006036217303822866,0.004636217303822866,22.58782275091456,4894.624932031667,11
2025-11-10 00:20:00+00:00,2025-11-10 00:25:00+00:00,2025-11-10 00:40:00+00:00,SHORT,105699.9,106016.99969999999,106016.99969999999,105065.7006,STOP,-0.0029910269192422456,-0.004391026919242246,-21.4924298361453,4873.132502195522,4
2025-11-10 00:45:00+00:00,2025-11-10 00:50:00+00:00,2025-11-10 01:00:00+00:00,SHORT,106232.1,106550.79629999999,106550.79629999999,105594.7074,STOP,-0.0029910269192421346,-0.004391026919242135,-21.398055998174318,4851.734446197347,3
2025-11-10 01:10:00+00:00,2025-11-10 01:15:00+00:00,2025-11-10 02:00:00+00:00,SHORT,106303.1,105665.2814,106622.00929999999,105665.2814,TARGET,0.006036217303822866,0.004636217303822866,22.49369519301359,4874.228141390361,10
2025-11-10 03:00:00+00:00,2025-11-10 03:05:00+00:00,2025-11-10 07:00:00+00:00,SHORT,106207.6,106308.5,106526.22279999999,105570.35440000001,TIME,-0.0009491244820498679,-0.002349124482049868,-11.450168658036523,4862.777972732325,48
2025-11-10 07:05:00+00:00,2025-11-10 07:10:00+00:00,2025-11-10 09:15:00+00:00,SHORT,106492.6,105853.6444,106812.0778,105853.6444,TARGET,0.006036217303822866,0.004636217303822866,22.544895381830283,4885.322868114155,26
2025-11-10 11:15:00+00:00,2025-11-10 11:20:00+00:00,2025-11-10 14:35:00+00:00,LONG,106019.7,105701.6409,105701.6409,106655.8182,STOP,-0.0030000000000000027,-0.004400000000000003,-21.495420619702298,4863.827447494453,40
2025-11-10 14:45:00+00:00,2025-11-10 14:50:00+00:00,2025-11-10 14:50:00+00:00,LONG,105227.8,104912.11660000001,104912.11660000001,105859.1668,STOP,-0.0029999999999998916,-0.004399999999999892,-21.400840768975065,4842.4266067254775,1
2025-11-10 15:00:00+00:00,2025-11-10 15:05:00+00:00,2025-11-10 15:50:00+00:00,LONG,105170.7,104855.18789999999,104855.18789999999,105801.7242,STOP,-0.0030000000000001137,-0.004400000000000114,-21.306677069592652,4821.119929655885,10
2025-11-10 18:10:00+00:00,2025-11-10 18:15:00+00:00,2025-11-10 18:20:00+00:00,SHORT,105718.0,106035.154,106035.154,105083.692,STOP,-0.0029910269192422456,-0.004391026919242246,-21.169667392014276,4799.950262263871,2
2025-11-10 18:55:00+00:00,2025-11-10 19:00:00+00:00,2025-11-10 20:10:00+00:00,LONG,105481.4,106114.28839999999,105164.9558,106114.28839999999,TARGET,0.006000000000000005,0.004600000000000005,22.07977120641383,4822.030033470285,15
2025-11-10 21:05:00+00:00,2025-11-10 21:10:00+00:00,2025-11-10 21:45:00+00:00,LONG,105665.9,105348.90229999999,105348.90229999999,106299.8954,STOP,-0.0030000000000001137,-0.004400000000000114,-21.216932147269805,4800.813101323015,8
2025-11-10 22:45:00+00:00,2025-11-10 22:50:00+00:00,2025-11-10 23:10:00+00:00,SHORT,105848.7,106166.24609999999,106166.24609999999,105213.6078,STOP,-0.0029910269192422456,-0.004391026919242246,-21.08049956216021,4779.732601760855,5
2025-11-11 00:10:00+00:00,2025-11-11 00:15:00+00:00,2025-11-11 00:45:00+00:00,LONG,105889.0,105571.333,105571.333,106524.334,STOP,-0.0030000000000000027,-0.004400000000000003,-21.030823447747775,4758.701778313107,7
2025-11-11 01:15:00+00:00,2025-11-11 01:20:00+00:00,2025-11-11 01:30:00+00:00,SHORT,107360.0,106715.84,107682.07999999999,106715.84,TARGET,0.006036217303822866,0.004636217303822866,22.062375528347868,4780.764153841455,3
2025-11-11 01:35:00+00:00,2025-11-11 01:40:00+00:00,2025-11-11 02:05:00+00:00,SHORT,106396.1,105757.7234,106715.2883,105757.7234,TARGET,0.006036217303822866,0.004636217303822866,22.164661495535835,4802.928815336991,6
2025-11-11 02:25:00+00:00,2025-11-11 02:30:00+00:00,2025-11-11 02:35:00+00:00,LONG,106388.8,107027.1328,106069.6336,107027.1328,TARGET,0.006000000000000005,0.004600000000000005,22.09347255055018,4825.022287887541,2
2025-11-11 04:20:00+00:00,2025-11-11 04:25:00+00:00,2025-11-11 04:45:00+00:00,LONG,106134.4,105815.9968,105815.9968,106771.2064,STOP,-0.0030000000000000027,-0.004400000000000003,-21.230098066705196,4803.792189820836,5
2025-11-11 05:10:00+00:00,2025-11-11 05:15:00+00:00,2025-11-11 06:05:00+00:00,LONG,105382.0,105065.854,105065.854,106014.292,STOP,-0.0029999999999998916,-0.004399999999999892,-21.13668563521116,4782.6555041856245,11
2025-11-11 10:00:00+00:00,2025-11-11 10:05:00+00:00,2025-11-11 12:45:00+00:00,LONG,105008.8,104693.7736,104693.7736,105638.85280000001,STOP,-0.0030000000000000027,-0.004400000000000003,-21.04368421841676,4761.611819967207,33
2025-11-11 12:50:00+00:00,2025-11-11 12:55:00+00:00,2025-11-11 13:25:00+00:00,LONG,104584.9,104271.14529999999,104271.14529999999,105212.40939999999,STOP,-0.0030000000000000027,-0.004400000000000003,-20.951092007855728,4740.660727959352,7
2025-11-11 14:40:00+00:00,2025-11-11 14:45:00+00:00,2025-11-11 15:25:00+00:00,LONG,104098.0,103785.706,103785.706,104722.588,STOP,-0.0029999999999998916,-0.004399999999999892,-20.858907203020635,4719.801820756331,9
2025-11-11 15:30:00+00:00,2025-11-11 15:35:00+00:00,2025-11-11 15:45:00+00:00,LONG,103594.0,103283.218,103283.218,104215.564,STOP,-0.0030000000000001137,-0.004400000000000114,-20.767128011328392,4699.034692745003,3
2025-11-11 17:35:00+00:00,2025-11-11 17:40:00+00:00,2025-11-11 20:05:00+00:00,LONG,103144.4,102834.9668,102834.9668,103763.2664,STOP,-0.0030000000000000027,-0.004400000000000003,-20.675752648078024,4678.358940096925,30
2025-11-11 20:55:00+00:00,2025-11-11 21:00:00+00:00,2025-11-11 21:35:00+00:00,LONG,102820.2,102511.73939999999,102511.73939999999,103437.1212,STOP,-0.0030000000000000027,-0.004400000000000003,-20.584779336426482,4657.7741607604985,8
2025-11-11 23:15:00+00:00,2025-11-11 23:20:00+00:00,2025-11-12 03:15:00+00:00,SHORT,103150.0,103321.1,103459.44999999998,102531.1,TIME,-0.0016560025009413337,-0.003056002500941334,-14.234169484104006,4643.539991276394,48
2025-11-12 06:10:00+00:00,2025-11-12 06:15:00+00:00,2025-11-12 08:25:00+00:00,SHORT,103552.1,103862.7563,103862.7563,102930.7874,STOP,-0.0029910269192421346,-0.004391026919242135,-20.389909102272036,4623.150082174122,27
2025-11-12 08:30:00+00:00,2025-11-12 08:35:00+00:00,2025-11-12 09:00:00+00:00,SHORT,103952.0,104263.85599999999,104263.85599999999,103328.288,STOP,-0.0029910269192421346,-0.004391026919242135,-20.300376462523058,4602.849705711599,6
2025-11-12 09:05:00+00:00,2025-11-12 09:10:00+00:00,2025-11-12 09:10:00+00:00,SHORT,104474.9,104788.32469999998,104788.32469999998,103848.05059999999,STOP,-0.0029910269192421346,-0.004391026919242135,-20.21123696300537,4582.638468748594,1
2025-11-12 09:20:00+00:00,2025-11-12 09:25:00+00:00,2025-11-12 12:20:00+00:00,SHORT,104953.0,105267.85899999998,105267.85899999998,104323.282,STOP,-0.0029910269192421346,-0.004391026919242135,-20.122488877429635,4562.515979871165,36
2025-11-12 14:35:00+00:00,2025-11-12 14:40:00+00:00,2025-11-12 14:45:00+00:00,LONG,104604.9,104291.08529999999,104291.08529999999,105232.5294,STOP,-0.0030000000000000027,-0.004400000000000003,-20.075070311433137,4542.440909559731,2
2025-11-12 14:50:00+00:00,2025-11-12 14:55:00+00:00,2025-11-12 15:00:00+00:00,LONG,104175.0,103862.475,103862.475,104800.05,STOP,-0.0029999999999998916,-0.004399999999999892,-19.986740002062326,4522.454169557669,2
2025-11-12 15:35:00+00:00,2025-11-12 15:40:00+00:00,2025-11-12 15:45:00+00:00,LONG,102900.8,102592.09760000001,102592.09760000001,103518.2048,STOP,-0.0030000000000000027,-0.004400000000000003,-19.898798346053756,4502.555371211615,2
2025-11-12 15:50:00+00:00,2025-11-12 15:55:00+00:00,2025-11-12 16:10:00+00:00,LONG,102103.2,101796.8904,101796.8904,102715.8192,STOP,-0.0029999999999998916,-0.004399999999999892,-19.81124363333062,4482.744127578285,4
2025-11-12 19:05:00+00:00,2025-11-12 19:10:00+00:00,2025-11-12 19:25:00+00:00,LONG,101367.3,101063.19810000001,101063.19810000001,101975.5038,STOP,-0.0029999999999998916,-0.004399999999999892,-19.724074161343967,4463.020053416941,4
2025-11-12 22:10:00+00:00,2025-11-12 22:15:00+00:00,2025-11-13 01:10:00+00:00,LONG,101468.0,102076.808,101163.596,102076.808,TARGET,0.006000000000000005,0.004600000000000005,20.52989224571795,4483.5499456626585,36
2025-11-13 01:15:00+00:00,2025-11-13 01:20:00+00:00,2025-11-13 03:10:00+00:00,SHORT,102273.4,101659.75959999999,102580.22019999998,101659.75959999999,TARGET,0.006036217303822866,0.004636217303822866,20.786711840635288,4504.336657503294,23
2025-11-13 03:15:00+00:00,2025-11-13 03:20:00+00:00,2025-11-13 03:30:00+00:00,LONG,101724.7,102335.0482,101419.5259,102335.0482,TARGET,0.006000000000000005,0.004600000000000005,20.719948624515176,4525.05660612781,3
2025-11-13 03:40:00+00:00,2025-11-13 03:45:00+00:00,2025-11-13 04:00:00+00:00,SHORT,102427.1,101812.5374,102734.3813,101812.5374,TARGET,0.006036217303823088,0.004636217303823088,20.979145738108727,4546.035751865918,4
2025-11-13 05:45:00+00:00,2025-11-13 05:50:00+00:00,2025-11-13 05:50:00+00:00,SHORT,102760.2,103068.48059999998,103068.48059999998,102143.6388,STOP,-0.0029910269192421346,-0.004391026919242135,-19.961765362280406,4526.073986503638,1
2025-11-13 05:55:00+00:00,2025-11-13 06:00:00+00:00,2025-11-13 06:20:00+00:00,SHORT,103144.8,103454.23439999999,103454.23439999999,102525.9312,STOP,-0.0029910269192421346,-0.004391026919242135,-19.874112713219034,4506.199873790419,5
2025-11-13 07:00:00+00:00,2025-11-13 07:05:00+00:00,2025-11-13 07:20:00+00:00,SHORT,103609.8,103920.62939999999,103920.62939999999,102988.1412,STOP,-0.0029910269192421346,-0.004391026919242135,-19.78684494929924,4486.41302884112,4
2025-11-13 07:25:00+00:00,2025-11-13 07:30:00+00:00,2025-11-13 08:00:00+00:00,SHORT,103912.2,103288.72679999999,104223.93659999999,103288.72679999999,TARGET,0.006036217303823088,0.004636217303823088,20.79998571641055,4507.21301455753,7
2025-11-13 09:05:00+00:00,2025-11-13 09:10:00+00:00,2025-11-13 13:05:00+00:00,LONG,102817.1,103004.0,102508.6487,103434.0026,TIME,0.0018177910094721028,0.00041779100947210283,1.8830730752577902,4509.096087632788,48
2025-11-13 13:25:00+00:00,2025-11-13 13:30:00+00:00,2025-11-13 13:35:00+00:00,LONG,102551.1,102243.4467,102243.4467,103166.4066,STOP,-0.0030000000000000027,-0.004400000000000003,-19.84002278558428,4489.256064847204,2
2025-11-13 13:40:00+00:00,2025-11-13 13:45:00+00:00,2025-11-13 14:00:00+00:00,LONG,102548.7,102241.0539,102241.0539,103163.9922,STOP,-0.0030000000000000027,-0.004400000000000003,-19.75272668532771,4469.503338161876,4
2025-11-13 14:15:00+00:00,2025-11-13 14:20:00+00:00,2025-11-13 14:35:00+00:00,LONG,102340.3,102033.2791,102033.2791,102954.34180000001,STOP,-0.0030000000000000027,-0.004400000000000003,-19.665814687912267,4449.837523473963,4
2025-11-13 14:40:00+00:00,2025-11-13 14:45:00+00:00,2025-11-13 14:50:00+00:00,LONG,101825.7,102436.6542,101520.2229,102436.6542,TARGET,0.006000000000000005,0.004600000000000005,20.469252607980255,4470.306776081944,2
2025-11-13 14:55:00+00:00,2025-11-13 15:00:00+00:00,2025-11-13 15:00:00+00:00,SHORT,102877.4,102260.1356,103186.03219999999,102260.1356,TARGET,0.006036217303822866,0.004636217303822866,20.725313628667717,4491.032089710612,1
2025-11-13 15:45:00+00:00,2025-11-13 15:50:00+00:00,2025-11-13 16:15:00+00:00,LONG,101303.8,100999.8886,100999.8886,101911.6228,STOP,-0.0030000000000000027,-0.004400000000000003,-19.760541194726706,4471.271548515885,6
2025-11-13 17:40:00+00:00,2025-11-13 17:45:00+00:00,2025-11-13 17:55:00+00:00,LONG,100034.9,99734.7953,99734.7953,100635.1094,STOP,-0.0030000000000000027,-0.004400000000000003,-19.673594813469908,4451.597953702415,3
2025-11-13 18:05:00+00:00,2025-11-13 18:10:00+00:00,2025-11-13 18:15:00+00:00,LONG,99424.1,99125.82770000001,99125.82770000001,100020.6446,STOP,-0.0030000000000000027,-0.004400000000000003,-19.58703099629064,4432.010922706125,2
2025-11-13 18:25:00+00:00,2025-11-13 18:30:00+00:00,2025-11-13 18:30:00+00:00,LONG,99097.1,98799.80870000001,98799.80870000001,99691.6826,STOP,-0.0030000000000000027,-0.004400000000000003,-19.50084805990696,4412.510074646218,1
2025-11-13 18:35:00+00:00,2025-11-13 18:40:00+00:00,2025-11-13 18:50:00+00:00,LONG,98513.5,98217.9595,98217.9595,99104.581,STOP,-0.0030000000000000027,-0.004400000000000003,-19.41504432844337,4393.095030317774,3
2025-11-13 22:35:00+00:00,2025-11-13 22:40:00+00:00,2025-11-13 23:10:00+00:00,SHORT,99749.7,100048.94909999998,100048.94909999998,99151.2018,STOP,-0.0029910269192421346,-0.004391026919242135,-19.29019853691419,4373.80483178086,7
2025-11-13 23:15:00+00:00,2025-11-13 23:20:00+00:00,2025-11-13 23:50:00+00:00,SHORT,100368.6,99766.38840000001,100669.7058,99766.38840000001,TARGET,0.006036217303822866,0.004636217303822866,20.27790964464648,4394.082741425506,7
2025-11-14 00:05:00+00:00,2025-11-14 00:10:00+00:00,2025-11-14 00:15:00+00:00,LONG,99214.3,98916.6571,98916.6571,99809.5858,STOP,-0.0030000000000001137,-0.004400000000000114,-19.333964062272727,4374.748777363234,2
2025-11-14 03:15:00+00:00,2025-11-14 03:20:00+00:00,2025-11-14 03:40:00+00:00,LONG,99175.1,98877.57470000001,98877.57470000001,99770.15060000001,STOP,-0.0029999999999998916,-0.004399999999999892,-19.248894620397756,4355.499882742836,5
2025-11-14 03:45:00+00:00,2025-11-14 03:50:00+00:00,2025-11-14 04:30:00+00:00,LONG,98937.3,98640.4881,98640.4881,99530.9238,STOP,-0.0030000000000000027,-0.004400000000000003,-19.16419948406849,4336.335683258768,9
2025-11-14 04:35:00+00:00,2025-11-14 04:40:00+00:00,2025-11-14 04:40:00+00:00,LONG,96873.5,97454.741,96582.8795,97454.741,TARGET,0.006000000000000005,0.004600000000000005,19.947144142990354,4356.282827401758,1
2025-11-14 04:45:00+00:00,2025-11-14 04:50:00+00:00,2025-11-14 04:55:00+00:00,LONG,97251.0,97834.506,96959.247,97834.506,TARGET,0.006000000000000005,0.004600000000000005,20.03890100604811,4376.321728407806,2
2025-11-14 06:45:00+00:00,2025-11-14 06:50:00+00:00,2025-11-14 06:55:00+00:00,LONG,96586.9,97166.42139999999,96297.1393,97166.42139999999,TARGET,0.006000000000000005,0.004600000000000005,20.131079950675932,4396.452808358482,2
2025-11-14 09:30:00+00:00,2025-11-14 09:35:00+00:00,2025-11-14 11:15:00+00:00,LONG,96775.4,96485.0738,96485.0738,97356.0524,STOP,-0.0030000000000000027,-0.004400000000000003,-19.344392356777334,4377.108416001704,21
2025-11-14 11:20:00+00:00,2025-11-14 11:25:00+00:00,2025-11-14 11:30:00+00:00,LONG,96667.2,96377.1984,96377.1984,97247.2032,STOP,-0.0030000000000000027,-0.004400000000000003,-19.25927703040751,4357.849138971297,2
2025-11-14 11:35:00+00:00,2025-11-14 11:40:00+00:00,2025-11-14 11:40:00+00:00,LONG,96209.9,95921.27029999999,95921.27029999999,96787.15939999999,STOP,-0.0030000000000000027,-0.004400000000000003,-19.17453621147372,4338.674602759824,1
2025-11-14 11:45:00+00:00,2025-11-14 11:50:00+00:00,2025-11-14 11:50:00+00:00,LONG,96058.9,95770.7233,95770.7233,96635.2534,STOP,-0.0030000000000000027,-0.004400000000000003,-19.090168252143236,4319.58443450768,1
2025-11-14 12:10:00+00:00,2025-11-14 12:15:00+00:00,2025-11-14 12:30:00+00:00,LONG,95622.5,95335.6325,95335.6325,96196.235,STOP,-0.0029999999999998916,-0.004399999999999892,-19.006171511833326,4300.578262995847,4
2025-11-14 12:35:00+00:00,2025-11-14 12:40:00+00:00,2025-11-14 12:40:00+00:00,LONG,95014.9,94729.8553,94729.8553,95584.98939999999,STOP,-0.0030000000000000027,-0.004400000000000003,-18.92254435718174,4281.655718638665,1
2025-11-14 14:20:00+00:00,2025-11-14 14:25:00+00:00,2025-11-14 14:30:00+00:00,SHORT,95734.1,95159.69540000001,96021.3023,95159.69540000001,TARGET,0.006036217303822866,0.004636217303822866,19.85068633176471,4301.50640497043,2
2025-11-14 14:35:00+00:00,2025-11-14 14:40:00+00:00,2025-11-14 14:45:00+00:00,SHORT,96311.7,96600.63509999998,96600.63509999998,95733.82979999999,STOP,-0.0029910269192421346,-0.004391026919242135,-18.888030417517616,4282.618374552912,2
2025-11-14 15:45:00+00:00,2025-11-14 15:50:00+00:00,2025-11-14 16:00:00+00:00,SHORT,97081.2,96498.7128,97372.44359999998,96498.7128,TARGET,0.006036217303822866,0.004636217303822866,19.85514941377197,4302.473523966684,3
2025-11-14 16:30:00+00:00,2025-11-14 16:35:00+00:00,2025-11-14 17:25:00+00:00,SHORT,97149.0,96566.106,97440.44699999999,96566.106,TARGET,0.006036217303822866,0.004636217303822866,19.947202201054086,4322.420726167738,11
2025-11-14 17:45:00+00:00,2025-11-14 17:50:00+00:00,2025-11-14 17:50:00+00:00,LONG,95953.9,95666.0383,95666.0383,96529.6234,STOP,-0.0029999999999998916,-0.004399999999999892,-19.018651195137583,4303.4020749726005,1
2025-11-14 18:40:00+00:00,2025-11-14 18:45:00+00:00,2025-11-14 18:55:00+00:00,LONG,95387.6,95101.4372,95101.4372,95959.9256,STOP,-0.0030000000000000027,-0.004400000000000003,-18.934969129879455,4284.467105842721,3
2025-11-14 19:00:00+00:00,2025-11-14 19:05:00+00:00,2025-11-14 19:10:00+00:00,LONG,94834.0,95403.004,94549.498,95403.004,TARGET,0.006000000000000005,0.004600000000000005,19.70854868687654,4304.1756545295975,2
2025-11-14 20:30:00+00:00,2025-11-14 20:35:00+00:00,2025-11-14 20:35:00+00:00,LONG,94993.9,94708.91829999999,94708.91829999999,95563.86339999999,STOP,-0.0030000000000000027,-0.004400000000000003,-18.93837287993024,4285.237281649667,1
2025-11-14 20:40:00+00:00,2025-11-14 20:45:00+00:00,2025-11-14 21:05:00+00:00,LONG,94384.1,94950.40460000001,94100.9477,94950.40460000001,TARGET,0.006000000000000005,0.004600000000000005,19.712091495588492,4304.949373145256,5
2025-11-14 21:20:00+00:00,2025-11-14 21:25:00+00:00,2025-11-14 21:25:00+00:00,LONG,94933.4,94648.5998,94648.5998,95503.00039999999,STOP,-0.0030000000000000027,-0.004400000000000003,-18.941777241839137,4286.007595903417,1
2025-11-14 22:40:00+00:00,2025-11-14 22:45:00+00:00,2025-11-14 23:00:00+00:00,SHORT,95377.2,94804.9368,95663.33159999999,94804.9368,TARGET,0.006036217303822866,0.004636217303822866,19.87086258044366,4305.87845848386,4
2025-11-14 23:05:00+00:00,2025-11-14 23:10:00+00:00,2025-11-14 23:45:00+00:00,LONG,94365.3,94931.4918,94082.2041,94931.4918,TARGET,0.006000000000000005,0.004600000000000005,19.80704090902578,4325.685499392886,8
2025-11-15 00:05:00+00:00,2025-11-15 00:10:00+00:00,2025-11-15 00:20:00+00:00,SHORT,95064.1,95349.2923,95349.2923,94493.7154,STOP,-0.0029910269192422456,-0.004391026919242246,-18.99420147201,4306.691297920876,3
2025-11-15 01:55:00+00:00,2025-11-15 02:00:00+00:00,2025-11-15 02:40:00+00:00,SHORT,95655.8,95942.7674,95942.7674,95081.8652,STOP,-0.0029910269192422456,-0.004391026919242246,-18.910797422036897,4287.7805004988395,9
2025-11-15 03:00:00+00:00,2025-11-15 03:05:00+00:00,2025-11-15 03:15:00+00:00,SHORT,96271.0,96559.813,96559.813,95693.374,STOP,-0.0029910269192422456,-0.004391026919242246,-18.827759601492396,4268.952740897347,3
2025-11-15 03:25:00+00:00,2025-11-15 03:30:00+00:00,2025-11-15 04:25:00+00:00,SHORT,96651.1,96071.1934,96941.0533,96071.1934,TARGET,0.006036217303822866,0.004636217303822866,19.79179256655033,4288.744533463898,12
2025-11-15 07:00:00+00:00,2025-11-15 07:05:00+00:00,2025-11-15 08:50:00+00:00,LONG,95976.9,95688.9693,95688.9693,96552.76139999999,STOP,-0.0030000000000000027,-0.004400000000000003,-18.87047594724116,4269.874057516657,22
2025-11-15 11:40:00+00:00,2025-11-15 11:45:00+00:00,2025-11-15 14:00:00+00:00,LONG,95809.2,96384.0552,95521.7724,96384.0552,TARGET,0.006000000000000005,0.004600000000000005,19.641420664576643,4289.515478181233,28
2025-11-15 16:05:00+00:00,2025-11-15 16:10:00+00:00,2025-11-15 20:05:00+00:00,LONG,95871.0,95924.7,95583.387,96446.226,TIME,0.0005601276715585524,-0.0008398723284414476,-3.6026453525457023,4285.912832828688,48
2025-11-15 20:15:00+00:00,2025-11-15 20:20:00+00:00,2025-11-15 20:45:00+00:00,LONG,95698.0,95410.906,95410.906,96272.188,STOP,-0.0030000000000000027,-0.004400000000000003,-18.85801646444624,4267.054816364242,6
2025-11-15 20:50:00+00:00,2025-11-15 20:55:00+00:00,2025-11-16 00:50:00+00:00,LONG,95229.0,95552.4,94943.313,95800.374,TIME,0.0033960243203225993,0.001996024320322599,8.517145189612709,4275.571961553855,48
2025-11-16 01:00:00+00:00,2025-11-16 01:05:00+00:00,2025-11-16 01:40:00+00:00,LONG,95213.1,94927.46070000001,94927.46070000001,95784.37860000001,STOP,-0.0030000000000000027,-0.004400000000000003,-18.812516630836974,4256.759444923017,8
2025-11-16 01:45:00+00:00,2025-11-16 01:50:00+00:00,2025-11-16 02:25:00+00:00,LONG,94983.5,95553.401,94698.5495,95553.401,TARGET,0.006000000000000005,0.004600000000000005,19.5810934466459,4276.340538369664,8
2025-11-16 09:25:00+00:00,2025-11-16 09:30:00+00:00,2025-11-16 09:50:00+00:00,SHORT,96101.6,96389.90479999999,96389.90479999999,95524.99040000001,STOP,-0.0029910269192421346,-0.004391026919242135,-18.777526419827595,4257.563011949836,5
2025-11-16 09:55:00+00:00,2025-11-16 10:00:00+00:00,2025-11-16 11:10:00+00:00,SHORT,96621.5,96041.771,96911.3645,96041.771,TARGET,0.006036217303823088,0.004636217303823088,19.738987308118976,4277.301999257956,15
2025-11-16 11:15:00+00:00,2025-11-16 11:20:00+00:00,2025-11-16 11:20:00+00:00,LONG,96068.7,95780.4939,95780.4939,96645.1122,STOP,-0.0030000000000000027,-0.004400000000000003,-18.820128796735016,4258.481870461221,1
2025-11-16 11:25:00+00:00,2025-11-16 11:30:00+00:00,2025-11-16 13:35:00+00:00,LONG,95618.1,95331.2457,95331.2457,96191.8086,STOP,-0.0030000000000001137,-0.004400000000000114,-18.737320230029855,4239.744550231191,26
2025-11-16 13:45:00+00:00,2025-11-16 13:50:00+00:00,2025-11-16 15:50:00+00:00,LONG,95336.6,95050.5902,95050.5902,95908.6196,STOP,-0.0030000000000000027,-0.004400000000000003,-18.65487602101725,4221.089674210174,25
2025-11-16 15:55:00+00:00,2025-11-16 16:00:00+00:00,2025-11-16 16:15:00+00:00,LONG,94589.7,94305.93089999999,94305.93089999999,95157.23819999999,STOP,-0.0030000000000000027,-0.004400000000000003,-18.572794566524777,4202.516879643649,4
2025-11-16 16:20:00+00:00,2025-11-16 16:25:00+00:00,2025-11-16 17:40:00+00:00,LONG,94225.8,93943.1226,93943.1226,94791.1548,STOP,-0.0030000000000000027,-0.004400000000000003,-18.49107427043207,4184.025805373217,16
2025-11-16 18:00:00+00:00,2025-11-16 18:05:00+00:00,2025-11-16 18:10:00+00:00,SHORT,94644.9,94928.83469999998,94928.83469999998,94077.0306,STOP,-0.0029910269192421346,-0.004391026919242135,-18.372169942197548,4165.653635431019,2
2025-11-16 20:25:00+00:00,2025-11-16 20:30:00+00:00,2025-11-16 21:00:00+00:00,SHORT,94624.1,94056.3554,94907.9723,94056.3554,TARGET,0.006036217303823088,0.004636217303823088,19.312875466318843,4184.966510897338,7
2025-11-16 21:05:00+00:00,2025-11-16 21:10:00+00:00,2025-11-16 21:40:00+00:00,LONG,93781.7,93500.35489999999,93500.35489999999,94344.3902,STOP,-0.0030000000000001137,-0.004400000000000114,-18.41385264794876,4166.5526582493885,7
2025-11-16 22:00:00+00:00,2025-11-16 22:05:00+00:00,2025-11-16 22:25:00+00:00,LONG,93199.6,93758.7976,92920.0012,93758.7976,TARGET,0.006000000000000005,0.004600000000000005,19.16614222794721,4185.718800477336,5
2025-11-16 23:05:00+00:00,2025-11-16 23:10:00+00:00,2025-11-16 23:10:00+00:00,SHORT,93414.5,93694.7435,93694.7435,92854.013,STOP,-0.0029910269192422456,-0.004391026919242246,-18.379603929274346,4167.339196548061,1
2025-11-16 23:30:00+00:00,2025-11-16 23:35:00+00:00,2025-11-16 23:45:00+00:00,SHORT,94138.1,94420.5143,94420.5143,93573.27140000001,STOP,-0.0029910269192421346,-0.004391026919242135,-18.298898593655426,4149.040297954406,3
2025-11-17 00:25:00+00:00,2025-11-17 00:30:00+00:00,2025-11-17 00:35:00+00:00,SHORT,94734.8,95019.00439999999,95019.00439999999,94166.3912,STOP,-0.0029910269192421346,-0.004391026919242135,-18.218547637338204,4130.821750317068,2
2025-11-17 00:50:00+00:00,2025-11-17 00:55:00+00:00,2025-11-17 00:55:00+00:00,SHORT,95060.3,95345.4809,95345.4809,94489.9382,STOP,-0.0029910269192422456,-0.004391026919242246,-18.138549504233616,4112.683200812835,1
2025-11-17 01:15:00+00:00,2025-11-17 01:20:00+00:00,2025-11-17 02:10:00+00:00,SHORT,94950.9,95235.75269999998,95235.75269999998,94381.19459999999,STOP,-0.0029910269192421346,-0.004391026919242135,-18.058902645084064,4094.624298167751,11
2025-11-17 03:20:00+00:00,2025-11-17 03:25:00+00:00,2025-11-17 07:20:00+00:00,SHORT,95451.0,95594.8,95737.35299999999,94878.294,TIME,-0.0015042659224142607,-0.002904265922414261,-11.89187781425801,4082.732420353493,48
2025-11-17 07:40:00+00:00,2025-11-17 07:45:00+00:00,2025-11-17 11:40:00+00:00,SHORT,95757.5,95622.3,96044.77249999999,95182.955,TIME,0.0014138961309233533,1.3896130923353326e-05,0.05673418423825134,4082.7891545377315,48
2025-11-17 11:45:00+00:00,2025-11-17 11:50:00+00:00,2025-11-17 13:05:00+00:00,LONG,95440.2,95153.87939999999,95153.87939999999,96012.8412,STOP,-0.0030000000000001137,-0.004400000000000114,-17.964272279966483,4064.8248822577652,16
2025-11-17 13:10:00+00:00,2025-11-17 13:15:00+00:00,2025-11-17 13:25:00+00:00,LONG,94937.7,94652.8869,94652.8869,95507.3262,STOP,-0.0030000000000000027,-0.004400000000000003,-17.88522948193418,4046.939652775831,3
2025-11-17 13:30:00+00:00,2025-11-17 13:35:00+00:00,2025-11-17 13:40:00+00:00,LONG,94259.5,93976.7215,93976.7215,94825.057,STOP,-0.0030000000000000027,-0.004400000000000003,-17.806534472213666,4029.1331183036173,2
2025-11-17 13:50:00+00:00,2025-11-17 13:55:00+00:00,2025-11-17 14:15:00+00:00,LONG,93662.3,94224.27380000001,93381.3131,94224.27380000001,TARGET,0.006000000000000005,0.004600000000000005,18.53401234419666,4047.667130647814,5
2025-11-17 14:30:00+00:00,2025-11-17 14:35:00+00:00,2025-11-17 14:35:00+00:00,SHORT,94880.7,95165.34209999998,95165.34209999998,94311.4158,STOP,-0.0029910269192421346,-0.004391026919242135,-17.77341533080612,4029.8937153170077,1
2025-11-17 16:05:00+00:00,2025-11-17 16:10:00+00:00,2025-11-17 16:20:00+00:00,LONG,93368.6,93088.4942,93088.4942,93928.8116,STOP,-0.0030000000000000027,-0.004400000000000003,-17.731532347394847,4012.162182969613,3
2025-11-17 16:25:00+00:00,2025-11-17 16:30:00+00:00,2025-11-17 16:40:00+00:00,LONG,93482.4,94043.2944,93201.9528,94043.2944,TARGET,0.006000000000000005,0.004600000000000005,18.45594604166024,4030.618129011273,3
2025-11-17 16:50:00+00:00,2025-11-17 16:55:00+00:00,2025-11-17 17:15:00+00:00,SHORT,94328.0,93762.032,94610.984,93762.032,TARGET,0.006036217303822866,0.004636217303822866,18.68682151482421,4049.3049505260974,5
2025-11-17 17:40:00+00:00,2025-11-17 17:45:00+00:00,2025-11-17 18:25:00+00:00,LONG,92854.0,92575.438,92575.438,93411.124,STOP,-0.0030000000000000027,-0.004400000000000003,-17.81694178231484,4031.4880087437828,9
2025-11-17 19:30:00+00:00,2025-11-17 19:35:00+00:00,2025-11-17 19:35:00+00:00,LONG,92259.4,91982.6218,91982.6218,92812.9564,STOP,-0.0030000000000000027,-0.004400000000000003,-17.738547238472655,4013.74946150531,1
2025-11-17 19:45:00+00:00,2025-11-17 19:50:00+00:00,2025-11-17 19:55:00+00:00,LONG,91949.5,91673.65149999999,91673.65149999999,92501.197,STOP,-0.0030000000000001137,-0.004400000000000114,-17.660497630623823,3996.088963874686,2
2025-11-17 20:00:00+00:00,2025-11-17 20:05:00+00:00,2025-11-17 20:50:00+00:00,LONG,91593.1,92142.65860000001,91318.32070000001,92142.65860000001,TARGET,0.006000000000000005,0.004600000000000005,18.382009233823577,4014.47097310851,10
2025-11-17 21:45:00+00:00,2025-11-17 21:50:00+00:00,2025-11-17 22:10:00+00:00,LONG,91678.0,92228.068,91402.966,92228.068,TARGET,0.006000000000000005,0.004600000000000005,18.466566476299167,4032.937539584809,5
2025-11-17 22:25:00+00:00,2025-11-17 22:30:00+00:00,2025-11-18 00:40:00+00:00,SHORT,92186.3,91633.1822,92462.85889999999,91633.1822,TARGET,0.006036217303823088,0.004636217303823088,18.697574806260803,4051.63511439107,27
2025-11-18 00:45:00+00:00,2025-11-18 00:50:00+00:00,2025-11-18 02:00:00+00:00,LONG,91877.0,91601.369,91601.369,92428.262,STOP,-0.0029999999999998916,-0.004399999999999892,-17.82719450332027,4033.80791988775,15
2025-11-18 02:10:00+00:00,2025-11-18 02:15:00+00:00,2025-11-18 02:15:00+00:00,LONG,91177.7,90904.1669,90904.1669,91724.7662,STOP,-0.0030000000000000027,-0.004400000000000003,-17.74875484750611,4016.059165040244,1
2025-11-18 02:20:00+00:00,2025-11-18 02:25:00+00:00,2025-11-18 02:55:00+00:00,LONG,91349.6,91075.5512,91075.5512,91897.6976,STOP,-0.0030000000000000027,-0.004400000000000003,-17.670660326177085,3998.3885047140666,7
2025-11-18 03:00:00+00:00,2025-11-18 03:05:00+00:00,2025-11-18 03:20:00+00:00,LONG,90388.7,90117.5339,90117.5339,90931.0322,STOP,-0.0030000000000000027,-0.004400000000000003,-17.592909420741904,3980.795595293325,4
2025-11-18 03:30:00+00:00,2025-11-18 03:35:00+00:00,2025-11-18 03:35:00+00:00,LONG,89770.5,90309.123,89501.1885,90309.123,TARGET,0.006000000000000005,0.004600000000000005,18.311659738349313,3999.107255031674,1
2025-11-18 04:40:00+00:00,2025-11-18 04:45:00+00:00,2025-11-18 04:45:00+00:00,LONG,89863.2,89593.61039999999,89593.61039999999,90402.3792,STOP,-0.0030000000000001137,-0.004400000000000114,-17.59607192213982,3981.511183109534,1
2025-11-18 06:50:00+00:00,2025-11-18 06:55:00+00:00,2025-11-18 07:25:00+00:00,LONG,89607.0,90144.642,89338.179,90144.642,TARGET,0.006000000000000005,0.004600000000000005,18.314951442303876,3999.826134551838,7
2025-11-18 07:30:00+00:00,2025-11-18 07:35:00+00:00,2025-11-18 07:40:00+00:00,SHORT,90272.1,90542.9163,90542.9163,89730.46740000001,STOP,-0.0029910269192421346,-0.004391026919242135,-17.563344229105333,3982.2627903227326,2
2025-11-18 07:55:00+00:00,2025-11-18 08:00:00+00:00,2025-11-18 08:05:00+00:00,SHORT,90509.8,90781.32939999999,90781.32939999999,89966.7412,STOP,-0.0029910269192421346,-0.004391026919242135,-17.486223111803415,3964.776567210929,2
2025-11-18 08:35:00+00:00,2025-11-18 08:40:00+00:00,2025-11-18 10:00:00+00:00,SHORT,91260.8,91534.5824,91534.5824,90713.2352,STOP,-0.0029910269192422456,-0.004391026919242246,-17.409440635404053,3947.3671265755247,17
2025-11-18 12:10:00+00:00,2025-11-18 12:15:00+00:00,2025-11-18 12:40:00+00:00,LONG,91108.2,91654.8492,90834.87539999999,91654.8492,TARGET,0.006000000000000005,0.004600000000000005,18.157888782247433,3965.525015357772,6
2025-11-18 13:35:00+00:00,2025-11-18 13:40:00+00:00,2025-11-18 14:25:00+00:00,LONG,91103.3,91649.9198,90829.9901,91649.9198,TARGET,0.006000000000000005,0.004600000000000005,18.241415070645772,3983.766430428418,10
2025-11-18 14:30:00+00:00,2025-11-18 14:35:00+00:00,2025-11-18 14:35:00+00:00,SHORT,92077.4,92353.63219999998,92353.63219999998,91524.9356,STOP,-0.0029910269192421346,-0.004391026919242135,-17.49282563598433,3966.2736047924336,1
2025-11-18 14:40:00+00:00,2025-11-18 14:45:00+00:00,2025-11-18 14:45:00+00:00,SHORT,91474.3,91748.7229,91748.7229,90925.45420000001,STOP,-0.0029910269192421346,-0.004391026919242135,-17.416014167723116,3948.8575906247106,1
2025-11-18 15:00:00+00:00,2025-11-18 15:05:00+00:00,2025-11-18 15:05:00+00:00,LONG,91107.5,91654.145,90834.1775,91654.145,TARGET,0.006000000000000005,0.004600000000000005,18.16474491687369,3967.022335541584,1
2025-11-18 15:10:00+00:00,2025-11-18 15:15:00+00:00,2025-11-18 15:15:00+00:00,SHORT,92038.9,92315.01669999998,92315.01669999998,91486.6666,STOP,-0.0029910269192421346,-0.004391026919242135,-17.4193018645979,3949.6030336769863,1
2025-11-18 15:20:00+00:00,2025-11-18 15:25:00+00:00,2025-11-18 15:25:00+00:00,SHORT,92714.5,92992.64349999999,92992.64349999999,92158.213,STOP,-0.0029910269192421346,-0.004391026919242135,-17.342813241196048,3932.2602204357904,1
2025-11-18 18:45:00+00:00,2025-11-18 18:50:00+00:00,2025-11-18 19:50:00+00:00,SHORT,93606.9,93045.25859999999,93887.72069999999,93045.25859999999,TARGET,0.006036217303823088,0.004636217303823088,18.2308128771196,3950.49103331291,13
2025-11-18 20:45:00+00:00,2025-11-18 20:50:00+00:00,2025-11-18 22:20:00+00:00,LONG,92684.0,93240.104,92405.948,93240.104,TARGET,0.006000000000000005,0.004600000000000005,18.172258753239408,3968.6632920661496,19
2025-11-18 23:35:00+00:00,2025-11-18 23:40:00+00:00,2025-11-19 00:00:00+00:00,LONG,92961.1,92682.2167,92682.2167,93518.86660000001,STOP,-0.0030000000000000027,-0.004400000000000003,-17.462118485091068,3951.2011735810584,5
2025-11-19 00:15:00+00:00,2025-11-19 00:20:00+00:00,2025-11-19 00:40:00+00:00,LONG,92009.0,92561.054,91732.973,92561.054,TARGET,0.006000000000000005,0.004600000000000005,18.17552539847289,3969.3766989795313,5
2025-11-19 01:05:00+00:00,2025-11-19 01:10:00+00:00,2025-11-19 01:15:00+00:00,LONG,92261.7,91984.9149,91984.9149,92815.2702,STOP,-0.0029999999999998916,-0.004399999999999892,-17.465257475509507,3951.9114415040217,2
2025-11-19 03:30:00+00:00,2025-11-19 03:35:00+00:00,2025-11-19 03:35:00+00:00,LONG,92112.8,91836.46160000001,91836.46160000001,92665.4768,STOP,-0.0029999999999998916,-0.004399999999999892,-17.388410342617266,3934.5230311614046,1
2025-11-19 03:50:00+00:00,2025-11-19 03:55:00+00:00,2025-11-19 04:30:00+00:00,LONG,91765.7,91490.4029,91490.4029,92316.2942,STOP,-0.0030000000000000027,-0.004400000000000003,-17.311901337110193,3917.2111298242944,8
2025-11-19 05:05:00+00:00,2025-11-19 05:10:00+00:00,2025-11-19 05:30:00+00:00,LONG,91012.7,90739.66189999999,90739.66189999999,91558.7762,STOP,-0.0030000000000000027,-0.004400000000000003,-17.235728971226905,3899.9754008530676,5
2025-11-19 05:35:00+00:00,2025-11-19 05:40:00+00:00,2025-11-19 05:45:00+00:00,LONG,90605.1,90333.2847,90333.2847,91148.73060000001,STOP,-0.0030000000000000027,-0.004400000000000003,-17.15989176375351,3882.815509089314,2
2025-11-19 05:50:00+00:00,2025-11-19 05:55:00+00:00,2025-11-19 06:30:00+00:00,LONG,90364.6,90906.78760000001,90093.5062,90906.78760000001,TARGET,0.006000000000000005,0.004600000000000005,17.860951341810864,3900.676460431125,8
2025-11-19 07:35:00+00:00,2025-11-19 07:40:00+00:00,2025-11-19 07:45:00+00:00,SHORT,91731.9,92007.09569999999,92007.09569999999,91181.50859999999,STOP,-0.0029910269192422456,-0.004391026919242246,-17.12797534100763,3883.5484850901175,2
2025-11-19 08:20:00+00:00,2025-11-19 08:25:00+00:00,2025-11-19 09:00:00+00:00,SHORT,91729.6,91179.2224,92004.7888,91179.2224,TARGET,0.006036217303823088,0.004636217303823088,18.004974686810744,3901.5534597769283,8
2025-11-19 09:05:00+00:00,2025-11-19 09:10:00+00:00,2025-11-19 12:55:00+00:00,LONG,91249.9,91797.3994,90976.1503,91797.3994,TARGET,0.006000000000000005,0.004600000000000005,17.94714591497389,3919.5006056919024,46
2025-11-19 13:15:00+00:00,2025-11-19 13:20:00+00:00,2025-11-19 14:05:00+00:00,SHORT,91760.1,91209.53940000001,92035.38029999999,91209.53940000001,TARGET,0.006036217303822866,0.004636217303822866,18.171656530453003,3937.6722622223556,10
2025-11-19 14:25:00+00:00,2025-11-19 14:30:00+00:00,2025-11-19 14:35:00+00:00,LONG,91120.0,91666.72,90846.64,91666.72,TARGET,0.006000000000000005,0.004600000000000005,18.113292406222858,3955.7855546285787,2
2025-11-19 14:40:00+00:00,2025-11-19 14:45:00+00:00,2025-11-19 15:05:00+00:00,SHORT,91782.0,92057.34599999999,92057.34599999999,91231.308,STOP,-0.0029910269192421346,-0.004391026919242135,-17.369960857123267,3938.4155937714554,5
2025-11-19 15:20:00+00:00,2025-11-19 15:25:00+00:00,2025-11-19 15:30:00+00:00,SHORT,91477.8,90928.9332,91752.2334,90928.9332,TARGET,0.006036217303822866,0.004636217303822866,18.25935052548903,3956.6749442969444,2
2025-11-19 15:50:00+00:00,2025-11-19 15:55:00+00:00,2025-11-19 15:55:00+00:00,LONG,90191.9,89921.3243,89921.3243,90733.0514,STOP,-0.0030000000000000027,-0.004400000000000003,-17.409369754906567,3939.265574542038,1
2025-11-19 16:15:00+00:00,2025-11-19 16:20:00+00:00,2025-11-19 16:35:00+00:00,LONG,89742.3,89473.07310000001,89473.07310000001,90280.7538,STOP,-0.0029999999999998916,-0.004399999999999892,-17.33276852798454,3921.9328060140533,4
2025-11-19 17:10:00+00:00,2025-11-19 17:15:00+00:00,2025-11-19 17:30:00+00:00,LONG,89364.0,89095.908,89095.908,89900.184,STOP,-0.0030000000000000027,-0.004400000000000003,-17.256504346461846,3904.6763016675914,4
2025-11-19 17:35:00+00:00,2025-11-19 17:40:00+00:00,2025-11-19 18:00:00+00:00,LONG,89069.9,89604.3194,88802.69029999999,89604.3194,TARGET,0.006000000000000005,0.004600000000000005,17.96151098767094,3922.637812655262,5
2025-11-19 19:35:00+00:00,2025-11-19 19:40:00+00:00,2025-11-19 20:25:00+00:00,LONG,88735.1,89267.51060000001,88468.8947,89267.51060000001,TARGET,0.006000000000000005,0.004600000000000005,18.044133938214227,3940.6819465934764,10
2025-11-19 20:55:00+00:00,2025-11-19 21:00:00+00:00,2025-11-19 21:05:00+00:00,SHORT,89514.6,89783.14379999999,89783.14379999999,88977.5124,STOP,-0.0029910269192421346,-0.004391026919242135,-17.303640507663452,3923.3783060858127,2
2025-11-19 21:20:00+00:00,2025-11-19 21:25:00+00:00,2025-11-19 21:55:00+00:00,SHORT,90469.9,90741.30969999998,90741.30969999998,89927.08059999999,STOP,-0.0029910269192421346,-0.004391026919242135,-17.22765975639341,3906.1506463294195,7
2025-11-19 23:05:00+00:00,2025-11-19 23:10:00+00:00,2025-11-20 00:15:00+00:00,SHORT,91358.7,91632.77609999999,91632.77609999999,90810.5478,STOP,-0.0029910269192421346,-0.004391026919242135,-17.152012638647545,3888.998633690772,14
2025-11-20 01:10:00+00:00,2025-11-20 01:15:00+00:00,2025-11-20 01:20:00+00:00,SHORT,92217.5,92494.1525,92494.1525,91664.19499999999,STOP,-0.0029910269192422456,-0.004391026919242246,-17.076697689432493,3871.9219360013394,2
2025-11-20 01:25:00+00:00,2025-11-20 01:30:00+00:00,2025-11-20 01:30:00+00:00,SHORT,92231.7,92508.3951,92508.3951,91678.3098,STOP,-0.0029910269192422456,-0.004391026919242246,-17.001713450186433,3854.920222551153,1
2025-11-20 04:50:00+00:00,2025-11-20 04:55:00+00:00,2025-11-20 04:55:00+00:00,SHORT,92666.8,92944.8004,92944.8004,92110.79920000001,STOP,-0.0029910269192421346,-0.004391026919242135,-16.927058468752993,3837.9931640824,1
2025-11-20 05:00:00+00:00,2025-11-20 05:05:00+00:00,2025-11-20 06:20:00+00:00,SHORT,92993.0,92435.042,93271.97899999999,92435.042,TARGET,0.006036217303822866,0.004636217303822866,17.793770319272696,3855.786934401673,16
2025-11-20 06:30:00+00:00,2025-11-20 06:35:00+00:00,2025-11-20 06:40:00+00:00,LONG,92277.5,92000.6675,92000.6675,92831.165,STOP,-0.0030000000000000027,-0.004400000000000003,-16.965462511367374,3838.821471890306,2
2025-11-20 07:10:00+00:00,2025-11-20 07:15:00+00:00,2025-11-20 09:25:00+00:00,LONG,92075.5,91799.2735,91799.2735,92627.953,STOP,-0.0030000000000000027,-0.004400000000000003,-16.890814476317356,3821.9306574139887,27
2025-11-20 09:45:00+00:00,2025-11-20 09:50:00+00:00,2025-11-20 10:30:00+00:00,LONG,91494.0,92042.964,91219.518,92042.964,TARGET,0.006000000000000005,0.004600000000000005,17.580881024104368,3839.511538438093,9
2025-11-20 11:50:00+00:00,2025-11-20 11:55:00+00:00,2025-11-20 13:30:00+00:00,SHORT,92003.0,92279.00899999999,92279.00899999999,91450.982,STOP,-0.0029910269192421346,-0.004391026919242135,-16.85939852202245,3822.6521399160706,20
2025-11-20 13:45:00+00:00,2025-11-20 13:50:00+00:00,2025-11-20 14:00:00+00:00,LONG,91722.1,91446.93370000001,91446.93370000001,92272.4326,STOP,-0.0030000000000000027,-0.004400000000000003,-16.81966941563072,3805.8324705004397,3
2025-11-20 14:05:00+00:00,2025-11-20 14:10:00+00:00,2025-11-20 14:15:00+00:00,LONG,90630.5,91174.283,90358.6085,91174.283,TARGET,0.006000000000000005,0.004600000000000005,17.506829364302043,3823.339299864742,2
2025-11-20 14:30:00+00:00,2025-11-20 14:35:00+00:00,2025-11-20 14:40:00+00:00,LONG,91301.4,91027.49579999999,91027.49579999999,91849.20839999999,STOP,-0.0030000000000000027,-0.004400000000000003,-16.822692919404876,3806.516606945337,2
2025-11-20 15:55:00+00:00,2025-11-20 16:00:00+00:00,2025-11-20 16:00:00+00:00,LONG,89862.5,89592.9125,89592.9125,90401.675,STOP,-0.0029999999999998916,-0.004399999999999892,-16.74867307055907,3789.767933874778,1
2025-11-20 16:05:00+00:00,2025-11-20 16:10:00+00:00,2025-11-20 16:10:00+00:00,LONG,88942.9,88676.0713,88676.0713,89476.55739999999,STOP,-0.0030000000000000027,-0.004400000000000003,-16.674978909049035,3773.092954965729,1
2025-11-20 16:20:00+00:00,2025-11-20 16:25:00+00:00,2025-11-20 16:35:00+00:00,LONG,88661.4,88395.41579999999,88395.41579999999,89193.36839999999,STOP,-0.0030000000000001137,-0.004400000000000114,-16.60160900184964,3756.491345963879,3
2025-11-20 16:55:00+00:00,2025-11-20 17:00:00+00:00,2025-11-20 17:00:00+00:00,LONG,87881.3,87617.65610000001,87617.65610000001,88408.58780000001,STOP,-0.0030000000000000027,-0.004400000000000003,-16.528561922241078,3739.9627840416383,1
2025-11-20 17:10:00+00:00,2025-11-20 17:15:00+00:00,2025-11-20 17:30:00+00:00,LONG,87050.7,86789.54789999999,86789.54789999999,87573.0042,STOP,-0.0030000000000001137,-0.004400000000000114,-16.455836249783633,3723.5069477918546,4
2025-11-20 20:55:00+00:00,2025-11-20 21:00:00+00:00,2025-11-20 21:15:00+00:00,LONG,86475.0,86993.85,86215.575,86993.85,TARGET,0.006000000000000005,0.004600000000000005,17.128131959842552,3740.635079751697,4
2025-11-20 21:20:00+00:00,2025-11-20 21:25:00+00:00,2025-11-20 21:45:00+00:00,SHORT,87405.6,87667.8168,87667.8168,86881.1664,STOP,-0.0029910269192422456,-0.004391026919242246,-16.425229330251568,3724.2098504214455,5
2025-11-20 23:00:00+00:00,2025-11-20 23:05:00+00:00,2025-11-20 23:10:00+00:00,SHORT,88000.0,87472.0,88263.99999999999,87472.0,TARGET,0.006036217303822866,0.004636217303822866,17.266246151591474,3741.476096573037,2
2025-11-20 23:20:00+00:00,2025-11-20 23:25:00+00:00,2025-11-20 23:25:00+00:00,LONG,87474.0,87211.578,87211.578,87998.844,STOP,-0.0030000000000001137,-0.004400000000000114,-16.462494824921787,3725.0136017481154,1
2025-11-20 23:35:00+00:00,2025-11-20 23:40:00+00:00,2025-11-21 00:15:00+00:00,LONG,86806.9,87327.7414,86546.47929999999,87327.7414,TARGET,0.006000000000000005,0.004600000000000005,17.13506256804135,3742.148664316157,8
2025-11-21 01:15:00+00:00,2025-11-21 01:20:00+00:00,2025-11-21 02:05:00+00:00,LONG,86929.1,86668.31270000001,86668.31270000001,87450.67460000001,STOP,-0.0030000000000000027,-0.004400000000000003,-16.4654541229911,3725.683210193166,10
2025-11-21 02:10:00+00:00,2025-11-21 02:15:00+00:00,2025-11-21 02:15:00+00:00,LONG,86440.1,86180.7797,86180.7797,86958.7406,STOP,-0.0030000000000001137,-0.004400000000000114,-16.393006124850356,3709.2902040683157,1
2025-11-21 02:40:00+00:00,2025-11-21 02:45:00+00:00,2025-11-21 02:55:00+00:00,LONG,85898.6,85640.9042,85640.9042,86413.99160000001,STOP,-0.0030000000000000027,-0.004400000000000003,-16.3208768979006,3692.969327170415,3
2025-11-21 06:30:00+00:00,2025-11-21 06:35:00+00:00,2025-11-21 07:05:00+00:00,LONG,85726.1,85468.9217,85468.9217,86240.4566,STOP,-0.0030000000000000027,-0.004400000000000003,-16.249065039549837,3676.720262130865,7
2025-11-21 07:10:00+00:00,2025-11-21 07:15:00+00:00,2025-11-21 07:20:00+00:00,LONG,85534.8,85278.1956,85278.1956,86048.00880000001,STOP,-0.0030000000000000027,-0.004400000000000003,-16.177569153375817,3660.5426929774894,2
2025-11-21 07:25:00+00:00,2025-11-21 07:30:00+00:00,2025-11-21 07:30:00+00:00,LONG,85225.8,84970.1226,84970.1226,85737.1548,STOP,-0.0030000000000000027,-0.004400000000000003,-16.106387849100965,3644.4363051283885,1
2025-11-21 07:35:00+00:00,2025-11-21 07:40:00+00:00,2025-11-21 07:45:00+00:00,LONG,84085.1,83832.8447,83832.8447,84589.6106,STOP,-0.0030000000000000027,-0.004400000000000003,-16.03551974256492,3628.400785385824,2
2025-11-21 09:30:00+00:00,2025-11-21 09:35:00+00:00,2025-11-21 09:35:00+00:00,LONG,82888.1,82639.4357,82639.4357,83385.4286,STOP,-0.0030000000000000027,-0.004400000000000003,-15.964963455697635,3612.435821930126,1
2025-11-21 09:45:00+00:00,2025-11-21 09:50:00+00:00,2025-11-21 09:50:00+00:00,LONG,82550.3,82302.64910000001,82302.64910000001,83045.6018,STOP,-0.0029999999999998916,-0.004399999999999892,-15.894717616492164,3596.541104313634,1
2025-11-21 10:00:00+00:00,2025-11-21 10:05:00+00:00,2025-11-21 10:10:00+00:00,LONG,81946.8,82438.4808,81700.9596,82438.4808,TARGET,0.006000000000000005,0.004600000000000005,16.544089079842735,3613.085193393477,2
2025-11-21 10:20:00+00:00,2025-11-21 10:25:00+00:00,2025-11-21 10:30:00+00:00,LONG,82200.9,82694.1054,81954.29729999999,82694.1054,TARGET,0.006000000000000005,0.004600000000000005,16.620191889610012,3629.705385283087,2
2025-11-21 12:20:00+00:00,2025-11-21 12:25:00+00:00,2025-11-21 12:25:00+00:00,LONG,81102.0,80858.694,80858.694,81588.612,STOP,-0.0030000000000000027,-0.004400000000000003,-15.970703695245593,3613.7346815878414,1
2025-11-21 12:30:00+00:00,2025-11-21 12:35:00+00:00,2025-11-21 12:35:00+00:00,LONG,81703.3,82193.51980000001,81458.1901,82193.51980000001,TARGET,0.006000000000000005,0.004600000000000005,16.62317953530409,3630.3578611231455,1
2025-11-21 14:30:00+00:00,2025-11-21 14:35:00+00:00,2025-11-21 14:35:00+00:00,SHORT,84767.6,85021.9028,85021.9028,84258.99440000001,STOP,-0.0029910269192421346,-0.004391026919242135,-15.940999094674032,3614.4168620284713,1
2025-11-21 14:40:00+00:00,2025-11-21 14:45:00+00:00,2025-11-21 14:45:00+00:00,SHORT,84917.8,84408.2932,85172.55339999999,84408.2932,TARGET,0.006036217303822866,0.004636217303822866,16.757221998965544,3631.174084027437,1
2025-11-21 15:00:00+00:00,2025-11-21 15:05:00+00:00,2025-11-21 15:15:00+00:00,SHORT,84550.0,84042.7,84803.65,84042.7,TARGET,0.006036217303822866,0.004636217303822866,16.83491212156115,3648.008996148998,3
2025-11-21 15:35:00+00:00,2025-11-21 15:40:00+00:00,2025-11-21 16:00:00+00:00,LONG,82946.9,82698.0593,82698.0593,83444.5814,STOP,-0.0030000000000000027,-0.004400000000000003,-16.0512395830556,3631.9577565659424,5
2025-11-21 17:05:00+00:00,2025-11-21 17:10:00+00:00,2025-11-21 17:50:00+00:00,SHORT,85378.9,84866.62659999999,85635.03669999998,84866.62659999999,TARGET,0.006036217303823088,0.004636217303823088,16.838545397745506,3648.7963019636877,9
2025-11-21 18:05:00+00:00,2025-11-21 18:10:00+00:00,2025-11-21 18:10:00+00:00,LONG,84116.0,83863.652,83863.652,84620.696,STOP,-0.0030000000000000027,-0.004400000000000003,-16.054703728640238,3632.7415982350476,1
2025-11-21 20:35:00+00:00,2025-11-21 20:40:00+00:00,2025-11-21 20:45:00+00:00,LONG,84009.5,84513.557,83757.4715,84513.557,TARGET,0.006000000000000005,0.004600000000000005,16.710611351881237,3649.452209586929,2
2025-11-21 20:55:00+00:00,2025-11-21 21:00:00+00:00,2025-11-21 21:20:00+00:00,SHORT,84571.9,84825.61569999998,84825.61569999998,84064.4686,STOP,-0.0029910269192421346,-0.004391026919242135,-16.024842892783894,3633.427366694145,5
2025-11-21 21:25:00+00:00,2025-11-21 21:30:00+00:00,2025-11-21 21:35:00+00:00,SHORT,84964.8,85219.6944,85219.6944,84455.01120000001,STOP,-0.0029910269192421346,-0.004391026919242135,-15.954477376265054,3617.47288931788,2
2025-11-21 23:00:00+00:00,2025-11-21 23:05:00+00:00,2025-11-21 23:20:00+00:00,LONG,84299.9,84805.6994,84047.0003,84805.6994,TARGET,0.006000000000000005,0.004600000000000005,16.640375290862266,3634.113264608742,4
2025-11-21 23:40:00+00:00,2025-11-21 23:45:00+00:00,2025-11-22 00:05:00+00:00,SHORT,85237.9,85493.61369999999,85493.61369999999,84726.4726,STOP,-0.0029910269192422456,-0.004391026919242246,-15.957489172472306,3618.15577543627,5
2025-11-22 00:45:00+00:00,2025-11-22 00:50:00+00:00,2025-11-22 02:30:00+00:00,LONG,84813.6,84559.15920000001,84559.15920000001,85322.4816,STOP,-0.0030000000000000027,-0.004400000000000003,-15.919885411919598,3602.2358900243503,21
2025-11-22 04:10:00+00:00,2025-11-22 04:15:00+00:00,2025-11-22 04:35:00+00:00,LONG,84129.9,83877.5103,83877.5103,84634.6794,STOP,-0.0030000000000000027,-0.004400000000000003,-15.849837916107152,3586.3860521082433,5
2025-11-22 06:15:00+00:00,2025-11-22 06:20:00+00:00,2025-11-22 06:30:00+00:00,SHORT,84317.8,84570.75339999999,84570.75339999999,83811.8932,STOP,-0.0029910269192421346,-0.004391026919242135,-15.747917697601823,3570.6381344106417,3
2025-11-22 07:10:00+00:00,2025-11-22 07:15:00+00:00,2025-11-22 08:35:00+00:00,SHORT,84474.9,83968.05059999999,84728.32469999998,83968.05059999999,TARGET,0.006036217303823088,0.004636217303823088,16.554254304445205,3587.192388715087,17
2025-11-22 08:45:00+00:00,2025-11-22 08:50:00+00:00,2025-11-22 10:25:00+00:00,LONG,83991.7,83739.7249,83739.7249,84495.6502,STOP,-0.0030000000000000027,-0.004400000000000003,-15.783646510346394,3571.4087422047405,20
2025-11-22 12:05:00+00:00,2025-11-22 12:10:00+00:00,2025-11-22 14:05:00+00:00,LONG,83759.9,84262.45939999999,83508.6203,84262.45939999999,TARGET,0.006000000000000005,0.004600000000000005,16.428480214141825,3587.8372224188824,24
2025-11-22 14:10:00+00:00,2025-11-22 14:15:00+00:00,2025-11-22 14:15:00+00:00,SHORT,84450.0,84703.34999999999,84703.34999999999,83943.3,STOP,-0.0029910269192421346,-0.004391026919242135,-15.754289825500244,3572.0829325933823,1
2025-11-22 15:35:00+00:00,2025-11-22 15:40:00+00:00,2025-11-22 16:40:00+00:00,LONG,84230.0,84735.38,83977.31,84735.38,TARGET,0.006000000000000005,0.004600000000000005,16.431581489929577,3588.514514083312,13
2025-11-22 20:45:00+00:00,2025-11-22 20:50:00+00:00,2025-11-22 22:50:00+00:00,LONG,84321.0,84826.926,84068.037,84826.926,TARGET,0.006000000000000005,0.004600000000000005,16.507166764783253,3605.021680848095,25
2025-11-22 22:55:00+00:00,2025-11-22 23:00:00+00:00,2025-11-23 01:10:00+00:00,SHORT,85074.1,85329.3223,85329.3223,84563.6554,STOP,-0.0029910269192422456,-0.004391026919242246,-15.829747245055913,3589.191933603039,27
2025-11-23 01:15:00+00:00,2025-11-23 01:20:00+00:00,2025-11-23 01:35:00+00:00,SHORT,85438.0,85694.31399999998,85694.31399999998,84925.372,STOP,-0.0029910269192421346,-0.004391026919242135,-15.760238398777673,3573.4316952042614,4
2025-11-23 01:40:00+00:00,2025-11-23 01:45:00+00:00,2025-11-23 01:50:00+00:00,SHORT,85890.0,86147.66999999998,86147.66999999998,85374.66,STOP,-0.0029910269192421346,-0.004391026919242135,-15.691034767714967,3557.7406604365465,2
2025-11-23 02:05:00+00:00,2025-11-23 02:10:00+00:00,2025-11-23 02:20:00+00:00,SHORT,85724.6,85981.7738,85981.7738,85210.25240000001,STOP,-0.0029910269192421346,-0.004391026919242135,-15.622135011659166,3542.118525424887,3
2025-11-23 02:40:00+00:00,2025-11-23 02:45:00+00:00,2025-11-23 04:05:00+00:00,SHORT,86179.0,86437.537,86437.537,85661.926,STOP,-0.0029910269192422456,-0.004391026919242246,-15.553537796287328,3526.5649876285997,17
2025-11-23 04:10:00+00:00,2025-11-23 04:15:00+00:00,2025-11-23 04:20:00+00:00,SHORT,86471.9,86731.31569999999,86731.31569999999,85953.0686,STOP,-0.0029910269192422456,-0.004391026919242246,-15.48524179313438,3511.0797458354655,2
2025-11-23 04:55:00+00:00,2025-11-23 05:00:00+00:00,2025-11-23 05:35:00+00:00,SHORT,86553.3,86033.9802,86812.95989999999,86033.9802,TARGET,0.006036217303822866,0.004636217303822866,16.278128672744376,3527.35787450821,8
2025-11-23 06:50:00+00:00,2025-11-23 06:55:00+00:00,2025-11-23 07:05:00+00:00,LONG,85943.7,85685.8689,85685.8689,86459.3622,STOP,-0.0030000000000000027,-0.004400000000000003,-15.520374647836134,3511.837499860374,3
2025-11-23 07:10:00+00:00,2025-11-23 07:15:00+00:00,2025-11-23 07:25:00+00:00,LONG,85868.0,85610.396,85610.396,86383.208,STOP,-0.0030000000000001137,-0.004400000000000114,-15.452084999386045,3496.385414860988,3
2025-11-23 07:35:00+00:00,2025-11-23 07:40:00+00:00,2025-11-23 08:55:00+00:00,LONG,85643.1,86156.95860000001,85386.1707,86156.95860000001,TARGET,0.006000000000000005,0.004600000000000005,16.083372908360563,3512.4687877693486,16
2025-11-23 09:10:00+00:00,2025-11-23 09:15:00+00:00,2025-11-23 12:05:00+00:00,SHORT,86224.0,86482.67199999999,86482.67199999999,85706.656,STOP,-0.0029910269192421346,-0.004391026919242135,-15.423345000092999,3497.0454427692557,35
2025-11-23 12:15:00+00:00,2025-11-23 12:20:00+00:00,2025-11-23 14:00:00+00:00,SHORT,86789.1,87049.46729999999,87049.46729999999,86268.36540000001,STOP,-0.0029910269192421346,-0.004391026919242135,-15.355620677012832,3481.689822092243,21
2025-11-23 14:05:00+00:00,2025-11-23 14:10:00+00:00,2025-11-23 15:55:00+00:00,SHORT,86819.0,87079.457,87079.457,86298.086,STOP,-0.0029910269192422456,-0.004391026919242246,-15.288193733258785,3466.4016283589845,22
2025-11-23 16:05:00+00:00,2025-11-23 16:10:00+00:00,2025-11-23 16:55:00+00:00,SHORT,87269.8,86746.1812,87531.60939999999,86746.1812,TARGET,0.006036217303822866,0.004636217303822866,16.070991211397683,3482.472619570382,10
2025-11-23 19:20:00+00:00,2025-11-23 19:25:00+00:00,2025-11-23 21:40:00+00:00,SHORT,87501.6,87764.1048,87764.1048,86976.5904,STOP,-0.0029910269192422456,-0.004391026919242246,-15.291631018057608,3467.1809885523244,28
2025-11-23 22:00:00+00:00,2025-11-23 22:05:00+00:00,2025-11-23 23:00:00+00:00,SHORT,87789.7,88053.0691,88053.0691,87262.96179999999,STOP,-0.0029910269192422456,-0.004391026919242246,-15.224485054618198,3451.9565034977063,12
2025-11-23 23:15:00+00:00,2025-11-23 23:20:00+00:00,2025-11-23 23:35:00+00:00,LONG,87088.3,86827.03510000001,86827.03510000001,87610.8298,STOP,-0.0029999999999998916,-0.004399999999999892,-15.188608615389535,3436.767894882317,4
2025-11-24 00:05:00+00:00,2025-11-24 00:10:00+00:00,2025-11-24 00:15:00+00:00,LONG,86375.0,86115.875,86115.875,86893.25,STOP,-0.0030000000000000027,-0.004400000000000003,-15.121778737482204,3421.6461161448347,2
2025-11-24 00:20:00+00:00,2025-11-24 00:25:00+00:00,2025-11-24 00:35:00+00:00,LONG,86278.9,86796.5734,86020.0633,86796.5734,TARGET,0.006000000000000005,0.004600000000000005,15.739572134266258,3437.385688279101,3
2025-11-24 02:00:00+00:00,2025-11-24 02:05:00+00:00,2025-11-24 02:05:00+00:00,SHORT,87471.5,87733.91449999998,87733.91449999998,86946.671,STOP,-0.0029910269192421346,-0.004391026919242135,-15.093653089051186,3422.29203519005,1
2025-11-24 02:15:00+00:00,2025-11-24 02:20:00+00:00,2025-11-24 02:30:00+00:00,SHORT,88015.0,87486.91,88279.04499999998,87486.91,TARGET,0.006036217303822866,0.004636217303822866,15.866489552283282,3438.158524742333,3
2025-11-24 04:15:00+00:00,2025-11-24 04:20:00+00:00,2025-11-24 04:20:00+00:00,LONG,86783.4,86523.0498,86523.0498,87304.1004,STOP,-0.0030000000000000027,-0.004400000000000003,-15.127897508866276,3423.030627233467,1
2025-11-24 04:40:00+00:00,2025-11-24 04:45:00+00:00,2025-11-24 05:05:00+00:00,LONG,86714.0,87234.284,86453.858,87234.284,TARGET,0.006000000000000005,0.004600000000000005,15.745940885273965,3438.7765681187407,5
2025-11-24 05:10:00+00:00,2025-11-24 05:15:00+00:00,2025-11-24 06:05:00+00:00,SHORT,87576.8,87051.3392,87839.53039999999,87051.3392,TARGET,0.006036217303822866,0.004636217303822866,15.942915429092716,3454.7194835478335,11
2025-11-24 07:25:00+00:00,2025-11-24 07:30:00+00:00,2025-11-24 09:05:00+00:00,LONG,86883.1,86622.4507,86622.4507,87404.3986,STOP,-0.0030000000000000027,-0.004400000000000003,-15.200765727610477,3439.518717820223,20
2025-11-24 09:15:00+00:00,2025-11-24 09:20:00+00:00,2025-11-24 09:20:00+00:00,LONG,86283.1,86024.2507,86024.2507,86800.79860000001,STOP,-0.0030000000000000027,-0.004400000000000003,-15.133882358408991,3424.384835461814,1
2025-11-24 09:25:00+00:00,2025-11-24 09:30:00+00:00,2025-11-24 13:10:00+00:00,LONG,85937.3,86452.9238,85679.4881,86452.9238,TARGET,0.006000000000000005,0.004600000000000005,15.752170243124361,3440.1370057049385,45
2025-11-24 13:25:00+00:00,2025-11-24 13:30:00+00:00,2025-11-24 14:00:00+00:00,SHORT,86505.9,85986.8646,86765.41769999999,85986.8646,TARGET,0.006036217303822866,0.004636217303822866,15.949222713370617,3456.086228418309,7
2025-11-24 14:35:00+00:00,2025-11-24 14:40:00+00:00,2025-11-24 14:40:00+00:00,LONG,86048.2,85790.0554,85790.0554,86564.4892,STOP,-0.0030000000000000027,-0.004400000000000003,-15.20677940504057,3440.8794490132686,1
2025-11-24 14:50:00+00:00,2025-11-24 14:55:00+00:00,2025-11-24 15:00:00+00:00,LONG,85742.4,86256.8544,85485.1728,86256.8544,TARGET,0.006000000000000005,0.004600000000000005,15.828045465461054,3456.7074944787296,2
2025-11-24 16:00:00+00:00,2025-11-24 16:05:00+00:00,2025-11-24 16:40:00+00:00,SHORT,87087.9,87349.16369999999,87349.16369999999,86565.37259999999,STOP,-0.0029910269192422456,-0.004391026919242246,-15.178495660202518,3441.5289988185273,8
2025-11-24 16:45:00+00:00,2025-11-24 16:50:00+00:00,2025-11-24 17:25:00+00:00,SHORT,87435.3,87697.6059,87697.6059,86910.6882,STOP,-0.0029910269192421346,-0.004391026919242135,-15.111846477164587,3426.417152341363,8
2025-11-24 17:40:00+00:00,2025-11-24 17:45:00+00:00,2025-11-24 17:55:00+00:00,SHORT,87925.2,88188.97559999999,88188.97559999999,87397.6488,STOP,-0.0029910269192422456,-0.004391026919242246,-15.045489952484283,3411.3716623888786,3
2025-11-24 18:00:00+00:00,2025-11-24 18:05:00+00:00,2025-11-24 18:05:00+00:00,SHORT,88249.0,88513.74699999999,88513.74699999999,87719.506,STOP,-0.0029910269192421346,-0.004391026919242135,-14.979424801089358,3396.392237587789,1
2025-11-24 18:45:00+00:00,2025-11-24 18:50:00+00:00,2025-11-24 19:50:00+00:00,SHORT,88655.6,88123.6664,88921.5668,88123.6664,TARGET,0.006036217303823088,0.004636217303823088,15.746412462474925,3412.138650050264,13
2025-11-24 20:25:00+00:00,2025-11-24 20:30:00+00:00,2025-11-24 20:50:00+00:00,SHORT,88885.9,89152.55769999999,89152.55769999999,88352.58459999999,STOP,-0.0029910269192422456,-0.004391026919242246,-14.982792664557607,3397.1558573857064,5
2025-11-24 23:10:00+00:00,2025-11-24 23:15:00+00:00,2025-11-24 23:50:00+00:00,LONG,88512.4,88246.86279999999,88246.86279999999,89043.47439999999,STOP,-0.0030000000000001137,-0.004400000000000114,-14.947485772497496,3382.208371613209,8
2025-11-25 00:15:00+00:00,2025-11-25 00:20:00+00:00,2025-11-25 01:55:00+00:00,LONG,88009.9,87745.8703,87745.8703,88537.95939999999,STOP,-0.0030000000000000027,-0.004400000000000003,-14.881716835098128,3367.326654778111,20
2025-11-25 02:30:00+00:00,2025-11-25 02:35:00+00:00,2025-11-25 04:10:00+00:00,LONG,87525.5,88050.653,87262.9235,88050.653,TARGET,0.006000000000000005,0.004600000000000005,15.489702611979327,3382.81635739009,20
2025-11-25 04:30:00+00:00,2025-11-25 04:35:00+00:00,2025-11-25 07:25:00+00:00,SHORT,88249.2,87719.70479999999,88513.94759999998,87719.70479999999,TARGET,0.006036217303823088,0.004636217303823088,15.683471731787723,3398.499829121878,35
2025-11-25 07:30:00+00:00,2025-11-25 07:35:00+00:00,2025-11-25 07:50:00+00:00,LONG,87648.9,87385.9533,87385.9533,88174.7934,STOP,-0.0030000000000000027,-0.004400000000000003,-14.953399248136273,3383.546429873742,4
2025-11-25 09:30:00+00:00,2025-11-25 09:35:00+00:00,2025-11-25 10:50:00+00:00,LONG,86840.6,87361.64360000001,86580.0782,87361.64360000001,TARGET,0.006000000000000005,0.004600000000000005,15.564313577419231,3399.1107434511614,16
2025-11-25 12:15:00+00:00,2025-11-25 12:20:00+00:00,2025-11-25 13:40:00+00:00,SHORT,87630.9,87105.1146,87893.79269999999,87105.1146,TARGET,0.006036217303822866,0.004636217303822866,15.75901604639848,3414.8697594975597,17
2025-11-25 14:05:00+00:00,2025-11-25 14:10:00+00:00,2025-11-25 14:40:00+00:00,LONG,86919.5,86658.7415,86658.7415,87441.017,STOP,-0.0030000000000000027,-0.004400000000000003,-15.025426941789272,3399.8443325557705,7
2025-11-25 14:45:00+00:00,2025-11-25 14:50:00+00:00,2025-11-25 14:55:00+00:00,LONG,86196.6,86713.77960000001,85938.0102,86713.77960000001,TARGET,0.006000000000000005,0.004600000000000005,15.639283929756562,3415.483616485527,2
2025-11-25 17:10:00+00:00,2025-11-25 17:15:00+00:00,2025-11-25 17:30:00+00:00,SHORT,87463.7,87726.09109999999,87726.09109999999,86938.9178,STOP,-0.0029910269192422456,-0.004391026919242246,-14.997480502218808,3400.486135983308,4
2025-11-25 17:35:00+00:00,2025-11-25 17:40:00+00:00,2025-11-25 18:35:00+00:00,SHORT,88016.0,87487.904,88280.048,87487.904,TARGET,0.006036217303823088,0.004636217303823088,15.765392665056323,3416.2515286483645,12
2025-11-25 19:00:00+00:00,2025-11-25 19:05:00+00:00,2025-11-25 19:15:00+00:00,LONG,86937.1,86676.2887,86676.2887,87458.72260000001,STOP,-0.0030000000000000027,-0.004400000000000003,-15.031506726052813,3401.220021922312,3
2025-11-25 19:20:00+00:00,2025-11-25 19:25:00+00:00,2025-11-25 19:55:00+00:00,LONG,86379.1,86897.37460000001,86119.9627,86897.37460000001,TARGET,0.006000000000000005,0.004600000000000005,15.645612100842651,3416.8656340231546,7
2025-11-25 20:55:00+00:00,2025-11-25 21:00:00+00:00,2025-11-25 22:00:00+00:00,SHORT,87361.7,86837.5298,87623.7851,86837.5298,TARGET,0.006036217303822866,0.004636217303822866,15.841331577295838,3432.7069656004505,13
2025-11-25 22:10:00+00:00,2025-11-25 22:15:00+00:00,2025-11-25 22:25:00+00:00,LONG,86646.9,87166.78139999999,86386.95929999999,87166.78139999999,TARGET,0.006000000000000005,0.004600000000000005,15.79045204176209,3448.4974176422124,3
2025-11-25 22:35:00+00:00,2025-11-25 22:40:00+00:00,2025-11-25 23:10:00+00:00,SHORT,87519.7,87782.25909999998,87782.25909999998,86994.5818,STOP,-0.0029910269192421346,-0.004391026919242135,-15.142444991803941,3433.3549726504084,7
2025-11-25 23:25:00+00:00,2025-11-25 23:30:00+00:00,2025-11-26 01:30:00+00:00,SHORT,87525.0,87787.575,87787.575,86999.85,STOP,-0.0029910269192422456,-0.004391026919242246,-15.075954108222168,3418.2790185421863,25
2025-11-26 01:40:00+00:00,2025-11-26 01:45:00+00:00,2025-11-26 03:30:00+00:00,SHORT,88087.1,87558.57740000001,88351.36129999999,87558.57740000001,TARGET,0.006036217303822866,0.004636217303822866,15.847884335059927,3434.1269028772463,22
2025-11-26 03:35:00+00:00,2025-11-26 03:40:00+00:00,2025-11-26 03:50:00+00:00,LONG,87449.8,87187.4506,87187.4506,87974.4988,STOP,-0.0030000000000001137,-0.004400000000000114,-15.110158372660274,3419.016744504586,3
2025-11-26 03:55:00+00:00,2025-11-26 04:00:00+00:00,2025-11-26 05:20:00+00:00,LONG,87120.1,87642.8206,86858.7397,87642.8206,TARGET,0.006000000000000005,0.004600000000000005,15.727477024721113,3434.744221529307,17
2025-11-26 05:45:00+00:00,2025-11-26 05:50:00+00:00,2025-11-26 06:55:00+00:00,SHORT,87595.9,87858.68769999998,87858.68769999998,87070.32459999999,STOP,-0.0029910269192421346,-0.004391026919242135,-15.082054337446559,3419.6621671918606,14
2025-11-26 07:00:00+00:00,2025-11-26 07:05:00+00:00,2025-11-26 09:20:00+00:00,SHORT,87756.1,87229.5634,88019.3683,87229.5634,TARGET,0.006036217303823088,0.004636217303823088,15.854296912764065,3435.5164641046244,28
2025-11-26 09:30:00+00:00,2025-11-26 09:35:00+00:00,2025-11-26 10:30:00+00:00,LONG,86974.0,86713.078,86713.078,87495.844,STOP,-0.0030000000000001137,-0.004400000000000114,-15.116272442060739,3420.400191662564,12
2025-11-26 12:05:00+00:00,2025-11-26 12:10:00+00:00,2025-11-26 12:15:00+00:00,LONG,86763.3,86503.0101,86503.0101,87283.87980000001,STOP,-0.0030000000000000027,-0.004400000000000003,-15.04976084331529,3405.3504308192487,2
2025-11-26 13:25:00+00:00,2025-11-26 13:30:00+00:00,2025-11-26 13:40:00+00:00,SHORT,86731.5,86991.6945,86991.6945,86211.111,STOP,-0.0029910269192422456,-0.004391026919242246,-14.9529854111805,3390.397445408068,3
2025-11-26 14:10:00+00:00,2025-11-26 14:15:00+00:00,2025-11-26 14:45:00+00:00,SHORT,87320.0,87581.95999999999,87581.95999999999,86796.08,STOP,-0.0029910269192421346,-0.004391026919242135,-14.887326449716593,3375.5101189583515,7
2025-11-26 14:55:00+00:00,2025-11-26 15:00:00+00:00,2025-11-26 16:10:00+00:00,LONG,86899.9,87421.29939999999,86639.2003,87421.29939999999,TARGET,0.006000000000000005,0.004600000000000005,15.527346547208435,3391.03746550556,15
2025-11-26 17:25:00+00:00,2025-11-26 17:30:00+00:00,2025-11-26 17:30:00+00:00,SHORT,88666.9,88932.90069999998,88932.90069999998,88134.8986,STOP,-0.0029910269192421346,-0.004391026919242135,-14.890136795193536,3376.1473287103663,1
2025-11-26 17:40:00+00:00,2025-11-26 17:45:00+00:00,2025-11-26 17:45:00+00:00,SHORT,89502.7,89771.20809999999,89771.20809999999,88965.6838,STOP,-0.0029910269192421346,-0.004391026919242135,-14.824753803694643,3361.322574906672,1
2025-11-26 17:50:00+00:00,2025-11-26 17:55:00+00:00,2025-11-26 17:55:00+00:00,SHORT,89659.7,89928.6791,89928.6791,89121.7418,STOP,-0.0029910269192422456,-0.004391026919242246,-14.759657910671857,3346.5629169960002,1
2025-11-26 18:05:00+00:00,2025-11-26 18:10:00+00:00,2025-11-26 18:10:00+00:00,SHORT,89771.4,90040.71419999999,90040.71419999999,89232.7716,STOP,-0.0029910269192422456,-0.004391026919242246,-14.694847855467291,3331.868069140533,1
2025-11-26 20:40:00+00:00,2025-11-26 20:45:00+00:00,2025-11-26 21:25:00+00:00,LONG,89673.1,90211.1386,89404.0807,90211.1386,TARGET,0.006000000000000005,0.004600000000000005,15.32659311804647,3347.1946622585792,9
2025-11-26 21:30:00+00:00,2025-11-26 21:35:00+00:00,2025-11-26 22:10:00+00:00,SHORT,90228.7,90499.38609999999,90499.38609999999,89687.3278,STOP,-0.0029910269192421346,-0.004391026919242135,-14.697621865921008,3332.497040392658,8
2025-11-26 23:10:00+00:00,2025-11-26 23:15:00+00:00,2025-11-27 01:05:00+00:00,SHORT,90507.0,90778.521,90778.521,89963.958,STOP,-0.0029910269192422456,-0.004391026919242246,-14.633084212659275,3317.8639561799987,23
2025-11-27 01:55:00+00:00,2025-11-27 02:00:00+00:00,2025-11-27 02:25:00+00:00,SHORT,91141.5,91414.9245,91414.9245,90594.651,STOP,-0.0029910269192422456,-0.004391026919242246,-14.568829945969949,3303.295126234029,6
2025-11-27 02:30:00+00:00,2025-11-27 02:35:00+00:00,2025-11-27 02:40:00+00:00,SHORT,91374.1,91648.2223,91648.2223,90825.8554,STOP,-0.0029910269192421346,-0.004391026919242135,-14.504857821494967,3288.790268412534,2
2025-11-27 02:45:00+00:00,2025-11-27 02:50:00+00:00,2025-11-27 03:30:00+00:00,SHORT,91787.0,91236.278,92062.36099999999,91236.278,TARGET,0.006036217303822866,0.004636217303822866,15.247546351058437,3304.0378147635925,9
2025-11-27 03:35:00+00:00,2025-11-27 03:40:00+00:00,2025-11-27 05:40:00+00:00,LONG,91191.1,90917.5267,90917.5267,91738.24660000001,STOP,-0.0030000000000000027,-0.004400000000000003,-14.537766384959816,3289.5000483786325,25
2025-11-27 07:50:00+00:00,2025-11-27 07:55:00+00:00,2025-11-27 09:15:00+00:00,SHORT,91399.2,91673.39759999998,91673.39759999998,90850.8048,STOP,-0.0029910269192421346,-0.004391026919242135,-14.44428326327888,3275.0557651153536,17
2025-11-27 10:30:00+00:00,2025-11-27 10:35:00+00:00,2025-11-27 12:40:00+00:00,LONG,91381.0,91106.857,91106.857,91929.28600000001,STOP,-0.0030000000000000027,-0.004400000000000003,-14.410245366507565,3260.645519748846,26
2025-11-27 12:55:00+00:00,2025-11-27 13:00:00+00:00,2025-11-27 13:15:00+00:00,LONG,90985.3,90712.3441,90712.3441,91531.2118,STOP,-0.0030000000000000027,-0.004400000000000003,-14.346840286894931,3246.298679461951,4
2025-11-27 13:35:00+00:00,2025-11-27 13:40:00+00:00,2025-11-27 16:15:00+00:00,LONG,90772.3,91316.9338,90499.9831,91316.9338,TARGET,0.006000000000000005,0.004600000000000005,14.93297392552499,3261.231653387476,32
2025-11-27 16:35:00+00:00,2025-11-27 16:40:00+00:00,2025-11-27 18:45:00+00:00,SHORT,91543.7,91818.33109999998,91818.33109999998,90994.4378,STOP,-0.0029910269192421346,-0.004391026919242135,-14.320155979908941,3246.911497407567,26
2025-11-27 19:00:00+00:00,2025-11-27 19:05:00+00:00,2025-11-27 23:00:00+00:00,SHORT,91617.8,91468.4,91892.6534,91068.0932,TIME,0.001633350971483205,0.00023335097148320509,0.7576699522400439,3247.669167359807,48
2025-11-28 00:00:00+00:00,2025-11-28 00:05:00+00:00,2025-11-28 01:10:00+00:00,LONG,91192.0,90918.424,90918.424,91739.152,STOP,-0.0030000000000000027,-0.004400000000000003,-14.28974433638316,3233.379423023424,14
2025-11-28 01:15:00+00:00,2025-11-28 01:20:00+00:00,2025-11-28 04:10:00+00:00,LONG,90844.5,91389.567,90571.9665,91389.567,TARGET,0.006000000000000005,0.004600000000000005,14.873545345907766,3248.2529683693315,35
2025-11-28 05:05:00+00:00,2025-11-28 05:10:00+00:00,2025-11-28 07:50:00+00:00,SHORT,91477.1,90928.2374,91751.5313,90928.2374,TARGET,0.006036217303823088,0.004636217303823088,15.059606619148605,3263.3125749884803,33
2025-11-28 08:50:00+00:00,2025-11-28 08:55:00+00:00,2025-11-28 09:10:00+00:00,SHORT,91490.8,91765.27239999999,91765.27239999999,90941.8552,STOP,-0.0029910269192421346,-0.004391026919242135,-14.329293362675784,3248.9832816258045,4
2025-11-28 10:50:00+00:00,2025-11-28 10:55:00+00:00,2025-11-28 11:15:00+00:00,SHORT,91847.9,91296.81259999999,92123.44369999999,91296.81259999999,TARGET,0.006036217303823088,0.004636217303823088,15.062992510105476,3264.04627413591,5
2025-11-28 13:35:00+00:00,2025-11-28 13:40:00+00:00,2025-11-28 13:45:00+00:00,SHORT,91800.1,92075.5003,92075.5003,91249.2994,STOP,-0.0029910269192422456,-0.004391026919242246,-14.332515055383137,3249.713759080527,2
2025-11-28 14:00:00+00:00,2025-11-28 14:05:00+00:00,2025-11-28 14:25:00+00:00,SHORT,92460.0,92737.37999999999,92737.37999999999,91905.24,STOP,-0.0029910269192421346,-0.004391026919242135,-14.269580595954142,3235.4441784845726,5
2025-11-28 14:30:00+00:00,2025-11-28 14:35:00+00:00,2025-11-28 14:40:00+00:00,SHORT,92578.0,92022.532,92855.734,92022.532,TARGET,0.006036217303822866,0.004636217303822866,15.000222285843133,3250.4444007704155,2
2025-11-28 16:20:00+00:00,2025-11-28 16:25:00+00:00,2025-11-28 16:30:00+00:00,LONG,91383.1,91108.9507,91108.9507,91931.3986,STOP,-0.0030000000000000027,-0.004400000000000003,-14.301955363389837,3236.1424454070257,2
2025-11-28 19:20:00+00:00,2025-11-28 19:25:00+00:00,2025-11-28 23:20:00+00:00,SHORT,91145.0,91028.3,91418.43499999998,90598.13,TIME,0.001282018888631331,-0.00011798111136866892,-0.3818036822564429,3235.7606417247694,48
2025-11-29 00:00:00+00:00,2025-11-29 00:05:00+00:00,2025-11-29 02:30:00+00:00,LONG,90960.0,90687.12,90687.12,91505.76,STOP,-0.0030000000000000027,-0.004400000000000003,-14.237346823588995,3221.52329490118,30
2025-11-29 02:35:00+00:00,2025-11-29 02:40:00+00:00,2025-11-29 06:20:00+00:00,LONG,90641.0,90369.077,90369.077,91184.846,STOP,-0.0030000000000000027,-0.004400000000000003,-14.174702497565201,3207.348592403615,45
2025-11-29 06:25:00+00:00,2025-11-29 06:30:00+00:00,2025-11-29 10:25:00+00:00,LONG,90553.1,90575.6,90281.4407,91096.4186,TIME,0.0002484729954026488,-0.0011515270045973512,-3.6933485173100653,3203.655243886305,48
2025-11-29 12:05:00+00:00,2025-11-29 12:10:00+00:00,2025-11-29 15:20:00+00:00,SHORT,90792.0,91064.37599999999,91064.37599999999,90247.24799999999,STOP,-0.0029910269192421346,-0.004391026919242135,-14.067336415875992,3189.587907470429,39
2025-11-29 15:25:00+00:00,2025-11-29 15:30:00+00:00,2025-11-29 16:20:00+00:00,SHORT,90862.3,91134.8869,91134.8869,90317.1262,STOP,-0.0029910269192422456,-0.004391026919242246,-14.0055663629922,3175.5823411074366,11
2025-11-29 17:15:00+00:00,2025-11-29 17:20:00+00:00,2025-11-29 17:30:00+00:00,LONG,90746.0,90473.762,90473.762,91290.476,STOP,-0.0030000000000000027,-0.004400000000000003,-13.97256230087273,3161.609778806564,3
2025-11-29 17:35:00+00:00,2025-11-29 17:40:00+00:00,2025-11-29 18:10:00+00:00,LONG,90620.3,90348.4391,90348.4391,91164.0218,STOP,-0.0030000000000000027,-0.004400000000000003,-13.91108302674889,3147.698695779815,7
2025-11-29 20:45:00+00:00,2025-11-29 20:50:00+00:00,2025-11-30 00:45:00+00:00,SHORT,90873.2,90830.5,91145.81959999999,90327.9608,TIME,0.00047010640698874617,-0.0009298935930112538,-2.92702484993553,3144.7716709298793,48
2025-11-30 03:05:00+00:00,2025-11-30 03:10:00+00:00,2025-11-30 07:05:00+00:00,LONG,90631.6,90895.0,90359.70520000001,91175.38960000001,TIME,0.0029062711019114396,0.0015062711019114396,4.736878690031428,3149.508549619911,48
2025-11-30 08:20:00+00:00,2025-11-30 08:25:00+00:00,2025-11-30 09:15:00+00:00,SHORT,91311.8,91585.73539999999,91585.73539999999,90763.9292,STOP,-0.0029910269192421346,-0.004391026919242135,-13.829576823764281,3135.6789727961464,11
2025-11-30 12:40:00+00:00,2025-11-30 12:45:00+00:00,2025-11-30 13:20:00+00:00,SHORT,91446.9,91721.24069999998,91721.24069999998,90898.2186,STOP,-0.0029910269192421346,-0.004391026919242135,-13.768850779649405,3121.910122016497,8
2025-11-30 13:30:00+00:00,2025-11-30 13:35:00+00:00,2025-11-30 17:30:00+00:00,SHORT,91785.5,91350.7,92060.8565,91234.787,TIME,0.004759678907769738,0.0033596789077697375,10.488615588891673,3132.3987376053888,48
2025-11-30 18:05:00+00:00,2025-11-30 18:10:00+00:00,2025-11-30 21:20:00+00:00,LONG,91214.9,90941.25529999999,90941.25529999999,91762.18939999999,STOP,-0.0030000000000000027,-0.004400000000000003,-13.78255444546372,3118.616183159925,39
2025-11-30 23:00:00+00:00,2025-11-30 23:05:00+00:00,2025-11-30 23:25:00+00:00,LONG,91041.1,90767.9767,90767.9767,91587.3466,STOP,-0.0030000000000001137,-0.004400000000000114,-13.721911205904027,3104.894271954021,5
2025-11-30 23:30:00+00:00,2025-11-30 23:35:00+00:00,2025-12-01 00:00:00+00:00,LONG,90605.0,90333.185,90333.185,91148.63,STOP,-0.0030000000000000027,-0.004400000000000003,-13.661534796597701,3091.2327371574233,6
2025-12-01 00:05:00+00:00,2025-12-01 00:10:00+00:00,2025-12-01 00:15:00+00:00,LONG,89139.7,88872.2809,88872.2809,89674.5382,STOP,-0.0030000000000000027,-0.004400000000000003,-13.601424043492672,3077.6313131139304,2
2025-12-01 00:20:00+00:00,2025-12-01 00:25:00+00:00,2025-12-01 00:30:00+00:00,LONG,88538.2,88272.5854,88272.5854,89069.4292,STOP,-0.0030000000000000027,-0.004400000000000003,-13.541577777701303,3064.0897353362293,2
2025-12-01 02:35:00+00:00,2025-12-01 02:40:00+00:00,2025-12-01 03:10:00+00:00,LONG,86686.0,86425.942,86425.942,87206.116,STOP,-0.0030000000000000027,-0.004400000000000003,-13.481994835479417,3050.60774050075,7
2025-12-01 04:10:00+00:00,2025-12-01 04:15:00+00:00,2025-12-01 04:25:00+00:00,LONG,86048.0,85789.856,85789.856,86564.288,STOP,-0.0030000000000000027,-0.004400000000000003,-13.422674058203308,3037.1850664425465,3
2025-12-01 06:50:00+00:00,2025-12-01 06:55:00+00:00,2025-12-01 07:35:00+00:00,SHORT,86201.0,86459.60299999999,86459.60299999999,85683.794,STOP,-0.0029910269192421346,-0.004391026919242135,-13.336361385469433,3023.848705057077,9
2025-12-01 07:40:00+00:00,2025-12-01 07:45:00+00:00,2025-12-01 08:40:00+00:00,SHORT,86474.3,86733.7229,86733.7229,85955.45420000001,STOP,-0.0029910269192421346,-0.004391026919242135,-13.277801063621096,3010.570903993456,12
2025-12-01 09:15:00+00:00,2025-12-01 09:20:00+00:00,2025-12-01 11:55:00+00:00,SHORT,86730.5,86210.117,86990.69149999999,86210.117,TARGET,0.006036217303822866,0.004636217303822866,13.957660919480109,3024.528564912936,32
2025-12-01 12:00:00+00:00,2025-12-01 12:05:00+00:00,2025-12-01 12:10:00+00:00,LONG,86141.0,85882.577,85882.577,86657.846,STOP,-0.0029999999999998916,-0.004399999999999892,-13.307925685616592,3011.220639227319,2
2025-12-01 12:25:00+00:00,2025-12-01 12:30:00+00:00,2025-12-01 12:40:00+00:00,LONG,85837.1,85579.58870000001,85579.58870000001,86352.1226,STOP,-0.0030000000000000027,-0.004400000000000003,-13.249370812600214,2997.971268414719,3
2025-12-01 12:45:00+00:00,2025-12-01 12:50:00+00:00,2025-12-01 12:50:00+00:00,LONG,84827.0,85335.962,84572.519,85335.962,TARGET,0.006000000000000005,0.004600000000000005,13.790667834707723,3011.7619362494265,1
2025-12-01 13:00:00+00:00,2025-12-01 13:05:00+00:00,2025-12-01 14:35:00+00:00,LONG,85929.7,86445.2782,85671.9109,86445.2782,TARGET,0.006000000000000005,0.004600000000000005,13.854104906747377,3025.616041156174,19
2025-12-01 15:30:00+00:00,2025-12-01 15:35:00+00:00,2025-12-01 15:40:00+00:00,LONG,84423.0,84169.731,84169.731,84929.538,STOP,-0.0030000000000000027,-0.004400000000000003,-13.312710581087174,3012.303330575087,2
2025-12-01 18:15:00+00:00,2025-12-01 18:20:00+00:00,2025-12-01 18:35:00+00:00,SHORT,85499.3,84986.3042,85755.79789999999,84986.3042,TARGET,0.006036217303823088,0.004636217303823088,13.965692825576138,3026.269023400663,4
2025-12-01 18:40:00+00:00,2025-12-01 18:45:00+00:00,2025-12-01 18:55:00+00:00,LONG,84795.4,85304.1724,84541.0138,85304.1724,TARGET,0.006000000000000005,0.004600000000000005,13.920837507643066,3040.1898609083064,3
2025-12-01 20:05:00+00:00,2025-12-01 20:10:00+00:00,2025-12-01 21:20:00+00:00,SHORT,85665.9,85922.89769999999,85922.89769999999,85151.9046,STOP,-0.0029910269192421346,-0.004391026919242135,-13.349555518855375,3026.840305389451,15
2025-12-01 21:25:00+00:00,2025-12-01 21:30:00+00:00,2025-12-01 21:30:00+00:00,SHORT,86160.1,86418.5803,86418.5803,85643.1394,STOP,-0.0029910269192422456,-0.004391026919242246,-13.290937261212498,3013.5493681282383,1
2025-12-01 21:35:00+00:00,2025-12-01 21:40:00+00:00,2025-12-01 22:00:00+00:00,SHORT,86373.5,86632.62049999999,86632.62049999999,85855.259,STOP,-0.0029910269192421346,-0.004391026919242135,-13.23257639791622,3000.316791730322,5
2025-12-01 22:10:00+00:00,2025-12-01 22:15:00+00:00,2025-12-01 22:45:00+00:00,SHORT,86493.9,86753.38169999998,86753.38169999998,85974.9366,STOP,-0.0029910269192421346,-0.004391026919242135,-13.174471798742042,2987.14231993158,7
2025-12-02 01:00:00+00:00,2025-12-02 01:05:00+00:00,2025-12-02 01:05:00+00:00,SHORT,86729.0,86989.18699999999,86989.18699999999,86208.626,STOP,-0.0029910269192421346,-0.004391026919242135,-13.11662233842697,2974.025697593153,1
2025-12-02 02:45:00+00:00,2025-12-02 02:50:00+00:00,2025-12-02 03:40:00+00:00,SHORT,86697.9,86957.99369999999,86957.99369999999,86177.7126,STOP,-0.0029910269192422456,-0.004391026919242246,-13.059026896649733,2960.966670696503,11
2025-12-02 03:50:00+00:00,2025-12-02 03:55:00+00:00,2025-12-02 04:00:00+00:00,SHORT,86836.9,87097.41069999998,87097.41069999998,86315.8786,STOP,-0.0029910269192421346,-0.004391026919242135,-13.001684358007108,2947.964986338496,2
2025-12-02 04:15:00+00:00,2025-12-02 04:20:00+00:00,2025-12-02 08:15:00+00:00,SHORT,87175.0,86651.95,87436.525,86651.95,TARGET,0.006036217303822866,0.004636217303822866,13.667406280726475,2961.6323926192226,48
2025-12-02 08:40:00+00:00,2025-12-02 08:45:00+00:00,2025-12-02 09:25:00+00:00,LONG,86466.9,86985.70139999999,86207.4993,86985.70139999999,TARGET,0.006000000000000005,0.004600000000000005,13.623509006048439,2975.2559016252712,9
2025-12-02 10:45:00+00:00,2025-12-02 10:50:00+00:00,2025-12-02 10:50:00+00:00,SHORT,87190.3,87451.8709,87451.8709,86667.1582,STOP,-0.0029910269192421346,-0.004391026919242135,-13.064428755670594,2962.1914728696006,1
2025-12-02 11:10:00+00:00,2025-12-02 11:15:00+00:00,2025-12-02 11:25:00+00:00,SHORT,87091.0,87352.27299999999,87352.27299999999,86568.454,STOP,-0.0029910269192421346,-0.004391026919242135,-13.007062497319923,2949.1844103722806,3
2025-12-02 11:40:00+00:00,2025-12-02 11:45:00+00:00,2025-12-02 11:55:00+00:00,SHORT,87332.1,87594.09629999999,87594.09629999999,86808.10740000001,STOP,-0.0029910269192421346,-0.004391026919242135,-12.949948135753926,2936.2344622365267,3
2025-12-02 12:50:00+00:00,2025-12-02 12:55:00+00:00,2025-12-02 13:55:00+00:00,LONG,87259.0,87782.554,86997.223,87782.554,TARGET,0.006000000000000005,0.004600000000000005,13.506678526288038,2949.7411407628147,13
2025-12-02 14:05:00+00:00,2025-12-02 14:10:00+00:00,2025-12-02 14:10:00+00:00,SHORT,88095.5,88359.78649999999,88359.78649999999,87566.927,STOP,-0.0029910269192421346,-0.004391026919242135,-12.952392753885523,2936.7887480089294,1
2025-12-02 14:15:00+00:00,2025-12-02 14:20:00+00:00,2025-12-02 14:25:00+00:00,SHORT,88411.9,88677.13569999998,88677.13569999998,87881.4286,STOP,-0.0029910269192421346,-0.004391026919242135,-12.895518448634615,2923.893229560295,2
2025-12-02 14:30:00+00:00,2025-12-02 14:35:00+00:00,2025-12-02 14:45:00+00:00,SHORT,88763.4,89029.69019999998,89029.69019999998,88230.81959999999,STOP,-0.0029910269192421346,-0.004391026919242135,-12.838893879989078,2911.054335680306,3
2025-12-02 15:00:00+00:00,2025-12-02 15:05:00+00:00,2025-12-02 15:10:00+00:00,SHORT,90006.0,90276.018,90276.018,89465.96399999999,STOP,-0.0029910269192422456,-0.004391026919242246,-12.782517951349076,2898.2718177289566,2
2025-12-02 17:20:00+00:00,2025-12-02 17:25:00+00:00,2025-12-02 17:25:00+00:00,SHORT,91683.0,91958.04899999998,91958.04899999998,91132.902,STOP,-0.0029910269192421346,-0.004391026919242135,-12.726389570928683,2885.545428158028,1
2025-12-02 18:10:00+00:00,2025-12-02 18:15:00+00:00,2025-12-02 18:20:00+00:00,SHORT,91812.0,92087.43599999999,92087.43599999999,91261.128,STOP,-0.0029910269192421346,-0.004391026919242135,-12.670507651737971,2872.87492050629,2
2025-12-02 20:15:00+00:00,2025-12-02 20:20:00+00:00,2025-12-02 20:35:00+00:00,LONG,91222.7,90949.0319,90949.0319,91770.0362,STOP,-0.0030000000000000027,-0.004400000000000003,-12.640649650227685,2860.2342708560623,4
2025-12-02 22:05:00+00:00,2025-12-02 22:10:00+00:00,2025-12-02 22:10:00+00:00,SHORT,91561.4,91836.08419999998,91836.08419999998,91012.03159999999,STOP,-0.0029910269192421346,-0.004391026919242135,-12.559365678667868,2847.6749051773945,1
2025-12-03 00:00:00+00:00,2025-12-03 00:05:00+00:00,2025-12-03 01:10:00+00:00,LONG,91237.0,91784.422,90963.289,91784.422,TARGET,0.006000000000000005,0.004600000000000005,13.099304563816029,2860.7742097412106,14
2025-12-03 01:50:00+00:00,2025-12-03 01:55:00+00:00,2025-12-03 02:00:00+00:00,SHORT,92319.4,92596.35819999999,92596.35819999999,91765.48359999999,STOP,-0.0029910269192422456,-0.004391026919242246,-12.56173656484762,2848.212473176363,2
2025-12-03 02:10:00+00:00,2025-12-03 02:15:00+00:00,2025-12-03 02:45:00+00:00,SHORT,92879.8,92322.5212,93158.43939999999,92322.5212,TARGET,0.006036217303822866,0.004636217303822866,13.204931953104374,2861.417405129467,7
2025-12-03 04:55:00+00:00,2025-12-03 05:00:00+00:00,2025-12-03 05:35:00+00:00,SHORT,93347.8,93627.8434,93627.8434,92787.7132,STOP,-0.0029910269192422456,-0.004391026919242246,-12.564560853111786,2848.8528442763554,8
2025-12-03 06:00:00+00:00,2025-12-03 06:05:00+00:00,2025-12-03 06:45:00+00:00,SHORT,93789.1,93226.36540000001,94070.46729999999,93226.36540000001,TARGET,0.006036217303822866,0.004636217303822866,13.207900852679028,2862.0607451290343,9
2025-12-03 07:15:00+00:00,2025-12-03 07:20:00+00:00,2025-12-03 11:15:00+00:00,LONG,92872.3,92869.9,92593.68310000001,93429.5338,TIME,-2.584193564725279e-05,-0.0014258419356472528,-4.0808462327748005,2857.9798988962593,48
2025-12-03 11:20:00+00:00,2025-12-03 11:25:00+00:00,2025-12-03 12:25:00+00:00,LONG,92994.9,92715.9153,92715.9153,93552.8694,STOP,-0.0030000000000000027,-0.004400000000000003,-12.575111555143549,2845.404787341116,13
2025-12-03 12:30:00+00:00,2025-12-03 12:35:00+00:00,2025-12-03 14:00:00+00:00,LONG,92780.0,92501.66,92501.66,93336.68000000001,STOP,-0.0030000000000000027,-0.004400000000000003,-12.519781064300918,2832.885006276815,18
2025-12-03 14:05:00+00:00,2025-12-03 14:10:00+00:00,2025-12-03 14:35:00+00:00,LONG,92070.5,92622.923,91794.2885,92622.923,TARGET,0.006000000000000005,0.004600000000000005,13.031271028873364,2845.9162773056887,6
2025-12-03 14:40:00+00:00,2025-12-03 14:45:00+00:00,2025-12-03 14:45:00+00:00,SHORT,93498.6,92937.60840000001,93779.0958,92937.60840000001,TARGET,0.006036217303822866,0.004636217303822866,13.194286290075787,2859.1105635957647,1
2025-12-03 17:10:00+00:00,2025-12-03 17:15:00+00:00,2025-12-03 17:45:00+00:00,SHORT,92628.5,92906.38549999999,92906.38549999999,92072.729,STOP,-0.0029910269192421346,-0.004391026919242135,-12.554431449838555,2846.5561321459263,7
2025-12-03 18:10:00+00:00,2025-12-03 18:15:00+00:00,2025-12-03 18:45:00+00:00,SHORT,93426.3,92865.74220000001,93706.5789,92865.74220000001,TARGET,0.006036217303822866,0.004636217303822866,13.197252796158033,2859.7533849420843,7
2025-12-03 18:55:00+00:00,2025-12-03 19:00:00+00:00,2025-12-03 20:40:00+00:00,LONG,92613.2,93168.8792,92335.36039999999,93168.8792,TARGET,0.006000000000000005,0.004600000000000005,13.154865570733602,2872.908250512818,21
2025-12-03 21:55:00+00:00,2025-12-03 22:00:00+00:00,2025-12-03 22:45:00+00:00,SHORT,93699.5,93980.5985,93980.5985,93137.303,STOP,-0.0029910269192422456,-0.004391026919242246,-12.61501746451493,2860.293233048303,10
2025-12-03 23:00:00+00:00,2025-12-03 23:05:00+00:00,2025-12-04 00:10:00+00:00,SHORT,93823.0,93260.062,94104.46899999998,93260.062,TARGET,0.006036217303822866,0.004636217303822866,13.260940981065993,2873.5541740293693,14
2025-12-04 00:25:00+00:00,2025-12-04 00:30:00+00:00,2025-12-04 01:10:00+00:00,LONG,92827.7,93384.66619999999,92549.2169,93384.66619999999,TARGET,0.006000000000000005,0.004600000000000005,13.218349200535114,2886.7725232299044,9
2025-12-04 02:15:00+00:00,2025-12-04 02:20:00+00:00,2025-12-04 04:20:00+00:00,SHORT,93899.4,93336.0036,94181.09819999998,93336.0036,TARGET,0.006036217303822866,0.004636217303822866,13.383704724398878,2900.156227954303,25
2025-12-04 05:15:00+00:00,2025-12-04 05:20:00+00:00,2025-12-04 08:00:00+00:00,LONG,93022.1,93580.2326,92743.0337,93580.2326,TARGET,0.006000000000000005,0.004600000000000005,13.34071864858981,2913.496946602893,33
2025-12-04 08:50:00+00:00,2025-12-04 08:55:00+00:00,2025-12-04 11:30:00+00:00,LONG,93128.8,92849.4136,92849.4136,93687.57280000001,STOP,-0.0030000000000000027,-0.004400000000000003,-12.819386565052737,2900.67756003784,32
2025-12-04 12:15:00+00:00,2025-12-04 12:20:00+00:00,2025-12-04 13:00:00+00:00,LONG,92900.0,92621.3,92621.3,93457.4,STOP,-0.0030000000000000027,-0.004400000000000003,-12.762981264166505,2887.9145787736734,9
2025-12-04 13:05:00+00:00,2025-12-04 13:10:00+00:00,2025-12-04 14:50:00+00:00,LONG,92590.5,92312.7285,92312.7285,93146.043,STOP,-0.0030000000000000027,-0.004400000000000003,-12.706824146604172,2875.2077546270693,21
2025-12-04 14:55:00+00:00,2025-12-04 15:00:00+00:00,2025-12-04 15:05:00+00:00,LONG,91901.8,92453.2108,91626.0946,92453.2108,TARGET,0.006000000000000005,0.004600000000000005,13.225955671284535,2888.433710298354,2
2025-12-04 15:35:00+00:00,2025-12-04 15:40:00+00:00,2025-12-04 16:00:00+00:00,SHORT,93223.4,92664.0596,93503.07019999999,92664.0596,TARGET,0.006036217303822866,0.004636217303822866,13.391406348630513,2901.8251166469845,5
2025-12-04 16:35:00+00:00,2025-12-04 16:40:00+00:00,2025-12-04 16:55:00+00:00,LONG,92575.9,92298.17229999999,92298.17229999999,93131.3554,STOP,-0.0030000000000000027,-0.004400000000000003,-12.76803051324674,2889.057086133738,4
2025-12-04 17:45:00+00:00,2025-12-04 17:50:00+00:00,2025-12-04 19:10:00+00:00,LONG,92181.0,91904.457,91904.457,92734.086,STOP,-0.0030000000000000027,-0.004400000000000003,-12.711851178988455,2876.3452349547492,17
2025-12-04 19:15:00+00:00,2025-12-04 19:20:00+00:00,2025-12-04 19:20:00+00:00,LONG,91190.6,90917.0282,90917.0282,91737.7436,STOP,-0.0030000000000000027,-0.004400000000000003,-12.655919033800904,2863.6893159209485,1
2025-12-04 19:30:00+00:00,2025-12-04 19:35:00+00:00,2025-12-04 20:00:00+00:00,LONG,91609.7,92159.3582,91334.8709,92159.3582,TARGET,0.006000000000000005,0.004600000000000005,13.172970853236377,2876.8622867741847,6
2025-12-04 20:55:00+00:00,2025-12-04 21:00:00+00:00,2025-12-05 00:55:00+00:00,SHORT,92467.8,92293.1,92745.2034,91912.9932,TIME,0.001892882566518983,0.000492882566518983,1.4179552674269307,2878.2802420416115,48
2025-12-05 01:15:00+00:00,2025-12-05 01:20:00+00:00,2025-12-05 04:30:00+00:00,SHORT,92439.0,91884.366,92716.317,91884.366,TARGET,0.006036217303823088,0.004636217303823088,13.344332663405424,2891.624574705017,39
2025-12-05 04:35:00+00:00,2025-12-05 04:40:00+00:00,2025-12-05 08:35:00+00:00,LONG,91977.0,92075.6,91701.069,92528.862,TIME,0.0010720071322178892,-0.00032799286778211075,-0.9484322368067248,2890.6761424682104,48
2025-12-05 08:40:00+00:00,2025-12-05 08:45:00+00:00,2025-12-05 09:15:00+00:00,LONG,92021.0,91744.937,91744.937,92573.126,STOP,-0.0029999999999998916,-0.004399999999999892,-12.718975026859813,2877.9571674413505,7
2025-12-05 09:20:00+00:00,2025-12-05 09:25:00+00:00,2025-12-05 09:40:00+00:00,LONG,91426.7,91152.4199,91152.4199,91975.2602,STOP,-0.0030000000000000027,-0.004400000000000003,-12.663011536741951,2865.2941559046085,4
2025-12-05 09:45:00+00:00,2025-12-05 09:50:00+00:00,2025-12-05 13:25:00+00:00,LONG,91144.9,90871.4653,90871.4653,91691.76939999999,STOP,-0.0030000000000000027,-0.004400000000000003,-12.607294285980286,2852.6868616186284,44
2025-12-05 13:30:00+00:00,2025-12-05 13:35:00+00:00,2025-12-05 13:35:00+00:00,LONG,90919.2,90646.4424,90646.4424,91464.71519999999,STOP,-0.0030000000000000027,-0.004400000000000003,-12.551822191121973,2840.1350394275064,1
2025-12-05 13:40:00+00:00,2025-12-05 13:45:00+00:00,2025-12-05 14:40:00+00:00,LONG,90420.0,90148.74,90148.74,90962.52,STOP,-0.0029999999999998916,-0.004399999999999892,-12.496594173480721,2827.6384452540256,12
2025-12-05 15:00:00+00:00,2025-12-05 15:05:00+00:00,2025-12-05 15:05:00+00:00,SHORT,91190.6,91464.1718,91464.1718,90643.45640000001,STOP,-0.0029910269192421346,-0.004391026919242135,-12.416236530994404,2815.222208723031,1
2025-12-05 15:50:00+00:00,2025-12-05 15:55:00+00:00,2025-12-05 16:00:00+00:00,SHORT,90655.5,90111.567,90927.4665,90111.567,TARGET,0.006036217303823088,0.004636217303823088,13.05198191818877,2828.27419064122,2
2025-12-05 16:05:00+00:00,2025-12-05 16:10:00+00:00,2025-12-05 16:15:00+00:00,LONG,89491.0,89222.527,89222.527,90027.946,STOP,-0.0030000000000000027,-0.004400000000000003,-12.444406438821375,2815.8297842023985,2
2025-12-05 16:20:00+00:00,2025-12-05 16:25:00+00:00,2025-12-05 16:30:00+00:00,LONG,89013.9,88746.85829999999,88746.85829999999,89547.9834,STOP,-0.0030000000000000027,-0.004400000000000003,-12.389651050490562,2803.440133151908,2
2025-12-05 16:40:00+00:00,2025-12-05 16:45:00+00:00,2025-12-05 16:55:00+00:00,LONG,88391.6,88921.9496,88126.42520000001,88921.9496,TARGET,0.006000000000000005,0.004600000000000005,12.89582461249879,2816.335957764407,3
2025-12-05 22:00:00+00:00,2025-12-05 22:05:00+00:00,2025-12-06 02:00:00+00:00,LONG,89062.1,89244.4,88794.9137,89596.47260000001,TIME,0.0020468863860159114,0.0006468863860159115,1.8218493895248777,2818.1578071539316,48
2025-12-06 03:00:00+00:00,2025-12-06 03:05:00+00:00,2025-12-06 07:00:00+00:00,SHORT,89561.1,89691.5,89829.7833,89023.73340000001,TIME,-0.001453872440532189,-0.002853872440532189,-8.042662898907233,2810.1151442550245,48
2025-12-06 08:35:00+00:00,2025-12-06 08:40:00+00:00,2025-12-06 12:35:00+00:00,LONG,89326.1,89616.8,89058.1217,89862.05660000001,TIME,0.0032543679842733653,0.0018543679842733653,5.210987555628247,2815.326131810653,48
2025-12-06 13:40:00+00:00,2025-12-06 13:45:00+00:00,2025-12-06 14:15:00+00:00,SHORT,89782.1,90051.4463,90051.4463,89243.40740000001,STOP,-0.0029910269192421346,-0.004391026919242135,-12.362172831226408,2802.9639589794265,7
2025-12-06 14:20:00+00:00,2025-12-06 14:25:00+00:00,2025-12-06 18:20:00+00:00,SHORT,89931.0,89723.9,90200.79299999999,89391.414,TIME,0.002308192131639464,0.0009081921316394638,2.545629812814116,2805.5095887922407,48
2025-12-06 19:25:00+00:00,2025-12-06 19:30:00+00:00,2025-12-06 19:30:00+00:00,LONG,89550.1,89281.44970000001,89281.44970000001,90087.40060000001,STOP,-0.0029999999999998916,-0.004399999999999892,-12.344242190685556,2793.165346601555,1
2025-12-06 23:00:00+00:00,2025-12-06 23:05:00+00:00,2025-12-07 02:55:00+00:00,LONG,89105.1,89639.73060000001,88837.7847,89639.73060000001,TARGET,0.006000000000000005,0.004600000000000005,12.848560594367168,2806.013907195922,47
2025-12-07 03:35:00+00:00,2025-12-07 03:40:00+00:00,2025-12-07 07:35:00+00:00,SHORT,89675.0,89282.0,89944.025,89136.95,TIME,0.004401783114177604,0.003001783114177604,8.423045164768242,2814.43695236069,48
2025-12-07 07:45:00+00:00,2025-12-07 07:50:00+00:00,2025-12-07 09:50:00+00:00,LONG,89348.3,89080.25510000001,89080.25510000001,89884.3898,STOP,-0.0029999999999998916,-0.004399999999999892,-12.383522590386733,2802.0534297703034,25
2025-12-07 10:00:00+00:00,2025-12-07 10:05:00+00:00,2025-12-07 13:20:00+00:00,LONG,89148.1,88880.6557,88880.6557,89682.98860000001,STOP,-0.0030000000000000027,-0.004400000000000003,-12.329035090989343,2789.724394679314,40
2025-12-07 13:45:00+00:00,2025-12-07 13:50:00+00:00,2025-12-07 14:15:00+00:00,LONG,88996.5,88729.5105,88729.5105,89530.479,STOP,-0.0030000000000000027,-0.004400000000000003,-12.274787336588991,2777.4496073427254,6
2025-12-07 14:20:00+00:00,2025-12-07 14:25:00+00:00,2025-12-07 14:25:00+00:00,LONG,88361.2,88096.1164,88096.1164,88891.3672,STOP,-0.0030000000000000027,-0.004400000000000003,-12.220778272308,2765.2288290704173,1
2025-12-07 14:30:00+00:00,2025-12-07 14:35:00+00:00,2025-12-07 15:05:00+00:00,LONG,87880.0,88407.28,87616.36,88407.28,TARGET,0.006000000000000005,0.004600000000000005,12.720052613723933,2777.9488816841413,7
2025-12-07 15:55:00+00:00,2025-12-07 16:00:00+00:00,2025-12-07 16:55:00+00:00,SHORT,89554.7,89823.36409999999,89823.36409999999,89017.3718,STOP,-0.0029910269192422456,-0.004391026919242246,-12.198048319753957,2765.7508333643873,12
2025-12-07 17:15:00+00:00,2025-12-07 17:20:00+00:00,2025-12-07 17:20:00+00:00,SHORT,90330.9,90601.89269999998,90601.89269999998,89788.91459999999,STOP,-0.0029910269192421346,-0.004391026919242135,-12.144486361219393,2753.6063470031677,1
2025-12-07 17:30:00+00:00,2025-12-07 17:35:00+00:00,2025-12-07 17:35:00+00:00,SHORT,90962.1,91234.98629999999,91234.98629999999,90416.32740000001,STOP,-0.0029910269192421346,-0.004391026919242135,-12.091159594686909,2741.515187408481,1
2025-12-07 21:20:00+00:00,2025-12-07 21:25:00+00:00,2025-12-07 21:35:00+00:00,LONG,90985.2,90712.2444,90712.2444,91531.1112,STOP,-0.0030000000000000027,-0.004400000000000003,-12.062666824597324,2729.4525205838836,3
2025-12-07 21:40:00+00:00,2025-12-07 21:45:00+00:00,2025-12-07 21:45:00+00:00,LONG,90529.7,90258.1109,90258.1109,91072.87819999999,STOP,-0.0030000000000000027,-0.004400000000000003,-12.009591090569096,2717.4429294933143,1
2025-12-07 21:50:00+00:00,2025-12-07 21:55:00+00:00,2025-12-07 22:05:00+00:00,LONG,89968.7,89698.79389999999,89698.79389999999,90508.5122,STOP,-0.0030000000000001137,-0.004400000000000114,-11.956748889770893,2705.4861806035433,3
2025-12-07 22:10:00+00:00,2025-12-07 22:15:00+00:00,2025-12-07 22:30:00+00:00,LONG,89383.2,89919.49919999999,89115.0504,89919.49919999999,TARGET,0.006000000000000005,0.004600000000000005,12.445236430776314,2717.9314170343196,4
2025-12-07 22:55:00+00:00,2025-12-07 23:00:00+00:00,2025-12-07 23:45:00+00:00,LONG,89604.6,90142.22760000001,89335.7862,90142.22760000001,TARGET,0.006000000000000005,0.004600000000000005,12.502484518357884,2730.4339015526775,10
2025-12-08 01:05:00+00:00,2025-12-08 01:10:00+00:00,2025-12-08 01:25:00+00:00,SHORT,90670.9,90942.91269999999,90942.91269999999,90126.8746,STOP,-0.0029910269192421346,-0.004391026919242135,-11.989408762929136,2718.4444927897484,4
2025-12-08 01:30:00+00:00,2025-12-08 01:35:00+00:00,2025-12-08 01:35:00+00:00,SHORT,91358.0,91632.074,91632.074,90809.852,STOP,-0.0029910269192422456,-0.004391026919242246,-11.936762946305619,2706.507729843443,1
2025-12-08 01:40:00+00:00,2025-12-08 01:45:00+00:00,2025-12-08 05:40:00+00:00,SHORT,91254.0,91335.5,91527.76199999999,90706.476,TIME,-0.0008923145983763536,-0.002292314598376354,-6.204167179738569,2700.3035626637043,48
2025-12-08 06:40:00+00:00,2025-12-08 06:45:00+00:00,2025-12-08 07:35:00+00:00,SHORT,91565.8,91840.4974,91840.4974,91016.40520000001,STOP,-0.0029910269192421346,-0.004391026919242135,-11.857105633781766,2688.4464570299224,11
2025-12-08 09:00:00+00:00,2025-12-08 09:05:00+00:00,2025-12-08 09:05:00+00:00,SHORT,91950.0,92225.84999999999,92225.84999999999,91398.3,STOP,-0.0029910269192421346,-0.004391026919242135,-11.805040763759532,2676.6414162661627,1
2025-12-08 11:30:00+00:00,2025-12-08 11:35:00+00:00,2025-12-08 13:15:00+00:00,LONG,91913.0,91637.261,91637.261,92464.478,STOP,-0.0030000000000000027,-0.004400000000000003,-11.777222231571123,2664.8641940345915,21
2025-12-08 14:10:00+00:00,2025-12-08 14:15:00+00:00,2025-12-08 14:20:00+00:00,LONG,91552.5,91277.8425,91277.8425,92101.815,STOP,-0.0030000000000000027,-0.004400000000000003,-11.72540245375221,2653.138791580839,2
2025-12-08 14:35:00+00:00,2025-12-08 14:40:00+00:00,2025-12-08 14:45:00+00:00,LONG,91013.2,91559.2792,90740.1604,91559.2792,TARGET,0.006000000000000005,0.004600000000000005,12.204438441271874,2665.343230022111,2
2025-12-08 15:00:00+00:00,2025-12-08 15:05:00+00:00,2025-12-08 15:05:00+00:00,LONG,90954.1,90681.23770000001,90681.23770000001,91499.8246,STOP,-0.0029999999999998916,-0.004399999999999892,-11.727510212097,2653.615719810014,1
2025-12-08 15:10:00+00:00,2025-12-08 15:15:00+00:00,2025-12-08 15:20:00+00:00,LONG,90226.7,89956.0199,89956.0199,90768.06019999999,STOP,-0.0030000000000000027,-0.004400000000000003,-11.67590916716407,2641.93981064285,2
2025-12-08 20:00:00+00:00,2025-12-08 20:05:00+00:00,2025-12-08 20:20:00+00:00,SHORT,90275.5,90546.3265,90546.3265,89733.847,STOP,-0.0029910269192422456,-0.004391026919242246,-11.600828827550515,2630.338981815299,4
2025-12-08 20:50:00+00:00,2025-12-08 20:55:00+00:00,2025-12-08 21:30:00+00:00,SHORT,90838.5,91111.0155,91111.0155,90293.469,STOP,-0.0029910269192422456,-0.004391026919242246,-11.549889275883219,2618.789092539416,8
2025-12-08 21:45:00+00:00,2025-12-08 21:50:00+00:00,2025-12-08 23:20:00+00:00,SHORT,91175.0,90627.95,91448.525,90627.95,TARGET,0.006036217303822866,0.004636217303822866,12.14127530589382,2630.93036784531,19
2025-12-08 23:25:00+00:00,2025-12-08 23:30:00+00:00,2025-12-09 00:30:00+00:00,LONG,90718.7,90446.54389999999,90446.54389999999,91263.0122,STOP,-0.0030000000000001137,-0.004400000000000114,-11.576093618519662,2619.35427422679,13
2025-12-09 01:05:00+00:00,2025-12-09 01:10:00+00:00,2025-12-09 01:40:00+00:00,LONG,90340.9,90069.8773,90069.8773,90882.9454,STOP,-0.0030000000000000027,-0.004400000000000003,-11.525158806597883,2607.829115420192,7
2025-12-09 01:50:00+00:00,2025-12-09 01:55:00+00:00,2025-12-09 04:35:00+00:00,LONG,90067.3,89797.0981,89797.0981,90607.7038,STOP,-0.0030000000000000027,-0.004400000000000003,-11.474448107848852,2596.3546673123433,33
2025-12-09 05:05:00+00:00,2025-12-09 05:10:00+00:00,2025-12-09 05:15:00+00:00,LONG,89775.3,89505.9741,89505.9741,90313.95180000001,STOP,-0.0030000000000000027,-0.004400000000000003,-11.423960536174318,2584.930706776169,2
2025-12-09 07:25:00+00:00,2025-12-09 07:30:00+00:00,2025-12-09 11:25:00+00:00,SHORT,90361.0,90283.3,90632.08299999998,89818.834,TIME,0.0008606242793518515,-0.0005393757206481485,-1.394248862792924,2583.5364579133757,48
2025-12-09 11:35:00+00:00,2025-12-09 11:40:00+00:00,2025-12-09 12:15:00+00:00,SHORT,90223.3,90493.9699,90493.9699,89681.9602,STOP,-0.0029910269192422456,-0.004391026919242246,-11.344378133541394,2572.1920797798343,8
2025-12-09 12:20:00+00:00,2025-12-09 12:25:00+00:00,2025-12-09 14:30:00+00:00,SHORT,90612.4,90068.72559999999,90884.23719999999,90068.72559999999,TARGET,0.006036217303823088,0.004636217303823088,11.925241429031965,2584.117321208866,26
2025-12-09 15:00:00+00:00,2025-12-09 15:05:00+00:00,2025-12-09 15:25:00+00:00,SHORT,90889.3,91161.96789999999,91161.96789999999,90343.9642,STOP,-0.0029910269192421346,-0.004391026919242135,-11.346928719908005,2572.770392488958,5
2025-12-09 15:35:00+00:00,2025-12-09 15:40:00+00:00,2025-12-09 15:40:00+00:00,SHORT,91595.0,91869.78499999999,91869.78499999999,91045.43,STOP,-0.0029910269192421346,-0.004391026919242135,-11.297104050448167,2561.47328843851,1
2025-12-09 15:50:00+00:00,2025-12-09 15:55:00+00:00,2025-12-09 16:00:00+00:00,SHORT,92819.0,93097.457,93097.457,92262.086,STOP,-0.0029910269192422456,-0.004391026919242246,-11.247498162453454,2550.225790276056,2
2025-12-09 16:10:00+00:00,2025-12-09 16:15:00+00:00,2025-12-09 16:30:00+00:00,SHORT,93444.3,93724.6329,93724.6329,92883.6342,STOP,-0.0029910269192422456,-0.004391026919242246,-11.198110095247992,2539.027680180808,4
2025-12-09 16:40:00+00:00,2025-12-09 16:45:00+00:00,2025-12-09 17:05:00+00:00,SHORT,94239.0,94521.71699999999,94521.71699999999,93673.566,STOP,-0.0029910269192421346,-0.004391026919242135,-11.148938892374838,2527.8787412884335,5
2025-12-09 20:15:00+00:00,2025-12-09 20:20:00+00:00,2025-12-09 20:20:00+00:00,LONG,93325.9,93045.92229999999,93045.92229999999,93885.8554,STOP,-0.0030000000000000027,-0.004400000000000003,-11.122666461669114,2516.7560748267642,1
2025-12-09 20:25:00+00:00,2025-12-09 20:30:00+00:00,2025-12-09 21:40:00+00:00,LONG,93078.0,92798.766,92798.766,93636.468,STOP,-0.0030000000000000027,-0.004400000000000003,-11.07372672923777,2505.6823480975263,15
2025-12-09 21:50:00+00:00,2025-12-09 21:55:00+00:00,2025-12-09 22:00:00+00:00,LONG,92292.8,92846.5568,92015.9216,92846.5568,TARGET,0.006000000000000005,0.004600000000000005,11.526138801248633,2517.208486898775,2
2025-12-09 22:10:00+00:00,2025-12-09 22:15:00+00:00,2025-12-10 00:15:00+00:00,LONG,92660.1,92382.11970000001,92382.11970000001,93216.06060000001,STOP,-0.0030000000000000027,-0.004400000000000003,-11.075717342354617,2506.1327695564205,25
2025-12-10 00:25:00+00:00,2025-12-10 00:30:00+00:00,2025-12-10 00:45:00+00:00,LONG,92530.5,92252.9085,92252.9085,93085.683,STOP,-0.0029999999999998916,-0.004399999999999892,-11.02698418604798,2495.1057853703724,4
2025-12-10 02:25:00+00:00,2025-12-10 02:30:00+00:00,2025-12-10 06:25:00+00:00,SHORT,92496.6,92549.8,92774.0898,91941.6204,TIME,-0.0005748256614276359,-0.001974825661427636,-4.927398932925967,2490.1783864374465,48
2025-12-10 09:55:00+00:00,2025-12-10 10:00:00+00:00,2025-12-10 10:00:00+00:00,SHORT,92919.9,93198.65969999999,93198.65969999999,92362.38059999999,STOP,-0.0029910269192422456,-0.004391026919242246,-10.934440328562047,2479.2439461088843,1
2025-12-10 10:05:00+00:00,2025-12-10 10:10:00+00:00,2025-12-10 10:30:00+00:00,SHORT,92987.9,92429.9726,93266.86369999999,92429.9726,TARGET,0.006036217303822866,0.004636217303822866,11.494313683348095,2490.7382597922324,5
2025-12-10 10:35:00+00:00,2025-12-10 10:40:00+00:00,2025-12-10 11:40:00+00:00,LONG,92373.3,92096.1801,92096.1801,92927.5398,STOP,-0.0030000000000000027,-0.004400000000000003,-10.95924834308583,2479.7790114491468,13
2025-12-10 13:35:00+00:00,2025-12-10 13:40:00+00:00,2025-12-10 16:15:00+00:00,SHORT,92028.1,92304.1843,92304.1843,91475.9314,STOP,-0.0029910269192421346,-0.004391026919242135,-10.888776393044854,2468.890235056102,32
2025-12-10 16:25:00+00:00,2025-12-10 16:30:00+00:00,2025-12-10 18:35:00+00:00,SHORT,92488.9,92766.36669999998,92766.36669999998,91933.9666,STOP,-0.0029910269192421346,-0.004391026919242135,-10.840963482785385,2458.0492715733167,26
2025-12-10 19:00:00+00:00,2025-12-10 19:05:00+00:00,2025-12-10 19:05:00+00:00,LONG,92018.1,92570.20860000001,91742.0457,92570.20860000001,TARGET,0.006000000000000005,0.004600000000000005,11.307026649237269,2469.356298222554,1
2025-12-10 19:10:00+00:00,2025-12-10 19:15:00+00:00,2025-12-10 19:25:00+00:00,SHORT,93005.8,92447.76520000001,93284.8174,92447.76520000001,TARGET,0.006036217303822866,0.004636217303822866,11.448472399123382,2480.8047706216776,3
2025-12-10 20:05:00+00:00,2025-12-10 20:10:00+00:00,2025-12-10 20:10:00+00:00,SHORT,93577.5,93858.23249999998,93858.23249999998,93016.035,STOP,-0.0029910269192421346,-0.004391026919242135,-10.893280529184096,2469.9114900924933,1
2025-12-10 20:50:00+00:00,2025-12-10 20:55:00+00:00,2025-12-10 21:05:00+00:00,LONG,92489.9,92212.43029999999,92212.43029999999,93044.8394,STOP,-0.0030000000000000027,-0.004400000000000003,-10.867610556406978,2459.0438795360865,3
2025-12-10 23:25:00+00:00,2025-12-10 23:30:00+00:00,2025-12-11 00:20:00+00:00,LONG,92134.6,91858.1962,91858.1962,92687.4076,STOP,-0.0030000000000000027,-0.004400000000000003,-10.819793069958788,2448.2240864661276,11
2025-12-11 00:30:00+00:00,2025-12-11 00:35:00+00:00,2025-12-11 00:40:00+00:00,LONG,91487.6,91213.13720000001,91213.13720000001,92036.52560000001,STOP,-0.0029999999999998916,-0.004399999999999892,-10.772185980450697,2437.451900485677,2
2025-12-11 00:45:00+00:00,2025-12-11 00:50:00+00:00,2025-12-11 01:15:00+00:00,LONG,91205.9,90932.28229999999,90932.28229999999,91753.1354,STOP,-0.0030000000000000027,-0.004400000000000003,-10.724788362136985,2426.72711212354,6
2025-12-11 01:55:00+00:00,2025-12-11 02:00:00+00:00,2025-12-11 02:05:00+00:00,LONG,90673.8,90401.7786,90401.7786,91217.8428,STOP,-0.0030000000000000027,-0.004400000000000003,-10.677599293343583,2416.0495128301964,2
2025-12-11 02:15:00+00:00,2025-12-11 02:20:00+00:00,2025-12-11 02:30:00+00:00,LONG,90244.9,89974.1653,89974.1653,90786.3694,STOP,-0.0030000000000000027,-0.004400000000000003,-10.63061785645287,2405.4188949737436,3
2025-12-11 03:10:00+00:00,2025-12-11 03:15:00+00:00,2025-12-11 04:40:00+00:00,LONG,89632.0,90169.792,89363.104,90169.792,TARGET,0.006000000000000005,0.004600000000000005,11.064926916879234,2416.483821890623,18
2025-12-11 06:20:00+00:00,2025-12-11 06:25:00+00:00,2025-12-11 10:20:00+00:00,LONG,90042.0,90186.8,89771.874,90582.25200000001,TIME,0.0016081384242909724,0.00020813842429097244,0.5029631350129411,2416.986785025636,48
2025-12-11 13:30:00+00:00,2025-12-11 13:35:00+00:00,2025-12-11 14:40:00+00:00,LONG,89928.3,90467.8698,89658.5151,90467.8698,TARGET,0.006000000000000005,0.004600000000000005,11.118139211117938,2428.104924236754,14
2025-12-11 14:45:00+00:00,2025-12-11 14:50:00+00:00,2025-12-11 14:50:00+00:00,LONG,89832.1,89562.6037,89562.6037,90371.0926,STOP,-0.0030000000000000027,-0.004400000000000003,-10.683661666641724,2417.421262570112,1
2025-12-11 14:55:00+00:00,2025-12-11 15:00:00+00:00,2025-12-11 15:05:00+00:00,LONG,89548.1,90085.3886,89279.4557,90085.3886,TARGET,0.006000000000000005,0.004600000000000005,11.120137807822529,2428.5414003779347,2
2025-12-11 15:20:00+00:00,2025-12-11 15:25:00+00:00,2025-12-11 15:35:00+00:00,SHORT,90594.9,90051.33059999999,90866.68469999998,90051.33059999999,TARGET,0.006036217303823088,0.004636217303823088,11.259245663482934,2439.8006460414176,3
2025-12-11 17:20:00+00:00,2025-12-11 17:25:00+00:00,2025-12-11 18:10:00+00:00,SHORT,90105.2,90375.51559999998,90375.51559999998,89564.5688,STOP,-0.0029910269192421346,-0.004391026919242135,-10.713230314352217,2429.0874157270655,10
2025-12-11 18:40:00+00:00,2025-12-11 18:45:00+00:00,2025-12-11 18:50:00+00:00,SHORT,91146.3,90599.4222,91419.7389,90599.4222,TARGET,0.006036217303822866,0.004636217303822866,11.261777109292188,2440.349192836358,2
2025-12-11 19:30:00+00:00,2025-12-11 19:35:00+00:00,2025-12-11 19:55:00+00:00,SHORT,91314.1,90766.2154,91588.0423,90766.2154,TARGET,0.006036217303823088,0.004636217303823088,11.313989155198628,2451.6631819915565,5
2025-12-11 21:05:00+00:00,2025-12-11 21:10:00+00:00,2025-12-11 21:10:00+00:00,SHORT,92245.5,92522.23649999998,92522.23649999998,91692.027,STOP,-0.0029910269192421346,-0.004391026919242135,-10.765319029039754,2440.8978629625167,1
2025-12-11 21:15:00+00:00,2025-12-11 21:20:00+00:00,2025-12-11 21:25:00+00:00,SHORT,92883.7,93162.35109999999,93162.35109999999,92326.39779999999,STOP,-0.0029910269192421346,-0.004391026919242135,-10.71804822338901,2430.179814739128,2
2025-12-11 21:30:00+00:00,2025-12-11 21:35:00+00:00,2025-12-11 21:55:00+00:00,SHORT,93361.8,92801.6292,93641.8854,92801.6292,TARGET,0.006036217303823088,0.004636217303823088,11.26684170849513,2441.446656447623,5
2025-12-11 22:20:00+00:00,2025-12-11 22:25:00+00:00,2025-12-11 22:45:00+00:00,LONG,92383.0,92105.851,92105.851,92937.298,STOP,-0.0030000000000000027,-0.004400000000000003,-10.742365288369548,2430.7042911592534,5
2025-12-11 23:00:00+00:00,2025-12-11 23:05:00+00:00,2025-12-12 00:50:00+00:00,LONG,92413.9,92136.6583,92136.6583,92968.38339999999,STOP,-0.0030000000000000027,-0.004400000000000003,-10.695098881100723,2420.0091922781526,22
2025-12-12 00:55:00+00:00,2025-12-12 01:00:00+00:00,2025-12-12 01:20:00+00:00,LONG,91577.7,92127.16619999999,91302.9669,92127.16619999999,TARGET,0.006000000000000005,0.004600000000000005,11.132042284479514,2431.1412345626322,5
2025-12-12 02:10:00+00:00,2025-12-12 02:15:00+00:00,2025-12-12 02:50:00+00:00,SHORT,92392.2,92669.37659999999,92669.37659999999,91837.8468,STOP,-0.0029910269192421346,-0.004391026919242135,-10.675206605444075,2420.466027957188,8
2025-12-12 02:55:00+00:00,2025-12-12 03:00:00+00:00,2025-12-12 06:55:00+00:00,SHORT,92584.5,92506.6,92862.25349999999,92028.993,TIME,0.0008421020770408294,-0.0005578979229591706,-1.3503729695905489,2419.1156549875977,48
2025-12-12 07:10:00+00:00,2025-12-12 07:15:00+00:00,2025-12-12 08:25:00+00:00,LONG,92501.1,92223.59670000001,92223.59670000001,93056.1066,STOP,-0.0030000000000000027,-0.004400000000000003,-10.644108881945437,2408.471546105652,15
2025-12-12 10:00:00+00:00,2025-12-12 10:05:00+00:00,2025-12-12 14:00:00+00:00,SHORT,92540.9,92282.8,92818.52269999999,91985.6546,TIME,0.002796837547191844,0.0013968375471918439,3.364243486943567,2411.8357895925956,48
2025-12-12 14:50:00+00:00,2025-12-12 14:55:00+00:00,2025-12-12 15:05:00+00:00,SHORT,92577.8,92022.33320000001,92855.53339999999,92022.33320000001,TARGET,0.006036217303822866,0.004636217303822866,11.181794821688477,2423.017584414284,3
2025-12-12 15:15:00+00:00,2025-12-12 15:20:00+00:00,2025-12-12 15:20:00+00:00,LONG,91804.2,91528.7874,91528.7874,92355.0252,STOP,-0.0030000000000000027,-0.004400000000000003,-10.661277371422857,2412.3563070428613,1
2025-12-12 15:25:00+00:00,2025-12-12 15:30:00+00:00,2025-12-12 15:30:00+00:00,LONG,90840.0,90567.48,90567.48,91385.04,STOP,-0.0030000000000000027,-0.004400000000000003,-10.614367750988597,2401.7419392918728,1
2025-12-12 15:35:00+00:00,2025-12-12 15:40:00+00:00,2025-12-12 15:40:00+00:00,LONG,90673.7,90401.6789,90401.6789,91217.7422,STOP,-0.0030000000000000027,-0.004400000000000003,-10.567664532884248,2391.1742747589883,1
2025-12-12 15:55:00+00:00,2025-12-12 16:00:00+00:00,2025-12-12 16:00:00+00:00,LONG,89933.7,89663.8989,89663.8989,90473.30219999999,STOP,-0.0030000000000000027,-0.004400000000000003,-10.521166808939556,2380.6531079500487,1
2025-12-12 17:05:00+00:00,2025-12-12 17:10:00+00:00,2025-12-12 17:15:00+00:00,SHORT,90199.1,90469.6973,90469.6973,89657.9054,STOP,-0.0029910269192422456,-0.004391026919242246,-10.45351188238638,2370.1995960676622,2
2025-12-12 18:50:00+00:00,2025-12-12 18:55:00+00:00,2025-12-12 19:05:00+00:00,SHORT,90566.4,90023.00159999999,90838.09919999998,90023.00159999999,TARGET,0.006036217303823088,0.004636217303823088,10.98876038080339,2381.1883564484656,3
2025-12-12 22:20:00+00:00,2025-12-12 22:25:00+00:00,2025-12-13 02:20:00+00:00,SHORT,90372.0,90289.8,90643.116,89829.768,TIME,0.0009104018394103797,-0.0004895981605896203,-1.16582543933459,2380.022531009131,48
2025-12-13 14:20:00+00:00,2025-12-13 14:25:00+00:00,2025-12-13 18:20:00+00:00,LONG,90142.0,90164.8,89871.574,90682.852,TIME,0.0002529342592798578,-0.0011470657407201422,-2.7300423074626163,2377.2924887016684,48
2025-12-13 21:25:00+00:00,2025-12-13 21:30:00+00:00,2025-12-14 01:25:00+00:00,LONG,89964.8,90428.1,89694.9056,90504.5888,TIME,0.005149791918617197,0.0037497919186171968,8.91435216232288,2386.206840863991,48
2025-12-14 01:40:00+00:00,2025-12-14 01:45:00+00:00,2025-12-14 05:40:00+00:00,LONG,90226.3,90168.0,89955.6211,90767.6578,TIME,-0.000646153061801269,-0.002046153061801269,-4.8825444335249895,2381.3242964304663,48
2025-12-14 10:10:00+00:00,2025-12-14 10:15:00+00:00,2025-12-14 11:00:00+00:00,LONG,89806.0,89536.582,89536.582,90344.836,STOP,-0.0030000000000000027,-0.004400000000000003,-10.477826904294059,2370.8464695261723,10
2025-12-14 11:30:00+00:00,2025-12-14 11:35:00+00:00,2025-12-14 11:35:00+00:00,LONG,89493.1,89224.6207,89224.6207,90030.0586,STOP,-0.0030000000000001137,-0.004400000000000114,-10.431724465915428,2360.414745060257,1
2025-12-14 11:40:00+00:00,2025-12-14 11:45:00+00:00,2025-12-14 11:55:00+00:00,LONG,88859.0,89392.154,88592.423,89392.154,TARGET,0.006000000000000005,0.004600000000000005,10.857907827277193,2371.272652887534,3
2025-12-14 14:00:00+00:00,2025-12-14 14:05:00+00:00,2025-12-14 14:50:00+00:00,SHORT,89438.3,88901.67020000001,89706.6149,88901.67020000001,TARGET,0.006036217303822866,0.004636217303822866,10.993735305399138,2382.2663881929334,10
2025-12-14 16:40:00+00:00,2025-12-14 16:45:00+00:00,2025-12-14 16:55:00+00:00,LONG,88825.5,88559.0235,88559.0235,89358.453,STOP,-0.0030000000000000027,-0.004400000000000003,-10.481972108048915,2371.7844160848845,3
2025-12-14 19:15:00+00:00,2025-12-14 19:20:00+00:00,2025-12-14 22:30:00+00:00,LONG,88598.0,88332.206,88332.206,89129.588,STOP,-0.0029999999999998916,-0.004399999999999892,-10.435851430773235,2361.348564654111,39
2025-12-14 22:35:00+00:00,2025-12-14 22:40:00+00:00,2025-12-14 23:00:00+00:00,LONG,88036.0,88564.216,87771.89199999999,88564.216,TARGET,0.006000000000000005,0.004600000000000005,10.862203397408924,2372.21076805152,5
2025-12-14 23:10:00+00:00,2025-12-14 23:15:00+00:00,2025-12-14 23:30:00+00:00,LONG,88056.8,87792.6296,87792.6296,88585.14080000001,STOP,-0.0030000000000000027,-0.004400000000000003,-10.437727379426695,2361.7730406720934,4
2025-12-15 00:30:00+00:00,2025-12-15 00:35:00+00:00,2025-12-15 01:20:00+00:00,SHORT,88450.9,88716.25269999998,88716.25269999998,87920.19459999999,STOP,-0.0029910269192421346,-0.004391026919242135,-10.370608998731512,2351.402431673362,10
2025-12-15 01:30:00+00:00,2025-12-15 01:35:00+00:00,2025-12-15 01:35:00+00:00,SHORT,89004.9,89271.91469999998,89271.91469999998,88470.8706,STOP,-0.0029910269192421346,-0.004391026919242135,-10.325071375449147,2341.077360297913,1
2025-12-15 01:40:00+00:00,2025-12-15 01:45:00+00:00,2025-12-15 02:00:00+00:00,SHORT,89077.9,89345.13369999999,89345.13369999999,88543.4326,STOP,-0.0029910269192422456,-0.004391026919242246,-10.279733709096714,2330.7976265888165,4
2025-12-15 02:10:00+00:00,2025-12-15 02:15:00+00:00,2025-12-15 02:15:00+00:00,SHORT,89527.8,89796.38339999999,89796.38339999999,88990.6332,STOP,-0.0029910269192421346,-0.004391026919242135,-10.23459512165717,2320.5630314671594,1
2025-12-15 04:35:00+00:00,2025-12-15 04:40:00+00:00,2025-12-15 06:50:00+00:00,SHORT,89581.7,89850.44509999998,89850.44509999998,89044.2098,STOP,-0.0029910269192421346,-0.004391026919242135,-10.18965473897043,2310.3733767281888,27
2025-12-15 09:00:00+00:00,2025-12-15 09:05:00+00:00,2025-12-15 13:00:00+00:00,SHORT,89909.8,89602.3,90179.5294,89370.3412,TIME,0.0034318315489669793,0.002031831548966979,4.694289516729706,2315.0676662449187,48
2025-12-15 13:20:00+00:00,2025-12-15 13:25:00+00:00,2025-12-15 14:30:00+00:00,LONG,89392.0,89123.824,89123.824,89928.352,STOP,-0.0030000000000001137,-0.004400000000000114,-10.186297731477906,2304.881368513441,14
2025-12-15 14:40:00+00:00,2025-12-15 14:45:00+00:00,2025-12-15 14:45:00+00:00,LONG,89269.0,89001.193,89001.193,89804.614,STOP,-0.0030000000000000027,-0.004400000000000003,-10.141478021459147,2294.739890491982,1
2025-12-15 14:50:00+00:00,2025-12-15 14:55:00+00:00,2025-12-15 14:55:00+00:00,LONG,88268.1,88003.2957,88003.2957,88797.70860000001,STOP,-0.0030000000000000027,-0.004400000000000003,-10.096855518164727,2284.643034973817,1
2025-12-15 15:00:00+00:00,2025-12-15 15:05:00+00:00,2025-12-15 15:05:00+00:00,LONG,87519.5,88044.617,87256.9415,88044.617,TARGET,0.006000000000000005,0.004600000000000005,10.509357960879571,2295.1523929346968,1
2025-12-15 15:15:00+00:00,2025-12-15 15:20:00+00:00,2025-12-15 15:20:00+00:00,LONG,87033.3,86772.2001,86772.2001,87555.4998,STOP,-0.0030000000000000027,-0.004400000000000003,-10.098670528912672,2285.053722405784,1
2025-12-15 16:40:00+00:00,2025-12-15 16:45:00+00:00,2025-12-15 17:30:00+00:00,LONG,86327.0,86068.019,86068.019,86844.962,STOP,-0.0030000000000000027,-0.004400000000000003,-10.054236378585456,2274.9994860271986,10
2025-12-15 17:35:00+00:00,2025-12-15 17:40:00+00:00,2025-12-15 18:30:00+00:00,LONG,85708.3,85451.17510000001,85451.17510000001,86222.54980000001,STOP,-0.0029999999999998916,-0.004399999999999892,-10.009997738519427,2264.9894882886792,11
2025-12-15 18:35:00+00:00,2025-12-15 18:40:00+00:00,2025-12-15 18:55:00+00:00,LONG,85475.0,85987.85,85218.575,85987.85,TARGET,0.006000000000000005,0.004600000000000005,10.418951646127937,2275.408439934807,4
2025-12-15 20:35:00+00:00,2025-12-15 20:40:00+00:00,2025-12-15 20:50:00+00:00,LONG,86031.8,85773.7046,85773.7046,86547.9908,STOP,-0.0030000000000001137,-0.004400000000000114,-10.01179713571341,2265.3966427990936,3
2025-12-15 20:55:00+00:00,2025-12-15 21:00:00+00:00,2025-12-15 21:05:00+00:00,LONG,85786.9,85529.53929999999,85529.53929999999,86301.62139999999,STOP,-0.0030000000000000027,-0.004400000000000003,-9.967745228316018,2255.4288975707777,2
2025-12-15 23:00:00+00:00,2025-12-15 23:05:00+00:00,2025-12-16 01:00:00+00:00,SHORT,86313.9,85796.01659999999,86572.84169999999,85796.01659999999,TARGET,0.006036217303823088,0.004636217303823088,10.45665848246027,2265.885556053238,24
2025-12-16 01:30:00+00:00,2025-12-16 01:35:00+00:00,2025-12-16 03:25:00+00:00,LONG,85886.3,85628.64110000001,85628.64110000001,86401.6178,STOP,-0.0029999999999998916,-0.004399999999999892,-9.969896446634001,2255.915659606604,23
2025-12-16 03:30:00+00:00,2025-12-16 03:35:00+00:00,2025-12-16 04:45:00+00:00,LONG,85696.3,85439.2111,85439.2111,86210.47780000001,STOP,-0.0030000000000000027,-0.004400000000000003,-9.926028902269065,2245.989630704335,15
2025-12-16 05:45:00+00:00,2025-12-16 05:50:00+00:00,2025-12-16 06:20:00+00:00,SHORT,86065.9,86324.09769999998,86324.09769999998,85549.5046,STOP,-0.0029910269192421346,-0.004391026919242135,-9.862200928761435,2236.1274297755735,7
2025-12-16 06:50:00+00:00,2025-12-16 06:55:00+00:00,2025-12-16 07:40:00+00:00,SHORT,86545.3,86026.0282,86804.9359,86026.0282,TARGET,0.006036217303822866,0.004636217303822866,10.367172683478465,2246.494602459052,10
2025-12-16 10:35:00+00:00,2025-12-16 10:40:00+00:00,2025-12-16 10:40:00+00:00,SHORT,86766.4,87026.69919999999,87026.69919999999,86245.80159999999,STOP,-0.0029910269192422456,-0.004391026919242246,-9.864418273330106,2236.630184185722,1
2025-12-16 10:45:00+00:00,2025-12-16 10:50:00+00:00,2025-12-16 11:30:00+00:00,SHORT,87032.4,87293.49719999998,87293.49719999998,86510.20559999999,STOP,-0.0029910269192421346,-0.004391026919242135,-9.821103347149,2226.809080838573,9
2025-12-16 12:15:00+00:00,2025-12-16 12:20:00+00:00,2025-12-16 13:25:00+00:00,SHORT,87244.1,87505.8323,87505.8323,86720.6354,STOP,-0.0029910269192421346,-0.004391026919242135,-9.77797861797501,2217.0311022205983,14
2025-12-16 13:30:00+00:00,2025-12-16 13:35:00+00:00,2025-12-16 13:55:00+00:00,LONG,86867.7,86607.0969,86607.0969,87388.9062,STOP,-0.0029999999999998916,-0.004399999999999892,-9.754936849770393,2207.276165370828,5
2025-12-16 14:00:00+00:00,2025-12-16 14:05:00+00:00,2025-12-16 14:15:00+00:00,LONG,86479.9,86998.7794,86220.46029999999,86998.7794,TARGET,0.006000000000000005,0.004600000000000005,10.15347036070582,2217.429635731534,3
2025-12-16 14:30:00+00:00,2025-12-16 14:35:00+00:00,2025-12-16 14:50:00+00:00,SHORT,87118.5,87379.85549999999,87379.85549999999,86595.789,STOP,-0.0029910269192421346,-0.004391026919242135,-9.736793222022445,2207.6928425095116,4
2025-12-16 15:45:00+00:00,2025-12-16 15:50:00+00:00,2025-12-16 15:50:00+00:00,SHORT,87624.0,87886.87199999999,87886.87199999999,87098.256,STOP,-0.0029910269192421346,-0.004391026919242135,-9.694038700877453,2197.998803808634,1
2025-12-16 15:55:00+00:00,2025-12-16 16:00:00+00:00,2025-12-16 16:40:00+00:00,SHORT,87968.9,87441.0866,88232.80669999999,87441.0866,TARGET,0.006036217303822866,0.004636217303822866,10.19040008799955,2208.1892038966334,9
2025-12-16 18:00:00+00:00,2025-12-16 18:05:00+00:00,2025-12-16 18:40:00+00:00,LONG,87388.9,87913.2334,87126.73329999999,87913.2334,TARGET,0.006000000000000005,0.004600000000000005,10.157670337924525,2218.346874234558,8
2025-12-16 21:55:00+00:00,2025-12-16 22:00:00+00:00,2025-12-17 01:55:00+00:00,SHORT,87762.8,87556.0,88026.0884,87236.22320000001,TIME,0.002361916944584097,0.0009619169445840971,2.1338654472913885,2220.4807396818496,48
2025-12-17 02:10:00+00:00,2025-12-17 02:15:00+00:00,2025-12-17 04:20:00+00:00,LONG,87290.6,87028.72820000001,87028.72820000001,87814.34360000001,STOP,-0.0029999999999998916,-0.004399999999999892,-9.770115254599899,2210.7106244272495,26
2025-12-17 04:40:00+00:00,2025-12-17 04:45:00+00:00,2025-12-17 05:00:00+00:00,LONG,86873.0,86612.381,86612.381,87394.238,STOP,-0.0030000000000001137,-0.004400000000000114,-9.727126747480149,2200.9834976797692,4
2025-12-17 05:25:00+00:00,2025-12-17 05:30:00+00:00,2025-12-17 06:10:00+00:00,LONG,86424.0,86942.544,86164.728,86942.544,TARGET,0.006000000000000005,0.004600000000000005,10.12452408932695,2211.108021769096,9
2025-12-17 06:35:00+00:00,2025-12-17 06:40:00+00:00,2025-12-17 07:35:00+00:00,SHORT,86814.0,87074.442,87074.442,86293.116,STOP,-0.0029910269192422456,-0.004391026919242246,-9.70903484494057,2201.3989869241555,12
2025-12-17 08:25:00+00:00,2025-12-17 08:30:00+00:00,2025-12-17 10:00:00+00:00,LONG,86518.1,86258.5457,86258.5457,87037.20860000001,STOP,-0.0030000000000000027,-0.004400000000000003,-9.68615554246629,2191.7128313816893,19
2025-12-17 10:10:00+00:00,2025-12-17 10:15:00+00:00,2025-12-17 11:50:00+00:00,SHORT,86673.0,86933.01899999999,86933.01899999999,86152.962,STOP,-0.0029910269192421346,-0.004391026919242135,-9.623870041845395,2182.088961339844,20
2025-12-17 12:00:00+00:00,2025-12-17 12:05:00+00:00,2025-12-17 13:45:00+00:00,SHORT,87175.2,87436.72559999999,87436.72559999999,86652.1488,STOP,-0.0029910269192422456,-0.004391026919242246,-9.581611369424607,2172.5073499704195,21
2025-12-17 14:00:00+00:00,2025-12-17 14:05:00+00:00,2025-12-17 14:20:00+00:00,SHORT,87625.1,87887.97529999999,87887.97529999999,87099.3494,STOP,-0.0029910269192421346,-0.004391026919242135,-9.539538255971506,2162.967811714448,4
2025-12-17 14:30:00+00:00,2025-12-17 14:35:00+00:00,2025-12-17 14:50:00+00:00,SHORT,87609.4,87872.22819999998,87872.22819999998,87083.74359999999,STOP,-0.0029910269192421346,-0.004391026919242135,-9.497649886692395,2153.470161827756,4
2025-12-17 14:55:00+00:00,2025-12-17 15:00:00+00:00,2025-12-17 15:00:00+00:00,SHORT,89682.6,89951.64779999999,89951.64779999999,89144.5044,STOP,-0.0029910269192421346,-0.004391026919242135,-9.455945450370391,2144.0142163773853,1
2025-12-17 15:05:00+00:00,2025-12-17 15:10:00+00:00,2025-12-17 15:10:00+00:00,SHORT,89794.3,90063.6829,90063.6829,89255.53420000001,STOP,-0.0029910269192422456,-0.004391026919242246,-9.414424139351167,2134.5997922380343,1
2025-12-17 15:40:00+00:00,2025-12-17 15:45:00+00:00,2025-12-17 15:45:00+00:00,SHORT,88716.8,88184.4992,88982.95039999999,88184.4992,TARGET,0.006036217303822866,0.004636217303822866,9.89646849351067,2144.496260731545,1
2025-12-17 15:50:00+00:00,2025-12-17 15:55:00+00:00,2025-12-17 15:55:00+00:00,LONG,87651.9,87388.94429999999,87388.94429999999,88177.81139999999,STOP,-0.0030000000000001137,-0.004400000000000114,-9.435783547219042,2135.060477184326,1
2025-12-17 18:40:00+00:00,2025-12-17 18:45:00+00:00,2025-12-17 18:50:00+00:00,LONG,85944.4,85686.5668,85686.5668,86460.0664,STOP,-0.0029999999999998916,-0.004399999999999892,-9.394266099610803,2125.666211084715,2
2025-12-17 18:55:00+00:00,2025-12-17 19:00:00+00:00,2025-12-17 19:05:00+00:00,LONG,85830.8,85573.3076,85573.3076,86345.78480000001,STOP,-0.0030000000000000027,-0.004400000000000003,-9.352931328772753,2116.3132797559424,2
2025-12-17 22:25:00+00:00,2025-12-17 22:30:00+00:00,2025-12-18 02:10:00+00:00,SHORT,86256.8,86515.5704,86515.5704,85739.2592,STOP,-0.0029910269192422456,-0.004391026919242246,-9.292788580958188,2107.0204911749843,45
2025-12-18 02:15:00+00:00,2025-12-18 02:20:00+00:00,2025-12-18 04:05:00+00:00,SHORT,86597.0,86856.791,86856.791,86077.418,STOP,-0.0029910269192422456,-0.004391026919242246,-9.251983696144375,2097.76850747884,22
2025-12-18 05:50:00+00:00,2025-12-18 05:55:00+00:00,2025-12-18 08:00:00+00:00,LONG,86413.5,86931.981,86154.2595,86931.981,TARGET,0.006000000000000005,0.004600000000000005,9.649735134402675,2107.418242613243,26
2025-12-18 08:30:00+00:00,2025-12-18 08:35:00+00:00,2025-12-18 09:35:00+00:00,SHORT,87030.0,87291.09,87291.09,86507.81999999999,STOP,-0.0029910269192422456,-0.004391026919242246,-9.253730233416936,2098.164512379826,13
2025-12-18 09:40:00+00:00,2025-12-18 09:45:00+00:00,2025-12-18 13:00:00+00:00,SHORT,87367.7,87629.80309999999,87629.80309999999,86843.4938,STOP,-0.0029910269192422456,-0.004391026919242246,-9.213096854858597,2088.9514155249676,40
2025-12-18 13:05:00+00:00,2025-12-18 13:10:00+00:00,2025-12-18 13:30:00+00:00,SHORT,87752.5,88015.75749999999,88015.75749999999,87225.985,STOP,-0.0029910269192421346,-0.004391026919242135,-9.172641898559094,2079.7787736264086,5
2025-12-18 13:35:00+00:00,2025-12-18 13:40:00+00:00,2025-12-18 13:40:00+00:00,SHORT,88271.6,88536.4148,88536.4148,87741.9704,STOP,-0.0029910269192422456,-0.004391026919242246,-9.132364581062186,2070.6464090453464,1
2025-12-18 13:45:00+00:00,2025-12-18 13:50:00+00:00,2025-12-18 14:00:00+00:00,SHORT,89041.9,89309.02569999998,89309.02569999998,88507.6486,STOP,-0.0029910269192421346,-0.004391026919242135,-9.092264122350176,2061.5541449229963,3
2025-12-18 14:10:00+00:00,2025-12-18 14:15:00+00:00,2025-12-18 14:15:00+00:00,SHORT,88149.9,88414.34969999999,88414.34969999999,87621.0006,STOP,-0.0029910269192422456,-0.004391026919242246,-9.052339745832308,2052.501805177164,1
2025-12-18 14:30:00+00:00,2025-12-18 14:35:00+00:00,2025-12-18 14:35:00+00:00,SHORT,88491.7,87960.74979999999,88757.1751,87960.74979999999,TARGET,0.006036217303823088,0.004636217303823088,9.515844385290492,2062.0176495624546,1
2025-12-18 15:35:00+00:00,2025-12-18 15:40:00+00:00,2025-12-18 15:45:00+00:00,SHORT,89323.9,88787.95659999999,89591.87169999999,88787.95659999999,TARGET,0.006036217303823088,0.004636217303823088,9.559961907690065,2071.577611470145,2
2025-12-18 17:05:00+00:00,2025-12-18 17:10:00+00:00,2025-12-18 17:10:00+00:00,LONG,86603.4,86343.58979999999,86343.58979999999,87123.0204,STOP,-0.0030000000000001137,-0.004400000000000114,-9.114941490468873,2062.462669979676,1
2025-12-18 17:15:00+00:00,2025-12-18 17:20:00+00:00,2025-12-18 17:20:00+00:00,LONG,86166.9,85908.39929999999,85908.39929999999,86683.90139999999,STOP,-0.0030000000000000027,-0.004400000000000003,-9.07483574791058,2053.3878342317653,1
2025-12-18 18:55:00+00:00,2025-12-18 19:00:00+00:00,2025-12-18 19:00:00+00:00,LONG,85988.7,85730.73389999999,85730.73389999999,86504.6322,STOP,-0.0030000000000001137,-0.004400000000000114,-9.034906470620001,2044.3529277611453,1
2025-12-18 19:15:00+00:00,2025-12-18 19:20:00+00:00,2025-12-18 19:35:00+00:00,LONG,85543.5,85286.8695,85286.8695,86056.761,STOP,-0.0030000000000000027,-0.004400000000000003,-8.995152882149045,2035.3577748789962,4
2025-12-18 19:40:00+00:00,2025-12-18 19:45:00+00:00,2025-12-18 20:05:00+00:00,LONG,84700.4,85208.60239999999,84446.29879999999,85208.60239999999,TARGET,0.006000000000000005,0.004600000000000005,9.362645764443393,2044.7204206434396,5
2025-12-18 23:45:00+00:00,2025-12-18 23:50:00+00:00,2025-12-19 01:30:00+00:00,LONG,85409.0,85152.773,85152.773,85921.454,STOP,-0.0030000000000000027,-0.004400000000000003,-8.996769850831141,2035.7236507926084,21
2025-12-19 02:10:00+00:00,2025-12-19 02:15:00+00:00,2025-12-19 02:45:00+00:00,LONG,85235.1,85746.51060000001,84979.3947,85746.51060000001,TARGET,0.006000000000000005,0.004600000000000005,9.36432879364601,2045.0879795862545,7
2025-12-19 02:50:00+00:00,2025-12-19 02:55:00+00:00,2025-12-19 03:00:00+00:00,SHORT,85895.9,86153.58769999999,86153.58769999999,85380.52459999999,STOP,-0.0029910269192422456,-0.004391026919242246,-8.98003637058198,2036.1079432156725,2
2025-12-19 03:05:00+00:00,2025-12-19 03:10:00+00:00,2025-12-19 03:10:00+00:00,SHORT,86099.5,86357.79849999999,86357.79849999999,85582.903,STOP,-0.0029910269192421346,-0.004391026919242135,-8.940604789142753,2027.1673384265298,1
2025-12-19 03:20:00+00:00,2025-12-19 03:25:00+00:00,2025-12-19 03:25:00+00:00,SHORT,86499.0,86758.49699999999,86758.49699999999,85980.006,STOP,-0.0029910269192421346,-0.004391026919242135,-8.901346352839322,2018.2659920736905,1
2025-12-19 03:30:00+00:00,2025-12-19 03:35:00+00:00,2025-12-19 06:55:00+00:00,SHORT,87180.0,87441.54,87441.54,86656.92,STOP,-0.0029910269192422456,-0.004391026919242246,-8.862260301386732,2009.403731772304,41
2025-12-19 07:00:00+00:00,2025-12-19 07:05:00+00:00,2025-12-19 07:05:00+00:00,SHORT,87760.8,88024.0824,88024.0824,87234.2352,STOP,-0.0029910269192422456,-0.004391026919242246,-8.823345877838012,2000.580385894466,1
2025-12-19 07:10:00+00:00,2025-12-19 07:15:00+00:00,2025-12-19 11:10:00+00:00,SHORT,88144.0,88341.7,88408.43199999999,87615.136,TIME,-0.0022379012402975462,-0.0036379012402975464,-7.2779138671604215,1993.3024720273056,48
2025-12-19 12:35:00+00:00,2025-12-19 12:40:00+00:00,2025-12-19 14:30:00+00:00,LONG,87993.3,87729.3201,87729.3201,88521.2598,STOP,-0.0030000000000001137,-0.004400000000000114,-8.770530876920372,1984.5319411503851,23
2025-12-19 14:35:00+00:00,2025-12-19 14:40:00+00:00,2025-12-19 14:40:00+00:00,LONG,87674.3,88200.34580000001,87411.2771,88200.34580000001,TARGET,0.006000000000000005,0.004600000000000005,9.128846929291782,1993.6607880796769,1
2025-12-19 14:45:00+00:00,2025-12-19 14:50:00+00:00,2025-12-19 15:10:00+00:00,SHORT,88195.2,88459.78559999999,88459.78559999999,87666.0288,STOP,-0.0029910269192421346,-0.004391026919242135,-8.75421818829535,1984.9065698913814,5
2025-12-19 15:15:00+00:00,2025-12-19 15:20:00+00:00,2025-12-19 15:25:00+00:00,SHORT,88642.2,88110.3468,88908.12659999999,88110.3468,TARGET,0.006036217303822866,0.004636217303822866,9.202458185802113,1994.1090280771834,2
2025-12-19 17:25:00+00:00,2025-12-19 17:30:00+00:00,2025-12-19 17:30:00+00:00,LONG,87612.6,87349.76220000001,87349.76220000001,88138.27560000001,STOP,-0.0029999999999998916,-0.004399999999999892,-8.77407972353939,1985.334948353644,1
2025-12-19 20:10:00+00:00,2025-12-19 20:15:00+00:00,2025-12-19 20:20:00+00:00,SHORT,87780.4,88043.74119999999,88043.74119999999,87253.71759999999,STOP,-0.0029910269192422456,-0.004391026919242246,-8.717659201933264,1976.6172891517108,2
2025-12-19 20:45:00+00:00,2025-12-19 20:50:00+00:00,2025-12-20 00:45:00+00:00,SHORT,88273.8,88058.1,88538.62139999999,87744.1572,TIME,0.002449519124305466,0.001049519124305466,2.0744976463975475,1978.6917867981083,48
2025-12-20 02:40:00+00:00,2025-12-20 02:45:00+00:00,2025-12-20 06:40:00+00:00,SHORT,88316.6,88310.8,88581.5498,87786.7004,TIME,6.567713122285213e-05,-0.0013343228687771479,-2.6402137013862323,1976.051573096722,48
2025-12-20 07:20:00+00:00,2025-12-20 07:25:00+00:00,2025-12-20 11:20:00+00:00,LONG,88223.8,88278.0,87959.1286,88753.1428,TIME,0.0006143466955628174,-0.0007856533044371826,-1.5524914481417325,1974.4990816485802,48
2025-12-20 13:05:00+00:00,2025-12-20 13:10:00+00:00,2025-12-20 13:20:00+00:00,LONG,88120.9,87856.5373,87856.5373,88649.62539999999,STOP,-0.0030000000000000027,-0.004400000000000003,-8.687795959253759,1965.8112856893265,3
2025-12-20 13:25:00+00:00,2025-12-20 13:30:00+00:00,2025-12-20 17:25:00+00:00,LONG,88018.1,88241.4,87754.0457,88546.20860000001,TIME,0.0025369781897131016,0.0011369781897131016,2.2350845569206355,1968.046370246247,48
2025-12-20 23:15:00+00:00,2025-12-20 23:20:00+00:00,2025-12-21 03:15:00+00:00,SHORT,88344.5,88148.7,88609.53349999999,87814.433,TIME,0.002221246598077986,0.0008212465980779861,1.616251386424459,1969.6626216326715,48
2025-12-21 08:30:00+00:00,2025-12-21 08:35:00+00:00,2025-12-21 08:40:00+00:00,SHORT,88353.5,88618.56049999999,88618.56049999999,87823.379,STOP,-0.0029910269192421346,-0.004391026919242135,-8.648841593414096,1961.0137800392574,2
2025-12-21 08:45:00+00:00,2025-12-21 08:50:00+00:00,2025-12-21 09:00:00+00:00,SHORT,88527.1,88792.6813,88792.6813,87995.93740000001,STOP,-0.0029910269192421346,-0.004391026919242135,-8.610864297157153,1952.4029157421003,3
2025-12-21 09:05:00+00:00,2025-12-21 09:10:00+00:00,2025-12-21 09:30:00+00:00,SHORT,88585.1,88850.8553,88850.8553,88053.58940000001,STOP,-0.0029910269192421346,-0.004391026919242135,-8.573053760230396,1943.82986198187,5
2025-12-21 12:20:00+00:00,2025-12-21 12:25:00+00:00,2025-12-21 13:00:00+00:00,SHORT,88879.9,88346.6206,89146.53969999998,88346.6206,TARGET,0.006036217303822866,0.004636217303822866,9.012017641807958,1952.8418796236779,8
2025-12-21 13:05:00+00:00,2025-12-21 13:10:00+00:00,2025-12-21 13:30:00+00:00,LONG,88403.0,88137.791,88137.791,88933.418,STOP,-0.0030000000000000027,-0.004400000000000003,-8.592504270344188,1944.2493753533338,5
2025-12-21 13:50:00+00:00,2025-12-21 13:55:00+00:00,2025-12-21 15:50:00+00:00,LONG,87712.1,88238.3726,87448.96370000001,88238.3726,TARGET,0.006000000000000005,0.004600000000000005,8.943547126625345,1953.1929224799592,24
2025-12-21 16:20:00+00:00,2025-12-21 16:25:00+00:00,2025-12-21 19:50:00+00:00,SHORT,88287.9,88552.76369999998,88552.76369999998,87758.17259999999,STOP,-0.0029910269192421346,-0.004391026919242135,-8.576522701082716,1944.6163997788765,42
2025-12-21 23:00:00+00:00,2025-12-21 23:05:00+00:00,2025-12-22 00:05:00+00:00,SHORT,88712.0,88978.13599999998,88978.13599999998,88179.728,STOP,-0.0029910269192421346,-0.004391026919242135,-8.538862959028771,1936.0775368198476,13
2025-12-22 00:10:00+00:00,2025-12-22 00:15:00+00:00,2025-12-22 00:20:00+00:00,SHORT,89486.4,88949.4816,89754.85919999999,88949.4816,TARGET,0.006036217303822866,0.004636217303822866,8.97607617774693,1945.0536129975947,2
2025-12-22 01:50:00+00:00,2025-12-22 01:55:00+00:00,2025-12-22 02:05:00+00:00,LONG,88602.1,88336.29370000001,88336.29370000001,89133.71260000001,STOP,-0.0030000000000000027,-0.004400000000000003,-8.558235897189421,1936.4953771004052,3
2025-12-22 03:05:00+00:00,2025-12-22 03:10:00+00:00,2025-12-22 04:15:00+00:00,SHORT,88625.0,88890.87499999999,88890.87499999999,88093.25,STOP,-0.0029910269192421346,-0.004391026919242135,-8.503203329835829,1927.9921737705695,14
2025-12-22 04:50:00+00:00,2025-12-22 04:55:00+00:00,2025-12-22 08:00:00+00:00,SHORT,88963.1,89229.9893,89229.9893,88429.3214,STOP,-0.0029910269192422456,-0.004391026919242246,-8.465865535114945,1919.5263082354545,38
2025-12-22 08:20:00+00:00,2025-12-22 08:25:00+00:00,2025-12-22 08:25:00+00:00,SHORT,89619.2,89888.05759999999,89888.05759999999,89081.48479999999,STOP,-0.0029910269192421346,-0.004391026919242135,-8.428691691655356,1911.0976165437992,1
2025-12-22 08:50:00+00:00,2025-12-22 08:55:00+00:00,2025-12-22 09:30:00+00:00,SHORT,89415.0,89683.245,89683.245,88878.51,STOP,-0.0029910269192422456,-0.004391026919242246,-8.391681079543517,1902.7059354642556,8
2025-12-22 11:30:00+00:00,2025-12-22 11:35:00+00:00,2025-12-22 12:20:00+00:00,SHORT,89959.0,90228.877,90228.877,89419.246,STOP,-0.0029910269192422456,-0.004391026919242246,-8.354832982025545,1894.35110248223,10
2025-12-22 12:30:00+00:00,2025-12-22 12:35:00+00:00,2025-12-22 14:30:00+00:00,SHORT,90256.0,89714.46399999999,90526.768,89714.46399999999,TARGET,0.006036217303823088,0.004636217303823088,8.78262336084446,1903.1337258430744,24
2025-12-22 14:35:00+00:00,2025-12-22 14:40:00+00:00,2025-12-22 14:45:00+00:00,LONG,89647.0,90184.882,89378.059,90184.882,TARGET,0.006000000000000005,0.004600000000000005,8.754415138878151,1911.8881409819526,2
2025-12-22 15:10:00+00:00,2025-12-22 15:15:00+00:00,2025-12-22 15:20:00+00:00,LONG,89617.6,89348.74720000001,89348.74720000001,90155.3056,STOP,-0.0029999999999998916,-0.004399999999999892,-8.412307820320384,1903.4758331616322,2
2025-12-22 19:00:00+00:00,2025-12-22 19:05:00+00:00,2025-12-22 19:30:00+00:00,LONG,88795.8,88529.4126,88529.4126,89328.5748,STOP,-0.0030000000000001137,-0.004400000000000114,-8.375293665911398,1895.1005394957208,6
2025-12-22 19:35:00+00:00,2025-12-22 19:40:00+00:00,2025-12-22 19:50:00+00:00,LONG,88450.9,88185.54729999999,88185.54729999999,88981.6054,STOP,-0.0030000000000000027,-0.004400000000000003,-8.338442373781177,1886.7620971219396,3
2025-12-22 19:55:00+00:00,2025-12-22 20:00:00+00:00,2025-12-22 21:40:00+00:00,LONG,88059.0,88587.354,87794.823,88587.354,TARGET,0.006000000000000005,0.004600000000000005,8.679105646760933,1895.4412027687006,21
2025-12-22 22:05:00+00:00,2025-12-22 22:10:00+00:00,2025-12-22 22:50:00+00:00,LONG,88165.0,88693.99,87900.505,88693.99,TARGET,0.006000000000000005,0.004600000000000005,8.719029532736032,1904.1602323014365,9
2025-12-23 00:35:00+00:00,2025-12-23 00:40:00+00:00,2025-12-23 02:00:00+00:00,SHORT,88899.0,88365.606,89165.69699999999,88365.606,TARGET,0.006036217303822866,0.004636217303822866,8.828100618247287,1912.988332919684,17
2025-12-23 02:45:00+00:00,2025-12-23 02:50:00+00:00,2025-12-23 03:00:00+00:00,LONG,88281.6,88016.7552,88016.7552,88811.2896,STOP,-0.0030000000000001137,-0.004400000000000114,-8.417148664846827,1904.5711842548371,3
2025-12-23 03:05:00+00:00,2025-12-23 03:10:00+00:00,2025-12-23 05:30:00+00:00,LONG,88041.2,87777.07639999999,87777.07639999999,88569.4472,STOP,-0.0030000000000001137,-0.004400000000000114,-8.3801132107215,1896.1910710441157,29
2025-12-23 05:35:00+00:00,2025-12-23 05:40:00+00:00,2025-12-23 06:10:00+00:00,LONG,87765.9,87502.6023,87502.6023,88292.4954,STOP,-0.0030000000000000027,-0.004400000000000003,-8.343240712594115,1887.8478303315217,7
2025-12-23 06:15:00+00:00,2025-12-23 06:20:00+00:00,2025-12-23 10:15:00+00:00,LONG,87260.0,87570.1,86998.22,87783.56,TIME,0.003553747421499054,0.0021537474214990537,4.065947396759098,1891.9137777282808,48
2025-12-23 11:15:00+00:00,2025-12-23 11:20:00+00:00,2025-12-23 14:35:00+00:00,SHORT,87878.3,87351.03020000001,88141.9349,87351.03020000001,TARGET,0.006036217303822866,0.004636217303822866,8.771323393644742,1900.6851011219255,40
2025-12-23 14:45:00+00:00,2025-12-23 14:50:00+00:00,2025-12-23 14:55:00+00:00,LONG,87112.9,86851.5613,86851.5613,87635.5774,STOP,-0.0029999999999998916,-0.004399999999999892,-8.363014444936267,1892.3220866769893,2
2025-12-23 16:00:00+00:00,2025-12-23 16:05:00+00:00,2025-12-23 17:50:00+00:00,SHORT,88088.3,87559.7702,88352.5649,87559.7702,TARGET,0.006036217303823088,0.004636217303823088,8.773216402658472,1901.0953030796477,22
2025-12-23 17:55:00+00:00,2025-12-23 18:00:00+00:00,2025-12-23 18:15:00+00:00,LONG,87176.1,87699.1566,86914.5717,87699.1566,TARGET,0.006000000000000005,0.004600000000000005,8.74503839416639,1909.840341473814,4
2025-12-23 18:35:00+00:00,2025-12-23 18:40:00+00:00,2025-12-23 20:05:00+00:00,SHORT,88090.4,87561.85759999999,88354.67119999998,87561.85759999999,TARGET,0.006036217303823088,0.004636217303823088,8.854434838680293,1918.6947763124945,18
2025-12-23 20:40:00+00:00,2025-12-23 20:45:00+00:00,2025-12-23 21:00:00+00:00,SHORT,88197.8,87668.6132,88462.39339999999,87668.6132,TARGET,0.006036217303822866,0.004636217303822866,8.89548592269453,1927.590262235189,4
2025-12-23 22:10:00+00:00,2025-12-23 22:15:00+00:00,2025-12-23 23:00:00+00:00,LONG,87471.2,87208.7864,87208.7864,87996.0272,STOP,-0.0030000000000000027,-0.004400000000000003,-8.481397153834836,1919.108865081354,10
2025-12-23 23:05:00+00:00,2025-12-23 23:10:00+00:00,2025-12-24 01:05:00+00:00,LONG,87313.9,87837.7834,87051.9583,87837.7834,TARGET,0.006000000000000005,0.004600000000000005,8.827900779374238,1927.9367658607282,24
2025-12-24 02:05:00+00:00,2025-12-24 02:10:00+00:00,2025-12-24 02:40:00+00:00,LONG,87390.9,87128.7273,87128.7273,87915.2454,STOP,-0.0030000000000000027,-0.004400000000000003,-8.48292176978721,1919.453844090941,7
2025-12-24 02:45:00+00:00,2025-12-24 02:50:00+00:00,2025-12-24 05:45:00+00:00,LONG,87082.0,86820.754,86820.754,87604.492,STOP,-0.0030000000000000027,-0.004400000000000003,-8.445596914000145,1911.0082471769408,36
2025-12-24 06:25:00+00:00,2025-12-24 06:30:00+00:00,2025-12-24 10:25:00+00:00,LONG,86979.1,87042.9,86718.1627,87500.9746,TIME,0.0007335095442466688,-0.0006664904557533312,-1.2736687576093337,1909.7345784193315,48
2025-12-24 10:45:00+00:00,2025-12-24 10:50:00+00:00,2025-12-24 12:15:00+00:00,SHORT,87089.0,87350.26699999999,87350.26699999999,86566.466,STOP,-0.0029910269192421346,-0.004391026919242135,-8.385695942446814,1901.3488824768847,18
2025-12-24 13:30:00+00:00,2025-12-24 13:35:00+00:00,2025-12-24 14:35:00+00:00,LONG,87104.9,86843.58529999999,86843.58529999999,87627.5294,STOP,-0.0030000000000000027,-0.004400000000000003,-8.365935082898298,1892.9829473939865,13
2025-12-24 14:40:00+00:00,2025-12-24 14:45:00+00:00,2025-12-24 15:20:00+00:00,LONG,86995.6,86734.6132,86734.6132,87517.5736,STOP,-0.0030000000000000027,-0.004400000000000003,-8.329124968533545,1884.653822425453,8
2025-12-24 16:30:00+00:00,2025-12-24 16:35:00+00:00,2025-12-24 20:30:00+00:00,SHORT,87483.3,87595.9,87745.7499,86958.4002,TIME,-0.001285448291529545,-0.0026854482915295453,-5.061140387557059,1879.5926820378959,48
2025-12-24 22:05:00+00:00,2025-12-24 22:10:00+00:00,2025-12-25 02:05:00+00:00,SHORT,87840.2,87634.0,88103.72059999999,87313.15879999999,TIME,0.002352968026108515,0.0009529680261085151,1.7911917280896634,1881.3838737659855,48
2025-12-25 02:50:00+00:00,2025-12-25 02:55:00+00:00,2025-12-25 06:50:00+00:00,SHORT,87877.0,87830.7,88140.631,87349.738,TIME,0.0005271505293706902,-0.0008728494706293098,-1.6421649182671607,1879.7417088477184,48
2025-12-25 08:15:00+00:00,2025-12-25 08:20:00+00:00,2025-12-25 10:35:00+00:00,LONG,87605.7,87342.8829,87342.8829,88131.3342,STOP,-0.0030000000000000027,-0.004400000000000003,-8.270863518929966,1871.4708453287885,28
2025-12-25 14:10:00+00:00,2025-12-25 14:15:00+00:00,2025-12-25 15:25:00+00:00,SHORT,87710.0,87973.12999999999,87973.12999999999,87183.74,STOP,-0.0029910269192421346,-0.004391026919242135,-8.217678860415544,1863.253166468373,15
2025-12-25 15:30:00+00:00,2025-12-25 15:35:00+00:00,2025-12-25 15:40:00+00:00,SHORT,87957.5,88221.3725,88221.3725,87429.755,STOP,-0.0029910269192422456,-0.004391026919242246,-8.18159481132598,1855.071571657047,2
2025-12-25 15:45:00+00:00,2025-12-25 15:50:00+00:00,2025-12-25 19:45:00+00:00,SHORT,88401.0,88115.7,88666.203,87870.594,TIME,0.003237788498530847,0.001837788498530847,3.409229198342863,1858.4808008553898,48
2025-12-25 20:25:00+00:00,2025-12-25 20:30:00+00:00,2025-12-25 22:45:00+00:00,LONG,87759.0,87495.723,87495.723,88285.554,STOP,-0.0030000000000000027,-0.004400000000000003,-8.17731552376372,1850.303485331626,28
2025-12-25 22:50:00+00:00,2025-12-25 22:55:00+00:00,2025-12-25 23:30:00+00:00,LONG,87524.7,87262.1259,87262.1259,88049.8482,STOP,-0.0030000000000000027,-0.004400000000000003,-8.141335335459159,1842.1621499961668,8
2025-12-25 23:35:00+00:00,2025-12-25 23:40:00+00:00,2025-12-26 02:10:00+00:00,LONG,87114.1,87636.7846,86852.7577,87636.7846,TARGET,0.006000000000000005,0.004600000000000005,8.473945889982376,1850.6360958861492,31
2025-12-26 02:15:00+00:00,2025-12-26 02:20:00+00:00,2025-12-26 02:20:00+00:00,SHORT,88639.2,88905.11759999998,88905.11759999998,88107.3648,STOP,-0.0029910269192421346,-0.004391026919242135,-8.12619291475725,1842.509902971392,1
2025-12-26 02:25:00+00:00,2025-12-26 02:30:00+00:00,2025-12-26 02:30:00+00:00,SHORT,89007.5,89274.52249999999,89274.52249999999,88473.455,STOP,-0.0029910269192421346,-0.004391026919242135,-8.090510582917595,1834.4193923884743,1
2025-12-26 04:45:00+00:00,2025-12-26 04:50:00+00:00,2025-12-26 07:10:00+00:00,SHORT,89050.1,89317.2503,89317.2503,88515.7994,STOP,-0.0029910269192422456,-0.004391026919242246,-8.054984933157796,1826.3644074553165,29
2025-12-26 07:15:00+00:00,2025-12-26 07:20:00+00:00,2025-12-26 07:40:00+00:00,SHORT,89370.4,88834.1776,89638.51119999998,88834.1776,TARGET,0.006036217303822866,0.004636217303822866,8.467422268930534,1834.831829724247,5
2025-12-26 07:45:00+00:00,2025-12-26 07:50:00+00:00,2025-12-26 07:55:00+00:00,LONG,88651.1,88385.14670000001,88385.14670000001,89183.00660000001,STOP,-0.0029999999999998916,-0.004399999999999892,-8.07326005078649,1826.7585696734604,2
2025-12-26 08:10:00+00:00,2025-12-26 08:15:00+00:00,2025-12-26 12:10:00+00:00,LONG,88656.9,88694.0,88390.92929999999,89188.84139999999,TIME,0.0004184671469451562,-0.0009815328530548438,-1.7930235507339773,1824.9655461227264,48
2025-12-26 13:35:00+00:00,2025-12-26 13:40:00+00:00,2025-12-26 14:40:00+00:00,SHORT,88951.0,88417.294,89217.85299999999,88417.294,TARGET,0.006036217303823088,0.004636217303823088,8.460936843815135,1833.4264829665415,13
2025-12-26 14:45:00+00:00,2025-12-26 14:50:00+00:00,2025-12-26 14:50:00+00:00,LONG,88006.4,87742.3808,87742.3808,88534.4384,STOP,-0.0029999999999998916,-0.004399999999999892,-8.067076525052585,1825.3594064414888,1
2025-12-26 14:55:00+00:00,2025-12-26 15:00:00+00:00,2025-12-26 15:00:00+00:00,LONG,87386.4,87124.2408,87124.2408,87910.7184,STOP,-0.0029999999999998916,-0.004399999999999892,-8.031581388342353,1817.3278250531464,1
2025-12-26 15:05:00+00:00,2025-12-26 15:10:00+00:00,2025-12-26 15:10:00+00:00,LONG,87071.1,86809.8867,86809.8867,87593.52660000001,STOP,-0.0030000000000000027,-0.004400000000000003,-7.996242430233849,1809.3315826229125,1
2025-12-26 16:55:00+00:00,2025-12-26 17:00:00+00:00,2025-12-26 17:30:00+00:00,LONG,86850.0,87371.1,86589.45,87371.1,TARGET,0.006000000000000005,0.004600000000000005,8.322925280065407,1817.654507902978,7
2025-12-26 19:45:00+00:00,2025-12-26 19:50:00+00:00,2025-12-26 20:45:00+00:00,SHORT,87484.0,87746.45199999999,87746.45199999999,86959.096,STOP,-0.0029910269192421346,-0.004391026919242135,-7.981369874083792,1809.673138028894,12
2025-12-26 20:50:00+00:00,2025-12-26 20:55:00+00:00,2025-12-27 00:50:00+00:00,SHORT,87671.2,87391.0,87934.21359999999,87145.1728,TIME,0.0032062798228649214,0.0018062798228649214,3.2687760752022372,1812.9419141040962,48
2025-12-27 07:20:00+00:00,2025-12-27 07:25:00+00:00,2025-12-27 11:20:00+00:00,SHORT,87710.2,87510.5,87973.33059999999,87183.9388,TIME,0.002282011872861034,0.0008820118728610339,1.5990362930472215,1814.5409503971434,48
2025-12-27 22:10:00+00:00,2025-12-27 22:15:00+00:00,2025-12-28 02:10:00+00:00,SHORT,87863.2,87781.4,88126.78959999999,87336.0208,TIME,0.0009318602801959841,-0.0004681397198040159,-0.8494586920918314,1813.6914917050517,48
2025-12-28 08:35:00+00:00,2025-12-28 08:40:00+00:00,2025-12-28 12:35:00+00:00,SHORT,87873.3,87831.3,88136.9199,87346.0602,TIME,0.0004781894381615803,-0.0009218105618384197,-1.6718799729701952,1812.0196117320816,48
2025-12-28 16:25:00+00:00,2025-12-28 16:30:00+00:00,2025-12-28 18:15:00+00:00,LONG,87776.7,87513.36989999999,87513.36989999999,88303.3602,STOP,-0.0030000000000001137,-0.004400000000000114,-7.972886291621365,1804.0467254404602,22
2025-12-28 18:20:00+00:00,2025-12-28 18:25:00+00:00,2025-12-28 22:20:00+00:00,LONG,87664.1,87584.3,87401.10770000001,88190.0846,TIME,-0.0009102928108541963,-0.0023102928108541965,-4.16787618023015,1799.87884926023,48
2025-12-28 22:45:00+00:00,2025-12-28 22:50:00+00:00,2025-12-29 00:30:00+00:00,SHORT,87822.6,88086.06779999999,88086.06779999999,87295.66440000001,STOP,-0.0029910269192421346,-0.004391026919242135,-7.903316478476227,1791.9755327817538,21
2025-12-29 00:35:00+00:00,2025-12-29 00:40:00+00:00,2025-12-29 01:40:00+00:00,SHORT,88190.0,88454.56999999999,88454.56999999999,87660.86,STOP,-0.0029910269192421346,-0.004391026919242135,-7.868612803067948,1784.106919978686,13
2025-12-29 02:00:00+00:00,2025-12-29 02:05:00+00:00,2025-12-29 02:05:00+00:00,SHORT,88868.7,89135.30609999999,89135.30609999999,88335.4878,STOP,-0.0029910269192421346,-0.004391026919242135,-7.834061512432584,1776.2728584662534,1
2025-12-29 02:10:00+00:00,2025-12-29 02:15:00+00:00,2025-12-29 03:30:00+00:00,SHORT,89266.4,89534.19919999999,89534.19919999999,88730.80159999999,STOP,-0.0029910269192422456,-0.004391026919242246,-7.79966193744469,1768.4731965288088,16
2025-12-29 03:40:00+00:00,2025-12-29 03:45:00+00:00,2025-12-29 04:35:00+00:00,SHORT,89983.0,90252.949,90252.949,89443.102,STOP,-0.0029910269192422456,-0.004391026919242246,-7.765413411916382,1760.7077831168924,11
2025-12-29 06:00:00+00:00,2025-12-29 06:05:00+00:00,2025-12-29 07:05:00+00:00,LONG,89906.7,89636.97989999999,89636.97989999999,90446.1402,STOP,-0.0030000000000001137,-0.004400000000000114,-7.747114245714527,1752.9606688711779,13
2025-12-29 07:10:00+00:00,2025-12-29 07:15:00+00:00,2025-12-29 09:25:00+00:00,LONG,89650.5,89381.5485,89381.5485,90188.403,STOP,-0.0030000000000000027,-0.004400000000000003,-7.713026943033188,1745.2476419281447,27
2025-12-29 09:30:00+00:00,2025-12-29 09:35:00+00:00,2025-12-29 09:35:00+00:00,LONG,88715.1,88448.9547,88448.9547,89247.39060000001,STOP,-0.0030000000000000027,-0.004400000000000003,-7.679089624483842,1737.568552303661,1
2025-12-29 09:40:00+00:00,2025-12-29 09:45:00+00:00,2025-12-29 09:45:00+00:00,LONG,88242.4,87977.6728,87977.6728,88771.8544,STOP,-0.0029999999999998916,-0.004399999999999892,-7.64530163013592,1729.923250673525,1
2025-12-29 09:50:00+00:00,2025-12-29 09:55:00+00:00,2025-12-29 10:55:00+00:00,LONG,87992.4,87728.4228,87728.4228,88520.3544,STOP,-0.0029999999999998916,-0.004399999999999892,-7.611662302963323,1722.3115883705616,13
2025-12-29 11:45:00+00:00,2025-12-29 11:50:00+00:00,2025-12-29 12:05:00+00:00,LONG,87653.4,87390.4398,87390.4398,88179.3204,STOP,-0.0030000000000000027,-0.004400000000000003,-7.578170988830476,1714.7334173817312,4
2025-12-29 12:10:00+00:00,2025-12-29 12:15:00+00:00,2025-12-29 13:00:00+00:00,LONG,86961.0,87482.766,86700.117,87482.766,TARGET,0.006000000000000005,0.004600000000000005,7.887773719955972,1722.6211911016871,10
2025-12-29 14:30:00+00:00,2025-12-29 14:35:00+00:00,2025-12-29 14:55:00+00:00,SHORT,87964.9,87437.1106,88228.79469999998,87437.1106,TARGET,0.006036217303822866,0.004636217303822866,7.986446174117598,1730.6076372758048,5
2025-12-29 16:05:00+00:00,2025-12-29 16:10:00+00:00,2025-12-29 20:05:00+00:00,SHORT,87754.1,87502.1,88017.3623,87227.5754,TIME,0.002879930881658943,0.001479930881658943,2.561179686439282,1733.1688169622441,48
2025-12-29 20:45:00+00:00,2025-12-29 20:50:00+00:00,2025-12-30 00:45:00+00:00,LONG,87131.0,87212.1,86869.607,87653.78600000001,TIME,0.0009307823851443242,-0.0004692176148556758,-0.8132333384372575,1732.355583623807,48
2025-12-30 03:10:00+00:00,2025-12-30 03:15:00+00:00,2025-12-30 04:20:00+00:00,LONG,86926.0,87447.556,86665.222,87447.556,TARGET,0.006000000000000005,0.004600000000000005,7.968835684669521,1740.3244193084765,14
2025-12-30 06:30:00+00:00,2025-12-30 06:35:00+00:00,2025-12-30 08:00:00+00:00,SHORT,87455.8,87718.16739999999,87718.16739999999,86931.0652,STOP,-0.0029910269192421346,-0.004391026919242135,-7.641811373397957,1732.6826079350785,18
2025-12-30 08:05:00+00:00,2025-12-30 08:10:00+00:00,2025-12-30 08:15:00+00:00,SHORT,87789.9,88053.26969999999,88053.26969999999,87263.16059999999,STOP,-0.0029910269192422456,-0.004391026919242246,-7.608255973945788,1725.0743519611328,2
2025-12-30 09:15:00+00:00,2025-12-30 09:20:00+00:00,2025-12-30 13:15:00+00:00,LONG,87680.3,87987.4,87417.2591,88206.3818,TIME,0.0035024971401784732,0.002102497140178473,3.6269638915935145,1728.7013158527263,48
2025-12-30 14:20:00+00:00,2025-12-30 14:25:00+00:00,2025-12-30 14:50:00+00:00,SHORT,88217.7,88482.3531,88482.3531,87688.39379999999,STOP,-0.0029910269192422456,-0.004391026919242246,-7.590774013238813,1721.1105418394875,6
2025-12-30 14:55:00+00:00,2025-12-30 15:00:00+00:00,2025-12-30 15:00:00+00:00,SHORT,88876.0,88342.744,89142.628,88342.744,TARGET,0.006036217303822866,0.004636217303822866,7.979442475868181,1729.0899843153557,1
2025-12-30 16:00:00+00:00,2025-12-30 16:05:00+00:00,2025-12-30 16:10:00+00:00,SHORT,88830.0,89096.48999999999,89096.48999999999,88297.02,STOP,-0.0029910269192421346,-0.004391026919242135,-7.592480666920688,1721.497503648435,2
2025-12-30 17:45:00+00:00,2025-12-30 17:50:00+00:00,2025-12-30 19:05:00+00:00,LONG,88256.1,87991.33170000001,87991.33170000001,88785.63660000001,STOP,-0.0030000000000000027,-0.004400000000000003,-7.574589016053119,1713.922914632382,16
2025-12-30 20:25:00+00:00,2025-12-30 20:30:00+00:00,2025-12-31 00:25:00+00:00,LONG,88062.6,88396.1,87798.4122,88590.9756,TIME,0.00378707873717099,0.00238707873717099,4.091268946669088,1718.014183579051,48
2025-12-31 01:05:00+00:00,2025-12-31 01:10:00+00:00,2025-12-31 01:30:00+00:00,LONG,88211.9,88741.17139999999,87947.2643,88741.17139999999,TARGET,0.006000000000000005,0.004600000000000005,7.902865244463643,1725.9170488235145,5
2025-12-31 02:00:00+00:00,2025-12-31 02:05:00+00:00,2025-12-31 06:00:00+00:00,SHORT,88662.0,88482.9,88927.98599999999,88130.028,TIME,0.0020241199146955324,0.0006241199146955324,1.077179201283297,1726.9942280247978,48
2025-12-31 08:10:00+00:00,2025-12-31 08:15:00+00:00,2025-12-31 11:30:00+00:00,SHORT,88697.0,88963.09099999999,88963.09099999999,88164.818,STOP,-0.0029910269192421346,-0.004391026919242135,-7.583278144632677,1719.4109498801652,40
2025-12-31 12:40:00+00:00,2025-12-31 12:45:00+00:00,2025-12-31 14:40:00+00:00,LONG,88830.1,88563.6097,88563.6097,89363.0806,STOP,-0.0030000000000000027,-0.004400000000000003,-7.5654081794727315,1711.8455417006924,24
2025-12-31 14:45:00+00:00,2025-12-31 14:50:00+00:00,2025-12-31 15:10:00+00:00,LONG,88342.7,88077.6719,88077.6719,88872.7562,STOP,-0.0030000000000000027,-0.004400000000000003,-7.5321203834830515,1704.3134213172093,5
2025-12-31 15:15:00+00:00,2025-12-31 15:20:00+00:00,2025-12-31 15:30:00+00:00,LONG,88051.1,87786.9467,87786.9467,88579.4066,STOP,-0.0030000000000001137,-0.004400000000000114,-7.498979053795915,1696.8144422634134,3
2025-12-31 16:40:00+00:00,2025-12-31 16:45:00+00:00,2025-12-31 20:40:00+00:00,LONG,87460.0,87428.8,87197.62,87984.76,TIME,-0.0003567345072033046,-0.0017567345072033046,-2.9808524830450676,1693.8335897803684,48
2025-12-31 23:15:00+00:00,2025-12-31 23:20:00+00:00,2026-01-01 03:15:00+00:00,LONG,87649.3,88008.4,87386.3521,88175.1958,TIME,0.004097009331506252,0.0026970093315062515,4.568284997656385,1698.4018747780246,48
2026-01-01 04:05:00+00:00,2026-01-01 04:10:00+00:00,2026-01-01 08:05:00+00:00,LONG,87705.9,87804.1,87442.78229999999,88232.1354,TIME,0.0011196510154962702,-0.00028034898450372977,-0.47614524087325,1697.9257295371515,48
2026-01-01 17:20:00+00:00,2026-01-01 17:25:00+00:00,2026-01-01 17:30:00+00:00,SHORT,88199.9,88464.49969999999,88464.49969999999,87670.7006,STOP,-0.0029910269192421346,-0.004391026919242135,-7.4556375852714725,1690.47009195188,2
2026-01-01 17:40:00+00:00,2026-01-01 17:45:00+00:00,2026-01-01 21:40:00+00:00,SHORT,88352.0,88329.5,88617.056,87821.888,TIME,0.0002547280353675241,-0.001145271964632476,-1.9360480033621719,1688.5340439485178,48
2026-01-01 22:05:00+00:00,2026-01-01 22:10:00+00:00,2026-01-01 23:30:00+00:00,SHORT,88533.2,88798.79959999998,88798.79959999998,88002.0008,STOP,-0.0029910269192421346,-0.004391026919242135,-7.414398441034724,1681.119645507483,17
2026-01-02 00:00:00+00:00,2026-01-02 00:05:00+00:00,2026-01-02 03:15:00+00:00,SHORT,88715.9,88982.04769999998,88982.04769999998,88183.60459999999,STOP,-0.0029910269192421346,-0.004391026919242135,-7.381841617890153,1673.737803889593,39
2026-01-02 03:40:00+00:00,2026-01-02 03:45:00+00:00,2026-01-02 07:40:00+00:00,SHORT,88974.1,88856.9,89241.0223,88440.25540000001,TIME,0.0013189746660080548,-8.102533399194519e-05,-0.13561516457509912,1673.6021887250179,48
2026-01-02 09:00:00+00:00,2026-01-02 09:05:00+00:00,2026-01-02 09:45:00+00:00,SHORT,89145.5,89412.9365,89412.9365,88610.627,STOP,-0.0029910269192422456,-0.004391026919242246,-7.348832262794295,1666.2533564622236,9
2026-01-02 09:50:00+00:00,2026-01-02 09:55:00+00:00,2026-01-02 10:05:00+00:00,SHORT,89453.1,89721.4593,89721.4593,88916.3814,STOP,-0.0029910269192422456,-0.004391026919242246,-7.316563342503369,1658.9367931197203,3
2026-01-02 10:10:00+00:00,2026-01-02 10:15:00+00:00,2026-01-02 14:10:00+00:00,SHORT,89835.6,89296.5864,90105.1068,89296.5864,TARGET,0.006036217303823088,0.004636217303823088,7.691191466210429,1666.6279845859308,48
2026-01-02 14:15:00+00:00,2026-01-02 14:20:00+00:00,2026-01-02 14:30:00+00:00,LONG,88832.2,88565.7034,88565.7034,89365.1932,STOP,-0.0030000000000000027,-0.004400000000000003,-7.3331631321781,1659.2948214537528,3
2026-01-02 14:35:00+00:00,2026-01-02 14:40:00+00:00,2026-01-02 14:45:00+00:00,LONG,89129.7,89664.4782,88862.3109,89664.4782,TARGET,0.006000000000000005,0.004600000000000005,7.632756178687271,1666.92757763244,2
2026-01-02 14:50:00+00:00,2026-01-02 14:55:00+00:00,2026-01-02 15:05:00+00:00,SHORT,89706.7,89168.4598,89975.82009999998,89168.4598,TARGET,0.006036217303822866,0.004636217303822866,7.728238479639052,1674.655816112079,3
2026-01-02 16:15:00+00:00,2026-01-02 16:20:00+00:00,2026-01-02 16:20:00+00:00,SHORT,89759.7,90028.97909999998,90028.97909999998,89221.1418,STOP,-0.0029910269192421346,-0.004391026919242135,-7.353458769013545,1667.3023573430655,1
2026-01-02 16:30:00+00:00,2026-01-02 16:35:00+00:00,2026-01-02 16:40:00+00:00,SHORT,90744.3,90199.8342,91016.53289999999,90199.8342,TARGET,0.006036217303823088,0.004636217303823088,7.729976039818946,1675.0323333828844,2
2026-01-02 18:35:00+00:00,2026-01-02 18:40:00+00:00,2026-01-02 18:45:00+00:00,LONG,90129.8,89859.4106,89859.4106,90670.5788,STOP,-0.0030000000000000027,-0.004400000000000003,-7.370142266884696,1667.6621911159998,2
2026-01-02 18:50:00+00:00,2026-01-02 18:55:00+00:00,2026-01-02 22:05:00+00:00,LONG,89706.9,90245.1414,89437.7793,90245.1414,TARGET,0.006000000000000005,0.004600000000000005,7.671246079133607,1675.3334371951335,39
2026-01-02 22:10:00+00:00,2026-01-02 22:15:00+00:00,2026-01-02 22:45:00+00:00,SHORT,90109.5,90379.82849999999,90379.82849999999,89568.843,STOP,-0.0029910269192421346,-0.004391026919242135,-7.356434221430283,1667.977002973703,7
2026-01-02 23:20:00+00:00,2026-01-02 23:25:00+00:00,2026-01-03 03:20:00+00:00,LONG,89944.2,90225.9,89674.3674,90483.8652,TIME,0.0031319418039184033,0.0017319418039184033,2.888839099424687,1670.8658420731279,48
2026-01-03 04:40:00+00:00,2026-01-03 04:45:00+00:00,2026-01-03 07:10:00+00:00,LONG,90081.5,89811.2555,89811.2555,90621.989,STOP,-0.0030000000000000027,-0.004400000000000003,-7.3518097051217675,1663.5140323680062,30
2026-01-03 07:15:00+00:00,2026-01-03 07:20:00+00:00,2026-01-03 07:25:00+00:00,LONG,89690.1,89421.0297,89421.0297,90228.2406,STOP,-0.0030000000000001137,-0.004400000000000114,-7.319461742419416,1656.1945706255867,2
2026-01-03 07:30:00+00:00,2026-01-03 07:35:00+00:00,2026-01-03 09:30:00+00:00,LONG,89422.0,89958.532,89153.734,89958.532,TARGET,0.006000000000000005,0.004600000000000005,7.618495024877707,1663.8130656504645,24
2026-01-03 12:45:00+00:00,2026-01-03 12:50:00+00:00,2026-01-03 14:40:00+00:00,SHORT,89963.0,90232.889,90232.889,89423.222,STOP,-0.0029910269192422456,-0.004391026919242246,-7.305847959858156,1656.5072176906065,23
2026-01-03 20:45:00+00:00,2026-01-03 20:50:00+00:00,2026-01-03 21:30:00+00:00,SHORT,90350.0,90621.04999999999,90621.04999999999,89807.9,STOP,-0.0029910269192421346,-0.004391026919242135,-7.273767784798344,1649.2334499058081,9
2026-01-03 21:35:00+00:00,2026-01-03 21:40:00+00:00,2026-01-04 00:00:00+00:00,SHORT,90641.8,90913.7254,90913.7254,90097.9492,STOP,-0.0029910269192422456,-0.004391026919242246,-7.241828474651162,1641.991621431157,29
2026-01-04 00:05:00+00:00,2026-01-04 00:10:00+00:00,2026-01-04 04:05:00+00:00,SHORT,91255.0,91259.0,91528.76499999998,90707.47,TIME,-4.3831293351837e-05,-0.001443831293351837,-2.370758886443827,1639.6208625447132,48
2026-01-04 04:35:00+00:00,2026-01-04 04:40:00+00:00,2026-01-04 06:05:00+00:00,SHORT,91543.5,91818.13049999998,91818.13049999998,90994.239,STOP,-0.0029910269192421346,-0.004391026919242135,-7.1996193447848436,1632.4212431999283,18
2026-01-04 06:20:00+00:00,2026-01-04 06:25:00+00:00,2026-01-04 10:20:00+00:00,SHORT,91669.1,91438.0,91944.10729999999,91119.08540000001,TIME,0.00252739561232751,0.0011273956123275099,1.840384547053818,1634.2616277469822,48
2026-01-04 10:30:00+00:00,2026-01-04 10:35:00+00:00,2026-01-04 14:30:00+00:00,SHORT,91566.4,91153.9,91841.09919999998,91017.00159999999,TIME,0.0045253137825149725,0.0031253137825149723,5.1075803894329965,1639.3692081364152,48
2026-01-04 18:20:00+00:00,2026-01-04 18:25:00+00:00,2026-01-04 19:05:00+00:00,LONG,91173.1,90899.5807,90899.5807,91720.1386,STOP,-0.0030000000000000027,-0.004400000000000003,-7.213224515800231,1632.155983620615,9
2026-01-04 19:10:00+00:00,2026-01-04 19:15:00+00:00,2026-01-04 23:10:00+00:00,LONG,91018.2,91329.0,90745.1454,91564.3092,TIME,0.0034147016750496473,0.002014701675049647,3.288307394142757,1635.4442910147577,48
2026-01-04 23:20:00+00:00,2026-01-04 23:25:00+00:00,2026-01-05 00:00:00+00:00,SHORT,91421.1,91695.3633,91695.3633,90872.57340000001,STOP,-0.0029910269192421346,-0.004391026919242135,-7.181279906766669,1628.2630111079911,8
2026-01-05 00:45:00+00:00,2026-01-05 00:50:00+00:00,2026-01-05 01:05:00+00:00,SHORT,92281.4,92558.24419999999,92558.24419999999,91727.7116,STOP,-0.0029910269192421346,-0.004391026919242135,-7.149746713381444,1621.1132643946096,4
2026-01-05 01:10:00+00:00,2026-01-05 01:15:00+00:00,2026-01-05 01:35:00+00:00,SHORT,92962.1,93240.98629999999,93240.98629999999,92404.32740000001,STOP,-0.0029910269192421346,-0.004391026919242135,-7.118351983097223,1613.9949124115124,5
2026-01-05 04:20:00+00:00,2026-01-05 04:25:00+00:00,2026-01-05 04:30:00+00:00,LONG,92650.0,92372.05,92372.05,93205.9,STOP,-0.0030000000000000027,-0.004400000000000003,-7.101577614610659,1606.8933347969016,2
2026-01-05 05:00:00+00:00,2026-01-05 05:05:00+00:00,2026-01-05 06:25:00+00:00,LONG,92607.1,92329.27870000001,92329.27870000001,93162.74260000001,STOP,-0.0030000000000000027,-0.004400000000000003,-7.070330673106372,1599.8230041237953,17
2026-01-05 06:30:00+00:00,2026-01-05 06:35:00+00:00,2026-01-05 10:10:00+00:00,LONG,92334.9,92888.90939999999,92057.89529999999,92888.90939999999,TARGET,0.006000000000000005,0.004600000000000005,7.3591858189694666,1607.1821899427648,44
2026-01-05 10:35:00+00:00,2026-01-05 10:40:00+00:00,2026-01-05 14:35:00+00:00,SHORT,92957.6,92856.1,93236.47279999999,92399.85440000001,TIME,0.0010930891993095049,-0.0003069108006904951,-0.4932615727708373,1606.688928369994,48
2026-01-05 14:40:00+00:00,2026-01-05 14:45:00+00:00,2026-01-05 14:55:00+00:00,SHORT,93288.8,93568.66639999999,93568.66639999999,92729.0672,STOP,-0.0029910269192421346,-0.004391026919242135,-7.0550143353209425,1599.6339140346731,3
2026-01-05 15:00:00+00:00,2026-01-05 15:05:00+00:00,2026-01-05 15:15:00+00:00,SHORT,93443.0,93723.32899999998,93723.32899999998,92882.342,STOP,-0.0029910269192421346,-0.004391026919242135,-7.024035577458909,1592.609878457214,3
2026-01-05 15:40:00+00:00,2026-01-05 15:45:00+00:00,2026-01-05 17:25:00+00:00,SHORT,93854.5,93291.37299999999,94136.06349999999,93291.37299999999,TARGET,0.006036217303823088,0.004636217303823088,7.383685476742921,1599.993563933957,21
2026-01-05 17:55:00+00:00,2026-01-05 18:00:00+00:00,2026-01-05 20:25:00+00:00,SHORT,94324.1,94607.0723,94607.0723,93758.1554,STOP,-0.0029910269192422456,-0.004391026919242246,-7.025614809848344,1592.9679491241086,30
2026-01-05 23:15:00+00:00,2026-01-05 23:20:00+00:00,2026-01-06 00:15:00+00:00,LONG,93999.0,93717.003,93717.003,94562.994,STOP,-0.0030000000000000027,-0.004400000000000003,-7.009058976146083,1585.9588901479626,12
2026-01-06 00:45:00+00:00,2026-01-06 00:50:00+00:00,2026-01-06 04:45:00+00:00,LONG,93660.8,93819.2,93379.81760000001,94222.7648,TIME,0.0016912091291125808,0.0002912091291125808,0.46184570720834345,1586.420735855171,48
2026-01-06 05:55:00+00:00,2026-01-06 06:00:00+00:00,2026-01-06 07:20:00+00:00,LONG,93604.0,93323.188,93323.188,94165.624,STOP,-0.0030000000000000027,-0.004400000000000003,-6.980251237762757,1579.4404846174082,17
2026-01-06 07:30:00+00:00,2026-01-06 07:35:00+00:00,2026-01-06 11:30:00+00:00,LONG,93405.1,93793.1,93124.88470000001,93965.53060000001,TIME,0.004153948767251503,0.0027539487672515028,4.349698175559228,1583.7901827929675,48
2026-01-06 14:10:00+00:00,2026-01-06 14:15:00+00:00,2026-01-06 14:20:00+00:00,SHORT,94104.3,94386.6129,94386.6129,93539.67420000001,STOP,-0.0029910269192421346,-0.004391026919242135,-6.954465327075342,1576.8357174658922,2
2026-01-06 14:30:00+00:00,2026-01-06 14:35:00+00:00,2026-01-06 14:40:00+00:00,SHORT,94062.0,94344.18599999999,94344.18599999999,93497.628,STOP,-0.0029910269192421346,-0.004391026919242135,-6.923928082615218,1569.911789383277,2
2026-01-06 15:20:00+00:00,2026-01-06 15:25:00+00:00,2026-01-06 15:35:00+00:00,LONG,94152.9,93870.44129999999,93870.44129999999,94717.8174,STOP,-0.0030000000000000027,-0.004400000000000003,-6.907611873286423,1563.0041775099905,3
2026-01-06 16:25:00+00:00,2026-01-06 16:30:00+00:00,2026-01-06 16:40:00+00:00,LONG,92843.6,92565.06920000001,92565.06920000001,93400.6616,STOP,-0.0029999999999998916,-0.004399999999999892,-6.8772183810437895,1556.1269591289467,3
2026-01-06 17:40:00+00:00,2026-01-06 17:45:00+00:00,2026-01-06 17:45:00+00:00,LONG,92237.0,91960.289,91960.289,92790.422,STOP,-0.0030000000000000027,-0.004400000000000003,-6.84695862016737,1549.2800005087793,1
2026-01-06 17:55:00+00:00,2026-01-06 18:00:00+00:00,2026-01-06 18:00:00+00:00,LONG,91593.1,91318.32070000001,91318.32070000001,92142.65860000001,STOP,-0.0029999999999998916,-0.004399999999999892,-6.816832002238462,1542.4631685065408,1
2026-01-06 21:10:00+00:00,2026-01-06 21:15:00+00:00,2026-01-06 21:15:00+00:00,SHORT,92901.1,93179.8033,93179.8033,92343.6934,STOP,-0.0029910269192422456,-0.004391026919242246,-6.772997294851909,1535.690171211689,1
2026-01-06 21:20:00+00:00,2026-01-06 21:25:00+00:00,2026-01-06 22:20:00+00:00,SHORT,93543.4,92982.1396,93824.03019999998,92982.1396,TARGET,0.006036217303822866,0.004636217303822866,7.119793345082332,1542.8099645567713,12
2026-01-06 23:40:00+00:00,2026-01-06 23:45:00+00:00,2026-01-07 00:50:00+00:00,SHORT,93546.0,92984.724,93826.63799999999,92984.724,TARGET,0.006036217303822866,0.004636217303822866,7.152802254188446,1549.9627668109597,14
2026-01-07 00:55:00+00:00,2026-01-07 01:00:00+00:00,2026-01-07 01:20:00+00:00,LONG,92706.0,92427.882,92427.882,93262.236,STOP,-0.0030000000000000027,-0.004400000000000003,-6.819836173968227,1543.1429306369914,5
2026-01-07 02:05:00+00:00,2026-01-07 02:10:00+00:00,2026-01-07 03:20:00+00:00,LONG,92554.2,93109.5252,92276.5374,93109.5252,TARGET,0.006000000000000005,0.004600000000000005,7.098457480930168,1550.2413881179216,15
2026-01-07 04:15:00+00:00,2026-01-07 04:20:00+00:00,2026-01-07 08:15:00+00:00,LONG,92723.0,92908.9,92444.831,93279.338,TIME,0.0020048963040453227,0.0006048963040453227,0.9377352860506214,1551.1791234039722,48
2026-01-07 09:10:00+00:00,2026-01-07 09:15:00+00:00,2026-01-07 09:20:00+00:00,LONG,92282.9,92006.05129999999,92006.05129999999,92836.5974,STOP,-0.0030000000000000027,-0.004400000000000003,-6.825188142977482,1544.3539352609946,2
2026-01-07 11:50:00+00:00,2026-01-07 11:55:00+00:00,2026-01-07 14:10:00+00:00,SHORT,92156.1,91603.1634,92432.5683,91603.1634,TARGET,0.006036217303822866,0.004636217303822866,7.159960437883961,1551.5138956988785,28
2026-01-07 14:15:00+00:00,2026-01-07 14:20:00+00:00,2026-01-07 14:40:00+00:00,LONG,91521.1,92070.22660000001,91246.53670000001,92070.22660000001,TARGET,0.006000000000000005,0.004600000000000005,7.136963920214849,1558.6508596190934,5
2026-01-07 15:00:00+00:00,2026-01-07 15:05:00+00:00,2026-01-07 15:15:00+00:00,LONG,91593.8,91319.0186,91319.0186,92143.3628,STOP,-0.0030000000000001137,-0.004400000000000114,-6.858063782324188,1551.792795836769,3
2026-01-07 17:00:00+00:00,2026-01-07 17:05:00+00:00,2026-01-07 18:50:00+00:00,LONG,91242.7,90968.9719,90968.9719,91790.1562,STOP,-0.0029999999999998916,-0.004399999999999892,-6.827888301681616,1544.9649075350874,22
2026-01-07 18:55:00+00:00,2026-01-07 19:00:00+00:00,2026-01-07 22:55:00+00:00,LONG,90901.1,91180.5,90628.39670000001,91446.50660000001,TIME,0.003073670175608445,0.001673670175608445,2.5857616881031347,1547.5506692231904,48
2026-01-07 23:10:00+00:00,2026-01-07 23:15:00+00:00,2026-01-08 00:00:00+00:00,SHORT,91220.4,91494.06119999998,91494.06119999998,90673.07759999999,STOP,-0.0029910269192421346,-0.004391026919242135,-6.79533664745021,1540.75533257574,10
2026-01-08 01:20:00+00:00,2026-01-08 01:25:00+00:00,2026-01-08 02:35:00+00:00,SHORT,91526.1,90976.9434,91800.6783,90976.9434,TARGET,0.006036217303822866,0.004636217303822866,7.143276533845001,1547.898609109585,15
2026-01-08 02:45:00+00:00,2026-01-08 02:50:00+00:00,2026-01-08 03:45:00+00:00,LONG,90919.1,90646.34270000001,90646.34270000001,91464.6146,STOP,-0.0030000000000000027,-0.004400000000000003,-6.810753880082179,1541.087855229503,12
2026-01-08 03:50:00+00:00,2026-01-08 03:55:00+00:00,2026-01-08 06:05:00+00:00,LONG,90749.1,90476.8527,90476.8527,91293.59460000001,STOP,-0.0030000000000000027,-0.004400000000000003,-6.780786563009817,1534.3070686664933,27
2026-01-08 06:10:00+00:00,2026-01-08 06:15:00+00:00,2026-01-08 06:20:00+00:00,LONG,90516.0,90244.452,90244.452,91059.096,STOP,-0.0030000000000000027,-0.004400000000000003,-6.750951102132575,1527.5561175643606,2
2026-01-08 06:35:00+00:00,2026-01-08 06:40:00+00:00,2026-01-08 06:50:00+00:00,LONG,90380.9,90109.7573,90109.7573,90923.18539999999,STOP,-0.0030000000000000027,-0.004400000000000003,-6.7212469172831915,1520.8348706470774,3
2026-01-08 06:55:00+00:00,2026-01-08 07:00:00+00:00,2026-01-08 07:40:00+00:00,LONG,89888.0,90427.328,89618.336,90427.328,TARGET,0.006000000000000005,0.004600000000000005,6.995840404976564,1527.830711052054,9
2026-01-08 09:55:00+00:00,2026-01-08 10:00:00+00:00,2026-01-08 13:55:00+00:00,LONG,90017.9,89970.6,89747.84629999999,90558.00739999999,TIME,-0.0005254510491801145,-0.0019254510491801145,-2.9417632455647778,1524.8889478064893,48
2026-01-08 14:25:00+00:00,2026-01-08 14:30:00+00:00,2026-01-08 14:45:00+00:00,LONG,89638.6,89369.6842,89369.6842,90176.43160000001,STOP,-0.0030000000000000027,-0.004400000000000003,-6.709511370348557,1518.1794364361408,4
2026-01-08 15:05:00+00:00,2026-01-08 15:10:00+00:00,2026-01-08 15:25:00+00:00,SHORT,90328.4,90599.38519999999,90599.38519999999,89786.42959999999,STOP,-0.0029910269192422456,-0.004391026919242246,-6.6663667736311165,1511.5130696625097,4
2026-01-08 17:05:00+00:00,2026-01-08 17:10:00+00:00,2026-01-08 17:55:00+00:00,SHORT,91156.2,91429.66859999999,91429.66859999999,90609.2628,STOP,-0.0029910269192422456,-0.004391026919242246,-6.63709457767456,1504.875975084835,10
2026-01-08 20:05:00+00:00,2026-01-08 20:10:00+00:00,2026-01-08 21:15:00+00:00,LONG,90611.5,91155.169,90339.6655,91155.169,TARGET,0.006000000000000005,0.004600000000000005,6.922429485390249,1511.7984045702253,14
2026-01-08 21:25:00+00:00,2026-01-08 21:30:00+00:00,2026-01-08 22:10:00+00:00,SHORT,91111.8,91385.1354,91385.1354,90565.1292,STOP,-0.0029910269192422456,-0.004391026919242246,-6.638347490935339,1505.16005707929,9
2026-01-09 01:25:00+00:00,2026-01-09 01:30:00+00:00,2026-01-09 01:35:00+00:00,SHORT,91497.0,90948.018,91771.491,90948.018,TARGET,0.006036217303823088,0.004636217303823088,6.9782491016543515,1512.1383061809445,2
2026-01-09 04:35:00+00:00,2026-01-09 04:40:00+00:00,2026-01-09 08:00:00+00:00,LONG,90988.1,90715.1357,90715.1357,91534.0286,STOP,-0.0030000000000001137,-0.004400000000000114,-6.653408547196328,1505.4848976337482,41
2026-01-09 08:05:00+00:00,2026-01-09 08:10:00+00:00,2026-01-09 08:35:00+00:00,LONG,90686.0,90413.942,90413.942,91230.116,STOP,-0.0030000000000000027,-0.004400000000000003,-6.624133549588497,1498.8607640841597,6
2026-01-09 08:45:00+00:00,2026-01-09 08:50:00+00:00,2026-01-09 09:25:00+00:00,LONG,89902.4,90441.81439999999,89632.69279999999,90441.81439999999,TARGET,0.006000000000000005,0.004600000000000005,6.894759514787142,1505.7555235989469,8
2026-01-09 13:30:00+00:00,2026-01-09 13:35:00+00:00,2026-01-09 14:40:00+00:00,SHORT,90652.9,90108.98259999999,90924.85869999998,90108.98259999999,TARGET,0.006036217303823088,0.004636217303823088,6.981009813836631,1512.7365334127835,14
2026-01-09 14:45:00+00:00,2026-01-09 14:50:00+00:00,2026-01-09 15:20:00+00:00,LONG,90015.5,90555.593,89745.4535,90555.593,TARGET,0.006000000000000005,0.004600000000000005,6.958588053698812,1519.6951214664823,7
2026-01-09 15:25:00+00:00,2026-01-09 15:30:00+00:00,2026-01-09 15:30:00+00:00,SHORT,91681.7,91956.74509999999,91956.74509999999,91131.60979999999,STOP,-0.0029910269192421346,-0.004391026919242135,-6.67302218740027,1513.022099279082,1
2026-01-09 15:35:00+00:00,2026-01-09 15:40:00+00:00,2026-01-09 15:50:00+00:00,SHORT,91608.7,91059.0478,91883.52609999999,91059.0478,TARGET,0.006036217303822866,0.004636217303822866,7.014699237744079,1520.0367985168261,3
2026-01-09 18:25:00+00:00,2026-01-09 18:30:00+00:00,2026-01-09 19:20:00+00:00,LONG,90603.9,90332.08829999999,90332.08829999999,91147.52339999999,STOP,-0.0030000000000001137,-0.004400000000000114,-6.688161913474208,1513.348636603352,11
2026-01-09 19:30:00+00:00,2026-01-09 19:35:00+00:00,2026-01-09 23:30:00+00:00,LONG,90291.2,90701.0,90020.32639999999,90832.9472,TIME,0.0045386482846612175,0.0031386482846612173,4.7498691023695025,1518.0985057057214,48
2026-01-10 04:55:00+00:00,2026-01-10 05:00:00+00:00,2026-01-10 08:55:00+00:00,LONG,90451.5,90659.6,90180.1455,90994.209,TIME,0.0023006804751717347,0.0009006804751717347,1.3673216834765296,1519.465827389198,48
2026-01-11 01:05:00+00:00,2026-01-11 01:10:00+00:00,2026-01-11 05:05:00+00:00,SHORT,90655.0,90784.0,90926.965,90111.06999999999,TIME,-0.0014209552344025544,-0.0028209552344025546,-4.286345079269367,1515.1794823099287,48
2026-01-11 12:45:00+00:00,2026-01-11 12:50:00+00:00,2026-01-11 16:30:00+00:00,SHORT,90987.7,91260.66309999999,91260.66309999999,90441.7738,STOP,-0.0029910269192422456,-0.004391026919242246,-6.653193894306427,1508.5262884156223,45
2026-01-11 16:50:00+00:00,2026-01-11 16:55:00+00:00,2026-01-11 20:05:00+00:00,SHORT,91070.0,90523.58,91343.20999999999,90523.58,TARGET,0.006036217303822866,0.004636217303822866,6.993855681624192,1515.5201440972464,39
2026-01-11 20:15:00+00:00,2026-01-11 20:20:00+00:00,2026-01-11 23:15:00+00:00,LONG,90441.0,90983.646,90169.677,90983.646,TARGET,0.006000000000000005,0.004600000000000005,6.971392662847341,1522.4915367600938,36
2026-01-12 00:20:00+00:00,2026-01-12 00:25:00+00:00,2026-01-12 01:00:00+00:00,SHORT,91147.1,91420.5413,91420.5413,90600.21740000001,STOP,-0.0029910269192421346,-0.004391026919242135,-6.685301322231898,1515.806235437862,8
2026-01-12 01:05:00+00:00,2026-01-12 01:10:00+00:00,2026-01-12 02:15:00+00:00,SHORT,91525.0,91799.575,91799.575,90975.85,STOP,-0.0029910269192422456,-0.004391026919242246,-6.655945984162901,1509.150289453699,14
2026-01-12 02:45:00+00:00,2026-01-12 02:50:00+00:00,2026-01-12 03:10:00+00:00,SHORT,92186.9,92463.46069999998,92463.46069999998,91633.77859999999,STOP,-0.0029910269192421346,-0.004391026919242135,-6.626719546173252,1502.5235699075258,5
2026-01-12 03:35:00+00:00,2026-01-12 03:40:00+00:00,2026-01-12 07:35:00+00:00,SHORT,92139.2,91664.0,92415.61759999998,91586.3648,TIME,0.0051841508116599044,0.0037841508116599042,5.685775786603701,1508.2093456941295,48
2026-01-12 07:40:00+00:00,2026-01-12 07:45:00+00:00,2026-01-12 08:30:00+00:00,LONG,91580.7,91305.9579,91305.9579,92130.1842,STOP,-0.0030000000000000027,-0.004400000000000003,-6.636121121054174,1501.5732245730753,10
2026-01-12 08:35:00+00:00,2026-01-12 08:40:00+00:00,2026-01-12 08:40:00+00:00,LONG,90791.1,90518.7267,90518.7267,91335.8466,STOP,-0.0030000000000001137,-0.004400000000000114,-6.606922188121702,1494.9663023849537,1
2026-01-12 08:50:00+00:00,2026-01-12 08:55:00+00:00,2026-01-12 10:45:00+00:00,LONG,90770.0,90497.69,90497.69,91314.62,STOP,-0.0030000000000000027,-0.004400000000000003,-6.5778517304938005,1488.3884506544598,23
2026-01-12 10:50:00+00:00,2026-01-12 10:55:00+00:00,2026-01-12 14:20:00+00:00,LONG,90439.0,90167.683,90167.683,90981.634,STOP,-0.0030000000000000027,-0.004400000000000003,-6.548909182879627,1481.83954147158,42
2026-01-12 14:25:00+00:00,2026-01-12 14:30:00+00:00,2026-01-12 14:35:00+00:00,LONG,90289.9,90831.6394,90019.0303,90831.6394,TARGET,0.006000000000000005,0.004600000000000005,6.816461890769276,1488.6560033623493,2
2026-01-12 14:45:00+00:00,2026-01-12 14:50:00+00:00,2026-01-12 14:50:00+00:00,SHORT,90844.9,91117.43469999998,91117.43469999998,90299.83059999999,STOP,-0.0029910269192421346,-0.004391026919242135,-6.536728584255486,1482.1192747780938,1
2026-01-12 15:20:00+00:00,2026-01-12 15:25:00+00:00,2026-01-12 15:35:00+00:00,SHORT,91238.2,91511.91459999999,91511.91459999999,90690.7708,STOP,-0.0029910269192421346,-0.004391026919242135,-6.5080256330782404,1475.6112491450156,3
2026-01-12 16:00:00+00:00,2026-01-12 16:05:00+00:00,2026-01-12 16:25:00+00:00,SHORT,91789.1,92064.46729999999,92064.46729999999,91238.36540000001,STOP,-0.0029910269192421346,-0.004391026919242135,-6.479448717332276,1469.1318004276832,5
2026-01-12 16:30:00+00:00,2026-01-12 16:35:00+00:00,2026-01-12 17:30:00+00:00,SHORT,92042.4,91490.14559999999,92318.52719999998,91490.14559999999,TARGET,0.006036217303823088,0.004636217303823088,6.8112142747395925,1475.9430147024227,12
2026-01-12 20:00:00+00:00,2026-01-12 20:05:00+00:00,2026-01-12 20:40:00+00:00,SHORT,92003.0,91450.982,92279.00899999999,91450.982,TARGET,0.006036217303822866,0.004636217303822866,6.842792544219859,1482.7858072466427,8
2026-01-12 20:50:00+00:00,2026-01-12 20:55:00+00:00,2026-01-12 21:45:00+00:00,LONG,91430.3,91156.0091,91156.0091,91978.8818,STOP,-0.0030000000000001137,-0.004400000000000114,-6.5242575518853965,1476.2615496947574,11
2026-01-12 21:50:00+00:00,2026-01-12 21:55:00+00:00,2026-01-13 00:25:00+00:00,LONG,90964.5,91510.287,90691.6065,91510.287,TARGET,0.006000000000000005,0.004600000000000005,6.790803128595892,1483.0523528233532,31
2026-01-13 03:55:00+00:00,2026-01-13 04:00:00+00:00,2026-01-13 05:00:00+00:00,SHORT,91412.1,91686.3363,91686.3363,90863.62740000001,STOP,-0.0029910269192421346,-0.004391026919242135,-6.512122803892728,1476.5402300194605,13
2026-01-13 05:10:00+00:00,2026-01-13 05:15:00+00:00,2026-01-13 05:15:00+00:00,SHORT,91748.3,92023.5449,92023.5449,91197.8102,STOP,-0.0029910269192421346,-0.004391026919242135,-6.483527897359425,1470.0567021221011,1
2026-01-13 05:20:00+00:00,2026-01-13 05:25:00+00:00,2026-01-13 09:15:00+00:00,SHORT,92184.4,92460.95319999999,92460.95319999999,91631.29359999999,STOP,-0.0029910269192422456,-0.004391026919242246,-6.455058551830626,1463.6016435702704,47
2026-01-13 09:20:00+00:00,2026-01-13 09:25:00+00:00,2026-01-13 09:40:00+00:00,SHORT,92545.1,91989.8294,92822.7353,91989.8294,TARGET,0.006036217303822866,0.004636217303822866,6.785575265824074,1470.3872188360945,4
2026-01-13 13:30:00+00:00,2026-01-13 13:35:00+00:00,2026-01-13 14:35:00+00:00,SHORT,92279.5,92556.33849999998,92556.33849999998,91725.823,STOP,-0.0029910269192421346,-0.004391026919242135,-6.456509859618866,1463.9307089764757,13
2026-01-13 14:40:00+00:00,2026-01-13 14:45:00+00:00,2026-01-13 15:00:00+00:00,SHORT,92702.0,92145.788,92980.10599999999,92145.788,TARGET,0.006036217303822866,0.004636217303822866,6.7871008845544125,1470.71780986103,4
2026-01-13 15:35:00+00:00,2026-01-13 15:40:00+00:00,2026-01-13 15:55:00+00:00,SHORT,93010.9,93289.93269999999,93289.93269999999,92452.83459999999,STOP,-0.0029910269192422456,-0.004391026919242246,-6.4579614937087815,1464.2598483673212,4
2026-01-13 16:00:00+00:00,2026-01-13 16:05:00+00:00,2026-01-13 19:30:00+00:00,SHORT,93591.7,93872.47509999998,93872.47509999998,93030.1498,STOP,-0.0029910269192421346,-0.004391026919242135,-6.429604410946314,1457.830243956375,42
2026-01-13 20:00:00+00:00,2026-01-13 20:05:00+00:00,2026-01-13 22:05:00+00:00,SHORT,94270.8,94553.6124,94553.6124,93705.1752,STOP,-0.0029910269192422456,-0.004391026919242246,-6.401371844897933,1451.428872111477,25
2026-01-13 22:10:00+00:00,2026-01-13 22:15:00+00:00,2026-01-13 22:45:00+00:00,SHORT,95607.2,95894.0216,95894.0216,95033.55679999999,STOP,-0.0029910269192422456,-0.004391026919242246,-6.373263248806906,1445.05560886267,7
2026-01-13 23:00:00+00:00,2026-01-13 23:05:00+00:00,2026-01-13 23:30:00+00:00,SHORT,95856.6,95281.46040000001,96144.16979999999,95281.46040000001,TARGET,0.006036217303822866,0.004636217303822866,6.699591818795398,1451.7552006814653,6
2026-01-14 01:00:00+00:00,2026-01-14 01:05:00+00:00,2026-01-14 05:00:00+00:00,LONG,95267.4,95228.8,94981.59779999999,95839.00439999999,TIME,-0.0004051753275515768,-0.0018051753275515768,-2.6206726699148692,1449.1345280115504,48
2026-01-14 05:20:00+00:00,2026-01-14 05:25:00+00:00,2026-01-14 06:10:00+00:00,LONG,95028.7,94743.6139,94743.6139,95598.8722,STOP,-0.0030000000000000027,-0.004400000000000003,-6.3761919232508255,1442.7583360882995,10
2026-01-14 06:35:00+00:00,2026-01-14 06:40:00+00:00,2026-01-14 10:35:00+00:00,LONG,94785.1,95123.0,94500.74470000001,95353.81060000001,TIME,0.0035649062985636526,0.0021649062985636524,3.1234366091027743,1445.8817726974023,48
2026-01-14 11:15:00+00:00,2026-01-14 11:20:00+00:00,2026-01-14 14:10:00+00:00,LONG,94839.8,95408.8388,94555.2806,95408.8388,TARGET,0.006000000000000005,0.004600000000000005,6.651056154408058,1452.5328288518103,35
2026-01-14 14:15:00+00:00,2026-01-14 14:20:00+00:00,2026-01-14 14:40:00+00:00,SHORT,95640.6,95927.5218,95927.5218,95066.7564,STOP,-0.0029910269192422456,-0.004391026919242246,-6.378110752571389,1446.1547180992388,5
2026-01-14 14:45:00+00:00,2026-01-14 14:50:00+00:00,2026-01-14 15:10:00+00:00,SHORT,96602.2,96892.0066,96892.0066,96022.58679999999,STOP,-0.0029910269192422456,-0.004391026919242246,-6.3501042965629395,1439.804613802676,5
2026-01-14 16:05:00+00:00,2026-01-14 16:10:00+00:00,2026-01-14 16:40:00+00:00,SHORT,97229.1,97520.7873,97520.7873,96645.72540000001,STOP,-0.0029910269192421346,-0.004391026919242135,-6.322220817656576,1433.4823929850193,7
2026-01-14 16:45:00+00:00,2026-01-14 16:50:00+00:00,2026-01-14 17:35:00+00:00,SHORT,97486.9,96901.97859999999,97779.36069999999,96901.97859999999,TARGET,0.006036217303823088,0.004636217303823088,6.645935875082874,1440.128328860102,10
2026-01-14 18:35:00+00:00,2026-01-14 18:40:00+00:00,2026-01-14 19:10:00+00:00,LONG,96377.7,96955.9662,96088.56689999999,96955.9662,TARGET,0.006000000000000005,0.004600000000000005,6.624590312756477,1446.7529191728586,7
2026-01-14 19:25:00+00:00,2026-01-14 19:30:00+00:00,2026-01-14 20:10:00+00:00,SHORT,97553.1,97845.75929999999,97845.75929999999,96967.7814,STOP,-0.0029910269192421346,-0.004391026919242135,-6.352731013580162,1440.4001881592785,9
2026-01-14 22:30:00+00:00,2026-01-14 22:35:00+00:00,2026-01-14 22:40:00+00:00,LONG,97238.8,96947.0836,96947.0836,97822.2328,STOP,-0.0030000000000000027,-0.004400000000000003,-6.33776082790083,1434.0624273313776,2
2026-01-14 22:55:00+00:00,2026-01-14 23:00:00+00:00,2026-01-15 00:30:00+00:00,LONG,96886.9,96596.2393,96596.2393,97468.2214,STOP,-0.0029999999999998916,-0.004399999999999892,-6.309874680257907,1427.7525526511197,19
2026-01-15 00:40:00+00:00,2026-01-15 00:45:00+00:00,2026-01-15 01:35:00+00:00,LONG,96598.7,96308.90389999999,96308.90389999999,97178.2922,STOP,-0.0030000000000001137,-0.004400000000000114,-6.282111231665089,1421.4704414194546,11
2026-01-15 02:35:00+00:00,2026-01-15 02:40:00+00:00,2026-01-15 03:25:00+00:00,LONG,96279.0,95990.163,95990.163,96856.674,STOP,-0.0030000000000000027,-0.004400000000000003,-6.2544699422456045,1415.215971477209,10
2026-01-15 03:30:00+00:00,2026-01-15 03:35:00+00:00,2026-01-15 07:30:00+00:00,LONG,96055.1,96548.2,95766.93470000001,96631.4306,TIME,0.005133511911392441,0.003733511911392441,5.283725686702985,1420.499697163912,48
2026-01-15 07:40:00+00:00,2026-01-15 07:45:00+00:00,2026-01-15 09:35:00+00:00,SHORT,96607.7,96897.52309999999,96897.52309999999,96028.0538,STOP,-0.0029910269192422456,-0.004391026919242246,-6.237452409022196,1414.26224475489,23
2026-01-15 09:40:00+00:00,2026-01-15 09:45:00+00:00,2026-01-15 13:40:00+00:00,SHORT,97079.0,96778.5,97370.237,96496.526,TIME,0.0031050284928988425,0.0017050284928988425,2.411357423738164,1416.673602178628,48
2026-01-15 13:45:00+00:00,2026-01-15 13:50:00+00:00,2026-01-15 14:35:00+00:00,SHORT,96990.1,96408.1594,97281.07029999999,96408.1594,TARGET,0.006036217303822866,0.004636217303822866,6.568006668289626,1423.2416088469176,10
2026-01-15 14:40:00+00:00,2026-01-15 14:45:00+00:00,2026-01-15 14:55:00+00:00,LONG,95826.1,96401.05660000001,95538.6217,96401.05660000001,TARGET,0.006000000000000005,0.004600000000000005,6.546911400695828,1429.7885202476134,3
2026-01-15 15:55:00+00:00,2026-01-15 16:00:00+00:00,2026-01-15 17:40:00+00:00,SHORT,96742.0,97032.226,97032.226,96161.548,STOP,-0.0029910269192422456,-0.004391026919242246,-6.278239881230808,1423.5102803663826,21
2026-01-15 18:10:00+00:00,2026-01-15 18:15:00+00:00,2026-01-15 18:35:00+00:00,LONG,96246.0,95957.262,95957.262,96823.476,STOP,-0.0030000000000000027,-0.004400000000000003,-6.263445233612088,1417.2468351327705,5
2026-01-15 19:00:00+00:00,2026-01-15 19:05:00+00:00,2026-01-15 19:30:00+00:00,LONG,95703.8,95416.68860000001,95416.68860000001,96278.0228,STOP,-0.0029999999999998916,-0.004399999999999892,-6.2358860745840365,1411.0109490581865,6
2026-01-15 19:45:00+00:00,2026-01-15 19:50:00+00:00,2026-01-15 20:25:00+00:00,LONG,95597.0,95310.209,95310.209,96170.582,STOP,-0.0030000000000000027,-0.004400000000000003,-6.208448175856025,1404.8025008823304,8
2026-01-15 21:45:00+00:00,2026-01-15 21:50:00+00:00,2026-01-16 01:45:00+00:00,SHORT,95617.9,95745.9,95904.75369999999,95044.1926,TIME,-0.0013368718660538015,-0.0027368718660538017,-3.8447644420268707,1400.9577364403035,48
2026-01-16 04:50:00+00:00,2026-01-16 04:55:00+00:00,2026-01-16 06:05:00+00:00,LONG,95195.8,95766.9748,94910.2126,95766.9748,TARGET,0.006000000000000005,0.004600000000000005,6.444405587625403,1407.402142027929,15
2026-01-16 07:40:00+00:00,2026-01-16 07:45:00+00:00,2026-01-16 11:40:00+00:00,LONG,95493.6,95319.9,95207.1192,96066.5616,TIME,-0.0018189700671040754,-0.0032189700671040756,-4.530385367566062,1402.8717566603627,48
2026-01-16 14:45:00+00:00,2026-01-16 14:50:00+00:00,2026-01-16 15:15:00+00:00,LONG,95287.9,95002.03629999999,95002.03629999999,95859.6274,STOP,-0.0030000000000000027,-0.004400000000000003,-6.1726357293056004,1396.6991209310572,6
2026-01-16 15:20:00+00:00,2026-01-16 15:25:00+00:00,2026-01-16 15:25:00+00:00,LONG,95023.2,94738.1304,94738.1304,95593.3392,STOP,-0.0030000000000000027,-0.004400000000000003,-6.145476132096656,1390.5536447989605,1
2026-01-16 15:30:00+00:00,2026-01-16 15:35:00+00:00,2026-01-16 17:55:00+00:00,LONG,94560.1,95127.4606,94276.4197,95127.4606,TARGET,0.006000000000000005,0.004600000000000005,6.396546766075225,1396.9501915650358,29
2026-01-16 18:00:00+00:00,2026-01-16 18:05:00+00:00,2026-01-16 20:55:00+00:00,SHORT,95065.9,95351.09769999998,95351.09769999998,94495.5046,STOP,-0.0029910269192421346,-0.004391026919242135,-6.1340458960025295,1390.8161456690332,35
2026-01-16 21:00:00+00:00,2026-01-16 21:05:00+00:00,2026-01-17 01:00:00+00:00,SHORT,95539.9,95491.1,95826.51969999999,94966.66059999999,TIME,0.0005110423903378347,-0.0008889576096621653,-1.2363765963334896,1389.5797690726997,48
2026-01-17 22:35:00+00:00,2026-01-17 22:40:00+00:00,2026-01-18 02:35:00+00:00,LONG,95085.9,94915.7,94800.64229999999,95656.4154,TIME,-0.0017899604462912055,-0.0031899604462912057,-4.43270450030838,1385.1470645723914,48
2026-01-18 14:15:00+00:00,2026-01-18 14:20:00+00:00,2026-01-18 18:15:00+00:00,SHORT,95288.1,95182.1,95573.96429999999,94716.3714,TIME,0.0011136547733239244,-0.0002863452266760756,-0.3966302501846822,1384.7504343222067,48
2026-01-18 23:00:00+00:00,2026-01-18 23:05:00+00:00,2026-01-18 23:25:00+00:00,LONG,95032.1,94747.0037,94747.0037,95602.2926,STOP,-0.0030000000000000027,-0.004400000000000003,-6.092901911017713,1378.657532411189,5
2026-01-18 23:30:00+00:00,2026-01-18 23:35:00+00:00,2026-01-18 23:45:00+00:00,LONG,94592.8,94309.02160000001,94309.02160000001,95160.35680000001,STOP,-0.0030000000000000027,-0.004400000000000003,-6.066093142609236,1372.59143926858,3
2026-01-19 00:00:00+00:00,2026-01-19 00:05:00+00:00,2026-01-19 00:05:00+00:00,LONG,92972.3,92693.3831,92693.3831,93530.13380000001,STOP,-0.0030000000000000027,-0.004400000000000003,-6.039402332781756,1366.5520369357982,1
2026-01-19 00:15:00+00:00,2026-01-19 00:20:00+00:00,2026-01-19 00:20:00+00:00,LONG,92786.8,92508.4396,92508.4396,93343.5208,STOP,-0.0030000000000000027,-0.004400000000000003,-6.012828962517516,1360.5392079732808,1
2026-01-19 06:05:00+00:00,2026-01-19 06:10:00+00:00,2026-01-19 08:20:00+00:00,LONG,92503.1,93058.1186,92225.5907,93058.1186,TARGET,0.006000000000000005,0.004600000000000005,6.258480356677099,1366.797688329958,27
2026-01-19 08:30:00+00:00,2026-01-19 08:35:00+00:00,2026-01-19 12:30:00+00:00,SHORT,93116.2,93180.1,93395.54859999998,92557.5028,TIME,-0.0006857687424676184,-0.0020857687424676186,-2.8508238955956244,1363.9468644343624,48
2026-01-19 15:35:00+00:00,2026-01-19 15:40:00+00:00,2026-01-19 16:30:00+00:00,SHORT,92960.0,93238.87999999999,93238.87999999999,92402.24,STOP,-0.0029910269192421346,-0.004391026919242135,-5.989127398147188,1357.9577370362151,11
2026-01-19 16:55:00+00:00,2026-01-19 17:00:00+00:00,2026-01-19 20:55:00+00:00,SHORT,93299.0,93133.5,93578.89699999998,92739.206,TIME,0.0017770190103454375,0.00037701901034543754,0.5119758821083238,1358.4697129183235,48
2026-01-19 22:05:00+00:00,2026-01-19 22:10:00+00:00,2026-01-19 22:55:00+00:00,LONG,92926.2,92647.42139999999,92647.42139999999,93483.7572,STOP,-0.0030000000000000027,-0.004400000000000003,-5.977266736840627,1352.4924461814828,10
2026-01-19 23:00:00+00:00,2026-01-19 23:05:00+00:00,2026-01-19 23:05:00+00:00,LONG,92531.9,92254.30429999999,92254.30429999999,93087.09139999999,STOP,-0.0030000000000000027,-0.004400000000000003,-5.950966763198529,1346.5414794182843,1
2026-01-19 23:15:00+00:00,2026-01-19 23:20:00+00:00,2026-01-20 03:15:00+00:00,LONG,92374.9,92500.0,92097.7753,92929.1494,TIME,0.0013542639829651204,-4.573601703487958e-05,-0.06158544404084661,1346.4798939742434,48
2026-01-20 03:30:00+00:00,2026-01-20 03:35:00+00:00,2026-01-20 04:50:00+00:00,LONG,92371.0,92093.887,92093.887,92925.226,STOP,-0.0030000000000000027,-0.004400000000000003,-5.924511533486675,1340.5553824407568,16
2026-01-20 04:55:00+00:00,2026-01-20 05:00:00+00:00,2026-01-20 05:00:00+00:00,LONG,92069.6,91793.39120000001,91793.39120000001,92622.0176,STOP,-0.0029999999999998916,-0.004399999999999892,-5.898443682739185,1334.6569387580175,1
2026-01-20 05:10:00+00:00,2026-01-20 05:15:00+00:00,2026-01-20 06:15:00+00:00,LONG,91426.4,91152.12079999999,91152.12079999999,91974.95839999999,STOP,-0.0030000000000000027,-0.004400000000000003,-5.872490530535281,1328.7844482274822,13
2026-01-20 07:55:00+00:00,2026-01-20 08:00:00+00:00,2026-01-20 11:55:00+00:00,SHORT,91188.3,91226.7,91461.86489999999,90641.17020000001,TIME,-0.00042092939895876924,-0.0018209293989587692,-2.419622666656629,1326.3648255608257,48
2026-01-20 12:15:00+00:00,2026-01-20 12:20:00+00:00,2026-01-20 13:30:00+00:00,LONG,91109.3,90835.9721,90835.9721,91655.95580000001,STOP,-0.0030000000000000027,-0.004400000000000003,-5.836005232467637,1320.528820328358,15
2026-01-20 14:15:00+00:00,2026-01-20 14:20:00+00:00,2026-01-20 14:35:00+00:00,LONG,90755.9,91300.43539999999,90483.6323,91300.43539999999,TARGET,0.006000000000000005,0.004600000000000005,6.074432573510454,1326.6032529018685,4
2026-01-20 14:45:00+00:00,2026-01-20 14:50:00+00:00,2026-01-20 15:00:00+00:00,LONG,90442.9,90171.5713,90171.5713,90985.55739999999,STOP,-0.0030000000000000027,-0.004400000000000003,-5.837054312768225,1320.7661985891002,3
2026-01-20 15:05:00+00:00,2026-01-20 15:10:00+00:00,2026-01-20 15:20:00+00:00,LONG,89952.1,90491.8126,89682.2437,90491.8126,TARGET,0.006000000000000005,0.004600000000000005,6.075524513509868,1326.84172310261,3
2026-01-20 17:25:00+00:00,2026-01-20 17:30:00+00:00,2026-01-20 17:35:00+00:00,LONG,90201.2,89930.5964,89930.5964,90742.4072,STOP,-0.0030000000000000027,-0.004400000000000003,-5.838103581651488,1321.0036195209586,2
2026-01-20 17:40:00+00:00,2026-01-20 17:45:00+00:00,2026-01-20 18:50:00+00:00,LONG,89684.8,89415.74560000001,89415.74560000001,90222.9088,STOP,-0.0029999999999998916,-0.004399999999999892,-5.812415925892076,1315.1912035950666,14
2026-01-20 19:30:00+00:00,2026-01-20 19:35:00+00:00,2026-01-20 22:30:00+00:00,LONG,89405.2,89136.9844,89136.9844,89941.6312,STOP,-0.0030000000000000027,-0.004400000000000003,-5.786841295818297,1309.4043622992483,36
2026-01-20 22:35:00+00:00,2026-01-20 22:40:00+00:00,2026-01-20 22:50:00+00:00,LONG,88550.7,88285.04789999999,88285.04789999999,89082.0042,STOP,-0.0030000000000001137,-0.004400000000000114,-5.7613791941168415,1303.6429831051314,3
2026-01-21 00:00:00+00:00,2026-01-21 00:05:00+00:00,2026-01-21 00:35:00+00:00,SHORT,88569.0,88834.707,88834.707,88037.586,STOP,-0.0029910269192422456,-0.004391026919242246,-5.724331431895896,1297.9186516732354,7
2026-01-21 00:50:00+00:00,2026-01-21 00:55:00+00:00,2026-01-21 02:00:00+00:00,SHORT,88921.5,89188.26449999999,89188.26449999999,88387.971,STOP,-0.0029910269192421346,-0.004391026919242135,-5.699195738483633,1292.2194559347517,14
2026-01-21 03:40:00+00:00,2026-01-21 03:45:00+00:00,2026-01-21 05:35:00+00:00,SHORT,89548.5,89817.14549999998,89817.14549999998,89011.209,STOP,-0.0029910269192421346,-0.004391026919242135,-5.674170416577921,1286.5452855181738,23
2026-01-21 05:45:00+00:00,2026-01-21 05:50:00+00:00,2026-01-21 06:45:00+00:00,SHORT,90036.0,89495.784,90306.108,89495.784,TARGET,0.006036217303822866,0.004636217303822866,5.964703514871087,1292.509989033045,12
2026-01-21 07:25:00+00:00,2026-01-21 07:30:00+00:00,2026-01-21 07:35:00+00:00,LONG,89628.9,89360.01329999999,89360.01329999999,90166.6734,STOP,-0.0030000000000000027,-0.004400000000000003,-5.687043951745402,1286.8229450812996,2
2026-01-21 07:45:00+00:00,2026-01-21 07:50:00+00:00,2026-01-21 11:45:00+00:00,LONG,89221.8,89154.9,88954.1346,89757.1308,TIME,-0.0007498167488215746,-0.0021498167488215748,-2.7664335201036834,1284.056511561196,48
2026-01-21 11:50:00+00:00,2026-01-21 11:55:00+00:00,2026-01-21 11:55:00+00:00,LONG,88962.6,88695.71220000001,88695.71220000001,89496.3756,STOP,-0.0030000000000000027,-0.004400000000000003,-5.649848650869266,1278.4066629103268,1
2026-01-21 12:00:00+00:00,2026-01-21 12:05:00+00:00,2026-01-21 12:10:00+00:00,LONG,88756.3,88490.03110000001,88490.03110000001,89288.83780000001,STOP,-0.0030000000000000027,-0.004400000000000003,-5.624989316805442,1272.7816735935214,2
2026-01-21 12:15:00+00:00,2026-01-21 12:20:00+00:00,2026-01-21 13:00:00+00:00,LONG,88361.5,88891.669,88096.4155,88891.669,TARGET,0.006000000000000005,0.004600000000000005,5.854795698530205,1278.6364692920515,9
2026-01-21 14:05:00+00:00,2026-01-21 14:10:00+00:00,2026-01-21 14:10:00+00:00,SHORT,89136.7,89404.11009999999,89404.11009999999,88601.8798,STOP,-0.0029910269192422456,-0.004391026919242246,-5.614527156586259,1273.0219421354652,1
2026-01-21 14:15:00+00:00,2026-01-21 14:20:00+00:00,2026-01-21 14:30:00+00:00,SHORT,89527.0,89795.58099999999,89795.58099999999,88989.838,STOP,-0.0029910269192421346,-0.004391026919242135,-5.589873616702731,1267.4320685187624,3
2026-01-21 14:35:00+00:00,2026-01-21 14:40:00+00:00,2026-01-21 15:05:00+00:00,SHORT,89794.9,90064.28469999999,90064.28469999999,89256.13059999999,STOP,-0.0029910269192422456,-0.004391026919242246,-5.565328331176769,1261.8667401875857,6
2026-01-21 15:10:00+00:00,2026-01-21 15:15:00+00:00,2026-01-21 16:05:00+00:00,SHORT,90339.0,89796.966,90610.01699999999,89796.966,TARGET,0.006036217303822866,0.004636217303822866,5.850288415976237,1267.7170286035619,11
2026-01-21 16:20:00+00:00,2026-01-21 16:25:00+00:00,2026-01-21 16:30:00+00:00,LONG,89456.1,89187.7317,89187.7317,89992.83660000001,STOP,-0.0030000000000000027,-0.004400000000000003,-5.577954925855676,1262.1390736777062,2
2026-01-21 16:55:00+00:00,2026-01-21 17:00:00+00:00,2026-01-21 17:10:00+00:00,LONG,87595.4,87332.61379999999,87332.61379999999,88120.9724,STOP,-0.0030000000000000027,-0.004400000000000003,-5.553411924181911,1256.5856617535242,3
2026-01-21 18:45:00+00:00,2026-01-21 18:50:00+00:00,2026-01-21 19:25:00+00:00,SHORT,88554.0,88819.662,88819.662,88022.676,STOP,-0.0029910269192422456,-0.004391026919242246,-5.517701467093556,1251.0679602864307,8
2026-01-21 19:30:00+00:00,2026-01-21 19:35:00+00:00,2026-01-21 19:45:00+00:00,SHORT,89975.5,90245.42649999999,90245.42649999999,89435.647,STOP,-0.0029910269192421346,-0.004391026919242135,-5.493473091419067,1245.5744871950117,3
2026-01-21 19:50:00+00:00,2026-01-21 19:55:00+00:00,2026-01-21 20:15:00+00:00,SHORT,90209.5,89668.243,90480.12849999999,89668.243,TARGET,0.006036217303822866,0.004636217303822866,5.774753990733806,1251.3492411857455,5
2026-01-21 23:40:00+00:00,2026-01-21 23:45:00+00:00,2026-01-22 01:00:00+00:00,LONG,89554.0,90091.324,89285.338,90091.324,TARGET,0.006000000000000005,0.004600000000000005,5.756206509454436,1257.1054476952,16
2026-01-22 01:15:00+00:00,2026-01-22 01:20:00+00:00,2026-01-22 05:15:00+00:00,SHORT,90098.0,90028.4,90368.294,89557.412,TIME,0.000773089380684322,-0.000626910619315678,-0.7880927547597104,1256.3173549404403,48
2026-01-22 06:50:00+00:00,2026-01-22 06:55:00+00:00,2026-01-22 10:50:00+00:00,SHORT,90171.0,90099.8,90441.51299999999,89629.974,TIME,0.0007902348284900551,-0.0006097651715099449,-0.7660585674061778,1255.5512963730341,48
2026-01-22 13:40:00+00:00,2026-01-22 13:45:00+00:00,2026-01-22 14:35:00+00:00,LONG,89616.0,89347.152,89347.152,90153.696,STOP,-0.0030000000000000027,-0.004400000000000003,-5.524425704041354,1250.0268706689928,11
2026-01-22 14:45:00+00:00,2026-01-22 14:50:00+00:00,2026-01-22 15:25:00+00:00,LONG,89100.0,88832.7,88832.7,89634.6,STOP,-0.0030000000000000027,-0.004400000000000003,-5.500118230943572,1244.5267524380492,8
2026-01-22 18:20:00+00:00,2026-01-22 18:25:00+00:00,2026-01-22 19:35:00+00:00,SHORT,89586.9,89855.66069999998,89855.66069999998,89049.3786,STOP,-0.0029910269192421346,-0.004391026919242135,-5.464750471672466,1239.0620019663768,15
2026-01-23 00:10:00+00:00,2026-01-23 00:15:00+00:00,2026-01-23 01:35:00+00:00,SHORT,89551.0,89819.65299999999,89819.65299999999,89013.694,STOP,-0.0029910269192421346,-0.004391026919242135,-5.440754605244411,1233.6212473611324,17
2026-01-23 01:40:00+00:00,2026-01-23 01:45:00+00:00,2026-01-23 04:15:00+00:00,SHORT,89823.1,90092.5693,90092.5693,89284.16140000001,STOP,-0.0029910269192422456,-0.004391026919242246,-5.41686410531193,1228.2043832558204,31
2026-01-23 05:20:00+00:00,2026-01-23 05:25:00+00:00,2026-01-23 08:25:00+00:00,LONG,89648.6,89379.6542,89379.6542,90186.49160000001,STOP,-0.0030000000000000027,-0.004400000000000003,-5.404099286325613,1222.8002839694948,37
2026-01-23 08:30:00+00:00,2026-01-23 08:35:00+00:00,2026-01-23 09:45:00+00:00,LONG,89216.0,88948.352,88948.352,89751.296,STOP,-0.0030000000000000027,-0.004400000000000003,-5.380321249465781,1217.419962720029,15
2026-01-23 13:10:00+00:00,2026-01-23 13:15:00+00:00,2026-01-23 14:25:00+00:00,SHORT,89409.4,89677.62819999998,89677.62819999998,88872.9436,STOP,-0.0029910269192421346,-0.004391026919242135,-5.3457238283264035,1212.0742388917026,15
2026-01-23 14:35:00+00:00,2026-01-23 14:40:00+00:00,2026-01-23 15:20:00+00:00,LONG,88665.0,89196.99,88399.005,89196.99,TARGET,0.006000000000000005,0.004600000000000005,5.575541498901838,1217.6497803906045,9
2026-01-23 15:45:00+00:00,2026-01-23 15:50:00+00:00,2026-01-23 16:35:00+00:00,SHORT,89838.8,90108.3164,90108.3164,89299.7672,STOP,-0.0029910269192422456,-0.004391026919242246,-5.346732963904554,1212.3030474267,10
2026-01-23 16:40:00+00:00,2026-01-23 16:45:00+00:00,2026-01-23 17:25:00+00:00,SHORT,90276.5,90547.32949999999,90547.32949999999,89734.841,STOP,-0.0029910269192422456,-0.004391026919242246,-5.323255315530049,1206.97979211117,9
2026-01-23 17:30:00+00:00,2026-01-23 17:35:00+00:00,2026-01-23 17:35:00+00:00,SHORT,90839.1,91111.6173,91111.6173,90294.0654,STOP,-0.0029910269192421346,-0.004391026919242135,-5.2998807581414225,1201.6799113530285,1
2026-01-23 19:15:00+00:00,2026-01-23 19:20:00+00:00,2026-01-23 19:30:00+00:00,LONG,89976.0,89706.072,89706.072,90515.856,STOP,-0.0030000000000000027,-0.004400000000000003,-5.287391609953329,1196.3925197430751,3
2026-01-23 20:30:00+00:00,2026-01-23 20:35:00+00:00,2026-01-24 00:30:00+00:00,LONG,89409.0,89511.4,89140.773,89945.454,TIME,0.0011452985717321784,-0.00025470142826782157,-0.30472288354749916,1196.0877968595275,48
2026-01-24 03:00:00+00:00,2026-01-24 03:05:00+00:00,2026-01-24 07:00:00+00:00,SHORT,89825.0,89645.4,90094.47499999999,89286.05,TIME,0.0020034491451876857,0.0006034491451876857,0.7217781585843042,1196.809575018112,48
2026-01-24 16:10:00+00:00,2026-01-24 16:15:00+00:00,2026-01-24 20:10:00+00:00,LONG,89249.0,89380.1,88981.253,89784.494,TIME,0.0014689240215577382,6.892402155773817e-05,0.08248892894905581,1196.892063947061,48
2026-01-24 22:10:00+00:00,2026-01-24 22:15:00+00:00,2026-01-25 02:10:00+00:00,SHORT,89481.5,89247.9,89749.94449999998,88944.611,TIME,0.0026174285333324665,0.0012174285333324665,1.4571305499683391,1198.3491944970292,48
2026-01-25 03:30:00+00:00,2026-01-25 03:35:00+00:00,2026-01-25 07:30:00+00:00,LONG,88880.0,88756.0,88613.36,89413.28,TIME,-0.0013951395139514267,-0.002795139513951427,-3.3495531850505103,1194.9996413119786,48
2026-01-25 08:35:00+00:00,2026-01-25 08:40:00+00:00,2026-01-25 08:45:00+00:00,LONG,88437.0,88171.689,88171.689,88967.622,STOP,-0.0030000000000000027,-0.004400000000000003,-5.257998421772709,1189.7416428902059,2
2026-01-25 10:55:00+00:00,2026-01-25 11:00:00+00:00,2026-01-25 13:50:00+00:00,SHORT,88654.4,88920.36319999998,88920.36319999998,88122.4736,STOP,-0.0029910269192421346,-0.004391026919242135,-5.224187580874257,1184.5174553093316,35
2026-01-25 15:50:00+00:00,2026-01-25 15:55:00+00:00,2026-01-25 16:00:00+00:00,LONG,88412.9,88147.66129999999,88147.66129999999,88943.3774,STOP,-0.0030000000000000027,-0.004400000000000003,-5.211876803361062,1179.3055785059705,2
2026-01-25 16:05:00+00:00,2026-01-25 16:10:00+00:00,2026-01-25 16:15:00+00:00,LONG,88070.1,87805.8897,87805.8897,88598.5206,STOP,-0.0030000000000001137,-0.004400000000000114,-5.188944545426405,1174.116633960544,2
2026-01-25 16:20:00+00:00,2026-01-25 16:25:00+00:00,2026-01-25 18:10:00+00:00,LONG,87928.7,87664.9139,87664.9139,88456.27219999999,STOP,-0.0030000000000000027,-0.004400000000000003,-5.166113189426397,1168.9505207711177,22
2026-01-25 18:15:00+00:00,2026-01-25 18:20:00+00:00,2026-01-25 18:25:00+00:00,LONG,87695.9,87432.81229999999,87432.81229999999,88222.0754,STOP,-0.0030000000000000027,-0.004400000000000003,-5.143382291392921,1163.8071384797247,2
2026-01-25 18:30:00+00:00,2026-01-25 18:35:00+00:00,2026-01-25 18:40:00+00:00,LONG,87339.9,87077.88029999999,87077.88029999999,87863.93939999999,STOP,-0.0030000000000000027,-0.004400000000000003,-5.120751409310792,1158.686387070414,2
2026-01-25 19:20:00+00:00,2026-01-25 19:25:00+00:00,2026-01-25 19:25:00+00:00,LONG,86743.1,86482.8707,86482.8707,87263.5586,STOP,-0.0030000000000001137,-0.004400000000000114,-5.098220103109953,1153.588166967304,1
2026-01-25 19:50:00+00:00,2026-01-25 19:55:00+00:00,2026-01-25 20:30:00+00:00,LONG,86516.1,86256.55170000001,86256.55170000001,87035.19660000001,STOP,-0.0029999999999998916,-0.004399999999999892,-5.075787934656013,1148.512379032648,8
2026-01-25 21:30:00+00:00,2026-01-25 21:35:00+00:00,2026-01-25 23:00:00+00:00,SHORT,86632.6,86112.80440000001,86892.4978,86112.80440000001,TARGET,0.006036217303822866,0.004636217303822866,5.324752965325929,1153.8371319979738,18
2026-01-25 23:50:00+00:00,2026-01-25 23:55:00+00:00,2026-01-26 00:05:00+00:00,SHORT,86639.0,86898.91699999999,86898.91699999999,86119.166,STOP,-0.0029910269192421346,-0.004391026919242135,-5.066529907024243,1148.7706020909495,3
2026-01-26 01:00:00+00:00,2026-01-26 01:05:00+00:00,2026-01-26 01:10:00+00:00,SHORT,87135.7,87397.1071,87397.1071,86612.8858,STOP,-0.0029910269192422456,-0.004391026919242246,-5.044282637815482,1143.726319453134,2
2026-01-26 01:20:00+00:00,2026-01-26 01:25:00+00:00,2026-01-26 02:25:00+00:00,SHORT,87615.7,87878.54709999998,87878.54709999998,87090.0058,STOP,-0.0029910269192421346,-0.004391026919242135,-5.0221330569644405,1138.7041863961695,13
2026-01-26 03:35:00+00:00,2026-01-26 03:40:00+00:00,2026-01-26 04:25:00+00:00,LONG,87278.8,87802.4728,87016.9636,87802.4728,TARGET,0.006000000000000005,0.004600000000000005,5.238039257422385,1143.9422256535918,10
2026-01-26 08:00:00+00:00,2026-01-26 08:05:00+00:00,2026-01-26 08:20:00+00:00,SHORT,88104.1,88368.4123,88368.4123,87575.47540000001,STOP,-0.0029910269192421346,-0.004391026919242135,-5.023081106902682,1138.919144546689,4
2026-01-26 13:30:00+00:00,2026-01-26 13:35:00+00:00,2026-01-26 14:30:00+00:00,SHORT,88026.7,87498.5398,88290.78009999999,87498.5398,TARGET,0.006036217303822866,0.004636217303822866,5.280276645602496,1144.1994211922915,12
2026-01-26 15:10:00+00:00,2026-01-26 15:15:00+00:00,2026-01-26 15:30:00+00:00,SHORT,88712.5,88180.225,88978.6375,88180.225,TARGET,0.006036217303822866,0.004636217303822866,5.3047571555558095,1149.5041783478473,4
2026-01-26 15:40:00+00:00,2026-01-26 15:45:00+00:00,2026-01-26 17:15:00+00:00,LONG,87473.4,87210.9798,87210.9798,87998.2404,STOP,-0.0029999999999998916,-0.004399999999999892,-5.057818384730404,1144.446359963117,19
2026-01-26 17:30:00+00:00,2026-01-26 17:35:00+00:00,2026-01-26 18:00:00+00:00,LONG,87250.0,87773.5,86988.25,87773.5,TARGET,0.006000000000000005,0.004600000000000005,5.264453255830344,1149.7108132189474,6
2026-01-26 18:30:00+00:00,2026-01-26 18:35:00+00:00,2026-01-26 19:00:00+00:00,SHORT,88238.9,88503.61669999998,88503.61669999998,87709.4666,STOP,-0.0029910269192421346,-0.004391026919242135,-5.048411130188164,1144.662402088759,6
2026-01-26 19:10:00+00:00,2026-01-26 19:15:00+00:00,2026-01-26 20:15:00+00:00,SHORT,88381.9,87851.60859999999,88647.04569999999,87851.60859999999,TARGET,0.006036217303822866,0.004636217303822866,5.306903635599352,1149.9693057243585,13
2026-01-26 20:50:00+00:00,2026-01-26 20:55:00+00:00,2026-01-26 21:40:00+00:00,LONG,87582.1,88107.5926,87319.3537,88107.5926,TARGET,0.006000000000000005,0.004600000000000005,5.289858806332055,1155.2591645306904,10
2026-01-26 22:00:00+00:00,2026-01-26 22:05:00+00:00,2026-01-26 23:25:00+00:00,SHORT,88117.3,88381.6519,88381.6519,87588.5962,STOP,-0.0029910269192422456,-0.004391026919242246,-5.072774090155568,1150.186390440535,17
2026-01-26 23:30:00+00:00,2026-01-26 23:35:00+00:00,2026-01-27 02:40:00+00:00,SHORT,88550.1,88815.7503,88815.7503,88018.7994,STOP,-0.0029910269192422456,-0.004391026919242246,-5.050499402570461,1145.1358910379645,38
2026-01-27 04:10:00+00:00,2026-01-27 04:15:00+00:00,2026-01-27 06:45:00+00:00,SHORT,88816.2,88283.30279999999,89082.64859999999,88283.30279999999,TARGET,0.006036217303823088,0.004636217303823088,5.309098833259081,1150.4449898712235,31
2026-01-27 08:30:00+00:00,2026-01-27 08:35:00+00:00,2026-01-27 09:05:00+00:00,LONG,88282.4,88017.55279999999,88017.55279999999,88812.0944,STOP,-0.0030000000000000027,-0.004400000000000003,-5.061957955433386,1145.38303191579,7
2026-01-27 09:35:00+00:00,2026-01-27 09:40:00+00:00,2026-01-27 10:50:00+00:00,LONG,88049.0,87784.853,87784.853,88577.294,STOP,-0.0030000000000000027,-0.004400000000000003,-5.03968534042948,1140.3433465753606,15
2026-01-27 12:20:00+00:00,2026-01-27 12:25:00+00:00,2026-01-27 14:15:00+00:00,SHORT,88157.9,88422.37369999998,88422.37369999998,87628.95259999999,STOP,-0.0029910269192421346,-0.004391026919242135,-5.007278331991071,1135.3360682433695,23
2026-01-27 14:35:00+00:00,2026-01-27 14:40:00+00:00,2026-01-27 16:05:00+00:00,LONG,87839.3,88366.3358,87575.7821,88366.3358,TARGET,0.006000000000000005,0.004600000000000005,5.222545913919506,1140.558614157289,18
2026-01-27 17:15:00+00:00,2026-01-27 17:20:00+00:00,2026-01-27 17:40:00+00:00,LONG,87636.9,87373.9893,87373.9893,88162.7214,STOP,-0.0029999999999998916,-0.004399999999999892,-5.018457902291948,1135.540156254997,5
2026-01-27 18:55:00+00:00,2026-01-27 19:00:00+00:00,2026-01-27 20:00:00+00:00,SHORT,88288.9,88553.76669999998,88553.76669999998,87759.1666,STOP,-0.0029910269192421346,-0.004391026919242135,-4.986187393996112,1130.553968861001,13
2026-01-27 20:15:00+00:00,2026-01-27 20:20:00+00:00,2026-01-27 20:20:00+00:00,SHORT,88877.6,89144.2328,89144.2328,88344.3344,STOP,-0.0029910269192421346,-0.004391026919242135,-4.96429291092469,1125.5896759500763,1
2026-01-27 20:25:00+00:00,2026-01-27 20:30:00+00:00,2026-01-27 20:45:00+00:00,SHORT,89151.0,89418.453,89418.453,88616.094,STOP,-0.0029910269192422456,-0.004391026919242246,-4.942494567117941,1120.6471813829583,4
2026-01-27 20:50:00+00:00,2026-01-27 20:55:00+00:00,2026-01-28 00:50:00+00:00,SHORT,89461.9,89378.8,89730.28569999998,88925.1286,TIME,0.0009297506791319243,-0.00047024932086807566,-0.5269835759780593,1120.1201978069803,48
2026-01-28 01:00:00+00:00,2026-01-28 01:05:00+00:00,2026-01-28 04:15:00+00:00,SHORT,89448.1,88911.41140000001,89716.4443,88911.41140000001,TARGET,0.006036217303822866,0.004636217303822866,5.193120643434213,1125.3133184504145,39
2026-01-28 06:00:00+00:00,2026-01-28 06:05:00+00:00,2026-01-28 09:55:00+00:00,SHORT,89257.1,89524.8713,89524.8713,88721.5574,STOP,-0.0029910269192422456,-0.004391026919242246,-4.941281073897592,1120.3720373765168,47
2026-01-28 11:45:00+00:00,2026-01-28 11:50:00+00:00,2026-01-28 11:50:00+00:00,SHORT,89820.7,90090.16209999999,90090.16209999999,89281.7758,STOP,-0.0029910269192421346,-0.004391026919242135,-4.919583775686441,1115.4524536008303,1
2026-01-28 11:55:00+00:00,2026-01-28 12:00:00+00:00,2026-01-28 13:10:00+00:00,SHORT,90070.5,90340.71149999999,90340.71149999999,89530.077,STOP,-0.0029910269192421346,-0.004391026919242135,-4.8979817508959345,1110.5544718499343,15
2026-01-28 13:15:00+00:00,2026-01-28 13:20:00+00:00,2026-01-28 13:40:00+00:00,SHORT,90126.0,90396.378,90396.378,89585.244,STOP,-0.0029910269192422456,-0.004391026919242246,-4.876474581177916,1105.6779972687564,5
2026-01-28 13:50:00+00:00,2026-01-28 13:55:00+00:00,2026-01-28 14:40:00+00:00,SHORT,90326.9,89784.9386,90597.88069999998,89784.9386,TARGET,0.006036217303822866,0.004636217303822866,5.1261634633936195,1110.80416073215,10
2026-01-28 15:05:00+00:00,2026-01-28 15:10:00+00:00,2026-01-28 15:10:00+00:00,LONG,89415.1,89146.85470000001,89146.85470000001,89951.59060000001,STOP,-0.0029999999999998916,-0.004399999999999892,-4.88753830722134,1105.9166224249286,1
2026-01-28 15:15:00+00:00,2026-01-28 15:20:00+00:00,2026-01-28 16:25:00+00:00,LONG,89184.8,89719.9088,88917.24560000001,89719.9088,TARGET,0.006000000000000005,0.004600000000000005,5.087216463154677,1111.0038388880832,14
2026-01-28 17:00:00+00:00,2026-01-28 17:05:00+00:00,2026-01-28 17:40:00+00:00,SHORT,89710.6,89979.7318,89979.7318,89172.3364,STOP,-0.0029910269192421346,-0.004391026919242135,-4.878447763938925,1106.1253911241442,8
2026-01-28 17:50:00+00:00,2026-01-28 17:55:00+00:00,2026-01-28 18:00:00+00:00,SHORT,90480.1,89937.2194,90751.5403,89937.2194,TARGET,0.006036217303823088,0.004636217303823088,5.128237678527839,1111.253628802672,2
2026-01-28 19:00:00+00:00,2026-01-28 19:05:00+00:00,2026-01-28 19:05:00+00:00,LONG,89560.0,89291.32,89291.32,90097.36,STOP,-0.0029999999999998916,-0.004399999999999892,-4.889515966731636,1106.3641128359404,1
2026-01-28 20:25:00+00:00,2026-01-28 20:30:00+00:00,2026-01-28 20:35:00+00:00,SHORT,89794.9,89256.13059999999,90064.28469999999,89256.13059999999,TARGET,0.006036217303823088,0.004636217303823088,5.129344444258867,1111.4934572801992,2
2026-01-28 21:00:00+00:00,2026-01-28 21:05:00+00:00,2026-01-29 01:00:00+00:00,LONG,88980.0,89126.2,88713.06,89513.88,TIME,0.0016430658574959622,0.00024306585749596225,0.2701661102949633,1111.763623390494,48
2026-01-29 01:25:00+00:00,2026-01-29 01:30:00+00:00,2026-01-29 01:50:00+00:00,LONG,88828.7,88562.2139,88562.2139,89361.6722,STOP,-0.0029999999999998916,-0.004399999999999892,-4.891759942918053,1106.871863447576,5
2026-01-29 02:00:00+00:00,2026-01-29 02:05:00+00:00,2026-01-29 02:30:00+00:00,LONG,88622.0,88356.134,88356.134,89153.732,STOP,-0.0029999999999998916,-0.004399999999999892,-4.870236199169215,1102.0016272484067,6
2026-01-29 02:45:00+00:00,2026-01-29 02:50:00+00:00,2026-01-29 05:00:00+00:00,LONG,87844.1,88371.1646,87580.5677,88371.1646,TARGET,0.006000000000000005,0.004600000000000005,5.069207485342677,1107.0708347337495,27
2026-01-29 08:05:00+00:00,2026-01-29 08:10:00+00:00,2026-01-29 12:05:00+00:00,LONG,87996.0,88037.6,87732.012,88523.976,TIME,0.0004727487613074288,-0.0009272512386925712,-1.026532802827288,1106.0443019309223,48
2026-01-29 14:25:00+00:00,2026-01-29 14:30:00+00:00,2026-01-29 14:35:00+00:00,LONG,87822.8,87559.3316,87559.3316,88349.7368,STOP,-0.0030000000000000027,-0.004400000000000003,-4.8665949284960615,1101.1777070024261,2
2026-01-29 14:40:00+00:00,2026-01-29 14:45:00+00:00,2026-01-29 14:50:00+00:00,LONG,87673.4,87410.3798,87410.3798,88199.44039999999,STOP,-0.0030000000000000027,-0.004400000000000003,-4.845181910810678,1096.3325250916155,2
2026-01-29 14:55:00+00:00,2026-01-29 15:00:00+00:00,2026-01-29 15:00:00+00:00,LONG,87008.5,86747.4745,86747.4745,87530.551,STOP,-0.0030000000000000027,-0.004400000000000003,-4.823863110403111,1091.5086619812123,1
2026-01-29 15:05:00+00:00,2026-01-29 15:10:00+00:00,2026-01-29 15:10:00+00:00,LONG,86110.0,85851.67,85851.67,86626.66,STOP,-0.0030000000000000027,-0.004400000000000003,-4.802638112717338,1086.7060238684949,1
2026-01-29 15:15:00+00:00,2026-01-29 15:20:00+00:00,2026-01-29 15:30:00+00:00,LONG,85560.1,85303.4197,85303.4197,86073.4606,STOP,-0.0030000000000001137,-0.004400000000000114,-4.781506505021501,1081.9245173634733,3
2026-01-29 15:35:00+00:00,2026-01-29 15:40:00+00:00,2026-01-29 15:40:00+00:00,LONG,85126.9,84871.5193,84871.5193,85637.6614,STOP,-0.0029999999999998916,-0.004399999999999892,-4.760467876399166,1077.1640494870742,1
2026-01-29 16:10:00+00:00,2026-01-29 16:15:00+00:00,2026-01-29 16:25:00+00:00,LONG,84780.0,84525.66,84525.66,85288.68000000001,STOP,-0.0030000000000000027,-0.004400000000000003,-4.739521817743129,1072.4245276693312,3
2026-01-29 17:55:00+00:00,2026-01-29 18:00:00+00:00,2026-01-29 18:20:00+00:00,LONG,84261.9,84009.1143,84009.1143,84767.4714,STOP,-0.0029999999999998916,-0.004399999999999892,-4.718667921744941,1067.7058597475861,5
2026-01-29 18:30:00+00:00,2026-01-29 18:35:00+00:00,2026-01-29 18:50:00+00:00,LONG,83871.3,83619.6861,83619.6861,84374.5278,STOP,-0.0030000000000000027,-0.004400000000000003,-4.697905782889382,1063.0079539646968,4
2026-01-29 19:30:00+00:00,2026-01-29 19:35:00+00:00,2026-01-29 20:50:00+00:00,SHORT,84092.3,84344.5769,84344.5769,83587.74620000001,STOP,-0.0029910269192422456,-0.004391026919242246,-4.667696541227605,1058.3402574234692,16
2026-01-29 20:55:00+00:00,2026-01-29 21:00:00+00:00,2026-01-29 21:10:00+00:00,SHORT,84212.2,84464.8366,84464.8366,83706.9268,STOP,-0.0029910269192422456,-0.004391026919242246,-4.647200560064221,1053.693056863405,3
2026-01-29 23:30:00+00:00,2026-01-29 23:35:00+00:00,2026-01-30 00:50:00+00:00,SHORT,84701.0,84192.794,84955.10299999999,84192.794,TARGET,0.006036217303823088,0.004636217303823088,4.885149983148363,1058.5782068465533,16
2026-01-30 01:15:00+00:00,2026-01-30 01:20:00+00:00,2026-01-30 01:20:00+00:00,LONG,84003.1,83751.0907,83751.0907,84507.1186,STOP,-0.0030000000000001137,-0.004400000000000114,-4.657744110124955,1053.9204627364284,1
2026-01-30 01:35:00+00:00,2026-01-30 01:40:00+00:00,2026-01-30 01:40:00+00:00,LONG,82882.7,82634.05189999999,82634.05189999999,83379.9962,STOP,-0.0030000000000001137,-0.004400000000000114,-4.637250036040405,1049.283212700388,1
2026-01-30 01:45:00+00:00,2026-01-30 01:50:00+00:00,2026-01-30 01:55:00+00:00,LONG,82037.5,82529.725,81791.3875,82529.725,TARGET,0.006000000000000005,0.004600000000000005,4.82670277842179,1054.1099154788099,2
2026-01-30 03:45:00+00:00,2026-01-30 03:50:00+00:00,2026-01-30 04:00:00+00:00,SHORT,82511.4,82758.93419999999,82758.93419999999,82016.33159999999,STOP,-0.0029910269192422456,-0.004391026919242246,-4.628625014707622,1049.4812904641021,3
2026-01-30 06:10:00+00:00,2026-01-30 06:15:00+00:00,2026-01-30 06:25:00+00:00,LONG,82789.3,82540.9321,82540.9321,83286.0358,STOP,-0.0030000000000000027,-0.004400000000000003,-4.617717678042053,1044.86357278606,3
2026-01-30 07:00:00+00:00,2026-01-30 07:05:00+00:00,2026-01-30 08:35:00+00:00,LONG,82698.4,82450.3048,82450.3048,83194.5904,STOP,-0.0030000000000000027,-0.004400000000000003,-4.597399720258667,1040.2661730658015,19
2026-01-30 11:15:00+00:00,2026-01-30 11:20:00+00:00,2026-01-30 11:50:00+00:00,SHORT,82785.2,83033.55559999999,83033.55559999999,82288.48879999999,STOP,-0.0029910269192422456,-0.004391026919242246,-4.567836769109047,1035.6983362966923,7
2026-01-30 11:55:00+00:00,2026-01-30 12:00:00+00:00,2026-01-30 12:25:00+00:00,SHORT,83149.7,82650.8018,83399.1491,82650.8018,TARGET,0.006036217303822866,0.004636217303822866,4.801722548279279,1040.5000588449716,6
2026-01-30 14:10:00+00:00,2026-01-30 14:15:00+00:00,2026-01-30 14:30:00+00:00,SHORT,82980.8,83229.74239999999,83229.74239999999,82482.9152,STOP,-0.0029910269192421346,-0.004391026919242135,-4.568863767861296,1035.9311950771103,4
2026-01-30 14:35:00+00:00,2026-01-30 14:40:00+00:00,2026-01-30 14:45:00+00:00,SHORT,83459.3,83709.6779,83709.6779,82958.5442,STOP,-0.0029910269192421346,-0.004391026919242135,-4.548801764066266,1031.382393313044,2
2026-01-30 14:50:00+00:00,2026-01-30 14:55:00+00:00,2026-01-30 15:05:00+00:00,SHORT,83141.0,83390.423,83390.423,82642.154,STOP,-0.0029910269192422456,-0.004391026919242246,-4.52882785307007,1026.853565459974,3
2026-01-30 15:30:00+00:00,2026-01-30 15:35:00+00:00,2026-01-30 16:25:00+00:00,LONG,82882.0,82633.354,82633.354,83379.292,STOP,-0.0029999999999998916,-0.004399999999999892,-4.518155688023775,1022.3354097719504,11
2026-01-30 17:25:00+00:00,2026-01-30 17:30:00+00:00,2026-01-30 17:35:00+00:00,SHORT,83383.2,82882.9008,83633.34959999999,82882.9008,TARGET,0.006036217303822866,0.004636217303822866,4.739769117095556,1027.075178889046,2
2026-01-30 18:15:00+00:00,2026-01-30 18:20:00+00:00,2026-01-30 18:20:00+00:00,LONG,82228.0,81981.316,81981.316,82721.368,STOP,-0.0029999999999998916,-0.004399999999999892,-4.519130787111691,1022.5560481019343,1
2026-01-30 18:30:00+00:00,2026-01-30 18:35:00+00:00,2026-01-30 18:40:00+00:00,LONG,82294.7,82788.4682,82047.8159,82788.4682,TARGET,0.006000000000000005,0.004600000000000005,4.703757821268903,1027.2598059232032,2
2026-01-30 18:45:00+00:00,2026-01-30 18:50:00+00:00,2026-01-30 18:50:00+00:00,SHORT,83590.6,83841.3718,83841.3718,83089.0564,STOP,-0.0029910269192421346,-0.004391026919242135,-4.510725460864236,1022.749080462339,1
2026-01-30 18:55:00+00:00,2026-01-30 19:00:00+00:00,2026-01-30 19:00:00+00:00,SHORT,83945.1,84196.9353,84196.9353,83441.42940000001,STOP,-0.0029910269192421346,-0.004391026919242135,-4.49091874394027,1018.2581617183987,1
2026-01-30 19:20:00+00:00,2026-01-30 19:25:00+00:00,2026-01-30 20:05:00+00:00,SHORT,84423.7,83917.1578,84676.9711,83917.1578,TARGET,0.006036217303822866,0.004636217303822866,4.720866109117702,1022.9790278275163,9
2026-01-30 20:20:00+00:00,2026-01-30 20:25:00+00:00,2026-01-30 20:35:00+00:00,LONG,83951.5,83699.6455,83699.6455,84455.209,STOP,-0.0030000000000000027,-0.004400000000000003,-4.501107722441075,1018.4779201050753,3
2026-01-30 20:55:00+00:00,2026-01-30 21:00:00+00:00,2026-01-30 21:15:00+00:00,LONG,83903.1,84406.51860000001,83651.3907,84406.51860000001,TARGET,0.006000000000000005,0.004600000000000005,4.684998432483352,1023.1629185375587,4
2026-01-31 00:50:00+00:00,2026-01-31 00:55:00+00:00,2026-01-31 04:50:00+00:00,LONG,84051.9,83947.9,83799.74429999999,84556.2114,TIME,-0.001237330744456644,-0.002637330744456644,-2.6984190216470925,1020.4644995159116,48
2026-01-31 06:25:00+00:00,2026-01-31 06:30:00+00:00,2026-01-31 07:40:00+00:00,LONG,83668.0,83416.996,83416.996,84170.008,STOP,-0.0030000000000000027,-0.004400000000000003,-4.490043797870014,1015.9744557180416,15
2026-01-31 08:10:00+00:00,2026-01-31 08:15:00+00:00,2026-01-31 08:15:00+00:00,LONG,83351.8,83101.7446,83101.7446,83851.9108,STOP,-0.0030000000000000027,-0.004400000000000003,-4.470287605159386,1011.5041681128822,1
2026-01-31 08:30:00+00:00,2026-01-31 08:35:00+00:00,2026-01-31 08:40:00+00:00,LONG,82962.0,82713.114,82713.114,83459.772,STOP,-0.0030000000000000027,-0.004400000000000003,-4.4506183396966845,1007.0535497731855,2
2026-01-31 09:00:00+00:00,2026-01-31 09:05:00+00:00,2026-01-31 09:20:00+00:00,LONG,83191.0,82941.427,82941.427,83690.146,STOP,-0.0030000000000000027,-0.004400000000000003,-4.431035619002019,1002.6225141541835,4
2026-01-31 11:50:00+00:00,2026-01-31 11:55:00+00:00,2026-01-31 12:50:00+00:00,LONG,82973.8,82724.8786,82724.8786,83471.6428,STOP,-0.0030000000000001137,-0.004400000000000114,-4.411539062278521,998.210975091905,12
2026-01-31 12:55:00+00:00,2026-01-31 13:00:00+00:00,2026-01-31 13:30:00+00:00,LONG,82772.0,82523.684,82523.684,83268.632,STOP,-0.0030000000000001137,-0.004400000000000114,-4.392128290404496,993.8188468015005,7
2026-01-31 13:35:00+00:00,2026-01-31 13:40:00+00:00,2026-01-31 14:15:00+00:00,LONG,82536.1,82288.4917,82288.4917,83031.3166,STOP,-0.0030000000000001137,-0.004400000000000114,-4.372802925926716,989.4460438755738,8
2026-01-31 14:20:00+00:00,2026-01-31 14:25:00+00:00,2026-01-31 14:25:00+00:00,LONG,81983.1,81737.1507,81737.1507,82474.9986,STOP,-0.0030000000000001137,-0.004400000000000114,-4.353562593052637,985.0924812825211,1
2026-01-31 14:30:00+00:00,2026-01-31 14:35:00+00:00,2026-01-31 14:35:00+00:00,LONG,81465.9,81221.5023,81221.5023,81954.6954,STOP,-0.0030000000000000027,-0.004400000000000003,-4.334406917643096,980.758074364878,1
2026-01-31 16:05:00+00:00,2026-01-31 16:10:00+00:00,2026-01-31 16:15:00+00:00,LONG,80753.1,80510.8407,80510.8407,81237.6186,STOP,-0.0030000000000001137,-0.004400000000000114,-4.3153355272055745,976.4427388376724,2
2026-01-31 16:20:00+00:00,2026-01-31 16:25:00+00:00,2026-01-31 16:25:00+00:00,SHORT,81763.1,81272.52140000001,82008.3893,81272.52140000001,TARGET,0.006036217303822866,0.004636217303822866,4.527000721991408,980.9697395596638,1
2026-01-31 16:45:00+00:00,2026-01-31 16:50:00+00:00,2026-01-31 16:50:00+00:00,LONG,80454.9,80213.53529999999,80213.53529999999,80937.62939999999,STOP,-0.0030000000000001137,-0.004400000000000114,-4.316266854062633,976.6534727056012,1
2026-01-31 16:55:00+00:00,2026-01-31 17:00:00+00:00,2026-01-31 17:05:00+00:00,LONG,80359.0,80117.923,80117.923,80841.154,STOP,-0.0030000000000001137,-0.004400000000000114,-4.297275279904756,972.3561974256965,2
2026-01-31 17:10:00+00:00,2026-01-31 17:15:00+00:00,2026-01-31 17:15:00+00:00,LONG,78848.9,79321.99339999999,78612.35329999999,79321.99339999999,TARGET,0.006000000000000005,0.004600000000000005,4.472838508158208,976.8290359338547,1
2026-01-31 18:35:00+00:00,2026-01-31 18:40:00+00:00,2026-01-31 18:40:00+00:00,LONG,77548.6,77315.95420000001,77315.95420000001,78013.8916,STOP,-0.0030000000000000027,-0.004400000000000003,-4.298047758108964,972.5309881757457,1
2026-01-31 18:45:00+00:00,2026-01-31 18:50:00+00:00,2026-01-31 18:50:00+00:00,LONG,78009.0,77774.973,77774.973,78477.054,STOP,-0.0030000000000000027,-0.004400000000000003,-4.279136347973284,968.2518518277725,1
2026-01-31 19:05:00+00:00,2026-01-31 19:10:00+00:00,2026-01-31 19:10:00+00:00,LONG,78353.0,78117.941,78117.941,78823.118,STOP,-0.0029999999999998916,-0.004399999999999892,-4.260308148042094,963.9915436797304,1
2026-01-31 21:40:00+00:00,2026-01-31 21:45:00+00:00,2026-01-31 22:00:00+00:00,SHORT,78170.1,78404.6103,78404.6103,77701.0794,STOP,-0.0029910269192422456,-0.004391026919242246,-4.232912818219583,959.7586308615108,4
2026-01-31 23:20:00+00:00,2026-01-31 23:25:00+00:00,2026-01-31 23:45:00+00:00,SHORT,79201.1,78725.8934,79438.7033,78725.8934,TARGET,0.006036217303823088,0.004636217303823088,4.449649571893692,964.2082804334045,5
2026-02-01 00:10:00+00:00,2026-02-01 00:15:00+00:00,2026-02-01 00:35:00+00:00,SHORT,79346.1,78870.0234,79584.13829999999,78870.0234,TARGET,0.006036217303822866,0.004636217303822866,4.470279114234641,968.6785595476391,5
2026-02-01 04:15:00+00:00,2026-02-01 04:20:00+00:00,2026-02-01 05:40:00+00:00,SHORT,79091.4,78616.8516,79328.67419999998,78616.8516,TARGET,0.006036217303822866,0.004636217303822866,4.491004299616973,973.1695638472561,17
2026-02-01 06:35:00+00:00,2026-02-01 06:40:00+00:00,2026-02-01 06:50:00+00:00,LONG,78516.0,78280.452,78280.452,78987.096,STOP,-0.0029999999999998916,-0.004399999999999892,-4.281946080927821,968.8876177663283,3
2026-02-01 07:00:00+00:00,2026-02-01 07:05:00+00:00,2026-02-01 07:40:00+00:00,LONG,78146.6,78615.4796,77912.1602,78615.4796,TARGET,0.006000000000000005,0.004600000000000005,4.456883041725115,973.3445008080533,8
2026-02-01 08:45:00+00:00,2026-02-01 08:50:00+00:00,2026-02-01 09:40:00+00:00,SHORT,78680.0,78916.04,78916.04,78207.92,STOP,-0.0029910269192422456,-0.004391026919242246,-4.273981904744568,969.0705189033088,11
2026-02-01 09:55:00+00:00,2026-02-01 10:00:00+00:00,2026-02-01 10:35:00+00:00,SHORT,79045.0,78570.73,79282.135,78570.73,TARGET,0.006036217303823088,0.004636217303823088,4.492821508364339,973.5633404116732,8
2026-02-01 12:35:00+00:00,2026-02-01 12:40:00+00:00,2026-02-01 13:55:00+00:00,LONG,78451.0,78215.647,78215.647,78921.706,STOP,-0.0030000000000000027,-0.004400000000000003,-4.283678697811364,969.2796617138617,16
2026-02-01 14:15:00+00:00,2026-02-01 14:20:00+00:00,2026-02-01 14:25:00+00:00,LONG,78094.0,77859.718,77859.718,78562.564,STOP,-0.0030000000000001137,-0.004400000000000114,-4.264830511541102,965.0148312023207,2
2026-02-01 14:30:00+00:00,2026-02-01 14:35:00+00:00,2026-02-01 14:35:00+00:00,LONG,77502.3,77269.79310000001,77269.79310000001,77967.3138,STOP,-0.0029999999999998916,-0.004399999999999892,-4.246065257290106,960.7687659450306,1
2026-02-01 14:40:00+00:00,2026-02-01 14:45:00+00:00,2026-02-01 14:50:00+00:00,LONG,77898.1,78365.48860000001,77664.4057,78365.48860000001,TARGET,0.006000000000000005,0.004600000000000005,4.419536323347145,965.1883022683778,2
2026-02-01 15:00:00+00:00,2026-02-01 15:05:00+00:00,2026-02-01 15:10:00+00:00,LONG,77944.6,77710.76620000001,77710.76620000001,78412.2676,STOP,-0.0029999999999998916,-0.004399999999999892,-4.246828529980758,960.941473738397,2
2026-02-01 15:15:00+00:00,2026-02-01 15:20:00+00:00,2026-02-01 15:25:00+00:00,LONG,77316.9,77084.9493,77084.9493,77780.8014,STOP,-0.0030000000000000027,-0.004400000000000003,-4.2281424844489495,956.713331253948,2
2026-02-01 18:00:00+00:00,2026-02-01 18:05:00+00:00,2026-02-01 18:05:00+00:00,SHORT,78018.1,78252.1543,78252.1543,77549.9914,STOP,-0.0029910269192421346,-0.004391026919242135,-4.200953991533903,952.5123772624141,1
2026-02-01 19:45:00+00:00,2026-02-01 19:50:00+00:00,2026-02-01 19:55:00+00:00,LONG,77282.1,77050.2537,77050.2537,77745.7926,STOP,-0.0030000000000001137,-0.004400000000000114,-4.191054459954731,948.3213228024593,2
2026-02-01 20:05:00+00:00,2026-02-01 20:10:00+00:00,2026-02-01 20:25:00+00:00,LONG,77174.9,76943.3753,76943.3753,77637.9494,STOP,-0.0029999999999998916,-0.004399999999999892,-4.172613820330718,944.1487089821286,4
2026-02-01 21:05:00+00:00,2026-02-01 21:10:00+00:00,2026-02-01 21:25:00+00:00,LONG,76470.8,76929.6248,76241.3876,76929.6248,TARGET,0.006000000000000005,0.004600000000000005,4.343084061317796,948.4917930434464,4
2026-02-01 21:45:00+00:00,2026-02-01 21:50:00+00:00,2026-02-01 21:50:00+00:00,LONG,76843.0,76612.471,76612.471,77304.058,STOP,-0.0029999999999998916,-0.004399999999999892,-4.173363889391061,944.3184291540553,1
2026-02-01 21:55:00+00:00,2026-02-01 22:00:00+00:00,2026-02-01 22:05:00+00:00,LONG,76534.4,76993.60639999999,76304.7968,76993.60639999999,TARGET,0.006000000000000005,0.004600000000000005,4.343864774108659,948.6622939281639,2
2026-02-01 22:10:00+00:00,2026-02-01 22:15:00+00:00,2026-02-01 22:20:00+00:00,SHORT,77500.2,77035.1988,77732.70059999998,77035.1988,TARGET,0.006036217303822866,0.004636217303822866,4.398204542594047,953.0604984707579,2
2026-02-01 23:05:00+00:00,2026-02-01 23:10:00+00:00,2026-02-01 23:10:00+00:00,LONG,76015.1,75787.05470000001,75787.05470000001,76471.1906,STOP,-0.0030000000000000027,-0.004400000000000003,-4.1934661932713375,948.8670322774866,1
2026-02-01 23:25:00+00:00,2026-02-01 23:30:00+00:00,2026-02-01 23:30:00+00:00,LONG,76806.1,77266.9366,76575.6817,77266.9366,TARGET,0.006000000000000005,0.004600000000000005,4.364788348476443,953.231820625963,1
2026-02-02 00:15:00+00:00,2026-02-02 00:20:00+00:00,2026-02-02 00:25:00+00:00,SHORT,77839.5,78073.01849999999,78073.01849999999,77372.463,STOP,-0.0029910269192421346,-0.004391026919242135,-4.1856665846467935,949.0461540413162,2
2026-02-02 01:15:00+00:00,2026-02-02 01:20:00+00:00,2026-02-02 01:25:00+00:00,LONG,77236.1,77699.5166,77004.39170000001,77699.5166,TARGET,0.006000000000000005,0.004600000000000005,4.365612308590059,953.4117663499062,2
2026-02-02 02:10:00+00:00,2026-02-02 02:15:00+00:00,2026-02-02 02:15:00+00:00,SHORT,77207.8,77439.4234,77439.4234,76744.55320000001,STOP,-0.0029910269192422456,-0.004391026919242246,-4.1864567311647365,949.2253096187414,1
2026-02-02 02:35:00+00:00,2026-02-02 02:40:00+00:00,2026-02-02 02:45:00+00:00,LONG,77060.0,76828.82,76828.82,77522.36,STOP,-0.0029999999999998916,-0.004399999999999892,-4.17659136232236,945.0487182564191,2
2026-02-02 02:50:00+00:00,2026-02-02 02:55:00+00:00,2026-02-02 02:55:00+00:00,LONG,76701.1,76470.9967,76470.9967,77161.30660000001,STOP,-0.0030000000000000027,-0.004400000000000003,-4.158214360328246,940.8905038960909,1
2026-02-02 03:05:00+00:00,2026-02-02 03:10:00+00:00,2026-02-02 03:10:00+00:00,LONG,76456.0,76226.632,76226.632,76914.736,STOP,-0.0030000000000000027,-0.004400000000000003,-4.139918217142802,936.750585678948,1
2026-02-02 03:15:00+00:00,2026-02-02 03:20:00+00:00,2026-02-02 03:20:00+00:00,LONG,75619.7,75392.8409,75392.8409,76073.4182,STOP,-0.0030000000000000027,-0.004400000000000003,-4.121702576987374,932.6288831019607,1
2026-02-02 03:25:00+00:00,2026-02-02 03:30:00+00:00,2026-02-02 03:30:00+00:00,LONG,75097.9,74872.6063,74872.6063,75548.4874,STOP,-0.0029999999999998916,-0.004399999999999892,-4.1035670856485265,928.5253160163122,1
2026-02-02 03:45:00+00:00,2026-02-02 03:50:00+00:00,2026-02-02 03:50:00+00:00,LONG,75922.0,75694.234,75694.234,76377.532,STOP,-0.0030000000000000027,-0.004400000000000003,-4.085511390471776,924.4398046258405,1
2026-02-02 05:15:00+00:00,2026-02-02 05:20:00+00:00,2026-02-02 05:25:00+00:00,LONG,75254.1,75028.3377,75028.3377,75705.62460000001,STOP,-0.0030000000000000027,-0.004400000000000003,-4.067535140353701,920.3722694854868,2
2026-02-02 06:40:00+00:00,2026-02-02 06:45:00+00:00,2026-02-02 07:05:00+00:00,SHORT,76503.6,76733.1108,76733.1108,76044.5784,STOP,-0.0029910269192421346,-0.004391026919242135,-4.0413794110347485,916.330890074452,5
2026-02-02 08:30:00+00:00,2026-02-02 08:35:00+00:00,2026-02-02 08:35:00+00:00,SHORT,76762.9,76993.18869999998,76993.18869999998,76302.3226,STOP,-0.0029910269192421346,-0.004391026919242135,-4.023633605250025,912.307256469202,1
2026-02-02 09:25:00+00:00,2026-02-02 09:30:00+00:00,2026-02-02 09:35:00+00:00,SHORT,77363.0,77595.08899999999,77595.08899999999,76898.822,STOP,-0.0029910269192421346,-0.004391026919242135,-4.005965721776204,908.3012907474258,2
2026-02-02 11:45:00+00:00,2026-02-02 11:50:00+00:00,2026-02-02 12:20:00+00:00,SHORT,77840.0,78073.51999999999,78073.51999999999,77372.96,STOP,-0.0029910269192421346,-0.004391026919242135,-3.9883754184543236,904.3129153289715,7
2026-02-02 12:25:00+00:00,2026-02-02 12:30:00+00:00,2026-02-02 13:55:00+00:00,SHORT,78174.1,78408.6223,78408.6223,77705.05540000001,STOP,-0.0029910269192422456,-0.004391026919242246,-3.9708623546279473,900.3420529743436,18
2026-02-02 14:10:00+00:00,2026-02-02 14:15:00+00:00,2026-02-02 14:30:00+00:00,LONG,77787.9,78254.6274,77554.53629999999,78254.6274,TARGET,0.006000000000000005,0.004600000000000005,4.141573443681985,904.4836264180256,4
2026-02-02 14:35:00+00:00,2026-02-02 14:40:00+00:00,2026-02-02 14:40:00+00:00,SHORT,78566.9,78802.60069999998,78802.60069999998,78095.49859999999,STOP,-0.0029910269192421346,-0.004391026919242135,-3.9716119516152966,900.5120144664103,1
2026-02-02 14:45:00+00:00,2026-02-02 14:50:00+00:00,2026-02-02 14:50:00+00:00,SHORT,78281.7,78516.54509999999,78516.54509999999,77812.0098,STOP,-0.0029910269192421346,-0.004391026919242135,-3.95417249662297,896.5578419697873,1
2026-02-02 14:55:00+00:00,2026-02-02 15:00:00+00:00,2026-02-02 15:00:00+00:00,LONG,77844.9,77611.36529999999,77611.36529999999,78311.9694,STOP,-0.0030000000000000027,-0.004400000000000003,-3.9448545046670667,892.6129874651202,1
2026-02-02 15:25:00+00:00,2026-02-02 15:30:00+00:00,2026-02-02 15:35:00+00:00,SHORT,78618.1,78853.9543,78853.9543,78146.39140000001,STOP,-0.0029910269192421346,-0.004391026919242135,-3.919487656424485,888.6934998086957,2
2026-02-02 15:40:00+00:00,2026-02-02 15:45:00+00:00,2026-02-02 16:15:00+00:00,SHORT,79019.9,79256.95969999999,79256.95969999999,78545.7806,STOP,-0.0029910269192422456,-0.004391026919242246,-3.9022770806155864,884.7912227280801,7
2026-02-02 17:40:00+00:00,2026-02-02 17:45:00+00:00,2026-02-02 18:15:00+00:00,LONG,78876.0,78639.372,78639.372,79349.256,STOP,-0.0030000000000000027,-0.004400000000000003,-3.8930813800035553,880.8981413480766,7
2026-02-02 18:30:00+00:00,2026-02-02 18:35:00+00:00,2026-02-02 18:40:00+00:00,LONG,78772.5,78536.1825,78536.1825,79245.135,STOP,-0.0030000000000001137,-0.004400000000000114,-3.875951821931637,877.022189526145,2
2026-02-02 20:00:00+00:00,2026-02-02 20:05:00+00:00,2026-02-02 20:45:00+00:00,LONG,78342.7,78107.6719,78107.6719,78812.7562,STOP,-0.0030000000000000027,-0.004400000000000003,-3.8588976339150403,873.16329189223,9
2026-02-02 20:55:00+00:00,2026-02-02 21:00:00+00:00,2026-02-02 21:30:00+00:00,LONG,78007.6,78475.6456,77773.5772,78475.6456,TARGET,0.006000000000000005,0.004600000000000005,4.016551142704262,877.1798430349343,7
2026-02-02 22:30:00+00:00,2026-02-02 22:35:00+00:00,2026-02-03 00:55:00+00:00,SHORT,78789.9,79026.26969999999,79026.26969999999,78317.16059999999,STOP,-0.0029910269192422456,-0.004391026919242246,-3.8517203037830843,873.3281227311512,29
2026-02-03 01:00:00+00:00,2026-02-03 01:05:00+00:00,2026-02-03 02:10:00+00:00,SHORT,79009.0,78534.946,79246.02699999999,78534.946,TARGET,0.006036217303823088,0.004636217303823088,4.048938954521497,877.3770616856727,14
2026-02-03 02:30:00+00:00,2026-02-03 02:35:00+00:00,2026-02-03 02:40:00+00:00,LONG,78640.1,78404.17970000001,78404.17970000001,79111.9406,STOP,-0.0030000000000000027,-0.004400000000000003,-3.8604590714169627,873.5166026142558,2
2026-02-03 02:45:00+00:00,2026-02-03 02:50:00+00:00,2026-02-03 02:55:00+00:00,LONG,78073.0,77838.781,77838.781,78541.438,STOP,-0.0030000000000000027,-0.004400000000000003,-3.843473051502728,869.673129562753,2
2026-02-03 03:00:00+00:00,2026-02-03 03:05:00+00:00,2026-02-03 03:25:00+00:00,LONG,77687.1,78153.22260000001,77454.0387,78153.22260000001,TARGET,0.006000000000000005,0.004600000000000005,4.000496395988669,873.6736259587417,5
2026-02-03 03:55:00+00:00,2026-02-03 04:00:00+00:00,2026-02-03 04:40:00+00:00,SHORT,78750.0,78986.24999999999,78986.24999999999,78277.5,STOP,-0.0029910269192421346,-0.004391026919242135,-3.8363244102167187,869.8373015485249,9
2026-02-03 05:55:00+00:00,2026-02-03 06:00:00+00:00,2026-02-03 06:05:00+00:00,LONG,78241.1,78006.37670000001,78006.37670000001,78710.5466,STOP,-0.0030000000000000027,-0.004400000000000003,-3.8272841268135123,866.0100174217114,2
2026-02-03 08:00:00+00:00,2026-02-03 08:05:00+00:00,2026-02-03 08:35:00+00:00,SHORT,78790.0,79026.37,79026.37,78317.26,STOP,-0.0029910269192422456,-0.004391026919242246,-3.8026732988321807,862.2073441228792,7
2026-02-03 09:10:00+00:00,2026-02-03 09:15:00+00:00,2026-02-03 09:30:00+00:00,LONG,78193.8,77959.21860000001,77959.21860000001,78662.96280000001,STOP,-0.0029999999999998916,-0.004399999999999892,-3.7937123141405755,858.4136318087387,4
2026-02-03 10:55:00+00:00,2026-02-03 11:00:00+00:00,2026-02-03 14:35:00+00:00,LONG,78115.1,77880.7547,77880.7547,78583.79060000001,STOP,-0.0030000000000000027,-0.004400000000000003,-3.7770199799584527,854.6366118287802,44
2026-02-03 14:40:00+00:00,2026-02-03 14:45:00+00:00,2026-02-03 14:50:00+00:00,LONG,77882.0,77648.354,77648.354,78349.292,STOP,-0.0029999999999998916,-0.004399999999999892,-3.7604010920465405,850.8762107367337,2
2026-02-03 14:55:00+00:00,2026-02-03 15:00:00+00:00,2026-02-03 15:05:00+00:00,LONG,77206.1,77669.33660000001,76974.4817,77669.33660000001,TARGET,0.006000000000000005,0.004600000000000005,3.9140305693889794,854.7902413061227,2
2026-02-03 15:10:00+00:00,2026-02-03 15:15:00+00:00,2026-02-03 15:20:00+00:00,LONG,77182.5,77645.595,76950.9525,77645.595,TARGET,0.006000000000000005,0.004600000000000005,3.9320351100081687,858.7222764161309,2
2026-02-03 15:25:00+00:00,2026-02-03 15:30:00+00:00,2026-02-03 15:30:00+00:00,LONG,77742.4,78208.8544,77509.1728,78208.8544,TARGET,0.006000000000000005,0.004600000000000005,3.9501224715142063,862.672398887645,1
2026-02-03 16:20:00+00:00,2026-02-03 16:25:00+00:00,2026-02-03 16:55:00+00:00,LONG,76743.8,76513.5686,76513.5686,77204.2628,STOP,-0.0030000000000000027,-0.004400000000000003,-3.7957585551056408,858.8766403325394,7
2026-02-03 17:10:00+00:00,2026-02-03 17:15:00+00:00,2026-02-03 17:40:00+00:00,LONG,75706.0,75478.882,75478.882,76160.236,STOP,-0.0030000000000000027,-0.004400000000000003,-3.779057217463176,855.0975831150762,6
2026-02-03 18:05:00+00:00,2026-02-03 18:10:00+00:00,2026-02-03 18:15:00+00:00,LONG,74871.2,74646.5864,74646.5864,75320.42719999999,STOP,-0.0030000000000000027,-0.004400000000000003,-3.7624293657063377,851.3351537493699,2
2026-02-03 18:20:00+00:00,2026-02-03 18:25:00+00:00,2026-02-03 18:25:00+00:00,LONG,74380.1,74156.9597,74156.9597,74826.3806,STOP,-0.0030000000000000027,-0.004400000000000003,-3.74587467649723,847.5892790728726,1
2026-02-03 18:30:00+00:00,2026-02-03 18:35:00+00:00,2026-02-03 18:35:00+00:00,LONG,74258.2,74035.4254,74035.4254,74703.74919999999,STOP,-0.0030000000000000027,-0.004400000000000003,-3.729392827920642,843.859886244952,1
2026-02-03 18:45:00+00:00,2026-02-03 18:50:00+00:00,2026-02-03 19:00:00+00:00,LONG,73291.1,73071.2267,73071.2267,73730.8466,STOP,-0.0030000000000001137,-0.004400000000000114,-3.7129834994778848,840.1469027454741,3
2026-02-03 20:30:00+00:00,2026-02-03 20:35:00+00:00,2026-02-03 20:35:00+00:00,SHORT,76252.0,76480.756,76480.756,75794.488,STOP,-0.0029910269192422456,-0.004391026919242246,-3.6891076660733737,836.4577950794007,1
2026-02-03 23:00:00+00:00,2026-02-03 23:05:00+00:00,2026-02-03 23:25:00+00:00,LONG,75501.1,75954.1066,75274.59670000001,75954.1066,TARGET,0.006000000000000005,0.004600000000000005,3.8477058573652476,840.305500936766,5
2026-02-03 23:45:00+00:00,2026-02-03 23:50:00+00:00,2026-02-04 00:20:00+00:00,SHORT,75659.8,75886.7794,75886.7794,75205.8412,STOP,-0.0029910269192422456,-0.004391026919242246,-3.6898040750006795,836.6156968617653,7
2026-02-04 01:35:00+00:00,2026-02-04 01:40:00+00:00,2026-02-04 02:25:00+00:00,SHORT,76659.0,76199.046,76888.977,76199.046,TARGET,0.006036217303822866,0.004636217303822866,3.8787321704403417,840.4944290322056,10
2026-02-04 03:10:00+00:00,2026-02-04 03:15:00+00:00,2026-02-04 03:35:00+00:00,SHORT,76641.1,76871.0233,76871.0233,76181.2534,STOP,-0.0029910269192422456,-0.004391026919242246,-3.690633663353556,836.8037953688521,5
2026-02-04 03:40:00+00:00,2026-02-04 03:45:00+00:00,2026-02-04 05:50:00+00:00,SHORT,76692.1,76231.9474,76922.17629999999,76231.9474,TARGET,0.006036217303822866,0.004636217303822866,3.8796042359937206,840.6833996048458,26
2026-02-04 07:05:00+00:00,2026-02-04 07:10:00+00:00,2026-02-04 08:25:00+00:00,LONG,76362.1,76133.01370000001,76133.01370000001,76820.27260000001,STOP,-0.0029999999999998916,-0.004399999999999892,-3.6990069582612306,836.9843926465846,16
2026-02-04 09:00:00+00:00,2026-02-04 09:05:00+00:00,2026-02-04 09:35:00+00:00,SHORT,76473.0,76014.162,76702.419,76014.162,TARGET,0.006036217303823088,0.004636217303823088,3.8804415242179533,840.8648341708026,7
2026-02-04 09:40:00+00:00,2026-02-04 09:45:00+00:00,2026-02-04 11:05:00+00:00,LONG,76097.7,75869.4069,75869.4069,76554.2862,STOP,-0.0029999999999998916,-0.004399999999999892,-3.699805270351441,837.1650289004511,17
2026-02-04 11:15:00+00:00,2026-02-04 11:20:00+00:00,2026-02-04 11:35:00+00:00,LONG,75743.1,76197.5586,75515.8707,76197.5586,TARGET,0.006000000000000005,0.004600000000000005,3.8509591329420796,841.0159880333932,4
2026-02-04 12:25:00+00:00,2026-02-04 12:30:00+00:00,2026-02-04 13:35:00+00:00,SHORT,76072.9,75616.4626,76301.11869999999,75616.4626,TARGET,0.006036217303822866,0.004636217303822866,3.899132876512102,844.9151209099053,14
2026-02-04 13:40:00+00:00,2026-02-04 13:45:00+00:00,2026-02-04 13:45:00+00:00,LONG,75357.1,75131.02870000001,75131.02870000001,75809.24260000001,STOP,-0.0029999999999998916,-0.004399999999999892,-3.717626532003492,841.1974943779019,1
2026-02-04 13:50:00+00:00,2026-02-04 13:55:00+00:00,2026-02-04 13:55:00+00:00,LONG,75192.4,74966.8228,74966.8228,75643.5544,STOP,-0.0030000000000000027,-0.004400000000000003,-3.7012689752627708,837.4962254026391,1
2026-02-04 14:20:00+00:00,2026-02-04 14:25:00+00:00,2026-02-04 14:30:00+00:00,LONG,75305.1,75079.18470000001,75079.18470000001,75756.9306,STOP,-0.0029999999999998916,-0.004399999999999892,-3.6849833917715213,833.8112420108675,2
2026-02-04 14:35:00+00:00,2026-02-04 14:40:00+00:00,2026-02-04 14:40:00+00:00,LONG,75342.0,75115.974,75115.974,75794.052,STOP,-0.0030000000000000027,-0.004400000000000003,-3.6687694648478195,830.1424725460197,1
2026-02-04 14:50:00+00:00,2026-02-04 14:55:00+00:00,2026-02-04 14:55:00+00:00,LONG,74927.1,74702.3187,74702.3187,75376.66260000001,STOP,-0.0030000000000000027,-0.004400000000000003,-3.652626879202489,826.4898456668172,1
2026-02-04 15:00:00+00:00,2026-02-04 15:05:00+00:00,2026-02-04 15:05:00+00:00,LONG,74497.9,74274.40629999999,74274.40629999999,74944.88739999999,STOP,-0.0030000000000001137,-0.004400000000000114,-3.63655532093409,822.8532903458831,1
2026-02-04 17:10:00+00:00,2026-02-04 17:15:00+00:00,2026-02-04 17:15:00+00:00,LONG,73611.0,73390.167,73390.167,74052.666,STOP,-0.0030000000000000027,-0.004400000000000003,-3.620554477521888,819.2327358683613,1
2026-02-04 17:25:00+00:00,2026-02-04 17:30:00+00:00,2026-02-04 17:30:00+00:00,LONG,72490.4,72925.3424,72272.9288,72925.3424,TARGET,0.006000000000000005,0.004600000000000005,3.768470584994466,823.0012064533557,1
2026-02-04 17:40:00+00:00,2026-02-04 17:45:00+00:00,2026-02-04 17:45:00+00:00,LONG,72780.6,72562.25820000001,72562.25820000001,73217.28360000001,STOP,-0.0029999999999998916,-0.004399999999999892,-3.6212053083946762,819.380001144961,1
2026-02-04 18:55:00+00:00,2026-02-04 19:00:00+00:00,2026-02-04 19:00:00+00:00,SHORT,73432.0,73652.29599999999,73652.29599999999,72991.408,STOP,-0.0029910269192421346,-0.004391026919242135,-3.5979196421161754,815.7820815028449,1
2026-02-04 19:55:00+00:00,2026-02-04 20:00:00+00:00,2026-02-04 20:00:00+00:00,SHORT,73926.0,74147.77799999999,74147.77799999999,73482.444,STOP,-0.0029910269192421346,-0.004391026919242135,-3.5821210801143732,812.1999604227306,1
2026-02-04 21:40:00+00:00,2026-02-04 21:45:00+00:00,2026-02-04 21:45:00+00:00,LONG,72640.0,72422.08,72422.08,73075.84,STOP,-0.0030000000000000027,-0.004400000000000003,-3.5736798258600166,808.6262805968705,1
2026-02-04 21:50:00+00:00,2026-02-04 21:55:00+00:00,2026-02-04 21:55:00+00:00,LONG,72420.1,72854.62060000001,72202.83970000001,72854.62060000001,TARGET,0.006000000000000005,0.004600000000000005,3.7196808907456087,812.3459614876161,1
2026-02-04 22:05:00+00:00,2026-02-04 22:10:00+00:00,2026-02-04 22:15:00+00:00,LONG,72181.0,72614.086,71964.457,72614.086,TARGET,0.006000000000000005,0.004600000000000005,3.7367914228430386,816.0827529104591,2
2026-02-04 23:15:00+00:00,2026-02-04 23:20:00+00:00,2026-02-04 23:25:00+00:00,SHORT,73041.4,73260.52419999999,73260.52419999999,72603.1516,STOP,-0.0029910269192421346,-0.004391026919242135,-3.5834413363590536,812.4993115741,2
2026-02-05 01:15:00+00:00,2026-02-05 01:20:00+00:00,2026-02-05 01:20:00+00:00,LONG,72493.0,72275.521,72275.521,72927.958,STOP,-0.0030000000000001137,-0.004400000000000114,-3.574996970926133,808.9243146031739,1
2026-02-05 01:25:00+00:00,2026-02-05 01:30:00+00:00,2026-02-05 01:40:00+00:00,LONG,72967.8,72748.89660000001,72748.89660000001,73405.60680000001,STOP,-0.0029999999999998916,-0.004399999999999892,-3.5592669842538776,805.36504761892,3
2026-02-05 02:00:00+00:00,2026-02-05 02:05:00+00:00,2026-02-05 02:15:00+00:00,LONG,72200.1,71983.4997,71983.4997,72633.3006,STOP,-0.0030000000000001137,-0.004400000000000114,-3.5436062095233396,801.8214414093967,3
2026-02-05 02:45:00+00:00,2026-02-05 02:50:00+00:00,2026-02-05 02:55:00+00:00,LONG,71909.9,71694.1703,71694.1703,72341.3594,STOP,-0.0030000000000000027,-0.004400000000000003,-3.528014342201348,798.2934270671954,2
2026-02-05 03:00:00+00:00,2026-02-05 03:05:00+00:00,2026-02-05 03:05:00+00:00,LONG,71586.1,71371.3417,71371.3417,72015.61660000001,STOP,-0.0030000000000000027,-0.004400000000000003,-3.512491079095662,794.7809359880997,1
2026-02-05 04:05:00+00:00,2026-02-05 04:10:00+00:00,2026-02-05 04:10:00+00:00,LONG,71150.0,70936.55,70936.55,71576.9,STOP,-0.0030000000000000027,-0.004400000000000003,-3.497036118347641,791.2838998697521,1
2026-02-05 05:00:00+00:00,2026-02-05 05:05:00+00:00,2026-02-05 05:05:00+00:00,LONG,70947.5,70734.6575,70734.6575,71373.185,STOP,-0.0030000000000000027,-0.004400000000000003,-3.481649159426911,787.8022507103252,1
2026-02-05 05:20:00+00:00,2026-02-05 05:25:00+00:00,2026-02-05 05:35:00+00:00,LONG,70304.2,70726.0252,70093.2874,70726.0252,TARGET,0.006000000000000005,0.004600000000000005,3.6238903532675,791.4261410635927,3
2026-02-05 07:00:00+00:00,2026-02-05 07:05:00+00:00,2026-02-05 07:05:00+00:00,SHORT,71533.8,71104.5972,71748.40139999999,71104.5972,TARGET,0.006036217303822866,0.004636217303822866,3.669223569896785,795.0953646334895,1
2026-02-05 07:20:00+00:00,2026-02-05 07:25:00+00:00,2026-02-05 07:25:00+00:00,SHORT,71367.9,71582.00369999999,71582.00369999999,70939.6926,STOP,-0.0029910269192421346,-0.004391026919242135,-3.491285149470293,791.6040794840192,1
2026-02-05 07:40:00+00:00,2026-02-05 07:45:00+00:00,2026-02-05 07:55:00+00:00,SHORT,71159.7,70732.7418,71373.1791,70732.7418,TARGET,0.006036217303822866,0.004636217303822866,3.670048531080581,795.2741280150998,3
2026-02-05 09:05:00+00:00,2026-02-05 09:10:00+00:00,2026-02-05 09:15:00+00:00,SHORT,71729.4,71944.58819999998,71944.58819999998,71299.0236,STOP,-0.0029910269192421346,-0.004391026919242135,-3.492070104291119,791.7820579108087,2
2026-02-05 10:50:00+00:00,2026-02-05 10:55:00+00:00,2026-02-05 11:20:00+00:00,LONG,70778.0,70565.666,70565.666,71202.668,STOP,-0.0030000000000000027,-0.004400000000000003,-3.4838410548075607,788.2982168560011,6
2026-02-05 11:25:00+00:00,2026-02-05 11:30:00+00:00,2026-02-05 11:35:00+00:00,LONG,70079.0,70499.474,69868.763,70499.474,TARGET,0.006000000000000005,0.004600000000000005,3.626171797537609,791.9243886535387,2
2026-02-05 12:15:00+00:00,2026-02-05 12:20:00+00:00,2026-02-05 12:20:00+00:00,LONG,69466.1,69257.7017,69257.7017,69882.89660000001,STOP,-0.0030000000000000027,-0.004400000000000003,-3.4844673100755728,788.4399213434631,1
2026-02-05 14:00:00+00:00,2026-02-05 14:05:00+00:00,2026-02-05 14:15:00+00:00,SHORT,70119.0,69698.286,70329.35699999999,69698.286,TARGET,0.006036217303823088,0.004636217303823088,3.655378806357478,792.0953001498206,3
2026-02-05 14:30:00+00:00,2026-02-05 14:35:00+00:00,2026-02-05 14:35:00+00:00,SHORT,70405.8,70617.0174,70617.0174,69983.3652,STOP,-0.0029910269192421346,-0.004391026919242135,-3.4781117855630406,788.6171883642576,1
2026-02-05 14:55:00+00:00,2026-02-05 15:00:00+00:00,2026-02-05 15:00:00+00:00,LONG,69400.1,69191.89970000001,69191.89970000001,69816.5006,STOP,-0.0030000000000000027,-0.004400000000000003,-3.4699156288027355,785.1472727354549,1
2026-02-05 15:05:00+00:00,2026-02-05 15:10:00+00:00,2026-02-05 15:10:00+00:00,LONG,68639.9,68433.9803,68433.9803,69051.73939999999,STOP,-0.0030000000000000027,-0.004400000000000003,-3.454648000036004,781.6926247354188,1
2026-02-05 15:20:00+00:00,2026-02-05 15:25:00+00:00,2026-02-05 15:25:00+00:00,LONG,67594.0,67391.218,67391.218,67999.564,STOP,-0.0030000000000001137,-0.004400000000000114,-3.4394475488359317,778.2531771865829,1
2026-02-05 15:30:00+00:00,2026-02-05 15:35:00+00:00,2026-02-05 15:35:00+00:00,LONG,66964.3,67366.0858,66763.4071,67366.0858,TARGET,0.006000000000000005,0.004600000000000005,3.579964615058285,781.8331418016412,1
2026-02-05 17:20:00+00:00,2026-02-05 17:25:00+00:00,2026-02-05 17:25:00+00:00,LONG,67589.9,67387.13029999999,67387.13029999999,67995.43939999999,STOP,-0.0030000000000001137,-0.004400000000000114,-3.4400658239273105,778.3930759777139,1
2026-02-05 17:30:00+00:00,2026-02-05 17:35:00+00:00,2026-02-05 17:40:00+00:00,LONG,66777.9,67178.5674,66577.56629999999,67178.5674,TARGET,0.006000000000000005,0.004600000000000005,3.580608149497488,781.9736841272114,2
2026-02-05 17:55:00+00:00,2026-02-05 18:00:00+00:00,2026-02-05 18:15:00+00:00,LONG,66186.0,65987.442,65987.442,66583.116,STOP,-0.0030000000000001137,-0.004400000000000114,-3.4406842101598194,778.5329999170516,4
2026-02-05 18:20:00+00:00,2026-02-05 18:25:00+00:00,2026-02-05 18:25:00+00:00,LONG,66048.0,65849.856,65849.856,66444.288,STOP,-0.0030000000000000027,-0.004400000000000003,-3.4255451996350295,775.1074547174165,1
2026-02-05 19:50:00+00:00,2026-02-05 19:55:00+00:00,2026-02-05 20:05:00+00:00,LONG,65313.7,65117.75889999999,65117.75889999999,65705.5822,STOP,-0.0030000000000000027,-0.004400000000000003,-3.410472800756635,771.6969819166599,3
2026-02-05 20:15:00+00:00,2026-02-05 20:20:00+00:00,2026-02-05 20:20:00+00:00,LONG,64252.1,64059.3437,64059.3437,64637.6126,STOP,-0.0030000000000000027,-0.004400000000000003,-3.3954667204333058,768.3015151962265,1
2026-02-05 20:25:00+00:00,2026-02-05 20:30:00+00:00,2026-02-05 20:30:00+00:00,LONG,63850.1,63658.549699999996,63658.549699999996,64233.2006,STOP,-0.0030000000000000027,-0.004400000000000003,-3.380526666863399,764.9209885293632,1
2026-02-05 20:35:00+00:00,2026-02-05 20:40:00+00:00,2026-02-05 20:40:00+00:00,LONG,63674.6,64056.6476,63483.576199999996,64056.6476,TARGET,0.006000000000000005,0.004600000000000005,3.5186365472350745,768.4396250765982,1
2026-02-05 20:50:00+00:00,2026-02-05 20:55:00+00:00,2026-02-05 20:55:00+00:00,LONG,62551.6,62363.9452,62363.9452,62926.9096,STOP,-0.0029999999999998916,-0.004399999999999892,-3.381134350336949,765.0584907262612,1
2026-02-05 21:00:00+00:00,2026-02-05 21:05:00+00:00,2026-02-05 21:05:00+00:00,LONG,64409.7,64216.4709,64216.4709,64796.1582,STOP,-0.0030000000000000027,-0.004400000000000003,-3.3662573591955516,761.6922333670657,1
2026-02-05 22:05:00+00:00,2026-02-05 22:10:00+00:00,2026-02-05 22:10:00+00:00,LONG,63607.7,63416.876899999996,63416.876899999996,63989.3462,STOP,-0.0030000000000000027,-0.004400000000000003,-3.351445826815091,758.3407875402506,1
2026-02-05 23:45:00+00:00,2026-02-05 23:50:00+00:00,2026-02-05 23:50:00+00:00,LONG,63385.9,63195.7423,63195.7423,63766.2154,STOP,-0.0030000000000000027,-0.004400000000000003,-3.336699465177105,755.0040880750735,1
2026-02-06 00:00:00+00:00,2026-02-06 00:05:00+00:00,2026-02-06 00:05:00+00:00,LONG,62300.0,62113.1,62113.1,62673.8,STOP,-0.0030000000000000027,-0.004400000000000003,-3.3220179875303253,751.6820700875431,1
2026-02-06 00:10:00+00:00,2026-02-06 00:15:00+00:00,2026-02-06 00:15:00+00:00,LONG,60248.6,60067.8542,60067.8542,60610.0916,STOP,-0.0030000000000000027,-0.004400000000000003,-3.307401108385192,748.374668979158,1
2026-02-06 03:45:00+00:00,2026-02-06 03:50:00+00:00,2026-02-06 03:50:00+00:00,LONG,64216.8,64024.149600000004,64024.149600000004,64602.1008,STOP,-0.0030000000000000027,-0.004400000000000003,-3.2928485435082973,745.0818204356497,1
2026-02-06 05:00:00+00:00,2026-02-06 05:05:00+00:00,2026-02-06 05:05:00+00:00,SHORT,65248.2,65443.94459999999,65443.94459999999,64856.71079999999,STOP,-0.0029910269192421346,-0.004391026919242135,-3.2716743305708724,741.8101461050788,1
2026-02-06 05:50:00+00:00,2026-02-06 05:55:00+00:00,2026-02-06 05:55:00+00:00,SHORT,66818.6,66417.6884,67019.0558,66417.6884,TARGET,0.006036217303823088,0.004636217303823088,3.4391930355238998,745.2493391406027,1
2026-02-06 06:45:00+00:00,2026-02-06 06:50:00+00:00,2026-02-06 07:00:00+00:00,LONG,64943.6,64748.769199999995,64748.769199999995,65333.2616,STOP,-0.0030000000000000027,-0.004400000000000003,-3.279097092218654,741.9702420483841,3
2026-02-06 07:45:00+00:00,2026-02-06 07:50:00+00:00,2026-02-06 08:00:00+00:00,LONG,64753.0,64558.741,64558.741,65141.518000000004,STOP,-0.0030000000000000027,-0.004400000000000003,-3.264669065012892,738.7055729833712,3
2026-02-06 09:30:00+00:00,2026-02-06 09:35:00+00:00,2026-02-06 09:50:00+00:00,SHORT,65958.5,66156.3755,66156.3755,65562.749,STOP,-0.0029910269192422456,-0.004391026919242246,-3.2436760563642504,735.4618969270069,4
2026-02-06 11:30:00+00:00,2026-02-06 11:35:00+00:00,2026-02-06 11:35:00+00:00,SHORT,66204.4,66403.01319999999,66403.01319999999,65807.1736,STOP,-0.0029910269192421346,-0.004391026919242135,-3.2294329874833716,732.2324639395235,1
2026-02-06 11:40:00+00:00,2026-02-06 11:45:00+00:00,2026-02-06 11:50:00+00:00,SHORT,66315.2,66514.14559999999,66514.14559999999,65917.3088,STOP,-0.0029910269192421346,-0.004391026919242135,-3.2152524603014436,729.017211479222,2
2026-02-06 11:55:00+00:00,2026-02-06 12:00:00+00:00,2026-02-06 12:15:00+00:00,SHORT,66623.2,66223.4608,66823.06959999999,66223.4608,TARGET,0.006036217303822866,0.004636217303822866,3.379882210644663,732.3970936898667,4
2026-02-06 13:00:00+00:00,2026-02-06 13:05:00+00:00,2026-02-06 13:10:00+00:00,SHORT,66864.2,67064.79259999999,67064.79259999999,66463.01479999999,STOP,-0.0029910269192421346,-0.004391026919242135,-3.2159753539669085,729.1811183358998,2
2026-02-06 13:15:00+00:00,2026-02-06 13:20:00+00:00,2026-02-06 13:20:00+00:00,SHORT,67241.3,67443.0239,67443.0239,66837.85220000001,STOP,-0.0029910269192422456,-0.004391026919242246,-3.2018539196161013,725.9792644162836,1
2026-02-06 14:20:00+00:00,2026-02-06 14:25:00+00:00,2026-02-06 14:25:00+00:00,LONG,66673.6,67073.6416,66473.57920000001,67073.6416,TARGET,0.006000000000000005,0.004600000000000005,3.3395046163149082,729.3187690325985,1
2026-02-06 14:30:00+00:00,2026-02-06 14:35:00+00:00,2026-02-06 14:35:00+00:00,SHORT,67841.7,68045.2251,68045.2251,67434.6498,STOP,-0.0029910269192422456,-0.004391026919242246,-3.202458347530758,726.1163106850678,1
2026-02-06 14:45:00+00:00,2026-02-06 14:50:00+00:00,2026-02-06 14:50:00+00:00,SHORT,68241.5,68446.2245,68446.2245,67832.051,STOP,-0.0029910269192422456,-0.004391026919242246,-3.1883962667189985,722.9279144183488,1
2026-02-06 17:25:00+00:00,2026-02-06 17:30:00+00:00,2026-02-06 17:30:00+00:00,SHORT,70918.3,71131.05489999999,71131.05489999999,70492.7902,STOP,-0.0029910269192420236,-0.004391026919242024,-3.1743959328824634,719.7535184854663,1
2026-02-06 18:05:00+00:00,2026-02-06 18:10:00+00:00,2026-02-06 18:20:00+00:00,LONG,69701.0,69491.897,69491.897,70119.206,STOP,-0.0030000000000000027,-0.004400000000000003,-3.166915481336054,716.5866030041302,3
2026-02-06 19:55:00+00:00,2026-02-06 20:00:00+00:00,2026-02-06 20:15:00+00:00,SHORT,70730.1,70305.7194,70942.2903,70305.7194,TARGET,0.006036217303823088,0.004636217303823088,3.3222512085355542,719.9088542126658,4
2026-02-06 20:30:00+00:00,2026-02-06 20:35:00+00:00,2026-02-06 20:35:00+00:00,SHORT,70778.6,70990.93579999999,70990.93579999999,70353.9284,STOP,-0.0029910269192420236,-0.004391026919242024,-3.1611391582484973,716.7477150544173,1
2026-02-06 20:55:00+00:00,2026-02-06 21:00:00+00:00,2026-02-06 21:25:00+00:00,LONG,70000.7,70420.7042,69790.6979,70420.7042,TARGET,0.006000000000000005,0.004600000000000005,3.297039489250323,720.0447545436676,6
2026-02-06 22:35:00+00:00,2026-02-06 22:40:00+00:00,2026-02-06 22:50:00+00:00,SHORT,71246.4,71460.13919999999,71460.13919999999,70818.92159999999,STOP,-0.0029910269192422456,-0.004391026919242246,-3.16173590026042,716.8830186434072,3
2026-02-06 23:00:00+00:00,2026-02-06 23:05:00+00:00,2026-02-06 23:10:00+00:00,SHORT,71645.6,71215.7264,71860.5368,71215.7264,TARGET,0.006036217303823088,0.004636217303823088,3.323625455851494,720.2066440992587,2
2026-02-07 00:00:00+00:00,2026-02-07 00:05:00+00:00,2026-02-07 00:05:00+00:00,LONG,70247.7,70036.95689999999,70036.95689999999,70669.1862,STOP,-0.0030000000000001137,-0.004400000000000114,-3.1689092340368203,717.0377348652219,1
2026-02-07 00:30:00+00:00,2026-02-07 00:35:00+00:00,2026-02-07 00:35:00+00:00,LONG,70002.4,69792.39279999999,69792.39279999999,70422.4144,STOP,-0.0030000000000001137,-0.004400000000000114,-3.154966033407058,713.8827688318148,1
2026-02-07 03:00:00+00:00,2026-02-07 03:05:00+00:00,2026-02-07 03:15:00+00:00,LONG,70412.4,70834.8744,70201.16279999999,70834.8744,TARGET,0.006000000000000005,0.004600000000000005,3.2838607366263517,717.1666295684412,3
2026-02-07 03:25:00+00:00,2026-02-07 03:30:00+00:00,2026-02-07 04:00:00+00:00,SHORT,70851.0,71063.55299999999,71063.55299999999,70425.894,STOP,-0.0029910269192420236,-0.004391026919242024,-3.149097976017098,714.0175315924241,7
2026-02-07 04:10:00+00:00,2026-02-07 04:15:00+00:00,2026-02-07 04:20:00+00:00,SHORT,71218.9,71432.55669999999,71432.55669999999,70791.5866,STOP,-0.0029910269192421346,-0.004391026919242135,-3.1352702020331558,710.8822613903909,2
2026-02-07 04:25:00+00:00,2026-02-07 04:30:00+00:00,2026-02-07 04:40:00+00:00,SHORT,71152.9,70725.98259999999,71366.35869999998,70725.98259999999,TARGET,0.006036217303823088,0.004636217303823088,3.295804641239018,714.1780660316299,3
2026-02-07 05:25:00+00:00,2026-02-07 05:30:00+00:00,2026-02-07 05:50:00+00:00,LONG,70267.8,70056.9966,70056.9966,70689.4068,STOP,-0.0030000000000001137,-0.004400000000000114,-3.142383490539253,711.0356825410906,5
2026-02-07 06:40:00+00:00,2026-02-07 06:45:00+00:00,2026-02-07 06:45:00+00:00,LONG,70073.0,69862.781,69862.781,70493.438,STOP,-0.0030000000000000027,-0.004400000000000003,-3.1285570031808008,707.9071255379098,1
2026-02-07 06:50:00+00:00,2026-02-07 06:55:00+00:00,2026-02-07 06:55:00+00:00,LONG,69377.8,69169.6666,69169.6666,69794.0668,STOP,-0.0030000000000001137,-0.004400000000000114,-3.1147913523668835,704.7923341855429,1
2026-02-07 07:00:00+00:00,2026-02-07 07:05:00+00:00,2026-02-07 07:05:00+00:00,LONG,68780.0,68573.66,68573.66,69192.68000000001,STOP,-0.0030000000000000027,-0.004400000000000003,-3.101086270416391,701.6912479151265,1
2026-02-07 07:10:00+00:00,2026-02-07 07:15:00+00:00,2026-02-07 07:15:00+00:00,LONG,67966.4,67762.5008,67762.5008,68374.1984,STOP,-0.0030000000000000027,-0.004400000000000003,-3.0874414908265586,698.6038064242999,1
2026-02-07 07:40:00+00:00,2026-02-07 07:45:00+00:00,2026-02-07 07:45:00+00:00,LONG,68493.0,68287.521,68287.521,68903.958,STOP,-0.0030000000000001137,-0.004400000000000114,-3.073856748266999,695.529949676033,1
2026-02-07 10:00:00+00:00,2026-02-07 10:05:00+00:00,2026-02-07 10:10:00+00:00,LONG,68168.0,67963.496,67963.496,68577.008,STOP,-0.0030000000000000027,-0.004400000000000003,-3.060331778574547,692.4696178974584,2
2026-02-07 10:55:00+00:00,2026-02-07 11:00:00+00:00,2026-02-07 11:45:00+00:00,LONG,67999.7,67795.7009,67795.7009,68407.6982,STOP,-0.0030000000000000027,-0.004400000000000003,-3.046866318748819,689.4227515787096,10
2026-02-07 12:00:00+00:00,2026-02-07 12:05:00+00:00,2026-02-07 12:05:00+00:00,SHORT,68416.0,68621.24799999999,68621.24799999999,68005.504,STOP,-0.0029910269192421346,-0.004391026919242135,-3.027273860920097,686.3954777177895,1
2026-02-07 12:15:00+00:00,2026-02-07 12:20:00+00:00,2026-02-07 12:20:00+00:00,SHORT,69864.5,69445.313,70074.09349999999,69445.313,TARGET,0.006036217303823088,0.004636217303823088,3.1822785910611304,689.5777563088507,1
2026-02-07 12:30:00+00:00,2026-02-07 12:35:00+00:00,2026-02-07 12:40:00+00:00,SHORT,69597.9,69180.31259999999,69806.69369999999,69180.31259999999,TARGET,0.006036217303823088,0.004636217303823088,3.197032326130594,692.7747886349813,2
2026-02-07 14:20:00+00:00,2026-02-07 14:25:00+00:00,2026-02-07 14:35:00+00:00,LONG,69053.2,68846.0404,68846.0404,69467.5192,STOP,-0.0030000000000000027,-0.004400000000000003,-3.0482090699939195,689.7265795649873,3
2026-02-07 14:45:00+00:00,2026-02-07 14:50:00+00:00,2026-02-07 15:00:00+00:00,LONG,68460.0,68870.76,68254.62,68870.76,TARGET,0.006000000000000005,0.004600000000000005,3.172742265998945,692.8993218309863,3
2026-02-07 15:20:00+00:00,2026-02-07 15:25:00+00:00,2026-02-07 15:30:00+00:00,SHORT,69345.2,69553.23559999999,69553.23559999999,68929.12879999999,STOP,-0.0029910269192421346,-0.004391026919242135,-3.04253957448448,689.8567822565018,2
2026-02-07 15:50:00+00:00,2026-02-07 15:55:00+00:00,2026-02-07 16:00:00+00:00,SHORT,69091.3,69298.57389999999,69298.57389999999,68676.7522,STOP,-0.0029910269192420236,-0.004391026919242024,-3.0291797013099826,686.8276025551918,2
2026-02-07 16:05:00+00:00,2026-02-07 16:10:00+00:00,2026-02-07 16:15:00+00:00,SHORT,69502.7,69711.20809999999,69711.20809999999,69085.6838,STOP,-0.0029910269192421346,-0.004391026919242135,-3.0158784916983854,683.8117240634934,2
2026-02-07 19:00:00+00:00,2026-02-07 19:05:00+00:00,2026-02-07 20:50:00+00:00,SHORT,69487.2,69695.66159999999,69695.66159999999,69070.27679999999,STOP,-0.0029910269192422456,-0.004391026919242246,-3.0026356880562504,680.8090883754372,22
2026-02-07 23:00:00+00:00,2026-02-07 23:05:00+00:00,2026-02-07 23:05:00+00:00,LONG,69166.1,68958.6017,68958.6017,69581.0966,STOP,-0.0030000000000001137,-0.004400000000000114,-2.9955599888520013,677.8135283865852,1
2026-02-07 23:10:00+00:00,2026-02-07 23:15:00+00:00,2026-02-07 23:20:00+00:00,LONG,69068.1,68860.89570000001,68860.89570000001,69482.5086,STOP,-0.0030000000000000027,-0.004400000000000003,-2.982379524900977,674.8311488616843,2
2026-02-08 00:55:00+00:00,2026-02-08 01:00:00+00:00,2026-02-08 02:20:00+00:00,LONG,69134.1,69548.90460000001,68926.6977,69548.90460000001,TARGET,0.006000000000000005,0.004600000000000005,3.104223284763751,677.935372146448,17
2026-02-08 05:10:00+00:00,2026-02-08 05:15:00+00:00,2026-02-08 07:30:00+00:00,SHORT,69386.2,69594.35859999999,69594.35859999999,68969.88279999999,STOP,-0.0029910269192422456,-0.004391026919242246,-2.976832468601563,674.9585396778465,28
2026-02-08 07:55:00+00:00,2026-02-08 08:00:00+00:00,2026-02-08 08:20:00+00:00,SHORT,69701.9,69911.00569999998,69911.00569999998,69283.6886,STOP,-0.0029910269192420236,-0.004391026919242024,-2.9637611170977096,671.9947785607487,5
2026-02-08 08:25:00+00:00,2026-02-08 08:30:00+00:00,2026-02-08 08:30:00+00:00,SHORT,70200.2,70410.80059999999,70410.80059999999,69778.9988,STOP,-0.0029910269192421346,-0.004391026919242135,-2.950747162250405,669.0440313984983,1
2026-02-08 08:35:00+00:00,2026-02-08 08:40:00+00:00,2026-02-08 08:55:00+00:00,SHORT,70457.9,70669.27369999999,70669.27369999999,70035.15259999999,STOP,-0.0029910269192422456,-0.004391026919242246,-2.9377903520291606,666.1062410464691,4
2026-02-08 10:20:00+00:00,2026-02-08 10:25:00+00:00,2026-02-08 10:50:00+00:00,LONG,69988.9,70408.83339999999,69778.93329999999,70408.83339999999,TARGET,0.006000000000000005,0.004600000000000005,3.0640887088137614,669.1703297552829,6
2026-02-08 11:15:00+00:00,2026-02-08 11:20:00+00:00,2026-02-08 11:30:00+00:00,SHORT,70670.5,70882.5115,70882.5115,70246.477,STOP,-0.0029910269192421346,-0.004391026919242135,-2.938344931513583,666.2319848237693,3
2026-02-08 11:35:00+00:00,2026-02-08 11:40:00+00:00,2026-02-08 11:50:00+00:00,SHORT,70880.9,71093.54269999999,71093.54269999999,70455.6146,STOP,-0.0029910269192422456,-0.004391026919242246,-2.9254425798213624,663.3065422439479,3
2026-02-08 14:10:00+00:00,2026-02-08 14:15:00+00:00,2026-02-08 15:25:00+00:00,SHORT,71375.9,70947.6446,71590.02769999999,70947.6446,TARGET,0.006036217303822866,0.004636217303822866,3.075233268890304,666.3817755128382,15
2026-02-08 15:30:00+00:00,2026-02-08 15:35:00+00:00,2026-02-08 15:50:00+00:00,LONG,71162.8,70949.3116,70949.3116,71589.7768,STOP,-0.0030000000000000027,-0.004400000000000003,-2.93207981225649,663.4496957005817,4
2026-02-08 16:45:00+00:00,2026-02-08 16:50:00+00:00,2026-02-08 17:15:00+00:00,LONG,70408.1,70830.54860000001,70196.8757,70830.54860000001,TARGET,0.006000000000000005,0.004600000000000005,3.0518686002226794,666.5015643008044,6
2026-02-08 18:30:00+00:00,2026-02-08 18:35:00+00:00,2026-02-08 19:50:00+00:00,SHORT,71242.9,71456.62869999999,71456.62869999999,70815.4426,STOP,-0.0029910269192421346,-0.004391026919242135,-2.9266263105618244,663.5749379902426,16
2026-02-08 20:00:00+00:00,2026-02-08 20:05:00+00:00,2026-02-08 20:50:00+00:00,LONG,71059.0,70845.823,70845.823,71485.354,STOP,-0.0029999999999998916,-0.004399999999999892,-2.9197297271569957,660.6552082630856,10
2026-02-08 21:00:00+00:00,2026-02-08 21:05:00+00:00,2026-02-08 21:35:00+00:00,LONG,70891.9,70679.22429999999,70679.22429999999,71317.2514,STOP,-0.0030000000000001137,-0.004400000000000114,-2.906882916357652,657.7483253467279,7
2026-02-08 22:55:00+00:00,2026-02-08 23:00:00+00:00,2026-02-08 23:00:00+00:00,SHORT,71062.4,71275.58719999998,71275.58719999998,70636.0256,STOP,-0.0029910269192420236,-0.004391026919242024,-2.888190602683843,654.8601347440441,1
2026-02-08 23:05:00+00:00,2026-02-08 23:10:00+00:00,2026-02-08 23:10:00+00:00,SHORT,71928.9,71497.3266,72144.68669999999,71497.3266,TARGET,0.006036217303822866,0.004636217303822866,3.0360738882841107,657.8962086323282,1
2026-02-08 23:15:00+00:00,2026-02-08 23:20:00+00:00,2026-02-08 23:20:00+00:00,SHORT,71245.9,70818.4246,71459.63769999999,70818.4246,TARGET,0.006036217303822866,0.004636217303822866,3.0501497865806586,660.9463584189089,1
2026-02-08 23:30:00+00:00,2026-02-08 23:35:00+00:00,2026-02-08 23:45:00+00:00,LONG,70163.1,70584.07860000001,69952.6107,70584.07860000001,TARGET,0.006000000000000005,0.004600000000000005,3.040353248726984,663.9867116676359,3
2026-02-09 01:20:00+00:00,2026-02-09 01:25:00+00:00,2026-02-09 01:35:00+00:00,SHORT,70895.8,70470.4252,71108.4874,70470.4252,TARGET,0.006036217303823088,0.004636217303823088,3.0783866821420847,667.0650983497779,3
2026-02-09 01:45:00+00:00,2026-02-09 01:50:00+00:00,2026-02-09 01:50:00+00:00,LONG,70082.3,70502.7938,69872.0531,70502.7938,TARGET,0.006000000000000005,0.004600000000000005,3.068499452408982,670.133597802187,1
2026-02-09 02:35:00+00:00,2026-02-09 02:40:00+00:00,2026-02-09 02:40:00+00:00,SHORT,70666.3,70878.2989,70878.2989,70242.3022,STOP,-0.0029910269192421346,-0.004391026919242135,-2.942574667437985,667.191023134749,1
2026-02-09 03:30:00+00:00,2026-02-09 03:35:00+00:00,2026-02-09 03:40:00+00:00,SHORT,70980.0,71192.93999999999,71192.93999999999,70554.12,STOP,-0.0029910269192421346,-0.004391026919242135,-2.929653742861385,664.2613693918876,2
2026-02-09 03:45:00+00:00,2026-02-09 03:50:00+00:00,2026-02-09 03:55:00+00:00,SHORT,71195.3,71408.8859,71408.8859,70768.1282,STOP,-0.0029910269192421346,-0.004391026919242135,-2.916789554412422,661.3445798374752,2
2026-02-09 06:15:00+00:00,2026-02-09 06:20:00+00:00,2026-02-09 08:20:00+00:00,LONG,70503.7,70292.1889,70292.1889,70926.7222,STOP,-0.0030000000000000027,-0.004400000000000003,-2.9099161512848926,658.4346636861903,25
2026-02-09 08:30:00+00:00,2026-02-09 08:35:00+00:00,2026-02-09 09:05:00+00:00,LONG,69619.9,70037.6194,69411.0403,70037.6194,TARGET,0.006000000000000005,0.004600000000000005,3.028799452956479,661.4634631391468,7
2026-02-09 10:15:00+00:00,2026-02-09 10:20:00+00:00,2026-02-09 10:25:00+00:00,LONG,69231.0,69023.307,69023.307,69646.386,STOP,-0.0030000000000000027,-0.004400000000000003,-2.910439237812248,658.5530239013345,2
2026-02-09 10:30:00+00:00,2026-02-09 10:35:00+00:00,2026-02-09 10:40:00+00:00,LONG,68718.7,68512.54389999999,68512.54389999999,69131.0122,STOP,-0.0030000000000001137,-0.004400000000000114,-2.897633305165947,655.6553905961686,2
2026-02-09 10:50:00+00:00,2026-02-09 10:55:00+00:00,2026-02-09 12:05:00+00:00,LONG,68768.0,69180.60800000001,68561.696,69180.60800000001,TARGET,0.006000000000000005,0.004600000000000005,3.016014796742379,658.671405392911,15
2026-02-09 13:50:00+00:00,2026-02-09 13:55:00+00:00,2026-02-09 13:55:00+00:00,LONG,68811.0,68604.567,68604.567,69223.866,STOP,-0.0030000000000001137,-0.004400000000000114,-2.898154183728883,655.773251209182,1
2026-02-09 14:00:00+00:00,2026-02-09 14:05:00+00:00,2026-02-09 14:05:00+00:00,LONG,68727.0,68520.819,68520.819,69139.362,STOP,-0.0030000000000000027,-0.004400000000000003,-2.8854023053204028,652.8878489038616,1
2026-02-09 14:10:00+00:00,2026-02-09 14:15:00+00:00,2026-02-09 14:25:00+00:00,LONG,68605.7,69017.3342,68399.8829,69017.3342,TARGET,0.006000000000000005,0.004600000000000005,3.0032841049577668,655.8911330088193,3
2026-02-09 14:30:00+00:00,2026-02-09 14:35:00+00:00,2026-02-09 14:35:00+00:00,LONG,68728.9,68522.71329999999,68522.71329999999,69141.27339999999,STOP,-0.0030000000000001137,-0.004400000000000114,-2.88592098523888,653.0052120235805,1
2026-02-09 14:45:00+00:00,2026-02-09 14:50:00+00:00,2026-02-09 15:00:00+00:00,SHORT,69324.1,69532.0723,69532.0723,68908.1554,STOP,-0.0029910269192421346,-0.004391026919242135,-2.8673634644009596,650.1378485591796,3
2026-02-09 15:05:00+00:00,2026-02-09 15:10:00+00:00,2026-02-09 15:20:00+00:00,SHORT,69617.6,69199.8944,69826.4528,69199.8944,TARGET,0.006036217303822866,0.004636217303822866,3.014180343360238,653.1520289025399,3
2026-02-09 16:40:00+00:00,2026-02-09 16:45:00+00:00,2026-02-09 16:45:00+00:00,SHORT,69933.0,70142.799,70142.799,69513.402,STOP,-0.0029910269192422456,-0.004391026919242246,-2.868008141268742,650.2840207612711,1
2026-02-09 17:05:00+00:00,2026-02-09 17:10:00+00:00,2026-02-09 17:30:00+00:00,SHORT,70056.5,70266.66949999999,70266.66949999999,69636.161,STOP,-0.0029910269192421346,-0.004391026919242135,-2.8554146403157525,647.4286061209554,5
2026-02-09 17:35:00+00:00,2026-02-09 17:40:00+00:00,2026-02-09 17:40:00+00:00,SHORT,70547.4,70759.04219999998,70759.04219999998,70124.11559999999,STOP,-0.0029910269192421346,-0.004391026919242135,-2.842876437764528,644.5857296831908,1
2026-02-09 19:45:00+00:00,2026-02-09 19:50:00+00:00,2026-02-09 20:20:00+00:00,SHORT,70958.3,70532.5502,71171.1749,70532.5502,TARGET,0.006036217303823088,0.004636217303823088,2.9884395137546407,647.5741691969455,7
2026-02-09 20:45:00+00:00,2026-02-09 20:50:00+00:00,2026-02-09 21:05:00+00:00,LONG,70799.9,70587.5003,70587.5003,71224.6994,STOP,-0.0029999999999998916,-0.004399999999999892,-2.84932634446649,644.724842852479,4
2026-02-09 21:30:00+00:00,2026-02-09 21:35:00+00:00,2026-02-09 21:50:00+00:00,LONG,70005.0,70425.03,69794.985,70425.03,TARGET,0.006000000000000005,0.004600000000000005,2.9657342771214066,647.6905771296005,4
2026-02-09 22:10:00+00:00,2026-02-09 22:15:00+00:00,2026-02-09 23:45:00+00:00,SHORT,70653.9,70229.9766,70865.86169999998,70229.9766,TARGET,0.006036217303822866,0.004636217303822866,3.002834261211272,650.6934113908118,19
2026-02-10 00:00:00+00:00,2026-02-10 00:05:00+00:00,2026-02-10 00:25:00+00:00,LONG,70099.1,69888.8027,69888.8027,70519.6946,STOP,-0.0030000000000001137,-0.004400000000000114,-2.863051010119646,647.8303603806921,5
2026-02-10 00:40:00+00:00,2026-02-10 00:45:00+00:00,2026-02-10 01:15:00+00:00,LONG,69782.5,70201.195,69573.1525,70201.195,TARGET,0.006000000000000005,0.004600000000000005,2.9800196577511873,650.8103800384433,7
2026-02-10 01:25:00+00:00,2026-02-10 01:30:00+00:00,2026-02-10 03:05:00+00:00,SHORT,70367.6,69945.3944,70578.7028,69945.3944,TARGET,0.006036217303822866,0.004636217303822866,3.0172983454417666,653.8276783838851,20
2026-02-10 03:15:00+00:00,2026-02-10 03:20:00+00:00,2026-02-10 03:30:00+00:00,LONG,69577.1,69368.3687,69368.3687,69994.5626,STOP,-0.0030000000000000027,-0.004400000000000003,-2.876841784889096,650.950836598996,3
2026-02-10 05:40:00+00:00,2026-02-10 05:45:00+00:00,2026-02-10 06:20:00+00:00,LONG,69373.0,69164.881,69164.881,69789.238,STOP,-0.0030000000000001137,-0.004400000000000114,-2.864183681035657,648.0866529179604,8
2026-02-10 06:25:00+00:00,2026-02-10 06:30:00+00:00,2026-02-10 06:45:00+00:00,LONG,69205.5,68997.8835,68997.8835,69620.73300000001,STOP,-0.0030000000000000027,-0.004400000000000003,-2.8515812728390273,645.2350716451214,4
2026-02-10 06:50:00+00:00,2026-02-10 06:55:00+00:00,2026-02-10 07:10:00+00:00,LONG,68805.0,69217.83,68598.585,69217.83,TARGET,0.006000000000000005,0.004600000000000005,2.9680813295675614,648.2031529746889,4
2026-02-10 11:00:00+00:00,2026-02-10 11:05:00+00:00,2026-02-10 11:40:00+00:00,LONG,68896.6,68689.9102,68689.9102,69309.9796,STOP,-0.0030000000000001137,-0.004400000000000114,-2.852093873088705,645.3510591016002,8
2026-02-10 11:45:00+00:00,2026-02-10 11:50:00+00:00,2026-02-10 11:55:00+00:00,LONG,68713.7,68507.5589,68507.5589,69125.9822,STOP,-0.0029999999999998916,-0.004399999999999892,-2.839544660046971,642.5115144415532,2
2026-02-10 12:45:00+00:00,2026-02-10 12:50:00+00:00,2026-02-10 13:30:00+00:00,LONG,68556.9,68968.2414,68351.22929999999,68968.2414,TARGET,0.006000000000000005,0.004600000000000005,2.955552966431148,645.4670674079844,9
2026-02-10 14:15:00+00:00,2026-02-10 14:20:00+00:00,2026-02-10 14:30:00+00:00,SHORT,69500.0,69083.0,69708.49999999999,69083.0,TARGET,0.006036217303822866,0.004636217303822866,2.9925255869646974,648.459592994949,3
2026-02-10 14:35:00+00:00,2026-02-10 14:40:00+00:00,2026-02-10 14:40:00+00:00,LONG,68576.9,68371.1693,68371.1693,68988.3614,STOP,-0.0030000000000000027,-0.004400000000000003,-2.8532222091777775,645.6063707857712,1
2026-02-10 17:30:00+00:00,2026-02-10 17:35:00+00:00,2026-02-10 18:20:00+00:00,SHORT,69800.0,69381.2,70009.4,69381.2,TARGET,0.006036217303823088,0.004636217303823088,2.993171427695417,648.5995422134666,10
2026-02-10 18:25:00+00:00,2026-02-10 18:30:00+00:00,2026-02-10 18:45:00+00:00,LONG,68899.6,68692.90120000001,68692.90120000001,69312.9976,STOP,-0.0030000000000000027,-0.004400000000000003,-2.853837985739255,645.7457042277274,4
2026-02-10 20:55:00+00:00,2026-02-10 21:00:00+00:00,2026-02-10 21:30:00+00:00,LONG,68755.1,68548.8347,68548.8347,69167.6306,STOP,-0.0030000000000000027,-0.004400000000000003,-2.8412810986020025,642.9044231291253,7
2026-02-10 22:00:00+00:00,2026-02-10 22:05:00+00:00,2026-02-10 22:25:00+00:00,LONG,68774.0,68567.678,68567.678,69186.644,STOP,-0.0030000000000000027,-0.004400000000000003,-2.8287794617681534,640.0756436673572,5
2026-02-11 00:05:00+00:00,2026-02-11 00:10:00+00:00,2026-02-11 00:25:00+00:00,SHORT,68914.0,69120.742,69120.742,68500.516,STOP,-0.0029910269192422456,-0.004391026919242246,-2.810589381694673,637.2650542856626,4
2026-02-11 00:40:00+00:00,2026-02-11 00:45:00+00:00,2026-02-11 01:00:00+00:00,SHORT,69068.1,69275.3043,69275.3043,68653.69140000001,STOP,-0.0029910269192422456,-0.004391026919242246,-2.7982480080607157,634.4668062776019,4
2026-02-11 01:50:00+00:00,2026-02-11 01:55:00+00:00,2026-02-11 02:45:00+00:00,LONG,69056.8,68849.6296,68849.6296,69471.14080000001,STOP,-0.0030000000000000027,-0.004400000000000003,-2.7916539476214504,631.6751523299805,11
2026-02-11 02:55:00+00:00,2026-02-11 03:00:00+00:00,2026-02-11 03:15:00+00:00,LONG,68679.0,68472.963,68472.963,69091.074,STOP,-0.0030000000000000027,-0.004400000000000003,-2.779370670251916,628.8957816597286,4
2026-02-11 03:20:00+00:00,2026-02-11 03:25:00+00:00,2026-02-11 04:10:00+00:00,LONG,68247.2,68042.4584,68042.4584,68656.6832,STOP,-0.0029999999999998916,-0.004399999999999892,-2.767141439302738,626.128640220426,10
2026-02-11 04:20:00+00:00,2026-02-11 04:25:00+00:00,2026-02-11 04:25:00+00:00,LONG,67836.3,67632.7911,67632.7911,68243.3178,STOP,-0.0030000000000000027,-0.004400000000000003,-2.754966016969876,623.3736742034561,1
2026-02-11 05:55:00+00:00,2026-02-11 06:00:00+00:00,2026-02-11 06:05:00+00:00,LONG,67406.9,67204.67929999999,67204.67929999999,67811.34139999999,STOP,-0.0030000000000001137,-0.004400000000000114,-2.742844166495278,620.6308300369608,2
2026-02-11 06:10:00+00:00,2026-02-11 06:15:00+00:00,2026-02-11 06:15:00+00:00,LONG,66917.4,66716.64779999999,66716.64779999999,67318.9044,STOP,-0.0030000000000000027,-0.004400000000000003,-2.730775652162629,617.9000543847982,1
2026-02-11 10:00:00+00:00,2026-02-11 10:05:00+00:00,2026-02-11 10:50:00+00:00,LONG,66721.9,66521.7343,66521.7343,67122.23139999999,STOP,-0.0030000000000000027,-0.004400000000000003,-2.718760239293114,615.181294145505,10
2026-02-11 11:30:00+00:00,2026-02-11 11:35:00+00:00,2026-02-11 12:05:00+00:00,SHORT,66965.1,67165.9953,67165.9953,66563.3094,STOP,-0.0029910269192421346,-0.004391026919242135,-2.7012776228071265,612.480016522698,7
2026-02-11 13:30:00+00:00,2026-02-11 13:35:00+00:00,2026-02-11 13:50:00+00:00,SHORT,67517.9,67112.7926,67720.45369999998,67112.7926,TARGET,0.006036217303822866,0.004636217303822866,2.839590450848247,615.3196069735462,4
2026-02-11 13:55:00+00:00,2026-02-11 14:00:00+00:00,2026-02-11 14:00:00+00:00,SHORT,67454.9,67657.26469999999,67657.26469999999,67050.1706,STOP,-0.0029910269192421346,-0.004391026919242135,-2.701884958158332,612.6177220153879,1
2026-02-11 14:05:00+00:00,2026-02-11 14:10:00+00:00,2026-02-11 14:10:00+00:00,SHORT,68010.1,68214.1303,68214.1303,67602.03940000001,STOP,-0.0029910269192422456,-0.004391026919242246,-2.6900209085744313,609.9277011068135,1
2026-02-11 14:35:00+00:00,2026-02-11 14:40:00+00:00,2026-02-11 14:40:00+00:00,LONG,67254.9,67053.1353,67053.1353,67658.4294,STOP,-0.0030000000000000027,-0.004400000000000003,-2.6836818848699813,607.2440192219435,1
2026-02-11 15:05:00+00:00,2026-02-11 15:10:00+00:00,2026-02-11 15:15:00+00:00,LONG,65947.0,66342.682,65749.159,66342.682,TARGET,0.006000000000000005,0.004600000000000005,2.793322488420943,610.0373417103644,2
2026-02-11 18:25:00+00:00,2026-02-11 18:30:00+00:00,2026-02-11 18:35:00+00:00,SHORT,66922.0,67122.76599999999,67122.76599999999,66520.468,STOP,-0.0029910269192421346,-0.004391026919242135,-2.678690389193123,607.3586513211714,2
2026-02-11 19:05:00+00:00,2026-02-11 19:10:00+00:00,2026-02-11 19:10:00+00:00,SHORT,67459.1,67661.4773,67661.4773,67054.3454,STOP,-0.0029910269192421346,-0.004391026919242135,-2.666928187585861,604.6917231335855,1
2026-02-11 21:20:00+00:00,2026-02-11 21:25:00+00:00,2026-02-11 21:25:00+00:00,SHORT,67956.0,68159.86799999999,68159.86799999999,67548.264,STOP,-0.0029910269192421346,-0.004391026919242135,-2.6552176341224856,602.036505499463,1
2026-02-11 21:30:00+00:00,2026-02-11 21:35:00+00:00,2026-02-11 21:35:00+00:00,SHORT,68102.0,68306.306,68306.306,67693.388,STOP,-0.0029910269192422456,-0.004391026919242246,-2.6435585020146743,599.3929469974483,1
2026-02-11 23:00:00+00:00,2026-02-11 23:05:00+00:00,2026-02-11 23:20:00+00:00,LONG,67400.0,67197.8,67197.8,67804.4,STOP,-0.0030000000000000027,-0.004400000000000003,-2.6373289667887745,596.7556180306595,4
2026-02-11 23:55:00+00:00,2026-02-12 00:00:00+00:00,2026-02-12 00:25:00+00:00,LONG,67085.8,67488.31480000001,66884.5426,67488.31480000001,TARGET,0.006000000000000005,0.004600000000000005,2.745075842941037,599.5006938736005,6
2026-02-12 01:15:00+00:00,2026-02-12 01:20:00+00:00,2026-02-12 01:25:00+00:00,SHORT,67645.0,67847.935,67847.935,67239.13,STOP,-0.0029910269192422456,-0.004391026919242246,-2.632423684903385,596.8682701886971,2
2026-02-12 01:35:00+00:00,2026-02-12 01:40:00+00:00,2026-02-12 02:10:00+00:00,SHORT,67904.5,67497.073,68108.2135,67497.073,TARGET,0.006036217303822866,0.004636217303822866,2.7672110023516594,599.6354811910488,7
2026-02-12 04:30:00+00:00,2026-02-12 04:35:00+00:00,2026-02-12 05:00:00+00:00,LONG,67191.4,66989.82579999999,66989.82579999999,67594.5484,STOP,-0.0030000000000000027,-0.004400000000000003,-2.6383961172406165,596.9970850738082,6
2026-02-12 05:05:00+00:00,2026-02-12 05:10:00+00:00,2026-02-12 05:10:00+00:00,LONG,67019.0,66817.943,66817.943,67421.114,STOP,-0.0030000000000000027,-0.004400000000000003,-2.626787174324758,594.3702978994835,1
2026-02-12 05:15:00+00:00,2026-02-12 05:20:00+00:00,2026-02-12 05:30:00+00:00,LONG,66699.7,67099.8982,66499.60089999999,67099.8982,TARGET,0.006000000000000005,0.004600000000000005,2.734103370337627,597.1044012698211,3
2026-02-12 06:25:00+00:00,2026-02-12 06:30:00+00:00,2026-02-12 09:50:00+00:00,SHORT,67293.0,67494.87899999999,67494.87899999999,66889.242,STOP,-0.0029910269192420236,-0.004391026919242024,-2.6219014995736756,594.4824997702474,41
2026-02-12 09:55:00+00:00,2026-02-12 10:00:00+00:00,2026-02-12 10:30:00+00:00,SHORT,67554.3,67756.9629,67756.9629,67148.9742,STOP,-0.0029910269192422456,-0.004391026919242246,-2.6103886595095784,591.8721111107378,7
2026-02-12 10:55:00+00:00,2026-02-12 11:00:00+00:00,2026-02-12 11:25:00+00:00,SHORT,68013.0,68217.03899999999,68217.03899999999,67604.922,STOP,-0.0029910269192421346,-0.004391026919242135,-2.5989263726359217,589.2731847381019,6
2026-02-12 11:30:00+00:00,2026-02-12 11:35:00+00:00,2026-02-12 12:50:00+00:00,SHORT,68181.1,67772.01340000001,68385.6433,67772.01340000001,TARGET,0.006036217303822866,0.004636217303822866,2.7319985357615963,592.0051832738635,16
2026-02-12 13:25:00+00:00,2026-02-12 13:30:00+00:00,2026-02-12 13:55:00+00:00,LONG,67770.9,68177.5254,67567.5873,68177.5254,TARGET,0.006000000000000005,0.004600000000000005,2.7232238430597753,594.7284071169233,6
2026-02-12 14:00:00+00:00,2026-02-12 14:05:00+00:00,2026-02-12 14:30:00+00:00,SHORT,68014.0,68218.04199999999,68218.04199999999,67605.916,STOP,-0.0029910269192421346,-0.004391026919242135,-2.611468445288406,592.1169386716349,6
2026-02-12 14:40:00+00:00,2026-02-12 14:45:00+00:00,2026-02-12 15:00:00+00:00,LONG,67627.2,67424.3184,67424.3184,68032.9632,STOP,-0.0029999999999998916,-0.004399999999999892,-2.6053145301551295,589.5116241414797,4
2026-02-12 15:05:00+00:00,2026-02-12 15:10:00+00:00,2026-02-12 15:15:00+00:00,LONG,67171.0,67574.026,66969.487,67574.026,TARGET,0.006000000000000005,0.004600000000000005,2.7117534710508098,592.2233776125305,2
2026-02-12 16:05:00+00:00,2026-02-12 16:10:00+00:00,2026-02-12 16:10:00+00:00,LONG,66695.1,66495.0147,66495.0147,67095.2706,STOP,-0.0030000000000001137,-0.004400000000000114,-2.6057828614952014,589.6175947510353,1
2026-02-12 16:15:00+00:00,2026-02-12 16:20:00+00:00,2026-02-12 16:20:00+00:00,LONG,66549.6,66349.95120000001,66349.95120000001,66948.89760000001,STOP,-0.0029999999999998916,-0.004399999999999892,-2.5943174169044916,587.0232773341309,1
2026-02-12 16:30:00+00:00,2026-02-12 16:35:00+00:00,2026-02-12 16:50:00+00:00,LONG,66176.1,65977.5717,65977.5717,66573.1566,STOP,-0.0030000000000001137,-0.004400000000000114,-2.5829024202702424,584.4403749138606,4
2026-02-12 17:55:00+00:00,2026-02-12 18:00:00+00:00,2026-02-12 18:30:00+00:00,LONG,65414.6,65218.3562,65218.3562,65807.0876,STOP,-0.0030000000000000027,-0.004400000000000003,-2.5715376496209883,581.8688372642397,7
2026-02-12 19:50:00+00:00,2026-02-12 19:55:00+00:00,2026-02-12 20:25:00+00:00,SHORT,65897.6,65502.214400000004,66095.2928,65502.214400000004,TARGET,0.006036217303822866,0.004636217303822866,2.6976703718797594,584.5665076361195,7
2026-02-12 22:40:00+00:00,2026-02-12 22:45:00+00:00,2026-02-12 22:45:00+00:00,SHORT,66198.2,66396.7946,66396.7946,65801.0108,STOP,-0.0029910269192422456,-0.004391026919242246,-2.5668472711176284,581.9996603650019,1
2026-02-12 23:00:00+00:00,2026-02-12 23:05:00+00:00,2026-02-13 00:30:00+00:00,SHORT,66367.9,65969.6926,66567.00369999999,65969.6926,TARGET,0.006036217303822866,0.004636217303822866,2.698276896203253,584.6979372612051,18
2026-02-13 00:40:00+00:00,2026-02-13 00:45:00+00:00,2026-02-13 01:30:00+00:00,LONG,65951.0,66346.706,65753.147,66346.706,TARGET,0.006000000000000005,0.004600000000000005,2.6896105114015465,587.3875477726066,10
2026-02-13 01:40:00+00:00,2026-02-13 01:45:00+00:00,2026-02-13 02:25:00+00:00,SHORT,66426.0,66625.27799999999,66625.27799999999,66027.444,STOP,-0.0029910269192421346,-0.004391026919242135,-2.579234534297141,584.8083132383094,9
2026-02-13 03:00:00+00:00,2026-02-13 03:05:00+00:00,2026-02-13 05:05:00+00:00,SHORT,66710.1,66309.83940000001,66910.2303,66309.83940000001,TARGET,0.006036217303822866,0.004636217303822866,2.711298421254913,587.5196116595644,25
2026-02-13 05:10:00+00:00,2026-02-13 05:15:00+00:00,2026-02-13 06:20:00+00:00,LONG,66252.2,66053.4434,66053.4434,66649.7132,STOP,-0.0029999999999998916,-0.004399999999999892,-2.58508629130202,584.9345253682624,14
2026-02-13 06:25:00+00:00,2026-02-13 06:30:00+00:00,2026-02-13 07:10:00+00:00,LONG,66129.9,66526.6794,65931.5103,66526.6794,TARGET,0.006000000000000005,0.004600000000000005,2.69069881669401,587.6252241849564,9
2026-02-13 07:30:00+00:00,2026-02-13 07:35:00+00:00,2026-02-13 08:45:00+00:00,SHORT,66356.9,66555.97069999999,66555.97069999999,65958.7586,STOP,-0.0029910269192422456,-0.004391026919242246,-2.5802781778219033,585.0449460071345,15
2026-02-13 08:50:00+00:00,2026-02-13 08:55:00+00:00,2026-02-13 09:30:00+00:00,SHORT,66690.9,66890.97269999998,66890.97269999998,66290.7546,STOP,-0.0029910269192421346,-0.004391026919242135,-2.568948106883889,582.4759979002506,8
2026-02-13 11:55:00+00:00,2026-02-13 12:00:00+00:00,2026-02-13 13:25:00+00:00,SHORT,67175.9,67377.42769999999,67377.42769999999,66772.8446,STOP,-0.0029910269192421346,-0.004391026919242135,-2.5576677865924258,579.9183301136582,18
2026-02-13 13:30:00+00:00,2026-02-13 13:35:00+00:00,2026-02-13 14:40:00+00:00,SHORT,67503.9,67098.87659999999,67706.41169999998,67098.87659999999,TARGET,0.006036217303823088,0.004636217303823088,2.688627396877132,582.6069575105353,14
2026-02-13 14:45:00+00:00,2026-02-13 14:50:00+00:00,2026-02-13 15:05:00+00:00,SHORT,67872.5,68076.1175,68076.1175,67465.265,STOP,-0.0029910269192421346,-0.004391026919242135,-2.558242833766519,580.0487146767688,4
2026-02-13 15:10:00+00:00,2026-02-13 15:15:00+00:00,2026-02-13 15:25:00+00:00,SHORT,68379.4,68584.53819999998,68584.53819999998,67969.12359999999,STOP,-0.0029910269192421346,-0.004391026919242135,-2.547009520617492,577.5017051561513,3
2026-02-13 15:30:00+00:00,2026-02-13 15:35:00+00:00,2026-02-13 15:35:00+00:00,SHORT,69070.2,69277.41059999999,69277.41059999999,68655.7788,STOP,-0.0029910269192421346,-0.004391026919242135,-2.535825533248895,574.9658796229024,1
2026-02-13 15:45:00+00:00,2026-02-13 15:50:00+00:00,2026-02-13 15:50:00+00:00,SHORT,68438.9,68644.21669999999,68644.21669999999,68028.26659999999,STOP,-0.0029910269192422456,-0.004391026919242246,-2.524690655069961,572.4411889678324,1
2026-02-13 20:55:00+00:00,2026-02-13 21:00:00+00:00,2026-02-14 00:55:00+00:00,LONG,68773.8,69099.7,68567.4786,69186.4428,TIME,0.004738723176558324,0.0033387231765583236,1.9112226648235051,574.352411632656,48
2026-02-14 02:25:00+00:00,2026-02-14 02:30:00+00:00,2026-02-14 06:25:00+00:00,LONG,68909.9,68900.0,68703.1703,69323.3594,TIME,-0.0001436658593321205,-0.0015436658593321205,-0.8866082090623997,573.4658034235936,48
2026-02-14 07:40:00+00:00,2026-02-14 07:45:00+00:00,2026-02-14 08:00:00+00:00,SHORT,69175.0,69382.525,69382.525,68759.95,STOP,-0.0029910269192421346,-0.004391026919242135,-2.518103780097818,570.9476996434958,4
2026-02-14 08:05:00+00:00,2026-02-14 08:10:00+00:00,2026-02-14 08:45:00+00:00,SHORT,69530.1,69738.6903,69738.6903,69112.9194,STOP,-0.0029910269192422456,-0.004391026919242246,-2.5070467186140264,568.4406529248818,8
2026-02-14 11:00:00+00:00,2026-02-14 11:05:00+00:00,2026-02-14 11:10:00+00:00,SHORT,69765.4,69974.69619999999,69974.69619999999,69346.8076,STOP,-0.0029910269192422456,-0.004391026919242246,-2.4960382089847943,565.9446147158969,2
2026-02-14 11:20:00+00:00,2026-02-14 11:25:00+00:00,2026-02-14 11:55:00+00:00,SHORT,70325.0,70535.97499999999,70535.97499999999,69903.05,STOP,-0.0029910269192421346,-0.004391026919242135,-2.485078038017622,563.4595366778793,7
2026-02-14 12:45:00+00:00,2026-02-14 12:50:00+00:00,2026-02-14 12:55:00+00:00,LONG,69833.1,69623.60070000001,69623.60070000001,70252.09860000001,STOP,-0.0029999999999998916,-0.004399999999999892,-2.479221961382608,560.9803147164968,2
2026-02-14 13:15:00+00:00,2026-02-14 13:20:00+00:00,2026-02-14 13:20:00+00:00,LONG,69480.0,69271.56,69271.56,69896.88,STOP,-0.0030000000000000027,-0.004400000000000003,-2.4683133847525873,558.5120013317442,1
2026-02-14 16:20:00+00:00,2026-02-14 16:25:00+00:00,2026-02-14 16:50:00+00:00,LONG,69345.7,69761.7742,69137.6629,69761.7742,TARGET,0.006000000000000005,0.004600000000000005,2.569155206126026,561.0811565378701,6
2026-02-14 20:55:00+00:00,2026-02-14 21:00:00+00:00,2026-02-14 21:05:00+00:00,SHORT,70025.1,70235.1753,70235.1753,69604.94940000001,STOP,-0.0029910269192422456,-0.004391026919242246,-2.46372246223736,558.6174340756328,2
2026-02-14 21:15:00+00:00,2026-02-14 21:20:00+00:00,2026-02-14 21:35:00+00:00,SHORT,70224.6,69803.25240000001,70435.2738,69803.25240000001,TARGET,0.006036217303822866,0.004636217303822866,2.589871814078578,561.2073058897114,4
2026-02-14 22:10:00+00:00,2026-02-14 22:15:00+00:00,2026-02-14 22:20:00+00:00,LONG,70010.3,69800.2691,69800.2691,70430.3618,STOP,-0.0030000000000000027,-0.004400000000000003,-2.469312145914732,558.7379937437967,2
2026-02-15 00:05:00+00:00,2026-02-15 00:10:00+00:00,2026-02-15 01:20:00+00:00,LONG,69787.7,69578.3369,69578.3369,70206.4262,STOP,-0.0030000000000000027,-0.004400000000000003,-2.458447172472707,556.279546571324,15
2026-02-15 01:25:00+00:00,2026-02-15 01:30:00+00:00,2026-02-15 03:35:00+00:00,LONG,69529.7,69321.1109,69321.1109,69946.87819999999,STOP,-0.0030000000000000027,-0.004400000000000003,-2.447630004913827,553.8319165664102,26
2026-02-15 03:45:00+00:00,2026-02-15 03:50:00+00:00,2026-02-15 04:00:00+00:00,SHORT,69896.0,70105.688,70105.688,69476.624,STOP,-0.0029910269192422456,-0.004391026919242246,-2.431890854378633,551.4000257120316,3
2026-02-15 04:05:00+00:00,2026-02-15 04:10:00+00:00,2026-02-15 04:15:00+00:00,SHORT,70266.4,70477.19919999999,70477.19919999999,69844.80159999999,STOP,-0.0029910269192421346,-0.004391026919242135,-2.421212356172336,548.9788133558593,2
2026-02-15 07:10:00+00:00,2026-02-15 07:15:00+00:00,2026-02-15 07:15:00+00:00,SHORT,70410.0,70621.23,70621.23,69987.54,STOP,-0.0029910269192422456,-0.004391026919242246,-2.410580747539243,546.56823260832,1
2026-02-15 07:20:00+00:00,2026-02-15 07:25:00+00:00,2026-02-15 07:35:00+00:00,SHORT,70647.0,70858.94099999999,70858.94099999999,70223.118,STOP,-0.0029910269192421346,-0.004391026919242135,-2.3999958225857303,544.1682367857343,3
2026-02-15 07:40:00+00:00,2026-02-15 07:45:00+00:00,2026-02-15 08:05:00+00:00,SHORT,70729.4,70941.58819999998,70941.58819999998,70305.0236,STOP,-0.0029910269192421346,-0.004391026919242135,-2.3894573763226874,541.7787794094116,5
2026-02-15 08:30:00+00:00,2026-02-15 08:35:00+00:00,2026-02-15 12:15:00+00:00,LONG,70271.1,70060.28670000001,70060.28670000001,70692.72660000001,STOP,-0.0029999999999998916,-0.004399999999999892,-2.383826629401353,539.3949527800103,45
2026-02-15 12:45:00+00:00,2026-02-15 12:50:00+00:00,2026-02-15 12:50:00+00:00,LONG,69990.7,69780.7279,69780.7279,70410.6442,STOP,-0.0030000000000000027,-0.004400000000000003,-2.373337792232047,537.0216149877782,1
2026-02-15 12:55:00+00:00,2026-02-15 13:00:00+00:00,2026-02-15 13:25:00+00:00,LONG,69311.9,69103.96429999999,69103.96429999999,69727.7714,STOP,-0.0030000000000000027,-0.004400000000000003,-2.3628951059462255,534.658719881832,6
2026-02-15 13:30:00+00:00,2026-02-15 13:35:00+00:00,2026-02-15 13:50:00+00:00,LONG,68992.0,68785.024,68785.024,69405.952,STOP,-0.0029999999999998916,-0.004399999999999892,-2.352498367480003,532.3062215143519,4
2026-02-15 15:25:00+00:00,2026-02-15 15:30:00+00:00,2026-02-15 17:45:00+00:00,LONG,68891.4,68684.7258,68684.7258,69304.7484,STOP,-0.0029999999999998916,-0.004399999999999892,-2.342147374663091,529.9640741396888,28
2026-02-15 18:00:00+00:00,2026-02-15 18:05:00+00:00,2026-02-15 19:00:00+00:00,LONG,68488.2,68282.73539999999,68282.73539999999,68899.1292,STOP,-0.0030000000000001137,-0.004400000000000114,-2.331841926214691,527.6322322134741,12
2026-02-15 19:05:00+00:00,2026-02-15 19:10:00+00:00,2026-02-15 19:25:00+00:00,LONG,68137.1,68545.9226,67932.6887,68545.9226,TARGET,0.006000000000000005,0.004600000000000005,2.4271082681819838,530.0593404816561,4
2026-02-15 20:10:00+00:00,2026-02-15 20:15:00+00:00,2026-02-15 21:00:00+00:00,SHORT,68421.0,68626.26299999999,68626.26299999999,68010.474,STOP,-0.0029910269192421346,-0.004391026919242135,-2.327504832850684,527.7318356488055,10
2026-02-15 21:20:00+00:00,2026-02-15 21:25:00+00:00,2026-02-15 22:25:00+00:00,SHORT,68769.6,68975.9088,68975.9088,68356.98240000001,STOP,-0.0029910269192422456,-0.004391026919242246,-2.3172846964750295,525.4145509523305,13
2026-02-15 23:00:00+00:00,2026-02-15 23:05:00+00:00,2026-02-15 23:05:00+00:00,LONG,68680.3,68474.2591,68474.2591,69092.3818,STOP,-0.0030000000000001137,-0.004400000000000114,-2.311824024190314,523.1027269281402,1
2026-02-15 23:15:00+00:00,2026-02-15 23:20:00+00:00,2026-02-16 00:05:00+00:00,LONG,68520.0,68931.12,68314.44,68931.12,TARGET,0.006000000000000005,0.004600000000000005,2.4062725438694477,525.5089994720097,10
2026-02-16 00:20:00+00:00,2026-02-16 00:25:00+00:00,2026-02-16 01:10:00+00:00,SHORT,68800.0,69006.4,69006.4,68387.2,STOP,-0.0029910269192421346,-0.004391026919242135,-2.307524162985595,523.2014753090241,10
2026-02-16 01:40:00+00:00,2026-02-16 01:45:00+00:00,2026-02-16 02:25:00+00:00,LONG,68588.3,68382.53510000001,68382.53510000001,68999.8298,STOP,-0.0029999999999998916,-0.004399999999999892,-2.3020864913596495,520.8993888176644,9
2026-02-16 03:05:00+00:00,2026-02-16 03:10:00+00:00,2026-02-16 03:30:00+00:00,LONG,68381.9,68176.7543,68176.7543,68792.1914,STOP,-0.0029999999999998916,-0.004399999999999892,-2.291957310797667,518.6074315068668,5
2026-02-16 04:05:00+00:00,2026-02-16 04:10:00+00:00,2026-02-16 04:50:00+00:00,SHORT,68634.0,68839.90199999999,68839.90199999999,68222.196,STOP,-0.0029910269192421346,-0.004391026919242135,-2.2772191922656737,516.3302123146011,9
2026-02-16 05:35:00+00:00,2026-02-16 05:40:00+00:00,2026-02-16 08:20:00+00:00,LONG,68309.7,68719.5582,68104.7709,68719.5582,TARGET,0.006000000000000005,0.004600000000000005,2.3751189766471676,518.7053312912483,33
2026-02-16 09:00:00+00:00,2026-02-16 09:05:00+00:00,2026-02-16 11:10:00+00:00,SHORT,68959.5,68545.743,69166.37849999999,68545.743,TARGET,0.006036217303822866,0.004636217303822866,2.4048306325176574,521.110161923766,26
2026-02-16 11:20:00+00:00,2026-02-16 11:25:00+00:00,2026-02-16 11:55:00+00:00,LONG,68422.0,68832.532,68216.734,68832.532,TARGET,0.006000000000000005,0.004600000000000005,2.397106744849326,523.5072686686153,7
2026-02-16 12:25:00+00:00,2026-02-16 12:30:00+00:00,2026-02-16 12:50:00+00:00,SHORT,69502.2,69710.70659999999,69710.70659999999,69085.1868,STOP,-0.0029910269192421346,-0.004391026919242135,-2.2987345091428146,521.2085341594725,5
2026-02-16 13:00:00+00:00,2026-02-16 13:05:00+00:00,2026-02-16 13:20:00+00:00,SHORT,69936.5,69516.881,70146.30949999999,69516.881,TARGET,0.006036217303823088,0.004636217303823088,2.4164360249704133,523.6249701844429,4
2026-02-16 13:25:00+00:00,2026-02-16 13:30:00+00:00,2026-02-16 13:35:00+00:00,LONG,68622.5,68416.6325,68416.6325,69034.235,STOP,-0.0029999999999998916,-0.004399999999999892,-2.303949868811492,521.3210203156314,2
2026-02-16 13:45:00+00:00,2026-02-16 13:50:00+00:00,2026-02-16 15:30:00+00:00,LONG,68324.9,68119.92529999999,68119.92529999999,68734.84939999999,STOP,-0.0030000000000001137,-0.004400000000000114,-2.2938124893888374,519.0272078262425,21
2026-02-16 15:35:00+00:00,2026-02-16 15:40:00+00:00,2026-02-16 16:05:00+00:00,LONG,67416.1,67820.5966,67213.8517,67820.5966,TARGET,0.006000000000000005,0.004600000000000005,2.3875251560007182,521.4147329822432,6
2026-02-16 18:20:00+00:00,2026-02-16 18:25:00+00:00,2026-02-16 20:50:00+00:00,SHORT,68173.0,68377.51899999999,68377.51899999999,67763.962,STOP,-0.0029910269192420236,-0.004391026919242024,-2.289546128614422,519.1251868536287,30
2026-02-16 20:55:00+00:00,2026-02-16 21:00:00+00:00,2026-02-16 21:55:00+00:00,SHORT,68531.1,68736.6933,68736.6933,68119.9134,STOP,-0.0029910269192421346,-0.004391026919242135,-2.279492669930887,516.8456941836979,12
2026-02-16 22:10:00+00:00,2026-02-16 22:15:00+00:00,2026-02-16 23:50:00+00:00,SHORT,68747.3,68953.5419,68953.5419,68334.8162,STOP,-0.0029910269192421346,-0.004391026919242135,-2.2694833562550056,514.5762108274429,20
2026-02-17 00:40:00+00:00,2026-02-17 00:45:00+00:00,2026-02-17 02:00:00+00:00,SHORT,68870.7,68457.4758,69077.3121,68457.4758,TARGET,0.006036217303822866,0.004636217303822866,2.385687132773794,516.9618979602167,16
2026-02-17 02:10:00+00:00,2026-02-17 02:15:00+00:00,2026-02-17 03:00:00+00:00,SHORT,69126.9,68712.13859999999,69334.28069999999,68712.13859999999,TARGET,0.006036217303823088,0.004636217303823088,2.3967476967403822,519.358645656957,10
2026-02-17 03:25:00+00:00,2026-02-17 03:30:00+00:00,2026-02-17 04:05:00+00:00,LONG,68651.0,68445.047,68445.047,69062.906,STOP,-0.0029999999999998916,-0.004399999999999892,-2.2851780408905547,517.0734676160665,8
2026-02-17 05:15:00+00:00,2026-02-17 05:20:00+00:00,2026-02-17 05:20:00+00:00,LONG,68204.5,67999.8865,67999.8865,68613.727,STOP,-0.0030000000000001137,-0.004400000000000114,-2.2751232575107516,514.7983443585558,1
2026-02-17 06:25:00+00:00,2026-02-17 06:30:00+00:00,2026-02-17 09:15:00+00:00,SHORT,68428.5,68017.929,68633.7855,68017.929,TARGET,0.006036217303822866,0.004636217303822866,2.386716992094499,517.1850613506504,34
2026-02-17 09:20:00+00:00,2026-02-17 09:25:00+00:00,2026-02-17 10:15:00+00:00,LONG,68034.0,67829.898,67829.898,68442.204,STOP,-0.0030000000000000027,-0.004400000000000003,-2.275614269942863,514.9094470807075,11
2026-02-17 12:05:00+00:00,2026-02-17 12:10:00+00:00,2026-02-17 13:20:00+00:00,SHORT,68118.2,68322.55459999999,68322.55459999999,67709.4908,STOP,-0.0029910269192421346,-0.004391026919242135,-2.2609812431034704,512.648465837604,15
2026-02-17 13:50:00+00:00,2026-02-17 13:55:00+00:00,2026-02-17 14:35:00+00:00,SHORT,68214.3,67805.0142,68418.9429,67805.0142,TARGET,0.006036217303822866,0.004636217303822866,2.376749688094545,515.0252155256985,9
2026-02-17 14:40:00+00:00,2026-02-17 14:45:00+00:00,2026-02-17 14:45:00+00:00,LONG,67105.1,66903.7847,66903.7847,67507.73060000001,STOP,-0.0030000000000000027,-0.004400000000000003,-2.266110948313075,512.7591045773854,1
2026-02-17 14:50:00+00:00,2026-02-17 14:55:00+00:00,2026-02-17 15:30:00+00:00,LONG,66884.5,66683.8465,66683.8465,67285.807,STOP,-0.0030000000000000027,-0.004400000000000003,-2.2561400601404973,510.5029645172449,8
2026-02-17 16:00:00+00:00,2026-02-17 16:05:00+00:00,2026-02-17 16:05:00+00:00,SHORT,67758.0,67961.27399999999,67961.27399999999,67351.452,STOP,-0.0029910269192421346,-0.004391026919242135,-2.2416322595481346,508.2613322576968,1
2026-02-17 17:30:00+00:00,2026-02-17 17:35:00+00:00,2026-02-17 17:45:00+00:00,LONG,67157.2,66955.72839999999,66955.72839999999,67560.14319999999,STOP,-0.0030000000000001137,-0.004400000000000114,-2.236349861933924,506.02498239576283,3
2026-02-17 18:20:00+00:00,2026-02-17 18:25:00+00:00,2026-02-17 18:40:00+00:00,SHORT,67683.1,67886.1493,67886.1493,67277.00140000001,STOP,-0.0029910269192422456,-0.004391026919242246,-2.221969319508878,503.80301307625393,4
2026-02-17 18:55:00+00:00,2026-02-17 19:00:00+00:00,2026-02-17 20:05:00+00:00,SHORT,68093.8,67685.2372,68298.0814,67685.2372,TARGET,0.006036217303822866,0.004636217303822866,2.335740246942226,506.13875332319617,14
2026-02-17 22:10:00+00:00,2026-02-17 22:15:00+00:00,2026-02-17 23:05:00+00:00,LONG,67595.6,67392.8132,67392.8132,68001.17360000001,STOP,-0.0030000000000000027,-0.004400000000000003,-2.2270105146220645,503.9117428085741,11
2026-02-18 00:45:00+00:00,2026-02-18 00:50:00+00:00,2026-02-18 01:00:00+00:00,LONG,67365.8,67163.7026,67163.7026,67769.9948,STOP,-0.0030000000000000027,-0.004400000000000003,-2.2172116683577276,501.6945311402164,3
2026-02-18 01:20:00+00:00,2026-02-18 01:25:00+00:00,2026-02-18 01:30:00+00:00,LONG,67156.8,66955.3296,66955.3296,67559.7408,STOP,-0.0030000000000001137,-0.004400000000000114,-2.2074559370170093,499.48707520319937,2
2026-02-18 01:40:00+00:00,2026-02-18 01:45:00+00:00,2026-02-18 03:30:00+00:00,LONG,67175.0,67578.05,66973.475,67578.05,TARGET,0.006000000000000005,0.004600000000000005,2.2976405459347196,501.7847157491341,22
2026-02-18 04:50:00+00:00,2026-02-18 04:55:00+00:00,2026-02-18 07:40:00+00:00,SHORT,67840.1,68043.6203,68043.6203,67433.0594,STOP,-0.0029910269192421346,-0.004391026919242135,-2.2033501945187104,499.5813655546154,34
2026-02-18 07:45:00+00:00,2026-02-18 07:50:00+00:00,2026-02-18 08:15:00+00:00,SHORT,68177.0,68381.53099999999,68381.53099999999,67767.938,STOP,-0.0029910269192421346,-0.004391026919242135,-2.1936752245020616,497.38769033011334,6
2026-02-18 08:20:00+00:00,2026-02-18 08:25:00+00:00,2026-02-18 10:30:00+00:00,SHORT,68380.9,67970.6146,68586.04269999999,67970.6146,TARGET,0.006036217303822866,0.004636217303822866,2.3059974166169606,499.6936877467303,26
2026-02-18 10:40:00+00:00,2026-02-18 10:45:00+00:00,2026-02-18 11:05:00+00:00,LONG,67780.0,67576.66,67576.66,68186.68000000001,STOP,-0.0030000000000000027,-0.004400000000000003,-2.1986522260856147,497.49503552064465,5
2026-02-18 11:10:00+00:00,2026-02-18 11:15:00+00:00,2026-02-18 13:45:00+00:00,LONG,67395.7,67193.5129,67193.5129,67800.0742,STOP,-0.0029999999999998916,-0.004399999999999892,-2.1889781562907826,495.3060573643539,31
2026-02-18 13:55:00+00:00,2026-02-18 14:00:00+00:00,2026-02-18 14:35:00+00:00,LONG,67241.0,67039.277,67039.277,67644.446,STOP,-0.0030000000000000027,-0.004400000000000003,-2.1793466524031584,493.1267107119507,8
2026-02-18 14:40:00+00:00,2026-02-18 14:45:00+00:00,2026-02-18 14:45:00+00:00,LONG,67148.9,66947.4533,66947.4533,67551.7934,STOP,-0.0030000000000000027,-0.004400000000000003,-2.1697575271325844,490.95695318481813,1
2026-02-18 15:00:00+00:00,2026-02-18 15:05:00+00:00,2026-02-18 15:35:00+00:00,SHORT,67481.2,67683.6436,67683.6436,67076.3128,STOP,-0.0029910269192422456,-0.004391026919242246,-2.1558051976236916,488.80114798719444,7
2026-02-18 15:40:00+00:00,2026-02-18 15:45:00+00:00,2026-02-18 15:55:00+00:00,SHORT,68108.4,67699.7496,68312.72519999999,67699.7496,TARGET,0.006036217303822866,0.004636217303822866,2.2661883404267122,491.06733632762115,3
2026-02-18 18:05:00+00:00,2026-02-18 18:10:00+00:00,2026-02-18 18:15:00+00:00,LONG,67122.4,66921.0328,66921.0328,67525.1344,STOP,-0.0029999999999998916,-0.004399999999999892,-2.16069627984148,488.90664004777966,2
2026-02-18 18:20:00+00:00,2026-02-18 18:25:00+00:00,2026-02-18 18:40:00+00:00,LONG,66830.1,66629.6097,66629.6097,67231.0806,STOP,-0.0030000000000001137,-0.004400000000000114,-2.151189216210286,486.75545083156936,4
2026-02-18 18:45:00+00:00,2026-02-18 18:50:00+00:00,2026-02-18 18:50:00+00:00,LONG,66521.9,66322.33429999999,66322.33429999999,66921.03139999999,STOP,-0.0030000000000001137,-0.004400000000000114,-2.1417239836589608,484.6137268479104,1
2026-02-18 19:35:00+00:00,2026-02-18 19:40:00+00:00,2026-02-18 20:25:00+00:00,LONG,65981.0,66376.886,65783.057,66376.886,TARGET,0.006000000000000005,0.004600000000000005,2.2292231435003904,486.8429499914108,10
2026-02-18 20:50:00+00:00,2026-02-18 20:55:00+00:00,2026-02-19 00:05:00+00:00,SHORT,66332.8,66531.7984,66531.7984,65934.80320000001,STOP,-0.0029910269192422456,-0.004391026919242246,-2.1377404988555915,484.70520949255524,39
2026-02-19 01:10:00+00:00,2026-02-19 01:15:00+00:00,2026-02-19 02:20:00+00:00,SHORT,66707.0,66907.121,66907.121,66306.758,STOP,-0.0029910269192422456,-0.004391026919242246,-2.128353622778762,482.57685586977647,14
2026-02-19 03:35:00+00:00,2026-02-19 03:40:00+00:00,2026-02-19 04:00:00+00:00,SHORT,66868.0,67068.60399999999,67068.60399999999,66466.792,STOP,-0.0029910269192421346,-0.004391026919242135,-2.1190079647274205,480.45784790504905,5
2026-02-19 05:35:00+00:00,2026-02-19 05:40:00+00:00,2026-02-19 06:20:00+00:00,LONG,66787.6,67188.32560000001,66587.2372,67188.32560000001,TARGET,0.006000000000000005,0.004600000000000005,2.210106100363228,482.6679540054123,9
2026-02-19 06:25:00+00:00,2026-02-19 06:30:00+00:00,2026-02-19 09:45:00+00:00,SHORT,67181.1,66778.01340000001,67382.6433,66778.01340000001,TARGET,0.006036217303822866,0.004636217303822866,2.2377535203606715,484.905707525773,40
2026-02-19 11:35:00+00:00,2026-02-19 11:40:00+00:00,2026-02-19 11:50:00+00:00,LONG,66695.2,66495.11439999999,66495.11439999999,67095.3712,STOP,-0.0030000000000001137,-0.004400000000000114,-2.1335851131134564,482.77212241265954,3
2026-02-19 12:05:00+00:00,2026-02-19 12:10:00+00:00,2026-02-19 13:05:00+00:00,LONG,66541.0,66341.377,66341.377,66940.246,STOP,-0.0030000000000001137,-0.004400000000000114,-2.124197338615757,480.64792507404377,12
2026-02-19 13:40:00+00:00,2026-02-19 13:45:00+00:00,2026-02-19 13:50:00+00:00,LONG,65968.7,65770.79389999999,65770.79389999999,66364.5122,STOP,-0.0030000000000001137,-0.004400000000000114,-2.1148508703258475,478.53307420371794,2
2026-02-19 14:30:00+00:00,2026-02-19 14:35:00+00:00,2026-02-19 14:35:00+00:00,LONG,65743.5,66137.961,65546.2695,66137.961,TARGET,0.006000000000000005,0.004600000000000005,2.201252141337105,480.734326345055,1
2026-02-19 14:50:00+00:00,2026-02-19 14:55:00+00:00,2026-02-19 14:55:00+00:00,SHORT,66465.5,66664.89649999999,66664.89649999999,66066.707,STOP,-0.0029910269192421346,-0.004391026919242135,-2.11091736798487,478.62340897707014,1
2026-02-19 16:30:00+00:00,2026-02-19 16:35:00+00:00,2026-02-19 17:15:00+00:00,SHORT,66500.3,66699.8009,66699.8009,66101.2982,STOP,-0.0029910269192422456,-0.004391026919242246,-2.1016482729978057,476.52176070407234,9
2026-02-19 17:50:00+00:00,2026-02-19 17:55:00+00:00,2026-02-19 18:10:00+00:00,LONG,66220.0,66617.32,66021.34,66617.32,TARGET,0.006000000000000005,0.004600000000000005,2.192000099238735,478.71376080331106,4
2026-02-19 18:35:00+00:00,2026-02-19 18:40:00+00:00,2026-02-19 18:40:00+00:00,SHORT,66821.5,67021.96449999999,67021.96449999999,66420.571,STOP,-0.0029910269192421346,-0.004391026919242135,-2.1020450102989794,476.6117157930121,1
2026-02-19 19:05:00+00:00,2026-02-19 19:10:00+00:00,2026-02-19 22:30:00+00:00,SHORT,67097.1,66694.51740000001,67298.3913,66694.51740000001,TARGET,0.006036217303822866,0.004636217303822866,2.2096754839642685,478.8213912769763,41
2026-02-20 00:10:00+00:00,2026-02-20 00:15:00+00:00,2026-02-20 00:25:00+00:00,SHORT,67189.7,67391.26909999999,67391.26909999999,66786.5618,STOP,-0.0029910269192421346,-0.004391026919242135,-2.102517618606174,476.71887365837017,3
2026-02-20 03:20:00+00:00,2026-02-20 03:25:00+00:00,2026-02-20 05:30:00+00:00,SHORT,67382.8,67584.9484,67584.9484,66978.5032,STOP,-0.0029910269192421346,-0.004391026919242135,-2.093285407144694,474.62558825122545,26
2026-02-20 05:45:00+00:00,2026-02-20 05:50:00+00:00,2026-02-20 09:00:00+00:00,SHORT,67975.9,68179.82769999998,68179.82769999998,67568.0446,STOP,-0.0029910269192420236,-0.004391026919242024,-2.0840937345722117,472.54149451665324,39
2026-02-20 09:05:00+00:00,2026-02-20 09:10:00+00:00,2026-02-20 10:05:00+00:00,SHORT,68127.1,68331.4813,68331.4813,67718.3374,STOP,-0.0029910269192421346,-0.004391026919242135,-2.074942422881534,470.4665520937717,12
2026-02-20 10:55:00+00:00,2026-02-20 11:00:00+00:00,2026-02-20 11:35:00+00:00,LONG,67945.9,67742.06229999999,67742.06229999999,68353.5754,STOP,-0.0030000000000000027,-0.004400000000000003,-2.070052829212597,468.3964992645591,8
2026-02-20 11:40:00+00:00,2026-02-20 11:45:00+00:00,2026-02-20 13:00:00+00:00,LONG,67461.0,67258.617,67258.617,67865.766,STOP,-0.0030000000000000027,-0.004400000000000003,-2.0609445967640614,466.33555466779507,16
2026-02-20 13:30:00+00:00,2026-02-20 13:35:00+00:00,2026-02-20 13:35:00+00:00,LONG,66890.4,66689.7288,66689.7288,67291.74239999999,STOP,-0.0030000000000000027,-0.004400000000000003,-2.0518764405382997,464.28367822725676,1
2026-02-20 13:40:00+00:00,2026-02-20 13:45:00+00:00,2026-02-20 14:05:00+00:00,LONG,66636.1,67035.91660000001,66436.19170000001,67035.91660000001,TARGET,0.006000000000000005,0.004600000000000005,2.1357049198453835,466.41938314710217,5
2026-02-20 14:30:00+00:00,2026-02-20 14:35:00+00:00,2026-02-20 14:35:00+00:00,SHORT,67058.1,67259.2743,67259.2743,66655.75140000001,STOP,-0.0029910269192422456,-0.004391026919242246,-2.048060067055289,464.37132308004686,1
2026-02-20 15:00:00+00:00,2026-02-20 15:05:00+00:00,2026-02-20 15:10:00+00:00,SHORT,67436.3,67031.6822,67638.60889999999,67031.6822,TARGET,0.006036217303823088,0.004636217303823088,2.152926363462935,466.5242494435098,2
2026-02-20 15:15:00+00:00,2026-02-20 15:20:00+00:00,2026-02-20 15:20:00+00:00,SHORT,67108.7,67310.02609999999,67310.02609999999,66706.0478,STOP,-0.0029910269192421346,-0.004391026919242135,-2.048520537785684,464.4757289057241,1
2026-02-20 15:55:00+00:00,2026-02-20 16:00:00+00:00,2026-02-20 16:00:00+00:00,SHORT,67579.3,67782.0379,67782.0379,67173.8242,STOP,-0.0029910269192421346,-0.004391026919242135,-2.0395254289596467,462.4362034767645,1
2026-02-20 17:05:00+00:00,2026-02-20 17:10:00+00:00,2026-02-20 17:10:00+00:00,LONG,67324.1,67122.12770000001,67122.12770000001,67728.04460000001,STOP,-0.0029999999999998916,-0.004399999999999892,-2.034719295297714,460.4014841814668,1
2026-02-20 17:15:00+00:00,2026-02-20 17:20:00+00:00,2026-02-20 17:45:00+00:00,LONG,67139.0,67541.834,66937.583,67541.834,TARGET,0.006000000000000005,0.004600000000000005,2.1178468272347497,462.51933100870156,6
2026-02-20 17:55:00+00:00,2026-02-20 18:00:00+00:00,2026-02-20 21:55:00+00:00,LONG,67614.6,67824.0,67411.7562,68020.28760000001,TIME,0.003096964265114188,0.0016969642651141882,0.7848787766462872,463.30420978534784,48
2026-02-20 22:20:00+00:00,2026-02-20 22:25:00+00:00,2026-02-20 23:05:00+00:00,SHORT,67970.0,68173.90999999999,68173.90999999999,67562.18,STOP,-0.0029910269192421346,-0.004391026919242135,-2.0343812569656676,461.26982852838216,9
2026-02-21 02:30:00+00:00,2026-02-21 02:35:00+00:00,2026-02-21 03:40:00+00:00,SHORT,68058.2,67649.8508,68262.3746,67649.8508,TARGET,0.006036217303822866,0.004636217303822866,2.1385471607546918,463.40837568913685,14
2026-02-21 05:05:00+00:00,2026-02-21 05:10:00+00:00,2026-02-21 08:55:00+00:00,SHORT,67840.9,68044.42269999998,68044.42269999998,67433.85459999999,STOP,-0.0029910269192421346,-0.004391026919242135,-2.0348386522532724,461.3735370368836,46
2026-02-21 09:00:00+00:00,2026-02-21 09:05:00+00:00,2026-02-21 09:20:00+00:00,SHORT,68034.1,68238.2023,68238.2023,67625.89540000001,STOP,-0.0029910269192422456,-0.004391026919242246,-2.0259036209549652,459.3476334159286,4
2026-02-21 09:30:00+00:00,2026-02-21 09:35:00+00:00,2026-02-21 13:30:00+00:00,SHORT,68207.9,68193.0,68412.52369999999,67798.65259999999,TIME,0.00021849749974323096,-0.001181502500256769,-0.5427203773679494,458.80491303856064,48
2026-02-21 14:20:00+00:00,2026-02-21 14:25:00+00:00,2026-02-21 15:40:00+00:00,SHORT,68500.4,68705.9012,68705.9012,68089.3976,STOP,-0.0029910269192422456,-0.004391026919242246,-2.0146247238329176,456.7902883147277,16
2026-02-21 16:20:00+00:00,2026-02-21 16:25:00+00:00,2026-02-21 18:45:00+00:00,LONG,68199.0,68608.194,67994.403,68608.194,TARGET,0.006000000000000005,0.004600000000000005,2.1012353262477497,458.8915236409755,29
2026-02-21 19:00:00+00:00,2026-02-21 19:05:00+00:00,2026-02-21 22:40:00+00:00,SHORT,68566.8,68155.3992,68772.50039999999,68155.3992,TARGET,0.006036217303823088,0.004636217303823088,2.1275208224820323,461.01904446345753,44
2026-02-21 22:55:00+00:00,2026-02-21 23:00:00+00:00,2026-02-22 02:55:00+00:00,LONG,67972.1,67914.9,67768.18370000001,68379.9326,TIME,-0.0008415217420090215,-0.0022415217420090217,-1.033384211645064,459.9856602518125,48
2026-02-22 03:15:00+00:00,2026-02-22 03:20:00+00:00,2026-02-22 07:15:00+00:00,LONG,67854.8,68014.0,67651.2356,68261.92880000001,TIME,0.002346186268325834,0.0009461862683258339,0.4352321153570573,460.42089236716953,48
2026-02-22 11:00:00+00:00,2026-02-22 11:05:00+00:00,2026-02-22 13:35:00+00:00,SHORT,68186.9,67777.77859999999,68391.46069999998,67777.77859999999,TARGET,0.006036217303823088,0.004636217303823088,2.134611308234339,462.5555036754039,31
2026-02-22 13:40:00+00:00,2026-02-22 13:45:00+00:00,2026-02-22 14:40:00+00:00,LONG,67643.0,67440.071,67440.071,68048.85800000001,STOP,-0.0030000000000000027,-0.004400000000000003,-2.0352442161717783,460.5202594592321,12
2026-02-22 15:40:00+00:00,2026-02-22 15:45:00+00:00,2026-02-22 17:30:00+00:00,SHORT,67786.0,67379.284,67989.358,67379.284,TARGET,0.006036217303822866,0.004636217303822866,2.1350719956658875,462.655331454898,22
2026-02-22 17:40:00+00:00,2026-02-22 17:45:00+00:00,2026-02-22 21:40:00+00:00,LONG,67260.1,67594.2,67058.31970000001,67663.6606,TIME,0.004967283723931404,0.0035672837239314036,1.6504228336891462,464.30575428858714,48
2026-02-23 00:30:00+00:00,2026-02-23 00:35:00+00:00,2026-02-23 00:45:00+00:00,LONG,67301.9,67099.99429999999,67099.99429999999,67705.7114,STOP,-0.0030000000000000027,-0.004400000000000003,-2.042945318869785,462.26280896971736,3
2026-02-23 00:55:00+00:00,2026-02-23 01:00:00+00:00,2026-02-23 01:00:00+00:00,LONG,66735.0,66534.795,66534.795,67135.41,STOP,-0.0030000000000000027,-0.004400000000000003,-2.0339563594667576,460.2288526102506,1
2026-02-23 01:05:00+00:00,2026-02-23 01:10:00+00:00,2026-02-23 01:10:00+00:00,LONG,65559.0,65362.323,65362.323,65952.354,STOP,-0.0030000000000000027,-0.004400000000000003,-2.025006951485104,458.2038456587655,1
2026-02-23 01:15:00+00:00,2026-02-23 01:20:00+00:00,2026-02-23 01:45:00+00:00,LONG,65115.4,64920.0538,64920.0538,65506.0924,STOP,-0.0030000000000000027,-0.004400000000000003,-2.0160969208985695,456.1877487378669,6
2026-02-23 06:10:00+00:00,2026-02-23 06:15:00+00:00,2026-02-23 06:35:00+00:00,SHORT,65356.9,65552.97069999999,65552.97069999999,64964.7586,STOP,-0.0029910269192421346,-0.004391026919242135,-2.003132684936441,454.1846160529305,5
2026-02-23 06:40:00+00:00,2026-02-23 06:45:00+00:00,2026-02-23 06:50:00+00:00,SHORT,65538.1,65734.71429999999,65734.71429999999,65144.8714,STOP,-0.0029910269192420236,-0.004391026919242024,-1.9943368753940207,452.19027917753647,2
2026-02-23 07:05:00+00:00,2026-02-23 07:10:00+00:00,2026-02-23 07:35:00+00:00,SHORT,65742.0,65939.226,65939.226,65347.548,STOP,-0.0029910269192422456,-0.004391026919242246,-1.985579688488229,450.20469948904827,6
2026-02-23 09:30:00+00:00,2026-02-23 09:35:00+00:00,2026-02-23 09:45:00+00:00,SHORT,66148.1,66346.5443,66346.5443,65751.2114,STOP,-0.0029910269192421346,-0.004391026919242135,-1.9768609546257268,448.2278385344225,3
2026-02-23 11:45:00+00:00,2026-02-23 11:50:00+00:00,2026-02-23 12:30:00+00:00,LONG,66142.1,65943.6737,65943.6737,66538.9526,STOP,-0.0030000000000001137,-0.004400000000000114,-1.9722024895515102,446.255636044871,9
2026-02-23 12:40:00+00:00,2026-02-23 12:45:00+00:00,2026-02-23 14:30:00+00:00,SHORT,66421.0,66022.474,66620.26299999999,66022.474,TARGET,0.006036217303822866,0.004636217303822866,2.0689381017597097,448.3245741466307,22
2026-02-23 14:35:00+00:00,2026-02-23 14:40:00+00:00,2026-02-23 14:40:00+00:00,LONG,65846.0,65648.462,65648.462,66241.076,STOP,-0.0030000000000000027,-0.004400000000000003,-1.9726281262451764,446.3519460203855,1
2026-02-23 16:25:00+00:00,2026-02-23 16:30:00+00:00,2026-02-23 16:45:00+00:00,LONG,65625.1,65428.224700000006,65428.224700000006,66018.8506,STOP,-0.0030000000000000027,-0.004400000000000003,-1.9639485624896975,444.38799745789584,4
2026-02-23 17:10:00+00:00,2026-02-23 17:15:00+00:00,2026-02-23 17:15:00+00:00,LONG,65087.4,64892.137800000004,64892.137800000004,65477.9244,STOP,-0.0030000000000000027,-0.004400000000000003,-1.9553071888147429,442.4326902690811,1
2026-02-23 17:20:00+00:00,2026-02-23 17:25:00+00:00,2026-02-23 17:30:00+00:00,LONG,64744.0,64549.768,64549.768,65132.464,STOP,-0.0030000000000000027,-0.004400000000000003,-1.946703837183958,440.4859864318971,2
2026-02-23 17:35:00+00:00,2026-02-23 17:40:00+00:00,2026-02-23 17:50:00+00:00,LONG,64368.1,64174.9957,64174.9957,64754.3086,STOP,-0.0030000000000000027,-0.004400000000000003,-1.9381383403003485,438.5478480915968,3
2026-02-23 18:05:00+00:00,2026-02-23 18:10:00+00:00,2026-02-23 18:20:00+00:00,LONG,64820.1,64625.6397,64625.6397,65209.020599999996,STOP,-0.0030000000000000027,-0.004400000000000003,-1.9296105316030272,436.61823755999376,3
2026-02-23 18:35:00+00:00,2026-02-23 18:40:00+00:00,2026-02-23 18:55:00+00:00,SHORT,65091.7,64701.1498,65286.97509999999,64701.1498,TARGET,0.006036217303822866,0.004636217303822866,2.0242570281402856,438.64249458813407,4
2026-02-23 19:35:00+00:00,2026-02-23 19:40:00+00:00,2026-02-23 20:10:00+00:00,LONG,64140.0,63947.58,63947.58,64524.840000000004,STOP,-0.0030000000000000027,-0.004400000000000003,-1.930026976187791,436.7124676119463,7
2026-02-23 20:15:00+00:00,2026-02-23 20:20:00+00:00,2026-02-23 20:50:00+00:00,LONG,64000.9,64384.9054,63808.897300000004,64384.9054,TARGET,0.006000000000000005,0.004600000000000005,2.0088773510149553,438.72134496296127,7
2026-02-23 20:55:00+00:00,2026-02-23 21:00:00+00:00,2026-02-23 21:00:00+00:00,SHORT,64475.7,64669.12709999999,64669.12709999999,64088.845799999996,STOP,-0.0029910269192421346,-0.004391026919242135,-1.9264372357784776,436.7949077271828,1
2026-02-24 00:05:00+00:00,2026-02-24 00:10:00+00:00,2026-02-24 01:10:00+00:00,LONG,64754.0,64559.738,64559.738,65142.524,STOP,-0.0030000000000000027,-0.004400000000000003,-1.9218975939996057,434.8730101331832,13
2026-02-24 01:15:00+00:00,2026-02-24 01:20:00+00:00,2026-02-24 01:20:00+00:00,LONG,63779.0,64161.674,63587.663,64161.674,TARGET,0.006000000000000005,0.004600000000000005,2.0004158466126447,436.87342597979585,1
2026-02-24 01:25:00+00:00,2026-02-24 01:30:00+00:00,2026-02-24 01:35:00+00:00,LONG,64429.9,64236.6103,64236.6103,64816.479400000004,STOP,-0.0030000000000000027,-0.004400000000000003,-1.922243074311103,434.95118290548476,2
2026-02-24 03:00:00+00:00,2026-02-24 03:05:00+00:00,2026-02-24 03:10:00+00:00,LONG,63857.3,63665.7281,63665.7281,64240.4438,STOP,-0.0030000000000000027,-0.004400000000000003,-1.9137852047841342,433.03739770070064,2
2026-02-24 03:50:00+00:00,2026-02-24 03:55:00+00:00,2026-02-24 04:05:00+00:00,LONG,63623.3,63432.430100000005,63432.430100000005,64005.039800000006,STOP,-0.0030000000000000027,-0.004400000000000003,-1.905364549883084,431.13203315081756,3
2026-02-24 04:10:00+00:00,2026-02-24 04:15:00+00:00,2026-02-24 04:20:00+00:00,LONG,63018.2,63396.309199999996,62829.145399999994,63396.309199999996,TARGET,0.006000000000000005,0.004600000000000005,1.983207352493763,433.1152405033113,2
2026-02-24 05:20:00+00:00,2026-02-24 05:25:00+00:00,2026-02-24 05:55:00+00:00,LONG,62723.0,63099.338,62534.831,63099.338,TARGET,0.006000000000000005,0.004600000000000005,1.9923301063152343,435.1075706096266,7
2026-02-24 08:55:00+00:00,2026-02-24 09:00:00+00:00,2026-02-24 09:35:00+00:00,SHORT,63389.1,63008.7654,63579.26729999999,63008.7654,TARGET,0.006036217303822866,0.004636217303822866,2.01725324788468,437.1248238575113,8
2026-02-24 12:45:00+00:00,2026-02-24 12:50:00+00:00,2026-02-24 13:30:00+00:00,LONG,63017.6,62828.5472,62828.5472,63395.7056,STOP,-0.0030000000000000027,-0.004400000000000003,-1.9233492249730508,435.20147463253824,9
2026-02-24 13:35:00+00:00,2026-02-24 13:40:00+00:00,2026-02-24 14:05:00+00:00,LONG,62963.1,62774.210699999996,62774.210699999996,63340.8786,STOP,-0.0030000000000000027,-0.004400000000000003,-1.9148864883831695,433.2865881441551,6
2026-02-24 14:40:00+00:00,2026-02-24 14:45:00+00:00,2026-02-24 14:45:00+00:00,SHORT,63336.2,63526.20859999999,63526.20859999999,62956.182799999995,STOP,-0.0029910269192421346,-0.004391026919242135,-1.902573072287565,431.3840150718675,1
2026-02-24 14:50:00+00:00,2026-02-24 14:55:00+00:00,2026-02-24 15:20:00+00:00,SHORT,63652.9,63843.8587,63843.8587,63270.9826,STOP,-0.0029910269192422456,-0.004391026919242246,-1.894218822711373,429.48979624915614,6
2026-02-24 16:00:00+00:00,2026-02-24 16:05:00+00:00,2026-02-24 16:25:00+00:00,SHORT,64310.9,63925.0346,64503.83269999999,63925.0346,TARGET,0.006036217303822866,0.004636217303822866,1.9912080251856947,431.48100427434184,5
2026-02-24 16:55:00+00:00,2026-02-24 17:00:00+00:00,2026-02-24 17:05:00+00:00,SHORT,64267.6,64460.40279999999,64460.40279999999,63881.994399999996,STOP,-0.0029910269192421346,-0.004391026919242135,-1.8946447049102657,429.5863595694316,2
2026-02-24 18:10:00+00:00,2026-02-24 18:15:00+00:00,2026-02-24 18:30:00+00:00,LONG,63969.9,64353.7194,63777.9903,64353.7194,TARGET,0.006000000000000005,0.004600000000000005,1.9760972540193875,431.562456823451,4
2026-02-24 19:00:00+00:00,2026-02-24 19:05:00+00:00,2026-02-24 19:05:00+00:00,SHORT,64514.4,64707.943199999994,64707.943199999994,64127.3136,STOP,-0.0029910269192421346,-0.004391026919242135,-1.8950023652460448,429.66745445820493,1
2026-02-24 21:00:00+00:00,2026-02-24 21:05:00+00:00,2026-02-24 21:15:00+00:00,LONG,64168.1,63975.5957,63975.5957,64553.1086,STOP,-0.0030000000000000027,-0.004400000000000003,-1.8905367996161029,427.77691765858884,3
2026-02-24 21:25:00+00:00,2026-02-24 21:30:00+00:00,2026-02-25 00:55:00+00:00,LONG,63915.2,64298.691199999994,63723.454399999995,64298.691199999994,TARGET,0.006000000000000005,0.004600000000000005,1.9677738212295108,429.74469147981836,42
2026-02-25 01:05:00+00:00,2026-02-25 01:10:00+00:00,2026-02-25 01:10:00+00:00,SHORT,64417.4,64610.6522,64610.6522,64030.8956,STOP,-0.0029910269192422456,-0.004391026919242246,-1.8870205086893361,427.85767097112904,1
2026-02-25 01:15:00+00:00,2026-02-25 01:20:00+00:00,2026-02-25 01:20:00+00:00,SHORT,65886.7,66084.36009999999,66084.36009999999,65491.379799999995,STOP,-0.0029910269192421346,-0.004391026919242135,-1.8787345508384716,425.97893642029055,1
2026-02-25 01:25:00+00:00,2026-02-25 01:30:00+00:00,2026-02-25 01:35:00+00:00,SHORT,65949.9,66147.74969999999,66147.74969999999,65554.2006,STOP,-0.0029910269192421346,-0.004391026919242135,-1.8704849768516296,424.1084514434389,2
2026-02-25 03:15:00+00:00,2026-02-25 03:20:00+00:00,2026-02-25 03:45:00+00:00,LONG,65570.2,65373.4894,65373.4894,65963.6212,STOP,-0.0030000000000000027,-0.004400000000000003,-1.8660771863511325,422.2423742570878,6
2026-02-25 04:00:00+00:00,2026-02-25 04:05:00+00:00,2026-02-25 05:30:00+00:00,LONG,65304.1,65108.187699999995,65108.187699999995,65695.9246,STOP,-0.0030000000000000027,-0.004400000000000003,-1.8578664467311876,420.38450781035664,18
2026-02-25 05:35:00+00:00,2026-02-25 05:40:00+00:00,2026-02-25 08:30:00+00:00,LONG,64912.0,65301.472,64717.264,65301.472,TARGET,0.006000000000000005,0.004600000000000005,1.9337687359276428,422.31827654628427,35
2026-02-25 08:50:00+00:00,2026-02-25 08:55:00+00:00,2026-02-25 12:20:00+00:00,SHORT,65582.6,65779.3478,65779.3478,65189.104400000004,STOP,-0.0029910269192422456,-0.004391026919242246,-1.8544109208027253,420.46386562548156,42
2026-02-25 12:45:00+00:00,2026-02-25 12:50:00+00:00,2026-02-25 12:50:00+00:00,SHORT,66010.9,66208.93269999999,66208.93269999999,65614.83459999999,STOP,-0.0029910269192422456,-0.004391026919242246,-1.8462681525301439,418.6175974729514,1
2026-02-25 13:00:00+00:00,2026-02-25 13:05:00+00:00,2026-02-25 13:40:00+00:00,SHORT,66114.9,66313.24469999998,66313.24469999998,65718.21059999999,STOP,-0.0029910269192420236,-0.004391026919242024,-1.8381611393721513,416.7794363335792,8
2026-02-25 13:45:00+00:00,2026-02-25 13:50:00+00:00,2026-02-25 13:55:00+00:00,SHORT,66641.1,66241.2534,66841.0233,66241.2534,TARGET,0.006036217303823088,0.004636217303823088,1.932280034607373,418.71171636818656,2
2026-02-25 14:05:00+00:00,2026-02-25 14:10:00+00:00,2026-02-25 14:30:00+00:00,SHORT,66430.0,66629.29,66629.29,66031.42,STOP,-0.0029910269192421346,-0.004391026919242135,-1.8385744179747847,416.8731419502118,5
2026-02-25 14:45:00+00:00,2026-02-25 14:50:00+00:00,2026-02-25 14:55:00+00:00,SHORT,66784.9,66985.25469999999,66985.25469999999,66384.19059999999,STOP,-0.0029910269192422456,-0.004391026919242246,-1.830501188212474,415.04264076199934,2
2026-02-25 15:00:00+00:00,2026-02-25 15:05:00+00:00,2026-02-25 15:30:00+00:00,SHORT,67101.5,67302.8045,67302.8045,66698.891,STOP,-0.0029910269192422456,-0.004391026919242246,-1.822463408219328,413.22017735378,6
2026-02-25 16:20:00+00:00,2026-02-25 16:25:00+00:00,2026-02-25 16:55:00+00:00,SHORT,68000.8,68204.8024,68204.8024,67592.79520000001,STOP,-0.0029910269192422456,-0.004391026919242246,-1.814460922334503,411.4057164314455,7
2026-02-25 17:00:00+00:00,2026-02-25 17:05:00+00:00,2026-02-25 17:10:00+00:00,SHORT,68193.1,68397.6793,68397.6793,67783.94140000001,STOP,-0.0029910269192422456,-0.004391026919242246,-1.806493575580619,409.59922285586487,2
2026-02-25 17:35:00+00:00,2026-02-25 17:40:00+00:00,2026-02-25 17:45:00+00:00,SHORT,68582.9,68788.64869999999,68788.64869999999,68171.40259999999,STOP,-0.0029910269192422456,-0.004391026919242246,-1.7985612136608065,407.80066164220403,2
2026-02-25 18:25:00+00:00,2026-02-25 18:30:00+00:00,2026-02-25 19:10:00+00:00,SHORT,69347.7,68931.61379999999,69555.74309999999,68931.61379999999,TARGET,0.006036217303823088,0.004636217303823088,1.8906524840160905,409.6913141262201,9
2026-02-25 20:10:00+00:00,2026-02-25 20:15:00+00:00,2026-02-25 20:30:00+00:00,LONG,68640.1,69051.9406,68434.17970000001,69051.9406,TARGET,0.006000000000000005,0.004600000000000005,1.8845800449806145,411.57589417120073,4
2026-02-25 20:50:00+00:00,2026-02-25 20:55:00+00:00,2026-02-25 21:25:00+00:00,SHORT,69221.6,68806.27040000001,69429.2648,68806.27040000001,TARGET,0.006036217303822866,0.004636217303822866,1.9081552823928896,413.4840494535936,7
2026-02-25 21:35:00+00:00,2026-02-25 21:40:00+00:00,2026-02-25 21:45:00+00:00,SHORT,69391.4,68975.05159999999,69599.57419999999,68975.05159999999,TARGET,0.006036217303822866,0.004636217303822866,1.9170019049315004,415.40105135852514,2
2026-02-25 22:40:00+00:00,2026-02-25 22:45:00+00:00,2026-02-25 22:50:00+00:00,LONG,68416.0,68210.752,68210.752,68826.496,STOP,-0.0030000000000001137,-0.004400000000000114,-1.827764625977558,413.57328673254756,2
2026-02-25 23:40:00+00:00,2026-02-25 23:45:00+00:00,2026-02-26 00:05:00+00:00,LONG,67692.9,68099.05739999999,67489.8213,68099.05739999999,TARGET,0.006000000000000005,0.004600000000000005,1.902437118969721,415.4757238515173,5
2026-02-26 01:05:00+00:00,2026-02-26 01:10:00+00:00,2026-02-26 02:00:00+00:00,SHORT,68557.5,68146.155,68763.17249999999,68146.155,TARGET,0.006036217303822866,0.004636217303822866,1.9262357402387351,417.401959591756,11
2026-02-26 02:10:00+00:00,2026-02-26 02:15:00+00:00,2026-02-26 02:55:00+00:00,LONG,67867.8,68275.0068,67664.1966,68275.0068,TARGET,0.006000000000000005,0.004600000000000005,1.9200490141220796,419.32200860587807,9
2026-02-26 04:10:00+00:00,2026-02-26 04:15:00+00:00,2026-02-26 04:30:00+00:00,SHORT,68524.5,68730.0735,68730.0735,68113.353,STOP,-0.0029910269192422456,-0.004391026919242246,-1.8412542276191393,417.48075437825895,4
2026-02-26 04:35:00+00:00,2026-02-26 04:40:00+00:00,2026-02-26 05:05:00+00:00,SHORT,68727.2,68314.83679999999,68933.3816,68314.83679999999,TARGET,0.006036217303823088,0.004636217303823088,1.9355314974616005,419.4162858757206,6
2026-02-26 05:15:00+00:00,2026-02-26 05:20:00+00:00,2026-02-26 07:35:00+00:00,LONG,68262.9,68058.11129999999,68058.11129999999,68672.47739999999,STOP,-0.0030000000000001137,-0.004400000000000114,-1.8454316578532184,417.57085421786735,28
2026-02-26 07:50:00+00:00,2026-02-26 07:55:00+00:00,2026-02-26 09:10:00+00:00,LONG,67878.2,68285.46919999999,67674.56539999999,68285.46919999999,TARGET,0.006000000000000005,0.004600000000000005,1.9208259294021919,419.49168014726956,16
2026-02-26 09:40:00+00:00,2026-02-26 09:45:00+00:00,2026-02-26 09:50:00+00:00,SHORT,68390.9,68596.07269999999,68596.07269999999,67980.55459999999,STOP,-0.0029910269192422456,-0.004391026919242246,-1.8419992599248187,417.64968088734474,2
2026-02-26 11:25:00+00:00,2026-02-26 11:30:00+00:00,2026-02-26 13:20:00+00:00,LONG,68152.7,67948.2419,67948.2419,68561.6162,STOP,-0.0030000000000000027,-0.004400000000000003,-1.8376585959043181,415.8120222914404,23
2026-02-26 13:50:00+00:00,2026-02-26 13:55:00+00:00,2026-02-26 14:00:00+00:00,LONG,67977.9,67773.9663,67773.9663,68385.7674,STOP,-0.0029999999999998916,-0.004399999999999892,-1.829572898082293,413.98244939335814,2
2026-02-26 14:05:00+00:00,2026-02-26 14:10:00+00:00,2026-02-26 14:20:00+00:00,LONG,67736.9,68143.3214,67533.6893,68143.3214,TARGET,0.006000000000000005,0.004600000000000005,1.9043192672094496,415.8867686605676,3
2026-02-26 14:35:00+00:00,2026-02-26 14:40:00+00:00,2026-02-26 14:45:00+00:00,LONG,67860.1,67656.5197,67656.5197,68267.26060000001,STOP,-0.0030000000000000027,-0.004400000000000003,-1.8299017821064987,414.0568668784611,2
2026-02-26 15:15:00+00:00,2026-02-26 15:20:00+00:00,2026-02-26 15:30:00+00:00,LONG,66967.5,66766.5975,66766.5975,67369.30500000001,STOP,-0.0030000000000000027,-0.004400000000000003,-1.82185021426523,412.2350166641959,3
2026-02-26 16:45:00+00:00,2026-02-26 16:50:00+00:00,2026-02-26 16:50:00+00:00,LONG,67033.2,66832.1004,66832.1004,67435.3992,STOP,-0.0030000000000000027,-0.004400000000000003,-1.8138340733224632,410.4211825908734,1
2026-02-26 18:30:00+00:00,2026-02-26 18:35:00+00:00,2026-02-26 19:00:00+00:00,SHORT,67281.3,67483.1439,67483.1439,66877.6122,STOP,-0.0029910269192421346,-0.004391026919242135,-1.8021704609837166,408.6190121298897,6
2026-02-26 19:55:00+00:00,2026-02-26 20:00:00+00:00,2026-02-26 20:00:00+00:00,SHORT,67587.6,67790.3628,67790.3628,67182.07440000001,STOP,-0.0029910269192422456,-0.004391026919242246,-1.7942570819765196,406.8247550479132,1
2026-02-26 20:35:00+00:00,2026-02-26 20:40:00+00:00,2026-02-26 21:10:00+00:00,LONG,67373.8,67171.6786,67171.6786,67778.04280000001,STOP,-0.0030000000000000027,-0.004400000000000003,-1.7900289222108192,405.0347261257024,7
2026-02-26 22:10:00+00:00,2026-02-26 22:15:00+00:00,2026-02-27 00:35:00+00:00,SHORT,67556.0,67150.664,67758.66799999999,67150.664,TARGET,0.006036217303822866,0.004636217303822866,1.8778290059131368,406.91255513161553,29
2026-02-27 00:45:00+00:00,2026-02-27 00:50:00+00:00,2026-02-27 01:05:00+00:00,LONG,67163.5,66962.0095,66962.0095,67566.481,STOP,-0.0030000000000000027,-0.004400000000000003,-1.7904152425791096,405.1221398890364,4
2026-02-27 02:10:00+00:00,2026-02-27 02:15:00+00:00,2026-02-27 02:20:00+00:00,SHORT,67316.4,67518.34919999998,67518.34919999998,66912.50159999999,STOP,-0.0029910269192421346,-0.004391026919242135,-1.7789022218337367,403.3432376672027,2
2026-02-27 03:10:00+00:00,2026-02-27 03:15:00+00:00,2026-02-27 03:55:00+00:00,LONG,67171.4,67574.42839999999,66969.88579999999,67574.42839999999,TARGET,0.006000000000000005,0.004600000000000005,1.8553788932691344,405.1986165604718,9
2026-02-27 04:00:00+00:00,2026-02-27 04:05:00+00:00,2026-02-27 04:15:00+00:00,SHORT,67808.0,68011.424,68011.424,67401.152,STOP,-0.0029910269192422456,-0.004391026919242246,-1.7792380329567485,403.41937852751505,3
2026-02-27 04:30:00+00:00,2026-02-27 04:35:00+00:00,2026-02-27 08:10:00+00:00,SHORT,67844.5,68048.03349999999,68048.03349999999,67437.433,STOP,-0.0029910269192421346,-0.004391026919242135,-1.7714253508582511,401.6479531766568,44
2026-02-27 08:55:00+00:00,2026-02-27 09:00:00+00:00,2026-02-27 09:20:00+00:00,SHORT,67917.2,68120.95159999999,68120.95159999999,67509.69679999999,STOP,-0.0029910269192421346,-0.004391026919242135,-1.7636469744572045,399.8843062021996,5
2026-02-27 09:45:00+00:00,2026-02-27 09:50:00+00:00,2026-02-27 10:00:00+00:00,LONG,67452.8,67250.4416,67250.4416,67857.5168,STOP,-0.0030000000000000027,-0.004400000000000003,-1.7594909472896794,398.1248152549099,3
2026-02-27 10:10:00+00:00,2026-02-27 10:15:00+00:00,2026-02-27 10:50:00+00:00,LONG,66872.3,66671.68310000001,66671.68310000001,67273.5338,STOP,-0.0029999999999998916,-0.004399999999999892,-1.7517491871215605,396.37306606778833,8
2026-02-27 11:15:00+00:00,2026-02-27 11:20:00+00:00,2026-02-27 11:35:00+00:00,LONG,66401.2,66201.9964,66201.9964,66799.6072,STOP,-0.0029999999999998916,-0.004399999999999892,-1.7440414906982258,394.6290245770901,4
2026-02-27 12:45:00+00:00,2026-02-27 12:50:00+00:00,2026-02-27 13:00:00+00:00,LONG,65763.8,66158.3828,65566.5086,66158.3828,TARGET,0.006000000000000005,0.004600000000000005,1.8152935130546164,396.4443180901447,3
2026-02-27 13:40:00+00:00,2026-02-27 13:45:00+00:00,2026-02-27 13:50:00+00:00,SHORT,66039.1,66237.2173,66237.2173,65642.86540000001,STOP,-0.0029910269192422456,-0.004391026919242246,-1.740797672714461,394.70352041743024,2
2026-02-27 14:35:00+00:00,2026-02-27 14:40:00+00:00,2026-02-27 14:40:00+00:00,SHORT,66244.4,65846.93359999999,66443.13319999998,65846.93359999999,TARGET,0.006036217303823088,0.004636217303823088,1.8299312912391796,396.5334517086694,1
2026-02-27 14:45:00+00:00,2026-02-27 14:50:00+00:00,2026-02-27 15:50:00+00:00,LONG,65877.4,66272.6644,65679.76779999999,66272.6644,TARGET,0.006000000000000005,0.004600000000000005,1.8240538778598814,398.35750558652927,13
2026-02-27 16:05:00+00:00,2026-02-27 16:10:00+00:00,2026-02-27 16:40:00+00:00,LONG,65913.4,65715.6598,65715.6598,66308.8804,STOP,-0.0030000000000000027,-0.004400000000000003,-1.75277302458073,396.60473256194854,7
2026-02-27 16:45:00+00:00,2026-02-27 16:50:00+00:00,2026-02-27 17:20:00+00:00,LONG,65490.1,65293.6297,65293.6297,65883.0406,STOP,-0.0030000000000000027,-0.004400000000000003,-1.7450608232725746,394.85967173867596,7
2026-02-27 17:30:00+00:00,2026-02-27 17:35:00+00:00,2026-02-27 17:55:00+00:00,LONG,65299.0,65690.794,65103.103,65690.794,TARGET,0.006000000000000005,0.004600000000000005,1.8163544899979114,396.6760262286739,5
2026-02-27 20:50:00+00:00,2026-02-27 20:55:00+00:00,2026-02-27 22:30:00+00:00,SHORT,65620.0,65226.28,65816.85999999999,65226.28,TARGET,0.006036217303822866,0.004636217303822866,1.839076256813071,398.515102485487,20
2026-02-27 22:35:00+00:00,2026-02-27 22:40:00+00:00,2026-02-27 23:00:00+00:00,LONG,65281.0,65672.686,65085.157,65672.686,TARGET,0.006000000000000005,0.004600000000000005,1.833169471433242,400.3482719569202,5
2026-02-28 02:50:00+00:00,2026-02-28 02:55:00+00:00,2026-02-28 04:30:00+00:00,SHORT,66011.4,65615.33159999999,66209.43419999999,65615.33159999999,TARGET,0.006036217303823088,0.004636217303823088,1.8561015860023449,402.20437354292255,20
2026-02-28 06:15:00+00:00,2026-02-28 06:20:00+00:00,2026-02-28 06:25:00+00:00,LONG,64948.7,64753.853899999995,64753.853899999995,65338.392199999995,STOP,-0.0030000000000000027,-0.004400000000000003,-1.7696992435888603,400.43467429933366,2
2026-02-28 06:30:00+00:00,2026-02-28 06:35:00+00:00,2026-02-28 06:35:00+00:00,LONG,64107.2,63914.878399999994,63914.878399999994,64491.843199999996,STOP,-0.0030000000000000027,-0.004400000000000003,-1.7619125669170692,398.6727617324166,1
2026-02-28 06:40:00+00:00,2026-02-28 06:45:00+00:00,2026-02-28 06:45:00+00:00,LONG,64051.9,63859.7443,63859.7443,64436.2114,STOP,-0.0030000000000000027,-0.004400000000000003,-1.7541601516226342,396.91860158079396,1
2026-02-28 06:50:00+00:00,2026-02-28 06:55:00+00:00,2026-02-28 06:55:00+00:00,LONG,63408.3,63218.0751,63218.0751,63788.749800000005,STOP,-0.0030000000000000027,-0.004400000000000003,-1.7464418469554945,395.17215973383844,1
2026-02-28 07:00:00+00:00,2026-02-28 07:05:00+00:00,2026-02-28 07:20:00+00:00,LONG,63555.5,63364.8335,63364.8335,63936.833,STOP,-0.0030000000000000027,-0.004400000000000003,-1.7387575028288902,393.43340223100955,4
2026-02-28 10:30:00+00:00,2026-02-28 10:35:00+00:00,2026-02-28 11:00:00+00:00,SHORT,64007.4,64199.42219999999,64199.42219999999,63623.3556,STOP,-0.0029910269192421346,-0.004391026919242135,-1.7275766601253815,391.70582557088414,6
2026-02-28 12:25:00+00:00,2026-02-28 12:30:00+00:00,2026-02-28 13:45:00+00:00,LONG,63996.9,64380.8814,63804.9093,64380.8814,TARGET,0.006000000000000005,0.004600000000000005,1.801846797626069,393.5076723685102,16
2026-02-28 13:50:00+00:00,2026-02-28 13:55:00+00:00,2026-02-28 13:55:00+00:00,SHORT,64864.9,65059.494699999996,65059.494699999996,64475.7106,STOP,-0.0029910269192421346,-0.004391026919242135,-1.7279027822984427,391.7797695862118,1
2026-02-28 14:00:00+00:00,2026-02-28 14:05:00+00:00,2026-02-28 14:05:00+00:00,SHORT,64808.6,65003.02579999999,65003.02579999999,64419.7484,STOP,-0.0029910269192421346,-0.004391026919242135,-1.7203155146675368,390.0594540715442,1
2026-02-28 14:50:00+00:00,2026-02-28 14:55:00+00:00,2026-02-28 15:10:00+00:00,LONG,64434.4,64241.0968,64241.0968,64821.0064,STOP,-0.0030000000000000027,-0.004400000000000003,-1.7162615979147957,388.3431924736294,4
2026-02-28 16:40:00+00:00,2026-02-28 16:45:00+00:00,2026-02-28 17:55:00+00:00,SHORT,65160.5,65355.981499999994,65355.981499999994,64769.537,STOP,-0.0029910269192421346,-0.004391026919242135,-1.7052254120561363,386.6379670615733,15
2026-02-28 18:00:00+00:00,2026-02-28 18:05:00+00:00,2026-02-28 18:35:00+00:00,SHORT,65363.0,65559.08899999999,65559.08899999999,64970.822,STOP,-0.0029910269192421346,-0.004391026919242135,-1.6977377213684222,384.9402293402049,7
2026-02-28 18:55:00+00:00,2026-02-28 19:00:00+00:00,2026-02-28 19:30:00+00:00,SHORT,65905.5,66103.2165,66103.2165,65510.067,STOP,-0.0029910269192422456,-0.004391026919242246,-1.6902829093321234,383.2499464308728,7
2026-02-28 19:35:00+00:00,2026-02-28 19:40:00+00:00,2026-02-28 20:05:00+00:00,SHORT,66585.2,66185.6888,66784.95559999999,66185.6888,TARGET,0.006036217303822866,0.004636217303822866,1.7768300333319988,385.0267764642048,6
2026-02-28 20:20:00+00:00,2026-02-28 20:25:00+00:00,2026-02-28 20:45:00+00:00,SHORT,66930.5,67131.29149999999,67131.29149999999,66528.917,STOP,-0.0029910269192421346,-0.004391026919242135,-1.6906629400833473,383.3361135241214,5
2026-02-28 22:35:00+00:00,2026-02-28 22:40:00+00:00,2026-02-28 22:55:00+00:00,SHORT,67539.7,67134.46179999999,67742.3191,67134.46179999999,TARGET,0.006036217303823088,0.004636217303823088,1.7772295227008232,385.11334304682225,4
2026-02-28 23:35:00+00:00,2026-02-28 23:40:00+00:00,2026-03-01 01:05:00+00:00,LONG,66777.3,66576.9681,66576.9681,67177.9638,STOP,-0.0030000000000001137,-0.004400000000000114,-1.6944987094060617,383.4188443374162,18
2026-03-01 01:10:00+00:00,2026-03-01 01:15:00+00:00,2026-03-01 01:15:00+00:00,LONG,66304.6,66105.68620000001,66105.68620000001,66702.42760000001,STOP,-0.0029999999999998916,-0.004399999999999892,-1.6870429150845898,381.7318014223316,1
2026-03-01 01:45:00+00:00,2026-03-01 01:50:00+00:00,2026-03-01 01:50:00+00:00,SHORT,67339.0,67541.01699999999,67541.01699999999,66934.966,STOP,-0.0029910269192421346,-0.004391026919242135,-1.676194615976251,380.05560680635534,1
2026-03-01 02:00:00+00:00,2026-03-01 02:05:00+00:00,2026-03-01 03:20:00+00:00,SHORT,68013.0,67604.922,68217.03899999999,67604.922,TARGET,0.006036217303822866,0.004636217303822866,1.762020380690524,381.81762718704584,16
2026-03-01 04:10:00+00:00,2026-03-01 04:15:00+00:00,2026-03-01 04:15:00+00:00,LONG,67282.9,67081.05129999999,67081.05129999999,67686.5974,STOP,-0.0030000000000000027,-0.004400000000000003,-1.6799975596230028,380.1376296274228,1
2026-03-01 06:05:00+00:00,2026-03-01 06:10:00+00:00,2026-03-01 06:30:00+00:00,LONG,67104.3,66902.9871,66902.9871,67506.9258,STOP,-0.0030000000000001137,-0.004400000000000114,-1.6726055703607037,378.4650240570621,5
2026-03-01 06:35:00+00:00,2026-03-01 06:40:00+00:00,2026-03-01 08:20:00+00:00,LONG,66882.3,67283.5938,66681.6531,67283.5938,TARGET,0.006000000000000005,0.004600000000000005,1.7409391106624876,380.20596316772463,21
2026-03-01 08:25:00+00:00,2026-03-01 08:30:00+00:00,2026-03-01 08:50:00+00:00,SHORT,67227.8,66824.4332,67429.4834,66824.4332,TARGET,0.006036217303823088,0.004636217303823088,1.7627174654549287,381.9686806331796,5
2026-03-01 12:30:00+00:00,2026-03-01 12:35:00+00:00,2026-03-01 13:50:00+00:00,LONG,66290.0,66687.74,66091.13,66687.74,TARGET,0.006000000000000005,0.004600000000000005,1.7570559309126281,383.72573656409224,16
2026-03-01 13:55:00+00:00,2026-03-01 14:00:00+00:00,2026-03-01 14:05:00+00:00,SHORT,66948.1,67148.9443,67148.9443,66546.41140000001,STOP,-0.0029910269192422456,-0.004391026919242246,-1.6849500388589875,382.0407865252333,2
2026-03-01 16:45:00+00:00,2026-03-01 16:50:00+00:00,2026-03-01 16:50:00+00:00,LONG,66087.0,65888.739,65888.739,66483.522,STOP,-0.0030000000000000027,-0.004400000000000003,-1.6809794607110276,380.3598070645223,1
2026-03-01 17:15:00+00:00,2026-03-01 17:20:00+00:00,2026-03-01 18:00:00+00:00,LONG,65838.0,66233.028,65640.486,66233.028,TARGET,0.006000000000000005,0.004600000000000005,1.7496551124968045,382.10946217701905,9
2026-03-01 19:40:00+00:00,2026-03-01 19:45:00+00:00,2026-03-01 20:05:00+00:00,LONG,65820.5,65623.0385,65623.0385,66215.423,STOP,-0.0030000000000001137,-0.004400000000000114,-1.6812816335789273,380.42818054344013,5
2026-03-01 20:10:00+00:00,2026-03-01 20:15:00+00:00,2026-03-01 20:30:00+00:00,LONG,65456.2,65259.831399999995,65259.831399999995,65848.9372,STOP,-0.0030000000000000027,-0.004400000000000003,-1.6738839943911377,378.754296549049,4
2026-03-01 20:35:00+00:00,2026-03-01 20:40:00+00:00,2026-03-01 21:20:00+00:00,LONG,65193.2,65584.35919999999,64997.6204,65584.35919999999,TARGET,0.006000000000000005,0.004600000000000005,1.7422697641256273,380.49656631317464,9
2026-03-01 22:10:00+00:00,2026-03-01 22:15:00+00:00,2026-03-01 22:30:00+00:00,SHORT,66010.7,65614.6358,66208.7321,65614.6358,TARGET,0.006036217303822866,0.004636217303822866,1.7640647647863248,382.26063107796097,4
2026-03-02 00:40:00+00:00,2026-03-02 00:45:00+00:00,2026-03-02 01:10:00+00:00,SHORT,66643.9,66843.83169999998,66843.83169999998,66244.03659999999,STOP,-0.0029910269192420236,-0.004391026919242024,-1.6785167212297707,380.5821143567312,6
2026-03-02 02:05:00+00:00,2026-03-02 02:10:00+00:00,2026-03-02 02:10:00+00:00,LONG,66185.9,65987.34229999999,65987.34229999999,66583.01539999999,STOP,-0.0030000000000001137,-0.004400000000000114,-1.6745613031696607,378.90755305356157,1
2026-03-02 03:35:00+00:00,2026-03-02 03:40:00+00:00,2026-03-02 06:15:00+00:00,SHORT,66874.5,66473.253,67075.12349999999,66473.253,TARGET,0.006036217303823088,0.004636217303823088,1.756697754016187,380.66425080757773,32
2026-03-02 06:20:00+00:00,2026-03-02 06:25:00+00:00,2026-03-02 07:05:00+00:00,LONG,66148.1,65949.6557,65949.6557,66544.98860000001,STOP,-0.0030000000000000027,-0.004400000000000003,-1.6749227035533432,378.98932810402437,9
2026-03-02 07:10:00+00:00,2026-03-02 07:15:00+00:00,2026-03-02 08:15:00+00:00,LONG,65703.5,66097.721,65506.3895,66097.721,TARGET,0.006000000000000005,0.004600000000000005,1.743350909278514,380.73267901330286,13
2026-03-02 09:00:00+00:00,2026-03-02 09:05:00+00:00,2026-03-02 09:10:00+00:00,SHORT,66231.3,66429.9939,66429.9939,65833.9122,STOP,-0.0029910269192422456,-0.004391026919242246,-1.6718074425826301,379.0608715707202,2
2026-03-02 09:35:00+00:00,2026-03-02 09:40:00+00:00,2026-03-02 12:35:00+00:00,SHORT,66391.9,65993.5486,66591.07569999999,65993.5486,TARGET,0.006036217303822866,0.004636217303822866,1.75740857197835,380.8182801426986,36
2026-03-02 12:45:00+00:00,2026-03-02 12:50:00+00:00,2026-03-02 13:05:00+00:00,LONG,66002.5,65804.4925,65804.4925,66398.515,STOP,-0.0030000000000001137,-0.004400000000000114,-1.6756004326279172,379.1426797100707,4
2026-03-02 13:25:00+00:00,2026-03-02 13:30:00+00:00,2026-03-02 13:40:00+00:00,LONG,65824.3,65626.82710000001,65626.82710000001,66219.2458,STOP,-0.0029999999999998916,-0.004399999999999892,-1.66822779072427,377.47445191934645,3
2026-03-02 13:50:00+00:00,2026-03-02 13:55:00+00:00,2026-03-02 14:30:00+00:00,LONG,65439.5,65832.137,65243.1815,65832.137,TARGET,0.006000000000000005,0.004600000000000005,1.7363824788289957,379.21083439817545,8
2026-03-02 14:35:00+00:00,2026-03-02 14:40:00+00:00,2026-03-02 14:40:00+00:00,SHORT,66343.6,66542.6308,66542.6308,65945.5384,STOP,-0.0029910269192421346,-0.004391026919242135,-1.6651249819106597,377.5457094162648,1
2026-03-02 14:45:00+00:00,2026-03-02 14:50:00+00:00,2026-03-02 14:50:00+00:00,SHORT,66991.8,67192.7754,67192.7754,66589.8492,STOP,-0.0029910269192422456,-0.004391026919242246,-1.6578133732912295,375.8878960429736,1
2026-03-02 14:55:00+00:00,2026-03-02 15:00:00+00:00,2026-03-02 15:00:00+00:00,SHORT,67166.5,67367.99949999999,67367.99949999999,66763.501,STOP,-0.0029910269192421346,-0.004391026919242135,-1.650533870141986,374.2373621728316,1
2026-03-02 15:05:00+00:00,2026-03-02 15:10:00+00:00,2026-03-02 15:10:00+00:00,SHORT,67743.5,67946.73049999999,67946.73049999999,67337.039,STOP,-0.0029910269192421346,-0.004391026919242135,-1.6432863314870716,372.59407584134453,1
2026-03-02 15:15:00+00:00,2026-03-02 15:20:00+00:00,2026-03-02 15:20:00+00:00,SHORT,68370.4,68575.5112,68575.5112,67960.1776,STOP,-0.0029910269192422456,-0.004391026919242246,-1.6360706169695307,370.95800522437503,1
2026-03-02 15:30:00+00:00,2026-03-02 15:35:00+00:00,2026-03-02 15:35:00+00:00,SHORT,68864.2,69070.79259999999,69070.79259999999,68451.01479999999,STOP,-0.0029910269192421346,-0.004391026919242135,-1.6288865868485953,369.32911863752645,1
2026-03-02 16:45:00+00:00,2026-03-02 16:50:00+00:00,2026-03-02 16:55:00+00:00,SHORT,69820.5,69401.577,70029.96149999999,69401.577,TARGET,0.006036217303822866,0.004636217303822866,1.7122900506329484,371.0414086881594,2
2026-03-02 18:55:00+00:00,2026-03-02 19:00:00+00:00,2026-03-02 19:05:00+00:00,LONG,68878.5,68671.8645,68671.8645,69291.771,STOP,-0.0030000000000000027,-0.004400000000000003,-1.6325821982279023,369.40882648993147,2
2026-03-02 19:30:00+00:00,2026-03-02 19:35:00+00:00,2026-03-02 20:10:00+00:00,LONG,68886.7,68680.0399,68680.0399,69300.0202,STOP,-0.0029999999999998916,-0.004399999999999892,-1.6253988365556584,367.78342765337584,8
2026-03-02 20:45:00+00:00,2026-03-02 20:50:00+00:00,2026-03-02 23:30:00+00:00,SHORT,69386.3,68969.9822,69594.4589,68969.9822,TARGET,0.006036217303823088,0.004636217303823088,1.7051238913459479,369.48855154472176,33
2026-03-03 01:20:00+00:00,2026-03-03 01:25:00+00:00,2026-03-03 02:00:00+00:00,SHORT,69002.7,68588.6838,69209.70809999999,68588.6838,TARGET,0.006036217303822866,0.004636217303822866,1.7130292162360858,371.2015807609578,8
2026-03-03 02:20:00+00:00,2026-03-03 02:25:00+00:00,2026-03-03 04:40:00+00:00,LONG,68382.1,68176.95370000001,68176.95370000001,68792.3926,STOP,-0.0029999999999998916,-0.004399999999999892,-1.6332869553481744,369.56829380560964,28
2026-03-03 04:45:00+00:00,2026-03-03 04:50:00+00:00,2026-03-03 05:15:00+00:00,LONG,68089.6,68498.1376,67885.3312,68498.1376,TARGET,0.006000000000000005,0.004600000000000005,1.7000141515058063,371.26830795711544,6
2026-03-03 05:45:00+00:00,2026-03-03 05:50:00+00:00,2026-03-03 08:10:00+00:00,LONG,67872.4,68279.6344,67668.7828,68279.6344,TARGET,0.006000000000000005,0.004600000000000005,1.707834216602733,372.9761421737182,29
2026-03-03 08:55:00+00:00,2026-03-03 09:00:00+00:00,2026-03-03 09:25:00+00:00,LONG,66999.4,66798.40179999999,66798.40179999999,67401.3964,STOP,-0.0030000000000000027,-0.004400000000000003,-1.641095025564361,371.3350471481538,6
2026-03-03 11:05:00+00:00,2026-03-03 11:10:00+00:00,2026-03-03 12:00:00+00:00,SHORT,66975.9,67176.82769999998,67176.82769999998,66574.0446,STOP,-0.0029910269192420236,-0.004391026919242024,-1.6305421880855495,369.7045049600683,11
2026-03-03 12:10:00+00:00,2026-03-03 12:15:00+00:00,2026-03-03 12:35:00+00:00,SHORT,67740.1,67333.6594,67943.32029999999,67333.6594,TARGET,0.006036217303822866,0.004636217303822866,1.714030423197135,371.4185353832654,5
2026-03-03 13:45:00+00:00,2026-03-03 13:50:00+00:00,2026-03-03 14:00:00+00:00,LONG,66734.9,67135.3094,66534.69529999999,67135.3094,TARGET,0.006000000000000005,0.004600000000000005,1.7085252627630227,373.12706064602844,3
2026-03-03 14:30:00+00:00,2026-03-03 14:35:00+00:00,2026-03-03 14:40:00+00:00,LONG,66875.5,66674.8735,66674.8735,67276.753,STOP,-0.0030000000000000027,-0.004400000000000003,-1.6417590668425261,371.4853015791859,2
2026-03-03 14:45:00+00:00,2026-03-03 14:50:00+00:00,2026-03-03 14:50:00+00:00,LONG,66278.5,66676.171,66079.6645,66676.171,TARGET,0.006000000000000005,0.004600000000000005,1.708832387264257,373.1941339664501,1
2026-03-03 15:35:00+00:00,2026-03-03 15:40:00+00:00,2026-03-03 15:40:00+00:00,SHORT,67556.0,67758.66799999999,67758.66799999999,67150.664,STOP,-0.0029910269192421346,-0.004391026919242135,-1.6387054883499381,371.55542847810017,1
2026-03-03 16:25:00+00:00,2026-03-03 16:30:00+00:00,2026-03-03 16:30:00+00:00,SHORT,68820.9,68407.97459999999,69027.36269999998,68407.97459999999,TARGET,0.006036217303823088,0.004636217303823088,1.7226117068395697,373.27804018493975,1
2026-03-03 16:35:00+00:00,2026-03-03 16:40:00+00:00,2026-03-03 16:45:00+00:00,SHORT,67849.4,68052.94819999998,68052.94819999998,67442.3036,STOP,-0.0029910269192421346,-0.004391026919242135,-1.6390739228140179,371.63896626212573,2
2026-03-03 18:30:00+00:00,2026-03-03 18:35:00+00:00,2026-03-03 18:35:00+00:00,SHORT,68672.5,68878.51749999999,68878.51749999999,68260.465,STOP,-0.0029910269192421346,-0.004391026919242135,-1.6318767050963137,370.0070895570294,1
2026-03-03 19:35:00+00:00,2026-03-03 19:40:00+00:00,2026-03-03 20:00:00+00:00,LONG,68597.6,68391.80720000001,68391.80720000001,69009.18560000001,STOP,-0.0029999999999998916,-0.004399999999999892,-1.6280311940508894,368.3790583629785,5
2026-03-03 20:15:00+00:00,2026-03-03 20:20:00+00:00,2026-03-03 21:00:00+00:00,LONG,68256.3,68051.53110000001,68051.53110000001,68665.83780000001,STOP,-0.0029999999999998916,-0.004399999999999892,-1.6208678567970656,366.75819050618145,9
2026-03-03 22:00:00+00:00,2026-03-03 22:05:00+00:00,2026-03-03 23:10:00+00:00,SHORT,68312.3,68517.23689999999,68517.23689999999,67902.4262,STOP,-0.0029910269192420236,-0.004391026919242024,-1.6104450873651373,365.1477454188163,14
2026-03-04 01:30:00+00:00,2026-03-04 01:35:00+00:00,2026-03-04 01:40:00+00:00,SHORT,68503.5,68709.01049999999,68709.01049999999,68092.479,STOP,-0.0029910269192421346,-0.004391026919242135,-1.6033735796345965,363.54437183918174,2
2026-03-04 01:45:00+00:00,2026-03-04 01:50:00+00:00,2026-03-04 02:30:00+00:00,SHORT,68416.6,68006.10040000001,68621.8498,68006.10040000001,TARGET,0.006036217303822866,0.004636217303822866,1.6854707074282287,365.22984254661,9
2026-03-04 03:30:00+00:00,2026-03-04 03:35:00+00:00,2026-03-04 04:10:00+00:00,LONG,67531.6,67936.7896,67329.0052,67936.7896,TARGET,0.006000000000000005,0.004600000000000005,1.6800572757144077,366.9098998223244,8
2026-03-04 05:25:00+00:00,2026-03-04 05:30:00+00:00,2026-03-04 05:40:00+00:00,SHORT,67824.9,68028.37469999999,68028.37469999999,67417.9506,STOP,-0.0029910269192421346,-0.004391026919242135,-1.6111112470562614,365.29878857526813,3
2026-03-04 06:10:00+00:00,2026-03-04 06:15:00+00:00,2026-03-04 06:30:00+00:00,SHORT,68191.1,68395.6733,68395.6733,67781.9534,STOP,-0.0029910269192421346,-0.004391026919242135,-1.6040368142005437,363.6947517610676,4
2026-03-04 06:35:00+00:00,2026-03-04 06:40:00+00:00,2026-03-04 07:25:00+00:00,SHORT,68555.4,68761.06619999999,68761.06619999999,68144.0676,STOP,-0.0029910269192421346,-0.004391026919242135,-1.5969934453699337,362.09775831569766,10
2026-03-04 07:40:00+00:00,2026-03-04 07:45:00+00:00,2026-03-04 07:45:00+00:00,SHORT,68964.0,69170.89199999999,69170.89199999999,68550.216,STOP,-0.0029910269192421346,-0.004391026919242135,-1.589981004161461,360.5077773115362,1
2026-03-04 07:50:00+00:00,2026-03-04 07:55:00+00:00,2026-03-04 07:55:00+00:00,SHORT,69322.2,69530.1666,69530.1666,68906.2668,STOP,-0.0029910269192422456,-0.004391026919242246,-1.5829993547711443,358.92477795676507,1
2026-03-04 08:30:00+00:00,2026-03-04 08:35:00+00:00,2026-03-04 08:40:00+00:00,SHORT,69506.0,69714.518,69714.518,69088.96399999999,STOP,-0.0029910269192422456,-0.004391026919242246,-1.5760483619912014,357.3487295947739,2
2026-03-04 08:45:00+00:00,2026-03-04 08:50:00+00:00,2026-03-04 08:55:00+00:00,SHORT,70602.4,70814.20719999999,70814.20719999999,70178.78559999999,STOP,-0.0029910269192422456,-0.004391026919242246,-1.5691278912076703,355.77960170356624,2
2026-03-04 09:00:00+00:00,2026-03-04 09:05:00+00:00,2026-03-04 09:05:00+00:00,SHORT,70798.9,71011.29669999999,71011.29669999999,70374.1066,STOP,-0.0029910269192422456,-0.004391026919242246,-1.5622378083976438,354.2173638951686,1
2026-03-04 09:15:00+00:00,2026-03-04 09:20:00+00:00,2026-03-04 09:30:00+00:00,SHORT,71195.1,71408.6853,71408.6853,70767.92940000001,STOP,-0.0029910269192421346,-0.004391026919242135,-1.5553779801266723,352.66198591504195,3
2026-03-04 09:35:00+00:00,2026-03-04 09:40:00+00:00,2026-03-04 10:45:00+00:00,SHORT,71685.4,71255.2876,71900.45619999999,71255.2876,TARGET,0.006036217303822866,0.004636217303822866,1.6350176014998534,354.2970035165418,14
2026-03-04 11:40:00+00:00,2026-03-04 11:45:00+00:00,2026-03-04 12:05:00+00:00,LONG,71100.2,70886.8994,70886.8994,71526.8012,STOP,-0.0030000000000000027,-0.004400000000000003,-1.558906815472785,352.738096701069,5
2026-03-04 13:40:00+00:00,2026-03-04 13:45:00+00:00,2026-03-04 14:05:00+00:00,SHORT,71438.6,71652.9158,71652.9158,71009.96840000001,STOP,-0.0029910269192422456,-0.004391026919242246,-1.5488824780566686,351.18921422301236,5
2026-03-04 14:15:00+00:00,2026-03-04 14:20:00+00:00,2026-03-04 14:30:00+00:00,SHORT,71715.7,71930.84709999998,71930.84709999998,71285.4058,STOP,-0.0029910269192421346,-0.004391026919242135,-1.54208129340074,349.64713292961164,3
2026-03-04 14:35:00+00:00,2026-03-04 14:40:00+00:00,2026-03-04 14:40:00+00:00,SHORT,71906.8,71475.3592,72122.5204,71475.3592,TARGET,0.006036217303822866,0.004636217303822866,1.6210400879203193,351.268173017532,1
2026-03-04 15:00:00+00:00,2026-03-04 15:05:00+00:00,2026-03-04 15:05:00+00:00,SHORT,71679.8,71894.8394,71894.8394,71249.7212,STOP,-0.0029910269192422456,-0.004391026919242246,-1.5424280035930256,349.72574501393893,1
2026-03-04 15:25:00+00:00,2026-03-04 15:30:00+00:00,2026-03-04 15:55:00+00:00,SHORT,72981.9,73200.84569999999,73200.84569999999,72544.0086,STOP,-0.0029910269192422456,-0.004391026919242246,-1.5356551607082556,348.1900898532307,6
2026-03-04 18:10:00+00:00,2026-03-04 18:15:00+00:00,2026-03-04 18:40:00+00:00,LONG,73035.1,73473.31060000001,72815.99470000001,73473.31060000001,TARGET,0.006000000000000005,0.004600000000000005,1.601674413324863,349.79176426655556,6
2026-03-04 19:10:00+00:00,2026-03-04 19:15:00+00:00,2026-03-04 20:05:00+00:00,SHORT,73880.0,73436.72,74101.63999999998,73436.72,TARGET,0.006036217303822866,0.004636217303822866,1.6217106302273336,351.4134748967829,11
2026-03-04 20:55:00+00:00,2026-03-04 21:00:00+00:00,2026-03-04 22:00:00+00:00,LONG,73022.9,73461.0374,72803.83129999999,73461.0374,TARGET,0.006000000000000005,0.004600000000000005,1.616501984525203,353.0299768813081,13
2026-03-04 22:40:00+00:00,2026-03-04 22:45:00+00:00,2026-03-04 22:50:00+00:00,LONG,72918.7,72699.9439,72699.9439,73356.2122,STOP,-0.0030000000000000027,-0.004400000000000003,-1.5533318982777566,351.4766449830303,2
2026-03-04 23:00:00+00:00,2026-03-04 23:05:00+00:00,2026-03-04 23:30:00+00:00,LONG,72681.0,72462.957,72462.957,73117.086,STOP,-0.0030000000000001137,-0.004400000000000114,-1.5464972379253734,349.93014774510493,6
2026-03-04 23:35:00+00:00,2026-03-04 23:40:00+00:00,2026-03-05 01:10:00+00:00,LONG,72701.1,73137.30660000001,72482.9967,73137.30660000001,TARGET,0.006000000000000005,0.004600000000000005,1.6096786796274845,351.53982642473244,19
2026-03-05 01:40:00+00:00,2026-03-05 01:45:00+00:00,2026-03-05 01:55:00+00:00,LONG,72657.5,72439.5275,72439.5275,73093.445,STOP,-0.0030000000000000027,-0.004400000000000003,-1.5467752362688238,349.9930511884636,3
2026-03-05 04:30:00+00:00,2026-03-05 04:35:00+00:00,2026-03-05 04:35:00+00:00,SHORT,72600.2,72818.00059999998,72818.00059999998,72164.59879999999,STOP,-0.0029910269192421346,-0.004391026919242135,-1.5368289093162342,348.45622227914737,1
2026-03-05 04:45:00+00:00,2026-03-05 04:50:00+00:00,2026-03-05 05:35:00+00:00,SHORT,72870.1,72432.8794,73088.71029999999,72432.8794,TARGET,0.006036217303822866,0.004636217303822866,1.61551876735533,350.0717410465027,10
2026-03-05 05:50:00+00:00,2026-03-05 05:55:00+00:00,2026-03-05 06:00:00+00:00,LONG,72400.3,72183.0991,72183.0991,72834.70180000001,STOP,-0.0029999999999998916,-0.004399999999999892,-1.540315660604574,348.53142538589816,2
2026-03-05 07:45:00+00:00,2026-03-05 07:50:00+00:00,2026-03-05 07:50:00+00:00,LONG,72174.0,71957.478,71957.478,72607.044,STOP,-0.0030000000000000027,-0.004400000000000003,-1.5335382716979529,346.9978871142002,1
2026-03-05 08:20:00+00:00,2026-03-05 08:25:00+00:00,2026-03-05 09:00:00+00:00,LONG,71944.1,72375.76460000001,71728.26770000001,72375.76460000001,TARGET,0.006000000000000005,0.004600000000000005,1.5961902807253225,348.5940773949255,8
2026-03-05 09:40:00+00:00,2026-03-05 09:45:00+00:00,2026-03-05 10:15:00+00:00,SHORT,72565.3,72782.9959,72782.9959,72129.9082,STOP,-0.0029910269192421346,-0.004391026919242135,-1.5306859777294939,347.063391417196,7
2026-03-05 10:25:00+00:00,2026-03-05 10:30:00+00:00,2026-03-05 10:30:00+00:00,SHORT,73160.4,73379.88119999999,73379.88119999999,72721.43759999999,STOP,-0.0029910269192422456,-0.004391026919242246,-1.5239646943964158,345.5394267227996,1
2026-03-05 12:30:00+00:00,2026-03-05 12:35:00+00:00,2026-03-05 13:10:00+00:00,LONG,72819.3,72600.84210000001,72600.84210000001,73256.2158,STOP,-0.0029999999999998916,-0.004399999999999892,-1.5203734775802809,344.0190532452193,8
2026-03-05 13:30:00+00:00,2026-03-05 13:35:00+00:00,2026-03-05 14:30:00+00:00,LONG,72345.8,72779.8748,72128.7626,72779.8748,TARGET,0.006000000000000005,0.004600000000000005,1.5824876449280105,345.6015408901473,12
2026-03-05 14:35:00+00:00,2026-03-05 14:40:00+00:00,2026-03-05 14:40:00+00:00,LONG,72201.5,71984.8955,71984.8955,72634.709,STOP,-0.0030000000000000027,-0.004400000000000003,-1.5206467799166492,344.08089411023064,1
2026-03-05 14:45:00+00:00,2026-03-05 14:50:00+00:00,2026-03-05 14:50:00+00:00,LONG,72132.8,72565.5968,71916.4016,72565.5968,TARGET,0.006000000000000005,0.004600000000000005,1.5827721129070627,345.6636662231377,1
2026-03-05 15:05:00+00:00,2026-03-05 15:10:00+00:00,2026-03-05 15:10:00+00:00,LONG,71850.7,71635.1479,71635.1479,72281.8042,STOP,-0.0030000000000000027,-0.004400000000000003,-1.5209201313818068,344.1427460917559,1
2026-03-05 15:15:00+00:00,2026-03-05 15:20:00+00:00,2026-03-05 15:25:00+00:00,LONG,71681.9,71466.85429999999,71466.85429999999,72111.9914,STOP,-0.0030000000000000027,-0.004400000000000003,-1.514228082803727,342.62851800895214,2
2026-03-05 15:30:00+00:00,2026-03-05 15:35:00+00:00,2026-03-05 15:50:00+00:00,LONG,71314.3,71742.1858,71100.35710000001,71742.1858,TARGET,0.006000000000000005,0.004600000000000005,1.5760911828411817,344.20460919179334,4
2026-03-05 16:05:00+00:00,2026-03-05 16:10:00+00:00,2026-03-05 16:35:00+00:00,LONG,70862.5,71287.675,70649.9125,71287.675,TARGET,0.006000000000000005,0.004600000000000005,1.583341202282251,345.7879503940756,6
2026-03-05 19:05:00+00:00,2026-03-05 19:10:00+00:00,2026-03-05 20:00:00+00:00,SHORT,71283.6,70855.8984,71497.45079999999,70855.8984,TARGET,0.006036217303822866,0.004636217303822866,1.6031480790704562,347.3910984731461,11
2026-03-05 20:30:00+00:00,2026-03-05 20:35:00+00:00,2026-03-05 21:20:00+00:00,SHORT,71308.4,71522.32519999999,71522.32519999999,70880.5496,STOP,-0.0029910269192422456,-0.004391026919242246,-1.5254036649007183,345.8656948082454,10
2026-03-05 23:30:00+00:00,2026-03-05 23:35:00+00:00,2026-03-06 01:25:00+00:00,LONG,70892.2,70679.52339999999,70679.52339999999,71317.5532,STOP,-0.0030000000000001137,-0.004400000000000114,-1.5218090571563192,344.3438857510891,23
2026-03-06 04:30:00+00:00,2026-03-06 04:35:00+00:00,2026-03-06 04:40:00+00:00,LONG,70915.0,70702.255,70702.255,71340.49,STOP,-0.0029999999999998916,-0.004399999999999892,-1.5151130973047549,342.8287726537843,2
2026-03-06 04:55:00+00:00,2026-03-06 05:00:00+00:00,2026-03-06 05:10:00+00:00,LONG,70622.6,70410.7322,70410.7322,71046.3356,STOP,-0.0030000000000001137,-0.004400000000000114,-1.50844659967669,341.3203260541076,3
2026-03-06 05:30:00+00:00,2026-03-06 05:35:00+00:00,2026-03-06 06:45:00+00:00,LONG,70316.7,70738.6002,70105.7499,70738.6002,TARGET,0.006000000000000005,0.004600000000000005,1.5700734998488968,342.8903995539565,15
2026-03-06 07:00:00+00:00,2026-03-06 07:05:00+00:00,2026-03-06 07:30:00+00:00,SHORT,70775.7,70988.02709999999,70988.02709999999,70351.04579999999,STOP,-0.0029910269192422456,-0.004391026919242246,-1.5056409747911523,341.38475857916535,6
2026-03-06 07:35:00+00:00,2026-03-06 07:40:00+00:00,2026-03-06 07:40:00+00:00,SHORT,70863.0,71075.58899999999,71075.58899999999,70437.822,STOP,-0.0029910269192421346,-0.004391026919242135,-1.4990296647400925,339.8857289144253,1
2026-03-06 08:40:00+00:00,2026-03-06 08:45:00+00:00,2026-03-06 09:05:00+00:00,LONG,70904.9,70692.1853,70692.1853,71330.32939999999,STOP,-0.0030000000000000027,-0.004400000000000003,-1.4954972072234722,338.3902317072018,5
2026-03-06 11:40:00+00:00,2026-03-06 11:45:00+00:00,2026-03-06 12:00:00+00:00,LONG,70380.4,70169.2588,70169.2588,70802.68239999999,STOP,-0.0030000000000000027,-0.004400000000000003,-1.4889170195116888,336.9013146876901,4
2026-03-06 12:05:00+00:00,2026-03-06 12:10:00+00:00,2026-03-06 13:35:00+00:00,LONG,69833.8,70252.8028,69624.29860000001,70252.8028,TARGET,0.006000000000000005,0.004600000000000005,1.5497460475633762,338.45106073525346,18
2026-03-06 13:55:00+00:00,2026-03-06 14:00:00+00:00,2026-03-06 14:00:00+00:00,LONG,69228.0,69020.316,69020.316,69643.368,STOP,-0.0029999999999998916,-0.004399999999999892,-1.4891846672350786,336.9618760680184,1
2026-03-06 14:05:00+00:00,2026-03-06 14:10:00+00:00,2026-03-06 14:25:00+00:00,LONG,68669.3,69081.3158,68463.2921,69081.3158,TARGET,0.006000000000000005,0.004600000000000005,1.5500246299128864,338.5119006979313,4
2026-03-06 14:35:00+00:00,2026-03-06 14:40:00+00:00,2026-03-06 14:45:00+00:00,LONG,68641.8,68435.8746,68435.8746,69053.6508,STOP,-0.0030000000000001137,-0.004400000000000114,-1.4894523630709364,337.02244833486037,2
2026-03-06 16:30:00+00:00,2026-03-06 16:35:00+00:00,2026-03-06 17:30:00+00:00,LONG,68399.0,68193.803,68193.803,68809.394,STOP,-0.0030000000000000027,-0.004400000000000003,-1.4828987726733867,335.539549562187,12
2026-03-06 17:35:00+00:00,2026-03-06 17:40:00+00:00,2026-03-06 18:05:00+00:00,LONG,67852.0,68259.112,67648.444,68259.112,TARGET,0.006000000000000005,0.004600000000000005,1.5434819279860619,337.0830314901731,6
2026-03-06 19:20:00+00:00,2026-03-06 19:25:00+00:00,2026-03-06 19:50:00+00:00,LONG,68224.1,68019.4277,68019.4277,68633.4446,STOP,-0.0030000000000001137,-0.004400000000000114,-1.4831653385568,335.5998661516163,6
2026-03-06 20:10:00+00:00,2026-03-06 20:15:00+00:00,2026-03-06 20:25:00+00:00,LONG,68014.0,67809.958,67809.958,68422.084,STOP,-0.0030000000000000027,-0.004400000000000003,-1.4766394110671128,334.12322674054917,3
2026-03-07 00:55:00+00:00,2026-03-07 01:00:00+00:00,2026-03-07 03:10:00+00:00,SHORT,68281.2,68486.04359999999,68486.04359999999,67871.5128,STOP,-0.0029910269192421346,-0.004391026919242135,-1.467144082961795,332.6560826575874,27
2026-03-07 03:20:00+00:00,2026-03-07 03:25:00+00:00,2026-03-07 04:00:00+00:00,SHORT,68291.9,67882.1486,68496.77569999998,67882.1486,TARGET,0.006036217303822866,0.004636217303822866,1.5422658866390362,334.1983485442264,8
2026-03-07 04:20:00+00:00,2026-03-07 04:25:00+00:00,2026-03-07 06:30:00+00:00,LONG,68044.1,67839.96770000001,67839.96770000001,68452.3646,STOP,-0.0030000000000000027,-0.004400000000000003,-1.470472733594597,332.7278758106318,26
2026-03-07 06:35:00+00:00,2026-03-07 06:40:00+00:00,2026-03-07 06:50:00+00:00,LONG,67842.6,67639.07220000001,67639.07220000001,68249.65560000001,STOP,-0.0029999999999998916,-0.004399999999999892,-1.464002653566744,331.26387315706506,3
2026-03-07 06:55:00+00:00,2026-03-07 07:00:00+00:00,2026-03-07 07:05:00+00:00,LONG,67686.1,67483.0417,67483.0417,68092.2166,STOP,-0.0030000000000001137,-0.004400000000000114,-1.457561041891124,329.80631211517397,2
2026-03-07 09:55:00+00:00,2026-03-07 10:00:00+00:00,2026-03-07 11:15:00+00:00,SHORT,68004.1,68208.1123,68208.1123,67596.0754,STOP,-0.0029910269192421346,-0.004391026919242135,-1.4481883946337022,328.3581237205403,16
2026-03-07 11:25:00+00:00,2026-03-07 11:30:00+00:00,2026-03-07 14:05:00+00:00,SHORT,68141.2,67732.3528,68345.62359999999,67732.3528,TARGET,0.006036217303823088,0.004636217303823088,1.5223396150440511,329.88046333558435,32
2026-03-07 14:10:00+00:00,2026-03-07 14:15:00+00:00,2026-03-07 18:00:00+00:00,LONG,67750.1,67546.8497,67546.8497,68156.6006,STOP,-0.0030000000000000027,-0.004400000000000003,-1.451474038676572,328.4289892969078,46
2026-03-07 19:15:00+00:00,2026-03-07 19:20:00+00:00,2026-03-07 19:50:00+00:00,LONG,67366.9,67164.7993,67164.7993,67771.1014,STOP,-0.0029999999999998916,-0.004399999999999892,-1.4450875529063587,326.9839017440014,7
2026-03-07 19:55:00+00:00,2026-03-07 20:00:00+00:00,2026-03-07 23:55:00+00:00,LONG,67081.1,67263.0,66879.8567,67483.58660000001,TIME,0.002711643070850034,0.0013116430708500339,0.42888616900202775,327.41278791300346,48
2026-03-08 01:30:00+00:00,2026-03-08 01:35:00+00:00,2026-03-08 02:50:00+00:00,LONG,67100.0,66898.7,66898.7,67502.6,STOP,-0.0030000000000000027,-0.004400000000000003,-1.4406162668172162,325.9721716461862,16
2026-03-08 02:55:00+00:00,2026-03-08 03:00:00+00:00,2026-03-08 04:50:00+00:00,LONG,66930.0,66729.21,66729.21,67331.58,STOP,-0.0029999999999998916,-0.004399999999999892,-1.4342775552431841,324.53789409094304,23
2026-03-08 04:55:00+00:00,2026-03-08 05:00:00+00:00,2026-03-08 05:15:00+00:00,LONG,66636.9,67036.7214,66436.9893,67036.7214,TARGET,0.006000000000000005,0.004600000000000005,1.4928743128183397,326.0307684037614,4
2026-03-08 07:05:00+00:00,2026-03-08 07:10:00+00:00,2026-03-08 09:10:00+00:00,SHORT,67374.6,67576.72379999999,67576.72379999999,66970.3524,STOP,-0.0029910269192420236,-0.004391026919242024,-1.431609880562078,324.5991585231993,25
2026-03-08 09:25:00+00:00,2026-03-08 09:30:00+00:00,2026-03-08 10:20:00+00:00,SHORT,67850.0,68053.54999999999,68053.54999999999,67442.9,STOP,-0.0029910269192421346,-0.004391026919242135,-1.4253236430387133,323.1738348801606,11
2026-03-08 10:25:00+00:00,2026-03-08 10:30:00+00:00,2026-03-08 11:05:00+00:00,SHORT,68051.9,67643.58859999999,68256.05569999998,67643.58859999999,TARGET,0.006036217303823088,0.004636217303823088,1.498304125414266,324.6721390055749,8
2026-03-08 12:10:00+00:00,2026-03-08 12:15:00+00:00,2026-03-08 12:40:00+00:00,LONG,67045.0,67447.27,66843.865,67447.27,TARGET,0.006000000000000005,0.004600000000000005,1.493491839425646,326.1656308450005,6
2026-03-08 12:50:00+00:00,2026-03-08 12:55:00+00:00,2026-03-08 13:10:00+00:00,LONG,67336.9,67134.8893,67134.8893,67740.92139999999,STOP,-0.0030000000000000027,-0.004400000000000003,-1.4351287757180031,324.7305020692825,4
2026-03-08 13:25:00+00:00,2026-03-08 13:30:00+00:00,2026-03-08 13:40:00+00:00,LONG,67158.0,66956.526,66956.526,67560.948,STOP,-0.0030000000000000027,-0.004400000000000003,-1.4288142091048441,323.30168786017765,3
2026-03-08 15:20:00+00:00,2026-03-08 15:25:00+00:00,2026-03-08 16:30:00+00:00,LONG,67225.0,67023.325,67023.325,67628.35,STOP,-0.0030000000000000027,-0.004400000000000003,-1.4225274265847825,321.87916043359286,14
2026-03-08 16:35:00+00:00,2026-03-08 16:40:00+00:00,2026-03-08 19:30:00+00:00,LONG,66933.9,67335.5034,66733.0983,67335.5034,TARGET,0.006000000000000005,0.004600000000000005,1.4806441379945288,323.3598045715874,35
2026-03-08 21:05:00+00:00,2026-03-08 21:10:00+00:00,2026-03-08 21:10:00+00:00,LONG,66925.7,66724.92289999999,66724.92289999999,67327.2542,STOP,-0.0030000000000001137,-0.004400000000000114,-1.4227831401150215,321.9370214314724,1
2026-03-08 22:00:00+00:00,2026-03-08 22:05:00+00:00,2026-03-08 22:05:00+00:00,LONG,65777.2,66171.86319999999,65579.86839999999,66171.86319999999,TARGET,0.006000000000000005,0.004600000000000005,1.4809102985847746,323.41793173005715,1
2026-03-08 22:10:00+00:00,2026-03-08 22:15:00+00:00,2026-03-08 22:15:00+00:00,LONG,66075.0,65876.775,65876.775,66471.45,STOP,-0.0030000000000001137,-0.004400000000000114,-1.4230388996122882,321.9948928304449,1
2026-03-09 00:35:00+00:00,2026-03-09 00:40:00+00:00,2026-03-09 01:05:00+00:00,SHORT,66563.9,66164.51659999999,66763.59169999999,66164.51659999999,TARGET,0.006036217303823088,0.004636217303823088,1.4928382938831692,323.48773112432804,6
2026-03-09 01:55:00+00:00,2026-03-09 02:00:00+00:00,2026-03-09 02:15:00+00:00,LONG,66193.7,65995.1189,65995.1189,66590.8622,STOP,-0.0029999999999998916,-0.004399999999999892,-1.4233460169470085,322.06438510738104,4
2026-03-09 03:00:00+00:00,2026-03-09 03:05:00+00:00,2026-03-09 03:05:00+00:00,SHORT,66874.0,67074.62199999999,67074.62199999999,66472.756,STOP,-0.0029910269192421346,-0.004391026919242135,-1.4141933847356758,320.6501917226454,1
2026-03-09 03:10:00+00:00,2026-03-09 03:15:00+00:00,2026-03-09 03:15:00+00:00,SHORT,67451.9,67654.25569999998,67654.25569999998,67047.1886,STOP,-0.0029910269192420236,-0.004391026919242024,-1.4079836235142518,319.2422080991311,1
2026-03-09 05:40:00+00:00,2026-03-09 05:45:00+00:00,2026-03-09 06:20:00+00:00,SHORT,67929.2,67521.62479999999,68132.9876,67521.62479999999,TARGET,0.006036217303823088,0.004636217303823088,1.480076249299883,320.722284348431,8
2026-03-09 06:55:00+00:00,2026-03-09 07:00:00+00:00,2026-03-09 07:15:00+00:00,LONG,67270.8,67068.98760000001,67068.98760000001,67674.42480000001,STOP,-0.0029999999999998916,-0.004399999999999892,-1.4111780511330618,319.31110629729795,4
2026-03-09 07:55:00+00:00,2026-03-09 08:00:00+00:00,2026-03-09 08:20:00+00:00,SHORT,67554.1,67756.7623,67756.7623,67148.7754,STOP,-0.0029910269192422456,-0.004391026919242246,-1.4021036633644575,317.9090026339335,5
2026-03-09 09:55:00+00:00,2026-03-09 10:00:00+00:00,2026-03-09 10:55:00+00:00,SHORT,67964.4,67556.6136,68168.29319999999,67556.6136,TARGET,0.006036217303822866,0.004636217303822866,1.4738952190525114,319.382897852986,12
2026-03-09 12:35:00+00:00,2026-03-09 12:40:00+00:00,2026-03-09 13:10:00+00:00,SHORT,68275.0,68479.825,68479.825,67865.35,STOP,-0.0029910269192422456,-0.004391026919242246,-1.402418902018058,317.98047895096795,7
2026-03-09 13:25:00+00:00,2026-03-09 13:30:00+00:00,2026-03-09 13:30:00+00:00,SHORT,68765.4,68971.69619999999,68971.69619999999,68352.8076,STOP,-0.0029910269192422456,-0.004391026919242246,-1.3962608428672425,316.5842181081007,1
2026-03-09 13:35:00+00:00,2026-03-09 13:40:00+00:00,2026-03-09 13:40:00+00:00,SHORT,68732.9,68939.09869999999,68939.09869999999,68320.50259999999,STOP,-0.0029910269192421346,-0.004391026919242135,-1.3901298239198934,315.1940882841808,1
2026-03-09 13:45:00+00:00,2026-03-09 13:50:00+00:00,2026-03-09 14:00:00+00:00,SHORT,68945.2,69152.03559999999,69152.03559999999,68531.5288,STOP,-0.0029910269192421346,-0.004391026919242135,-1.3840257264418199,313.810062557739,3
2026-03-09 14:05:00+00:00,2026-03-09 14:10:00+00:00,2026-03-09 14:15:00+00:00,SHORT,68750.0,68956.24999999999,68956.24999999999,68337.5,STOP,-0.0029910269192420236,-0.004391026919242024,-1.3779484322200555,312.4321141255189,2
2026-03-09 17:35:00+00:00,2026-03-09 17:40:00+00:00,2026-03-09 19:15:00+00:00,LONG,68420.1,68830.62060000001,68214.83970000001,68830.62060000001,TARGET,0.006000000000000005,0.004600000000000005,1.4371877249773886,313.8693018504963,20
2026-03-09 19:20:00+00:00,2026-03-09 19:25:00+00:00,2026-03-09 19:25:00+00:00,SHORT,69014.4,69221.44319999998,69221.44319999998,68600.3136,STOP,-0.0029910269192420236,-0.004391026919242024,-1.3782085535492297,312.49109329694704,1
2026-03-09 19:30:00+00:00,2026-03-09 19:35:00+00:00,2026-03-09 20:50:00+00:00,SHORT,69188.0,68772.872,69395.564,68772.872,TARGET,0.006036217303822866,0.004636217303822866,1.4487766140338314,313.93986991098086,16
2026-03-09 22:35:00+00:00,2026-03-09 22:40:00+00:00,2026-03-09 23:55:00+00:00,LONG,68635.9,68429.9923,68429.9923,69047.7154,STOP,-0.0029999999999998916,-0.004399999999999892,-1.3813354276082819,312.55853448337257,16
2026-03-10 00:25:00+00:00,2026-03-10 00:30:00+00:00,2026-03-10 00:35:00+00:00,SHORT,68981.0,69187.943,69187.943,68567.114,STOP,-0.0029910269192422456,-0.004391026919242246,-1.3724529387553948,311.1860815446172,2
2026-03-10 00:40:00+00:00,2026-03-10 00:45:00+00:00,2026-03-10 02:30:00+00:00,SHORT,69183.7,69391.2511,69391.2511,68768.5978,STOP,-0.0029910269192422456,-0.004391026919242246,-1.3664264609559267,309.81965508366125,22
2026-03-10 02:35:00+00:00,2026-03-10 02:40:00+00:00,2026-03-10 02:40:00+00:00,SHORT,70040.7,70250.82209999999,70250.82209999999,69620.4558,STOP,-0.0029910269192421346,-0.004391026919242135,-1.3604264455826698,308.45922863807857,1
2026-03-10 02:45:00+00:00,2026-03-10 02:50:00+00:00,2026-03-10 03:00:00+00:00,SHORT,70564.9,70141.5106,70776.59469999999,70141.5106,TARGET,0.006036217303822866,0.004636217303822866,1.4300840133357136,309.8893126514143,3
2026-03-10 07:05:00+00:00,2026-03-10 07:10:00+00:00,2026-03-10 07:10:00+00:00,SHORT,70142.0,70352.42599999999,70352.42599999999,69721.148,STOP,-0.0029910269192421346,-0.004391026919242135,-1.3607323138378025,308.5285803375765,1
2026-03-10 07:15:00+00:00,2026-03-10 07:20:00+00:00,2026-03-10 08:05:00+00:00,SHORT,70388.0,70599.16399999999,70599.16399999999,69965.672,STOP,-0.0029910269192421346,-0.004391026919242135,-1.354757301617858,307.17382303595866,10
2026-03-10 10:30:00+00:00,2026-03-10 10:35:00+00:00,2026-03-10 11:00:00+00:00,LONG,70859.8,70647.2206,70647.2206,71284.95880000001,STOP,-0.0030000000000000027,-0.004400000000000003,-1.351564821358219,305.8222582146004,6
2026-03-10 11:05:00+00:00,2026-03-10 11:10:00+00:00,2026-03-10 12:00:00+00:00,LONG,70708.0,70495.876,70495.876,71132.248,STOP,-0.0029999999999998916,-0.004399999999999892,-1.3456179361442089,304.4766402784562,11
2026-03-10 12:05:00+00:00,2026-03-10 12:10:00+00:00,2026-03-10 13:15:00+00:00,LONG,70392.9,70815.25739999999,70181.72129999999,70815.25739999999,TARGET,0.006000000000000005,0.004600000000000005,1.4005925452809,305.87723282373713,14
2026-03-10 13:30:00+00:00,2026-03-10 13:35:00+00:00,2026-03-10 13:35:00+00:00,LONG,70259.0,70048.223,70048.223,70680.554,STOP,-0.0030000000000000027,-0.004400000000000003,-1.3458598244244442,304.5313729993127,1
2026-03-10 13:40:00+00:00,2026-03-10 13:45:00+00:00,2026-03-10 14:00:00+00:00,LONG,69922.9,69713.1313,69713.1313,70342.4374,STOP,-0.0030000000000000027,-0.004400000000000003,-1.3399380411969766,303.1914349581157,4
2026-03-10 14:05:00+00:00,2026-03-10 14:10:00+00:00,2026-03-10 14:15:00+00:00,LONG,69627.2,69418.3184,69418.3184,70044.9632,STOP,-0.0029999999999998916,-0.004399999999999892,-1.3340423138156763,301.8573926443,2
2026-03-10 14:40:00+00:00,2026-03-10 14:45:00+00:00,2026-03-10 14:45:00+00:00,SHORT,70452.0,70663.35599999999,70663.35599999999,70029.288,STOP,-0.0029910269192420236,-0.004391026919242024,-1.3254639368733305,300.53192870742663,1
2026-03-10 14:55:00+00:00,2026-03-10 15:00:00+00:00,2026-03-10 15:00:00+00:00,SHORT,71468.4,71682.80519999999,71682.80519999999,71039.58959999999,STOP,-0.0029910269192421346,-0.004391026919242135,-1.3196437890460684,299.2122849183806,1
2026-03-10 17:35:00+00:00,2026-03-10 17:40:00+00:00,2026-03-10 18:10:00+00:00,LONG,70670.2,70458.1894,70458.1894,71094.2212,STOP,-0.0029999999999998916,-0.004399999999999892,-1.3165340536408423,297.89575086473974,7
2026-03-10 18:15:00+00:00,2026-03-10 18:20:00+00:00,2026-03-10 18:40:00+00:00,LONG,70229.1,70018.4127,70018.4127,70650.4746,STOP,-0.0030000000000001137,-0.004400000000000114,-1.3107413038048887,296.58500956093485,5
2026-03-10 21:35:00+00:00,2026-03-10 21:40:00+00:00,2026-03-10 21:45:00+00:00,LONG,69790.5,69581.1285,69581.1285,70209.243,STOP,-0.0029999999999998916,-0.004399999999999892,-1.3049740420680813,295.2800355188668,2
2026-03-10 22:10:00+00:00,2026-03-10 22:15:00+00:00,2026-03-11 00:10:00+00:00,LONG,69605.1,70022.73060000001,69396.2847,70022.73060000001,TARGET,0.006000000000000005,0.004600000000000005,1.3582881633867887,296.6383236822536,24
2026-03-11 02:35:00+00:00,2026-03-11 02:40:00+00:00,2026-03-11 03:45:00+00:00,LONG,69705.5,69496.3835,69496.3835,70123.73300000001,STOP,-0.0030000000000000027,-0.004400000000000003,-1.3052086242019167,295.3331150580517,14
2026-03-11 04:15:00+00:00,2026-03-11 04:20:00+00:00,2026-03-11 04:25:00+00:00,SHORT,69732.1,69941.2963,69941.2963,69313.7074,STOP,-0.0029910269192422456,-0.004391026919242246,-1.2968156583635726,294.0362993996881,2
2026-03-11 04:35:00+00:00,2026-03-11 04:40:00+00:00,2026-03-11 04:50:00+00:00,SHORT,69956.2,70166.06859999998,70166.06859999998,69536.4628,STOP,-0.0029910269192421346,-0.004391026919242135,-1.2911213058983706,292.7451780937898,3
2026-03-11 05:05:00+00:00,2026-03-11 05:10:00+00:00,2026-03-11 05:40:00+00:00,SHORT,70010.4,69590.3376,70220.43119999999,69590.3376,TARGET,0.006036217303822866,0.004636217303822866,1.3572302602891348,294.10240835407893,7
2026-03-11 07:00:00+00:00,2026-03-11 07:05:00+00:00,2026-03-11 08:25:00+00:00,SHORT,69926.0,69506.444,70135.77799999999,69506.444,TARGET,0.006036217303822866,0.004636217303822866,1.3635226747071594,295.4659310287861,17
2026-03-11 09:55:00+00:00,2026-03-11 10:00:00+00:00,2026-03-11 11:55:00+00:00,LONG,69470.3,69261.8891,69261.8891,69887.12180000001,STOP,-0.0030000000000000027,-0.004400000000000003,-1.3000500965266597,294.1658809322594,24
2026-03-11 12:00:00+00:00,2026-03-11 12:05:00+00:00,2026-03-11 12:30:00+00:00,LONG,69093.1,69507.65860000001,68885.82070000001,69507.65860000001,TARGET,0.006000000000000005,0.004600000000000005,1.3531630522883948,295.5190439845478,6
2026-03-11 13:10:00+00:00,2026-03-11 13:15:00+00:00,2026-03-11 13:15:00+00:00,SHORT,69860.0,70069.57999999999,70069.57999999999,69440.84,STOP,-0.0029910269192421346,-0.004391026919242135,-1.29763207728485,294.22141190726296,1
2026-03-11 13:20:00+00:00,2026-03-11 13:25:00+00:00,2026-03-11 13:30:00+00:00,SHORT,70265.5,70476.2965,70476.2965,69843.907,STOP,-0.0029910269192422456,-0.004391026919242246,-1.2919341399022528,292.9294777673607,2
2026-03-11 13:35:00+00:00,2026-03-11 13:40:00+00:00,2026-03-11 13:40:00+00:00,SHORT,71002.8,70576.7832,71215.8084,70576.7832,TARGET,0.006036217303822866,0.004636217303822866,1.3580847136248333,294.2875624809855,1
2026-03-11 13:45:00+00:00,2026-03-11 13:50:00+00:00,2026-03-11 13:55:00+00:00,SHORT,70333.3,69911.3002,70544.2999,69911.3002,TARGET,0.006036217303823088,0.004636217303823088,1.3643810894742632,295.65194357045976,2
2026-03-11 14:00:00+00:00,2026-03-11 14:05:00+00:00,2026-03-11 14:10:00+00:00,SHORT,70403.7,69981.2778,70614.91109999998,69981.2778,TARGET,0.006036217303822866,0.004636217303822866,1.370706656690227,297.02265022715,2
2026-03-11 15:30:00+00:00,2026-03-11 15:35:00+00:00,2026-03-11 16:10:00+00:00,LONG,70047.3,70467.58380000001,69837.1581,70467.58380000001,TARGET,0.006000000000000005,0.004600000000000005,1.3663041910448914,298.3889544181949,8
2026-03-11 16:30:00+00:00,2026-03-11 16:35:00+00:00,2026-03-11 17:00:00+00:00,SHORT,70723.1,70935.2693,70935.2693,70298.7614,STOP,-0.0029910269192422456,-0.004391026919242246,-1.3102339312548412,297.07872048694003,6
2026-03-11 17:20:00+00:00,2026-03-11 17:25:00+00:00,2026-03-11 17:35:00+00:00,SHORT,71186.9,70759.77859999999,71400.46069999998,70759.77859999999,TARGET,0.006036217303823088,0.004636217303823088,1.3773215045191738,298.4560419914592,3
2026-03-11 21:00:00+00:00,2026-03-11 21:05:00+00:00,2026-03-11 22:10:00+00:00,SHORT,70738.5,70950.71549999999,70950.71549999999,70314.069,STOP,-0.0029910269192421346,-0.004391026919242135,-1.3105285145949583,297.1455134768642,14
2026-03-11 22:35:00+00:00,2026-03-11 22:40:00+00:00,2026-03-11 23:45:00+00:00,LONG,70362.6,70151.51220000001,70151.51220000001,70784.77560000001,STOP,-0.0029999999999998916,-0.004399999999999892,-1.3074402592981704,295.83807321756603,14
2026-03-12 01:00:00+00:00,2026-03-12 01:05:00+00:00,2026-03-12 01:50:00+00:00,LONG,69964.9,69755.00529999999,69755.00529999999,70384.68939999999,STOP,-0.0030000000000001137,-0.004400000000000114,-1.3016875221573243,294.5363856954087,10
2026-03-12 02:15:00+00:00,2026-03-12 02:20:00+00:00,2026-03-12 02:40:00+00:00,LONG,69607.7,69398.8769,69398.8769,70025.3462,STOP,-0.0029999999999998916,-0.004399999999999892,-1.2959600970597664,293.2404255983489,5
2026-03-12 02:45:00+00:00,2026-03-12 02:50:00+00:00,2026-03-12 05:25:00+00:00,LONG,69420.1,69211.83970000001,69211.83970000001,69836.62060000001,STOP,-0.0029999999999998916,-0.004399999999999892,-1.2902578726327034,291.9501677257162,32
2026-03-12 07:30:00+00:00,2026-03-12 07:35:00+00:00,2026-03-12 08:15:00+00:00,SHORT,69734.3,69943.50289999999,69943.50289999999,69315.89420000001,STOP,-0.0029910269192421346,-0.004391026919242135,-1.281961045560876,290.6682066801553,9
2026-03-12 09:15:00+00:00,2026-03-12 09:20:00+00:00,2026-03-12 09:40:00+00:00,LONG,69638.6,70056.43160000001,69429.6842,70056.43160000001,TARGET,0.006000000000000005,0.004600000000000005,1.337073750728716,292.00528043088406,5
2026-03-12 10:35:00+00:00,2026-03-12 10:40:00+00:00,2026-03-12 11:20:00+00:00,SHORT,70370.0,70581.10999999999,70581.10999999999,69947.78,STOP,-0.0029910269192420236,-0.004391026919242024,-1.282203046932828,290.72307738395125,9
2026-03-12 11:40:00+00:00,2026-03-12 11:45:00+00:00,2026-03-12 13:15:00+00:00,SHORT,70679.7,70255.6218,70891.73909999999,70255.6218,TARGET,0.006036217303823088,0.004636217303823088,1.3478553619881735,292.07093274593944,19
2026-03-12 13:20:00+00:00,2026-03-12 13:25:00+00:00,2026-03-12 13:45:00+00:00,LONG,70112.2,69901.8634,69901.8634,70532.8732,STOP,-0.0029999999999998916,-0.004399999999999892,-1.2851121040821019,290.78582064185736,5
2026-03-12 13:50:00+00:00,2026-03-12 13:55:00+00:00,2026-03-12 13:55:00+00:00,LONG,69911.8,69702.0646,69702.0646,70331.2708,STOP,-0.0030000000000001137,-0.004400000000000114,-1.2794576108242055,289.5063630310332,1
2026-03-12 15:25:00+00:00,2026-03-12 15:30:00+00:00,2026-03-12 15:35:00+00:00,SHORT,70293.2,70504.07959999998,70504.07959999998,69871.4408,STOP,-0.0029910269192420236,-0.004391026919242024,-1.2712302333611205,288.23513279767207,2
2026-03-12 15:40:00+00:00,2026-03-12 15:45:00+00:00,2026-03-12 16:05:00+00:00,SHORT,70375.0,69952.75,70586.12499999999,69952.75,TARGET,0.006036217303822866,0.004636217303822866,1.3363207102462489,289.5714535079183,5
2026-03-12 19:25:00+00:00,2026-03-12 19:30:00+00:00,2026-03-12 19:45:00+00:00,SHORT,70216.1,70426.74829999999,70426.74829999999,69794.8034,STOP,-0.0029910269192420236,-0.004391026919242024,-1.2715160473973095,288.299937460521,4
2026-03-12 19:50:00+00:00,2026-03-12 19:55:00+00:00,2026-03-12 23:20:00+00:00,SHORT,70446.4,70657.73919999998,70657.73919999998,70023.72159999999,STOP,-0.0029910269192421346,-0.004391026919242135,-1.2659327862049716,287.034004674316,42
2026-03-13 00:10:00+00:00,2026-03-13 00:15:00+00:00,2026-03-13 00:15:00+00:00,SHORT,71119.7,71333.05909999998,71333.05909999998,70692.9818,STOP,-0.0029910269192421346,-0.004391026919242135,-1.2603740412627944,285.7736306330532,1
2026-03-13 00:20:00+00:00,2026-03-13 00:25:00+00:00,2026-03-13 00:30:00+00:00,SHORT,71530.1,71744.6903,71744.6903,71100.9194,STOP,-0.0029910269192422456,-0.004391026919242246,-1.254839704919327,284.51879092813385,2
2026-03-13 02:40:00+00:00,2026-03-13 02:45:00+00:00,2026-03-13 05:30:00+00:00,LONG,71172.0,71599.032,70958.484,71599.032,TARGET,0.006000000000000005,0.004600000000000005,1.3087864382694172,285.82757736640326,34
2026-03-13 05:40:00+00:00,2026-03-13 05:45:00+00:00,2026-03-13 08:35:00+00:00,SHORT,71598.0,71812.794,71812.794,71168.412,STOP,-0.0029910269192422456,-0.004391026919242246,-1.2550765864776723,284.5725007799256,35
2026-03-13 09:30:00+00:00,2026-03-13 09:35:00+00:00,2026-03-13 10:00:00+00:00,SHORT,71903.0,72118.70899999999,72118.70899999999,71471.582,STOP,-0.0029910269192421346,-0.004391026919242135,-1.2495655114007067,283.3229352685249,6
2026-03-13 10:15:00+00:00,2026-03-13 10:20:00+00:00,2026-03-13 12:45:00+00:00,SHORT,72484.2,72701.65259999999,72701.65259999999,72049.2948,STOP,-0.0029910269192421346,-0.004391026919242135,-1.2440786356027895,282.0788566329221,30
2026-03-13 13:15:00+00:00,2026-03-13 13:20:00+00:00,2026-03-13 13:35:00+00:00,SHORT,73232.6,72793.2044,73452.2978,72793.2044,TARGET,0.006036217303823088,0.004636217303823088,1.3077788761641855,283.3866355090863,4
2026-03-13 13:45:00+00:00,2026-03-13 13:50:00+00:00,2026-03-13 13:55:00+00:00,SHORT,73319.0,73538.957,73538.957,72879.086,STOP,-0.0029910269192422456,-0.004391026919242246,-1.2443583450738884,282.14227716401246,2
2026-03-13 14:20:00+00:00,2026-03-13 14:25:00+00:00,2026-03-13 14:40:00+00:00,SHORT,73820.0,73377.08,74041.45999999999,73377.08,TARGET,0.006036217303822866,0.004636217303822866,1.3080729075277815,283.45035007154024,4
2026-03-13 14:50:00+00:00,2026-03-13 14:55:00+00:00,2026-03-13 14:55:00+00:00,LONG,72589.9,72372.13029999999,72372.13029999999,73025.43939999999,STOP,-0.0030000000000001137,-0.004400000000000114,-1.2471815403148094,282.20316853122546,1
2026-03-13 16:25:00+00:00,2026-03-13 16:30:00+00:00,2026-03-13 16:35:00+00:00,LONG,71386.9,71815.2214,71172.7393,71815.2214,TARGET,0.006000000000000005,0.004600000000000005,1.2981345752436386,283.5013031064691,2
2026-03-13 18:05:00+00:00,2026-03-13 18:10:00+00:00,2026-03-13 20:15:00+00:00,LONG,71027.0,71453.162,70813.919,71453.162,TARGET,0.006000000000000005,0.004600000000000005,1.3041059942897593,284.8054091007589,26
2026-03-13 20:25:00+00:00,2026-03-13 20:30:00+00:00,2026-03-13 22:00:00+00:00,SHORT,71301.0,70873.194,71514.90299999999,70873.194,TARGET,0.006036217303822866,0.004636217303822866,1.3204197658952888,286.12582886665416,19
2026-03-13 23:25:00+00:00,2026-03-13 23:30:00+00:00,2026-03-14 03:15:00+00:00,SHORT,70896.9,71109.59069999999,71109.59069999999,70471.5186,STOP,-0.0029910269192421346,-0.004391026919242135,-1.2563862168439468,284.8694426498102,46
2026-03-14 03:35:00+00:00,2026-03-14 03:40:00+00:00,2026-03-14 06:25:00+00:00,SHORT,71151.0,70724.094,71364.453,70724.094,TARGET,0.006036217303822866,0.004636217303822866,1.3207166393434255,286.1901592891536,34
2026-03-14 06:30:00+00:00,2026-03-14 06:35:00+00:00,2026-03-14 06:40:00+00:00,LONG,70656.0,70444.032,70444.032,71079.936,STOP,-0.0029999999999998916,-0.004399999999999892,-1.259236700872245,284.93092258828136,2
2026-03-14 06:45:00+00:00,2026-03-14 06:50:00+00:00,2026-03-14 09:45:00+00:00,LONG,70635.5,70423.5935,70423.5935,71059.313,STOP,-0.0030000000000000027,-0.004400000000000003,-1.2536960593884388,283.6772265288929,36
2026-03-14 13:15:00+00:00,2026-03-14 13:20:00+00:00,2026-03-14 16:00:00+00:00,SHORT,70915.4,70489.90759999999,71128.14619999999,70489.90759999999,TARGET,0.006036217303823088,0.004636217303823088,1.3151892663337952,284.9924157952267,33
2026-03-14 23:05:00+00:00,2026-03-14 23:10:00+00:00,2026-03-14 23:55:00+00:00,SHORT,71012.0,71225.036,71225.036,70585.928,STOP,-0.0029910269192421346,-0.004391026919242135,-1.2514093695366877,283.74100642569,10
2026-03-15 00:00:00+00:00,2026-03-15 00:05:00+00:00,2026-03-15 02:00:00+00:00,SHORT,71115.9,71329.24769999999,71329.24769999999,70689.2046,STOP,-0.0029910269192422456,-0.004391026919242246,-1.2459143973080917,282.4950920283819,24
2026-03-15 02:05:00+00:00,2026-03-15 02:10:00+00:00,2026-03-15 02:45:00+00:00,SHORT,71282.2,71496.04659999999,71496.04659999999,70854.5068,STOP,-0.0029910269192421346,-0.004391026919242135,-1.2404435536504093,281.2546484747315,8
2026-03-15 02:50:00+00:00,2026-03-15 02:55:00+00:00,2026-03-15 04:15:00+00:00,SHORT,71421.3,71635.5639,71635.5639,70992.7722,STOP,-0.0029910269192421346,-0.004391026919242135,-1.2349967326145297,280.01965174211693,17
2026-03-15 06:30:00+00:00,2026-03-15 06:35:00+00:00,2026-03-15 09:05:00+00:00,LONG,71459.5,71888.257,71245.1215,71888.257,TARGET,0.006000000000000005,0.004600000000000005,1.2880903980137393,281.3077421401307,31
2026-03-15 12:40:00+00:00,2026-03-15 12:45:00+00:00,2026-03-15 13:10:00+00:00,LONG,71574.1,71359.37770000001,71359.37770000001,72003.54460000001,STOP,-0.0029999999999998916,-0.004399999999999892,-1.2377540654165446,280.06998807471416,6
2026-03-15 13:15:00+00:00,2026-03-15 13:20:00+00:00,2026-03-15 17:15:00+00:00,LONG,71331.8,71530.1,71117.8046,71759.7908,TIME,0.0027799662983409856,0.0013799662983409856,0.3864871447198673,280.456475219434,48
2026-03-15 17:45:00+00:00,2026-03-15 17:50:00+00:00,2026-03-15 17:50:00+00:00,SHORT,71572.0,71786.71599999999,71786.71599999999,71142.568,STOP,-0.0029910269192420236,-0.004391026919242024,-1.2314919323642683,279.22498328706973,1
2026-03-15 18:30:00+00:00,2026-03-15 18:35:00+00:00,2026-03-15 21:30:00+00:00,SHORT,71749.2,71964.44759999998,71964.44759999998,71318.70479999999,STOP,-0.0029910269192421346,-0.004391026919242135,-1.2260844181384585,277.9988988689313,36
2026-03-15 21:35:00+00:00,2026-03-15 21:40:00+00:00,2026-03-15 22:00:00+00:00,SHORT,72088.4,72304.66519999999,72304.66519999999,71655.86959999999,STOP,-0.0029910269192422456,-0.004391026919242246,-1.22070064845318,276.7781982204781,5
2026-03-15 22:40:00+00:00,2026-03-15 22:45:00+00:00,2026-03-15 22:50:00+00:00,SHORT,72387.9,72605.06369999998,72605.06369999998,71953.5726,STOP,-0.0029910269192421346,-0.004391026919242135,-1.215340519045455,275.5628577014326,2
2026-03-15 23:00:00+00:00,2026-03-15 23:05:00+00:00,2026-03-15 23:05:00+00:00,SHORT,72935.0,73153.805,73153.805,72497.39,STOP,-0.0029910269192421346,-0.004391026919242135,-1.2100039261102804,274.35285377532233,1
2026-03-15 23:20:00+00:00,2026-03-15 23:25:00+00:00,2026-03-15 23:55:00+00:00,SHORT,72584.0,72801.752,72801.752,72148.496,STOP,-0.0029910269192421346,-0.004391026919242135,-1.2046907662983415,273.14816300902396,7
2026-03-16 03:20:00+00:00,2026-03-16 03:25:00+00:00,2026-03-16 03:30:00+00:00,SHORT,72838.1,73056.6143,73056.6143,72401.0714,STOP,-0.0029910269192422456,-0.004391026919242246,-1.1994009367141933,271.94876207230976,2
2026-03-16 03:35:00+00:00,2026-03-16 03:40:00+00:00,2026-03-16 03:40:00+00:00,SHORT,73983.0,74204.949,74204.949,73539.102,STOP,-0.0029910269192421346,-0.004391026919242135,-1.1941343349140867,270.75462773739565,1
2026-03-16 03:50:00+00:00,2026-03-16 03:55:00+00:00,2026-03-16 04:20:00+00:00,SHORT,73755.0,73976.26499999998,73976.26499999998,73312.47,STOP,-0.0029910269192420236,-0.004391026919242024,-1.1888908589042575,269.5657368784914,6
2026-03-16 07:35:00+00:00,2026-03-16 07:40:00+00:00,2026-03-16 08:30:00+00:00,LONG,73473.1,73252.68070000001,73252.68070000001,73913.93860000001,STOP,-0.0029999999999998916,-0.004399999999999892,-1.186089242265333,268.3796476362261,11
2026-03-16 08:40:00+00:00,2026-03-16 08:45:00+00:00,2026-03-16 10:00:00+00:00,LONG,72911.9,73349.37139999999,72693.16429999999,73349.37139999999,TARGET,0.006000000000000005,0.004600000000000005,1.2345463791266413,269.6141940153527,16
2026-03-16 10:50:00+00:00,2026-03-16 10:55:00+00:00,2026-03-16 11:00:00+00:00,SHORT,73566.0,73786.69799999999,73786.69799999999,73124.604,STOP,-0.0029910269192421346,-0.004391026919242135,-1.1838831837311854,268.4303108316215,2
2026-03-16 12:20:00+00:00,2026-03-16 12:25:00+00:00,2026-03-16 12:30:00+00:00,SHORT,73752.1,73973.3563,73973.3563,73309.5874,STOP,-0.0029910269192421346,-0.004391026919242135,-1.1786847208021836,267.2516261108193,2
2026-03-16 13:30:00+00:00,2026-03-16 13:35:00+00:00,2026-03-16 14:25:00+00:00,SHORT,74308.1,73862.25140000001,74531.0243,73862.25140000001,TARGET,0.006036217303822866,0.004636217303822866,1.2390366134497792,268.4906627242691,11
2026-03-16 14:30:00+00:00,2026-03-16 14:35:00+00:00,2026-03-16 14:35:00+00:00,LONG,73437.9,73217.5863,73217.5863,73878.52739999999,STOP,-0.0030000000000000027,-0.004400000000000003,-1.1813589159867848,267.3093038082823,1
2026-03-16 14:40:00+00:00,2026-03-16 14:45:00+00:00,2026-03-16 14:55:00+00:00,LONG,73138.0,73576.828,72918.586,73576.828,TARGET,0.006000000000000005,0.004600000000000005,1.2296227975181,268.53892660580044,3
2026-03-16 15:20:00+00:00,2026-03-16 15:25:00+00:00,2026-03-16 15:40:00+00:00,LONG,73846.0,73624.462,73624.462,74289.076,STOP,-0.0030000000000000027,-0.004400000000000003,-1.1815712770655227,267.3573553287349,4
2026-03-16 16:30:00+00:00,2026-03-16 16:35:00+00:00,2026-03-16 16:50:00+00:00,LONG,73413.1,73853.57860000001,73192.8607,73853.57860000001,TARGET,0.006000000000000005,0.004600000000000005,1.229843834512182,268.5871991632471,4
2026-03-16 18:05:00+00:00,2026-03-16 18:10:00+00:00,2026-03-16 18:55:00+00:00,SHORT,74307.9,73862.0526,74530.82369999998,73862.0526,TARGET,0.006036217303822866,0.004636217303822866,1.2452286203459644,269.83242778359306,10
2026-03-16 19:45:00+00:00,2026-03-16 19:50:00+00:00,2026-03-16 21:00:00+00:00,LONG,73933.9,74377.5034,73712.0983,74377.5034,TARGET,0.006000000000000005,0.004600000000000005,1.2412291678045295,271.0736569513976,15
2026-03-16 21:10:00+00:00,2026-03-16 21:15:00+00:00,2026-03-16 21:35:00+00:00,SHORT,74353.0,74576.059,74576.059,73906.882,STOP,-0.0029910269192422456,-0.004391026919242246,-1.1902917247710247,269.88336522662655,5
2026-03-16 21:40:00+00:00,2026-03-16 21:45:00+00:00,2026-03-16 22:00:00+00:00,SHORT,74441.5,74664.82449999999,74664.82449999999,73994.851,STOP,-0.0029910269192421346,-0.004391026919242135,-1.185065121765774,268.6983001048608,4
2026-03-16 22:05:00+00:00,2026-03-16 22:10:00+00:00,2026-03-16 23:00:00+00:00,SHORT,74874.9,74425.6506,75099.52469999998,74425.6506,TARGET,0.006036217303822866,0.004636217303822866,1.2457437084539449,269.94404381331475,11
2026-03-16 23:05:00+00:00,2026-03-16 23:10:00+00:00,2026-03-16 23:40:00+00:00,LONG,74346.0,74792.076,74122.962,74792.076,TARGET,0.006000000000000005,0.004600000000000005,1.2417426015412492,271.185786414856,7
2026-03-17 00:00:00+00:00,2026-03-17 00:05:00+00:00,2026-03-17 00:05:00+00:00,SHORT,74715.8,74939.94739999999,74939.94739999999,74267.5052,STOP,-0.0029910269192421346,-0.004391026919242135,-1.1907840882634808,269.99500232659256,1
2026-03-17 00:10:00+00:00,2026-03-17 00:15:00+00:00,2026-03-17 00:20:00+00:00,SHORT,75408.1,74955.6514,75634.3243,74955.6514,TARGET,0.006036217303823088,0.004636217303823088,1.2517555017323032,271.24675782832486,2
2026-03-17 01:10:00+00:00,2026-03-17 01:15:00+00:00,2026-03-17 02:05:00+00:00,SHORT,75840.6,75385.5564,76068.1218,75385.5564,TARGET,0.006036217303823088,0.004636217303823088,1.2575589122495903,272.50431674057444,11
2026-03-17 03:10:00+00:00,2026-03-17 03:15:00+00:00,2026-03-17 03:30:00+00:00,LONG,74946.5,74721.6605,74721.6605,75396.179,STOP,-0.0030000000000000027,-0.004400000000000003,-1.1990189936585283,271.3052977469159,4
2026-03-17 03:40:00+00:00,2026-03-17 03:45:00+00:00,2026-03-17 04:30:00+00:00,LONG,74427.0,74203.719,74203.719,74873.562,STOP,-0.0030000000000000027,-0.004400000000000003,-1.1937433100864308,270.1115544368295,10
2026-03-17 07:10:00+00:00,2026-03-17 07:15:00+00:00,2026-03-17 09:55:00+00:00,SHORT,74325.6,73879.64640000001,74548.5768,73879.64640000001,TARGET,0.006036217303822866,0.004636217303822866,1.2522958626425211,271.36385029947206,33
2026-03-17 10:05:00+00:00,2026-03-17 10:10:00+00:00,2026-03-17 11:35:00+00:00,LONG,73665.7,74107.6942,73444.7029,74107.6942,TARGET,0.006000000000000005,0.004600000000000005,1.2482737113775728,272.61212401084964,18
2026-03-17 12:25:00+00:00,2026-03-17 12:30:00+00:00,2026-03-17 13:50:00+00:00,LONG,73801.0,73579.597,73579.597,74243.806,STOP,-0.0030000000000001137,-0.004400000000000114,-1.1994933456477694,271.41263066520185,17
2026-03-17 14:30:00+00:00,2026-03-17 14:35:00+00:00,2026-03-17 14:45:00+00:00,SHORT,74071.0,74293.21299999999,74293.21299999999,73626.574,STOP,-0.0029910269192421346,-0.004391026919242135,-1.1917801674732247,270.22085049772863,3
2026-03-17 15:00:00+00:00,2026-03-17 15:05:00+00:00,2026-03-17 15:10:00+00:00,SHORT,74681.9,74233.80859999999,74905.94569999998,74233.80859999999,TARGET,0.006036217303823088,0.004636217303823088,1.2528025829313612,271.47365308066,2
2026-03-17 17:40:00+00:00,2026-03-17 17:45:00+00:00,2026-03-17 18:10:00+00:00,SHORT,74419.0,74642.257,74642.257,73972.486,STOP,-0.0029910269192422456,-0.004391026919242246,-1.1920481185422085,270.28160496211774,6
2026-03-17 19:20:00+00:00,2026-03-17 19:25:00+00:00,2026-03-17 22:30:00+00:00,SHORT,74707.8,74259.55320000001,74931.9234,74259.55320000001,TARGET,0.006036217303822866,0.004636217303822866,1.2530842538303864,271.5346892159481,38
2026-03-17 22:35:00+00:00,2026-03-17 22:40:00+00:00,2026-03-18 00:20:00+00:00,LONG,73968.8,73746.8936,73746.8936,74412.6128,STOP,-0.0030000000000001137,-0.004400000000000114,-1.1947526325502027,270.3399365833979,21
2026-03-18 00:35:00+00:00,2026-03-18 00:40:00+00:00,2026-03-18 01:25:00+00:00,LONG,73593.0,74034.558,73372.221,74034.558,TARGET,0.006000000000000005,0.004600000000000005,1.2435637082836317,271.58350029168156,10
2026-03-18 02:15:00+00:00,2026-03-18 02:20:00+00:00,2026-03-18 03:20:00+00:00,SHORT,74279.6,74502.4388,74502.4388,73833.92240000001,STOP,-0.0029910269192422456,-0.004391026919242246,-1.192530460602808,270.39096983107873,13
2026-03-18 03:25:00+00:00,2026-03-18 03:30:00+00:00,2026-03-18 05:25:00+00:00,SHORT,74521.9,74074.7686,74745.46569999999,74074.7686,TARGET,0.006036217303822866,0.004636217303822866,1.2535912931282938,271.64456112420703,24
2026-03-18 05:50:00+00:00,2026-03-18 05:55:00+00:00,2026-03-18 09:50:00+00:00,LONG,73847.8,74122.1,73626.25660000001,74290.88680000001,TIME,0.0037143963665811075,0.0023143963665811073,0.6286931852673843,272.2732543094744,48
2026-03-18 10:35:00+00:00,2026-03-18 10:40:00+00:00,2026-03-18 11:05:00+00:00,LONG,73993.0,73771.021,73771.021,74436.958,STOP,-0.0030000000000001137,-0.004400000000000114,-1.1980023189617184,271.0752519905127,6
2026-03-18 11:25:00+00:00,2026-03-18 11:30:00+00:00,2026-03-18 11:30:00+00:00,LONG,73604.9,73384.08529999999,73384.08529999999,74046.5294,STOP,-0.0030000000000000027,-0.004400000000000003,-1.1927311087582566,269.88252088175443,1
2026-03-18 11:35:00+00:00,2026-03-18 11:40:00+00:00,2026-03-18 12:30:00+00:00,LONG,72851.1,72632.5467,72632.5467,73288.2066,STOP,-0.0030000000000000027,-0.004400000000000003,-1.1874830918797203,268.69503778987473,11
2026-03-18 13:55:00+00:00,2026-03-18 14:00:00+00:00,2026-03-18 14:05:00+00:00,LONG,72126.1,71909.72170000001,71909.72170000001,72558.8566,STOP,-0.0030000000000000027,-0.004400000000000003,-1.1822581662754497,267.5127796235993,2
2026-03-18 14:25:00+00:00,2026-03-18 14:30:00+00:00,2026-03-18 14:50:00+00:00,LONG,71651.0,71436.047,71436.047,72080.906,STOP,-0.0029999999999998916,-0.004399999999999892,-1.177056230343808,266.3357233932555,5
2026-03-18 14:55:00+00:00,2026-03-18 15:00:00+00:00,2026-03-18 15:00:00+00:00,LONG,71186.0,70972.442,70972.442,71613.116,STOP,-0.0030000000000001137,-0.004400000000000114,-1.1718771829303545,265.1638462103251,1
2026-03-18 15:05:00+00:00,2026-03-18 15:10:00+00:00,2026-03-18 15:10:00+00:00,LONG,71338.2,71124.1854,71124.1854,71766.2292,STOP,-0.0029999999999998916,-0.004399999999999892,-1.166720923325402,263.99712528699973,1
2026-03-18 16:55:00+00:00,2026-03-18 17:00:00+00:00,2026-03-18 17:45:00+00:00,LONG,71318.7,71746.6122,71104.7439,71746.6122,TARGET,0.006000000000000005,0.004600000000000005,1.2143867763202,265.21151206331996,10
2026-03-18 17:50:00+00:00,2026-03-18 17:55:00+00:00,2026-03-18 18:00:00+00:00,SHORT,71624.2,71839.07259999998,71839.07259999998,71194.45479999999,STOP,-0.0029910269192421346,-0.004391026919242135,-1.164550888762948,264.046961174557,2
2026-03-18 18:05:00+00:00,2026-03-18 18:10:00+00:00,2026-03-18 18:45:00+00:00,SHORT,71836.0,71404.984,72051.50799999999,71404.984,TARGET,0.006036217303823088,0.004636217303823088,1.2241790904193843,265.2711402649764,8
2026-03-18 18:50:00+00:00,2026-03-18 18:55:00+00:00,2026-03-18 20:05:00+00:00,LONG,71093.6,70880.31920000001,70880.31920000001,71520.1616,STOP,-0.0029999999999998916,-0.004399999999999892,-1.1671930171658675,264.10394724781054,15
2026-03-18 20:10:00+00:00,2026-03-18 20:15:00+00:00,2026-03-18 20:30:00+00:00,LONG,70752.0,71176.512,70539.744,71176.512,TARGET,0.006000000000000005,0.004600000000000005,1.2148781573399299,265.31882540515045,4
2026-03-18 22:05:00+00:00,2026-03-18 22:10:00+00:00,2026-03-19 02:05:00+00:00,LONG,71022.1,71099.5,70809.0337,71448.2326,TIME,0.0010898016251279508,-0.00031019837487204923,-0.08230146846363864,265.2365239366868,48
2026-03-19 03:15:00+00:00,2026-03-19 03:20:00+00:00,2026-03-19 04:00:00+00:00,SHORT,71579.8,71150.3212,71794.5394,71150.3212,TARGET,0.006036217303822866,0.004636217303822866,1.2296941618810953,266.4662180985679,9
2026-03-19 04:05:00+00:00,2026-03-19 04:10:00+00:00,2026-03-19 06:30:00+00:00,LONG,70847.4,70634.8578,70634.8578,71272.4844,STOP,-0.0029999999999998916,-0.004399999999999892,-1.1724513596336699,265.2937667389342,29
2026-03-19 06:50:00+00:00,2026-03-19 06:55:00+00:00,2026-03-19 07:00:00+00:00,LONG,70609.9,70398.07029999999,70398.07029999999,71033.5594,STOP,-0.0030000000000000027,-0.004400000000000003,-1.1672925736513113,264.1264741652829,2
2026-03-19 07:05:00+00:00,2026-03-19 07:10:00+00:00,2026-03-19 07:10:00+00:00,LONG,70313.7,70102.7589,70102.7589,70735.5822,STOP,-0.0030000000000000027,-0.004400000000000003,-1.1621564863272456,262.96431767895564,1
2026-03-19 07:15:00+00:00,2026-03-19 07:20:00+00:00,2026-03-19 07:20:00+00:00,LONG,69843.0,69633.471,69633.471,70262.058,STOP,-0.0029999999999998916,-0.004399999999999892,-1.1570429977873764,261.8072746811683,1
2026-03-19 07:25:00+00:00,2026-03-19 07:30:00+00:00,2026-03-19 07:40:00+00:00,LONG,69820.0,70238.92,69610.54,70238.92,TARGET,0.006000000000000005,0.004600000000000005,1.2043134635333754,263.01158814470165,3
2026-03-19 07:45:00+00:00,2026-03-19 07:50:00+00:00,2026-03-19 09:45:00+00:00,LONG,70052.8,70473.1168,69842.6416,70473.1168,TARGET,0.006000000000000005,0.004600000000000005,1.2098533054656289,264.2214414501673,24
2026-03-19 11:00:00+00:00,2026-03-19 11:05:00+00:00,2026-03-19 11:55:00+00:00,LONG,70162.0,69951.514,69951.514,70582.972,STOP,-0.0030000000000001137,-0.004400000000000114,-1.1625743423807662,263.0588671077865,11
2026-03-19 12:05:00+00:00,2026-03-19 12:10:00+00:00,2026-03-19 12:50:00+00:00,LONG,69674.2,69465.1774,69465.1774,70092.24519999999,STOP,-0.0030000000000000027,-0.004400000000000003,-1.1574590152742614,261.90140809251227,9
2026-03-19 13:00:00+00:00,2026-03-19 13:05:00+00:00,2026-03-19 13:10:00+00:00,LONG,69431.8,69223.5046,69223.5046,69848.39080000001,STOP,-0.0030000000000000027,-0.004400000000000003,-1.1523661956070548,260.7490418969052,2
2026-03-19 13:15:00+00:00,2026-03-19 13:20:00+00:00,2026-03-19 13:40:00+00:00,LONG,69334.3,69750.3058,69126.2971,69750.3058,TARGET,0.006000000000000005,0.004600000000000005,1.1994455927257655,261.94848748963096,5
2026-03-19 13:50:00+00:00,2026-03-19 13:55:00+00:00,2026-03-19 14:05:00+00:00,SHORT,70076.4,69655.94159999999,70286.62919999998,69655.94159999999,TARGET,0.006036217303823088,0.004636217303823088,1.2144501104097127,263.16293760004066,3
2026-03-19 14:40:00+00:00,2026-03-19 14:45:00+00:00,2026-03-19 15:00:00+00:00,LONG,69297.0,69712.782,69089.109,69712.782,TARGET,0.006000000000000005,0.004600000000000005,1.2105495129601884,264.37348711300086,4
2026-03-19 15:40:00+00:00,2026-03-19 15:45:00+00:00,2026-03-19 15:50:00+00:00,LONG,68902.2,69315.61319999999,68695.49339999999,69315.61319999999,TARGET,0.006000000000000005,0.004600000000000005,1.2161180407198053,265.58960515372064,2
2026-03-19 19:00:00+00:00,2026-03-19 19:05:00+00:00,2026-03-19 19:05:00+00:00,SHORT,70008.0,70218.02399999999,70218.02399999999,69587.952,STOP,-0.0029910269192421346,-0.004391026919242135,-1.166211105700877,264.42339404801976,1
2026-03-19 19:10:00+00:00,2026-03-19 19:15:00+00:00,2026-03-19 19:15:00+00:00,SHORT,70355.8,70566.86739999999,70566.86739999999,69933.6652,STOP,-0.0029910269192420236,-0.004391026919242024,-1.161090241342196,263.26230380667755,1
2026-03-19 19:20:00+00:00,2026-03-19 19:25:00+00:00,2026-03-19 22:35:00+00:00,SHORT,70528.8,70105.6272,70740.38639999999,70105.6272,TARGET,0.006036217303822866,0.004636217303822866,1.2205412483527909,264.48284505503034,39
2026-03-19 23:35:00+00:00,2026-03-19 23:40:00+00:00,2026-03-20 00:15:00+00:00,LONG,69730.1,70148.48060000001,69520.9097,70148.48060000001,TARGET,0.006000000000000005,0.004600000000000005,1.2166210872531409,265.6994661422835,8
2026-03-20 00:40:00+00:00,2026-03-20 00:45:00+00:00,2026-03-20 01:10:00+00:00,SHORT,70226.1,70436.7783,70436.7783,69804.7434,STOP,-0.0029910269192422456,-0.004391026919242246,-1.1666935082590604,264.5327726340244,6
2026-03-20 02:30:00+00:00,2026-03-20 02:35:00+00:00,2026-03-20 02:55:00+00:00,LONG,70090.3,70510.84180000001,69880.0291,70510.84180000001,TARGET,0.006000000000000005,0.004600000000000005,1.2168507541165137,265.74962338814095,5
2026-03-20 03:20:00+00:00,2026-03-20 03:25:00+00:00,2026-03-20 03:30:00+00:00,SHORT,70521.8,70733.3654,70733.3654,70098.6692,STOP,-0.0029910269192421346,-0.004391026919242135,-1.166913750075786,264.5827096380652,2
2026-03-20 03:45:00+00:00,2026-03-20 03:50:00+00:00,2026-03-20 04:05:00+00:00,SHORT,70637.1,70849.0113,70849.0113,70213.2774,STOP,-0.0029910269192421346,-0.004391026919242135,-1.1617898003867697,263.4209198376784,4
2026-03-20 04:15:00+00:00,2026-03-20 04:20:00+00:00,2026-03-20 06:25:00+00:00,SHORT,70851.0,70425.894,71063.55299999999,70425.894,TARGET,0.006036217303822866,0.004636217303822866,1.2212766267403807,264.6421964644188,26
2026-03-20 07:00:00+00:00,2026-03-20 07:05:00+00:00,2026-03-20 07:35:00+00:00,LONG,70306.0,70727.836,70095.082,70727.836,TARGET,0.006000000000000005,0.004600000000000005,1.217354103736328,265.85955056815516,7
2026-03-20 07:40:00+00:00,2026-03-20 07:45:00+00:00,2026-03-20 08:05:00+00:00,SHORT,70860.3,71072.88089999999,71072.88089999999,70435.1382,STOP,-0.0029910269192421346,-0.004391026919242135,-1.167396443282385,264.6921541248728,5
2026-03-20 08:10:00+00:00,2026-03-20 08:15:00+00:00,2026-03-20 09:15:00+00:00,SHORT,71266.9,70839.2986,71480.70069999999,70839.2986,TARGET,0.006036217303822866,0.004636217303822866,1.227170345139884,265.91932447001267,13
2026-03-20 09:20:00+00:00,2026-03-20 09:25:00+00:00,2026-03-20 10:20:00+00:00,LONG,70454.6,70243.2362,70243.2362,70877.3276,STOP,-0.0030000000000001137,-0.004400000000000114,-1.170045027668086,264.7492794423446,12
2026-03-20 11:35:00+00:00,2026-03-20 11:40:00+00:00,2026-03-20 13:30:00+00:00,LONG,70341.4,70130.3758,70130.3758,70763.4484,STOP,-0.0030000000000000027,-0.004400000000000003,-1.164896829546317,263.58438261279827,23
2026-03-20 13:35:00+00:00,2026-03-20 13:40:00+00:00,2026-03-20 13:55:00+00:00,LONG,70036.0,69825.89199999999,69825.89199999999,70456.216,STOP,-0.0030000000000001137,-0.004400000000000114,-1.1597712834963423,262.4246113293019,4
2026-03-20 14:00:00+00:00,2026-03-20 14:05:00+00:00,2026-03-20 14:15:00+00:00,LONG,69891.1,69681.42670000001,69681.42670000001,70310.44660000001,STOP,-0.0029999999999998916,-0.004399999999999892,-1.1546682898489,261.269943039453,3
2026-03-20 14:20:00+00:00,2026-03-20 14:25:00+00:00,2026-03-20 14:35:00+00:00,LONG,69813.9,70232.7834,69604.4583,70232.7834,TARGET,0.006000000000000005,0.004600000000000005,1.201841737981485,262.4717847774345,3
2026-03-20 17:10:00+00:00,2026-03-20 17:15:00+00:00,2026-03-20 17:30:00+00:00,LONG,69805.4,69595.98379999999,69595.98379999999,70224.2324,STOP,-0.0030000000000001137,-0.004400000000000114,-1.1548758530207417,261.3169089244137,4
2026-03-20 17:55:00+00:00,2026-03-20 18:00:00+00:00,2026-03-20 18:30:00+00:00,SHORT,70002.7,69582.6838,70212.70809999999,69582.6838,TARGET,0.006036217303822866,0.004636217303822866,1.2115219749368709,262.5284308993506,7
2026-03-20 19:55:00+00:00,2026-03-20 20:00:00+00:00,2026-03-20 20:35:00+00:00,SHORT,70186.1,69764.98340000001,70396.6583,69764.98340000001,TARGET,0.006036217303822866,0.004636217303822866,1.2171388540810348,263.74556975343165,8
2026-03-20 21:15:00+00:00,2026-03-20 21:20:00+00:00,2026-03-20 22:00:00+00:00,SHORT,70544.0,70755.632,70755.632,70120.736,STOP,-0.0029910269192422456,-0.004391026919242246,-1.1581138966182019,262.58745585681345,9
2026-03-20 23:30:00+00:00,2026-03-20 23:35:00+00:00,2026-03-21 03:30:00+00:00,LONG,70481.0,70651.0,70269.557,70903.886,TIME,0.0024119975596259557,0.0010119975596259558,0.2657378645154836,262.8531937213289,48
2026-03-21 12:20:00+00:00,2026-03-21 12:25:00+00:00,2026-03-21 14:10:00+00:00,SHORT,70766.9,70979.20069999999,70979.20069999999,70342.2986,STOP,-0.0029910269192421346,-0.004391026919242135,-1.154195449439123,261.6989982718898,22
2026-03-21 14:15:00+00:00,2026-03-21 14:20:00+00:00,2026-03-21 14:55:00+00:00,SHORT,71009.5,70583.443,71222.52849999999,70583.443,TARGET,0.006036217303822866,0.004636217303822866,1.2132934241812459,262.91229169607107,8
2026-03-21 15:15:00+00:00,2026-03-21 15:20:00+00:00,2026-03-21 16:55:00+00:00,LONG,70511.2,70299.6664,70299.6664,70934.2672,STOP,-0.0029999999999998916,-0.004399999999999892,-1.1568140834626843,261.7554776126084,20
2026-03-21 17:20:00+00:00,2026-03-21 17:25:00+00:00,2026-03-21 21:20:00+00:00,LONG,70370.9,70369.0,70159.7873,70793.12539999999,TIME,-2.6999796790883046e-05,-0.001426999796790883,-0.3735250133620927,261.3819525992463,48
2026-03-21 23:10:00+00:00,2026-03-21 23:15:00+00:00,2026-03-21 23:45:00+00:00,LONG,70147.3,69936.8581,69936.8581,70568.1838,STOP,-0.0030000000000001137,-0.004400000000000114,-1.1500805914367134,260.23187200780956,7
2026-03-21 23:50:00+00:00,2026-03-21 23:55:00+00:00,2026-03-21 23:55:00+00:00,LONG,69115.0,68907.655,68907.655,69529.69,STOP,-0.0030000000000000027,-0.004400000000000003,-1.1450202368343627,259.0868517709752,1
2026-03-22 00:00:00+00:00,2026-03-22 00:05:00+00:00,2026-03-22 00:05:00+00:00,LONG,68449.1,68859.79460000001,68243.75270000001,68859.79460000001,TARGET,0.006000000000000005,0.004600000000000005,1.1917995181464873,260.2786512891217,1
2026-03-22 02:25:00+00:00,2026-03-22 02:30:00+00:00,2026-03-22 03:35:00+00:00,SHORT,69356.9,69564.97069999999,69564.97069999999,68940.7586,STOP,-0.0029910269192422456,-0.004391026919242246,-1.1428905643145988,259.1357607248071,14
2026-03-22 05:10:00+00:00,2026-03-22 05:15:00+00:00,2026-03-22 07:35:00+00:00,LONG,69230.1,69022.4097,69022.4097,69645.48060000001,STOP,-0.0030000000000000027,-0.004400000000000003,-1.140197347189152,257.99556337761794,29
2026-03-22 07:40:00+00:00,2026-03-22 07:45:00+00:00,2026-03-22 08:00:00+00:00,LONG,68955.0,68748.135,68748.135,69368.73,STOP,-0.0030000000000001137,-0.004400000000000114,-1.1351804788615483,256.86038289875637,4
2026-03-22 08:25:00+00:00,2026-03-22 08:30:00+00:00,2026-03-22 11:25:00+00:00,LONG,68630.0,68424.11,68424.11,69041.78,STOP,-0.0030000000000000027,-0.004400000000000003,-1.1301856847545289,255.73019721400183,36
2026-03-22 11:40:00+00:00,2026-03-22 11:45:00+00:00,2026-03-22 11:50:00+00:00,LONG,68406.9,68201.67929999999,68201.67929999999,68817.34139999999,STOP,-0.0030000000000001137,-0.004400000000000114,-1.125212867741637,254.6049843462602,2
2026-03-22 13:00:00+00:00,2026-03-22 13:05:00+00:00,2026-03-22 17:00:00+00:00,SHORT,68826.3,68806.1,69032.77889999999,68413.3422,TIME,0.0002935786216629044,-0.0011064213783370956,-0.2817003977118839,254.32328394854832,48
2026-03-22 18:00:00+00:00,2026-03-22 18:05:00+00:00,2026-03-22 18:35:00+00:00,LONG,68639.9,68433.9803,68433.9803,69051.73939999999,STOP,-0.0030000000000000027,-0.004400000000000003,-1.1190224493736134,253.20426149917472,7
2026-03-22 19:10:00+00:00,2026-03-22 19:15:00+00:00,2026-03-22 20:50:00+00:00,LONG,68335.0,68129.995,68129.995,68745.01,STOP,-0.0030000000000001137,-0.004400000000000114,-1.1140987505963975,252.09016274857834,20
2026-03-22 21:05:00+00:00,2026-03-22 21:10:00+00:00,2026-03-22 21:15:00+00:00,LONG,67850.1,67646.5497,67646.5497,68257.20060000001,STOP,-0.0030000000000000027,-0.004400000000000003,-1.1091967160937455,250.9809660324846,2
2026-03-22 21:20:00+00:00,2026-03-22 21:25:00+00:00,2026-03-22 22:05:00+00:00,LONG,67668.0,68074.008,67464.996,68074.008,TARGET,0.006000000000000005,0.004600000000000005,1.1545124437494303,252.13547847623403,9
2026-03-23 00:00:00+00:00,2026-03-23 00:05:00+00:00,2026-03-23 00:35:00+00:00,LONG,67961.0,67757.117,67757.117,68368.766,STOP,-0.0030000000000000027,-0.004400000000000003,-1.1093961052954304,251.0260823709386,7
2026-03-23 00:40:00+00:00,2026-03-23 00:45:00+00:00,2026-03-23 01:20:00+00:00,LONG,67682.3,68088.3938,67479.2531,68088.3938,TARGET,0.006000000000000005,0.004600000000000005,1.154719978906319,252.18080234984492,8
2026-03-23 02:40:00+00:00,2026-03-23 02:45:00+00:00,2026-03-23 03:00:00+00:00,SHORT,68240.0,68444.71999999999,68444.71999999999,67830.56,STOP,-0.0029910269192420236,-0.004391026919242024,-1.1073326916342212,251.0734696582107,4
2026-03-23 04:50:00+00:00,2026-03-23 04:55:00+00:00,2026-03-23 05:00:00+00:00,SHORT,68479.5,68684.93849999999,68684.93849999999,68068.623,STOP,-0.0029910269192421346,-0.004391026919242135,-1.1024703639767266,249.970999294234,2
2026-03-23 05:05:00+00:00,2026-03-23 05:10:00+00:00,2026-03-23 06:35:00+00:00,SHORT,68712.1,68299.82740000001,68918.2363,68299.82740000001,TARGET,0.006036217303822866,0.004636217303822866,1.158919872381821,251.12991916661582,18
2026-03-23 06:40:00+00:00,2026-03-23 06:45:00+00:00,2026-03-23 07:05:00+00:00,LONG,67818.0,67614.546,67614.546,68224.908,STOP,-0.0030000000000000027,-0.004400000000000003,-1.1049716443331103,250.0249475222827,5
2026-03-23 07:50:00+00:00,2026-03-23 07:55:00+00:00,2026-03-23 08:10:00+00:00,SHORT,68433.0,68638.299,68638.299,68022.402,STOP,-0.0029910269192422456,-0.004391026919242246,-1.0978662750524733,248.92708124723023,4
2026-03-23 08:40:00+00:00,2026-03-23 08:45:00+00:00,2026-03-23 09:30:00+00:00,SHORT,68551.0,68139.694,68756.65299999999,68139.694,TARGET,0.006036217303822866,0.004636217303822866,1.1540800414685293,250.08116128869875,10
2026-03-23 10:50:00+00:00,2026-03-23 10:55:00+00:00,2026-03-23 11:05:00+00:00,SHORT,68515.4,68720.94619999999,68720.94619999999,68104.3076,STOP,-0.0029910269192422456,-0.004391026919242246,-1.098113111214038,248.9830481774847,3
2026-03-23 11:10:00+00:00,2026-03-23 11:15:00+00:00,2026-03-23 11:15:00+00:00,SHORT,70962.1,71174.9863,71174.9863,70536.32740000001,STOP,-0.0029910269192422456,-0.004391026919242246,-1.0932912669823243,247.88975691050237,1
2026-03-23 13:35:00+00:00,2026-03-23 13:40:00+00:00,2026-03-23 13:40:00+00:00,SHORT,71142.3,71355.7269,71355.7269,70715.4462,STOP,-0.0029910269192421346,-0.004391026919242135,-1.088490595598405,246.80126631490396,1
2026-03-23 13:50:00+00:00,2026-03-23 13:55:00+00:00,2026-03-23 14:00:00+00:00,SHORT,71323.1,71537.0693,71537.0693,70895.16140000001,STOP,-0.0029910269192422456,-0.004391026919242246,-1.0837110040918179,245.71755531081214,2
2026-03-23 14:05:00+00:00,2026-03-23 14:10:00+00:00,2026-03-23 14:30:00+00:00,SHORT,71704.9,71274.6706,71920.01469999999,71274.6706,TARGET,0.006036217303822866,0.004636217303822866,1.1391999817850393,246.85675529259717,5
2026-03-23 15:45:00+00:00,2026-03-23 15:50:00+00:00,2026-03-23 15:50:00+00:00,LONG,70811.1,70598.6667,70598.6667,71235.9666,STOP,-0.0030000000000001137,-0.004400000000000114,-1.0861697232874556,245.7705855693097,1
2026-03-23 15:55:00+00:00,2026-03-23 16:00:00+00:00,2026-03-23 16:15:00+00:00,LONG,70134.0,70554.804,69923.598,70554.804,TARGET,0.006000000000000005,0.004600000000000005,1.130544693618826,246.90113026292852,4
2026-03-23 17:35:00+00:00,2026-03-23 17:40:00+00:00,2026-03-23 19:05:00+00:00,SHORT,71016.9,71229.95069999999,71229.95069999999,70590.7986,STOP,-0.0029910269192421346,-0.004391026919242135,-1.084149509375828,245.81698075355268,18
2026-03-23 19:55:00+00:00,2026-03-23 20:00:00+00:00,2026-03-23 23:15:00+00:00,LONG,70673.0,70460.981,70460.981,71097.038,STOP,-0.0030000000000000027,-0.004400000000000003,-1.0815947153156324,244.73538603823704,40
2026-03-24 00:00:00+00:00,2026-03-24 00:05:00+00:00,2026-03-24 00:35:00+00:00,SHORT,70916.1,70490.6034,71128.8483,70490.6034,TARGET,0.006036217303822866,0.004636217303822866,1.1346464316082436,245.87003246984528,7
2026-03-24 01:30:00+00:00,2026-03-24 01:35:00+00:00,2026-03-24 01:40:00+00:00,SHORT,70813.1,70388.22140000001,71025.5393,70388.22140000001,TARGET,0.006036217303822866,0.004636217303822866,1.1399068990281866,247.00993936887346,2
2026-03-24 01:45:00+00:00,2026-03-24 01:50:00+00:00,2026-03-24 05:00:00+00:00,LONG,70446.7,70235.3599,70235.3599,70869.3802,STOP,-0.0030000000000000027,-0.004400000000000003,-1.0868437332230438,245.9230956356504,39
2026-03-24 06:25:00+00:00,2026-03-24 06:30:00+00:00,2026-03-24 07:05:00+00:00,SHORT,70389.8,70600.9694,70600.9694,69967.4612,STOP,-0.0029910269192422456,-0.004391026919242246,-1.0798549329995262,244.8432407026509,8
2026-03-24 07:10:00+00:00,2026-03-24 07:15:00+00:00,2026-03-24 07:50:00+00:00,SHORT,70840.5,71053.02149999999,71053.02149999999,70415.457,STOP,-0.0029910269192421346,-0.004391026919242135,-1.0751132609198215,243.76812744173105,8
2026-03-24 07:55:00+00:00,2026-03-24 08:00:00+00:00,2026-03-24 08:20:00+00:00,SHORT,71293.0,70865.242,71506.87899999999,70865.242,TARGET,0.006036217303822866,0.004636217303822866,1.1301620105658512,244.8982894522969,5
2026-03-24 11:00:00+00:00,2026-03-24 11:05:00+00:00,2026-03-24 13:05:00+00:00,LONG,71015.2,70802.1544,70802.1544,71441.29119999999,STOP,-0.0030000000000000027,-0.004400000000000003,-1.077552473590107,243.82073697870678,25
2026-03-24 13:20:00+00:00,2026-03-24 13:25:00+00:00,2026-03-24 13:40:00+00:00,LONG,70658.1,70446.1257,70446.1257,71082.04860000001,STOP,-0.0030000000000000027,-0.004400000000000003,-1.0728112427063106,242.74792573600047,4
2026-03-24 13:45:00+00:00,2026-03-24 13:50:00+00:00,2026-03-24 13:50:00+00:00,LONG,70252.1,70041.34370000001,70041.34370000001,70673.61260000001,STOP,-0.0029999999999998916,-0.004399999999999892,-1.0680908732383758,241.67983486276208,1
2026-03-24 14:10:00+00:00,2026-03-24 14:15:00+00:00,2026-03-24 14:45:00+00:00,LONG,69872.0,69662.384,69662.384,70291.232,STOP,-0.0029999999999998916,-0.004399999999999892,-1.063391273396127,240.61644358936596,7
2026-03-24 14:50:00+00:00,2026-03-24 14:55:00+00:00,2026-03-24 16:25:00+00:00,LONG,69916.6,69706.8502,69706.8502,70336.0996,STOP,-0.0030000000000001137,-0.004400000000000114,-1.0587123517932375,239.5577312375727,19
2026-03-24 16:35:00+00:00,2026-03-24 16:40:00+00:00,2026-03-24 17:05:00+00:00,LONG,69406.1,69197.88170000001,69197.88170000001,69822.5366,STOP,-0.0029999999999998916,-0.004399999999999892,-1.054054017445294,238.50367722012743,6
2026-03-24 17:40:00+00:00,2026-03-24 17:45:00+00:00,2026-03-24 18:10:00+00:00,LONG,68952.0,69365.712,68745.144,69365.712,TARGET,0.006000000000000005,0.004600000000000005,1.0971169152125875,239.60079413534,6
2026-03-24 20:20:00+00:00,2026-03-24 20:25:00+00:00,2026-03-24 20:25:00+00:00,SHORT,69963.5,70173.3905,70173.3905,69543.719,STOP,-0.0029910269192421346,-0.004391026919242135,-1.052093536920071,238.54870059841994,1
2026-03-24 20:30:00+00:00,2026-03-24 20:35:00+00:00,2026-03-24 20:50:00+00:00,SHORT,69978.1,70188.0343,70188.0343,69558.2314,STOP,-0.0029910269192421346,-0.004391026919242135,-1.0474737658778943,237.50122683254205,4
2026-03-24 21:10:00+00:00,2026-03-24 21:15:00+00:00,2026-03-24 21:35:00+00:00,SHORT,69997.3,70207.2919,70207.2919,69577.3162,STOP,-0.0029910269192421346,-0.004391026919242135,-1.0428742803747246,236.45835255216733,5
2026-03-24 22:05:00+00:00,2026-03-24 22:10:00+00:00,2026-03-24 23:25:00+00:00,SHORT,70516.8,70728.3504,70728.3504,70093.6992,STOP,-0.0029910269192421346,-0.004391026919242135,-1.0382949913362138,235.4200575608311,16
2026-03-24 23:30:00+00:00,2026-03-24 23:35:00+00:00,2026-03-25 00:40:00+00:00,SHORT,70752.3,70964.5569,70964.5569,70327.7862,STOP,-0.0029910269192421346,-0.004391026919242135,-1.0337358100791423,234.38632175075196,14
2026-03-25 00:45:00+00:00,2026-03-25 00:50:00+00:00,2026-03-25 03:10:00+00:00,SHORT,70881.0,70455.71399999999,71093.643,70455.71399999999,TARGET,0.006036217303823088,0.004636217303823088,1.086665920680282,235.47298767143224,29
2026-03-25 05:05:00+00:00,2026-03-25 05:10:00+00:00,2026-03-25 08:30:00+00:00,SHORT,71213.2,71426.83959999999,71426.83959999999,70785.92079999999,STOP,-0.0029910269192422456,-0.004391026919242246,-1.0339682276196565,234.43901944381258,41
2026-03-25 08:35:00+00:00,2026-03-25 08:40:00+00:00,2026-03-25 10:45:00+00:00,SHORT,71372.1,71586.2163,71586.2163,70943.8674,STOP,-0.0029910269192422456,-0.004391026919242246,-1.0294280452985374,233.40959139851404,26
2026-03-25 11:20:00+00:00,2026-03-25 11:25:00+00:00,2026-03-25 11:25:00+00:00,SHORT,71694.5,71909.5835,71909.5835,71264.333,STOP,-0.0029910269192421346,-0.004391026919242135,-1.0249077990401825,232.38468359947385,1
2026-03-25 11:30:00+00:00,2026-03-25 11:35:00+00:00,2026-03-25 12:15:00+00:00,SHORT,71934.1,71502.4954,72149.9023,71502.4954,TARGET,0.006036217303823088,0.004636217303823088,1.077385891247334,233.46206949072118,9
2026-03-25 12:20:00+00:00,2026-03-25 12:25:00+00:00,2026-03-25 12:55:00+00:00,LONG,71216.2,71643.4972,71002.5514,71643.4972,TARGET,0.006000000000000005,0.004600000000000005,1.0739255196573185,234.53599501037849,7
2026-03-25 14:10:00+00:00,2026-03-25 14:15:00+00:00,2026-03-25 15:05:00+00:00,LONG,71387.7,71173.53689999999,71173.53689999999,71816.0262,STOP,-0.0030000000000001137,-0.004400000000000114,-1.031958378045692,233.5040366323328,11
2026-03-25 15:15:00+00:00,2026-03-25 15:20:00+00:00,2026-03-25 16:25:00+00:00,LONG,70691.2,71115.3472,70479.1264,71115.3472,TARGET,0.006000000000000005,0.004600000000000005,1.074118568508732,234.57815520084154,14
2026-03-25 17:50:00+00:00,2026-03-25 17:55:00+00:00,2026-03-25 21:50:00+00:00,LONG,70793.7,71032.0,70581.3189,71218.4622,TIME,0.0033661187365543466,0.0019661187365543464,0.4612085061267279,235.03936370696826,48
2026-03-25 22:30:00+00:00,2026-03-25 22:35:00+00:00,2026-03-25 22:40:00+00:00,SHORT,71218.0,71431.654,71431.654,70790.692,STOP,-0.0029910269192422456,-0.004391026919242246,-1.0320641731188667,234.0072995338494,2
2026-03-26 00:00:00+00:00,2026-03-26 00:05:00+00:00,2026-03-26 02:15:00+00:00,LONG,71248.1,71034.3557,71034.3557,71675.5886,STOP,-0.0030000000000001137,-0.004400000000000114,-1.029632117948964,232.9776674159004,27
2026-03-26 02:20:00+00:00,2026-03-26 02:25:00+00:00,2026-03-26 02:30:00+00:00,LONG,70914.8,70702.0556,70702.0556,71340.28880000001,STOP,-0.0029999999999998916,-0.004399999999999892,-1.0251017366299366,231.95256567927046,2
2026-03-26 02:35:00+00:00,2026-03-26 02:40:00+00:00,2026-03-26 05:05:00+00:00,LONG,70800.7,70588.29789999999,70588.29789999999,71225.5042,STOP,-0.0030000000000001137,-0.004400000000000114,-1.0205912889888165,230.93197439028165,30
2026-03-26 05:10:00+00:00,2026-03-26 05:15:00+00:00,2026-03-26 05:40:00+00:00,LONG,70566.9,70355.1993,70355.1993,70990.3014,STOP,-0.0030000000000000027,-0.004400000000000003,-1.01610068731724,229.9158737029644,6
2026-03-26 05:45:00+00:00,2026-03-26 05:50:00+00:00,2026-03-26 05:50:00+00:00,LONG,70357.1,70146.02870000001,70146.02870000001,70779.24260000001,STOP,-0.0029999999999998916,-0.004399999999999892,-1.0116298442930185,228.90424385867138,1
2026-03-26 05:55:00+00:00,2026-03-26 06:00:00+00:00,2026-03-26 07:30:00+00:00,LONG,70023.0,69812.931,69812.931,70443.138,STOP,-0.0030000000000000027,-0.004400000000000003,-1.0071786729781547,227.89706518569324,19
2026-03-26 09:25:00+00:00,2026-03-26 09:30:00+00:00,2026-03-26 09:30:00+00:00,SHORT,70039.0,69618.766,70249.117,69618.766,TARGET,0.006036217303822866,0.004636217303822866,1.0565803171043586,228.9536455027976,1
2026-03-26 09:35:00+00:00,2026-03-26 09:40:00+00:00,2026-03-26 11:25:00+00:00,LONG,69452.9,69244.5413,69244.5413,69869.61739999999,STOP,-0.0030000000000000027,-0.004400000000000003,-1.00739604021231,227.94624946258529,22
2026-03-26 12:00:00+00:00,2026-03-26 12:05:00+00:00,2026-03-26 13:45:00+00:00,LONG,69340.0,69756.04,69131.98,69756.04,TARGET,0.006000000000000005,0.004600000000000005,1.0485527475278935,228.9948022101132,21
2026-03-26 13:50:00+00:00,2026-03-26 13:55:00+00:00,2026-03-26 14:50:00+00:00,SHORT,69800.1,69381.2994,70009.5003,69381.2994,TARGET,0.006036217303822866,0.004636217303822866,1.0616696644920214,230.05647187460522,12
2026-03-26 15:05:00+00:00,2026-03-26 15:10:00+00:00,2026-03-26 15:10:00+00:00,LONG,69181.0,68973.457,68973.457,69596.086,STOP,-0.0030000000000001137,-0.004400000000000114,-1.0122484762482893,229.04422339835693,1
2026-03-26 15:15:00+00:00,2026-03-26 15:20:00+00:00,2026-03-26 17:50:00+00:00,LONG,68886.1,68679.44170000001,68679.44170000001,69299.41660000001,STOP,-0.0029999999999998916,-0.004399999999999892,-1.0077945829527457,228.03642881540418,31
2026-03-26 17:55:00+00:00,2026-03-26 18:00:00+00:00,2026-03-26 18:20:00+00:00,LONG,68489.0,68283.533,68283.533,68899.934,STOP,-0.0030000000000001137,-0.004400000000000114,-1.0033602867878044,227.03306852861638,5
2026-03-26 18:35:00+00:00,2026-03-26 18:40:00+00:00,2026-03-26 20:10:00+00:00,LONG,68326.9,68736.8614,68121.9193,68736.8614,TARGET,0.006000000000000005,0.004600000000000005,1.0443521152316366,228.07742064384803,19
2026-03-26 22:20:00+00:00,2026-03-26 22:25:00+00:00,2026-03-27 00:35:00+00:00,LONG,68764.9,68558.6053,68558.6053,69177.48939999999,STOP,-0.0030000000000000027,-0.004400000000000003,-1.003540650832932,227.07387999301508,27
2026-03-27 01:55:00+00:00,2026-03-27 02:00:00+00:00,2026-03-27 04:00:00+00:00,SHORT,69054.9,68640.57059999999,69262.06469999999,68640.57059999999,TARGET,0.006036217303822866,0.004636217303822866,1.0527638516698135,228.1266438446849,25
2026-03-27 04:05:00+00:00,2026-03-27 04:10:00+00:00,2026-03-27 05:10:00+00:00,LONG,68334.0,68744.004,68128.998,68744.004,TARGET,0.006000000000000005,0.004600000000000005,1.0493825616855517,229.17602640637045,13
2026-03-27 06:25:00+00:00,2026-03-27 06:30:00+00:00,2026-03-27 08:15:00+00:00,SHORT,68797.0,68384.218,69003.39099999999,68384.218,TARGET,0.006036217303823088,0.004636217303823088,1.0625098592466315,230.23853626561709,22
2026-03-27 08:35:00+00:00,2026-03-27 08:40:00+00:00,2026-03-27 10:35:00+00:00,LONG,67682.6,67479.5522,67479.5522,68088.6956,STOP,-0.0030000000000000027,-0.004400000000000003,-1.013049559568716,229.22548670604837,24
2026-03-27 10:40:00+00:00,2026-03-27 10:45:00+00:00,2026-03-27 10:50:00+00:00,LONG,66896.1,66695.41170000001,66695.41170000001,67297.47660000001,STOP,-0.0029999999999998916,-0.004399999999999892,-1.008592141506588,228.21689456454178,2
2026-03-27 10:55:00+00:00,2026-03-27 11:00:00+00:00,2026-03-27 11:00:00+00:00,LONG,66499.3,66299.8021,66299.8021,66898.2958,STOP,-0.0030000000000000027,-0.004400000000000003,-1.0041543360839844,227.2127402284578,1
2026-03-27 13:35:00+00:00,2026-03-27 13:40:00+00:00,2026-03-27 13:50:00+00:00,LONG,66435.0,66235.695,66235.695,66833.61,STOP,-0.0029999999999998916,-0.004399999999999892,-0.9997360570051897,226.2130041714526,3
2026-03-27 13:55:00+00:00,2026-03-27 14:00:00+00:00,2026-03-27 14:20:00+00:00,LONG,66169.0,65970.493,65970.493,66566.014,STOP,-0.0030000000000000027,-0.004400000000000003,-0.9953372183543922,225.21766695309822,5
2026-03-27 17:40:00+00:00,2026-03-27 17:45:00+00:00,2026-03-27 19:30:00+00:00,LONG,65632.0,66025.792,65435.104,66025.792,TARGET,0.006000000000000005,0.004600000000000005,1.036001267984253,226.25366822108248,22
2026-03-27 19:55:00+00:00,2026-03-27 20:00:00+00:00,2026-03-27 23:35:00+00:00,SHORT,66033.6,66231.70079999999,66231.70079999999,65637.3984,STOP,-0.0029910269192420236,-0.004391026919242024,-0.9934859477360267,225.26018227334646,44
2026-03-27 23:40:00+00:00,2026-03-27 23:45:00+00:00,2026-03-28 00:30:00+00:00,SHORT,66290.6,66489.4718,66489.4718,65892.8564,STOP,-0.0029910269192421346,-0.004391026919242135,-0.9891235241956542,224.2710587491508,10
2026-03-28 00:35:00+00:00,2026-03-28 00:40:00+00:00,2026-03-28 01:35:00+00:00,SHORT,66483.0,66084.102,66682.449,66084.102,TARGET,0.006036217303822866,0.004636217303822866,1.0397693633194875,225.3108281124703,12
2026-03-28 01:55:00+00:00,2026-03-28 02:00:00+00:00,2026-03-28 02:30:00+00:00,LONG,66181.7,65983.1549,65983.1549,66578.7902,STOP,-0.0030000000000000027,-0.004400000000000003,-0.99136764369487,224.31946046877542,7
2026-03-28 06:15:00+00:00,2026-03-28 06:20:00+00:00,2026-03-28 10:15:00+00:00,SHORT,66486.0,66298.0,66685.458,66087.084,TIME,0.0028356813176868556,0.0014356813176868556,0.322051258588616,224.64151172736405,48
2026-03-28 10:25:00+00:00,2026-03-28 10:30:00+00:00,2026-03-28 13:30:00+00:00,LONG,66171.9,66568.9314,65973.38429999999,66568.9314,TARGET,0.006000000000000005,0.004600000000000005,1.0333509539458758,225.67486268130992,37
2026-03-28 13:35:00+00:00,2026-03-28 13:40:00+00:00,2026-03-28 13:40:00+00:00,SHORT,66666.7,66866.70009999999,66866.70009999999,66266.6998,STOP,-0.0029910269192421346,-0.004391026919242135,-0.9909443970299041,224.68391828428003,1
2026-03-28 15:20:00+00:00,2026-03-28 15:25:00+00:00,2026-03-28 17:15:00+00:00,SHORT,67245.0,66841.53,67446.73499999999,66841.53,TARGET,0.006036217303822866,0.004636217303822866,1.041683469840302,225.72560175412033,23
2026-03-28 17:25:00+00:00,2026-03-28 17:30:00+00:00,2026-03-28 21:25:00+00:00,LONG,66775.3,66855.0,66574.9741,67175.95180000001,TIME,0.0011935551019612856,-0.00020644489803871443,-0.04659989883885683,225.67900185528148,48
2026-03-28 21:50:00+00:00,2026-03-28 21:55:00+00:00,2026-03-28 23:10:00+00:00,LONG,66698.0,66497.906,66497.906,67098.188,STOP,-0.0030000000000000027,-0.004400000000000003,-0.9929876081632392,224.68601424711824,16
2026-03-29 01:10:00+00:00,2026-03-29 01:15:00+00:00,2026-03-29 02:40:00+00:00,SHORT,66553.1,66752.7593,66752.7593,66153.7814,STOP,-0.0029910269192422456,-0.004391026919242246,-0.9866023369363429,223.6994119101819,18
2026-03-29 03:15:00+00:00,2026-03-29 03:20:00+00:00,2026-03-29 05:15:00+00:00,SHORT,67053.0,66650.682,67254.159,66650.682,TARGET,0.006036217303822866,0.004636217303822866,1.0371190843529843,224.7365309945349,24
2026-03-29 05:25:00+00:00,2026-03-29 05:30:00+00:00,2026-03-29 09:25:00+00:00,LONG,66640.9,66673.5,66440.9773,67040.7454,TIME,0.0004891890715763569,-0.000910810928423643,-0.20469248844584115,224.53183850608906,48
2026-03-29 09:30:00+00:00,2026-03-29 09:35:00+00:00,2026-03-29 11:45:00+00:00,LONG,66561.1,66960.4666,66361.4167,66960.4666,TARGET,0.006000000000000005,0.004600000000000005,1.032846457128011,225.56468496321708,27
2026-03-29 12:35:00+00:00,2026-03-29 12:40:00+00:00,2026-03-29 13:05:00+00:00,LONG,66736.0,66535.792,66535.792,67136.416,STOP,-0.0030000000000000027,-0.004400000000000003,-0.9924846138381558,224.57220034937893,6
2026-03-29 14:00:00+00:00,2026-03-29 14:05:00+00:00,2026-03-29 17:20:00+00:00,LONG,66496.0,66296.512,66296.512,66894.976,STOP,-0.0030000000000000027,-0.004400000000000003,-0.988117681537268,223.58408266784167,40
2026-03-29 17:45:00+00:00,2026-03-29 17:50:00+00:00,2026-03-29 20:20:00+00:00,LONG,66372.0,66770.232,66172.884,66770.232,TARGET,0.006000000000000005,0.004600000000000005,1.0284867802720727,224.61256944811373,31
2026-03-29 22:00:00+00:00,2026-03-29 22:05:00+00:00,2026-03-29 22:35:00+00:00,LONG,66397.8,66198.6066,66198.6066,66796.18680000001,STOP,-0.0030000000000000027,-0.004400000000000003,-0.9882953055717011,223.62427414254202,7
2026-03-29 22:40:00+00:00,2026-03-29 22:45:00+00:00,2026-03-29 22:45:00+00:00,LONG,65686.0,65488.942,65488.942,66080.116,STOP,-0.0030000000000000027,-0.004400000000000003,-0.9839468062271856,222.64032733631484,1
2026-03-29 22:50:00+00:00,2026-03-29 22:55:00+00:00,2026-03-29 22:55:00+00:00,LONG,65456.0,65848.736,65259.632,65848.736,TARGET,0.006000000000000005,0.004600000000000005,1.0241455057470494,223.66447284206188,1
2026-03-29 23:00:00+00:00,2026-03-29 23:05:00+00:00,2026-03-30 00:05:00+00:00,LONG,66035.0,65836.895,65836.895,66431.21,STOP,-0.0029999999999998916,-0.004399999999999892,-0.9841236805050481,222.68034916155685,13
2026-03-30 00:15:00+00:00,2026-03-30 00:20:00+00:00,2026-03-30 00:30:00+00:00,SHORT,66907.9,66506.45259999999,67108.62369999998,66506.45259999999,TARGET,0.006036217303823088,0.004636217303823088,1.0323944880041769,223.71274364956102,3
2026-03-30 02:15:00+00:00,2026-03-30 02:20:00+00:00,2026-03-30 02:40:00+00:00,SHORT,66768.1,66968.4043,66968.4043,66367.4914,STOP,-0.0029910269192421346,-0.004391026919242135,-0.9823286795427374,222.73041497001827,5
2026-03-30 02:45:00+00:00,2026-03-30 02:50:00+00:00,2026-03-30 04:25:00+00:00,SHORT,67324.0,67525.972,67525.972,66920.056,STOP,-0.0029910269192421346,-0.004391026919242135,-0.9780152478673216,221.75239972215095,20
2026-03-30 05:00:00+00:00,2026-03-30 05:05:00+00:00,2026-03-30 08:05:00+00:00,SHORT,67624.0,67826.87199999999,67826.87199999999,67218.256,STOP,-0.0029910269192421346,-0.004391026919242135,-0.9737207565865069,220.77867896556444,37
2026-03-30 08:15:00+00:00,2026-03-30 08:20:00+00:00,2026-03-30 09:30:00+00:00,SHORT,67872.1,67464.8674,68075.7163,67464.8674,TARGET,0.006036217303823088,0.004636217303823088,1.0235779317353522,221.8022568972998,15
2026-03-30 10:00:00+00:00,2026-03-30 10:05:00+00:00,2026-03-30 11:25:00+00:00,LONG,67479.8,67884.67880000001,67277.3606,67884.67880000001,TARGET,0.006000000000000005,0.004600000000000005,1.0202903817275801,222.8225472790274,17
2026-03-30 12:30:00+00:00,2026-03-30 12:35:00+00:00,2026-03-30 13:20:00+00:00,SHORT,67929.2,68132.9876,68132.9876,67521.62479999999,STOP,-0.0029910269192422456,-0.004391026919242246,-0.9784198033163373,221.84412747571105,10
2026-03-30 13:55:00+00:00,2026-03-30 14:00:00+00:00,2026-03-30 14:25:00+00:00,LONG,67533.0,67330.401,67330.401,67938.198,STOP,-0.0030000000000000027,-0.004400000000000003,-0.9761141608931293,220.86801331481792,6
2026-03-30 17:15:00+00:00,2026-03-30 17:20:00+00:00,2026-03-30 17:20:00+00:00,LONG,67139.2,66937.7824,66937.7824,67542.0352,STOP,-0.0030000000000000027,-0.004400000000000003,-0.9718192585851995,219.89619405623273,1
2026-03-30 17:25:00+00:00,2026-03-30 17:30:00+00:00,2026-03-30 18:25:00+00:00,LONG,66815.4,66614.95379999999,66614.95379999999,67216.29239999999,STOP,-0.0030000000000001137,-0.004400000000000114,-0.9675432538474491,218.92865080238528,12
2026-03-30 19:05:00+00:00,2026-03-30 19:10:00+00:00,2026-03-30 19:20:00+00:00,LONG,66446.4,66247.06079999999,66247.06079999999,66845.0784,STOP,-0.0030000000000000027,-0.004400000000000003,-0.9632860635304958,217.9653647388548,3
2026-03-30 21:10:00+00:00,2026-03-30 21:15:00+00:00,2026-03-30 21:20:00+00:00,SHORT,66793.1,66993.47929999999,66993.47929999999,66392.3414,STOP,-0.0029910269192420236,-0.004391026919242024,-0.9570917840307176,217.00827295482406,2
2026-03-30 23:00:00+00:00,2026-03-30 23:05:00+00:00,2026-03-31 00:35:00+00:00,LONG,66490.1,66889.04060000001,66290.6297,66889.04060000001,TARGET,0.006000000000000005,0.004600000000000005,0.9982380555921918,218.00651101041626,19
2026-03-31 00:45:00+00:00,2026-03-31 00:50:00+00:00,2026-03-31 01:20:00+00:00,SHORT,67256.1,67457.8683,67457.8683,66852.5634,STOP,-0.0029910269192422456,-0.004391026919242246,-0.9572724584168188,217.04923855199945,7
2026-03-31 01:25:00+00:00,2026-03-31 01:30:00+00:00,2026-03-31 01:30:00+00:00,SHORT,67780.0,67983.34,67983.34,67373.31999999999,STOP,-0.0029910269192422456,-0.004391026919242246,-0.9530690492828614,216.09616950271658,1
2026-03-31 01:35:00+00:00,2026-03-31 01:40:00+00:00,2026-03-31 02:00:00+00:00,SHORT,68199.9,67790.7006,68404.49969999999,67790.7006,TARGET,0.006036217303822866,0.004636217303822866,1.0018688003383336,217.09803830305492,5
2026-03-31 03:35:00+00:00,2026-03-31 03:40:00+00:00,2026-03-31 04:25:00+00:00,LONG,67699.9,67496.80029999999,67496.80029999999,68106.09939999999,STOP,-0.0030000000000001137,-0.004400000000000114,-0.9552313685334664,216.14280693452145,10
2026-03-31 05:05:00+00:00,2026-03-31 05:10:00+00:00,2026-03-31 07:10:00+00:00,LONG,67508.7,67306.1739,67306.1739,67913.7522,STOP,-0.0030000000000000027,-0.004400000000000003,-0.9510283505118949,215.19177858400954,25
2026-03-31 07:15:00+00:00,2026-03-31 07:20:00+00:00,2026-03-31 08:40:00+00:00,LONG,67151.4,66949.94579999999,66949.94579999999,67554.3084,STOP,-0.0030000000000001137,-0.004400000000000114,-0.9468438257696665,214.24493475823988,17
2026-03-31 09:00:00+00:00,2026-03-31 09:05:00+00:00,2026-03-31 09:10:00+00:00,LONG,66855.0,66654.435,66654.435,67256.13,STOP,-0.0030000000000000027,-0.004400000000000003,-0.9426777129362561,213.30225704530363,2
2026-03-31 09:25:00+00:00,2026-03-31 09:30:00+00:00,2026-03-31 09:55:00+00:00,LONG,66434.9,66235.5953,66235.5953,66833.5094,STOP,-0.0029999999999998916,-0.004399999999999892,-0.9385299309993129,212.3637271143043,6
2026-03-31 10:35:00+00:00,2026-03-31 10:40:00+00:00,2026-03-31 11:15:00+00:00,LONG,66269.4,66667.0164,66070.5918,66667.0164,TARGET,0.006000000000000005,0.004600000000000005,0.9768731447258009,213.3406002590301,8
2026-03-31 12:25:00+00:00,2026-03-31 12:30:00+00:00,2026-03-31 13:30:00+00:00,SHORT,66796.5,66996.88949999999,66996.88949999999,66395.721,STOP,-0.0029910269192421346,-0.004391026919242135,-0.9367843187046768,212.40381594032544,13
2026-03-31 13:45:00+00:00,2026-03-31 13:50:00+00:00,2026-03-31 14:00:00+00:00,SHORT,67309.9,67511.82969999999,67511.82969999999,66906.0406,STOP,-0.0029910269192421346,-0.004391026919242135,-0.9326708735437207,211.47114506678173,3
2026-03-31 14:05:00+00:00,2026-03-31 14:10:00+00:00,2026-03-31 14:15:00+00:00,SHORT,67181.5,67383.04449999999,67383.04449999999,66778.411,STOP,-0.0029910269192421346,-0.004391026919242135,-0.9285754906311972,210.54256957615053,2
2026-03-31 14:50:00+00:00,2026-03-31 14:55:00+00:00,2026-03-31 15:05:00+00:00,LONG,66589.4,66988.93639999999,66389.63179999999,66988.93639999999,TARGET,0.006000000000000005,0.004600000000000005,0.9684958200502936,211.51106539620082,3
2026-03-31 15:25:00+00:00,2026-03-31 15:30:00+00:00,2026-03-31 15:55:00+00:00,LONG,66955.5,66754.6335,66754.6335,67357.23300000001,STOP,-0.0030000000000000027,-0.004400000000000003,-0.9306486877432842,210.58041670845753,6
2026-03-31 16:35:00+00:00,2026-03-31 16:40:00+00:00,2026-03-31 16:40:00+00:00,SHORT,67514.1,67716.64229999999,67716.64229999999,67109.0154,STOP,-0.0029910269192420236,-0.004391026919242024,-0.9246642784320399,209.6557524300255,1
2026-03-31 16:45:00+00:00,2026-03-31 16:50:00+00:00,2026-03-31 17:10:00+00:00,SHORT,67753.5,67956.76049999999,67956.76049999999,67346.979,STOP,-0.0029910269192421346,-0.004391026919242135,-0.9206040526942066,208.73514837733129,5
2026-03-31 17:15:00+00:00,2026-03-31 17:20:00+00:00,2026-03-31 17:35:00+00:00,SHORT,68247.8,67838.3132,68452.5434,67838.3132,TARGET,0.006036217303822866,0.004636217303822866,0.9677415068230167,209.7028898841543,4
2026-03-31 20:05:00+00:00,2026-03-31 20:10:00+00:00,2026-03-31 20:55:00+00:00,SHORT,68051.4,68255.55419999998,68255.55419999998,67643.0916,STOP,-0.0029910269192421346,-0.004391026919242135,-0.9208110345241907,208.78207884963012,10
2026-03-31 21:50:00+00:00,2026-03-31 21:55:00+00:00,2026-03-31 22:30:00+00:00,SHORT,68374.3,67964.0542,68579.42289999999,67964.0542,TARGET,0.006036217303823088,0.004636217303823088,0.9679590866908115,209.75003793632095,8
2026-04-01 00:10:00+00:00,2026-04-01 00:15:00+00:00,2026-04-01 01:35:00+00:00,LONG,68041.0,67836.877,67836.877,68449.246,STOP,-0.0030000000000001137,-0.004400000000000114,-0.9229001669198361,208.8271377694011,17
2026-04-01 01:55:00+00:00,2026-04-01 02:00:00+00:00,2026-04-01 03:45:00+00:00,LONG,67781.7,68188.3902,67578.35489999999,68188.3902,TARGET,0.006000000000000005,0.004600000000000005,0.9606048337392461,209.78774260314034,22
2026-04-01 04:20:00+00:00,2026-04-01 04:25:00+00:00,2026-04-01 04:50:00+00:00,SHORT,68125.3,68329.6759,68329.6759,67716.5482,STOP,-0.0029910269192422456,-0.004391026919242246,-0.9211836250974526,208.8665589780429,6
2026-04-01 05:10:00+00:00,2026-04-01 05:15:00+00:00,2026-04-01 05:25:00+00:00,SHORT,68397.9,68603.09369999998,68603.09369999998,67987.51259999999,STOP,-0.0029910269192421346,-0.004391026919242135,-0.9171386830020614,207.94942029504082,3
2026-04-01 06:20:00+00:00,2026-04-01 06:25:00+00:00,2026-04-01 06:35:00+00:00,SHORT,68840.1,69046.6203,69046.6203,68427.0594,STOP,-0.0029910269192421346,-0.004391026919242135,-0.913111502356321,207.0363087926845,3
2026-04-01 06:40:00+00:00,2026-04-01 06:45:00+00:00,2026-04-01 07:45:00+00:00,SHORT,69213.5,68798.219,69421.1405,68798.219,TARGET,0.006036217303822866,0.004636217303822866,0.9598653173442581,207.99617411002876,13
2026-04-01 08:00:00+00:00,2026-04-01 08:05:00+00:00,2026-04-01 08:15:00+00:00,LONG,68697.5,68491.4075,68491.4075,69109.685,STOP,-0.0030000000000000027,-0.004400000000000003,-0.9151831660841272,207.08099094394464,3
2026-04-01 12:35:00+00:00,2026-04-01 12:40:00+00:00,2026-04-01 12:40:00+00:00,LONG,68285.8,68695.5148,68080.94260000001,68695.5148,TARGET,0.006000000000000005,0.004600000000000005,0.9525725583421464,208.0335635022868,1
2026-04-01 12:45:00+00:00,2026-04-01 12:50:00+00:00,2026-04-01 13:05:00+00:00,LONG,68406.4,68201.18079999999,68201.18079999999,68816.8384,STOP,-0.0030000000000001137,-0.004400000000000114,-0.9153476794100855,207.11821582287672,4
2026-04-01 13:40:00+00:00,2026-04-01 13:45:00+00:00,2026-04-01 14:30:00+00:00,LONG,68113.8,68522.4828,67909.4586,68522.4828,TARGET,0.006000000000000005,0.004600000000000005,0.952743792785234,208.07095961566196,10
2026-04-01 15:25:00+00:00,2026-04-01 15:30:00+00:00,2026-04-01 15:50:00+00:00,SHORT,68743.0,68949.22899999999,68949.22899999999,68330.542,STOP,-0.0029910269192421346,-0.004391026919242135,-0.9136451847849147,207.15731443087705,5
2026-04-01 17:00:00+00:00,2026-04-01 17:05:00+00:00,2026-04-01 17:20:00+00:00,SHORT,69075.8,68661.3452,69283.02739999999,68661.3452,TARGET,0.006036217303823088,0.004636217303823088,0.9604263257779525,208.117740756655,4
2026-04-01 17:35:00+00:00,2026-04-01 17:40:00+00:00,2026-04-01 18:00:00+00:00,LONG,68437.4,68232.0878,68232.0878,68848.0244,STOP,-0.0030000000000000027,-0.004400000000000003,-0.9157180593292826,207.2020226973257,5
2026-04-01 22:15:00+00:00,2026-04-01 22:20:00+00:00,2026-04-02 00:40:00+00:00,LONG,68075.0,68483.45,67870.775,68483.45,TARGET,0.006000000000000005,0.004600000000000005,0.9531293044076993,208.1551520017334,29
2026-04-02 01:15:00+00:00,2026-04-02 01:20:00+00:00,2026-04-02 01:20:00+00:00,LONG,67594.6,67391.8162,67391.8162,68000.1676,STOP,-0.0030000000000001137,-0.004400000000000114,-0.9158826688076507,207.23926933292574,1
2026-04-02 01:30:00+00:00,2026-04-02 01:35:00+00:00,2026-04-02 01:40:00+00:00,LONG,67333.5,67131.4995,67131.4995,67737.501,STOP,-0.0029999999999998916,-0.004399999999999892,-0.9118527850648509,206.3274165478609,2
2026-04-02 04:15:00+00:00,2026-04-02 04:20:00+00:00,2026-04-02 04:35:00+00:00,LONG,66551.6,66351.9452,66351.9452,66950.9096,STOP,-0.0030000000000000027,-0.004400000000000003,-0.9078406328105886,205.41957591505033,4
2026-04-02 04:45:00+00:00,2026-04-02 04:50:00+00:00,2026-04-02 06:15:00+00:00,LONG,66346.1,66744.1766,66147.0617,66744.1766,TARGET,0.006000000000000005,0.004600000000000005,0.9449300492092326,206.36450596425956,18
2026-04-02 07:35:00+00:00,2026-04-02 07:40:00+00:00,2026-04-02 08:55:00+00:00,SHORT,66811.4,66410.53159999999,67011.83419999998,66410.53159999999,TARGET,0.006036217303823088,0.004636217303823088,0.9567506934464031,207.32125665770596,16
2026-04-02 10:10:00+00:00,2026-04-02 10:15:00+00:00,2026-04-02 12:15:00+00:00,LONG,66259.0,66060.223,66060.223,66656.554,STOP,-0.0030000000000000027,-0.004400000000000003,-0.9122135292939069,206.40904312841207,25
2026-04-02 12:20:00+00:00,2026-04-02 12:25:00+00:00,2026-04-02 13:15:00+00:00,LONG,66120.6,65922.2382,65922.2382,66517.3236,STOP,-0.0030000000000000027,-0.004400000000000003,-0.9081997897650137,205.50084333864706,11
2026-04-02 13:35:00+00:00,2026-04-02 13:40:00+00:00,2026-04-02 13:55:00+00:00,LONG,65788.2,66182.9292,65590.8354,66182.9292,TARGET,0.006000000000000005,0.004600000000000005,0.9453038793577775,206.44614721800482,4
2026-04-02 14:30:00+00:00,2026-04-02 14:35:00+00:00,2026-04-02 14:35:00+00:00,SHORT,66523.8,66723.37139999999,66723.37139999999,66124.6572,STOP,-0.0029910269192420236,-0.004391026919242024,-0.906510589808061,205.53963662819677,1
2026-04-02 16:35:00+00:00,2026-04-02 16:40:00+00:00,2026-04-02 17:15:00+00:00,SHORT,67112.9,67314.23869999999,67314.23869999999,66710.2226,STOP,-0.0029910269192421346,-0.004391026919242135,-0.9025300774056587,204.63710655079112,8
2026-04-02 19:25:00+00:00,2026-04-02 19:30:00+00:00,2026-04-02 23:25:00+00:00,SHORT,67033.9,66937.8,67235.0017,66631.6966,TIME,0.0014356611660375496,3.566116603754958e-05,0.007297597834151486,204.64440414862526,48
2026-04-03 01:35:00+00:00,2026-04-03 01:40:00+00:00,2026-04-03 02:35:00+00:00,LONG,66508.8,66309.2736,66309.2736,66907.85280000001,STOP,-0.0030000000000000027,-0.004400000000000003,-0.9004353782539517,203.7439687703713,12
2026-04-03 05:30:00+00:00,2026-04-03 05:35:00+00:00,2026-04-03 07:10:00+00:00,SHORT,66721.7,66921.8651,66921.8651,66321.3698,STOP,-0.0029910269192422456,-0.004391026919242246,-0.8946452515039519,202.84932351886735,20
2026-04-03 07:30:00+00:00,2026-04-03 07:35:00+00:00,2026-04-03 08:05:00+00:00,SHORT,67071.5,67272.71449999999,67272.71449999999,66669.071,STOP,-0.0029910269192421346,-0.004391026919242135,-0.8907168401214032,201.95860667874595,7
2026-04-03 08:10:00+00:00,2026-04-03 08:15:00+00:00,2026-04-03 09:20:00+00:00,SHORT,67170.1,66767.0794,67371.6103,66767.0794,TARGET,0.006036217303823088,0.004636217303823088,0.9363239869400031,202.89493066568596,14
2026-04-03 13:05:00+00:00,2026-04-03 13:10:00+00:00,2026-04-03 15:10:00+00:00,LONG,66607.9,67007.5474,66408.0763,67007.5474,TARGET,0.006000000000000005,0.004600000000000005,0.9333166810621565,203.82824734674813,25
2026-04-03 16:45:00+00:00,2026-04-03 16:50:00+00:00,2026-04-03 20:45:00+00:00,SHORT,67027.7,66884.9,67228.78309999999,66625.53379999999,TIME,0.0021350110413562717,0.0007350110413562717,0.14981601234015707,203.97806335908828,48
2026-04-04 10:45:00+00:00,2026-04-04 10:50:00+00:00,2026-04-04 14:45:00+00:00,SHORT,67136.8,67130.6,67338.2104,66733.9792,TIME,9.235728564904733e-05,-0.0013076427143509527,-0.2667304284389288,203.71133293064935,48
2026-04-04 15:10:00+00:00,2026-04-04 15:15:00+00:00,2026-04-04 19:10:00+00:00,SHORT,67381.9,67496.8,67584.04569999999,66977.60859999999,TIME,-0.0017023029239906506,-0.003102302923990651,-0.6319742638007865,203.07935866684855,48
2026-04-04 20:00:00+00:00,2026-04-04 20:05:00+00:00,2026-04-05 00:00:00+00:00,LONG,67194.5,67292.4,66992.9165,67597.667,TIME,0.0014569644837001405,5.696448370014055e-05,0.01156831081661269,203.09092697766516,48
2026-04-05 01:45:00+00:00,2026-04-05 01:50:00+00:00,2026-04-05 05:45:00+00:00,LONG,67108.9,67068.8,66907.57329999999,67511.55339999999,TIME,-0.0005975362433296993,-0.0019975362433296995,-0.4056814873293116,202.68524549033586,48
2026-04-05 05:55:00+00:00,2026-04-05 06:00:00+00:00,2026-04-05 06:05:00+00:00,LONG,66932.5,66731.7025,66731.7025,67334.095,STOP,-0.0030000000000000027,-0.004400000000000003,-0.8918150801574783,201.7934304101784,2
2026-04-05 06:10:00+00:00,2026-04-05 06:15:00+00:00,2026-04-05 10:10:00+00:00,LONG,66660.5,66961.4,66460.5185,67060.463,TIME,0.00451391753737207,0.0031139175373720695,0.6283681018807248,202.42179851205913,48
2026-04-05 12:10:00+00:00,2026-04-05 12:15:00+00:00,2026-04-05 12:35:00+00:00,LONG,66906.9,66706.17929999999,66706.17929999999,67308.34139999999,STOP,-0.0030000000000001137,-0.004400000000000114,-0.8906559134530833,201.53114259860604,5
2026-04-05 12:45:00+00:00,2026-04-05 12:50:00+00:00,2026-04-05 15:25:00+00:00,LONG,66701.0,67101.206,66500.897,67101.206,TARGET,0.006000000000000005,0.004600000000000005,0.9270432559535888,202.45818585455962,32
2026-04-05 15:30:00+00:00,2026-04-05 15:35:00+00:00,2026-04-05 19:30:00+00:00,SHORT,67482.6,67449.7,67685.0478,67077.7044,TIME,0.00048777088704632376,-0.0009122291129536762,-0.18468825129231545,202.2734976032673,48
2026-04-05 20:35:00+00:00,2026-04-05 20:40:00+00:00,2026-04-05 22:40:00+00:00,SHORT,67688.7,67891.7661,67891.7661,67282.56779999999,STOP,-0.0029910269192422456,-0.004391026919242246,-0.8881883730252286,201.38530923024206,25
2026-04-05 22:45:00+00:00,2026-04-05 22:50:00+00:00,2026-04-05 22:55:00+00:00,SHORT,68143.5,68347.93049999999,68347.93049999999,67734.639,STOP,-0.0029910269192421346,-0.004391026919242135,-0.8842883139698945,200.50102091627215,2
2026-04-05 23:00:00+00:00,2026-04-05 23:05:00+00:00,2026-04-05 23:05:00+00:00,SHORT,68328.5,68533.4855,68533.4855,67918.529,STOP,-0.0029910269192422456,-0.004391026919242246,-0.8804053801789036,199.62061553609325,1
2026-04-05 23:15:00+00:00,2026-04-05 23:20:00+00:00,2026-04-05 23:30:00+00:00,SHORT,68885.6,69092.2568,69092.2568,68472.28640000001,STOP,-0.0029910269192422456,-0.004391026919242246,-0.8765394964546923,198.74407603963857,3
2026-04-06 00:00:00+00:00,2026-04-06 00:05:00+00:00,2026-04-06 00:05:00+00:00,SHORT,69355.5,69563.56649999999,69563.56649999999,68939.367,STOP,-0.0029910269192420236,-0.004391026919242024,-0.8726905879299367,197.87138545170865,1
2026-04-06 02:10:00+00:00,2026-04-06 02:15:00+00:00,2026-04-06 02:30:00+00:00,SHORT,69114.9,69322.24469999998,69322.24469999998,68700.21059999999,STOP,-0.0029910269192421346,-0.004391026919242135,-0.8688585800661892,197.00252687164246,4
2026-04-06 02:50:00+00:00,2026-04-06 02:55:00+00:00,2026-04-06 06:25:00+00:00,SHORT,69218.9,68803.5866,69426.55669999999,68803.5866,TARGET,0.006036217303822866,0.004636217303822866,0.9133465239791378,197.9158733956216,43
2026-04-06 06:50:00+00:00,2026-04-06 06:55:00+00:00,2026-04-06 07:05:00+00:00,LONG,69028.5,68821.4145,68821.4145,69442.671,STOP,-0.0030000000000000027,-0.004400000000000003,-0.8708298429407355,197.04504355268085,3
2026-04-06 07:50:00+00:00,2026-04-06 07:55:00+00:00,2026-04-06 09:10:00+00:00,SHORT,69182.2,69389.74659999998,69389.74659999998,68767.1068,STOP,-0.0029910269192421346,-0.004391026919242135,-0.8652300905430604,196.1798134621378,16
2026-04-06 09:15:00+00:00,2026-04-06 09:20:00+00:00,2026-04-06 09:20:00+00:00,SHORT,69931.1,70140.8933,70140.8933,69511.51340000001,STOP,-0.0029910269192421346,-0.004391026919242135,-0.8614308419241475,195.31838262021364,1
2026-04-06 12:05:00+00:00,2026-04-06 12:10:00+00:00,2026-04-06 13:35:00+00:00,LONG,69513.5,69304.9595,69304.9595,69930.581,STOP,-0.0030000000000000027,-0.004400000000000003,-0.8594008835289406,194.4589817366847,18
2026-04-06 13:40:00+00:00,2026-04-06 13:45:00+00:00,2026-04-06 14:35:00+00:00,LONG,69335.0,69751.01,69126.995,69751.01,TARGET,0.006000000000000005,0.004600000000000005,0.8945113159887507,195.35349305267346,11
2026-04-06 16:10:00+00:00,2026-04-06 16:15:00+00:00,2026-04-06 16:45:00+00:00,SHORT,70070.6,70280.8118,70280.8118,69650.17640000001,STOP,-0.0029910269192421346,-0.004391026919242135,-0.8578024467622705,194.4956906059112,7
2026-04-06 16:55:00+00:00,2026-04-06 17:00:00+00:00,2026-04-06 17:00:00+00:00,LONG,69795.3,69585.91410000001,69585.91410000001,70214.0718,STOP,-0.0029999999999998916,-0.004399999999999892,-0.8557810386659882,193.6399095672452,1
2026-04-06 18:10:00+00:00,2026-04-06 18:15:00+00:00,2026-04-06 18:25:00+00:00,SHORT,69749.9,69959.14969999998,69959.14969999998,69331.4006,STOP,-0.0029910269192420236,-0.004391026919242024,-0.8502780555493649,192.78963151169586,3
2026-04-06 19:55:00+00:00,2026-04-06 20:00:00+00:00,2026-04-06 21:35:00+00:00,LONG,69738.3,69529.0851,69529.0851,70156.7298,STOP,-0.0030000000000001137,-0.004400000000000114,-0.8482743786514837,191.94135713304436,20
2026-04-06 22:10:00+00:00,2026-04-06 22:15:00+00:00,2026-04-06 22:20:00+00:00,LONG,69545.6,69336.96320000001,69336.96320000001,69962.8736,STOP,-0.0029999999999998916,-0.004399999999999892,-0.8445419713853745,191.09681516165898,2
2026-04-06 22:30:00+00:00,2026-04-06 22:35:00+00:00,2026-04-06 22:50:00+00:00,LONG,69265.4,69057.6038,69057.6038,69680.99239999999,STOP,-0.0030000000000000027,-0.004400000000000003,-0.8408259867113,190.25598917494767,4
2026-04-06 22:55:00+00:00,2026-04-06 23:00:00+00:00,2026-04-06 23:00:00+00:00,LONG,68803.2,68596.7904,68596.7904,69216.0192,STOP,-0.0030000000000000027,-0.004400000000000003,-0.8371263523697703,189.4188628225779,1
2026-04-06 23:05:00+00:00,2026-04-06 23:10:00+00:00,2026-04-07 00:05:00+00:00,LONG,68630.0,69041.78,68424.11,69041.78,TARGET,0.006000000000000005,0.004600000000000005,0.8713267689838593,190.29018959156176,12
2026-04-07 01:00:00+00:00,2026-04-07 01:05:00+00:00,2026-04-07 01:50:00+00:00,LONG,68739.6,68533.3812,68533.3812,69152.03760000001,STOP,-0.0030000000000000027,-0.004400000000000003,-0.8372768342028722,189.4529127573589,10
2026-04-07 02:05:00+00:00,2026-04-07 02:10:00+00:00,2026-04-07 04:35:00+00:00,LONG,68424.9,68835.4494,68219.6253,68835.4494,TARGET,0.006000000000000005,0.004600000000000005,0.8714833986838518,190.32439615604275,30
2026-04-07 04:45:00+00:00,2026-04-07 04:50:00+00:00,2026-04-07 06:05:00+00:00,SHORT,68973.4,68559.5596,69180.32019999999,68559.5596,TARGET,0.006036217303822866,0.004636217303822866,0.8823852587982836,191.20678141484103,16
2026-04-07 06:10:00+00:00,2026-04-07 06:15:00+00:00,2026-04-07 08:40:00+00:00,LONG,68522.6,68933.7356,68317.0322,68933.7356,TARGET,0.006000000000000005,0.004600000000000005,0.8795511945082697,192.0863326093493,30
2026-04-07 08:45:00+00:00,2026-04-07 08:50:00+00:00,2026-04-07 09:05:00+00:00,SHORT,68909.3,69116.0279,69116.0279,68495.8442,STOP,-0.0029910269192422456,-0.004391026919242246,-0.8434562573061725,191.24287635204314,4
2026-04-07 09:10:00+00:00,2026-04-07 09:15:00+00:00,2026-04-07 10:25:00+00:00,SHORT,69099.8,68685.2012,69307.09939999999,68685.2012,TARGET,0.006036217303823088,0.004636217303823088,0.8866435325762416,192.12951988461938,15
2026-04-07 10:35:00+00:00,2026-04-07 10:40:00+00:00,2026-04-07 10:50:00+00:00,LONG,68552.0,68346.344,68346.344,68963.312,STOP,-0.0030000000000000027,-0.004400000000000003,-0.8453698874923259,191.28414999712706,3
2026-04-07 11:05:00+00:00,2026-04-07 11:10:00+00:00,2026-04-07 12:05:00+00:00,LONG,68310.5,68105.5685,68105.5685,68720.363,STOP,-0.0030000000000001137,-0.004400000000000114,-0.8416502599873809,190.44249973713968,12
2026-04-07 13:05:00+00:00,2026-04-07 13:10:00+00:00,2026-04-07 14:00:00+00:00,SHORT,68581.6,68170.1104,68787.34479999999,68170.1104,TARGET,0.006036217303822866,0.004636217303822866,0.8829328126646087,191.3254325498043,11
2026-04-07 14:05:00+00:00,2026-04-07 14:10:00+00:00,2026-04-07 15:55:00+00:00,LONG,67858.5,68265.651,67654.9245,68265.651,TARGET,0.006000000000000005,0.004600000000000005,0.8800969897291008,192.20552953953342,22
2026-04-07 16:00:00+00:00,2026-04-07 16:05:00+00:00,2026-04-07 17:30:00+00:00,SHORT,68278.7,68483.53609999998,68483.53609999998,67869.0278,STOP,-0.0029910269192420236,-0.004391026919242024,-0.8439796542352592,191.36154988529816,18
2026-04-07 17:35:00+00:00,2026-04-07 17:40:00+00:00,2026-04-07 19:45:00+00:00,SHORT,68719.0,68925.15699999999,68925.15699999999,68306.686,STOP,-0.0029910269192421346,-0.004391026919242135,-0.8402737168542409,190.52127616844393,26
2026-04-07 19:50:00+00:00,2026-04-07 19:55:00+00:00,2026-04-07 20:00:00+00:00,SHORT,69028.0,69235.08399999999,69235.08399999999,68613.832,STOP,-0.0029910269192421346,-0.004391026919242135,-0.8365840523440023,189.68469211609994,2
2026-04-07 20:05:00+00:00,2026-04-07 20:10:00+00:00,2026-04-07 21:05:00+00:00,SHORT,69411.9,69620.13569999998,69620.13569999998,68995.4286,STOP,-0.0029910269192421346,-0.004391026919242135,-0.8329105892499512,188.85178152684998,12
2026-04-07 21:10:00+00:00,2026-04-07 21:15:00+00:00,2026-04-07 21:25:00+00:00,SHORT,69980.0,69560.12,70189.93999999999,69560.12,TARGET,0.006036217303823088,0.004636217303823088,0.8755578973725993,189.72733942422258,3
2026-04-07 21:45:00+00:00,2026-04-07 21:50:00+00:00,2026-04-07 22:00:00+00:00,SHORT,69848.5,70058.0455,70058.0455,69429.409,STOP,-0.0029910269192421346,-0.004391026919242135,-0.8330978547279508,188.89424156949462,3
2026-04-07 22:05:00+00:00,2026-04-07 22:10:00+00:00,2026-04-07 22:25:00+00:00,SHORT,70210.0,70420.62999999999,70420.62999999999,69788.74,STOP,-0.0029910269192421346,-0.004391026919242135,-0.8294396996214776,188.06480186987315,4
2026-04-07 22:30:00+00:00,2026-04-07 22:35:00+00:00,2026-04-07 22:35:00+00:00,SHORT,70850.6,71063.15179999999,71063.15179999999,70425.4964,STOP,-0.0029910269192421346,-0.004391026919242135,-0.8257976075725516,187.2390042623006,1
2026-04-07 22:55:00+00:00,2026-04-07 23:00:00+00:00,2026-04-07 23:00:00+00:00,SHORT,71511.9,71726.43569999999,71726.43569999999,71082.8286,STOP,-0.0029910269192421346,-0.004391026919242135,-0.8221715080478548,186.41683275425274,1
2026-04-07 23:20:00+00:00,2026-04-07 23:25:00+00:00,2026-04-07 23:25:00+00:00,SHORT,72009.9,72225.9297,72225.9297,71577.8406,STOP,-0.0029910269192422456,-0.004391026919242246,-0.8185613308238033,185.59827142342894,1
2026-04-08 02:30:00+00:00,2026-04-08 02:35:00+00:00,2026-04-08 05:20:00+00:00,LONG,71365.5,71793.693,71151.4035,71793.693,TARGET,0.006000000000000005,0.004600000000000005,0.8537520485477741,186.4520234719767,34
2026-04-08 05:50:00+00:00,2026-04-08 05:55:00+00:00,2026-04-08 09:50:00+00:00,SHORT,71753.9,71691.8,71969.16169999998,71323.37659999999,TIME,0.0008662078508279158,-0.0005337921491720841,-0.09952662632659032,186.3524968456501,48
2026-04-08 10:30:00+00:00,2026-04-08 10:35:00+00:00,2026-04-08 12:35:00+00:00,LONG,71491.5,71920.449,71277.0255,71920.449,TARGET,0.006000000000000005,0.004600000000000005,0.8572214854899914,187.2097183311401,25
2026-04-08 12:45:00+00:00,2026-04-08 12:50:00+00:00,2026-04-08 12:55:00+00:00,SHORT,71920.5,72136.2615,72136.2615,71488.977,STOP,-0.0029910269192421346,-0.004391026919242135,-0.8220429127357739,186.3876754184043,2
2026-04-08 13:00:00+00:00,2026-04-08 13:05:00+00:00,2026-04-08 13:05:00+00:00,SHORT,72145.8,72362.2374,72362.2374,71712.9252,STOP,-0.0029910269192422456,-0.004391026919242246,-0.8184333001771996,185.56924211822712,1
2026-04-08 13:10:00+00:00,2026-04-08 13:15:00+00:00,2026-04-08 13:15:00+00:00,SHORT,72623.1,72840.9693,72840.9693,72187.36140000001,STOP,-0.0029910269192421346,-0.004391026919242135,-0.8148395375244967,184.75440258070262,1
2026-04-08 13:30:00+00:00,2026-04-08 13:35:00+00:00,2026-04-08 13:40:00+00:00,SHORT,72115.5,71682.807,72331.84649999999,71682.807,TARGET,0.006036217303822866,0.004636217303822866,0.8565615582021094,185.61096413890473,2
2026-04-08 16:50:00+00:00,2026-04-08 16:55:00+00:00,2026-04-08 17:10:00+00:00,SHORT,71554.6,71769.2638,71769.2638,71125.2724,STOP,-0.0029910269192422456,-0.004391026919242246,-0.8150227400404378,184.7959413988643,4
2026-04-08 17:35:00+00:00,2026-04-08 17:40:00+00:00,2026-04-08 18:20:00+00:00,SHORT,71825.5,71394.547,72040.97649999999,71394.547,TARGET,0.006036217303822866,0.004636217303822866,0.856754141189651,185.65269554005394,9
2026-04-08 21:25:00+00:00,2026-04-08 21:30:00+00:00,2026-04-08 22:25:00+00:00,SHORT,71669.5,71239.483,71884.5085,71239.483,TARGET,0.006036217303823088,0.004636217303823088,0.8607262395641975,186.51342177961814,12
2026-04-08 22:30:00+00:00,2026-04-08 22:35:00+00:00,2026-04-08 22:55:00+00:00,LONG,71288.9,71075.0333,71075.0333,71716.63339999999,STOP,-0.0030000000000000027,-0.004400000000000003,-0.8206590558303204,185.6927627237878,5
2026-04-08 23:00:00+00:00,2026-04-08 23:05:00+00:00,2026-04-09 00:40:00+00:00,LONG,70965.0,70752.105,70752.105,71390.79,STOP,-0.0030000000000000027,-0.004400000000000003,-0.8170481559846668,184.87571456780313,20
2026-04-09 00:45:00+00:00,2026-04-09 00:50:00+00:00,2026-04-09 01:05:00+00:00,LONG,70742.4,70530.1728,70530.1728,71166.8544,STOP,-0.0029999999999998916,-0.004399999999999892,-0.8134531440983138,184.06226142370483,4
2026-04-09 01:20:00+00:00,2026-04-09 01:25:00+00:00,2026-04-09 02:00:00+00:00,LONG,70548.2,70971.4892,70336.5554,70971.4892,TARGET,0.006000000000000005,0.004600000000000005,0.8466864025490431,184.90894782625386,8
2026-04-09 02:30:00+00:00,2026-04-09 02:35:00+00:00,2026-04-09 06:30:00+00:00,SHORT,71046.0,70915.6,71259.13799999999,70619.724,TIME,0.0018388055660529812,0.0004388055660529812,0.0811390755191605,184.99008690177303,48
2026-04-09 08:40:00+00:00,2026-04-09 08:45:00+00:00,2026-04-09 09:55:00+00:00,SHORT,71330.0,71543.98999999999,71543.98999999999,70902.02,STOP,-0.0029910269192421346,-0.004391026919242135,-0.8122964513786272,184.1777904503944,15
2026-04-09 10:35:00+00:00,2026-04-09 10:40:00+00:00,2026-04-09 13:30:00+00:00,SHORT,71384.7,70956.3918,71598.85409999998,70956.3918,TARGET,0.006036217303822866,0.004636217303822866,0.8538882590659803,185.03167870946038,35
2026-04-09 13:35:00+00:00,2026-04-09 13:40:00+00:00,2026-04-09 13:45:00+00:00,LONG,70951.4,70738.54579999999,70738.54579999999,71377.1084,STOP,-0.0030000000000000027,-0.004400000000000003,-0.8141393863216262,184.21753932313877,2
2026-04-09 13:55:00+00:00,2026-04-09 14:00:00+00:00,2026-04-09 14:15:00+00:00,LONG,70803.1,70590.6907,70590.6907,71227.9186,STOP,-0.0030000000000000027,-0.004400000000000003,-0.8105571730218111,183.40698215011696,4
2026-04-09 14:50:00+00:00,2026-04-09 14:55:00+00:00,2026-04-09 15:15:00+00:00,SHORT,71166.9,71380.40069999998,71380.40069999998,70739.8986,STOP,-0.0029910269192421346,-0.004391026919242135,-0.8053449957981252,182.60163715431884,5
2026-04-09 15:20:00+00:00,2026-04-09 15:25:00+00:00,2026-04-09 15:30:00+00:00,SHORT,71481.4,71695.84419999999,71695.84419999999,71052.5116,STOP,-0.0029910269192422456,-0.004391026919242246,-0.8018087042423191,181.79982845007652,2
2026-04-09 15:35:00+00:00,2026-04-09 15:40:00+00:00,2026-04-09 15:40:00+00:00,SHORT,71878.5,72094.13549999999,72094.13549999999,71447.229,STOP,-0.0029910269192421346,-0.004391026919242135,-0.7982879406378881,181.00154050943863,1
2026-04-09 17:05:00+00:00,2026-04-09 17:10:00+00:00,2026-04-09 18:00:00+00:00,SHORT,72453.0,72018.282,72670.359,72018.282,TARGET,0.006036217303822866,0.004636217303822866,0.8391624741284548,181.84070298356707,11
2026-04-09 18:25:00+00:00,2026-04-09 18:30:00+00:00,2026-04-09 20:20:00+00:00,LONG,71899.4,72330.79639999999,71683.7018,72330.79639999999,TARGET,0.006000000000000005,0.004600000000000005,0.8364672337244095,182.6771702172915,23
2026-04-09 21:05:00+00:00,2026-04-09 21:10:00+00:00,2026-04-09 22:10:00+00:00,SHORT,72275.9,72492.72769999999,72492.72769999999,71842.24459999999,STOP,-0.0029910269192422456,-0.004391026919242246,-0.8021403719551248,181.87502984533637,13
2026-04-09 22:15:00+00:00,2026-04-09 22:20:00+00:00,2026-04-09 22:35:00+00:00,SHORT,72804.9,72368.07059999999,73023.31469999999,72368.07059999999,TARGET,0.006036217303822866,0.004636217303822866,0.8432121605022487,182.71824200583862,4
2026-04-09 23:15:00+00:00,2026-04-09 23:20:00+00:00,2026-04-09 23:30:00+00:00,LONG,71840.2,71624.6794,71624.6794,72271.2412,STOP,-0.0030000000000000027,-0.004400000000000003,-0.8039602648256905,181.91428174101293,3
2026-04-10 00:15:00+00:00,2026-04-10 00:20:00+00:00,2026-04-10 01:10:00+00:00,LONG,71623.0,72052.738,71408.131,72052.738,TARGET,0.006000000000000005,0.004600000000000005,0.8368056960086604,182.7510874370216,11
2026-04-10 01:50:00+00:00,2026-04-10 01:55:00+00:00,2026-04-10 05:50:00+00:00,SHORT,72221.4,72115.4,72438.0642,71788.0716,TIME,0.001469866353095206,6.98663530952061e-05,0.012768152003407833,182.763855589025,48
2026-04-10 06:35:00+00:00,2026-04-10 06:40:00+00:00,2026-04-10 06:55:00+00:00,LONG,72012.8,71796.7616,71796.7616,72444.8768,STOP,-0.0030000000000001137,-0.004400000000000114,-0.8041609645917309,181.95969462443327,4
2026-04-10 07:00:00+00:00,2026-04-10 07:05:00+00:00,2026-04-10 07:50:00+00:00,LONG,71781.5,71566.1555,71566.1555,72212.189,STOP,-0.0030000000000001137,-0.004400000000000114,-0.800622656347527,181.15907196808575,10
2026-04-10 07:55:00+00:00,2026-04-10 08:00:00+00:00,2026-04-10 10:55:00+00:00,LONG,71485.5,71914.413,71271.0435,71914.413,TARGET,0.006000000000000005,0.004600000000000005,0.8333317310531954,181.99240369913895,36
2026-04-10 11:00:00+00:00,2026-04-10 11:05:00+00:00,2026-04-10 11:20:00+00:00,SHORT,71994.3,72210.28289999999,72210.28289999999,71562.3342,STOP,-0.0029910269192421346,-0.004391026919242135,-0.7991335437405009,181.19327015539844,4
2026-04-10 11:25:00+00:00,2026-04-10 11:30:00+00:00,2026-04-10 12:30:00+00:00,SHORT,72209.9,72426.52969999998,72426.52969999998,71776.6406,STOP,-0.0029910269192421346,-0.004391026919242135,-0.795624526837867,180.39764562856058,13
2026-04-10 12:45:00+00:00,2026-04-10 12:50:00+00:00,2026-04-10 13:35:00+00:00,SHORT,72400.0,71965.6,72617.2,71965.6,TARGET,0.006036217303822866,0.004636217303822866,0.8363626862320379,181.23400831479262,10
2026-04-10 14:05:00+00:00,2026-04-10 14:10:00+00:00,2026-04-10 14:10:00+00:00,SHORT,72428.2,72645.4846,72645.4846,71993.6308,STOP,-0.0029910269192422456,-0.004391026919242246,-0.7958034091924274,180.4382049056002,1
2026-04-10 14:15:00+00:00,2026-04-10 14:20:00+00:00,2026-04-10 14:20:00+00:00,SHORT,72749.7,72967.94909999998,72967.94909999998,72313.2018,STOP,-0.0029910269192421346,-0.004391026919242135,-0.7923090150002187,179.64589589059997,1
2026-04-10 14:40:00+00:00,2026-04-10 14:45:00+00:00,2026-04-10 15:05:00+00:00,SHORT,72851.7,73070.2551,73070.2551,72414.5898,STOP,-0.0029910269192422456,-0.004391026919242246,-0.7888299647870144,178.85706592581295,5
2026-04-10 15:20:00+00:00,2026-04-10 15:25:00+00:00,2026-04-10 15:25:00+00:00,SHORT,73251.1,72811.59340000001,73470.8533,72811.59340000001,TARGET,0.006036217303822866,0.004636217303822866,0.8292202239562411,179.6862861497692,1
2026-04-10 15:30:00+00:00,2026-04-10 15:35:00+00:00,2026-04-10 15:55:00+00:00,LONG,72717.7,72499.5469,72499.5469,73154.0062,STOP,-0.0029999999999998916,-0.004399999999999892,-0.790619659058965,178.89566649071023,5
2026-04-10 17:50:00+00:00,2026-04-10 17:55:00+00:00,2026-04-10 20:30:00+00:00,SHORT,73070.4,73289.61119999998,73289.61119999998,72631.9776,STOP,-0.0029910269192421346,-0.004391026919242135,-0.7855356872964717,178.11013080341377,32
2026-04-10 22:35:00+00:00,2026-04-10 22:40:00+00:00,2026-04-11 02:35:00+00:00,LONG,72892.4,73039.4,72673.72279999999,73329.75439999999,TIME,0.002016671148158178,0.0006166711481581778,0.1098353788611444,178.2199661822749,48
2026-04-11 04:15:00+00:00,2026-04-11 04:20:00+00:00,2026-04-11 08:15:00+00:00,LONG,72734.9,72766.7,72516.69529999999,73171.3094,TIME,0.0004372041482150202,-0.0009627958517849798,-0.17158944414555366,178.04837673812935,48
2026-04-11 09:55:00+00:00,2026-04-11 10:00:00+00:00,2026-04-11 13:55:00+00:00,SHORT,72908.5,72662.6,73127.22549999999,72471.049,TIME,0.0033841343414631186,0.0019841343414631184,0.3532718987278855,178.40164863685723,48
2026-04-11 16:10:00+00:00,2026-04-11 16:15:00+00:00,2026-04-11 16:40:00+00:00,SHORT,72885.9,73104.55769999999,73104.55769999999,72448.58459999999,STOP,-0.0029910269192422456,-0.004391026919242246,-0.7833664416016368,177.6182821952556,6
2026-04-11 18:35:00+00:00,2026-04-11 18:40:00+00:00,2026-04-11 22:35:00+00:00,SHORT,73597.7,73297.3,73818.49309999999,73156.11379999999,TIME,0.004098377430000744,0.0026983774300007434,0.47928116383118063,178.0975633590868,48
2026-04-11 23:00:00+00:00,2026-04-11 23:05:00+00:00,2026-04-12 00:00:00+00:00,LONG,73117.6,72898.24720000001,72898.24720000001,73556.3056,STOP,-0.0029999999999998916,-0.004399999999999892,-0.7836292787799626,177.31393408030684,12
2026-04-12 01:30:00+00:00,2026-04-12 01:35:00+00:00,2026-04-12 01:35:00+00:00,LONG,72614.0,72396.158,72396.158,73049.684,STOP,-0.0030000000000000027,-0.004400000000000003,-0.7801813099533506,176.5337527703535,1
2026-04-12 01:40:00+00:00,2026-04-12 01:45:00+00:00,2026-04-12 01:45:00+00:00,LONG,71730.6,71515.4082,71515.4082,72160.9836,STOP,-0.0030000000000000027,-0.004400000000000003,-0.7767485121895559,175.75700425816393,1
2026-04-12 01:50:00+00:00,2026-04-12 01:55:00+00:00,2026-04-12 02:00:00+00:00,LONG,71683.2,71468.1504,71468.1504,72113.2992,STOP,-0.0030000000000000027,-0.004400000000000003,-0.7733308187359218,174.983673439428,2
2026-04-12 03:35:00+00:00,2026-04-12 03:40:00+00:00,2026-04-12 04:50:00+00:00,LONG,71669.6,71454.59120000001,71454.59120000001,72099.61760000001,STOP,-0.0029999999999998916,-0.004399999999999892,-0.7699281631334642,174.21374527629453,15
2026-04-12 05:45:00+00:00,2026-04-12 05:50:00+00:00,2026-04-12 09:45:00+00:00,SHORT,71759.0,71533.3,71974.27699999999,71328.446,TIME,0.0031551738840511767,0.0017551738840511767,0.3057754159516962,174.51952069224623,48
2026-04-12 10:50:00+00:00,2026-04-12 10:55:00+00:00,2026-04-12 12:50:00+00:00,LONG,71383.0,71168.851,71168.851,71811.298,STOP,-0.0030000000000001137,-0.004400000000000114,-0.7678858910459033,173.75163480120034,24
2026-04-12 12:55:00+00:00,2026-04-12 13:00:00+00:00,2026-04-12 13:00:00+00:00,LONG,71080.9,70867.65729999999,70867.65729999999,71507.3854,STOP,-0.0030000000000000027,-0.004400000000000003,-0.764507193125282,172.98712760807507,1
2026-04-12 13:05:00+00:00,2026-04-12 13:10:00+00:00,2026-04-12 13:45:00+00:00,LONG,71119.2,70905.8424,70905.8424,71545.9152,STOP,-0.0030000000000000027,-0.004400000000000003,-0.7611433614755309,172.22598424659955,8
2026-04-12 14:45:00+00:00,2026-04-12 14:50:00+00:00,2026-04-12 17:50:00+00:00,LONG,70764.5,71189.087,70552.2065,71189.087,TARGET,0.006000000000000005,0.004600000000000005,0.7922395275343588,173.0182237741339,37
2026-04-12 17:55:00+00:00,2026-04-12 18:00:00+00:00,2026-04-12 20:40:00+00:00,SHORT,71148.8,71362.24639999999,71362.24639999999,70721.9072,STOP,-0.0029910269192421346,-0.004391026919242135,-0.7597276781116815,172.2584960960222,33
2026-04-12 20:50:00+00:00,2026-04-12 20:55:00+00:00,2026-04-12 22:00:00+00:00,SHORT,71320.0,70892.08,71533.95999999999,70892.08,TARGET,0.006036217303822866,0.004636217303822866,0.7986278203308818,173.0571239163531,14
2026-04-12 22:05:00+00:00,2026-04-12 22:10:00+00:00,2026-04-12 22:15:00+00:00,LONG,70925.5,70712.7235,70712.7235,71351.053,STOP,-0.0030000000000001137,-0.004400000000000114,-0.7614513452319733,172.29567257112114,2
2026-04-12 22:25:00+00:00,2026-04-12 22:30:00+00:00,2026-04-13 00:35:00+00:00,LONG,70666.8,71090.8008,70454.7996,71090.8008,TARGET,0.006000000000000005,0.004600000000000005,0.7925600938271582,173.0882326649483,26
2026-04-13 04:35:00+00:00,2026-04-13 04:40:00+00:00,2026-04-13 05:35:00+00:00,SHORT,71124.4,70697.65359999999,71337.77319999998,70697.65359999999,TARGET,0.006036217303823088,0.004636217303823088,0.8024746593693899,173.89070732431767,12
2026-04-13 06:45:00+00:00,2026-04-13 06:50:00+00:00,2026-04-13 08:40:00+00:00,SHORT,71053.8,70627.47720000001,71266.9614,70627.47720000001,TARGET,0.006036217303822866,0.004636217303822866,0.8061951062709992,174.69690243058866,23
2026-04-13 11:45:00+00:00,2026-04-13 11:50:00+00:00,2026-04-13 12:50:00+00:00,SHORT,70927.3,71140.08189999999,71140.08189999999,70501.7362,STOP,-0.0029910269192421346,-0.004391026919242135,-0.7670988012809316,173.92980362930774,13
2026-04-13 13:20:00+00:00,2026-04-13 13:25:00+00:00,2026-04-13 13:45:00+00:00,SHORT,71222.7,71436.36809999999,71436.36809999999,70795.36379999999,STOP,-0.0029910269192422456,-0.004391026919242246,-0.763730449794808,173.16607317951292,5
2026-04-13 13:50:00+00:00,2026-04-13 13:55:00+00:00,2026-04-13 14:00:00+00:00,SHORT,71474.3,71688.7229,71688.7229,71045.45420000001,STOP,-0.0029910269192421346,-0.004391026919242135,-0.7603768888306947,172.40569629068222,2
2026-04-13 14:40:00+00:00,2026-04-13 14:45:00+00:00,2026-04-13 14:55:00+00:00,SHORT,71983.5,72199.45049999999,72199.45049999999,71551.599,STOP,-0.0029910269192421346,-0.004391026919242135,-0.7570380534430695,171.64865823723915,3
2026-04-13 15:00:00+00:00,2026-04-13 15:05:00+00:00,2026-04-13 16:30:00+00:00,SHORT,72067.6,72283.8028,72283.8028,71635.19440000001,STOP,-0.0029910269192422456,-0.004391026919242246,-0.7537138789715293,170.89494435826762,18
2026-04-13 16:40:00+00:00,2026-04-13 16:45:00+00:00,2026-04-13 17:30:00+00:00,SHORT,72303.4,72520.31019999999,72520.31019999999,71869.5796,STOP,-0.0029910269192422456,-0.004391026919242246,-0.7504043010395589,170.14454005722806,10
2026-04-13 19:05:00+00:00,2026-04-13 19:10:00+00:00,2026-04-13 19:15:00+00:00,SHORT,72319.7,72536.65909999999,72536.65909999999,71885.7818,STOP,-0.0029910269192421346,-0.004391026919242135,-0.7471092555533602,169.3974308016747,2
2026-04-13 19:20:00+00:00,2026-04-13 19:25:00+00:00,2026-04-13 19:30:00+00:00,SHORT,72780.0,72998.34,72998.34,72343.31999999999,STOP,-0.0029910269192422456,-0.004391026919242246,-0.7438286787006291,168.65360212297406,2
2026-04-13 19:35:00+00:00,2026-04-13 19:40:00+00:00,2026-04-13 19:50:00+00:00,SHORT,73138.0,73357.41399999999,73357.41399999999,72699.172,STOP,-0.0029910269192421346,-0.004391026919242135,-0.7405625069491316,167.91303961602495,3
2026-04-13 22:10:00+00:00,2026-04-13 22:15:00+00:00,2026-04-13 22:15:00+00:00,SHORT,73750.0,73971.24999999999,73971.24999999999,73307.5,STOP,-0.0029910269192420236,-0.004391026919242024,-0.737310677045718,167.17572893897923,1
2026-04-13 22:20:00+00:00,2026-04-13 22:25:00+00:00,2026-04-13 22:45:00+00:00,SHORT,74226.1,74448.77829999999,74448.77829999999,73780.7434,STOP,-0.0029910269192420236,-0.004391026919242024,-0.7340731260149657,166.44165581296426,5
2026-04-13 22:50:00+00:00,2026-04-13 22:55:00+00:00,2026-04-13 23:10:00+00:00,SHORT,74642.1,74866.0263,74866.0263,74194.24740000001,STOP,-0.0029910269192421346,-0.004391026919242135,-0.7308497911579602,165.7108060218063,4
2026-04-14 01:00:00+00:00,2026-04-14 01:05:00+00:00,2026-04-14 05:00:00+00:00,LONG,74166.5,74342.8,73944.0005,74611.499,TIME,0.00237708399344716,0.00097708399344716,0.16191337610513418,165.87271939791142,48
2026-04-14 05:55:00+00:00,2026-04-14 06:00:00+00:00,2026-04-14 07:05:00+00:00,LONG,74215.4,74660.6924,73992.75379999999,74660.6924,TARGET,0.006000000000000005,0.004600000000000005,0.7630145092303934,166.63573390714183,14
2026-04-14 07:10:00+00:00,2026-04-14 07:15:00+00:00,2026-04-14 11:00:00+00:00,SHORT,74780.1,74331.4194,75004.4403,74331.4194,TARGET,0.006036217303823088,0.004636217303823088,0.7725594729755506,167.40829338011739,46
2026-04-14 13:00:00+00:00,2026-04-14 13:05:00+00:00,2026-04-14 13:30:00+00:00,SHORT,74599.4,74823.19819999998,74823.19819999998,74151.8036,STOP,-0.0029910269192421346,-0.004391026919242135,-0.7350943227364803,166.6731990573809,6
2026-04-14 13:35:00+00:00,2026-04-14 13:40:00+00:00,2026-04-14 13:40:00+00:00,SHORT,74866.9,75091.50069999999,75091.50069999999,74417.69859999999,STOP,-0.0029910269192422456,-0.004391026919242246,-0.7318665037771809,165.94133255360373,1
2026-04-14 13:45:00+00:00,2026-04-14 13:50:00+00:00,2026-04-14 13:50:00+00:00,SHORT,75126.8,75352.1804,75352.1804,74676.0392,STOP,-0.0029910269192422456,-0.004391026919242246,-0.7286528582578036,165.2126796953459,1
2026-04-14 13:55:00+00:00,2026-04-14 14:00:00+00:00,2026-04-14 14:25:00+00:00,SHORT,75522.9,75749.46869999998,75749.46869999998,75069.76259999999,STOP,-0.0029910269192421346,-0.004391026919242135,-0.7254533239423924,164.48722637140352,6
2026-04-14 14:30:00+00:00,2026-04-14 14:35:00+00:00,2026-04-14 14:45:00+00:00,SHORT,75639.3,75185.4642,75866.21789999999,75185.4642,TARGET,0.006036217303822866,0.004636217303822866,0.7625985251609299,165.24982489656446,3
2026-04-14 16:05:00+00:00,2026-04-14 16:10:00+00:00,2026-04-14 16:20:00+00:00,SHORT,75651.2,75197.2928,75878.15359999999,75197.2928,TARGET,0.006036217303822866,0.004636217303822866,0.7661340976391507,166.0159589942036,3
2026-04-14 16:45:00+00:00,2026-04-14 16:50:00+00:00,2026-04-14 16:50:00+00:00,LONG,75095.5,74870.2135,74870.2135,75546.073,STOP,-0.0030000000000000027,-0.004400000000000003,-0.7304702195744963,165.2854887746291,1
2026-04-14 16:55:00+00:00,2026-04-14 17:00:00+00:00,2026-04-14 17:30:00+00:00,LONG,74639.9,74415.9803,74415.9803,75087.73939999999,STOP,-0.0030000000000000027,-0.004400000000000003,-0.7272561506083686,164.55823262402075,7
2026-04-14 18:35:00+00:00,2026-04-14 18:40:00+00:00,2026-04-14 18:45:00+00:00,LONG,74182.6,73960.0522,73960.0522,74627.6956,STOP,-0.0030000000000000027,-0.004400000000000003,-0.7240562235456918,163.83417640047506,2
2026-04-14 18:50:00+00:00,2026-04-14 18:55:00+00:00,2026-04-14 19:25:00+00:00,LONG,74093.3,73871.02010000001,73871.02010000001,74537.8598,STOP,-0.0029999999999998916,-0.004399999999999892,-0.7208703761620725,163.11330602431298,7
2026-04-14 23:40:00+00:00,2026-04-14 23:45:00+00:00,2026-04-15 00:00:00+00:00,SHORT,74139.1,74361.51729999999,74361.51729999999,73694.2654,STOP,-0.0029910269192421346,-0.004391026919242135,-0.7162349176393386,162.39707110667365,4
2026-04-15 00:05:00+00:00,2026-04-15 00:10:00+00:00,2026-04-15 03:15:00+00:00,SHORT,74625.2,74177.4488,74849.07559999998,74177.4488,TARGET,0.006036217303822866,0.004636217303822866,0.7529081111549127,163.14997921782856,38
2026-04-15 03:20:00+00:00,2026-04-15 03:25:00+00:00,2026-04-15 05:25:00+00:00,LONG,74308.0,74085.076,74085.076,74753.848,STOP,-0.0030000000000000027,-0.004400000000000003,-0.7178599085584462,162.43211930927012,25
2026-04-15 05:35:00+00:00,2026-04-15 05:40:00+00:00,2026-04-15 07:15:00+00:00,LONG,73900.1,73678.39970000001,73678.39970000001,74343.5006,STOP,-0.0030000000000000027,-0.004400000000000003,-0.714701324960789,161.71741798430932,20
2026-04-15 07:45:00+00:00,2026-04-15 07:50:00+00:00,2026-04-15 08:30:00+00:00,LONG,73695.6,74137.7736,73474.5132,74137.7736,TARGET,0.006000000000000005,0.004600000000000005,0.7439001227278237,162.46131810703716,9
2026-04-15 12:35:00+00:00,2026-04-15 12:40:00+00:00,2026-04-15 13:35:00+00:00,SHORT,74445.6,73998.92640000001,74668.9368,73998.92640000001,TARGET,0.006036217303822866,0.004636217303822866,0.7532059742097168,163.21452408124688,12
2026-04-15 13:40:00+00:00,2026-04-15 13:45:00+00:00,2026-04-15 14:15:00+00:00,LONG,73876.1,74319.3566,73654.47170000001,74319.3566,TARGET,0.006000000000000005,0.004600000000000005,0.7507868107737364,163.96531089202063,7
2026-04-15 14:20:00+00:00,2026-04-15 14:25:00+00:00,2026-04-15 14:40:00+00:00,SHORT,74425.5,73978.947,74648.77649999999,73978.947,TARGET,0.006036217303822866,0.004636217303822866,0.7601788115842819,164.7254897036049,4
2026-04-15 15:30:00+00:00,2026-04-15 15:35:00+00:00,2026-04-15 16:20:00+00:00,LONG,73653.4,74095.3204,73432.4398,74095.3204,TARGET,0.006000000000000005,0.004600000000000005,0.7577372526365833,165.48322695624148,10
2026-04-15 18:00:00+00:00,2026-04-15 18:05:00+00:00,2026-04-15 19:00:00+00:00,SHORT,74240.7,74463.4221,74463.4221,73795.2558,STOP,-0.0029910269192422456,-0.004391026919242246,-0.7266413042479304,164.75658565199356,12
2026-04-15 19:05:00+00:00,2026-04-15 19:10:00+00:00,2026-04-15 19:30:00+00:00,SHORT,74686.8,74910.86039999999,74910.86039999999,74238.6792,STOP,-0.0029910269192421346,-0.004391026919242135,-0.7234506027203262,164.03313504927323,5
2026-04-15 19:35:00+00:00,2026-04-15 19:40:00+00:00,2026-04-15 20:10:00+00:00,SHORT,75144.0,74693.136,75369.43199999999,74693.136,TARGET,0.006036217303822866,0.004636217303822866,0.7604932591157536,164.79362830838897,7
2026-04-15 22:00:00+00:00,2026-04-15 22:05:00+00:00,2026-04-15 22:35:00+00:00,SHORT,74990.2,75215.17059999998,75215.17059999998,74540.2588,STOP,-0.0029910269192421346,-0.004391026919242135,-0.7236132580217187,164.07001505036726,7
2026-04-15 23:35:00+00:00,2026-04-15 23:40:00+00:00,2026-04-16 02:40:00+00:00,LONG,74645.9,75093.7754,74421.9623,75093.7754,TARGET,0.006000000000000005,0.004600000000000005,0.7547220692316903,164.82473711959895,37
2026-04-16 02:45:00+00:00,2026-04-16 02:50:00+00:00,2026-04-16 06:45:00+00:00,SHORT,74974.1,74999.9,75199.0223,74524.25540000001,TIME,-0.00034400045866711526,-0.0017440004586671152,-0.28745441713626724,164.53728270246268,48
2026-04-16 07:15:00+00:00,2026-04-16 07:20:00+00:00,2026-04-16 07:50:00+00:00,LONG,74917.5,74692.7475,74692.7475,75367.005,STOP,-0.0030000000000000027,-0.004400000000000003,-0.7239640438908362,163.81331865857183,7
2026-04-16 07:55:00+00:00,2026-04-16 08:00:00+00:00,2026-04-16 10:05:00+00:00,LONG,74701.3,74477.1961,74477.1961,75149.5078,STOP,-0.0030000000000000027,-0.004400000000000003,-0.7207786020977165,163.09254005647412,26
2026-04-16 10:45:00+00:00,2026-04-16 10:50:00+00:00,2026-04-16 12:00:00+00:00,LONG,74286.0,74731.716,74063.14199999999,74731.716,TARGET,0.006000000000000005,0.004600000000000005,0.7502256842597818,163.8427657407339,15
2026-04-16 12:10:00+00:00,2026-04-16 12:15:00+00:00,2026-04-16 13:25:00+00:00,SHORT,74746.9,74971.14069999999,74971.14069999999,74298.41859999999,STOP,-0.0029910269192422456,-0.004391026919242246,-0.7194379948906638,163.12332774584326,15
2026-04-16 13:50:00+00:00,2026-04-16 13:55:00+00:00,2026-04-16 14:05:00+00:00,LONG,73431.8,73872.39080000001,73211.5046,73872.39080000001,TARGET,0.006000000000000005,0.004600000000000005,0.7503673076308798,163.87369505347414,3
2026-04-16 15:35:00+00:00,2026-04-16 15:40:00+00:00,2026-04-16 16:05:00+00:00,SHORT,74655.1,74879.0653,74879.0653,74207.1694,STOP,-0.0029910269192422456,-0.004391026919242246,-0.7195738063354998,163.15412124713865,6
2026-04-16 18:45:00+00:00,2026-04-16 18:50:00+00:00,2026-04-16 18:50:00+00:00,SHORT,74679.4,74903.43819999999,74903.43819999999,74231.32359999999,STOP,-0.0029910269192422456,-0.004391026919242246,-0.716414138381499,162.43770710875714,1
2026-04-16 19:55:00+00:00,2026-04-16 20:00:00+00:00,2026-04-16 21:20:00+00:00,SHORT,75347.0,74894.918,75573.041,74894.918,TARGET,0.006036217303822866,0.004636217303822866,0.7530965084909303,163.19080361724806,17
2026-04-16 21:55:00+00:00,2026-04-16 22:00:00+00:00,2026-04-17 01:20:00+00:00,LONG,74935.7,74710.89289999999,74710.89289999999,75385.3142,STOP,-0.0030000000000001137,-0.004400000000000114,-0.7180395359159101,162.47276408133214,41
2026-04-17 06:35:00+00:00,2026-04-17 06:40:00+00:00,2026-04-17 07:05:00+00:00,SHORT,74823.3,75047.7699,75047.7699,74374.3602,STOP,-0.0029910269192422456,-0.004391026919242246,-0.713422280724824,161.75934180060733,6
2026-04-17 07:30:00+00:00,2026-04-17 07:35:00+00:00,2026-04-17 08:30:00+00:00,SHORT,74976.8,75201.7304,75201.7304,74526.93920000001,STOP,-0.0029910269192422456,-0.004391026919242246,-0.7102896242853742,161.04905217632196,12
2026-04-17 08:35:00+00:00,2026-04-17 08:40:00+00:00,2026-04-17 08:45:00+00:00,SHORT,75253.0,75478.75899999999,75478.75899999999,74801.482,STOP,-0.0029910269192421346,-0.004391026919242135,-0.7071707234246608,160.3418814528973,2
2026-04-17 08:50:00+00:00,2026-04-17 08:55:00+00:00,2026-04-17 09:25:00+00:00,SHORT,75765.6,75992.8968,75992.8968,75311.0064,STOP,-0.0029910269192422456,-0.004391026919242246,-0.704065517741621,159.6378159351557,7
2026-04-17 12:20:00+00:00,2026-04-17 12:25:00+00:00,2026-04-17 12:45:00+00:00,SHORT,75785.7,76013.05709999999,76013.05709999999,75330.9858,STOP,-0.0029910269192422456,-0.004391026919242246,-0.7009739471003074,158.9368419880554,5
2026-04-17 12:50:00+00:00,2026-04-17 12:55:00+00:00,2026-04-17 13:00:00+00:00,SHORT,76233.6,76462.3008,76462.3008,75776.19840000001,STOP,-0.0029910269192421346,-0.004391026919242135,-0.6978959516288848,158.2389460364265,2
2026-04-17 13:05:00+00:00,2026-04-17 13:10:00+00:00,2026-04-17 13:10:00+00:00,SHORT,76601.3,76831.1039,76831.1039,76141.6922,STOP,-0.0029910269192422456,-0.004391026919242246,-0.6948314717184699,157.54411456470805,1
2026-04-17 13:15:00+00:00,2026-04-17 13:20:00+00:00,2026-04-17 13:30:00+00:00,SHORT,76812.9,76352.0226,77043.3387,76352.0226,TARGET,0.006036217303822866,0.004636217303822866,0.7304087500603514,158.2745233147684,3
2026-04-17 13:45:00+00:00,2026-04-17 13:50:00+00:00,2026-04-17 13:50:00+00:00,SHORT,77045.9,77277.03769999999,77277.03769999999,76583.6246,STOP,-0.0029910269192421346,-0.004391026919242135,-0.694987692505365,157.57953562226302,1
2026-04-17 16:20:00+00:00,2026-04-17 16:25:00+00:00,2026-04-17 17:05:00+00:00,SHORT,78151.8,77682.8892,78386.2554,77682.8892,TARGET,0.006036217303822866,0.004636217303822866,0.7305729697803075,158.31010859204332,9
2026-04-17 17:10:00+00:00,2026-04-17 17:15:00+00:00,2026-04-17 17:20:00+00:00,LONG,77497.0,77264.509,77264.509,77961.982,STOP,-0.0029999999999998916,-0.004399999999999892,-0.6965644778049734,157.61354411423835,2
2026-04-17 17:45:00+00:00,2026-04-17 17:50:00+00:00,2026-04-17 18:00:00+00:00,LONG,77558.7,77326.0239,77326.0239,78024.05219999999,STOP,-0.0030000000000000027,-0.004400000000000003,-0.6934995941026492,156.9200445201357,3
2026-04-17 18:10:00+00:00,2026-04-17 18:15:00+00:00,2026-04-17 20:05:00+00:00,LONG,77139.1,77601.93460000001,76907.6827,77601.93460000001,TARGET,0.006000000000000005,0.004600000000000005,0.721832204792625,157.64187672492832,23
2026-04-17 23:10:00+00:00,2026-04-17 23:15:00+00:00,2026-04-17 23:15:00+00:00,LONG,77199.8,76968.2006,76968.2006,77662.9988,STOP,-0.0030000000000001137,-0.004400000000000114,-0.6936242575897026,156.94825246733862,1
2026-04-17 23:20:00+00:00,2026-04-17 23:25:00+00:00,2026-04-18 03:20:00+00:00,LONG,76978.7,77241.3,76747.76389999999,77440.5722,TIME,0.003411333264916161,0.0020113332649161608,0.3156752410580181,157.26392770839664,48
2026-04-18 03:50:00+00:00,2026-04-18 03:55:00+00:00,2026-04-18 07:50:00+00:00,LONG,77011.0,76938.9,76779.967,77473.066,TIME,-0.0009362298892366949,-0.002336229889236695,-0.3674046884111151,156.89652301998552,48
2026-04-18 08:10:00+00:00,2026-04-18 08:15:00+00:00,2026-04-18 08:35:00+00:00,LONG,76804.5,76574.0865,76574.0865,77265.327,STOP,-0.0029999999999998916,-0.004399999999999892,-0.6903447012879194,156.2061783186976,5
2026-04-18 10:00:00+00:00,2026-04-18 10:05:00+00:00,2026-04-18 10:50:00+00:00,LONG,76391.8,76162.6246,76162.6246,76850.1508,STOP,-0.0030000000000001137,-0.004400000000000114,-0.6873071846022872,155.51887113409532,10
2026-04-18 11:00:00+00:00,2026-04-18 11:05:00+00:00,2026-04-18 11:35:00+00:00,LONG,76120.1,75891.7397,75891.7397,76576.8206,STOP,-0.0030000000000000027,-0.004400000000000003,-0.6842830329900198,154.8345881011053,7
2026-04-18 13:40:00+00:00,2026-04-18 13:45:00+00:00,2026-04-18 16:15:00+00:00,LONG,75955.1,75727.2347,75727.2347,76410.8306,STOP,-0.0030000000000001137,-0.004400000000000114,-0.681272187644881,154.15331591346043,31
2026-04-18 16:50:00+00:00,2026-04-18 16:55:00+00:00,2026-04-18 18:15:00+00:00,LONG,75907.8,75680.0766,75680.0766,76363.24680000001,STOP,-0.0030000000000000027,-0.004400000000000003,-0.6782745900192263,153.47504132344122,17
2026-04-18 18:40:00+00:00,2026-04-18 18:45:00+00:00,2026-04-18 22:40:00+00:00,LONG,75576.6,75785.8,75349.8702,76030.05960000001,TIME,0.0027680525453646077,0.0013680525453646077,0.2099619209324721,153.6850032443737,48
2026-04-19 00:20:00+00:00,2026-04-19 00:25:00+00:00,2026-04-19 03:05:00+00:00,LONG,75603.8,75376.9886,75376.9886,76057.4228,STOP,-0.0030000000000001137,-0.004400000000000114,-0.6762140142752617,153.00878923009842,33
2026-04-19 04:15:00+00:00,2026-04-19 04:20:00+00:00,2026-04-19 07:05:00+00:00,SHORT,75731.8,75277.40920000001,75958.9954,75277.40920000001,TARGET,0.006036217303822866,0.004636217303822866,0.7093819962655681,153.71817122636398,34
2026-04-19 07:15:00+00:00,2026-04-19 07:20:00+00:00,2026-04-19 07:20:00+00:00,LONG,75119.5,74894.1415,74894.1415,75570.217,STOP,-0.0030000000000000027,-0.004400000000000003,-0.676359953396002,153.04181127296798,1
2026-04-19 07:30:00+00:00,2026-04-19 07:35:00+00:00,2026-04-19 11:15:00+00:00,LONG,75068.6,75519.01160000001,74843.39420000001,75519.01160000001,TARGET,0.006000000000000005,0.004600000000000005,0.7039923318556535,153.74580360482364,45
2026-04-19 11:30:00+00:00,2026-04-19 11:35:00+00:00,2026-04-19 11:55:00+00:00,SHORT,75413.6,75639.84079999999,75639.84079999999,74961.1184,STOP,-0.0029910269192420236,-0.004391026919242024,-0.675101962349278,153.07070164247435,5
2026-04-19 12:10:00+00:00,2026-04-19 12:15:00+00:00,2026-04-19 13:15:00+00:00,SHORT,75669.6,75896.6088,75896.6088,75215.5824,STOP,-0.0029910269192422456,-0.004391026919242246,-0.6721375714594031,152.39856407101493,13
2026-04-19 13:20:00+00:00,2026-04-19 13:25:00+00:00,2026-04-19 15:35:00+00:00,SHORT,76050.2,75593.8988,76278.35059999999,75593.8988,TARGET,0.006036217303822866,0.004636217303822866,0.7065528598237971,153.10511693083873,27
2026-04-19 16:50:00+00:00,2026-04-19 16:55:00+00:00,2026-04-19 17:00:00+00:00,LONG,75408.4,75182.1748,75182.1748,75860.8504,STOP,-0.0030000000000000027,-0.004400000000000003,-0.6736625144956908,152.43145441634303,2
2026-04-19 17:05:00+00:00,2026-04-19 17:10:00+00:00,2026-04-19 17:50:00+00:00,LONG,75139.4,74913.9818,74913.9818,75590.2364,STOP,-0.0030000000000000027,-0.004400000000000003,-0.6706983994319098,151.76075601691113,9
2026-04-19 20:40:00+00:00,2026-04-19 20:45:00+00:00,2026-04-19 22:00:00+00:00,LONG,74540.6,74316.97820000001,74316.97820000001,74987.84360000001,STOP,-0.0029999999999998916,-0.004399999999999892,-0.6677473264743926,151.09300869043673,16
2026-04-19 22:05:00+00:00,2026-04-19 22:10:00+00:00,2026-04-19 22:15:00+00:00,LONG,74187.9,73965.3363,73965.3363,74633.02739999999,STOP,-0.0030000000000000027,-0.004400000000000003,-0.664809238237922,150.4281994521988,2
2026-04-19 22:20:00+00:00,2026-04-19 22:25:00+00:00,2026-04-20 01:30:00+00:00,LONG,73938.0,74381.628,73716.186,74381.628,TARGET,0.006000000000000005,0.004600000000000005,0.6919697174801153,151.12016916967892,38
2026-04-20 01:35:00+00:00,2026-04-20 01:40:00+00:00,2026-04-20 05:20:00+00:00,SHORT,74619.6,74171.8824,74843.4588,74171.8824,TARGET,0.006036217303823088,0.004636217303823088,0.7006259432611377,151.82079511294006,45
2026-04-20 06:40:00+00:00,2026-04-20 06:45:00+00:00,2026-04-20 07:20:00+00:00,SHORT,74786.7,75011.06009999999,75011.06009999999,74337.9798,STOP,-0.0029910269192421346,-0.004391026919242135,-0.6666491982416646,151.1541459146984,8
2026-04-20 07:25:00+00:00,2026-04-20 07:30:00+00:00,2026-04-20 07:50:00+00:00,SHORT,75208.0,74756.752,75433.624,74756.752,TARGET,0.006036217303823088,0.004636217303823088,0.7007834668343247,151.85492938153274,5
2026-04-20 08:20:00+00:00,2026-04-20 08:25:00+00:00,2026-04-20 10:05:00+00:00,LONG,74816.9,75265.8014,74592.4493,75265.8014,TARGET,0.006000000000000005,0.004600000000000005,0.6985326751550514,152.5534620566878,21
2026-04-20 11:00:00+00:00,2026-04-20 11:05:00+00:00,2026-04-20 12:20:00+00:00,LONG,75040.9,75491.1454,74815.77729999999,75491.1454,TARGET,0.006000000000000005,0.004600000000000005,0.7017459254607646,153.25520798214856,16
2026-04-20 13:25:00+00:00,2026-04-20 13:30:00+00:00,2026-04-20 13:30:00+00:00,LONG,75190.4,74964.82879999999,74964.82879999999,75641.54239999999,STOP,-0.0030000000000001137,-0.004400000000000114,-0.6743229151214711,152.58088506702708,1
2026-04-20 14:20:00+00:00,2026-04-20 14:25:00+00:00,2026-04-20 14:25:00+00:00,SHORT,75524.3,75750.87289999999,75750.87289999999,75071.1542,STOP,-0.0029910269192420236,-0.004391026919242024,-0.6699867736910893,151.910898293336,1
2026-04-20 15:25:00+00:00,2026-04-20 15:30:00+00:00,2026-04-20 17:50:00+00:00,SHORT,75743.4,75970.63019999999,75970.63019999999,75288.9396,STOP,-0.0029910269192421346,-0.004391026919242135,-0.6670448437322924,151.2438534496037,29
2026-04-20 17:55:00+00:00,2026-04-20 18:00:00+00:00,2026-04-20 18:00:00+00:00,SHORT,75903.6,76131.31079999999,76131.31079999999,75448.1784,STOP,-0.0029910269192421346,-0.004391026919242135,-0.6641158318671223,150.57973761773658,1
2026-04-20 20:20:00+00:00,2026-04-20 20:25:00+00:00,2026-04-20 21:10:00+00:00,SHORT,76439.9,75981.2606,76669.21969999999,75981.2606,TARGET,0.006036217303822866,0.004636217303822866,0.6981203851484573,151.27785800288504,10
2026-04-20 22:00:00+00:00,2026-04-20 22:05:00+00:00,2026-04-20 23:00:00+00:00,LONG,76079.9,75851.66029999999,75851.66029999999,76536.37939999999,STOP,-0.0030000000000001137,-0.004400000000000114,-0.6656225752127114,150.61223542767232,12
2026-04-20 23:05:00+00:00,2026-04-20 23:10:00+00:00,2026-04-21 01:05:00+00:00,LONG,75776.0,76230.656,75548.672,76230.656,TARGET,0.006000000000000005,0.004600000000000005,0.6928162829672935,151.30505171063962,24
2026-04-21 02:10:00+00:00,2026-04-21 02:15:00+00:00,2026-04-21 03:00:00+00:00,LONG,75730.6,75503.4082,75503.4082,76184.9836,STOP,-0.0030000000000000027,-0.004400000000000003,-0.6657422275268148,150.6393094831128,10
2026-04-21 05:05:00+00:00,2026-04-21 05:10:00+00:00,2026-04-21 07:25:00+00:00,SHORT,75932.6,76160.39779999999,76160.39779999999,75477.0044,STOP,-0.0029910269192421346,-0.004391026919242135,-0.6614612630363953,149.97784822007642,28
2026-04-21 07:40:00+00:00,2026-04-21 07:45:00+00:00,2026-04-21 08:40:00+00:00,SHORT,76186.7,76415.26009999998,76415.26009999998,75729.57979999999,STOP,-0.0029910269192421346,-0.004391026919242135,-0.6585567688243666,149.31929145125207,12
2026-04-21 08:45:00+00:00,2026-04-21 08:50:00+00:00,2026-04-21 09:25:00+00:00,SHORT,76663.1,76203.1214,76893.08929999999,76203.1214,TARGET,0.006036217303822866,0.004636217303822866,0.6922766828208646,150.01156813407295,8
2026-04-21 10:45:00+00:00,2026-04-21 10:50:00+00:00,2026-04-21 12:10:00+00:00,SHORT,76731.8,76271.40920000001,76961.9954,76271.40920000001,TARGET,0.006036217303822866,0.004636217303822866,0.6954862279567918,150.70705436202974,17
2026-04-21 12:20:00+00:00,2026-04-21 12:25:00+00:00,2026-04-21 12:40:00+00:00,LONG,76314.6,76085.65620000001,76085.65620000001,76772.48760000001,STOP,-0.0029999999999998916,-0.004399999999999892,-0.6631110391929146,150.0439433228368,4
2026-04-21 12:45:00+00:00,2026-04-21 12:50:00+00:00,2026-04-21 14:15:00+00:00,LONG,75776.7,76231.3602,75549.36989999999,76231.3602,TARGET,0.006000000000000005,0.004600000000000005,0.6902021392850501,150.73414546212186,18
2026-04-21 14:40:00+00:00,2026-04-21 14:45:00+00:00,2026-04-21 14:55:00+00:00,SHORT,76461.9,76003.1286,76691.2857,76003.1286,TARGET,0.006036217303822866,0.004636217303822866,0.6988362534684422,151.4329817155903,3
2026-04-21 15:00:00+00:00,2026-04-21 15:05:00+00:00,2026-04-21 16:35:00+00:00,LONG,75673.0,76127.038,75445.981,76127.038,TARGET,0.006000000000000005,0.004600000000000005,0.6965917158917162,152.12957343148202,19
2026-04-21 17:05:00+00:00,2026-04-21 17:10:00+00:00,2026-04-21 17:15:00+00:00,LONG,75648.0,75421.056,75421.056,76101.888,STOP,-0.0030000000000000027,-0.004400000000000003,-0.6693701230985213,151.46020330838348,2
2026-04-21 17:35:00+00:00,2026-04-21 17:40:00+00:00,2026-04-21 18:50:00+00:00,LONG,75592.0,75365.224,75365.224,76045.552,STOP,-0.0030000000000000027,-0.004400000000000003,-0.6664248945568878,150.7937784138266,15
2026-04-21 19:20:00+00:00,2026-04-21 19:25:00+00:00,2026-04-21 19:35:00+00:00,SHORT,75832.6,75377.60440000001,76060.0978,75377.60440000001,TARGET,0.006036217303822866,0.004636217303822866,0.6991127247910138,151.4928911386176,3
2026-04-21 19:40:00+00:00,2026-04-21 19:45:00+00:00,2026-04-21 20:05:00+00:00,LONG,74867.0,75316.202,74642.399,75316.202,TARGET,0.006000000000000005,0.004600000000000005,0.6968672992376418,152.18975843785526,5
2026-04-21 22:15:00+00:00,2026-04-21 22:20:00+00:00,2026-04-21 23:00:00+00:00,LONG,75306.6,75758.43960000001,75080.6802,75758.43960000001,TARGET,0.006000000000000005,0.004600000000000005,0.700072888814135,152.8898313266694,9
2026-04-21 23:35:00+00:00,2026-04-21 23:40:00+00:00,2026-04-21 23:45:00+00:00,SHORT,75972.8,76200.7184,76200.7184,75516.9632,STOP,-0.0029910269192422456,-0.004391026919242246,-0.6713433650338118,152.2184879616356,2
2026-04-22 02:10:00+00:00,2026-04-22 02:15:00+00:00,2026-04-22 02:15:00+00:00,SHORT,76738.8,76969.0164,76969.0164,76278.36720000001,STOP,-0.0029910269192421346,-0.004391026919242135,-0.6683954782458768,151.5500924833897,1
2026-04-22 02:20:00+00:00,2026-04-22 02:25:00+00:00,2026-04-22 02:25:00+00:00,SHORT,77014.5,77245.54349999999,77245.54349999999,76552.413,STOP,-0.0029910269192421346,-0.004391026919242135,-0.6654605357081993,150.8846319476815,1
2026-04-22 02:30:00+00:00,2026-04-22 02:35:00+00:00,2026-04-22 02:50:00+00:00,SHORT,77142.0,77373.42599999999,77373.42599999999,76679.148,STOP,-0.0029910269192421346,-0.004391026919242135,-0.6625384805822113,150.22209346709928,4
2026-04-22 02:55:00+00:00,2026-04-22 03:00:00+00:00,2026-04-22 05:15:00+00:00,SHORT,77605.2,77838.01559999998,77838.01559999998,77139.5688,STOP,-0.0029910269192421346,-0.004391026919242135,-0.659629256278941,149.56246421082034,28
2026-04-22 05:20:00+00:00,2026-04-22 05:25:00+00:00,2026-04-22 09:20:00+00:00,SHORT,78217.5,78039.7,78452.1525,77748.19499999999,TIME,0.002278327569173122,0.000878327569173122,0.13136483562983187,149.69382904645016,48
2026-04-22 10:55:00+00:00,2026-04-22 11:00:00+00:00,2026-04-22 11:35:00+00:00,SHORT,78163.2,78397.68959999998,78397.68959999998,77694.2208,STOP,-0.0029910269192421346,-0.004391026919242135,-0.6573096329873929,149.03651941346277,8
2026-04-22 12:10:00+00:00,2026-04-22 12:15:00+00:00,2026-04-22 13:30:00+00:00,SHORT,78423.5,78658.7705,78658.7705,77952.959,STOP,-0.0029910269192422456,-0.004391026919242246,-0.6544233686946845,148.38209604476808,16
2026-04-22 13:45:00+00:00,2026-04-22 13:50:00+00:00,2026-04-22 14:00:00+00:00,SHORT,78649.4,78885.34819999998,78885.34819999998,78177.5036,STOP,-0.0029910269192420236,-0.004391026919242024,-0.651549778066132,147.73054626670194,3
2026-04-22 14:10:00+00:00,2026-04-22 14:15:00+00:00,2026-04-22 14:30:00+00:00,SHORT,79057.1,78582.7574,79294.2713,78582.7574,TARGET,0.006036217303823088,0.004636217303823088,0.6849109149049208,148.41545718160685,4
2026-04-22 16:55:00+00:00,2026-04-22 17:00:00+00:00,2026-04-22 20:20:00+00:00,LONG,78745.0,78508.765,78508.765,79217.47,STOP,-0.0030000000000000027,-0.004400000000000003,-0.6530280115990705,147.76242917000778,41
2026-04-22 22:50:00+00:00,2026-04-22 22:55:00+00:00,2026-04-22 23:20:00+00:00,LONG,78549.1,78313.45270000001,78313.45270000001,79020.3946,STOP,-0.0030000000000000027,-0.004400000000000003,-0.6501546883480347,147.11227448165974,6
2026-04-22 23:25:00+00:00,2026-04-22 23:30:00+00:00,2026-04-23 00:10:00+00:00,LONG,78334.8,78099.7956,78099.7956,78804.8088,STOP,-0.0030000000000001137,-0.004400000000000114,-0.6472940077193196,146.46498047394041,9
2026-04-23 02:35:00+00:00,2026-04-23 02:40:00+00:00,2026-04-23 03:15:00+00:00,LONG,77878.1,77644.4657,77644.4657,78345.3686,STOP,-0.0030000000000001137,-0.004400000000000114,-0.6444459140853545,145.82053455985505,8
2026-04-23 03:30:00+00:00,2026-04-23 03:35:00+00:00,2026-04-23 05:50:00+00:00,LONG,77613.1,78078.7786,77380.2607,78078.7786,TARGET,0.006000000000000005,0.004600000000000005,0.6707744589753339,146.49130901883038,28
2026-04-23 06:05:00+00:00,2026-04-23 06:10:00+00:00,2026-04-23 08:35:00+00:00,SHORT,78226.6,77757.24040000001,78461.2798,77757.24040000001,TARGET,0.006036217303822866,0.004636217303822866,0.6791655417327641,147.17047456056315,30
2026-04-23 08:40:00+00:00,2026-04-23 08:45:00+00:00,2026-04-23 09:05:00+00:00,LONG,77734.3,77501.0971,77501.0971,78200.7058,STOP,-0.0030000000000000027,-0.004400000000000003,-0.6475500880664783,146.52292447249667,5
2026-04-23 10:05:00+00:00,2026-04-23 10:10:00+00:00,2026-04-23 12:00:00+00:00,LONG,77306.2,77770.03719999999,77074.28139999999,77770.03719999999,TARGET,0.006000000000000005,0.004600000000000005,0.6740054525734854,147.19692992507015,23
2026-04-23 13:50:00+00:00,2026-04-23 13:55:00+00:00,2026-04-23 14:25:00+00:00,LONG,77423.0,77887.538,77190.731,77887.538,TARGET,0.006000000000000005,0.004600000000000005,0.6771058776553235,147.87403580272547,7
2026-04-23 14:35:00+00:00,2026-04-23 14:40:00+00:00,2026-04-23 14:50:00+00:00,SHORT,77828.8,78062.2864,78062.2864,77361.8272,STOP,-0.0029910269192422456,-0.004391026919242246,-0.6493188718667592,147.2247169308587,3
2026-04-23 14:55:00+00:00,2026-04-23 15:00:00+00:00,2026-04-23 15:15:00+00:00,SHORT,78177.6,78412.13279999999,78412.13279999999,77708.5344,STOP,-0.0029910269192421346,-0.004391026919242135,-0.6464676952212038,146.57824923563751,4
2026-04-23 15:30:00+00:00,2026-04-23 15:35:00+00:00,2026-04-23 16:55:00+00:00,SHORT,78501.0,78029.994,78736.503,78029.994,TARGET,0.006036217303822866,0.004636217303822866,0.6795686154703234,147.25781785110783,17
2026-04-23 17:35:00+00:00,2026-04-23 17:40:00+00:00,2026-04-23 17:40:00+00:00,LONG,77266.6,77034.80020000001,77034.80020000001,77730.1996,STOP,-0.0029999999999998916,-0.004399999999999892,-0.6479343985448586,146.60988345256297,1
2026-04-23 17:45:00+00:00,2026-04-23 17:50:00+00:00,2026-04-23 17:50:00+00:00,LONG,77307.6,77771.4456,77075.6772,77771.4456,TARGET,0.006000000000000005,0.004600000000000005,0.6744054638817905,147.28428891644475,1
2026-04-23 19:50:00+00:00,2026-04-23 19:55:00+00:00,2026-04-23 22:15:00+00:00,LONG,77725.8,78192.1548,77492.6226,78192.1548,TARGET,0.006000000000000005,0.004600000000000005,0.6775077290156466,147.9617966454604,29
2026-04-23 22:25:00+00:00,2026-04-23 22:30:00+00:00,2026-04-24 00:20:00+00:00,SHORT,78171.5,78406.01449999999,78406.01449999999,77702.471,STOP,-0.0029910269192421346,-0.004391026919242135,-0.6497042320896472,147.31209241337075,23
2026-04-24 00:35:00+00:00,2026-04-24 00:40:00+00:00,2026-04-24 01:30:00+00:00,SHORT,78449.5,77978.803,78684.8485,77978.803,TARGET,0.006036217303822866,0.004636217303822866,0.6829708719092226,147.99506328527997,11
2026-04-24 01:45:00+00:00,2026-04-24 01:50:00+00:00,2026-04-24 03:15:00+00:00,LONG,78282.2,78047.35339999999,78047.35339999999,78751.89319999999,STOP,-0.0030000000000000027,-0.004400000000000003,-0.6511782784552322,147.34388500682473,18
2026-04-24 03:20:00+00:00,2026-04-24 03:25:00+00:00,2026-04-24 04:35:00+00:00,LONG,77716.4,77483.2508,77483.2508,78182.6984,STOP,-0.0030000000000000027,-0.004400000000000003,-0.6483130940300292,146.69557191279472,15
2026-04-24 05:55:00+00:00,2026-04-24 06:00:00+00:00,2026-04-24 09:05:00+00:00,SHORT,77946.4,77478.72159999999,78180.23919999998,77478.72159999999,TARGET,0.006036217303823088,0.004636217303823088,0.680112548896323,147.37568446169104,38
2026-04-24 10:45:00+00:00,2026-04-24 10:50:00+00:00,2026-04-24 11:00:00+00:00,SHORT,77685.3,77918.3559,77918.3559,77219.1882,STOP,-0.0029910269192421346,-0.004391026919242135,-0.6471305977130202,146.72855386397802,3
2026-04-24 11:05:00+00:00,2026-04-24 11:10:00+00:00,2026-04-24 11:30:00+00:00,SHORT,78111.6,78345.9348,78345.9348,77642.93040000001,STOP,-0.0029910269192422456,-0.004391026919242246,-0.6442890298382133,146.08426483413982,5
2026-04-24 13:55:00+00:00,2026-04-24 14:00:00+00:00,2026-04-24 14:00:00+00:00,LONG,78099.5,77865.2015,77865.2015,78568.097,STOP,-0.0030000000000000027,-0.004400000000000003,-0.6427707652702156,145.4414940688696,1
2026-04-24 17:30:00+00:00,2026-04-24 17:35:00+00:00,2026-04-24 21:30:00+00:00,LONG,77500.1,77610.1,77267.5997,77965.1006,TIME,0.0014193530072863503,1.935300728635029e-05,0.002814730294452506,145.44430879916405,48
2026-04-24 22:35:00+00:00,2026-04-24 22:40:00+00:00,2026-04-25 02:35:00+00:00,LONG,77312.7,77615.0,77080.7619,77776.5762,TIME,0.003910094977927381,0.0025100949779273806,0.3650790290849008,145.80938782824896,48
2026-04-25 05:00:00+00:00,2026-04-25 05:05:00+00:00,2026-04-25 09:00:00+00:00,LONG,77479.4,77605.2,77246.96179999999,77944.27639999999,TIME,0.0016236573850598734,0.00022365738505987346,0.03261134639884711,145.8419991746478,48
2026-04-25 10:20:00+00:00,2026-04-25 10:25:00+00:00,2026-04-25 14:20:00+00:00,SHORT,77804.8,77665.5,78038.2144,77337.9712,TIME,0.0017935891740863408,0.0003935891740863408,0.05740183200225043,145.89940100665007,48
2026-04-25 15:45:00+00:00,2026-04-25 15:50:00+00:00,2026-04-25 16:35:00+00:00,LONG,77500.0,77267.5,77267.5,77965.0,STOP,-0.0030000000000000027,-0.004400000000000003,-0.6419573644292607,145.2574436422208,10
2026-04-25 21:00:00+00:00,2026-04-25 21:05:00+00:00,2026-04-26 01:00:00+00:00,SHORT,77509.9,77512.2,77742.42969999998,77044.8406,TIME,-2.9672748290021644e-05,-0.0014296727482900216,-0.20767060866155676,145.04977303355926,48
2026-04-26 03:30:00+00:00,2026-04-26 03:35:00+00:00,2026-04-26 04:50:00+00:00,LONG,77367.6,77831.8056,77135.49720000001,77831.8056,TARGET,0.006000000000000005,0.004600000000000005,0.6672289559543734,145.71700198951365,16
2026-04-26 05:05:00+00:00,2026-04-26 05:10:00+00:00,2026-04-26 05:10:00+00:00,SHORT,77797.6,78030.99279999999,78030.99279999999,77330.8144,STOP,-0.0029910269192421346,-0.004391026919242135,-0.6398472783272141,145.07715471118644,1
2026-04-26 05:15:00+00:00,2026-04-26 05:20:00+00:00,2026-04-26 09:15:00+00:00,SHORT,78127.9,77988.0,78362.28369999999,77659.1326,TIME,0.00179386572293172,0.0003938657229317201,0.05714091842119845,145.13429562960764,48
2026-04-26 09:30:00+00:00,2026-04-26 09:35:00+00:00,2026-04-26 13:30:00+00:00,LONG,77969.6,77957.4,77735.6912,78437.4176,TIME,-0.00015647124007323043,-0.0015564712400732304,-0.22589735709577022,144.90839827251187,48
2026-04-26 14:50:00+00:00,2026-04-26 14:55:00+00:00,2026-04-26 18:50:00+00:00,SHORT,78138.2,78259.9,78372.61459999999,77669.37079999999,TIME,-0.0015550748212046495,-0.0029550748212046497,-0.4282151591161952,144.48018311339567,48
2026-04-26 19:00:00+00:00,2026-04-26 19:05:00+00:00,2026-04-26 19:15:00+00:00,SHORT,78209.5,78444.12849999999,78444.12849999999,77740.243,STOP,-0.0029910269192421346,-0.004391026919242135,-0.6344163733479533,143.8457667400477,3
2026-04-26 21:30:00+00:00,2026-04-26 21:35:00+00:00,2026-04-26 21:50:00+00:00,LONG,78023.6,78491.74160000001,77789.5292,78491.74160000001,TARGET,0.006000000000000005,0.004600000000000005,0.6616905270042202,144.50745726705193,4
2026-04-26 21:55:00+00:00,2026-04-26 22:00:00+00:00,2026-04-26 22:15:00+00:00,SHORT,78409.6,78644.8288,78644.8288,77939.14240000001,STOP,-0.0029910269192422456,-0.004391026919242246,-0.6345361348908736,143.87292113216105,4
2026-04-26 23:45:00+00:00,2026-04-26 23:50:00+00:00,2026-04-27 00:50:00+00:00,SHORT,78759.1,78995.3773,78995.3773,78286.5454,STOP,-0.0029910269192421346,-0.004391026919242135,-0.6317498696413197,143.24117126251974,13
2026-04-27 00:55:00+00:00,2026-04-27 01:00:00+00:00,2026-04-27 01:25:00+00:00,SHORT,79291.5,78815.751,79529.37449999999,78815.751,TARGET,0.006036217303822866,0.004636217303822866,0.6640971968271486,143.9052684593469,6
2026-04-27 03:30:00+00:00,2026-04-27 03:35:00+00:00,2026-04-27 05:00:00+00:00,SHORT,79252.3,78776.7862,79490.0569,78776.7862,TARGET,0.006036217303822866,0.004636217303822866,0.667176095742499,144.5724445550894,18
2026-04-27 05:05:00+00:00,2026-04-27 05:10:00+00:00,2026-04-27 05:10:00+00:00,LONG,78722.0,78485.834,78485.834,79194.332,STOP,-0.0030000000000000027,-0.004400000000000003,-0.6361187560423938,143.93632579904698,1
2026-04-27 05:15:00+00:00,2026-04-27 05:20:00+00:00,2026-04-27 05:30:00+00:00,LONG,78024.6,77790.52620000001,77790.52620000001,78492.7476,STOP,-0.0030000000000000027,-0.004400000000000003,-0.6333198335158071,143.30300596553118,3
2026-04-27 05:35:00+00:00,2026-04-27 05:40:00+00:00,2026-04-27 06:30:00+00:00,LONG,77741.2,77507.9764,77507.9764,78207.64719999999,STOP,-0.0030000000000000027,-0.004400000000000003,-0.6305332262483376,142.67247273928285,11
2026-04-27 09:05:00+00:00,2026-04-27 09:10:00+00:00,2026-04-27 13:05:00+00:00,SHORT,77800.0,77749.0,78033.4,77333.2,TIME,0.0006559569898005879,-0.0007440430101994121,-0.10615445608952957,142.5663182831933,48
2026-04-27 13:35:00+00:00,2026-04-27 13:40:00+00:00,2026-04-27 14:35:00+00:00,SHORT,77838.5,78072.0155,78072.0155,77371.469,STOP,-0.0029910269192422456,-0.004391026919242246,-0.6260125413587598,141.94030574183455,12
2026-04-27 15:00:00+00:00,2026-04-27 15:05:00+00:00,2026-04-27 15:15:00+00:00,LONG,77353.4,77121.33979999999,77121.33979999999,77817.5204,STOP,-0.0030000000000001137,-0.004400000000000114,-0.6245373452640882,141.31576839657046,3
2026-04-27 15:20:00+00:00,2026-04-27 15:25:00+00:00,2026-04-27 15:40:00+00:00,LONG,76627.6,77087.3656,76397.7172,77087.3656,TARGET,0.006000000000000005,0.004600000000000005,0.6500525346242249,141.96582093119468,4
2026-04-27 17:40:00+00:00,2026-04-27 17:45:00+00:00,2026-04-27 20:35:00+00:00,SHORT,76864.2,77094.79259999999,77094.79259999999,76403.01479999999,STOP,-0.0029910269192421346,-0.004391026919242135,-0.6233757413211843,141.3424451898735,35
2026-04-27 23:15:00+00:00,2026-04-27 23:20:00+00:00,2026-04-27 23:50:00+00:00,SHORT,77127.0,77358.381,77358.381,76664.238,STOP,-0.0029910269192422456,-0.004391026919242246,-0.6206384816602563,140.72180670821325,7
2026-04-28 02:00:00+00:00,2026-04-28 02:05:00+00:00,2026-04-28 02:30:00+00:00,LONG,77196.1,76964.5117,76964.5117,77659.27660000001,STOP,-0.0030000000000000027,-0.004400000000000003,-0.6191759495161387,140.1026307586971,6
2026-04-28 02:35:00+00:00,2026-04-28 02:40:00+00:00,2026-04-28 06:35:00+00:00,LONG,76706.4,76786.4,76476.2808,77166.6384,TIME,0.0010429377470457801,-0.00035706225295421986,-0.05002536098351357,140.0526053977136,48
2026-04-28 06:40:00+00:00,2026-04-28 06:45:00+00:00,2026-04-28 10:40:00+00:00,LONG,76600.3,76610.1,76370.4991,77059.9018,TIME,0.0001279368357565147,-0.0012720631642434853,-0.17815576038275976,139.87444963733083,48
2026-04-28 11:25:00+00:00,2026-04-28 11:30:00+00:00,2026-04-28 13:05:00+00:00,LONG,76341.4,76112.3758,76112.3758,76799.4484,STOP,-0.0030000000000000027,-0.004400000000000003,-0.615447578404256,139.25900205892657,20
2026-04-28 17:35:00+00:00,2026-04-28 17:40:00+00:00,2026-04-28 20:00:00+00:00,SHORT,76203.1,76431.7093,76431.7093,75745.8814,STOP,-0.0029910269192422456,-0.004391026919242246,-0.6114900267875579,138.64751203213902,29
2026-04-28 20:15:00+00:00,2026-04-28 20:20:00+00:00,2026-04-29 00:15:00+00:00,SHORT,76367.6,76346.7,76596.7028,75909.3944,TIME,0.000273751190293936,-0.001126248809706064,-0.15615159539490375,138.49136043674412,48
2026-04-29 00:50:00+00:00,2026-04-29 00:55:00+00:00,2026-04-29 03:15:00+00:00,SHORT,76537.5,76767.11249999999,76767.11249999999,76078.275,STOP,-0.0029910269192421346,-0.004391026919242135,-0.6081192917602086,137.8832411449839,29
2026-04-29 03:35:00+00:00,2026-04-29 03:40:00+00:00,2026-04-29 04:35:00+00:00,SHORT,77000.3,77231.30089999999,77231.30089999999,76538.2982,STOP,-0.0029910269192420236,-0.004391026919242024,-0.6054490235799638,137.27779212140396,12
2026-04-29 04:40:00+00:00,2026-04-29 04:45:00+00:00,2026-04-29 08:40:00+00:00,SHORT,77310.0,77061.2,77541.93,76846.14,TIME,0.0032286027209542656,0.0018286027209542656,0.2510265441997933,137.52881866560375,48
2026-04-29 09:45:00+00:00,2026-04-29 09:50:00+00:00,2026-04-29 12:20:00+00:00,SHORT,77660.6,77194.6364,77893.5818,77194.6364,TARGET,0.006036217303822866,0.004636217303822866,0.6376134888717893,138.16643215447553,31
2026-04-29 12:30:00+00:00,2026-04-29 12:35:00+00:00,2026-04-29 13:30:00+00:00,LONG,77039.6,76808.48120000001,76808.48120000001,77501.83760000001,STOP,-0.0030000000000000027,-0.004400000000000003,-0.6079323014796927,137.55849985299585,12
2026-04-29 15:10:00+00:00,2026-04-29 15:15:00+00:00,2026-04-29 15:35:00+00:00,LONG,76251.2,76022.4464,76022.4464,76708.7072,STOP,-0.0030000000000000027,-0.004400000000000003,-0.6052573993531821,136.95324245364267,5
2026-04-29 15:50:00+00:00,2026-04-29 15:55:00+00:00,2026-04-29 18:00:00+00:00,LONG,75782.8,76237.49680000001,75555.4516,76237.49680000001,TARGET,0.006000000000000005,0.004600000000000005,0.629984915286757,137.58322736892944,26
2026-04-29 18:05:00+00:00,2026-04-29 18:10:00+00:00,2026-04-29 18:55:00+00:00,LONG,75027.3,75477.4638,74802.2181,75477.4638,TARGET,0.006000000000000005,0.004600000000000005,0.6328828458970761,138.21611021482653,10
2026-04-29 23:20:00+00:00,2026-04-29 23:25:00+00:00,2026-04-30 00:45:00+00:00,LONG,75739.9,76194.3394,75512.68029999999,76194.3394,TARGET,0.006000000000000005,0.004600000000000005,0.6357941069882027,138.85190432181474,17
2026-04-30 00:50:00+00:00,2026-04-30 00:55:00+00:00,2026-04-30 02:30:00+00:00,SHORT,76319.2,75861.2848,76548.15759999999,75861.2848,TARGET,0.006036217303823088,0.004636217303823088,0.6437476014855853,139.49565192330033,20
2026-04-30 02:35:00+00:00,2026-04-30 02:40:00+00:00,2026-04-30 03:35:00+00:00,LONG,75543.1,75996.3586,75316.4707,75996.3586,TARGET,0.006000000000000005,0.004600000000000005,0.6416799988471822,140.13733192214752,12
2026-04-30 04:35:00+00:00,2026-04-30 04:40:00+00:00,2026-04-30 07:25:00+00:00,LONG,75444.0,75896.664,75217.668,75896.664,TARGET,0.006000000000000005,0.004600000000000005,0.6446317268418793,140.7819636489894,34
2026-04-30 07:30:00+00:00,2026-04-30 07:35:00+00:00,2026-04-30 09:30:00+00:00,SHORT,76007.8,76235.8234,76235.8234,75551.7532,STOP,-0.0029910269192421346,-0.004391026919242135,-0.6181773921264802,140.16378625686292,24
2026-04-30 13:40:00+00:00,2026-04-30 13:45:00+00:00,2026-04-30 14:15:00+00:00,SHORT,76630.0,76170.22,76859.88999999998,76170.22,TARGET,0.006036217303822866,0.004636217303822866,0.6498297712133975,140.81361602807632,7
2026-04-30 14:25:00+00:00,2026-04-30 14:30:00+00:00,2026-04-30 15:30:00+00:00,SHORT,76348.2,76577.24459999999,76577.24459999999,75890.1108,STOP,-0.0029910269192422456,-0.004391026919242246,-0.6183163785751246,140.1952996495012,13
2026-04-30 17:15:00+00:00,2026-04-30 17:20:00+00:00,2026-04-30 21:15:00+00:00,LONG,76150.8,76441.3,75922.34760000001,76607.7048,TIME,0.003814799056608642,0.002414799056608642,0.3385434773345814,140.5338431268358,48
2026-05-01 00:05:00+00:00,2026-05-01 00:10:00+00:00,2026-05-01 01:50:00+00:00,SHORT,76509.4,76738.92819999998,76738.92819999998,76050.3436,STOP,-0.0029910269192421346,-0.004391026919242135,-0.6170878882344872,139.9167552386013,21
2026-05-01 03:15:00+00:00,2026-05-01 03:20:00+00:00,2026-05-01 07:15:00+00:00,SHORT,77241.9,77040.4,77473.62569999999,76778.44859999999,TIME,0.002615510822892908,0.001215510822892908,0.17007033029657787,140.08682556889786,48
2026-05-01 07:30:00+00:00,2026-05-01 07:35:00+00:00,2026-05-01 08:20:00+00:00,LONG,77011.3,77473.3678,76780.26610000001,77473.3678,TARGET,0.006000000000000005,0.004600000000000005,0.6443993976169309,140.7312249665148,10
2026-05-01 10:10:00+00:00,2026-05-01 10:15:00+00:00,2026-05-01 12:10:00+00:00,LONG,77163.5,77626.481,76932.0095,77626.481,TARGET,0.006000000000000005,0.004600000000000005,0.6473636348459687,141.37858860136075,24
2026-05-01 13:50:00+00:00,2026-05-01 13:55:00+00:00,2026-05-01 14:25:00+00:00,SHORT,78784.3,78311.5942,79020.6529,78311.5942,TARGET,0.006036217303822866,0.004636217303822866,0.6554618588636829,142.03405046022442,7
2026-05-01 17:35:00+00:00,2026-05-01 17:40:00+00:00,2026-05-01 20:40:00+00:00,SHORT,78517.6,78046.49440000001,78753.1528,78046.49440000001,TARGET,0.006036217303822866,0.004636217303822866,0.6585007224757425,142.69255118270016,37
2026-05-01 20:50:00+00:00,2026-05-01 20:55:00+00:00,2026-05-01 22:15:00+00:00,LONG,77854.0,78321.124,77620.438,78321.124,TARGET,0.006000000000000005,0.004600000000000005,0.6563857354404214,143.34893691814057,17
2026-05-01 23:30:00+00:00,2026-05-01 23:35:00+00:00,2026-05-02 03:30:00+00:00,LONG,78059.6,78443.8,77825.42120000001,78527.95760000001,TIME,0.004921880204356688,0.0035218802043566876,0.5048577832475748,143.85379470138815,48
2026-05-02 04:40:00+00:00,2026-05-02 04:45:00+00:00,2026-05-02 08:40:00+00:00,LONG,78225.2,78328.7,77990.5244,78694.5512,TIME,0.0013231030409637246,-7.689695903627543e-05,-0.01106191935836542,143.8427327820298,48
2026-05-02 11:45:00+00:00,2026-05-02 11:50:00+00:00,2026-05-02 15:45:00+00:00,LONG,78102.9,78425.0,77868.5913,78571.5174,TIME,0.004124046610305188,0.0027240466103051874,0.39183430865192315,144.23456709068174,48
2026-05-02 16:15:00+00:00,2026-05-02 16:20:00+00:00,2026-05-02 20:15:00+00:00,SHORT,78542.9,78422.8,78778.52869999998,78071.64259999999,TIME,0.0015314423866528148,0.00013144238665281486,0.018958535736234756,144.25352562641797,48
2026-05-02 21:35:00+00:00,2026-05-02 21:40:00+00:00,2026-05-03 01:00:00+00:00,SHORT,78901.2,78427.7928,79137.90359999999,78427.7928,TARGET,0.006036217303822866,0.004636217303822866,0.6687906916466542,144.92231631806462,41
2026-05-03 01:15:00+00:00,2026-05-03 01:20:00+00:00,2026-05-03 05:15:00+00:00,LONG,78266.1,78225.1,78031.30170000001,78735.69660000001,TIME,-0.0005238538779880342,-0.0019238538779880342,-0.27880936025551717,144.6435069578091,48
2026-05-03 07:05:00+00:00,2026-05-03 07:10:00+00:00,2026-05-03 11:05:00+00:00,SHORT,78383.7,78442.9,78618.85109999999,77913.39779999999,TIME,-0.0007546890795725458,-0.002154689079572546,-0.3116617848730669,144.33184517293606,48
2026-05-03 11:40:00+00:00,2026-05-03 11:45:00+00:00,2026-05-03 15:40:00+00:00,SHORT,78716.6,78698.0,78952.74979999999,78244.30040000001,TIME,0.00023634653993753751,-0.0011636534600624625,-0.16795225103268666,144.16389292190337,48
2026-05-03 20:20:00+00:00,2026-05-03 20:25:00+00:00,2026-05-03 20:35:00+00:00,SHORT,78924.0,79160.772,79160.772,78450.456,STOP,-0.0029910269192422456,-0.004391026919242246,-0.6330275346028343,143.53086538730054,3
2026-05-03 22:00:00+00:00,2026-05-03 22:05:00+00:00,2026-05-03 22:10:00+00:00,SHORT,79106.0,79343.31799999998,79343.31799999998,78631.364,STOP,-0.0029910269192421346,-0.004391026919242135,-0.6302478936577558,142.90061749364278,2
2026-05-03 22:15:00+00:00,2026-05-03 22:20:00+00:00,2026-05-03 23:20:00+00:00,SHORT,79224.8,78749.4512,79462.47439999999,78749.4512,TARGET,0.006036217303823088,0.004636217303823088,0.6625183155510309,143.56313580919382,13
2026-05-04 00:00:00+00:00,2026-05-04 00:05:00+00:00,2026-05-04 01:30:00+00:00,LONG,78501.1,78972.1066,78265.59670000001,78972.1066,TARGET,0.006000000000000005,0.004600000000000005,0.6603904247222924,144.22352623391612,18
2026-05-04 01:35:00+00:00,2026-05-04 01:40:00+00:00,2026-05-04 01:50:00+00:00,SHORT,78866.9,79103.50069999999,79103.50069999999,78393.69859999999,STOP,-0.0029910269192422456,-0.004391026919242246,-0.6332893860811659,143.59023684783494,3
2026-05-04 01:55:00+00:00,2026-05-04 02:00:00+00:00,2026-05-04 02:00:00+00:00,SHORT,79780.9,80020.24269999999,80020.24269999999,79302.21459999999,STOP,-0.0029910269192422456,-0.004391026919242246,-0.6305085953392131,142.95972825249572,1
2026-05-04 02:10:00+00:00,2026-05-04 02:15:00+00:00,2026-05-04 02:40:00+00:00,SHORT,79942.7,80182.52809999998,80182.52809999998,79463.0438,STOP,-0.0029910269192420236,-0.004391026919242024,-0.6277400151242332,142.3319882373715,6
2026-05-04 04:15:00+00:00,2026-05-04 04:20:00+00:00,2026-05-04 05:15:00+00:00,SHORT,80522.5,80039.365,80764.06749999999,80039.365,TARGET,0.006036217303822866,0.004636217303822866,0.6598820267536143,142.9918702641251,12
2026-05-04 05:25:00+00:00,2026-05-04 05:30:00+00:00,2026-05-04 06:20:00+00:00,LONG,80000.1,79760.0997,79760.0997,80480.1006,STOP,-0.0030000000000000027,-0.004400000000000003,-0.6291642291621509,142.36270603496297,11
2026-05-04 06:25:00+00:00,2026-05-04 06:30:00+00:00,2026-05-04 10:00:00+00:00,LONG,79715.0,79475.855,79475.855,80193.29,STOP,-0.0030000000000000027,-0.004400000000000003,-0.6263959065538375,141.73631012840914,43
2026-05-04 10:05:00+00:00,2026-05-04 10:10:00+00:00,2026-05-04 10:15:00+00:00,LONG,78829.5,78593.0115,78593.0115,79302.477,STOP,-0.0030000000000001137,-0.004400000000000114,-0.6236397645650164,141.11267036384413,2
2026-05-04 10:20:00+00:00,2026-05-04 10:25:00+00:00,2026-05-04 10:30:00+00:00,LONG,78266.6,78736.1996,78031.80020000001,78736.1996,TARGET,0.006000000000000005,0.004600000000000005,0.6491182836736837,141.76178864751782,2
2026-05-04 14:05:00+00:00,2026-05-04 14:10:00+00:00,2026-05-04 14:15:00+00:00,LONG,78541.7,79012.95019999999,78306.07489999999,79012.95019999999,TARGET,0.006000000000000005,0.004600000000000005,0.6521042277785827,142.4138928752964,2
2026-05-04 14:30:00+00:00,2026-05-04 14:35:00+00:00,2026-05-04 14:35:00+00:00,SHORT,79279.2,79517.03759999998,79517.03759999998,78803.5248,STOP,-0.0029910269192420236,-0.004391026919242024,-0.6253432372894764,141.7885496380069,1
2026-05-04 14:45:00+00:00,2026-05-04 14:50:00+00:00,2026-05-04 14:50:00+00:00,SHORT,80023.0,80263.06899999999,80263.06899999999,79542.862,STOP,-0.0029910269192421346,-0.004391026919242135,-0.622597338300788,141.16595229970613,1
2026-05-04 15:05:00+00:00,2026-05-04 15:10:00+00:00,2026-05-04 15:15:00+00:00,SHORT,80092.9,79612.34259999999,80333.17869999999,79612.34259999999,TARGET,0.006036217303823088,0.004636217303823088,0.6544760307625622,141.8204283304687,2
2026-05-04 15:20:00+00:00,2026-05-04 15:25:00+00:00,2026-05-04 15:25:00+00:00,SHORT,79550.1,79788.7503,79788.7503,79072.7994,STOP,-0.0029910269192422456,-0.004391026919242246,-0.6227373184975536,141.19769101197116,1
2026-05-04 15:50:00+00:00,2026-05-04 15:55:00+00:00,2026-05-04 16:05:00+00:00,LONG,79910.2,79670.4694,79670.4694,80389.6612,STOP,-0.0029999999999998916,-0.004399999999999892,-0.6212698404526579,140.5764211715185,3
2026-05-04 17:50:00+00:00,2026-05-04 17:55:00+00:00,2026-05-04 19:05:00+00:00,SHORT,80441.8,79959.1492,80683.12539999999,79959.1492,TARGET,0.006036217303822866,0.004636217303822866,0.6517428363448851,141.22816400786337,15
2026-05-04 22:55:00+00:00,2026-05-04 23:00:00+00:00,2026-05-04 23:30:00+00:00,LONG,80068.2,79827.9954,79827.9954,80548.60919999999,STOP,-0.0030000000000000027,-0.004400000000000003,-0.6214039216345992,140.60676008622877,7
2026-05-04 23:50:00+00:00,2026-05-04 23:55:00+00:00,2026-05-05 01:35:00+00:00,LONG,79843.8,80322.8628,79604.2686,80322.8628,TARGET,0.006000000000000005,0.004600000000000005,0.6467910963966531,141.25355118262542,21
2026-05-05 02:00:00+00:00,2026-05-05 02:05:00+00:00,2026-05-05 02:35:00+00:00,SHORT,80495.7,80737.1871,80737.1871,80012.7258,STOP,-0.0029910269192422456,-0.004391026919242246,-0.6202481456814706,140.63330303694394,7
2026-05-05 02:45:00+00:00,2026-05-05 02:50:00+00:00,2026-05-05 03:20:00+00:00,SHORT,80560.0,80801.68,80801.68,80076.64,STOP,-0.0029910269192421346,-0.004391026919242135,-0.6175246193771575,140.0157784175668,7
2026-05-05 05:20:00+00:00,2026-05-05 05:25:00+00:00,2026-05-05 09:15:00+00:00,SHORT,81158.6,80671.6484,81402.07579999999,80671.6484,TARGET,0.006036217303822866,0.004636217303822866,0.6491435747077513,140.66492199227454,47
2026-05-05 09:35:00+00:00,2026-05-05 09:40:00+00:00,2026-05-05 11:35:00+00:00,LONG,80584.0,81067.504,80342.248,81067.504,TARGET,0.006000000000000005,0.004600000000000005,0.6470586411644637,141.31198063343902,24
2026-05-05 11:50:00+00:00,2026-05-05 11:55:00+00:00,2026-05-05 12:25:00+00:00,SHORT,80936.5,81179.30949999999,81179.30949999999,80450.881,STOP,-0.0029910269192421346,-0.004391026919242135,-0.620504710972854,140.69147592246617,7
2026-05-05 12:30:00+00:00,2026-05-05 12:35:00+00:00,2026-05-05 13:05:00+00:00,SHORT,81241.1,81484.8233,81484.8233,80753.65340000001,STOP,-0.0029910269192422456,-0.004391026919242246,-0.6177800580834713,140.0736958643827,7
2026-05-05 13:10:00+00:00,2026-05-05 13:15:00+00:00,2026-05-05 14:10:00+00:00,SHORT,81638.2,81148.37079999999,81883.11459999999,81148.37079999999,TARGET,0.006036217303823088,0.004636217303823088,0.6494120925769036,140.7231079569596,12
2026-05-05 16:00:00+00:00,2026-05-05 16:05:00+00:00,2026-05-05 16:35:00+00:00,SHORT,81578.0,81088.532,81822.734,81088.532,TARGET,0.006036217303822866,0.004636217303822866,0.6524229081577894,141.3755308651174,7
2026-05-05 18:10:00+00:00,2026-05-05 18:15:00+00:00,2026-05-05 22:10:00+00:00,SHORT,81560.3,81379.2,81804.9809,81070.9382,TIME,0.0022253843734025835,0.0008253843734025836,0.11668915395756255,141.49222001907498,48
2026-05-05 22:30:00+00:00,2026-05-05 22:35:00+00:00,2026-05-05 22:40:00+00:00,LONG,81130.1,80886.7097,80886.7097,81616.8806,STOP,-0.0030000000000000027,-0.004400000000000003,-0.6225657680839303,140.86965425099106,2
2026-05-05 22:50:00+00:00,2026-05-05 22:55:00+00:00,2026-05-05 23:25:00+00:00,LONG,81220.6,80976.9382,80976.9382,81707.92360000001,STOP,-0.0030000000000000027,-0.004400000000000003,-0.619826478704361,140.2498277722867,7
2026-05-06 01:40:00+00:00,2026-05-06 01:45:00+00:00,2026-05-06 03:20:00+00:00,SHORT,81327.8,81571.7834,81571.7834,80839.83320000001,STOP,-0.0029910269192422456,-0.004391026919242246,-0.6158407691671997,139.6339870031195,20
2026-05-06 04:50:00+00:00,2026-05-06 04:55:00+00:00,2026-05-06 05:35:00+00:00,LONG,81364.4,81120.30679999999,81120.30679999999,81852.5864,STOP,-0.0030000000000000027,-0.004400000000000003,-0.6143895428137262,139.01959746030576,9
2026-05-06 06:40:00+00:00,2026-05-06 06:45:00+00:00,2026-05-06 08:30:00+00:00,SHORT,81500.0,81744.49999999999,81744.49999999999,81011.0,STOP,-0.0029910269192421346,-0.004391026919242135,-0.6104387947504081,138.40915866555534,22
2026-05-06 08:50:00+00:00,2026-05-06 08:55:00+00:00,2026-05-06 10:20:00+00:00,SHORT,81919.9,82165.65969999999,82165.65969999999,81428.38059999999,STOP,-0.0029910269192422456,-0.004391026919242246,-0.6077583415701246,137.8014003239852,18
2026-05-06 11:15:00+00:00,2026-05-06 11:20:00+00:00,2026-05-06 11:20:00+00:00,SHORT,82534.4,82782.00319999999,82782.00319999999,82039.1936,STOP,-0.0029910269192422456,-0.004391026919242246,-0.6050896583318962,137.1963106656533,1
2026-05-06 12:10:00+00:00,2026-05-06 12:15:00+00:00,2026-05-06 13:05:00+00:00,LONG,82206.4,81959.7808,81959.7808,82699.6384,STOP,-0.0030000000000000027,-0.004400000000000003,-0.6036637669288749,136.59264689872444,11
2026-05-06 13:45:00+00:00,2026-05-06 13:50:00+00:00,2026-05-06 14:00:00+00:00,LONG,81732.7,81487.5019,81487.5019,82223.0962,STOP,-0.0029999999999998916,-0.004399999999999892,-0.6010076463543728,135.99163925237008,3
2026-05-06 14:05:00+00:00,2026-05-06 14:10:00+00:00,2026-05-06 14:45:00+00:00,LONG,81438.1,81926.7286,81193.78570000001,81926.7286,TARGET,0.006000000000000005,0.004600000000000005,0.6255615405609031,136.617200792931,8
2026-05-06 17:15:00+00:00,2026-05-06 17:20:00+00:00,2026-05-06 19:10:00+00:00,LONG,81496.0,81251.512,81251.512,81984.976,STOP,-0.0030000000000000027,-0.004400000000000003,-0.6011156834888968,136.0160851094421,23
2026-05-06 19:15:00+00:00,2026-05-06 19:20:00+00:00,2026-05-06 23:00:00+00:00,LONG,81312.9,81068.9613,81068.9613,81800.77739999999,STOP,-0.0030000000000000027,-0.004400000000000003,-0.5984707744815456,135.41761433496055,45
2026-05-07 00:30:00+00:00,2026-05-07 00:35:00+00:00,2026-05-07 01:05:00+00:00,LONG,81183.9,80940.3483,80940.3483,81671.0034,STOP,-0.0030000000000000027,-0.004400000000000003,-0.5958375030738268,134.82177683188672,7
2026-05-07 03:55:00+00:00,2026-05-07 04:00:00+00:00,2026-05-07 06:35:00+00:00,LONG,80838.2,81323.2292,80595.6854,81323.2292,TARGET,0.006000000000000005,0.004600000000000005,0.6201801734266796,135.4419570053134,32
2026-05-07 06:55:00+00:00,2026-05-07 07:00:00+00:00,2026-05-07 07:15:00+00:00,SHORT,81442.4,81686.72719999998,81686.72719999998,80953.7456,STOP,-0.0029910269192421346,-0.004391026919242135,-0.594729279205167,134.84722772610826,4
2026-05-07 09:20:00+00:00,2026-05-07 09:25:00+00:00,2026-05-07 10:10:00+00:00,LONG,81082.2,80838.9534,80838.9534,81568.6932,STOP,-0.0030000000000000027,-0.004400000000000003,-0.5933278019948767,134.25389992411337,10
2026-05-07 10:25:00+00:00,2026-05-07 10:30:00+00:00,2026-05-07 12:45:00+00:00,LONG,80620.0,81103.72,80378.14,81103.72,TARGET,0.006000000000000005,0.004600000000000005,0.6175679396509222,134.87146786376428,28
2026-05-07 13:35:00+00:00,2026-05-07 13:40:00+00:00,2026-05-07 13:45:00+00:00,LONG,80684.5,80442.4465,80442.4465,81168.607,STOP,-0.0029999999999998916,-0.004399999999999892,-0.5934344586005482,134.27803340516374,2
2026-05-07 13:50:00+00:00,2026-05-07 13:55:00+00:00,2026-05-07 14:30:00+00:00,LONG,80492.7,80251.2219,80251.2219,80975.6562,STOP,-0.0029999999999998916,-0.004399999999999892,-0.5908233469827059,133.68721005818102,8
2026-05-07 14:35:00+00:00,2026-05-07 14:40:00+00:00,2026-05-07 15:20:00+00:00,LONG,80140.3,79899.8791,79899.8791,80621.1418,STOP,-0.0030000000000000027,-0.004400000000000003,-0.5882237242559969,133.098986333925,9
2026-05-07 15:25:00+00:00,2026-05-07 15:30:00+00:00,2026-05-07 17:25:00+00:00,LONG,79850.0,79610.45,79610.45,80329.1,STOP,-0.0030000000000000027,-0.004400000000000003,-0.5856355398692704,132.51335079405575,24
2026-05-07 20:00:00+00:00,2026-05-07 20:05:00+00:00,2026-05-07 21:05:00+00:00,SHORT,80257.2,79775.6568,80497.97159999999,79775.6568,TARGET,0.006036217303822866,0.004636217303822866,0.6143606899389508,133.12771148399472,13
2026-05-07 21:10:00+00:00,2026-05-07 21:15:00+00:00,2026-05-08 01:10:00+00:00,LONG,79796.3,79705.0,79556.9111,80275.0778,TIME,-0.0011441633258685302,-0.0025441633258685304,-0.33869864121438614,132.78901284278032,48
2026-05-08 01:15:00+00:00,2026-05-08 01:20:00+00:00,2026-05-08 02:00:00+00:00,LONG,79774.9,79535.5753,79535.5753,80253.54939999999,STOP,-0.0030000000000000027,-0.004400000000000003,-0.5842716565082338,132.2047411862721,9
2026-05-08 02:05:00+00:00,2026-05-08 02:10:00+00:00,2026-05-08 03:00:00+00:00,LONG,79584.1,79345.3477,79345.3477,80061.6046,STOP,-0.0030000000000001137,-0.004400000000000114,-0.5817008612196123,131.62304032505247,11
2026-05-08 03:05:00+00:00,2026-05-08 03:10:00+00:00,2026-05-08 07:05:00+00:00,LONG,79353.3,79397.0,79115.2401,79829.4198,TIME,0.000550701735151593,-0.0008492982648484069,-0.11178721976213896,131.51125310529034,48
2026-05-08 07:15:00+00:00,2026-05-08 07:20:00+00:00,2026-05-08 08:35:00+00:00,LONG,79334.7,79810.7082,79096.69589999999,79810.7082,TARGET,0.006000000000000005,0.004600000000000005,0.6049517642843362,132.11620486957466,16
2026-05-08 10:00:00+00:00,2026-05-08 10:05:00+00:00,2026-05-08 10:55:00+00:00,SHORT,80013.9,80253.94169999998,80253.94169999998,79533.81659999999,STOP,-0.0029910269192421346,-0.004391026919242135,-0.5801258120504111,131.53607905752426,11
2026-05-08 11:00:00+00:00,2026-05-08 11:05:00+00:00,2026-05-08 12:30:00+00:00,SHORT,80241.3,80482.0239,80482.0239,79759.85220000001,STOP,-0.0029910269192422456,-0.004391026919242246,-0.5775784639931653,130.95850059353108,18
2026-05-08 13:05:00+00:00,2026-05-08 13:10:00+00:00,2026-05-08 13:10:00+00:00,LONG,79905.8,79666.08260000001,79666.08260000001,80385.2348,STOP,-0.0029999999999998916,-0.004399999999999892,-0.5762174026115227,130.38228319091957,1
2026-05-08 13:25:00+00:00,2026-05-08 13:30:00+00:00,2026-05-08 14:15:00+00:00,LONG,79613.7,80091.3822,79374.85889999999,80091.3822,TARGET,0.006000000000000005,0.004600000000000005,0.5997585026782307,130.9820416935978,10
2026-05-08 17:05:00+00:00,2026-05-08 17:10:00+00:00,2026-05-08 18:20:00+00:00,LONG,79821.8,80300.7308,79582.3346,80300.7308,TARGET,0.006000000000000005,0.004600000000000005,0.6025173917905506,131.58455908538835,15
2026-05-09 01:10:00+00:00,2026-05-09 01:15:00+00:00,2026-05-09 04:05:00+00:00,SHORT,80331.3,80572.29389999999,80572.29389999999,79849.3122,STOP,-0.0029910269192421346,-0.004391026919242135,-0.5777913411005474,131.0067677442878,35
2026-05-09 06:35:00+00:00,2026-05-09 06:40:00+00:00,2026-05-09 10:35:00+00:00,LONG,80226.0,80328.4,79985.322,80707.356,TIME,0.0012763941864233352,-0.00012360581357666474,-0.016193198111081854,130.99057454617673,48
2026-05-09 15:35:00+00:00,2026-05-09 15:40:00+00:00,2026-05-09 16:20:00+00:00,SHORT,80518.0,80759.55399999999,80759.55399999999,80034.89199999999,STOP,-0.0029910269192421346,-0.004391026919242135,-0.5751831389992557,130.41539140717748,9
2026-05-09 18:25:00+00:00,2026-05-09 18:30:00+00:00,2026-05-09 22:25:00+00:00,SHORT,81034.1,80757.9,81277.20229999999,80547.89540000001,TIME,0.0034200988386277054,0.002020098838627705,0.2634519807208168,130.6788433878983,48
2026-05-10 10:00:00+00:00,2026-05-10 10:05:00+00:00,2026-05-10 14:00:00+00:00,LONG,80734.0,80941.9,80491.798,81218.404,TIME,0.0025751232442341454,0.0011751232442341454,0.15356374639475284,130.83240713429305,48
2026-05-10 15:45:00+00:00,2026-05-10 15:50:00+00:00,2026-05-10 17:50:00+00:00,SHORT,81340.4,81584.42119999998,81584.42119999998,80852.35759999999,STOP,-0.0029910269192421346,-0.004391026919242135,-0.5744886216359275,130.2579185126571,25
2026-05-10 19:00:00+00:00,2026-05-10 19:05:00+00:00,2026-05-10 20:30:00+00:00,LONG,81212.0,80968.364,80968.364,81699.272,STOP,-0.0030000000000000027,-0.004400000000000003,-0.5731348414556917,129.68478367120142,18
2026-05-10 20:35:00+00:00,2026-05-10 20:40:00+00:00,2026-05-10 20:45:00+00:00,LONG,81005.6,80762.58320000001,80762.58320000001,81491.6336,STOP,-0.0030000000000000027,-0.004400000000000003,-0.5706130481532866,129.11417062304812,2
2026-05-10 20:50:00+00:00,2026-05-10 20:55:00+00:00,2026-05-10 22:00:00+00:00,LONG,80620.4,81104.1224,80378.5388,81104.1224,TARGET,0.006000000000000005,0.004600000000000005,0.5939251848660221,129.70809580791413,14
2026-05-10 22:05:00+00:00,2026-05-10 22:10:00+00:00,2026-05-10 22:10:00+00:00,SHORT,81185.7,81429.25709999999,81429.25709999999,80698.5858,STOP,-0.0029910269192421346,-0.004391026919242135,-0.5695517403361888,129.13854406757795,1
2026-05-10 22:25:00+00:00,2026-05-10 22:30:00+00:00,2026-05-10 22:30:00+00:00,SHORT,81502.8,81747.3084,81747.3084,81013.7832,STOP,-0.0029910269192421346,-0.004391026919242135,-0.5670508233124715,128.57149324426547,1
2026-05-10 23:00:00+00:00,2026-05-10 23:05:00+00:00,2026-05-11 00:15:00+00:00,SHORT,82228.9,81735.5266,82475.58669999999,81735.5266,TARGET,0.006036217303822866,0.004636217303822866,0.5960853817574083,129.16757862602287,15
2026-05-11 00:50:00+00:00,2026-05-11 00:55:00+00:00,2026-05-11 03:05:00+00:00,LONG,81333.9,81089.8983,81089.8983,81821.9034,STOP,-0.0029999999999998916,-0.004399999999999892,-0.5683373459544867,128.59924128006838,27
2026-05-11 03:10:00+00:00,2026-05-11 03:15:00+00:00,2026-05-11 07:10:00+00:00,LONG,80615.1,80766.1,80373.2547,81098.79060000001,TIME,0.0018730982160910514,0.00047309821609105144,0.06084007164026305,128.66008135170864,48
2026-05-11 07:30:00+00:00,2026-05-11 07:35:00+00:00,2026-05-11 11:30:00+00:00,LONG,80731.0,81154.5,80488.807,81215.386,TIME,0.005245816353073751,0.003845816353073751,0.4948030448502002,129.15488439655883,48
2026-05-11 12:00:00+00:00,2026-05-11 12:05:00+00:00,2026-05-11 14:30:00+00:00,SHORT,81165.5,80678.507,81408.9965,80678.507,TARGET,0.006036217303822866,0.004636217303822866,0.5987901099125679,129.75367450647138,30
2026-05-11 15:25:00+00:00,2026-05-11 15:30:00+00:00,2026-05-11 16:05:00+00:00,SHORT,81344.8,81588.83439999999,81588.83439999999,80856.73120000001,STOP,-0.0029910269192421346,-0.004391026919242135,-0.5697518776284978,129.18392262884288,8
2026-05-11 16:10:00+00:00,2026-05-11 16:15:00+00:00,2026-05-11 17:45:00+00:00,SHORT,81785.7,82031.05709999999,82031.05709999999,81294.9858,STOP,-0.0029910269192422456,-0.004391026919242246,-0.5672500817965566,128.61667254704633,19
2026-05-11 18:05:00+00:00,2026-05-11 18:10:00+00:00,2026-05-11 22:05:00+00:00,SHORT,82047.2,81852.7,82293.34159999999,81554.91679999999,TIME,0.002376219721524242,0.000976219721524242,0.12555813225725218,128.7422306793036,48
2026-05-12 01:15:00+00:00,2026-05-12 01:20:00+00:00,2026-05-12 01:30:00+00:00,LONG,81375.9,81131.7723,81131.7723,81864.15539999999,STOP,-0.0030000000000000027,-0.004400000000000003,-0.5664658149889361,128.17576486431466,3
2026-05-12 01:35:00+00:00,2026-05-12 01:40:00+00:00,2026-05-12 05:35:00+00:00,LONG,80864.6,81270.4,80622.0062,81349.78760000001,TIME,0.005018265099932417,0.0036182650999324172,0.46377389666569346,128.63953876098034,48
2026-05-12 07:00:00+00:00,2026-05-12 07:05:00+00:00,2026-05-12 10:30:00+00:00,LONG,80923.2,80680.4304,80680.4304,81408.7392,STOP,-0.0030000000000000027,-0.004400000000000003,-0.5660139705483139,128.07352479043203,42
2026-05-12 11:05:00+00:00,2026-05-12 11:10:00+00:00,2026-05-12 15:05:00+00:00,LONG,80616.2,80641.3,80374.3514,81099.89719999999,TIME,0.0003113518126629522,-0.0010886481873370478,-0.13942701060897028,127.93409777982306,48
2026-05-12 16:45:00+00:00,2026-05-12 16:50:00+00:00,2026-05-12 17:30:00+00:00,LONG,79979.1,80458.9746,79739.1627,80458.9746,TARGET,0.006000000000000005,0.004600000000000005,0.5884968497871867,128.52259462961024,9
2026-05-12 18:50:00+00:00,2026-05-12 18:55:00+00:00,2026-05-12 22:50:00+00:00,SHORT,80726.8,80679.5,80968.9804,80242.43920000001,TIME,0.0005862703660781676,-0.0008137296339218324,-0.10458264387863679,128.4180119857316,48
2026-05-13 00:00:00+00:00,2026-05-13 00:05:00+00:00,2026-05-13 01:10:00+00:00,LONG,80457.0,80939.742,80215.629,80939.742,TARGET,0.006000000000000005,0.004600000000000005,0.590722855134366,129.00873484086597,14
2026-05-13 01:20:00+00:00,2026-05-13 01:25:00+00:00,2026-05-13 02:20:00+00:00,SHORT,81029.0,81272.08699999998,81272.08699999998,80542.826,STOP,-0.0029910269192421346,-0.004391026919242135,-0.5664808275036132,128.44225401336234,12
2026-05-13 03:45:00+00:00,2026-05-13 03:50:00+00:00,2026-05-13 07:45:00+00:00,SHORT,81268.3,80957.0,81512.10489999999,80780.6902,TIME,0.0038452511827267166,0.0024452511827267164,0.3140735735382596,128.7563275869006,48
2026-05-13 08:40:00+00:00,2026-05-13 08:45:00+00:00,2026-05-13 11:05:00+00:00,SHORT,81152.6,80665.6844,81396.0578,80665.6844,TARGET,0.006036217303823088,0.004636217303823088,0.5969423139351026,129.3532699008357,29
2026-05-13 11:10:00+00:00,2026-05-13 11:15:00+00:00,2026-05-13 12:20:00+00:00,LONG,80567.7,80325.9969,80325.9969,81051.1062,STOP,-0.0030000000000000027,-0.004400000000000003,-0.5691543875636774,128.784115513272,14
2026-05-13 12:25:00+00:00,2026-05-13 12:30:00+00:00,2026-05-13 12:30:00+00:00,LONG,80360.0,80118.92,80118.92,80842.16,STOP,-0.0030000000000000027,-0.004400000000000003,-0.5666501082583972,128.21746540501363,1
2026-05-13 12:35:00+00:00,2026-05-13 12:40:00+00:00,2026-05-13 13:45:00+00:00,LONG,79941.9,79702.0743,79702.0743,80421.5514,STOP,-0.0030000000000000027,-0.004400000000000003,-0.5641568477820603,127.65330855723157,14
2026-05-13 14:00:00+00:00,2026-05-13 14:05:00+00:00,2026-05-13 15:10:00+00:00,LONG,79648.7,79409.7539,79409.7539,80126.5922,STOP,-0.0030000000000000027,-0.004400000000000003,-0.5616745576518193,127.09163399957976,14
2026-05-13 15:25:00+00:00,2026-05-13 15:30:00+00:00,2026-05-13 15:55:00+00:00,LONG,79291.6,79053.7252,79053.7252,79767.3496,STOP,-0.0030000000000001137,-0.004400000000000114,-0.5592031895981654,126.53243080998159,6
2026-05-13 16:00:00+00:00,2026-05-13 16:05:00+00:00,2026-05-13 17:40:00+00:00,LONG,78912.7,79386.1762,78675.9619,79386.1762,TARGET,0.006000000000000005,0.004600000000000005,0.582049181725916,127.11447999170751,20
2026-05-13 21:05:00+00:00,2026-05-13 21:10:00+00:00,2026-05-13 22:05:00+00:00,LONG,79481.4,79242.9558,79242.9558,79958.28839999999,STOP,-0.0030000000000000027,-0.004400000000000003,-0.5593037119635134,126.555176279744,12
2026-05-14 02:50:00+00:00,2026-05-14 02:55:00+00:00,2026-05-14 03:20:00+00:00,LONG,79330.8,79092.8076,79092.8076,79806.78480000001,STOP,-0.0030000000000000027,-0.004400000000000003,-0.556842775630874,125.99833350411313,6
2026-05-14 05:00:00+00:00,2026-05-14 05:05:00+00:00,2026-05-14 05:30:00+00:00,SHORT,79453.2,79691.5596,79691.5596,78976.48079999999,STOP,-0.0029910269192422456,-0.004391026919242246,-0.553262074196223,125.44507142991691,6
2026-05-14 05:45:00+00:00,2026-05-14 05:50:00+00:00,2026-05-14 09:45:00+00:00,SHORT,79826.6,79601.2,80066.07979999999,79347.6404,TIME,0.002831615603785087,0.001431615603785087,0.17958912167700386,125.6246605515939,48
2026-05-14 10:40:00+00:00,2026-05-14 10:45:00+00:00,2026-05-14 11:45:00+00:00,LONG,79460.8,79222.4176,79222.4176,79937.56480000001,STOP,-0.0030000000000000027,-0.004400000000000003,-0.5527485064270136,125.0719120451669,13
2026-05-14 11:50:00+00:00,2026-05-14 11:55:00+00:00,2026-05-14 13:00:00+00:00,LONG,79333.1,79809.09860000001,79095.10070000001,79809.09860000001,TARGET,0.006000000000000005,0.004600000000000005,0.5753307954077683,125.64724284057466,14
2026-05-14 13:15:00+00:00,2026-05-14 13:20:00+00:00,2026-05-14 13:20:00+00:00,SHORT,79789.5,80028.8685,80028.8685,79310.763,STOP,-0.0029910269192422456,-0.004391026919242246,-0.5517204256415309,125.09552241493313,1
2026-05-14 13:30:00+00:00,2026-05-14 13:35:00+00:00,2026-05-14 14:15:00+00:00,SHORT,79908.3,80148.02489999999,80148.02489999999,79428.8502,STOP,-0.0029910269192421346,-0.004391026919242135,-0.5492978064006292,124.5462246085325,9
2026-05-14 14:20:00+00:00,2026-05-14 14:25:00+00:00,2026-05-14 14:45:00+00:00,SHORT,80206.5,80447.11949999999,80447.11949999999,79725.261,STOP,-0.0029910269192421346,-0.004391026919242135,-0.5468858249460434,123.99933878358645,5
2026-05-14 14:50:00+00:00,2026-05-14 14:55:00+00:00,2026-05-14 15:00:00+00:00,SHORT,80845.7,81088.23709999998,81088.23709999998,80360.6258,STOP,-0.0029910269192421346,-0.004391026919242135,-0.5444844345669534,123.4548543490195,2
2026-05-14 15:15:00+00:00,2026-05-14 15:20:00+00:00,2026-05-14 15:50:00+00:00,SHORT,81009.6,81252.62879999999,81252.62879999999,80523.5424,STOP,-0.0029910269192421346,-0.004391026919242135,-0.5420935887576616,122.91276076026183,7
2026-05-14 16:00:00+00:00,2026-05-14 16:05:00+00:00,2026-05-14 16:10:00+00:00,SHORT,81330.1,81574.0903,81574.0903,80842.11940000001,STOP,-0.0029910269192421346,-0.004391026919242135,-0.5397132412166781,122.37304751904516,2
2026-05-14 16:55:00+00:00,2026-05-14 17:00:00+00:00,2026-05-14 17:20:00+00:00,SHORT,81880.5,81389.217,82126.1415,81389.217,TARGET,0.006036217303822866,0.004636217303822866,0.567348040429335,122.9403955594745,5
2026-05-14 19:55:00+00:00,2026-05-14 20:00:00+00:00,2026-05-14 20:35:00+00:00,LONG,81419.5,81175.2415,81175.2415,81908.017,STOP,-0.0030000000000000027,-0.004400000000000003,-0.5409377404616882,122.39945781901281,8
2026-05-14 23:05:00+00:00,2026-05-14 23:10:00+00:00,2026-05-15 02:10:00+00:00,LONG,81199.1,80955.50270000001,80955.50270000001,81686.29460000001,STOP,-0.0029999999999998916,-0.004399999999999892,-0.5385576144036431,121.86090020460917,37
2026-05-15 02:15:00+00:00,2026-05-15 02:20:00+00:00,2026-05-15 04:55:00+00:00,LONG,80956.0,80713.132,80713.132,81441.736,STOP,-0.0030000000000000027,-0.004400000000000003,-0.5361879609002806,121.32471224370889,32
2026-05-15 05:30:00+00:00,2026-05-15 05:35:00+00:00,2026-05-15 05:55:00+00:00,LONG,80553.6,80311.93920000001,80311.93920000001,81036.9216,STOP,-0.0030000000000000027,-0.004400000000000003,-0.5338287338723194,120.79088350983656,5
2026-05-15 07:00:00+00:00,2026-05-15 07:05:00+00:00,2026-05-15 07:20:00+00:00,SHORT,80626.4,80868.27919999999,80868.27919999999,80142.64159999999,STOP,-0.0029910269192422456,-0.004391026919242246,-0.5303960210907467,120.26048748874581,4
2026-05-15 07:25:00+00:00,2026-05-15 07:30:00+00:00,2026-05-15 08:30:00+00:00,SHORT,80917.5,80431.995,81160.25249999999,80431.995,TARGET,0.006036217303823088,0.004636217303823088,0.5575537530615233,120.81804124180734,13
2026-05-15 09:40:00+00:00,2026-05-15 09:45:00+00:00,2026-05-15 13:00:00+00:00,LONG,80422.8,80181.5316,80181.5316,80905.3368,STOP,-0.0030000000000000027,-0.004400000000000003,-0.5315993814639526,120.28644186034339,40
2026-05-15 13:10:00+00:00,2026-05-15 13:15:00+00:00,2026-05-15 13:30:00+00:00,LONG,80137.7,79897.28689999999,79897.28689999999,80618.5262,STOP,-0.0030000000000001137,-0.004400000000000114,-0.5292603441855246,119.75718151615786,4
2026-05-15 13:35:00+00:00,2026-05-15 13:40:00+00:00,2026-05-15 13:45:00+00:00,LONG,79314.2,79076.2574,79076.2574,79790.0852,STOP,-0.0029999999999998916,-0.004399999999999892,-0.5269315986710816,119.23024991748677,2
2026-05-15 13:50:00+00:00,2026-05-15 13:55:00+00:00,2026-05-15 13:55:00+00:00,LONG,79066.7,78829.4999,78829.4999,79541.1002,STOP,-0.0030000000000000027,-0.004400000000000003,-0.5246130996369421,118.70563681784984,1
2026-05-15 14:00:00+00:00,2026-05-15 14:05:00+00:00,2026-05-15 17:25:00+00:00,LONG,78957.4,79431.14439999999,78720.5278,79431.14439999999,TARGET,0.006000000000000005,0.004600000000000005,0.5460459293621098,119.25168274721194,41
2026-05-15 18:30:00+00:00,2026-05-15 18:35:00+00:00,2026-05-15 21:55:00+00:00,LONG,79231.9,78994.2043,78994.2043,79707.29139999999,STOP,-0.0030000000000000027,-0.004400000000000003,-0.5247074040877329,118.72697534312421,41
2026-05-16 04:30:00+00:00,2026-05-16 04:35:00+00:00,2026-05-16 06:45:00+00:00,LONG,78925.8,78689.0226,78689.0226,79399.3548,STOP,-0.0030000000000001137,-0.004400000000000114,-0.52239869150976,118.20457665161445,27
2026-05-16 06:50:00+00:00,2026-05-16 06:55:00+00:00,2026-05-16 07:10:00+00:00,LONG,78657.7,78421.7269,78421.7269,79129.6462,STOP,-0.0030000000000000027,-0.004400000000000003,-0.5201001372671039,117.68447651434734,4
2026-05-16 07:15:00+00:00,2026-05-16 07:20:00+00:00,2026-05-16 09:15:00+00:00,LONG,78327.2,78092.2184,78092.2184,78797.1632,STOP,-0.0030000000000000027,-0.004400000000000003,-0.5178116966631287,117.16666481768421,24
2026-05-16 10:25:00+00:00,2026-05-16 10:30:00+00:00,2026-05-16 14:25:00+00:00,LONG,77773.7,78002.3,77540.3789,78240.3422,TIME,0.0029392969602834995,0.0015392969602834995,0.18035429100041694,117.34701910868462,48
2026-05-16 14:40:00+00:00,2026-05-16 14:45:00+00:00,2026-05-16 18:40:00+00:00,SHORT,78228.2,78256.6,78462.88459999999,77758.8308,TIME,-0.00036290868757404837,-0.0017629086875740484,-0.20687207944761798,117.140147029237,48
2026-05-17 00:55:00+00:00,2026-05-17 01:00:00+00:00,2026-05-17 01:55:00+00:00,LONG,77955.6,77721.7332,77721.7332,78423.33360000001,STOP,-0.0030000000000000027,-0.004400000000000003,-0.5154166469286431,116.62473038230836,12
2026-05-17 02:55:00+00:00,2026-05-17 03:00:00+00:00,2026-05-17 04:20:00+00:00,SHORT,77896.1,78129.7883,78129.7883,77428.7234,STOP,-0.0029910269192422456,-0.004391026919242246,-0.512102330558085,116.11262805175028,17
2026-05-17 05:05:00+00:00,2026-05-17 05:10:00+00:00,2026-05-17 09:05:00+00:00,SHORT,78281.3,78110.7,78516.1439,77811.6122,TIME,0.0021840797739618445,0.0007840797739618445,0.09104156315693208,116.20366961490721,48
2026-05-17 10:00:00+00:00,2026-05-17 10:05:00+00:00,2026-05-17 10:25:00+00:00,SHORT,78324.1,78559.0723,78559.0723,77854.1554,STOP,-0.0029910269192422456,-0.004391026919242246,-0.5102534413937898,115.69341617351343,5
2026-05-17 14:00:00+00:00,2026-05-17 14:05:00+00:00,2026-05-17 14:15:00+00:00,LONG,78155.9,77921.4323,77921.4323,78624.8354,STOP,-0.0029999999999998916,-0.004399999999999892,-0.5090510311634465,115.18436514234998,3
2026-05-17 18:55:00+00:00,2026-05-17 19:00:00+00:00,2026-05-17 22:55:00+00:00,SHORT,78271.6,77998.6,78506.4148,77801.9704,TIME,0.003500062821640393,0.0021000628216403926,0.24189440286970076,115.42625954521968,48
2026-05-17 23:05:00+00:00,2026-05-17 23:10:00+00:00,2026-05-17 23:40:00+00:00,LONG,77842.5,77608.9725,77608.9725,78309.55500000001,STOP,-0.0030000000000000027,-0.004400000000000003,-0.5078755419989669,114.91838400322071,7
2026-05-17 23:45:00+00:00,2026-05-17 23:50:00+00:00,2026-05-18 00:05:00+00:00,LONG,77259.6,77027.8212,77027.8212,77723.1576,STOP,-0.0030000000000000027,-0.004400000000000003,-0.5056408896141714,114.41274311360654,4
2026-05-18 03:10:00+00:00,2026-05-18 03:15:00+00:00,2026-05-18 06:10:00+00:00,LONG,76880.9,76650.2573,76650.2573,77342.18539999999,STOP,-0.0030000000000000027,-0.004400000000000003,-0.5034160696998691,113.90932704390667,36
2026-05-18 06:35:00+00:00,2026-05-18 06:40:00+00:00,2026-05-18 08:05:00+00:00,LONG,76724.9,77185.2494,76494.72529999999,77185.2494,TARGET,0.006000000000000005,0.004600000000000005,0.5239829044019713,114.43330994830865,18
2026-05-18 08:15:00+00:00,2026-05-18 08:20:00+00:00,2026-05-18 11:40:00+00:00,SHORT,77002.6,77233.6078,77233.6078,76540.5844,STOP,-0.0029910269192421346,-0.004391026919242135,-0.5024797444410021,113.93083020386764,41
2026-05-18 12:00:00+00:00,2026-05-18 12:05:00+00:00,2026-05-18 12:20:00+00:00,SHORT,77284.8,77516.6544,77516.6544,76821.0912,STOP,-0.0029910269192422456,-0.004391026919242246,-0.5002733423568003,113.43055686151084,4
2026-05-18 12:25:00+00:00,2026-05-18 12:30:00+00:00,2026-05-18 12:35:00+00:00,SHORT,77344.4,77576.43319999998,77576.43319999998,76880.3336,STOP,-0.0029910269192421346,-0.004391026919242135,-0.4980766286435197,112.93248023286732,2
2026-05-18 12:45:00+00:00,2026-05-18 12:50:00+00:00,2026-05-18 13:30:00+00:00,SHORT,77678.3,77212.2302,77911.3349,77212.2302,TARGET,0.006036217303822866,0.004636217303822866,0.5235795190192533,113.45605975188657,9
2026-05-18 13:35:00+00:00,2026-05-18 13:40:00+00:00,2026-05-18 13:45:00+00:00,LONG,77014.2,76783.1574,76783.1574,77476.2852,STOP,-0.0030000000000000027,-0.004400000000000003,-0.49920666290830124,112.95685308897826,2
2026-05-18 13:50:00+00:00,2026-05-18 13:55:00+00:00,2026-05-18 14:00:00+00:00,LONG,77031.5,76800.4055,76800.4055,77493.689,STOP,-0.0030000000000001137,-0.004400000000000114,-0.49701015359151723,112.45984293538675,2
2026-05-18 14:05:00+00:00,2026-05-18 14:10:00+00:00,2026-05-18 14:15:00+00:00,LONG,76853.0,76622.441,76622.441,77314.118,STOP,-0.0029999999999998916,-0.004399999999999892,-0.49482330891568954,111.96501962647106,2
2026-05-18 16:10:00+00:00,2026-05-18 16:15:00+00:00,2026-05-18 19:00:00+00:00,SHORT,76530.7,76760.29209999999,76760.29209999999,76071.5158,STOP,-0.0029910269192422456,-0.004391026919242246,-0.49164141519332083,111.47337821127775,34
2026-05-18 22:00:00+00:00,2026-05-18 22:05:00+00:00,2026-05-19 00:20:00+00:00,SHORT,77122.5,77353.8675,77353.8675,76659.765,STOP,-0.0029910269192421346,-0.004391026919242135,-0.48948260450458025,110.98389560677317,28
2026-05-19 00:25:00+00:00,2026-05-19 00:30:00+00:00,2026-05-19 01:25:00+00:00,SHORT,77218.7,76755.3878,77450.35609999999,76755.3878,TARGET,0.006036217303822866,0.004636217303822866,0.5145454572577923,111.49844106403097,12
2026-05-19 01:35:00+00:00,2026-05-19 01:40:00+00:00,2026-05-19 02:00:00+00:00,LONG,76792.3,76561.9231,76561.9231,77253.05380000001,STOP,-0.0030000000000000027,-0.004400000000000003,-0.4905931406817366,111.00784792334923,5
2026-05-19 04:00:00+00:00,2026-05-19 04:05:00+00:00,2026-05-19 06:30:00+00:00,SHORT,76810.2,77040.63059999999,77040.63059999999,76349.3388,STOP,-0.0029910269192421346,-0.004391026919242135,-0.4874384484785636,110.52040947487068,30
2026-05-19 07:10:00+00:00,2026-05-19 07:15:00+00:00,2026-05-19 11:10:00+00:00,SHORT,77158.6,76992.4,77390.07579999999,76695.6484,TIME,0.0021586546204561685,0.0007586546204561685,0.08384681930281834,110.6042562941735,48
2026-05-19 13:25:00+00:00,2026-05-19 13:30:00+00:00,2026-05-19 14:20:00+00:00,LONG,76600.1,76370.2997,76370.2997,77059.70060000001,STOP,-0.0030000000000000027,-0.004400000000000003,-0.4866587276943637,110.11759756647913,11
2026-05-19 17:25:00+00:00,2026-05-19 17:30:00+00:00,2026-05-19 21:25:00+00:00,SHORT,76877.1,77003.2,77107.7313,76415.8374,TIME,-0.0016375942817959954,-0.0030375942817959956,-0.33449258469304965,109.78310498178608,48
2026-05-19 22:00:00+00:00,2026-05-19 22:05:00+00:00,2026-05-20 00:10:00+00:00,LONG,76833.8,76603.29860000001,76603.29860000001,77294.8028,STOP,-0.0029999999999998916,-0.004399999999999892,-0.4830456619198469,109.30005931986624,26
2026-05-20 00:15:00+00:00,2026-05-20 00:20:00+00:00,2026-05-20 04:15:00+00:00,LONG,76581.3,76814.6,76351.5561,77040.7878,TIME,0.0030464356180948116,0.0016464356180948116,0.17995551072410354,109.48001483059033,48
2026-05-20 05:05:00+00:00,2026-05-20 05:10:00+00:00,2026-05-20 05:10:00+00:00,SHORT,77032.9,77263.99869999998,77263.99869999998,76570.70259999999,STOP,-0.0029910269192421346,-0.004391026919242135,-0.48072969224015033,108.99928513835019,1
2026-05-20 05:40:00+00:00,2026-05-20 05:45:00+00:00,2026-05-20 06:45:00+00:00,SHORT,77136.8,77368.2104,77368.2104,76673.9792,STOP,-0.0029910269192421346,-0.004391026919242135,-0.4786187952206448,108.52066634312955,13
2026-05-20 07:05:00+00:00,2026-05-20 07:10:00+00:00,2026-05-20 08:40:00+00:00,SHORT,77388.5,77620.66549999999,77620.66549999999,76924.169,STOP,-0.0029910269192421346,-0.004391026919242135,-0.4765171672067758,108.04414917592277,19
2026-05-20 08:50:00+00:00,2026-05-20 08:55:00+00:00,2026-05-20 12:50:00+00:00,SHORT,77492.0,77612.7,77724.476,77027.048,TIME,-0.0015551578543201439,-0.002955157854320144,-0.3192875160505655,107.7248616598722,48
2026-05-20 12:55:00+00:00,2026-05-20 13:00:00+00:00,2026-05-20 13:35:00+00:00,SHORT,77621.2,77155.4728,77854.0636,77155.4728,TARGET,0.006036217303822866,0.004636217303822866,0.49943586767942394,108.22429752755163,8
2026-05-20 13:40:00+00:00,2026-05-20 13:45:00+00:00,2026-05-20 14:15:00+00:00,LONG,77090.7,77553.2442,76859.4279,77553.2442,TARGET,0.006000000000000005,0.004600000000000005,0.49783176862673806,108.72212929617837,7
2026-05-20 15:15:00+00:00,2026-05-20 15:20:00+00:00,2026-05-20 16:25:00+00:00,SHORT,77623.3,77157.5602,77856.1699,77157.5602,TARGET,0.006036217303822866,0.004636217303822866,0.5040594171514091,109.22618871332978,14
2026-05-20 20:00:00+00:00,2026-05-20 20:05:00+00:00,2026-05-21 00:00:00+00:00,SHORT,77632.0,77642.7,77864.896,77166.208,TIME,-0.00013781076649832524,-0.0015378107664983252,-0.16796920898693637,109.05821950434284,48
2026-05-21 00:45:00+00:00,2026-05-21 00:50:00+00:00,2026-05-21 04:45:00+00:00,SHORT,77950.5,78003.1,78184.35149999999,77482.797,TIME,-0.0006743321739777208,-0.002074332173977721,-0.22622297355458298,108.83199653078826,48
2026-05-21 05:45:00+00:00,2026-05-21 05:50:00+00:00,2026-05-21 06:45:00+00:00,LONG,77767.7,77534.39689999999,77534.39689999999,78234.30619999999,STOP,-0.0030000000000001137,-0.004400000000000114,-0.4788607847354807,108.35313574605279,12
2026-05-21 07:15:00+00:00,2026-05-21 07:20:00+00:00,2026-05-21 08:00:00+00:00,LONG,77545.0,78010.27,77312.365,78010.27,TARGET,0.006000000000000005,0.004600000000000005,0.49842442443184337,108.85156017048463,9
2026-05-21 08:05:00+00:00,2026-05-21 08:10:00+00:00,2026-05-21 09:50:00+00:00,SHORT,78120.1,77651.3794,78354.46029999999,77651.3794,TARGET,0.006036217303822866,0.004636217303822866,0.5046594868105168,109.35621965729514,21
2026-05-21 10:25:00+00:00,2026-05-21 10:30:00+00:00,2026-05-21 11:00:00+00:00,LONG,77386.6,77154.44020000001,77154.44020000001,77850.91960000001,STOP,-0.0029999999999998916,-0.004399999999999892,-0.4811673664920868,108.87505229080305,7
2026-05-21 12:20:00+00:00,2026-05-21 12:25:00+00:00,2026-05-21 13:35:00+00:00,LONG,77137.9,76906.48629999999,76906.48629999999,77600.72739999999,STOP,-0.0030000000000001137,-0.004400000000000114,-0.47905023007954584,108.3960020607235,15
2026-05-21 13:40:00+00:00,2026-05-21 13:45:00+00:00,2026-05-21 14:00:00+00:00,LONG,76765.9,77226.4954,76535.6023,77226.4954,TARGET,0.006000000000000005,0.004600000000000005,0.49862160947932865,108.89462367020283,4
2026-05-21 17:10:00+00:00,2026-05-21 17:15:00+00:00,2026-05-21 17:15:00+00:00,SHORT,77526.9,77759.48069999999,77759.48069999999,77061.7386,STOP,-0.0029910269192421346,-0.004391026919242135,-0.47815922389660237,108.41646444630624,1
2026-05-21 17:20:00+00:00,2026-05-21 17:25:00+00:00,2026-05-21 18:50:00+00:00,SHORT,77871.0,77403.774,78104.613,77403.774,TARGET,0.006036217303822866,0.004636217303822866,0.5026422884852615,108.9191067347915,18
2026-05-21 19:50:00+00:00,2026-05-21 19:55:00+00:00,2026-05-21 23:50:00+00:00,SHORT,77701.3,77685.2,77934.40389999999,77235.0922,TIME,0.00020724668276583813,-0.0011927533172341619,-0.1299136258681043,108.7891931089234,48
2026-05-22 01:45:00+00:00,2026-05-22 01:50:00+00:00,2026-05-22 04:05:00+00:00,SHORT,77626.5,77859.3795,77859.3795,77160.741,STOP,-0.0029910269192422456,-0.004391026919242246,-0.4776962754639257,108.31149683345947,28
2026-05-22 05:00:00+00:00,2026-05-22 05:05:00+00:00,2026-05-22 06:30:00+00:00,LONG,77649.4,77416.4518,77416.4518,78115.29639999999,STOP,-0.0030000000000000027,-0.004400000000000003,-0.47657058606722197,107.83492624739225,18
2026-05-22 07:00:00+00:00,2026-05-22 07:05:00+00:00,2026-05-22 11:00:00+00:00,LONG,77350.5,77337.0,77118.4485,77814.603,TIME,-0.00017453022281688213,-0.0015745302228168821,-0.16978935045174856,107.6651368969405,48
2026-05-22 13:30:00+00:00,2026-05-22 13:35:00+00:00,2026-05-22 14:05:00+00:00,LONG,77204.4,76972.78679999999,76972.78679999999,77667.6264,STOP,-0.0030000000000001137,-0.004400000000000114,-0.47372660234655045,107.19141029459395,7
2026-05-22 14:20:00+00:00,2026-05-22 14:25:00+00:00,2026-05-22 15:25:00+00:00,LONG,76818.6,76588.14420000001,76588.14420000001,77279.51160000001,STOP,-0.0030000000000000027,-0.004400000000000003,-0.4716422052962137,106.71976808929773,13
2026-05-22 18:00:00+00:00,2026-05-22 18:05:00+00:00,2026-05-22 18:45:00+00:00,LONG,76735.5,76505.2935,76505.2935,77195.913,STOP,-0.0030000000000000027,-0.004400000000000003,-0.4695669795929103,106.25020110970482,9
2026-05-22 19:30:00+00:00,2026-05-22 19:35:00+00:00,2026-05-22 22:40:00+00:00,LONG,75863.3,75635.7101,75635.7101,76318.4798,STOP,-0.0030000000000001137,-0.004400000000000114,-0.4675008848827133,105.78270022482211,38
2026-05-22 23:45:00+00:00,2026-05-22 23:50:00+00:00,2026-05-23 00:35:00+00:00,LONG,75495.3,75268.8141,75268.8141,75948.2718,STOP,-0.0030000000000000027,-0.004400000000000003,-0.4654438809892176,105.3172563438329,10
2026-05-23 00:40:00+00:00,2026-05-23 00:45:00+00:00,2026-05-23 04:40:00+00:00,LONG,75289.2,75511.5,75063.3324,75740.93519999999,TIME,0.0029526147176488493,0.0015526147176488493,0.1635171222218316,105.48077346605473,48
2026-05-23 05:30:00+00:00,2026-05-23 05:35:00+00:00,2026-05-23 07:25:00+00:00,LONG,75474.0,75247.578,75247.578,75926.844,STOP,-0.0030000000000001137,-0.004400000000000114,-0.4641154032506528,105.01665806280407,23
2026-05-23 07:30:00+00:00,2026-05-23 07:35:00+00:00,2026-05-23 07:45:00+00:00,LONG,75281.7,75055.85489999999,75055.85489999999,75733.3902,STOP,-0.0030000000000001137,-0.004400000000000114,-0.46207329547634984,104.55458476732773,3
2026-05-23 07:50:00+00:00,2026-05-23 07:55:00+00:00,2026-05-23 11:50:00+00:00,LONG,74531.3,74808.3,74307.7061,74978.4878,TIME,0.0037165593515744444,0.002316559351574444,0.242206901092736,104.79679166842047,48
2026-05-23 13:00:00+00:00,2026-05-23 13:05:00+00:00,2026-05-23 13:50:00+00:00,SHORT,74949.0,75173.847,75173.847,74499.306,STOP,-0.0029910269192422456,-0.004391026919242246,-0.46016553326625576,104.33662613515422,10
2026-05-23 13:55:00+00:00,2026-05-23 14:00:00+00:00,2026-05-23 14:35:00+00:00,SHORT,75221.2,75446.86359999998,75446.86359999998,74769.8728,STOP,-0.0029910269192421346,-0.004391026919242135,-0.4581449340223646,103.87848120113185,8
2026-05-23 14:55:00+00:00,2026-05-23 15:00:00+00:00,2026-05-23 18:10:00+00:00,SHORT,75538.9,75765.5167,75765.5167,75085.6666,STOP,-0.0029910269192422456,-0.004391026919242246,-0.4561332072841695,103.42234799384768,39
2026-05-23 18:15:00+00:00,2026-05-23 18:20:00+00:00,2026-05-23 20:10:00+00:00,SHORT,75805.0,76032.415,76032.415,75350.17,STOP,-0.0029910269192421346,-0.004391026919242135,-0.45413031409221294,102.96821767975547,23
2026-05-23 20:30:00+00:00,2026-05-23 20:35:00+00:00,2026-05-23 20:35:00+00:00,SHORT,76290.7,76519.57209999999,76519.57209999999,75832.9558,STOP,-0.0029910269192421346,-0.004391026919242135,-0.4521362156581902,102.51608146409728,1
2026-05-23 20:40:00+00:00,2026-05-23 20:45:00+00:00,2026-05-23 20:55:00+00:00,SHORT,76842.8,77073.3284,77073.3284,76381.7432,STOP,-0.0029910269192422456,-0.004391026919242246,-0.4501508733640822,102.0659305907332,3
2026-05-23 21:00:00+00:00,2026-05-23 21:05:00+00:00,2026-05-23 21:30:00+00:00,SHORT,77022.0,76559.868,77253.06599999999,76559.868,TARGET,0.006036217303822866,0.004636217303822866,0.47319983353554085,102.53913042426875,6
2026-05-24 02:20:00+00:00,2026-05-24 02:25:00+00:00,2026-05-24 06:20:00+00:00,LONG,76743.0,76752.7,76512.771,77203.458,TIME,0.00012639589278506946,-0.0012736041072149305,-0.1305942576585961,102.40853616661015,48
2026-05-24 06:50:00+00:00,2026-05-24 06:55:00+00:00,2026-05-24 10:25:00+00:00,SHORT,77009.1,77240.1273,77240.1273,76547.0454,STOP,-0.0029910269192421346,-0.004391026919242135,-0.4496786390677669,101.95885752754238,43
2026-05-24 10:30:00+00:00,2026-05-24 10:35:00+00:00,2026-05-24 13:55:00+00:00,SHORT,77220.4,76757.07759999999,77452.06119999998,76757.07759999999,TARGET,0.006036217303823088,0.004636217303823088,0.4727034195472249,102.43156094708961,41
2026-05-24 14:10:00+00:00,2026-05-24 14:15:00+00:00,2026-05-24 14:15:00+00:00,LONG,76514.1,76284.5577,76284.5577,76973.18460000001,STOP,-0.0030000000000000027,-0.004400000000000003,-0.45069886816719457,101.98086207892241,1
2026-05-24 14:20:00+00:00,2026-05-24 14:25:00+00:00,2026-05-24 18:20:00+00:00,LONG,76492.9,76709.7,76263.42129999999,76951.8574,TIME,0.0028342499761415674,0.0014342499761415674,0.14626604900359094,102.127128127926,48
2026-05-24 21:25:00+00:00,2026-05-24 21:30:00+00:00,2026-05-24 21:35:00+00:00,LONG,76524.3,76294.7271,76294.7271,76983.4458,STOP,-0.0030000000000000027,-0.004400000000000003,-0.44935936376287466,101.67776876416312,2
2026-05-24 21:55:00+00:00,2026-05-24 22:00:00+00:00,2026-05-24 22:00:00+00:00,LONG,76147.3,76604.1838,75918.8581,76604.1838,TARGET,0.006000000000000005,0.004600000000000005,0.46771773631515084,102.14548650047827,1
2026-05-24 22:05:00+00:00,2026-05-24 22:10:00+00:00,2026-05-24 23:35:00+00:00,SHORT,76893.3,77123.97989999999,77123.97989999999,76431.9402,STOP,-0.0029910269192421346,-0.004391026919242135,-0.4485235809026842,101.69696291957558,18
2026-05-24 23:40:00+00:00,2026-05-24 23:45:00+00:00,2026-05-25 02:05:00+00:00,SHORT,77200.0,77431.59999999999,77431.59999999999,76736.8,STOP,-0.0029910269192421346,-0.004391026919242135,-0.4465541017850256,101.25040881779056,29
2026-05-25 03:05:00+00:00,2026-05-25 03:10:00+00:00,2026-05-25 06:05:00+00:00,LONG,77090.6,77553.14360000001,76859.3282,77553.14360000001,TARGET,0.006000000000000005,0.004600000000000005,0.4657518805618371,101.7161606983524,36
2026-05-25 09:30:00+00:00,2026-05-25 09:35:00+00:00,2026-05-25 13:30:00+00:00,SHORT,77623.6,77328.9,77856.4708,77157.85840000001,TIME,0.0038109943371755772,0.002410994337175577,0.24523708744296863,101.96139778579537,48
2026-05-25 14:15:00+00:00,2026-05-25 14:20:00+00:00,2026-05-25 15:10:00+00:00,SHORT,77562.3,77794.98689999999,77794.98689999999,77096.9262,STOP,-0.0029910269192421346,-0.004391026919242135,-0.44771524240098287,101.51368254339438,11
2026-05-25 17:00:00+00:00,2026-05-25 17:05:00+00:00,2026-05-25 20:35:00+00:00,SHORT,77768.6,77301.9884,78001.9058,77301.9884,TARGET,0.006036217303823088,0.004636217303823088,0.47063949158248874,101.98432203497687,43
2026-05-25 22:30:00+00:00,2026-05-25 22:35:00+00:00,2026-05-26 00:40:00+00:00,LONG,77142.2,76910.77339999999,76910.77339999999,77605.0532,STOP,-0.0030000000000001137,-0.004400000000000114,-0.4487310169539098,101.53559101802296,26
2026-05-26 00:45:00+00:00,2026-05-26 00:50:00+00:00,2026-05-26 00:50:00+00:00,LONG,76888.2,76657.5354,76657.5354,77349.5292,STOP,-0.0030000000000000027,-0.004400000000000003,-0.44675660047930127,101.08883441754365,1
2026-05-26 00:55:00+00:00,2026-05-26 01:00:00+00:00,2026-05-26 02:45:00+00:00,LONG,76789.0,76558.633,76558.633,77249.734,STOP,-0.0030000000000000027,-0.004400000000000003,-0.44479087143719237,100.64404354610646,22
2026-05-26 05:20:00+00:00,2026-05-26 05:25:00+00:00,2026-05-26 09:20:00+00:00,SHORT,76869.8,76665.5,77100.40939999999,76408.5812,TIME,0.0026648231603525474,0.0012648231603525474,0.12729691722864578,100.77134046333511,48
2026-05-26 10:25:00+00:00,2026-05-26 10:30:00+00:00,2026-05-26 10:35:00+00:00,SHORT,77235.9,77467.60769999998,77467.60769999998,76772.4846,STOP,-0.0029910269192420236,-0.004391026919242024,-0.44248966866260747,100.3288507946725,2
2026-05-26 10:40:00+00:00,2026-05-26 10:45:00+00:00,2026-05-26 12:05:00+00:00,SHORT,77513.6,77048.5184,77746.1408,77048.5184,TARGET,0.006036217303823088,0.004636217303823088,0.46514635412694544,100.79399714879945,17
2026-05-26 13:30:00+00:00,2026-05-26 13:35:00+00:00,2026-05-26 13:45:00+00:00,LONG,76807.0,77267.842,76576.579,77267.842,TARGET,0.006000000000000005,0.004600000000000005,0.46365238688447796,101.25764953568392,3
2026-05-26 14:15:00+00:00,2026-05-26 14:20:00+00:00,2026-05-26 14:20:00+00:00,SHORT,77531.7,77764.29509999999,77764.29509999999,77066.5098,STOP,-0.0029910269192421346,-0.004391026919242135,-0.44462506489037396,100.81302447079355,1
2026-05-26 14:25:00+00:00,2026-05-26 14:30:00+00:00,2026-05-26 14:35:00+00:00,SHORT,77957.0,77489.258,78190.87099999998,77489.258,TARGET,0.006036217303822866,0.004636217303822866,0.46739108850221106,101.28041555929576,2
2026-05-26 15:30:00+00:00,2026-05-26 15:35:00+00:00,2026-05-26 16:10:00+00:00,LONG,76439.4,76210.0818,76210.0818,76898.0364,STOP,-0.0029999999999998916,-0.004399999999999892,-0.4456338284608904,100.83478173083488,8
2026-05-26 17:20:00+00:00,2026-05-26 17:25:00+00:00,2026-05-26 17:30:00+00:00,LONG,76178.7,75950.1639,75950.1639,76635.77219999999,STOP,-0.0030000000000000027,-0.004400000000000003,-0.4436730396156737,100.3911086912192,2
2026-05-26 21:10:00+00:00,2026-05-26 21:15:00+00:00,2026-05-27 01:10:00+00:00,LONG,75891.9,76078.1,75664.22429999999,76347.2514,TIME,0.00245348976636528,0.00105348976636528,0.10576100564026394,100.49686969685946,48
2026-05-27 03:15:00+00:00,2026-05-27 03:20:00+00:00,2026-05-27 04:30:00+00:00,SHORT,75874.0,75418.756,76101.62199999999,75418.756,TARGET,0.006036217303823088,0.004636217303823088,0.465925326268634,100.9627950231281,15
2026-05-27 06:05:00+00:00,2026-05-27 06:10:00+00:00,2026-05-27 08:25:00+00:00,SHORT,75789.4,76016.76819999999,76016.76819999999,75334.6636,STOP,-0.0029910269192422456,-0.004391026919242246,-0.44333035078849253,100.51946467233961,28
2026-05-27 12:05:00+00:00,2026-05-27 12:10:00+00:00,2026-05-27 12:20:00+00:00,LONG,75687.2,76141.3232,75460.1384,76141.3232,TARGET,0.006000000000000005,0.004600000000000005,0.46238953749276274,100.98185420983238,3
2026-05-27 13:05:00+00:00,2026-05-27 13:10:00+00:00,2026-05-27 13:25:00+00:00,LONG,75509.0,75282.473,75282.473,75962.054,STOP,-0.0030000000000000027,-0.004400000000000003,-0.44432015852326273,100.53753405130911,4
2026-05-27 13:30:00+00:00,2026-05-27 13:35:00+00:00,2026-05-27 13:35:00+00:00,LONG,75260.3,75034.5191,75034.5191,75711.8618,STOP,-0.0030000000000000027,-0.004400000000000003,-0.44236514982576036,100.09516890148335,1
2026-05-27 13:40:00+00:00,2026-05-27 13:45:00+00:00,2026-05-27 15:20:00+00:00,LONG,74936.1,75385.7166,74711.2917,75385.7166,TARGET,0.006000000000000005,0.004600000000000005,0.4604377769468239,100.55560667843017,20
2026-05-27 17:55:00+00:00,2026-05-27 18:00:00+00:00,2026-05-27 20:15:00+00:00,LONG,74869.4,75318.6164,74644.79179999999,75318.6164,TARGET,0.006000000000000005,0.004600000000000005,0.4625557907207793,101.01816246915095,28
2026-05-27 21:30:00+00:00,2026-05-27 21:35:00+00:00,2026-05-27 21:40:00+00:00,LONG,74953.5,74728.6395,74728.6395,75403.221,STOP,-0.0029999999999998916,-0.004399999999999892,-0.44447991486425326,100.57368255428669,2
2026-05-27 21:45:00+00:00,2026-05-27 21:50:00+00:00,2026-05-27 23:25:00+00:00,LONG,74495.1,74271.6147,74271.6147,74942.0706,STOP,-0.0030000000000000027,-0.004400000000000003,-0.4425242032388617,100.13115835104783,20
2026-05-28 01:15:00+00:00,2026-05-28 01:20:00+00:00,2026-05-28 02:35:00+00:00,LONG,74348.9,74125.85329999999,74125.85329999999,74794.99339999999,STOP,-0.0030000000000001137,-0.004400000000000114,-0.44057709674462187,99.69058125430321,16
2026-05-28 03:10:00+00:00,2026-05-28 03:15:00+00:00,2026-05-28 03:15:00+00:00,LONG,74209.9,73987.27029999999,73987.27029999999,74655.15939999999,STOP,-0.0030000000000001137,-0.004400000000000114,-0.4386385575189455,99.25194269678427,1
2026-05-28 03:20:00+00:00,2026-05-28 03:25:00+00:00,2026-05-28 03:30:00+00:00,LONG,73944.5,73722.6665,73722.6665,74388.167,STOP,-0.0029999999999998916,-0.004399999999999892,-0.43670854786584007,98.81523414891844,2
2026-05-28 03:35:00+00:00,2026-05-28 03:40:00+00:00,2026-05-28 03:50:00+00:00,LONG,73478.3,73257.8651,73257.8651,73919.1698,STOP,-0.0030000000000001137,-0.004400000000000114,-0.4347870302552524,98.38044711866318,3
2026-05-28 03:55:00+00:00,2026-05-28 04:00:00+00:00,2026-05-28 04:00:00+00:00,LONG,73266.3,73046.50110000001,73046.50110000001,73705.8978,STOP,-0.0029999999999998916,-0.004399999999999892,-0.43287396732210737,97.94757315134108,1
2026-05-28 04:25:00+00:00,2026-05-28 04:30:00+00:00,2026-05-28 06:35:00+00:00,LONG,73009.2,72790.1724,72790.1724,73447.2552,STOP,-0.0030000000000000027,-0.004400000000000003,-0.43096932186590103,97.51660382947517,26
2026-05-28 07:15:00+00:00,2026-05-28 07:20:00+00:00,2026-05-28 07:40:00+00:00,SHORT,73290.4,73510.27119999999,73510.27119999999,72850.65759999999,STOP,-0.0029910269192422456,-0.004391026919242246,-0.42819803248830696,97.08840579698686,5
2026-05-28 07:45:00+00:00,2026-05-28 07:50:00+00:00,2026-05-28 11:45:00+00:00,SHORT,73435.4,73477.1,73655.70619999999,72994.7876,TIME,-0.0005675237591032944,-0.0019675237591032946,-0.1910237451390337,96.89738205184783,48
2026-05-28 12:20:00+00:00,2026-05-28 12:25:00+00:00,2026-05-28 13:25:00+00:00,LONG,73268.5,73048.6945,73048.6945,73708.111,STOP,-0.0030000000000000027,-0.004400000000000003,-0.4263484810281307,96.4710335708197,13
2026-05-28 13:30:00+00:00,2026-05-28 13:35:00+00:00,2026-05-28 14:05:00+00:00,LONG,72957.7,72738.8269,72738.8269,73395.44619999999,STOP,-0.0030000000000000027,-0.004400000000000003,-0.424472547711607,96.0465610231081,7
2026-05-28 14:15:00+00:00,2026-05-28 14:20:00+00:00,2026-05-28 14:20:00+00:00,SHORT,73482.7,73041.8038,73703.14809999999,73041.8038,TARGET,0.006036217303823088,0.004636217303823088,0.4452927281880339,96.49185375129613,1
2026-05-28 16:10:00+00:00,2026-05-28 16:15:00+00:00,2026-05-28 16:40:00+00:00,SHORT,73109.2,73328.52759999999,73328.52759999999,72670.5448,STOP,-0.0029910269192421346,-0.004391026919242135,-0.4236983273095165,96.06815542398661,6
2026-05-28 17:45:00+00:00,2026-05-28 17:50:00+00:00,2026-05-28 21:40:00+00:00,SHORT,73647.9,73868.84369999998,73868.84369999998,73206.01259999999,STOP,-0.0029910269192421346,-0.004391026919242135,-0.4218378565486625,95.64631756743795,47
2026-05-28 22:00:00+00:00,2026-05-28 22:05:00+00:00,2026-05-29 02:00:00+00:00,SHORT,73768.7,73601.1,73990.00609999998,73326.0878,TIME,0.002277139879702794,0.0008771398797027942,0.08389519948511777,95.73021276692306,48
2026-05-29 02:25:00+00:00,2026-05-29 02:30:00+00:00,2026-05-29 06:20:00+00:00,LONG,73387.5,73827.825,73167.3375,73827.825,TARGET,0.006000000000000005,0.004600000000000005,0.4403589787278466,96.1705717456509,47
2026-05-29 07:30:00+00:00,2026-05-29 07:35:00+00:00,2026-05-29 11:30:00+00:00,LONG,73537.9,73587.9,73317.28629999999,73979.1274,TIME,0.000679921509860959,-0.000720078490139041,-0.06925036009841662,96.10132138555248,48
2026-05-29 11:50:00+00:00,2026-05-29 11:55:00+00:00,2026-05-29 12:45:00+00:00,LONG,73424.8,73204.52560000001,73204.52560000001,73865.3488,STOP,-0.0029999999999998916,-0.004399999999999892,-0.4228458140964205,95.67847557145606,11
2026-05-29 13:05:00+00:00,2026-05-29 13:10:00+00:00,2026-05-29 13:25:00+00:00,LONG,73215.0,72995.355,72995.355,73654.29,STOP,-0.0030000000000000027,-0.004400000000000003,-0.420985292514407,95.25749027894166,4
2026-05-29 13:30:00+00:00,2026-05-29 13:35:00+00:00,2026-05-29 14:20:00+00:00,LONG,72922.7,72703.9319,72703.9319,73360.2362,STOP,-0.0030000000000000027,-0.004400000000000003,-0.41913295722734356,94.83835732171431,10
2026-05-29 14:25:00+00:00,2026-05-29 14:30:00+00:00,2026-05-29 14:55:00+00:00,LONG,72727.0,73163.362,72508.819,73163.362,TARGET,0.006000000000000005,0.004600000000000005,0.4362564436798863,95.2746137653942,6
2026-05-29 15:05:00+00:00,2026-05-29 15:10:00+00:00,2026-05-29 15:30:00+00:00,SHORT,73661.0,73881.983,73881.983,73219.034,STOP,-0.0029910269192421346,-0.004391026919242135,-0.41835339376424313,94.85626037162994,5
2026-05-29 15:40:00+00:00,2026-05-29 15:45:00+00:00,2026-05-29 16:30:00+00:00,SHORT,73816.2,74037.64859999999,74037.64859999999,73373.30279999999,STOP,-0.0029910269192421346,-0.004391026919242135,-0.41651639275046803,94.43974397887948,10
2026-05-29 16:50:00+00:00,2026-05-29 16:55:00+00:00,2026-05-29 17:10:00+00:00,SHORT,74054.7,74276.86409999999,74276.86409999999,73610.3718,STOP,-0.0029910269192422456,-0.004391026919242246,-0.4146874580576056,94.02505652082188,4
2026-05-29 17:15:00+00:00,2026-05-29 17:20:00+00:00,2026-05-29 18:25:00+00:00,SHORT,74215.4,73770.10759999999,74438.04619999998,73770.10759999999,TARGET,0.006036217303823088,0.004636217303823088,0.4359205940347783,94.46097711485666,14
2026-05-29 18:50:00+00:00,2026-05-29 18:55:00+00:00,2026-05-29 21:10:00+00:00,LONG,73337.8,73777.82680000001,73117.7866,73777.82680000001,TARGET,0.006000000000000005,0.004600000000000005,0.43452049472834114,94.89549760958501,28
2026-05-29 22:05:00+00:00,2026-05-29 22:10:00+00:00,2026-05-30 02:05:00+00:00,LONG,73409.6,73685.7,73189.37120000001,73850.0576,TIME,0.0037610884679930567,0.0023610884679930565,0.22405666507045383,95.11955427465546,48
2026-05-30 03:40:00+00:00,2026-05-30 03:45:00+00:00,2026-05-30 04:25:00+00:00,LONG,73525.5,73304.9235,73304.9235,73966.653,STOP,-0.0029999999999998916,-0.004399999999999892,-0.4185260388084737,94.70102823584698,9
2026-05-30 04:35:00+00:00,2026-05-30 04:40:00+00:00,2026-05-30 06:35:00+00:00,LONG,73258.5,73698.051,73038.7245,73698.051,TARGET,0.006000000000000005,0.004600000000000005,0.4356247298848966,95.13665296573187,24
2026-05-30 07:35:00+00:00,2026-05-30 07:40:00+00:00,2026-05-30 11:35:00+00:00,LONG,73491.9,73619.5,73271.4243,73932.8514,TIME,0.0017362457631386885,0.0003362457631386885,0.03198929647892309,95.1686422622108,48
2026-05-30 13:55:00+00:00,2026-05-30 14:00:00+00:00,2026-05-30 14:25:00+00:00,SHORT,73838.0,74059.514,74059.514,73394.972,STOP,-0.0029910269192422456,-0.004391026919242246,-0.41788807004110284,94.7507541921697,6
2026-05-30 14:30:00+00:00,2026-05-30 14:35:00+00:00,2026-05-30 18:30:00+00:00,SHORT,74064.8,74033.5,74286.9944,73620.4112,TIME,0.0004227815786097544,-0.0009772184213902456,-0.09259218243720727,94.6581620097325,48
2026-05-31 01:00:00+00:00,2026-05-31 01:05:00+00:00,2026-05-31 05:00:00+00:00,SHORT,74118.1,74180.9,74340.4543,73673.39140000001,TIME,-0.0008465791059422134,-0.0022465791059422136,-0.21265704897795804,94.44550496075453,48
2026-05-31 06:00:00+00:00,2026-05-31 06:05:00+00:00,2026-05-31 10:00:00+00:00,LONG,74007.5,73846.2,73785.4775,74451.545,TIME,-0.0021795088335642143,-0.0035795088335642145,-0.3380685192974537,94.10743644145708,48
2026-05-31 10:20:00+00:00,2026-05-31 10:25:00+00:00,2026-05-31 14:15:00+00:00,LONG,73767.3,73545.9981,73545.9981,74209.9038,STOP,-0.0030000000000001137,-0.004400000000000114,-0.4140727203424219,93.69336372111466,47
2026-05-31 16:30:00+00:00,2026-05-31 16:35:00+00:00,2026-05-31 20:30:00+00:00,LONG,73435.7,73674.1,73215.39289999999,73876.3142,TIME,0.003246377443123727,0.001846377443123727,0.17299331334505305,93.86635703445972,48
2026-05-31 23:00:00+00:00,2026-05-31 23:05:00+00:00,2026-05-31 23:30:00+00:00,SHORT,74067.2,73622.7968,74289.40159999998,73622.7968,TARGET,0.006036217303822866,0.004636217303822866,0.4351848287299774,94.3015418631897,6
2026-05-31 23:35:00+00:00,2026-05-31 23:40:00+00:00,2026-06-01 00:30:00+00:00,LONG,73563.5,74004.881,73342.8095,74004.881,TARGET,0.006000000000000005,0.004600000000000005,0.4337870925706731,94.73532895576037,11
2026-06-01 00:55:00+00:00,2026-06-01 01:00:00+00:00,2026-06-01 01:50:00+00:00,SHORT,73882.8,73439.5032,74104.4484,73439.5032,TARGET,0.006036217303822866,0.004636217303822866,0.4392135713880476,95.17454252714842,11
2026-06-01 02:40:00+00:00,2026-06-01 02:45:00+00:00,2026-06-01 03:00:00+00:00,SHORT,73783.1,74004.4493,74004.4493,73340.4014,STOP,-0.0029910269192421346,-0.004391026919242135,-0.41791397826326404,94.75662854888516,4
2026-06-01 03:30:00+00:00,2026-06-01 03:35:00+00:00,2026-06-01 04:15:00+00:00,SHORT,73946.3,73502.6222,74168.13889999999,73502.6222,TARGET,0.006036217303823088,0.004636217303823088,0.4393123209302782,95.19594086981544,9
2026-06-01 06:20:00+00:00,2026-06-01 06:25:00+00:00,2026-06-01 06:40:00+00:00,LONG,73242.7,73022.9719,73022.9719,73682.1562,STOP,-0.0029999999999998916,-0.004399999999999892,-0.4188621398271777,94.77707872998826,4
2026-06-01 06:45:00+00:00,2026-06-01 06:50:00+00:00,2026-06-01 07:20:00+00:00,LONG,73183.4,72963.8498,72963.8498,73622.50039999999,STOP,-0.0030000000000000027,-0.004400000000000003,-0.41701914641194865,94.36005958357632,7
2026-06-01 07:30:00+00:00,2026-06-01 07:35:00+00:00,2026-06-01 08:25:00+00:00,LONG,72906.8,72688.0796,72688.0796,73344.2408,STOP,-0.0030000000000001137,-0.004400000000000114,-0.4151842621677465,93.94487532140857,11
2026-06-01 08:40:00+00:00,2026-06-01 08:45:00+00:00,2026-06-01 11:55:00+00:00,LONG,72761.9,72543.6143,72543.6143,73198.4714,STOP,-0.0029999999999998916,-0.004399999999999892,-0.41335745141418756,93.53151786999439,39
2026-06-01 12:00:00+00:00,2026-06-01 12:05:00+00:00,2026-06-01 12:05:00+00:00,LONG,72323.6,72106.62920000001,72106.62920000001,72757.54160000001,STOP,-0.0029999999999998916,-0.004399999999999892,-0.41153867862796517,93.11997919136643,1
2026-06-01 12:10:00+00:00,2026-06-01 12:15:00+00:00,2026-06-01 13:10:00+00:00,LONG,72061.2,71845.0164,71845.0164,72493.56719999999,STOP,-0.0030000000000000027,-0.004400000000000003,-0.40972790844201257,92.71025128292442,12
2026-06-01 13:55:00+00:00,2026-06-01 14:00:00+00:00,2026-06-01 14:25:00+00:00,LONG,71712.1,71496.96370000001,71496.96370000001,72142.3726,STOP,-0.0030000000000000027,-0.004400000000000003,-0.4079251056448677,92.30232617727955,6
2026-06-01 15:15:00+00:00,2026-06-01 15:20:00+00:00,2026-06-01 16:05:00+00:00,LONG,71261.4,71047.6158,71047.6158,71688.9684,STOP,-0.0029999999999998916,-0.004399999999999892,-0.40613023518002006,91.89619594209954,10
2026-06-01 16:10:00+00:00,2026-06-01 16:15:00+00:00,2026-06-01 16:40:00+00:00,LONG,70888.7,71314.0322,70676.0339,71314.0322,TARGET,0.006000000000000005,0.004600000000000005,0.42272250133365835,92.31891844343319,6
2026-06-01 20:55:00+00:00,2026-06-01 21:00:00+00:00,2026-06-01 21:05:00+00:00,LONG,71448.7,71234.3539,71234.3539,71877.3922,STOP,-0.0029999999999998916,-0.004399999999999892,-0.4062032411510961,91.9127152022821,2
2026-06-01 21:10:00+00:00,2026-06-01 21:15:00+00:00,2026-06-01 21:40:00+00:00,LONG,71226.9,71013.2193,71013.2193,71654.26139999999,STOP,-0.0030000000000000027,-0.004400000000000003,-0.4044159468900415,91.50829925539206,6
2026-06-01 22:00:00+00:00,2026-06-01 22:05:00+00:00,2026-06-01 22:25:00+00:00,LONG,70900.1,71325.5006,70687.39970000001,71325.5006,TARGET,0.006000000000000005,0.004600000000000005,0.4209381765748039,91.92923743196687,5
2026-06-01 23:35:00+00:00,2026-06-01 23:40:00+00:00,2026-06-02 01:30:00+00:00,SHORT,71511.9,71082.8286,71726.43569999999,71082.8286,TARGET,0.006036217303822866,0.004636217303822866,0.4262039213093255,92.35544135327619,23
2026-06-02 02:05:00+00:00,2026-06-02 02:10:00+00:00,2026-06-02 02:25:00+00:00,LONG,70260.2,70681.7612,70049.4194,70681.7612,TARGET,0.006000000000000005,0.004600000000000005,0.42483503022507096,92.78027638350126,4
2026-06-02 05:00:00+00:00,2026-06-02 05:05:00+00:00,2026-06-02 05:50:00+00:00,LONG,70608.8,70396.9736,70396.9736,71032.4528,STOP,-0.0030000000000001137,-0.004400000000000114,-0.4082332160874161,92.37204316741385,10
2026-06-02 05:55:00+00:00,2026-06-02 06:00:00+00:00,2026-06-02 06:45:00+00:00,LONG,70270.9,70060.0873,70060.0873,70692.5254,STOP,-0.0029999999999998916,-0.004399999999999892,-0.4064369899366109,91.96560617747724,10
2026-06-02 06:55:00+00:00,2026-06-02 07:00:00+00:00,2026-06-02 07:00:00+00:00,LONG,70110.7,69900.3679,69900.3679,70531.3642,STOP,-0.0030000000000000027,-0.004400000000000003,-0.40464866718090015,91.56095751029635,1
2026-06-02 09:45:00+00:00,2026-06-02 09:50:00+00:00,2026-06-02 12:05:00+00:00,LONG,69500.0,69291.5,69291.5,69917.0,STOP,-0.0030000000000000027,-0.004400000000000003,-0.4028682130453042,91.15808929725104,28
2026-06-02 12:10:00+00:00,2026-06-02 12:15:00+00:00,2026-06-02 12:35:00+00:00,LONG,69350.6,69142.5482,69142.5482,69766.70360000001,STOP,-0.0030000000000000027,-0.004400000000000003,-0.4010955929079048,90.75699370434313,5
2026-06-02 12:40:00+00:00,2026-06-02 12:45:00+00:00,2026-06-02 12:55:00+00:00,LONG,69224.9,69017.22529999999,69017.22529999999,69640.2494,STOP,-0.0030000000000000027,-0.004400000000000003,-0.39933077229911,90.35766293204402,3
2026-06-02 13:00:00+00:00,2026-06-02 13:05:00+00:00,2026-06-02 13:10:00+00:00,LONG,69117.7,68910.3469,68910.3469,69532.4062,STOP,-0.0029999999999998916,-0.004399999999999892,-0.3975737169009839,89.96008921514304,2
2026-06-02 14:10:00+00:00,2026-06-02 14:15:00+00:00,2026-06-02 14:15:00+00:00,LONG,68583.3,68377.55010000001,68377.55010000001,68994.79980000001,STOP,-0.0029999999999998916,-0.004399999999999892,-0.39582439254661966,89.56426482259643,1
2026-06-02 14:20:00+00:00,2026-06-02 14:25:00+00:00,2026-06-02 14:25:00+00:00,LONG,68010.2,67806.1694,67806.1694,68418.2612,STOP,-0.0030000000000000027,-0.004400000000000003,-0.39408276521942454,89.170182057377,1
2026-06-02 15:30:00+00:00,2026-06-02 15:35:00+00:00,2026-06-02 16:10:00+00:00,LONG,67250.9,67654.40539999999,67049.1473,67654.40539999999,TARGET,0.006000000000000005,0.004600000000000005,0.4101828374639347,89.58036489484094,8
2026-06-02 18:50:00+00:00,2026-06-02 18:55:00+00:00,2026-06-02 19:30:00+00:00,LONG,67129.9,66928.5103,66928.5103,67532.6794,STOP,-0.0030000000000000027,-0.004400000000000003,-0.3941536055373004,89.18621128930364,8
2026-06-02 22:15:00+00:00,2026-06-02 22:20:00+00:00,2026-06-02 22:40:00+00:00,LONG,67061.7,66860.5149,66860.5149,67464.0702,STOP,-0.0030000000000000027,-0.004400000000000003,-0.3924193296729363,88.79379195963071,5
2026-06-02 22:45:00+00:00,2026-06-02 22:50:00+00:00,2026-06-02 22:50:00+00:00,LONG,66762.3,66562.0131,66562.0131,67162.8738,STOP,-0.0030000000000001137,-0.004400000000000114,-0.3906926846223852,88.40309927500833,1
2026-06-02 22:55:00+00:00,2026-06-02 23:00:00+00:00,2026-06-02 23:45:00+00:00,LONG,66391.2,66789.5472,66192.0264,66789.5472,TARGET,0.006000000000000005,0.004600000000000005,0.4066542566650388,88.80975353167337,10
2026-06-03 01:15:00+00:00,2026-06-03 01:20:00+00:00,2026-06-03 01:35:00+00:00,LONG,66870.5,66669.8885,66669.8885,67271.723,STOP,-0.0030000000000000027,-0.004400000000000003,-0.39076291553936304,88.418990616134,4
2026-06-03 01:40:00+00:00,2026-06-03 01:45:00+00:00,2026-06-03 01:50:00+00:00,LONG,66503.5,66902.521,66303.9895,66902.521,TARGET,0.006000000000000005,0.004600000000000005,0.40672735683421685,88.8257179729682,2
2026-06-03 03:25:00+00:00,2026-06-03 03:30:00+00:00,2026-06-03 03:40:00+00:00,LONG,66155.3,65956.83410000001,65956.83410000001,66552.23180000001,STOP,-0.0029999999999998916,-0.004399999999999892,-0.3908331590810505,88.43488481388715,3
2026-06-03 03:50:00+00:00,2026-06-03 03:55:00+00:00,2026-06-03 04:00:00+00:00,LONG,65938.7,66334.3322,65740.8839,66334.3322,TARGET,0.006000000000000005,0.004600000000000005,0.4068004701438814,88.84168528403103,2
2026-06-03 05:00:00+00:00,2026-06-03 05:05:00+00:00,2026-06-03 05:10:00+00:00,SHORT,67009.2,67210.22759999998,67210.22759999998,66607.1448,STOP,-0.0029910269192420236,-0.004391026919242024,-0.3901062316330082,88.45157905239802,2
2026-06-03 05:50:00+00:00,2026-06-03 05:55:00+00:00,2026-06-03 07:00:00+00:00,SHORT,67309.3,66905.4442,67511.2279,66905.4442,TARGET,0.006036217303823088,0.004636217303823088,0.41008074135320344,88.86165979375122,14
2026-06-03 07:30:00+00:00,2026-06-03 07:35:00+00:00,2026-06-03 08:15:00+00:00,LONG,67258.6,67056.8242,67056.8242,67662.15160000001,STOP,-0.0030000000000000027,-0.004400000000000003,-0.3909913030925056,88.47066849065871,9
2026-06-03 10:05:00+00:00,2026-06-03 10:10:00+00:00,2026-06-03 12:00:00+00:00,SHORT,67444.5,67039.833,67646.8335,67039.833,TARGET,0.006036217303822866,0.004636217303822866,0.4101692441371683,88.88083773479588,23
2026-06-03 12:10:00+00:00,2026-06-03 12:15:00+00:00,2026-06-03 13:40:00+00:00,LONG,66972.3,66771.3831,66771.3831,67374.13380000001,STOP,-0.0030000000000000027,-0.004400000000000003,-0.3910756860331021,88.48976204876277,18
2026-06-03 13:45:00+00:00,2026-06-03 13:50:00+00:00,2026-06-03 15:05:00+00:00,LONG,66798.9,66598.5033,66598.5033,67199.69339999999,STOP,-0.0030000000000000027,-0.004400000000000003,-0.38935495301455647,88.10040709574821,16
2026-06-03 15:10:00+00:00,2026-06-03 15:15:00+00:00,2026-06-03 15:20:00+00:00,LONG,66527.0,66327.419,66327.419,66926.162,STOP,-0.0030000000000001137,-0.004400000000000114,-0.38764179122130216,87.71276530452691,2
2026-06-03 15:25:00+00:00,2026-06-03 15:30:00+00:00,2026-06-03 15:30:00+00:00,LONG,66603.6,66403.7892,66403.7892,67003.2216,STOP,-0.0030000000000001137,-0.004400000000000114,-0.3859361673399284,87.32682913718698,1
2026-06-03 15:35:00+00:00,2026-06-03 15:40:00+00:00,2026-06-03 15:55:00+00:00,LONG,66332.8,66133.8016,66133.8016,66730.7968,STOP,-0.0030000000000000027,-0.004400000000000003,-0.38423804820362295,86.94259108898335,4
2026-06-03 16:00:00+00:00,2026-06-03 16:05:00+00:00,2026-06-03 16:05:00+00:00,LONG,66178.3,65979.7651,65979.7651,66575.3698,STOP,-0.0030000000000000027,-0.004400000000000003,-0.382547400791527,86.56004368819183,1
2026-06-03 16:20:00+00:00,2026-06-03 16:25:00+00:00,2026-06-03 16:45:00+00:00,LONG,65641.1,66034.94660000001,65444.1767,66034.94660000001,TARGET,0.006000000000000005,0.004600000000000005,0.39817620096568285,86.9582198891575,5
2026-06-03 19:20:00+00:00,2026-06-03 19:25:00+00:00,2026-06-03 19:50:00+00:00,LONG,65751.1,65553.84670000001,65553.84670000001,66145.6066,STOP,-0.0030000000000000027,-0.004400000000000003,-0.38261616751229327,86.57560372164521,6
2026-06-03 19:55:00+00:00,2026-06-03 20:00:00+00:00,2026-06-03 20:00:00+00:00,LONG,65458.7,65262.323899999996,65262.323899999996,65851.4522,STOP,-0.0030000000000000027,-0.004400000000000003,-0.38093265637523915,86.19467106526997,1
2026-06-03 20:05:00+00:00,2026-06-03 20:10:00+00:00,2026-06-03 20:40:00+00:00,LONG,65388.1,65191.9357,65191.9357,65780.4286,STOP,-0.0030000000000000027,-0.004400000000000003,-0.3792565526871881,85.81541451258279,7
2026-06-03 20:55:00+00:00,2026-06-03 21:00:00+00:00,2026-06-03 21:00:00+00:00,LONG,65003.0,65393.018000000004,64807.991,65393.018000000004,TARGET,0.006000000000000005,0.004600000000000005,0.39475090675788127,86.21016541934067,1
2026-06-03 22:00:00+00:00,2026-06-03 22:05:00+00:00,2026-06-03 22:15:00+00:00,SHORT,65541.2,65147.9528,65737.82359999999,65147.9528,TARGET,0.006036217303822866,0.004636217303822866,0.39968906068257887,86.60985448002324,3
2026-06-03 22:35:00+00:00,2026-06-03 22:40:00+00:00,2026-06-03 22:45:00+00:00,LONG,65014.5,64819.4565,64819.4565,65404.587,STOP,-0.0030000000000000027,-0.004400000000000003,-0.3810833597121025,86.22877112031114,2
2026-06-03 23:00:00+00:00,2026-06-03 23:05:00+00:00,2026-06-03 23:10:00+00:00,LONG,64649.7,64455.7509,64455.7509,65037.5982,STOP,-0.0030000000000000027,-0.004400000000000003,-0.37940659292936924,85.84936452738177,2
2026-06-04 00:20:00+00:00,2026-06-04 00:25:00+00:00,2026-06-04 00:25:00+00:00,LONG,64012.9,63820.861300000004,63820.861300000004,64396.9774,STOP,-0.0030000000000000027,-0.004400000000000003,-0.37773720392048,85.47162732346129,1
2026-06-04 00:30:00+00:00,2026-06-04 00:35:00+00:00,2026-06-04 00:35:00+00:00,LONG,63718.2,63527.045399999995,63527.045399999995,64100.5092,STOP,-0.0030000000000000027,-0.004400000000000003,-0.37607516022322995,85.09555216323807,1
2026-06-04 00:50:00+00:00,2026-06-04 00:55:00+00:00,2026-06-04 01:15:00+00:00,LONG,63181.5,62991.9555,62991.9555,63560.589,STOP,-0.0030000000000000027,-0.004400000000000003,-0.3744204295182477,84.72113173371982,5
2026-06-04 01:20:00+00:00,2026-06-04 01:25:00+00:00,2026-06-04 01:35:00+00:00,LONG,62622.9,62998.6374,62435.0313,62998.6374,TARGET,0.006000000000000005,0.004600000000000005,0.38971720597511156,85.11084893969493,3
2026-06-04 02:00:00+00:00,2026-06-04 02:05:00+00:00,2026-06-04 02:05:00+00:00,LONG,61465.9,61834.695400000004,61281.5023,61834.695400000004,TARGET,0.006000000000000005,0.004600000000000005,0.39150990512259715,85.50235884481754,1
2026-06-04 05:00:00+00:00,2026-06-04 05:05:00+00:00,2026-06-04 05:05:00+00:00,LONG,64025.9,63833.8223,63833.8223,64410.055400000005,STOP,-0.0030000000000000027,-0.004400000000000003,-0.3762103789171974,85.12614846590034,1
2026-06-04 05:25:00+00:00,2026-06-04 05:30:00+00:00,2026-06-04 05:30:00+00:00,LONG,63836.1,64219.1166,63644.5917,64219.1166,TARGET,0.006000000000000005,0.004600000000000005,0.391580282943142,85.51772874884348,1
2026-06-04 06:15:00+00:00,2026-06-04 06:20:00+00:00,2026-06-04 07:00:00+00:00,SHORT,64364.4,63978.2136,64557.4932,63978.2136,TARGET,0.006036217303822866,0.004636217303822866,0.3964787738090183,85.9142075226525,9
2026-06-04 07:15:00+00:00,2026-06-04 07:20:00+00:00,2026-06-04 07:35:00+00:00,LONG,63536.7,63917.9202,63346.0899,63917.9202,TARGET,0.006000000000000005,0.004600000000000005,0.395205354604202,86.3094128772567,4
2026-06-04 07:55:00+00:00,2026-06-04 08:00:00+00:00,2026-06-04 08:10:00+00:00,LONG,63604.6,63413.786199999995,63413.786199999995,63986.2276,STOP,-0.0030000000000000027,-0.004400000000000003,-0.37976141665992974,85.92965146059677,3
2026-06-04 10:05:00+00:00,2026-06-04 10:10:00+00:00,2026-06-04 10:25:00+00:00,LONG,62931.2,62742.4064,62742.4064,63308.7872,STOP,-0.0030000000000000027,-0.004400000000000003,-0.378090466426626,85.55156099417015,4
2026-06-04 10:30:00+00:00,2026-06-04 10:35:00+00:00,2026-06-04 10:45:00+00:00,LONG,62716.2,62528.0514,62528.0514,63092.4972,STOP,-0.0030000000000000027,-0.004400000000000003,-0.3764268683743489,85.1751341257958,3
2026-06-04 10:50:00+00:00,2026-06-04 10:55:00+00:00,2026-06-04 11:30:00+00:00,LONG,62385.3,62759.611800000006,62198.144100000005,62759.611800000006,TARGET,0.006000000000000005,0.004600000000000005,0.39180561697866106,85.56693974277445,8
2026-06-04 12:30:00+00:00,2026-06-04 12:35:00+00:00,2026-06-04 12:35:00+00:00,SHORT,63494.4,63684.8832,63684.8832,63113.433600000004,STOP,-0.0029910269192422456,-0.004391026919242246,-0.3757267358077018,85.19121300696675,1
2026-06-04 13:30:00+00:00,2026-06-04 13:35:00+00:00,2026-06-04 13:35:00+00:00,SHORT,63735.2,63926.40559999999,63926.40559999999,63352.788799999995,STOP,-0.0029910269192421346,-0.004391026919242135,-0.3740769095964817,84.81713609737027,1
2026-06-04 14:05:00+00:00,2026-06-04 14:10:00+00:00,2026-06-04 14:30:00+00:00,SHORT,64299.4,63913.6036,64492.2982,63913.6036,TARGET,0.006036217303822866,0.004636217303822866,0.3932306740353271,85.21036677140559,5
2026-06-04 16:30:00+00:00,2026-06-04 16:35:00+00:00,2026-06-04 16:40:00+00:00,LONG,63475.0,63855.85,63284.575,63855.85,TARGET,0.006000000000000005,0.004600000000000005,0.39196768714846614,85.60233445855405,2
2026-06-04 17:45:00+00:00,2026-06-04 17:50:00+00:00,2026-06-04 17:50:00+00:00,LONG,63093.1,63471.6586,62903.8207,63471.6586,TARGET,0.006000000000000005,0.004600000000000005,0.39377073850934907,85.9961051970634,1
2026-06-04 18:20:00+00:00,2026-06-04 18:25:00+00:00,2026-06-04 18:25:00+00:00,SHORT,63595.3,63786.0859,63786.0859,63213.728200000005,STOP,-0.0029910269192422456,-0.004391026919242246,-0.37761121287029337,85.61849398419311,1
2026-06-04 18:30:00+00:00,2026-06-04 18:35:00+00:00,2026-06-04 18:35:00+00:00,SHORT,63850.6,64042.15179999999,64042.15179999999,63467.496399999996,STOP,-0.0029910269192421346,-0.004391026919242135,-0.3759531118695627,85.24254087232354,1
2026-06-04 22:05:00+00:00,2026-06-04 22:10:00+00:00,2026-06-04 22:45:00+00:00,LONG,63277.1,63656.7626,63087.2687,63656.7626,TARGET,0.006000000000000005,0.004600000000000005,0.39211568801268876,85.63465656033624,8
2026-06-05 00:30:00+00:00,2026-06-05 00:35:00+00:00,2026-06-05 00:50:00+00:00,SHORT,63893.8,63510.4372,64085.4814,63510.4372,TARGET,0.006036217303823088,0.004636217303823088,0.3970208765519782,86.03167743688822,4
2026-06-05 01:00:00+00:00,2026-06-05 01:05:00+00:00,2026-06-05 01:30:00+00:00,LONG,63073.5,63451.941,62884.2795,63451.941,TARGET,0.006000000000000005,0.004600000000000005,0.39574571620968624,86.4274231530979,6
2026-06-05 02:20:00+00:00,2026-06-05 02:25:00+00:00,2026-06-05 02:25:00+00:00,LONG,62924.9,62736.1253,62736.1253,63302.449400000005,STOP,-0.0030000000000000027,-0.004400000000000003,-0.380280661873631,86.04714249122428,1
2026-06-05 03:00:00+00:00,2026-06-05 03:05:00+00:00,2026-06-05 03:05:00+00:00,LONG,62595.2,62407.414399999994,62407.414399999994,62970.771199999996,STOP,-0.0030000000000000027,-0.004400000000000003,-0.37860742696138705,85.6685350642629,1
2026-06-05 04:25:00+00:00,2026-06-05 04:30:00+00:00,2026-06-05 04:45:00+00:00,SHORT,63245.3,62865.8282,63435.035899999995,62865.8282,TARGET,0.006036217303822866,0.004636217303822866,0.3971779446580916,86.065713008921,4
2026-06-05 04:55:00+00:00,2026-06-05 05:00:00+00:00,2026-06-05 05:35:00+00:00,SHORT,63623.2,63241.46079999999,63814.06959999999,63241.46079999999,TARGET,0.006036217303823088,0.004636217303823088,0.39901934791783134,86.46473235683882,8
2026-06-05 05:40:00+00:00,2026-06-05 05:45:00+00:00,2026-06-05 05:45:00+00:00,LONG,62893.0,62704.320999999996,62704.320999999996,63270.358,STOP,-0.0030000000000001137,-0.004400000000000114,-0.3804448223701007,86.08428753446873,1
2026-06-05 05:55:00+00:00,2026-06-05 06:00:00+00:00,2026-06-05 06:00:00+00:00,LONG,62333.7,62146.698899999996,62146.698899999996,62707.7022,STOP,-0.0030000000000000027,-0.004400000000000003,-0.37877086515166264,85.70551666931706,1
2026-06-05 06:05:00+00:00,2026-06-05 06:10:00+00:00,2026-06-05 06:10:00+00:00,LONG,62448.6,62261.254199999996,62261.254199999996,62823.2916,STOP,-0.0030000000000000027,-0.004400000000000003,-0.3771042733449953,85.32841239597207,1
2026-06-05 06:15:00+00:00,2026-06-05 06:20:00+00:00,2026-06-05 06:20:00+00:00,LONG,61838.4,61652.8848,61652.8848,62209.430400000005,STOP,-0.0030000000000000027,-0.004400000000000003,-0.37544501454227736,84.95296738142979,1
2026-06-05 06:25:00+00:00,2026-06-05 06:30:00+00:00,2026-06-05 06:40:00+00:00,LONG,61682.6,62052.6956,61497.5522,62052.6956,TARGET,0.006000000000000005,0.004600000000000005,0.39078364995457743,85.34375103138436,3
2026-06-05 11:10:00+00:00,2026-06-05 11:15:00+00:00,2026-06-05 11:40:00+00:00,LONG,62324.4,62137.4268,62137.4268,62698.3464,STOP,-0.0030000000000000027,-0.004400000000000003,-0.37551250453809143,84.96823852684626,6
2026-06-05 11:45:00+00:00,2026-06-05 11:50:00+00:00,2026-06-05 11:50:00+00:00,LONG,62192.7,62006.1219,62006.1219,62565.856199999995,STOP,-0.0030000000000000027,-0.004400000000000003,-0.3738602495181238,84.59437827732815,1
2026-06-05 11:55:00+00:00,2026-06-05 12:00:00+00:00,2026-06-05 12:00:00+00:00,LONG,61964.4,61778.5068,61778.5068,62336.1864,STOP,-0.0030000000000000027,-0.004400000000000003,-0.3722152644202441,84.2221630129079,1
2026-06-05 12:05:00+00:00,2026-06-05 12:10:00+00:00,2026-06-05 12:20:00+00:00,LONG,62050.9,62423.2054,61864.7473,62423.2054,TARGET,0.006000000000000005,0.004600000000000005,0.3874219498593768,84.60958496276727,3
2026-06-05 12:30:00+00:00,2026-06-05 12:35:00+00:00,2026-06-05 13:05:00+00:00,LONG,61757.0,62127.542,61571.729,62127.542,TARGET,0.006000000000000005,0.004600000000000005,0.38920409082872987,84.998789053596,7
2026-06-05 13:45:00+00:00,2026-06-05 13:50:00+00:00,2026-06-05 13:55:00+00:00,LONG,61259.1,61075.3227,61075.3227,61626.6546,STOP,-0.0030000000000000027,-0.004400000000000003,-0.37399467183582263,84.62479438176018,2
2026-06-05 14:00:00+00:00,2026-06-05 14:05:00+00:00,2026-06-05 14:05:00+00:00,LONG,60596.6,60960.179599999996,60414.8102,60960.179599999996,TARGET,0.006000000000000005,0.004600000000000005,0.3892740541560973,85.01406843591629,1
2026-06-05 14:15:00+00:00,2026-06-05 14:20:00+00:00,2026-06-05 14:20:00+00:00,LONG,60779.0,60596.663,60596.663,61143.674,STOP,-0.0030000000000000027,-0.004400000000000003,-0.3740619011180319,84.64000653479826,1
2026-06-05 14:25:00+00:00,2026-06-05 14:30:00+00:00,2026-06-05 14:30:00+00:00,LONG,60377.1,60739.3626,60195.9687,60739.3626,TARGET,0.006000000000000005,0.004600000000000005,0.38934403006007245,85.02935056485833,1
2026-06-05 14:35:00+00:00,2026-06-05 14:40:00+00:00,2026-06-05 14:55:00+00:00,LONG,60879.6,60696.9612,60696.9612,61244.8776,STOP,-0.0030000000000000027,-0.004400000000000003,-0.37412914248537693,84.65522142237296,4
2026-06-05 16:05:00+00:00,2026-06-05 16:10:00+00:00,2026-06-05 16:10:00+00:00,LONG,60053.1,59872.9407,59872.9407,60413.4186,STOP,-0.0030000000000000027,-0.004400000000000003,-0.3724829742584413,84.28273844811451,1
2026-06-05 18:15:00+00:00,2026-06-05 18:20:00+00:00,2026-06-05 18:25:00+00:00,LONG,60455.0,60273.635,60273.635,60817.73,STOP,-0.0030000000000000027,-0.004400000000000003,-0.3708440491717041,83.9118943989428,2
2026-06-05 18:35:00+00:00,2026-06-05 18:40:00+00:00,2026-06-05 18:40:00+00:00,LONG,60308.3,60127.375100000005,60127.375100000005,60670.14980000001,STOP,-0.0030000000000000027,-0.004400000000000003,-0.3692123353553486,83.54268206358746,1
2026-06-05 18:45:00+00:00,2026-06-05 18:50:00+00:00,2026-06-05 18:50:00+00:00,LONG,59781.3,59601.9561,59601.9561,60139.9878,STOP,-0.0030000000000000027,-0.004400000000000003,-0.36758780107978506,83.17509426250768,1
2026-06-05 18:55:00+00:00,2026-06-05 19:00:00+00:00,2026-06-05 19:00:00+00:00,LONG,59398.1,59219.905699999996,59219.905699999996,59754.4886,STOP,-0.0030000000000000027,-0.004400000000000003,-0.36597041475503406,82.80912384775264,1
2026-06-05 19:45:00+00:00,2026-06-05 19:50:00+00:00,2026-06-05 19:50:00+00:00,SHORT,60221.2,60401.86359999999,60401.86359999999,59859.8728,STOP,-0.0029910269192421346,-0.004391026919242135,-0.36361709197433767,82.44550675577831,1
2026-06-05 20:05:00+00:00,2026-06-05 20:10:00+00:00,2026-06-05 20:15:00+00:00,SHORT,60882.5,61065.14749999999,61065.14749999999,60517.205,STOP,-0.0029910269192421346,-0.004391026919242135,-0.36202043953518187,82.08348631624312,2
2026-06-05 20:50:00+00:00,2026-06-05 20:55:00+00:00,2026-06-05 20:55:00+00:00,SHORT,61510.1,61694.63029999999,61694.63029999999,61141.0394,STOP,-0.0029910269192421346,-0.004391026919242135,-0.360430798039867,81.72305551820325,1
2026-06-05 21:00:00+00:00,2026-06-05 21:05:00+00:00,2026-06-05 21:30:00+00:00,SHORT,61831.2,61460.212799999994,62016.69359999999,61460.212799999994,TARGET,0.006036217303823088,0.004636217303823088,0.3788858441147888,82.10194136231804,6
2026-06-05 22:50:00+00:00,2026-06-05 22:55:00+00:00,2026-06-05 22:55:00+00:00,SHORT,61966.2,61594.402799999996,62152.09859999999,61594.402799999996,TARGET,0.006036217303822866,0.004636217303822866,0.3806424412214292,82.48258380353947,1
2026-06-06 01:50:00+00:00,2026-06-06 01:55:00+00:00,2026-06-06 02:00:00+00:00,LONG,61175.5,60991.9735,60991.9735,61542.553,STOP,-0.0030000000000000027,-0.004400000000000003,-0.3629233687355739,82.11966043480389,2
2026-06-06 02:05:00+00:00,2026-06-06 02:10:00+00:00,2026-06-06 02:15:00+00:00,LONG,61032.3,60849.203100000006,60849.203100000006,61398.493800000004,STOP,-0.0030000000000000027,-0.004400000000000003,-0.36132650591313736,81.75833392889075,2
2026-06-06 03:05:00+00:00,2026-06-06 03:10:00+00:00,2026-06-06 03:30:00+00:00,LONG,60825.1,60642.6247,60642.6247,61190.0506,STOP,-0.0030000000000000027,-0.004400000000000003,-0.35973666928711956,81.39859725960363,5
2026-06-06 03:35:00+00:00,2026-06-06 03:40:00+00:00,2026-06-06 04:05:00+00:00,LONG,60637.9,60455.986300000004,60455.986300000004,61001.7274,STOP,-0.0030000000000000027,-0.004400000000000003,-0.3581538279422562,81.04044343166137,6
2026-06-06 04:10:00+00:00,2026-06-06 04:15:00+00:00,2026-06-06 04:25:00+00:00,LONG,60129.0,59948.613,59948.613,60489.774,STOP,-0.0030000000000000027,-0.004400000000000003,-0.3565779510993103,80.68386548056206,3
2026-06-06 04:30:00+00:00,2026-06-06 04:35:00+00:00,2026-06-06 04:45:00+00:00,LONG,59516.8,59873.9008,59338.2496,59873.9008,TARGET,0.006000000000000005,0.004600000000000005,0.3711457812105859,81.05501126177265,3
2026-06-06 05:20:00+00:00,2026-06-06 05:25:00+00:00,2026-06-06 05:25:00+00:00,SHORT,60825.4,61007.87619999999,61007.87619999999,60460.4476,STOP,-0.0029910269192421346,-0.004391026919242135,-0.3559147363899181,80.69909652538273,1
2026-06-06 08:25:00+00:00,2026-06-06 08:30:00+00:00,2026-06-06 09:45:00+00:00,SHORT,61404.7,61036.271799999995,61588.91409999999,61036.271799999995,TARGET,0.006036217303822866,0.004636217303822866,0.37413854771385113,81.07323507309658,16
2026-06-06 10:00:00+00:00,2026-06-06 10:05:00+00:00,2026-06-06 10:10:00+00:00,LONG,60849.2,60666.6524,60666.6524,61214.2952,STOP,-0.0030000000000000027,-0.004400000000000003,-0.3567222343216252,80.71651283877496,2
2026-06-06 10:15:00+00:00,2026-06-06 10:20:00+00:00,2026-06-06 10:30:00+00:00,LONG,60524.2,60342.6274,60342.6274,60887.345199999996,STOP,-0.0030000000000000027,-0.004400000000000003,-0.35515265649061006,80.36136018228434,3
2026-06-06 10:40:00+00:00,2026-06-06 10:45:00+00:00,2026-06-06 11:00:00+00:00,LONG,60424.1,60786.6446,60242.8277,60786.6446,TARGET,0.006000000000000005,0.004600000000000005,0.3696622568385084,80.73102243912285,4
2026-06-06 12:50:00+00:00,2026-06-06 12:55:00+00:00,2026-06-06 13:30:00+00:00,SHORT,61121.1,60754.3734,61304.46329999999,60754.3734,TARGET,0.006036217303822866,0.004636217303822866,0.3742865631875734,81.10530900231042,8
2026-06-06 15:00:00+00:00,2026-06-06 15:05:00+00:00,2026-06-06 15:15:00+00:00,LONG,60633.6,60451.699199999995,60451.699199999995,60997.4016,STOP,-0.0030000000000000027,-0.004400000000000003,-0.3568633596101661,80.74844564270026,3
2026-06-06 15:20:00+00:00,2026-06-06 15:25:00+00:00,2026-06-06 15:45:00+00:00,LONG,60552.5,60915.815,60370.8425,60915.815,TARGET,0.006000000000000005,0.004600000000000005,0.37144284995642163,81.11988849265668,5
2026-06-06 16:20:00+00:00,2026-06-06 16:25:00+00:00,2026-06-06 20:20:00+00:00,SHORT,60720.1,60607.9,60902.260299999994,60355.7794,TIME,0.0018512438147502142,0.00045124381475021417,0.03660484793553841,81.15649334059222,48
2026-06-06 21:00:00+00:00,2026-06-06 21:05:00+00:00,2026-06-06 21:15:00+00:00,SHORT,60721.9,60904.06569999999,60904.06569999999,60357.5686,STOP,-0.0029910269192421346,-0.004391026919242135,-0.3563603469298355,80.80013299366239,3
2026-06-06 21:30:00+00:00,2026-06-06 21:35:00+00:00,2026-06-06 22:00:00+00:00,SHORT,60995.4,60629.4276,61178.38619999999,60629.4276,TARGET,0.006036217303822866,0.004636217303822866,0.3746069747364064,81.1747399683988,6
2026-06-06 22:05:00+00:00,2026-06-06 22:10:00+00:00,2026-06-07 00:30:00+00:00,LONG,60599.1,60962.694599999995,60417.3027,60962.694599999995,TARGET,0.006000000000000005,0.004600000000000005,0.3734038038546349,81.54814377225343,29
2026-06-07 01:00:00+00:00,2026-06-07 01:05:00+00:00,2026-06-07 01:05:00+00:00,SHORT,61067.5,61250.70249999999,61250.70249999999,60701.095,STOP,-0.0029910269192421346,-0.004391026919242135,-0.3580800945181926,81.19006367773524,1
2026-06-07 01:15:00+00:00,2026-06-07 01:20:00+00:00,2026-06-07 03:15:00+00:00,SHORT,61519.9,61704.45969999999,61704.45969999999,61150.7806,STOP,-0.0029910269192421346,-0.004391026919242135,-0.35650775518391853,80.83355592255133,24
2026-06-07 03:20:00+00:00,2026-06-07 03:25:00+00:00,2026-06-07 04:40:00+00:00,SHORT,61627.4,61812.282199999994,61812.282199999994,61257.6356,STOP,-0.0029910269192421346,-0.004391026919242135,-0.35494232003398735,80.47861360251734,16
2026-06-07 04:45:00+00:00,2026-06-07 04:50:00+00:00,2026-06-07 05:15:00+00:00,SHORT,61816.9,62002.350699999995,62002.350699999995,61445.9986,STOP,-0.0029910269192421346,-0.004391026919242135,-0.3533837587519399,80.1252298437654,6
2026-06-07 06:30:00+00:00,2026-06-07 06:35:00+00:00,2026-06-07 07:50:00+00:00,SHORT,62145.0,62331.43499999999,62331.43499999999,61772.13,STOP,-0.0029910269192421346,-0.004391026919242135,-0.3518320411544371,79.77339780261096,16
2026-06-07 07:55:00+00:00,2026-06-07 08:00:00+00:00,2026-06-07 08:35:00+00:00,SHORT,62400.2,62587.40059999999,62587.40059999999,62025.7988,STOP,-0.0029910269192422456,-0.004391026919242246,-0.35028713719068494,79.42311066542027,8
2026-06-07 08:45:00+00:00,2026-06-07 08:50:00+00:00,2026-06-07 10:05:00+00:00,SHORT,62765.9,62389.3046,62954.1977,62389.3046,TARGET,0.006036217303822866,0.004636217303822866,0.36822279999045987,79.79133346541073,16
2026-06-07 11:35:00+00:00,2026-06-07 11:40:00+00:00,2026-06-07 12:10:00+00:00,SHORT,62629.9,62254.1206,62817.789699999994,62254.1206,TARGET,0.006036217303822866,0.004636217303822866,0.36992996090743774,80.16126342631817,7
2026-06-07 12:15:00+00:00,2026-06-07 12:20:00+00:00,2026-06-07 12:30:00+00:00,LONG,62014.8,61828.755600000004,61828.755600000004,62386.8888,STOP,-0.0030000000000000027,-0.004400000000000003,-0.3527095590758002,79.80855386724237,3
2026-06-07 12:40:00+00:00,2026-06-07 12:45:00+00:00,2026-06-07 14:20:00+00:00,LONG,61654.8,62024.728800000004,61469.835600000006,62024.728800000004,TARGET,0.006000000000000005,0.004600000000000005,0.3671193477893153,80.17567321503168,20
2026-06-07 14:25:00+00:00,2026-06-07 14:30:00+00:00,2026-06-07 14:30:00+00:00,SHORT,62086.9,62273.16069999999,62273.16069999999,61714.378600000004,STOP,-0.0029910269192421346,-0.004391026919242135,-0.3520535393555647,79.82361967567611,1
2026-06-07 14:35:00+00:00,2026-06-07 14:40:00+00:00,2026-06-07 14:45:00+00:00,SHORT,62145.6,61772.7264,62332.036799999994,61772.7264,TARGET,0.006036217303822866,0.004636217303822866,0.37007964679414496,80.19369932247025,2
2026-06-07 17:00:00+00:00,2026-06-07 17:05:00+00:00,2026-06-07 19:00:00+00:00,SHORT,62241.4,61867.9516,62428.12419999999,61867.9516,TARGET,0.006036217303822866,0.004636217303822866,0.3717954164564046,80.56549473892666,24
2026-06-07 19:05:00+00:00,2026-06-07 19:10:00+00:00,2026-06-07 19:15:00+00:00,LONG,61586.5,61401.7405,61401.7405,61956.019,STOP,-0.0030000000000000027,-0.004400000000000003,-0.35448817685127754,80.21100656207538,2
2026-06-07 19:40:00+00:00,2026-06-07 19:45:00+00:00,2026-06-07 20:10:00+00:00,LONG,61222.8,61590.1368,61039.1316,61590.1368,TARGET,0.006000000000000005,0.004600000000000005,0.36897063018554715,80.57997719226093,6
2026-06-07 20:20:00+00:00,2026-06-07 20:25:00+00:00,2026-06-07 20:50:00+00:00,SHORT,61776.1,61961.42829999999,61961.42829999999,61405.4434,STOP,-0.0029910269192421346,-0.004391026919242135,-0.353828849003135,80.22614834325779,6
2026-06-07 22:10:00+00:00,2026-06-07 22:15:00+00:00,2026-06-07 22:15:00+00:00,SHORT,63682.8,63873.848399999995,63873.848399999995,63300.7032,STOP,-0.0029910269192421346,-0.004391026919242135,-0.3522751770023578,79.87387316625544,1
2026-06-07 22:20:00+00:00,2026-06-07 22:25:00+00:00,2026-06-07 22:35:00+00:00,SHORT,62962.6,63151.487799999995,63151.487799999995,62584.8244,STOP,-0.0029910269192422456,-0.004391026919242246,-0.3507283272171685,79.52314483903827,3
2026-06-08 00:35:00+00:00,2026-06-08 00:40:00+00:00,2026-06-08 01:00:00+00:00,SHORT,63834.1,63451.0954,64025.60229999999,63451.0954,TARGET,0.006036217303822866,0.004636217303822866,0.36868658015716127,79.89183141919543,5
2026-06-08 01:10:00+00:00,2026-06-08 01:15:00+00:00,2026-06-08 01:20:00+00:00,LONG,63073.1,62883.8807,62883.8807,63451.5386,STOP,-0.0030000000000000027,-0.004400000000000003,-0.3515240582444601,79.54030736095096,2
2026-06-08 01:25:00+00:00,2026-06-08 01:30:00+00:00,2026-06-08 01:55:00+00:00,LONG,62831.3,63208.287800000006,62642.8061,63208.287800000006,TARGET,0.006000000000000005,0.004600000000000005,0.3658854138603748,79.90619277481133,6
2026-06-08 03:10:00+00:00,2026-06-08 03:15:00+00:00,2026-06-08 04:05:00+00:00,SHORT,63289.0,62909.266,63478.86699999999,62909.266,TARGET,0.006036217303822866,0.004636217303822866,0.370462473625186,80.27665524843651,11
2026-06-08 04:40:00+00:00,2026-06-08 04:45:00+00:00,2026-06-08 05:15:00+00:00,LONG,62703.6,62515.489199999996,62515.489199999996,63079.821599999996,STOP,-0.0030000000000000027,-0.004400000000000003,-0.3532172830931209,79.9234379653434,7
2026-06-08 05:35:00+00:00,2026-06-08 05:40:00+00:00,2026-06-08 06:00:00+00:00,LONG,62538.1,62913.3286,62350.4857,62913.3286,TARGET,0.006000000000000005,0.004600000000000005,0.36764781464058005,80.29108577998397,5
2026-06-08 06:15:00+00:00,2026-06-08 06:20:00+00:00,2026-06-08 07:30:00+00:00,SHORT,63082.0,63271.24599999999,63271.24599999999,62703.508,STOP,-0.0029910269192421346,-0.004391026919242135,-0.352560319035089,79.93852546094888,15
2026-06-08 09:15:00+00:00,2026-06-08 09:20:00+00:00,2026-06-08 11:00:00+00:00,SHORT,63461.2,63080.432799999995,63651.58359999999,63080.432799999995,TARGET,0.006036217303822866,0.004636217303822866,0.37061237498413596,80.30913783593302,21
2026-06-08 11:05:00+00:00,2026-06-08 11:10:00+00:00,2026-06-08 11:20:00+00:00,LONG,63248.0,63627.488,63058.256,63627.488,TARGET,0.006000000000000005,0.004600000000000005,0.3694220340452923,80.6785598699783,3
2026-06-08 11:25:00+00:00,2026-06-08 11:30:00+00:00,2026-06-08 11:35:00+00:00,SHORT,63610.1,63800.93029999999,63800.93029999999,63228.439399999996,STOP,-0.0029910269192421346,-0.004391026919242135,-0.3542617281947629,80.32429814178354,2
2026-06-08 12:00:00+00:00,2026-06-08 12:05:00+00:00,2026-06-08 12:30:00+00:00,LONG,62862.9,63240.0774,62674.3113,63240.0774,TARGET,0.006000000000000005,0.004600000000000005,0.3694917714522047,80.69378991323575,6
2026-06-08 12:35:00+00:00,2026-06-08 12:40:00+00:00,2026-06-08 12:55:00+00:00,LONG,63412.1,63792.5726,63221.8637,63792.5726,TARGET,0.006000000000000005,0.004600000000000005,0.37119143360088486,81.06498134683663,4
2026-06-08 14:55:00+00:00,2026-06-08 15:00:00+00:00,2026-06-08 15:10:00+00:00,SHORT,63968.0,64159.903999999995,64159.903999999995,63584.192,STOP,-0.0029910269192422456,-0.004391026919242246,-0.3559585153018302,80.7090228315348,3
2026-06-08 16:45:00+00:00,2026-06-08 16:50:00+00:00,2026-06-08 17:00:00+00:00,LONG,63610.6,63419.7682,63419.7682,63992.2636,STOP,-0.0030000000000000027,-0.004400000000000003,-0.35511970045875335,80.35390313107604,3
2026-06-08 20:10:00+00:00,2026-06-08 20:15:00+00:00,2026-06-08 21:00:00+00:00,LONG,63254.5,63634.027,63064.7365,63634.027,TARGET,0.006000000000000005,0.004600000000000005,0.3696279544029502,80.72353108547898,10
2026-06-08 21:05:00+00:00,2026-06-08 21:10:00+00:00,2026-06-08 22:10:00+00:00,SHORT,63786.8,63404.0792,63978.16039999999,63404.0792,TARGET,0.006036217303823088,0.004636217303823088,0.3742518316441986,81.09778291712318,13
2026-06-08 23:15:00+00:00,2026-06-08 23:20:00+00:00,2026-06-09 00:20:00+00:00,LONG,63142.9,62953.471300000005,62953.471300000005,63521.7574,STOP,-0.0030000000000000027,-0.004400000000000003,-0.35683024483534226,80.74095267228785,13
2026-06-09 00:25:00+00:00,2026-06-09 00:30:00+00:00,2026-06-09 00:45:00+00:00,LONG,62734.0,62545.798,62545.798,63110.404,STOP,-0.0030000000000000027,-0.004400000000000003,-0.3552601917580668,80.38569248052978,4
2026-06-09 00:55:00+00:00,2026-06-09 01:00:00+00:00,2026-06-09 03:00:00+00:00,LONG,62558.5,62933.851,62370.8245,62933.851,TARGET,0.006000000000000005,0.004600000000000005,0.36977418541043744,80.75546666594022,25
2026-06-09 04:30:00+00:00,2026-06-09 04:35:00+00:00,2026-06-09 04:40:00+00:00,SHORT,63195.9,63385.4877,63385.4877,62816.7246,STOP,-0.0029910269192422456,-0.004391026919242246,-0.3545994280061134,80.40086723793411,2
2026-06-09 04:45:00+00:00,2026-06-09 04:50:00+00:00,2026-06-09 07:25:00+00:00,SHORT,63420.4,63039.8776,63610.661199999995,63039.8776,TARGET,0.006036217303822866,0.004636217303822866,0.37275589193087505,80.77362312986499,32
2026-06-09 08:05:00+00:00,2026-06-09 08:10:00+00:00,2026-06-09 09:30:00+00:00,LONG,62879.0,62690.363,62690.363,63256.274,STOP,-0.0030000000000000027,-0.004400000000000003,-0.35540394177140616,80.41821918809359,17
2026-06-09 11:00:00+00:00,2026-06-09 11:05:00+00:00,2026-06-09 13:15:00+00:00,LONG,62614.6,62426.756199999996,62426.756199999996,62990.287599999996,STOP,-0.0030000000000000027,-0.004400000000000003,-0.353840164427612,80.06437902366598,27
2026-06-09 14:10:00+00:00,2026-06-09 14:15:00+00:00,2026-06-09 14:15:00+00:00,LONG,62010.6,61824.5682,61824.5682,62382.6636,STOP,-0.0030000000000000027,-0.004400000000000003,-0.35228326770413054,79.71209575596185,1
2026-06-09 14:20:00+00:00,2026-06-09 14:25:00+00:00,2026-06-09 14:25:00+00:00,LONG,61808.8,61623.373600000006,61623.373600000006,62179.6528,STOP,-0.0029999999999998916,-0.004399999999999892,-0.35073322132622353,79.36136253463563,1
2026-06-09 14:45:00+00:00,2026-06-09 14:50:00+00:00,2026-06-09 15:05:00+00:00,LONG,61224.7,61592.0482,61041.0259,61592.0482,TARGET,0.006000000000000005,0.004600000000000005,0.3650622676593243,79.72642480229496,4
2026-06-09 16:00:00+00:00,2026-06-09 16:05:00+00:00,2026-06-09 16:35:00+00:00,LONG,61034.9,60851.7953,60851.7953,61401.1094,STOP,-0.0030000000000000027,-0.004400000000000003,-0.35079626913009804,79.37562853316486,7
2026-06-09 16:55:00+00:00,2026-06-09 17:00:00+00:00,2026-06-09 17:00:00+00:00,SHORT,61395.5,61579.686499999996,61579.686499999996,61027.127,STOP,-0.0029910269192422456,-0.004391026919242246,-0.34854052162089977,79.02708801154395,1
2026-06-09 17:05:00+00:00,2026-06-09 17:10:00+00:00,2026-06-09 17:15:00+00:00,SHORT,61529.9,61714.4897,61714.4897,61160.7206,STOP,-0.0029910269192422456,-0.004391026919242246,-0.34701007080801566,78.68007794073594,2
2026-06-09 17:20:00+00:00,2026-06-09 17:25:00+00:00,2026-06-09 18:15:00+00:00,SHORT,61762.8,61948.08839999999,61948.08839999999,61392.2232,STOP,-0.0029910269192421346,-0.004391026919242135,-0.3454863402458408,78.3345916004901,11
2026-06-09 21:15:00+00:00,2026-06-09 21:20:00+00:00,2026-06-09 21:40:00+00:00,LONG,61963.9,61778.0083,61778.0083,62335.6834,STOP,-0.0030000000000000027,-0.004400000000000003,-0.3446722030421567,77.98991939744795,5
2026-06-09 22:10:00+00:00,2026-06-09 22:15:00+00:00,2026-06-09 23:35:00+00:00,LONG,61832.4,61646.9028,61646.9028,62203.394400000005,STOP,-0.0030000000000000027,-0.004400000000000003,-0.3431556453487712,77.64676375209918,17
2026-06-10 00:55:00+00:00,2026-06-10 01:00:00+00:00,2026-06-10 02:10:00+00:00,SHORT,61921.7,61550.169799999996,62107.465099999994,61550.169799999996,TARGET,0.006036217303822866,0.004636217303822866,0.3599872696933283,78.00675102179251,15
2026-06-10 02:15:00+00:00,2026-06-10 02:20:00+00:00,2026-06-10 02:50:00+00:00,LONG,61436.8,61252.4896,61252.4896,61805.4208,STOP,-0.0030000000000000027,-0.004400000000000003,-0.34322970449588724,77.66352131729663,7
2026-06-10 03:05:00+00:00,2026-06-10 03:10:00+00:00,2026-06-10 04:35:00+00:00,LONG,61468.4,61283.9948,61283.9948,61837.2104,STOP,-0.0030000000000000027,-0.004400000000000003,-0.3417194937961054,77.32180182350052,18
2026-06-10 04:45:00+00:00,2026-06-10 04:50:00+00:00,2026-06-10 05:05:00+00:00,LONG,61343.1,61159.0707,61159.0707,61711.1586,STOP,-0.0030000000000000027,-0.004400000000000003,-0.3402159280234025,76.98158589547712,4
2026-06-10 05:15:00+00:00,2026-06-10 05:20:00+00:00,2026-06-10 06:15:00+00:00,LONG,61111.8,61478.4708,60928.4646,61478.4708,TARGET,0.006000000000000005,0.004600000000000005,0.35411529511919515,77.33570119059632,12
2026-06-10 06:20:00+00:00,2026-06-10 06:25:00+00:00,2026-06-10 07:00:00+00:00,SHORT,61361.9,61545.9857,61545.9857,60993.7286,STOP,-0.0029910269192422456,-0.004391026919242246,-0.33958314574638304,76.99611804484994,8
2026-06-10 07:15:00+00:00,2026-06-10 07:20:00+00:00,2026-06-10 08:40:00+00:00,SHORT,61665.1,61295.1094,61850.09529999999,61295.1094,TARGET,0.006036217303822866,0.004636217303822866,0.3569707348067213,77.35308877965666,17
2026-06-10 08:45:00+00:00,2026-06-10 08:50:00+00:00,2026-06-10 09:15:00+00:00,LONG,61229.9,61046.2103,61046.2103,61597.2794,STOP,-0.0030000000000000027,-0.004400000000000003,-0.34035359063048953,77.01273518902617,6
2026-06-10 09:20:00+00:00,2026-06-10 09:25:00+00:00,2026-06-10 09:35:00+00:00,LONG,60976.6,61342.4596,60793.6702,61342.4596,TARGET,0.006000000000000005,0.004600000000000005,0.3542585818695208,77.36699377089569,3
2026-06-10 10:25:00+00:00,2026-06-10 10:30:00+00:00,2026-06-10 11:00:00+00:00,SHORT,61337.1,60969.077399999995,61521.11129999999,60969.077399999995,TARGET,0.006036217303823088,0.004636217303823088,0.35869019526539964,77.72568396616109,7
2026-06-10 12:25:00+00:00,2026-06-10 12:30:00+00:00,2026-06-10 12:30:00+00:00,SHORT,61164.9,61348.3947,61348.3947,60797.9106,STOP,-0.0029910269192422456,-0.004391026919242246,-0.3412955706119287,77.38438839554915,1
2026-06-10 12:35:00+00:00,2026-06-10 12:40:00+00:00,2026-06-10 13:35:00+00:00,SHORT,61712.0,61897.13599999999,61897.13599999999,61341.728,STOP,-0.0029910269192421346,-0.004391026919242135,-0.339796932573945,77.0445914629752,12
2026-06-10 15:45:00+00:00,2026-06-10 15:50:00+00:00,2026-06-10 15:50:00+00:00,SHORT,62299.9,62486.799699999996,62486.799699999996,61926.1006,STOP,-0.0029910269192421346,-0.004391026919242135,-0.3383048750959369,76.70628658787926,1
2026-06-10 16:45:00+00:00,2026-06-10 16:50:00+00:00,2026-06-10 17:00:00+00:00,LONG,61986.5,62358.419,61800.5405,62358.419,TARGET,0.006000000000000005,0.004600000000000005,0.352848918304245,77.05913550618351,3
2026-06-10 17:30:00+00:00,2026-06-10 17:35:00+00:00,2026-06-10 18:50:00+00:00,LONG,61837.5,61651.9875,61651.9875,62208.525,STOP,-0.0030000000000000027,-0.004400000000000003,-0.3390601962272077,76.7200753099563,16
2026-06-10 21:30:00+00:00,2026-06-10 21:35:00+00:00,2026-06-10 21:45:00+00:00,LONG,61702.7,61517.5919,61517.5919,62072.9162,STOP,-0.0030000000000000027,-0.004400000000000003,-0.3375683313638079,76.38250697859249,3
2026-06-10 21:50:00+00:00,2026-06-10 21:55:00+00:00,2026-06-11 00:00:00+00:00,LONG,61249.9,61617.3994,61066.1503,61617.3994,TARGET,0.006000000000000005,0.004600000000000005,0.3513595321015258,76.73386651069401,26
2026-06-11 00:15:00+00:00,2026-06-11 00:20:00+00:00,2026-06-11 01:10:00+00:00,SHORT,61922.8,62108.5684,62108.5684,61551.2632,STOP,-0.0029910269192421346,-0.004391026919242135,-0.33694047346598993,76.39692603722803,11
2026-06-11 01:15:00+00:00,2026-06-11 01:20:00+00:00,2026-06-11 03:30:00+00:00,SHORT,62199.0,62385.596999999994,62385.596999999994,61825.806,STOP,-0.0029910269192421346,-0.004391026919242135,-0.33546095877681864,76.0614650784512,27
2026-06-11 03:35:00+00:00,2026-06-11 03:40:00+00:00,2026-06-11 03:55:00+00:00,SHORT,62370.1,62557.21029999999,62557.21029999999,61995.8794,STOP,-0.0029910269192421346,-0.004391026919242135,-0.3339879406764748,75.72747713777473,4
2026-06-11 06:10:00+00:00,2026-06-11 06:15:00+00:00,2026-06-11 06:20:00+00:00,SHORT,62780.8,62969.1424,62969.1424,62404.1152,STOP,-0.0029910269192421346,-0.004391026919242135,-0.33252139063826214,75.39495574713646,2
2026-06-11 06:25:00+00:00,2026-06-11 06:30:00+00:00,2026-06-11 10:25:00+00:00,SHORT,62888.5,62849.5,63077.165499999996,62511.169,TIME,0.0006205299962609434,-0.0007794700037390566,-0.058768106438126466,75.33618764069834,48
2026-06-11 10:50:00+00:00,2026-06-11 10:55:00+00:00,2026-06-11 12:20:00+00:00,SHORT,63093.4,62714.8396,63282.680199999995,62714.8396,TARGET,0.006036217303822866,0.004636217303822866,0.34927493674385196,75.6854625774422,18
2026-06-11 12:30:00+00:00,2026-06-11 12:35:00+00:00,2026-06-11 13:50:00+00:00,LONG,62750.9,63127.4054,62562.647300000004,63127.4054,TARGET,0.006000000000000005,0.004600000000000005,0.3481531278562345,76.03361570529843,16
2026-06-11 14:15:00+00:00,2026-06-11 14:20:00+00:00,2026-06-11 15:00:00+00:00,LONG,62802.3,62613.8931,62613.8931,63179.11380000001,STOP,-0.0030000000000000027,-0.004400000000000003,-0.33454790910331333,75.69906779619512,9
2026-06-11 16:20:00+00:00,2026-06-11 16:25:00+00:00,2026-06-11 17:00:00+00:00,LONG,62619.6,62431.7412,62431.7412,62995.3176,STOP,-0.0030000000000000027,-0.004400000000000003,-0.33307589830325873,75.36599189789186,8
2026-06-11 17:25:00+00:00,2026-06-11 17:30:00+00:00,2026-06-11 17:30:00+00:00,SHORT,63010.0,63199.02999999999,63199.02999999999,62631.94,STOP,-0.0029910269192421346,-0.004391026919242135,-0.3309340992190278,75.03505779867284,1
2026-06-11 17:45:00+00:00,2026-06-11 17:50:00+00:00,2026-06-11 18:00:00+00:00,SHORT,63596.5,63787.28949999999,63787.28949999999,63214.921,STOP,-0.0029910269192421346,-0.004391026919242135,-0.3294809586808619,74.70557683999198,3
2026-06-11 19:30:00+00:00,2026-06-11 19:35:00+00:00,2026-06-11 20:25:00+00:00,SHORT,63729.0,63346.626,63920.18699999999,63346.626,TARGET,0.006036217303823088,0.004636217303823088,0.34635128803765614,75.05192812802963,11
2026-06-11 23:00:00+00:00,2026-06-11 23:05:00+00:00,2026-06-12 03:00:00+00:00,LONG,63426.7,63581.8,63236.41989999999,63807.2602,TIME,0.002445342418886831,0.0010453424188868311,0.0784549640914751,75.13038309212111,48
2026-06-12 04:15:00+00:00,2026-06-12 04:20:00+00:00,2026-06-12 06:10:00+00:00,SHORT,63674.6,63292.5524,63865.623799999994,63292.5524,TARGET,0.006036217303822866,0.004636217303822866,0.34832078213453277,75.47870387425564,23
2026-06-12 06:15:00+00:00,2026-06-12 06:20:00+00:00,2026-06-12 06:30:00+00:00,LONG,63175.2,62985.674399999996,62985.674399999996,63554.2512,STOP,-0.0030000000000000027,-0.004400000000000003,-0.33210629704672506,75.14659757720892,3
2026-06-12 06:35:00+00:00,2026-06-12 06:40:00+00:00,2026-06-12 08:10:00+00:00,LONG,62963.6,63341.3816,62774.7092,63341.3816,TARGET,0.006000000000000005,0.004600000000000005,0.3456743488551614,75.49227192606408,19
2026-06-12 08:15:00+00:00,2026-06-12 08:20:00+00:00,2026-06-12 09:20:00+00:00,SHORT,63470.5,63660.911499999995,63660.911499999995,63089.676999999996,STOP,-0.0029910269192422456,-0.004391026919242246,-0.331488598222103,75.16078332784197,13
2026-06-12 09:30:00+00:00,2026-06-12 09:35:00+00:00,2026-06-12 12:25:00+00:00,SHORT,63911.0,63527.534,64102.73299999999,63527.534,TARGET,0.006036217303822866,0.004636217303822866,0.3484617242334221,75.50924505207539,35
2026-06-12 12:30:00+00:00,2026-06-12 12:35:00+00:00,2026-06-12 13:10:00+00:00,LONG,63557.7,63367.0269,63367.0269,63939.0462,STOP,-0.0030000000000000027,-0.004400000000000003,-0.3322406782291319,75.17700437384626,8
2026-06-12 13:30:00+00:00,2026-06-12 13:35:00+00:00,2026-06-12 13:40:00+00:00,LONG,63247.2,63057.458399999996,63057.458399999996,63626.6832,STOP,-0.0030000000000000027,-0.004400000000000003,-0.33077881924492375,74.84622555460133,2
2026-06-12 13:45:00+00:00,2026-06-12 13:50:00+00:00,2026-06-12 14:25:00+00:00,LONG,63209.1,63588.3546,63019.4727,63588.3546,TARGET,0.006000000000000005,0.004600000000000005,0.3442926375511665,75.1905181921525,8
2026-06-12 14:35:00+00:00,2026-06-12 14:40:00+00:00,2026-06-12 14:50:00+00:00,SHORT,63727.2,63918.38159999999,63918.38159999999,63344.8368,STOP,-0.0029910269192422456,-0.004391026919242246,-0.3301635894535154,74.86035460269898,3
2026-06-12 15:00:00+00:00,2026-06-12 15:05:00+00:00,2026-06-12 15:05:00+00:00,SHORT,63918.4,64110.155199999994,64110.155199999994,63534.8896,STOP,-0.0029910269192421346,-0.004391026919242135,-0.32871383224446304,74.53164077045452,1
2026-06-12 15:10:00+00:00,2026-06-12 15:15:00+00:00,2026-06-12 15:30:00+00:00,SHORT,64372.2,63985.966799999995,64565.31659999999,63985.966799999995,TARGET,0.006036217303822866,0.004636217303822866,0.34554488262229105,74.87718565307681,4
2026-06-12 15:35:00+00:00,2026-06-12 15:40:00+00:00,2026-06-12 15:55:00+00:00,SHORT,63975.2,63591.3488,64167.12559999999,63591.3488,TARGET,0.006036217303822866,0.004636217303822866,0.34714690378635193,75.22433255686316,4
2026-06-12 18:05:00+00:00,2026-06-12 18:10:00+00:00,2026-06-12 19:55:00+00:00,LONG,63783.5,63592.1495,63592.1495,64166.201,STOP,-0.0030000000000000027,-0.004400000000000003,-0.3309870632501981,74.89334549361297,22
2026-06-12 23:20:00+00:00,2026-06-12 23:25:00+00:00,2026-06-13 01:45:00+00:00,LONG,63458.9,63839.6534,63268.5233,63839.6534,TARGET,0.006000000000000005,0.004600000000000005,0.34450938927062,75.2378548828836,29
2026-06-13 02:20:00+00:00,2026-06-13 02:25:00+00:00,2026-06-13 06:20:00+00:00,SHORT,63754.6,63591.3,63945.86379999999,63372.0724,TIME,0.002567961340623537,0.0011679613406235369,0.08787490585465184,75.32572978873824,48
2026-06-13 07:35:00+00:00,2026-06-13 07:40:00+00:00,2026-06-13 11:35:00+00:00,SHORT,63817.3,63913.7,64008.751899999996,63434.3962,TIME,-0.0015082838264721676,-0.002908283826472168,-0.21906860166180023,75.10666118707644,48
2026-06-13 12:45:00+00:00,2026-06-13 12:50:00+00:00,2026-06-13 15:10:00+00:00,SHORT,64080.2,64272.44059999999,64272.44059999999,63695.718799999995,STOP,-0.0029910269192421346,-0.004391026919242135,-0.3297953710868511,74.7768658159896,29
2026-06-13 15:20:00+00:00,2026-06-13 15:25:00+00:00,2026-06-13 19:20:00+00:00,SHORT,64284.1,64194.5,64476.95229999999,63898.3954,TIME,0.0013957582035843963,-4.2417964156037016e-06,-0.0003171882413883436,74.77654862774821,48
2026-06-13 21:40:00+00:00,2026-06-13 21:45:00+00:00,2026-06-14 01:40:00+00:00,SHORT,64579.1,64571.0,64772.83729999999,64191.6254,TIME,0.0001254433104644903,-0.0012745566895355097,-0.09530695027387381,74.68124167747433,48
2026-06-14 04:50:00+00:00,2026-06-14 04:55:00+00:00,2026-06-14 08:50:00+00:00,LONG,64346.7,64479.4,64153.6599,64732.780199999994,TIME,0.0020622658193816257,0.0006622658193816257,0.049458833711969755,74.7307005111863,48
2026-06-14 09:20:00+00:00,2026-06-14 09:25:00+00:00,2026-06-14 13:20:00+00:00,LONG,64340.6,64340.6,64147.578199999996,64726.643599999996,TIME,0.0,-0.0014,-0.10462298071566081,74.62607753047064,48
2026-06-14 14:25:00+00:00,2026-06-14 14:30:00+00:00,2026-06-14 14:35:00+00:00,LONG,64153.7,63961.2389,63961.2389,64538.6222,STOP,-0.0030000000000000027,-0.004400000000000003,-0.32835474113407104,74.29772278933656,2
2026-06-14 14:40:00+00:00,2026-06-14 14:45:00+00:00,2026-06-14 17:55:00+00:00,LONG,63943.4,63751.569800000005,63751.569800000005,64327.0604,STOP,-0.0030000000000000027,-0.004400000000000003,-0.3269099802730811,73.97081280906347,39
2026-06-14 18:25:00+00:00,2026-06-14 18:30:00+00:00,2026-06-14 21:10:00+00:00,LONG,63729.0,64111.374,63537.813,64111.374,TARGET,0.006000000000000005,0.004600000000000005,0.3402657389216924,74.31107854798516,33
2026-06-14 21:15:00+00:00,2026-06-14 21:20:00+00:00,2026-06-14 21:25:00+00:00,SHORT,64746.4,64940.6392,64940.6392,64357.9216,STOP,-0.0029910269192422456,-0.004391026919242246,-0.32630194630212783,73.98477660168304,2
2026-06-14 21:30:00+00:00,2026-06-14 21:35:00+00:00,2026-06-14 21:40:00+00:00,SHORT,64953.7,65148.56109999999,65148.56109999999,64563.97779999999,STOP,-0.0029910269192422456,-0.004391026919242246,-0.32486914567211406,73.65990745601093,2
2026-06-14 21:45:00+00:00,2026-06-14 21:50:00+00:00,2026-06-14 21:50:00+00:00,SHORT,65418.2,65614.45459999998,65614.45459999998,65025.6908,STOP,-0.0029910269192420236,-0.004391026919242024,-0.32344263650822025,73.33646481950271,1
2026-06-15 00:05:00+00:00,2026-06-15 00:10:00+00:00,2026-06-15 01:05:00+00:00,SHORT,65749.4,65354.90359999999,65946.64819999998,65354.90359999999,TARGET,0.006036217303823088,0.004636217303823088,0.3400037871973916,73.6764686067001,12
2026-06-15 02:25:00+00:00,2026-06-15 02:30:00+00:00,2026-06-15 03:40:00+00:00,SHORT,65644.3,65841.2329,65841.2329,65250.4342,STOP,-0.0029910269192422456,-0.004391026919242246,-0.3235153569667264,73.35295324973337,15
2026-06-15 03:45:00+00:00,2026-06-15 03:50:00+00:00,2026-06-15 07:45:00+00:00,SHORT,65935.3,65700.1,66133.1059,65539.6882,TIME,0.003579903226935688,0.0021799032269356877,0.15990233949435642,73.51285558922773,48
2026-06-15 07:55:00+00:00,2026-06-15 08:00:00+00:00,2026-06-15 11:15:00+00:00,LONG,65675.7,66069.7542,65478.6729,66069.7542,TARGET,0.006000000000000005,0.004600000000000005,0.3381591357104479,73.85101472493817,40
2026-06-15 11:25:00+00:00,2026-06-15 11:30:00+00:00,2026-06-15 12:40:00+00:00,SHORT,66262.1,66460.8863,66460.8863,65864.5274,STOP,-0.0029910269192421346,-0.004391026919242135,-0.32428179367055077,73.52673293126762,15
2026-06-15 13:00:00+00:00,2026-06-15 13:05:00+00:00,2026-06-15 13:15:00+00:00,SHORT,66556.9,66756.57069999998,66756.57069999998,66157.55859999999,STOP,-0.0029910269192421346,-0.004391026919242135,-0.32285786358512325,73.20387506768249,3
2026-06-15 13:20:00+00:00,2026-06-15 13:25:00+00:00,2026-06-15 13:40:00+00:00,SHORT,66906.6,66505.16040000001,67107.3198,66505.16040000001,TARGET,0.006036217303822866,0.004636217303822866,0.33938907229567683,73.54326413997816,4
2026-06-15 15:45:00+00:00,2026-06-15 15:50:00+00:00,2026-06-15 17:10:00+00:00,SHORT,67197.8,66794.6132,67399.3934,66794.6132,TARGET,0.006036217303822866,0.004636217303822866,0.3409625537853824,73.88422669376355,17
2026-06-15 19:15:00+00:00,2026-06-15 19:20:00+00:00,2026-06-15 22:20:00+00:00,LONG,66421.2,66221.93639999999,66221.93639999999,66819.7272,STOP,-0.0030000000000001137,-0.004400000000000114,-0.325090597452568,73.55913609631098,37
2026-06-15 22:25:00+00:00,2026-06-15 22:30:00+00:00,2026-06-16 02:25:00+00:00,LONG,66164.5,65966.0065,65966.0065,66561.487,STOP,-0.0030000000000000027,-0.004400000000000003,-0.3236601988237685,73.2354758974872,48
2026-06-16 02:30:00+00:00,2026-06-16 02:35:00+00:00,2026-06-16 04:00:00+00:00,LONG,65808.0,66202.848,65610.576,66202.848,TARGET,0.006000000000000005,0.004600000000000005,0.3368831891284415,73.57235908661565,18
2026-06-16 05:05:00+00:00,2026-06-16 05:10:00+00:00,2026-06-16 06:30:00+00:00,LONG,65958.9,66354.6534,65761.0233,66354.6534,TARGET,0.006000000000000005,0.004600000000000005,0.33843285179843235,73.91079193841408,17
2026-06-16 06:35:00+00:00,2026-06-16 06:40:00+00:00,2026-06-16 08:50:00+00:00,SHORT,66460.8,66660.18239999999,66660.18239999999,66062.0352,STOP,-0.0029910269192421346,-0.004391026919242135,-0.3245442770240808,73.58624766139,27
2026-06-16 08:55:00+00:00,2026-06-16 09:00:00+00:00,2026-06-16 09:50:00+00:00,SHORT,66901.4,66499.9916,67102.10419999999,66499.9916,TARGET,0.006036217303822866,0.004636217303822866,0.34116183473113126,73.92740949612113,11
2026-06-16 11:50:00+00:00,2026-06-16 11:55:00+00:00,2026-06-16 12:30:00+00:00,LONG,66405.3,66803.73180000001,66206.08410000001,66803.73180000001,TARGET,0.006000000000000005,0.004600000000000005,0.34006608368215757,74.26747557980329,8
2026-06-16 13:05:00+00:00,2026-06-16 13:10:00+00:00,2026-06-16 13:30:00+00:00,LONG,66167.0,65968.499,65968.499,66564.002,STOP,-0.0030000000000000027,-0.004400000000000003,-0.3267768925511347,73.94069868725215,5
2026-06-16 13:35:00+00:00,2026-06-16 13:40:00+00:00,2026-06-16 14:15:00+00:00,LONG,66037.5,65839.3875,65839.3875,66433.725,STOP,-0.0030000000000000027,-0.004400000000000003,-0.3253390742239097,73.61535961302825,8
2026-06-16 14:20:00+00:00,2026-06-16 14:25:00+00:00,2026-06-16 14:30:00+00:00,LONG,65675.2,65478.174399999996,65478.174399999996,66069.2512,STOP,-0.0030000000000000027,-0.004400000000000003,-0.32390758229732447,73.29145203073092,2
2026-06-16 14:40:00+00:00,2026-06-16 14:45:00+00:00,2026-06-16 18:00:00+00:00,LONG,65699.4,66093.5964,65502.301799999994,66093.5964,TARGET,0.006000000000000005,0.004600000000000005,0.3371406793413626,73.62859271007228,40
2026-06-16 18:05:00+00:00,2026-06-16 18:10:00+00:00,2026-06-16 19:00:00+00:00,SHORT,66098.4,65701.8096,66296.69519999999,65701.8096,TARGET,0.006036217303822866,0.004636217303822866,0.34135815557856325,73.96995086565084,11
2026-06-16 19:10:00+00:00,2026-06-16 19:15:00+00:00,2026-06-16 23:10:00+00:00,LONG,65669.2,65769.9,65472.1924,66063.21519999999,TIME,0.0015334433798492864,0.00013344337984928637,0.009870800250798095,73.97982166590164,48
2026-06-17 01:15:00+00:00,2026-06-17 01:20:00+00:00,2026-06-17 02:20:00+00:00,LONG,65603.9,65997.52339999999,65407.088299999996,65997.52339999999,TARGET,0.006000000000000005,0.004600000000000005,0.34030717966314794,74.32012884556478,13
2026-06-17 04:45:00+00:00,2026-06-17 04:50:00+00:00,2026-06-17 06:30:00+00:00,SHORT,66034.7,65638.4918,66232.8041,65638.4918,TARGET,0.006036217303822866,0.004636217303822866,0.34456426737615237,74.66469311294094,21
2026-06-17 06:35:00+00:00,2026-06-17 06:40:00+00:00,2026-06-17 07:45:00+00:00,LONG,65674.0,65476.978,65476.978,66068.044,STOP,-0.0030000000000000027,-0.004400000000000003,-0.32852464969694034,74.336168463244,14
2026-06-17 07:50:00+00:00,2026-06-17 07:55:00+00:00,2026-06-17 08:35:00+00:00,LONG,65316.5,65120.5505,65120.5505,65708.399,STOP,-0.0030000000000000027,-0.004400000000000003,-0.3270791412382738,74.00908932200572,9
2026-06-17 11:00:00+00:00,2026-06-17 11:05:00+00:00,2026-06-17 12:45:00+00:00,LONG,64711.5,65099.769,64517.3655,65099.769,TARGET,0.006000000000000005,0.004600000000000005,0.3404418108812267,74.34953113288695,21
2026-06-17 13:30:00+00:00,2026-06-17 13:35:00+00:00,2026-06-17 13:35:00+00:00,SHORT,65027.2,65222.28159999999,65222.28159999999,64637.036799999994,STOP,-0.0029910269192421346,-0.004391026919242135,-0.32647079263753775,74.02306034024942,1
2026-06-17 13:40:00+00:00,2026-06-17 13:45:00+00:00,2026-06-17 14:45:00+00:00,SHORT,65282.1,64890.4074,65477.94629999999,64890.4074,TARGET,0.006036217303822866,0.004636217303822866,0.34318699323138846,74.3662473334808,13
2026-06-17 15:50:00+00:00,2026-06-17 15:55:00+00:00,2026-06-17 16:15:00+00:00,SHORT,65689.6,65886.6688,65886.6688,65295.462400000004,STOP,-0.0029910269192421346,-0.004391026919242135,-0.3265441939243328,74.03970313955647,5
2026-06-17 16:25:00+00:00,2026-06-17 16:30:00+00:00,2026-06-17 16:50:00+00:00,SHORT,66255.1,65857.56940000001,66453.8653,65857.56940000001,TARGET,0.006036217303822866,0.004636217303822866,0.34326415286551987,74.38296729242198,5
2026-06-17 18:00:00+00:00,2026-06-17 18:05:00+00:00,2026-06-17 18:05:00+00:00,LONG,65240.7,65044.9779,65044.9779,65632.1442,STOP,-0.0030000000000000027,-0.004400000000000003,-0.3272850560866569,74.05568223633533,1
2026-06-17 18:30:00+00:00,2026-06-17 18:35:00+00:00,2026-06-17 18:35:00+00:00,LONG,65286.1,65677.8166,65090.2417,65677.8166,TARGET,0.006000000000000005,0.004600000000000005,0.3406561382871429,74.39633837462247,1
2026-06-17 18:40:00+00:00,2026-06-17 18:45:00+00:00,2026-06-17 18:55:00+00:00,SHORT,66041.0,65644.754,66239.12299999999,65644.754,TARGET,0.006036217303822866,0.004636217303822866,0.3449175913134858,74.74125596593596,3
2026-06-17 19:20:00+00:00,2026-06-17 19:25:00+00:00,2026-06-17 19:25:00+00:00,LONG,64630.8,64436.907600000006,64436.907600000006,65018.584800000004,STOP,-0.0030000000000000027,-0.004400000000000003,-0.32886152625011844,74.41239443968584,1
2026-06-17 22:00:00+00:00,2026-06-17 22:05:00+00:00,2026-06-17 22:30:00+00:00,LONG,63991.9,64375.8514,63799.9243,64375.8514,TARGET,0.006000000000000005,0.004600000000000005,0.3422970144225552,74.7546914541084,6
2026-06-17 23:10:00+00:00,2026-06-17 23:15:00+00:00,2026-06-17 23:20:00+00:00,SHORT,64319.2,64512.15759999999,64512.15759999999,63933.284799999994,STOP,-0.0029910269192421346,-0.004391026919242135,-0.32824986251462995,74.42644159159377,2
2026-06-18 02:10:00+00:00,2026-06-18 02:15:00+00:00,2026-06-18 03:25:00+00:00,LONG,64570.5,64376.7885,64376.7885,64957.923,STOP,-0.0030000000000000027,-0.004400000000000003,-0.3274763430030128,74.09896524859076,15
2026-06-18 03:30:00+00:00,2026-06-18 03:35:00+00:00,2026-06-18 04:05:00+00:00,LONG,64328.3,64135.3151,64135.3151,64714.2698,STOP,-0.0030000000000000027,-0.004400000000000003,-0.32603544709379956,73.77292980149696,7
2026-06-18 04:10:00+00:00,2026-06-18 04:15:00+00:00,2026-06-18 05:00:00+00:00,LONG,63931.3,63739.506100000006,63739.506100000006,64314.887800000004,STOP,-0.0030000000000000027,-0.004400000000000003,-0.3246008911265868,73.44832891037036,10
2026-06-18 07:10:00+00:00,2026-06-18 07:15:00+00:00,2026-06-18 07:25:00+00:00,SHORT,64090.4,64282.6712,64282.6712,63705.8576,STOP,-0.0029910269192422456,-0.004391026919242246,-0.32251358941879477,73.12581532095157,3
2026-06-18 07:35:00+00:00,2026-06-18 07:40:00+00:00,2026-06-18 08:05:00+00:00,SHORT,64455.4,64648.76619999999,64648.76619999999,64068.6676,STOP,-0.0029910269192421346,-0.004391026919242135,-0.32109742356582727,72.80471789738574,6
2026-06-18 09:20:00+00:00,2026-06-18 09:25:00+00:00,2026-06-18 09:30:00+00:00,LONG,64413.8,64220.558600000004,64220.558600000004,64800.2828,STOP,-0.0030000000000000027,-0.004400000000000003,-0.3203407587484975,72.48437713863724,2
2026-06-18 09:35:00+00:00,2026-06-18 09:40:00+00:00,2026-06-18 10:05:00+00:00,LONG,64282.9,64090.0513,64090.0513,64668.5974,STOP,-0.0030000000000000027,-0.004400000000000003,-0.31893125941000405,72.16544587922724,6
2026-06-18 10:10:00+00:00,2026-06-18 10:15:00+00:00,2026-06-18 12:55:00+00:00,LONG,64005.7,64389.7342,63813.6829,64389.7342,TARGET,0.006000000000000005,0.004600000000000005,0.3319610510444457,72.49740693027168,33
2026-06-18 13:00:00+00:00,2026-06-18 13:05:00+00:00,2026-06-18 13:40:00+00:00,SHORT,64341.1,63955.0534,64534.12329999999,63955.0534,TARGET,0.006036217303822866,0.004636217303822866,0.33611373249241333,72.83352066276409,8
2026-06-18 15:15:00+00:00,2026-06-18 15:20:00+00:00,2026-06-18 15:30:00+00:00,LONG,63394.7,63204.5159,63204.5159,63775.068199999994,STOP,-0.0030000000000000027,-0.004400000000000003,-0.32046749091616217,72.51305317184793,3
2026-06-18 15:35:00+00:00,2026-06-18 15:40:00+00:00,2026-06-18 15:40:00+00:00,LONG,62937.7,62748.8869,62748.8869,63315.326199999996,STOP,-0.0030000000000000027,-0.004400000000000003,-0.3190574339561311,72.1939957378918,1
2026-06-18 15:55:00+00:00,2026-06-18 16:00:00+00:00,2026-06-18 16:20:00+00:00,LONG,62369.8,62744.018800000005,62182.6906,62744.018800000005,TARGET,0.006000000000000005,0.004600000000000005,0.3320923803943026,72.5260881182861,5
2026-06-18 18:15:00+00:00,2026-06-18 18:20:00+00:00,2026-06-18 20:00:00+00:00,SHORT,62859.9,63048.479699999996,63048.479699999996,62482.740600000005,STOP,-0.0029910269192422456,-0.004391026919242246,-0.31846400527472946,72.20762411301136,21
2026-06-18 20:30:00+00:00,2026-06-18 20:35:00+00:00,2026-06-18 22:30:00+00:00,SHORT,63144.2,62765.3348,63333.63259999999,62765.3348,TARGET,0.006036217303822866,0.004636217303822866,0.3347702363806805,72.54239434939204,24
2026-06-19 00:45:00+00:00,2026-06-19 00:50:00+00:00,2026-06-19 03:15:00+00:00,SHORT,63063.5,62685.119,63252.69049999999,62685.119,TARGET,0.006036217303822866,0.004636217303822866,0.33632230394339346,72.87871665333543,30
2026-06-19 03:20:00+00:00,2026-06-19 03:25:00+00:00,2026-06-19 03:35:00+00:00,LONG,62846.7,62658.1599,62658.1599,63223.780199999994,STOP,-0.0030000000000000027,-0.004400000000000003,-0.32066635327467613,72.55805030006076,3
2026-06-19 04:55:00+00:00,2026-06-19 05:00:00+00:00,2026-06-19 06:00:00+00:00,LONG,62456.2,62830.9372,62268.831399999995,62830.9372,TARGET,0.006000000000000005,0.004600000000000005,0.33376703138027985,72.89181733144103,13
2026-06-19 06:10:00+00:00,2026-06-19 06:15:00+00:00,2026-06-19 09:10:00+00:00,SHORT,62848.1,62471.011399999996,63036.64429999999,62471.011399999996,TARGET,0.006036217303823088,0.004636217303823088,0.33794230481913856,73.22975963626017,36
2026-06-19 09:15:00+00:00,2026-06-19 09:20:00+00:00,2026-06-19 12:50:00+00:00,LONG,62421.9,62796.4314,62234.6343,62796.4314,TARGET,0.006000000000000005,0.004600000000000005,0.33685689432679716,73.56661653058697,43
2026-06-19 13:00:00+00:00,2026-06-19 13:05:00+00:00,2026-06-19 13:40:00+00:00,SHORT,62872.1,63060.71629999999,63060.71629999999,62494.867399999996,STOP,-0.0029910269192421346,-0.004391026919242135,-0.3230329935433708,73.2435835370436,8
2026-06-19 13:45:00+00:00,2026-06-19 13:50:00+00:00,2026-06-19 16:55:00+00:00,SHORT,63311.2,62931.3328,63501.133599999994,62931.3328,TARGET,0.006036217303822866,0.004636217303822866,0.3395731693884372,73.58315670643205,38
2026-06-19 20:45:00+00:00,2026-06-19 20:50:00+00:00,2026-06-19 22:45:00+00:00,SHORT,63179.1,63368.637299999995,63368.637299999995,62800.0254,STOP,-0.0029910269192422456,-0.004391026919242246,-0.3231056219007637,73.26005108453128,24
2026-06-19 23:55:00+00:00,2026-06-20 00:00:00+00:00,2026-06-20 00:30:00+00:00,SHORT,63541.0,63731.62299999999,63731.62299999999,63159.754,STOP,-0.0029910269192421346,-0.004391026919242135,-0.3216868564172308,72.93836422811405,7
2026-06-20 00:35:00+00:00,2026-06-20 00:40:00+00:00,2026-06-20 04:35:00+00:00,SHORT,63583.9,63558.4,63774.651699999995,63202.3966,TIME,0.00040120582015901185,-0.0009987941798409881,-0.07285041367816245,72.86551381443589,48
2026-06-20 05:05:00+00:00,2026-06-20 05:10:00+00:00,2026-06-20 05:10:00+00:00,SHORT,63697.0,63888.09099999999,63888.09099999999,63314.818,STOP,-0.0029910269192421346,-0.004391026919242135,-0.31995443264359763,72.54555938179229,1
2026-06-20 08:10:00+00:00,2026-06-20 08:15:00+00:00,2026-06-20 12:10:00+00:00,LONG,63536.2,63757.8,63345.5914,63917.417199999996,TIME,0.0034877754728801502,0.00208777547288015,0.1514588395436764,72.69701822133597,48
2026-06-20 12:45:00+00:00,2026-06-20 12:50:00+00:00,2026-06-20 13:20:00+00:00,LONG,63612.4,63421.5628,63421.5628,63994.074400000005,STOP,-0.0030000000000000027,-0.004400000000000003,-0.3198668801738785,72.37715134116209,7
2026-06-20 13:25:00+00:00,2026-06-20 13:30:00+00:00,2026-06-20 14:45:00+00:00,LONG,63352.6,63732.715599999996,63162.542199999996,63732.715599999996,TARGET,0.006000000000000005,0.004600000000000005,0.33293489616934596,72.71008623733144,16
2026-06-20 15:15:00+00:00,2026-06-20 15:20:00+00:00,2026-06-20 17:35:00+00:00,SHORT,64229.9,63844.5206,64422.5897,63844.5206,TARGET,0.006036217303822866,0.004636217303822866,0.33709975997596886,73.04718599730741,28
2026-06-20 19:40:00+00:00,2026-06-20 19:45:00+00:00,2026-06-20 22:10:00+00:00,SHORT,63951.2,64143.05359999999,64143.05359999999,63567.4928,STOP,-0.0029910269192422456,-0.004391026919242246,-0.3207521600890721,72.72643383721834,30
2026-06-20 22:20:00+00:00,2026-06-20 22:25:00+00:00,2026-06-21 02:20:00+00:00,SHORT,64224.4,64224.4,64417.07319999999,63839.0536,TIME,0.0,-0.0014,-0.10181700737210567,72.62461682984623,48
2026-06-21 03:20:00+00:00,2026-06-21 03:25:00+00:00,2026-06-21 07:20:00+00:00,SHORT,64411.2,64213.6,64604.43359999999,64024.7328,TIME,0.003077229745723553,0.0016772297457235531,0.12180816761879347,72.74642499746503,48
2026-06-21 08:30:00+00:00,2026-06-21 08:35:00+00:00,2026-06-21 10:20:00+00:00,LONG,63958.4,64342.1504,63766.5248,64342.1504,TARGET,0.006000000000000005,0.004600000000000005,0.3346335549883395,73.08105855245337,22
2026-06-21 10:35:00+00:00,2026-06-21 10:40:00+00:00,2026-06-21 12:35:00+00:00,SHORT,64363.9,63977.7166,64556.99169999999,63977.7166,TARGET,0.006036217303822866,0.004636217303822866,0.33881966824257637,73.41987822069595,24
2026-06-21 15:40:00+00:00,2026-06-21 15:45:00+00:00,2026-06-21 19:40:00+00:00,SHORT,64294.0,64208.5,64486.88199999999,63908.236,TIME,0.0013315993988334274,-6.840060116657261e-05,-0.0050219638078721545,73.41485625688807,48
2026-06-21 20:40:00+00:00,2026-06-21 20:45:00+00:00,2026-06-21 20:45:00+00:00,LONG,63974.0,63782.078,63782.078,64357.844,STOP,-0.0030000000000000027,-0.004400000000000003,-0.32302536753030775,73.09183088935777,1
2026-06-21 20:50:00+00:00,2026-06-21 20:55:00+00:00,2026-06-21 21:05:00+00:00,LONG,63838.3,63646.7851,63646.7851,64221.32980000001,STOP,-0.0030000000000000027,-0.004400000000000003,-0.32160405591317437,72.7702268334446,3
2026-06-21 21:10:00+00:00,2026-06-21 21:15:00+00:00,2026-06-21 23:30:00+00:00,LONG,63628.9,63438.0133,63438.0133,64010.6734,STOP,-0.0030000000000000027,-0.004400000000000003,-0.32018899806715645,72.45003783537744,28
2026-06-21 23:35:00+00:00,2026-06-21 23:40:00+00:00,2026-06-22 00:30:00+00:00,LONG,63385.0,63765.31,63194.845,63765.31,TARGET,0.006000000000000005,0.004600000000000005,0.3332701740427366,72.78330800942018,11
2026-06-22 00:35:00+00:00,2026-06-22 00:40:00+00:00,2026-06-22 01:20:00+00:00,SHORT,63980.8,64172.742399999996,64172.742399999996,63596.9152,STOP,-0.0029910269192421346,-0.004391026919242135,-0.3195934647408557,72.46371454467932,9
2026-06-22 01:25:00+00:00,2026-06-22 01:30:00+00:00,2026-06-22 02:55:00+00:00,SHORT,64652.6,64264.6844,64846.557799999995,64264.6844,TARGET,0.006036217303822866,0.004636217303822866,0.33595752727132294,72.79967207195064,18
2026-06-22 03:00:00+00:00,2026-06-22 03:05:00+00:00,2026-06-22 03:55:00+00:00,LONG,64142.9,63950.471300000005,63950.471300000005,64527.7574,STOP,-0.0030000000000000027,-0.004400000000000003,-0.320318557116583,72.47935351483406,11
2026-06-22 05:10:00+00:00,2026-06-22 05:15:00+00:00,2026-06-22 09:10:00+00:00,SHORT,64285.5,64180.3,64478.356499999994,63899.787,TIME,0.0016391322570943334,0.00023913225709433343,0.017332151398740378,72.4966856662328,48
2026-06-22 11:20:00+00:00,2026-06-22 11:25:00+00:00,2026-06-22 11:30:00+00:00,SHORT,64345.8,64538.8374,64538.8374,63959.7252,STOP,-0.0029910269192421346,-0.004391026919242135,-0.31833489831626366,72.17835076791654,2
2026-06-22 11:35:00+00:00,2026-06-22 11:40:00+00:00,2026-06-22 12:00:00+00:00,SHORT,64650.2,64844.15059999999,64844.15059999999,64262.2988,STOP,-0.0029910269192422456,-0.004391026919242246,-0.3169370812084308,71.8614136867081,5
2026-06-22 12:35:00+00:00,2026-06-22 12:40:00+00:00,2026-06-22 13:35:00+00:00,SHORT,65097.9,65293.193699999996,65293.193699999996,64707.3126,STOP,-0.0029910269192422456,-0.004391026919242246,-0.31554540195313846,71.54586828475496,12
2026-06-22 13:40:00+00:00,2026-06-22 13:45:00+00:00,2026-06-22 14:00:00+00:00,SHORT,65411.7,65607.93509999999,65607.93509999999,65019.229799999994,STOP,-0.0029910269192421346,-0.004391026919242135,-0.31415983359891114,71.23170845115605,4
2026-06-22 14:35:00+00:00,2026-06-22 14:40:00+00:00,2026-06-22 16:00:00+00:00,LONG,64937.4,64742.5878,64742.5878,65327.0244,STOP,-0.0030000000000000027,-0.004400000000000003,-0.3134195171850868,70.91828893397097,17
2026-06-22 19:15:00+00:00,2026-06-22 19:20:00+00:00,2026-06-22 21:35:00+00:00,LONG,64415.0,64221.755,64221.755,64801.49,STOP,-0.0030000000000000027,-0.004400000000000003,-0.3120404713094725,70.6062484626615,28
2026-06-22 22:25:00+00:00,2026-06-22 22:30:00+00:00,2026-06-22 22:40:00+00:00,LONG,64039.2,63847.0824,63847.0824,64423.4352,STOP,-0.0030000000000000027,-0.004400000000000003,-0.3106674932357108,70.29558096942579,3
2026-06-22 22:55:00+00:00,2026-06-22 23:00:00+00:00,2026-06-23 02:55:00+00:00,LONG,63979.0,64206.2,63787.063,64362.874,TIME,0.003551165226089781,0.0021511652260897806,0.1512174093292073,70.44679837875499,48
2026-06-23 04:30:00+00:00,2026-06-23 04:35:00+00:00,2026-06-23 04:50:00+00:00,LONG,63888.1,63696.4357,63696.4357,64271.4286,STOP,-0.0030000000000000027,-0.004400000000000003,-0.30996591286652214,70.13683246588847,4
2026-06-23 04:55:00+00:00,2026-06-23 05:00:00+00:00,2026-06-23 05:20:00+00:00,LONG,63623.1,63432.2307,63432.2307,64004.838599999995,STOP,-0.0030000000000000027,-0.004400000000000003,-0.3086020628499095,69.82823040303856,5
2026-06-23 06:05:00+00:00,2026-06-23 06:10:00+00:00,2026-06-23 06:15:00+00:00,LONG,63170.2,62980.689399999996,62980.689399999996,63549.2212,STOP,-0.0030000000000000027,-0.004400000000000003,-0.30724421377336986,69.52098618926519,2
2026-06-23 06:20:00+00:00,2026-06-23 06:25:00+00:00,2026-06-23 06:45:00+00:00,LONG,62662.0,63037.972,62474.014,63037.972,TARGET,0.006000000000000005,0.004600000000000005,0.31979653647062023,69.8407827257358,5
2026-06-23 08:15:00+00:00,2026-06-23 08:20:00+00:00,2026-06-23 08:20:00+00:00,LONG,62403.3,62216.0901,62216.0901,62777.719800000006,STOP,-0.0030000000000000027,-0.004400000000000003,-0.3072994439932378,69.53348328174256,1
2026-06-23 08:25:00+00:00,2026-06-23 08:30:00+00:00,2026-06-23 08:40:00+00:00,LONG,62037.5,62409.725,61851.3875,62409.725,TARGET,0.006000000000000005,0.004600000000000005,0.3198540230960161,69.85333730483858,3
2026-06-23 11:00:00+00:00,2026-06-23 11:05:00+00:00,2026-06-23 13:05:00+00:00,LONG,62339.6,62152.5812,62152.5812,62713.6376,STOP,-0.0030000000000000027,-0.004400000000000003,-0.3073546841412899,69.54598262069729,25
2026-06-23 13:50:00+00:00,2026-06-23 13:55:00+00:00,2026-06-23 14:00:00+00:00,SHORT,62433.2,62620.49959999999,62620.49959999999,62058.6008,STOP,-0.0029910269192421346,-0.004391026919242135,-0.30537828181262744,69.24060433888467,2
2026-06-23 14:10:00+00:00,2026-06-23 14:15:00+00:00,2026-06-23 15:05:00+00:00,SHORT,62737.0,62360.578,62925.210999999996,62360.578,TARGET,0.006036217303822866,0.004636217303822866,0.3210144879630897,69.56161882684775,11
2026-06-23 15:15:00+00:00,2026-06-23 15:20:00+00:00,2026-06-23 16:05:00+00:00,LONG,62253.2,62626.7192,62066.4404,62626.7192,TARGET,0.006000000000000005,0.004600000000000005,0.3199834466035,69.88160227345125,10
2026-06-23 16:10:00+00:00,2026-06-23 16:15:00+00:00,2026-06-23 17:05:00+00:00,SHORT,62789.7,62412.9618,62978.06909999999,62412.9618,TARGET,0.006036217303822866,0.004636217303822866,0.323986293679042,70.20558856713029,11
2026-06-23 18:40:00+00:00,2026-06-23 18:45:00+00:00,2026-06-23 20:00:00+00:00,LONG,62153.6,62526.5216,61967.1392,62526.5216,TARGET,0.006000000000000005,0.004600000000000005,0.3229457074087997,70.5285342745391,16
2026-06-23 21:40:00+00:00,2026-06-23 21:45:00+00:00,2026-06-24 00:00:00+00:00,SHORT,62622.1,62809.96629999999,62809.96629999999,62246.367399999996,STOP,-0.0029910269192421346,-0.004391026919242135,-0.30969269257419274,70.21884158196491,28
2026-06-24 00:05:00+00:00,2026-06-24 00:10:00+00:00,2026-06-24 01:30:00+00:00,SHORT,62861.1,63049.68329999999,63049.68329999999,62483.9334,STOP,-0.0029910269192421346,-0.004391026919242135,-0.3083328236244069,69.9105087583405,17
2026-06-24 02:35:00+00:00,2026-06-24 02:40:00+00:00,2026-06-24 03:15:00+00:00,LONG,62662.4,62474.4128,62474.4128,63038.3744,STOP,-0.0030000000000000027,-0.004400000000000003,-0.3076062385366984,69.6029025198038,8
2026-06-24 05:20:00+00:00,2026-06-24 05:25:00+00:00,2026-06-24 05:35:00+00:00,SHORT,62873.5,63062.12049999999,63062.12049999999,62496.259,STOP,-0.0029910269192421346,-0.004391026919242135,-0.30562821862184475,69.29727430118196,3
2026-06-24 05:40:00+00:00,2026-06-24 05:45:00+00:00,2026-06-24 09:40:00+00:00,SHORT,62930.2,62664.2,63118.99059999999,62552.6188,TIME,0.004244847935503948,0.002844847935503948,0.19714020773176827,69.49441450891372,48
2026-06-24 10:15:00+00:00,2026-06-24 10:20:00+00:00,2026-06-24 11:05:00+00:00,LONG,62550.1,62362.4497,62362.4497,62925.4006,STOP,-0.0030000000000000027,-0.004400000000000003,-0.3057754238392206,69.1886390850745,10
2026-06-24 11:45:00+00:00,2026-06-24 11:50:00+00:00,2026-06-24 12:50:00+00:00,SHORT,63097.2,62718.616799999996,63286.49159999999,62718.616799999996,TARGET,0.006036217303822866,0.004636217303822866,0.3207735657541775,69.50941265082868,13
2026-06-24 13:00:00+00:00,2026-06-24 13:05:00+00:00,2026-06-24 13:05:00+00:00,LONG,62400.0,62212.8,62212.8,62774.4,STOP,-0.0030000000000000027,-0.004400000000000003,-0.30584141566364637,69.20357123516503,1
2026-06-24 13:10:00+00:00,2026-06-24 13:15:00+00:00,2026-06-24 13:20:00+00:00,LONG,62037.1,61850.9887,61850.9887,62409.3226,STOP,-0.0030000000000000027,-0.004400000000000003,-0.3044957134347263,68.8990755217303,2
2026-06-24 13:25:00+00:00,2026-06-24 13:30:00+00:00,2026-06-24 13:40:00+00:00,LONG,61852.6,61667.042199999996,61667.042199999996,62223.715599999996,STOP,-0.0030000000000000027,-0.004400000000000003,-0.3031559322956135,68.59591958943469,3
2026-06-24 13:45:00+00:00,2026-06-24 13:50:00+00:00,2026-06-24 13:55:00+00:00,LONG,61496.0,61311.512,61311.512,61864.976,STOP,-0.0030000000000000027,-0.004400000000000003,-0.3018220461935128,68.29409754324118,2
2026-06-24 14:15:00+00:00,2026-06-24 14:20:00+00:00,2026-06-24 14:35:00+00:00,LONG,61014.1,61380.1846,60831.0577,61380.1846,TARGET,0.006000000000000005,0.004600000000000005,0.31415284869890975,68.60825039194009,4
2026-06-24 15:30:00+00:00,2026-06-24 15:35:00+00:00,2026-06-24 15:40:00+00:00,LONG,60776.6,60594.2702,60594.2702,61141.2596,STOP,-0.0030000000000000027,-0.004400000000000003,-0.3018763017245366,68.30637409021556,2
2026-06-24 15:45:00+00:00,2026-06-24 15:50:00+00:00,2026-06-24 16:05:00+00:00,LONG,60437.1,60255.7887,60255.7887,60799.7226,STOP,-0.0030000000000000027,-0.004400000000000003,-0.3005480459969486,68.00582604421861,4
2026-06-24 16:10:00+00:00,2026-06-24 16:15:00+00:00,2026-06-24 16:35:00+00:00,LONG,60531.2,60349.6064,60349.6064,60894.3872,STOP,-0.0030000000000000027,-0.004400000000000003,-0.2992256345945621,67.70660040962404,5
2026-06-24 16:45:00+00:00,2026-06-24 16:50:00+00:00,2026-06-24 16:50:00+00:00,LONG,60082.0,59901.754,59901.754,60442.492,STOP,-0.0030000000000000027,-0.004400000000000003,-0.297909041802346,67.4086913678217,1
2026-06-24 16:55:00+00:00,2026-06-24 17:00:00+00:00,2026-06-24 17:15:00+00:00,LONG,59855.1,59675.5347,59675.5347,60214.230599999995,STOP,-0.0030000000000000027,-0.004400000000000003,-0.29659824201841567,67.11209312580328,4
2026-06-24 17:20:00+00:00,2026-06-24 17:25:00+00:00,2026-06-24 17:40:00+00:00,LONG,59528.7,59350.1139,59350.1139,59885.8722,STOP,-0.0030000000000000027,-0.004400000000000003,-0.2952932097535346,66.81679991604975,4
2026-06-24 17:45:00+00:00,2026-06-24 17:50:00+00:00,2026-06-24 18:15:00+00:00,LONG,59395.9,59752.2754,59217.7123,59752.2754,TARGET,0.006000000000000005,0.004600000000000005,0.3073572796138292,67.12415719566357,6
2026-06-24 20:00:00+00:00,2026-06-24 20:05:00+00:00,2026-06-24 20:05:00+00:00,SHORT,60246.4,60427.1392,60427.1392,59884.9216,STOP,-0.0029910269192422456,-0.004391026919242246,-0.29474398117760686,66.82941321448597,1
2026-06-24 20:10:00+00:00,2026-06-24 20:15:00+00:00,2026-06-24 20:30:00+00:00,SHORT,60682.2,60864.24659999999,60864.24659999999,60318.106799999994,STOP,-0.0029910269192421346,-0.004391026919242135,-0.2934497524219639,66.535963462064,4
2026-06-24 22:00:00+00:00,2026-06-24 22:05:00+00:00,2026-06-25 02:00:00+00:00,SHORT,61043.6,60905.1,61226.73079999999,60677.3384,TIME,0.002274029596864624,0.000874029596864624,0.05815440132174716,66.59411786338575,48
2026-06-25 02:45:00+00:00,2026-06-25 02:50:00+00:00,2026-06-25 04:50:00+00:00,LONG,60751.6,61116.109599999996,60569.345199999996,61116.109599999996,TARGET,0.006000000000000005,0.004600000000000005,0.3063329421715748,66.90045080555733,25
2026-06-25 04:55:00+00:00,2026-06-25 05:00:00+00:00,2026-06-25 05:00:00+00:00,SHORT,61358.4,61542.47519999999,61542.47519999999,60990.2496,STOP,-0.0029910269192421346,-0.004391026919242135,-0.29376168039663636,66.60668912516068,1
2026-06-25 05:05:00+00:00,2026-06-25 05:10:00+00:00,2026-06-25 07:15:00+00:00,SHORT,61692.7,61877.77809999999,61877.77809999999,61322.5438,STOP,-0.0029910269192421346,-0.004391026919242135,-0.2924717649501729,66.3142173602105,26
2026-06-25 07:20:00+00:00,2026-06-25 07:25:00+00:00,2026-06-25 10:40:00+00:00,SHORT,61835.6,61464.5864,62021.106799999994,61464.5864,TARGET,0.006036217303822866,0.004636217303822866,0.3074471220148786,66.62166448222538,40
2026-06-25 10:45:00+00:00,2026-06-25 10:50:00+00:00,2026-06-25 11:05:00+00:00,LONG,61344.5,61160.4665,61160.4665,61712.567,STOP,-0.0030000000000000027,-0.004400000000000003,-0.2931353237217919,66.3285291585036,4
2026-06-25 11:10:00+00:00,2026-06-25 11:15:00+00:00,2026-06-25 11:45:00+00:00,LONG,61356.2,61172.1314,61172.1314,61724.337199999994,STOP,-0.0030000000000000027,-0.004400000000000003,-0.291845528297416,66.03668363020618,7
2026-06-25 12:25:00+00:00,2026-06-25 12:30:00+00:00,2026-06-25 12:30:00+00:00,LONG,61102.7,61469.316199999994,60919.391899999995,61469.316199999994,TARGET,0.006000000000000005,0.004600000000000005,0.30376874469894877,66.34045237490513,1
2026-06-25 13:30:00+00:00,2026-06-25 13:35:00+00:00,2026-06-25 13:35:00+00:00,LONG,61011.0,60827.967,60827.967,61377.066,STOP,-0.0030000000000000027,-0.004400000000000003,-0.29189799044958276,66.04855438445554,1
2026-06-25 13:40:00+00:00,2026-06-25 13:45:00+00:00,2026-06-25 13:45:00+00:00,LONG,60081.1,59900.8567,59900.8567,60441.5866,STOP,-0.0030000000000000027,-0.004400000000000003,-0.29061363929160455,65.75794074516394,1
2026-06-25 13:50:00+00:00,2026-06-25 13:55:00+00:00,2026-06-25 13:55:00+00:00,LONG,58809.6,58633.1712,58633.1712,59162.4576,STOP,-0.0030000000000000027,-0.004400000000000003,-0.2893349392787215,65.46860580588522,1
2026-06-25 14:00:00+00:00,2026-06-25 14:05:00+00:00,2026-06-25 14:05:00+00:00,LONG,58917.2,59270.703199999996,58740.448399999994,59270.703199999996,TARGET,0.006000000000000005,0.004600000000000005,0.3011555867070723,65.76976139259229,1
2026-06-25 14:30:00+00:00,2026-06-25 14:35:00+00:00,2026-06-25 14:35:00+00:00,LONG,60049.8,59869.6506,59869.6506,60410.0988,STOP,-0.0030000000000000027,-0.004400000000000003,-0.28938695012740623,65.48037444246488,1
2026-06-25 17:15:00+00:00,2026-06-25 17:20:00+00:00,2026-06-25 18:00:00+00:00,LONG,59426.0,59782.556,59247.722,59782.556,TARGET,0.006000000000000005,0.004600000000000005,0.3012097224353388,65.78158416490022,9
2026-06-25 19:00:00+00:00,2026-06-25 19:05:00+00:00,2026-06-25 19:20:00+00:00,LONG,59376.1,59197.9717,59197.9717,59732.3566,STOP,-0.0029999999999998916,-0.004399999999999892,-0.2894389703255539,65.49214519457468,4
2026-06-25 20:00:00+00:00,2026-06-25 20:05:00+00:00,2026-06-25 20:50:00+00:00,SHORT,59730.1,59371.7194,59909.29029999999,59371.7194,TARGET,0.006036217303822866,0.004636217303822866,0.3036358168155667,65.79578101139025,10
2026-06-25 21:00:00+00:00,2026-06-25 21:05:00+00:00,2026-06-25 21:30:00+00:00,LONG,59515.8,59872.8948,59337.2526,59872.8948,TARGET,0.006000000000000005,0.004600000000000005,0.3026605926523955,66.09844160404265,6
2026-06-25 21:55:00+00:00,2026-06-25 22:00:00+00:00,2026-06-25 22:20:00+00:00,SHORT,60218.8,59857.4872,60399.456399999995,59857.4872,TARGET,0.006036217303822866,0.004636217303822866,0.30644673872038775,66.40488834276303,5
2026-06-26 01:05:00+00:00,2026-06-26 01:10:00+00:00,2026-06-26 01:25:00+00:00,LONG,59550.5,59371.8485,59371.8485,59907.803,STOP,-0.0030000000000000027,-0.004400000000000003,-0.2921815087081575,66.11270683405488,4
2026-06-26 01:50:00+00:00,2026-06-26 01:55:00+00:00,2026-06-26 02:10:00+00:00,LONG,59389.4,59211.2318,59211.2318,59745.7364,STOP,-0.0030000000000000027,-0.004400000000000003,-0.29089591006984167,65.82181092398504,4
2026-06-26 02:15:00+00:00,2026-06-26 02:20:00+00:00,2026-06-26 02:20:00+00:00,LONG,58646.8,58470.8596,58470.8596,58998.6808,STOP,-0.0030000000000000027,-0.004400000000000003,-0.28961596806553436,65.53219495591951,1
2026-06-26 02:45:00+00:00,2026-06-26 02:50:00+00:00,2026-06-26 02:55:00+00:00,LONG,58627.4,58451.5178,58451.5178,58979.1644,STOP,-0.0030000000000000027,-0.004400000000000003,-0.28834165780604604,65.24385329811346,2
2026-06-26 03:00:00+00:00,2026-06-26 03:05:00+00:00,2026-06-26 03:25:00+00:00,LONG,58673.1,59025.1386,58497.0807,59025.1386,TARGET,0.006000000000000005,0.004600000000000005,0.3001217251713223,65.54397502328479,5
2026-06-26 03:45:00+00:00,2026-06-26 03:50:00+00:00,2026-06-26 03:55:00+00:00,SHORT,59713.1,59892.239299999994,59892.239299999994,59354.8214,STOP,-0.0029910269192422456,-0.004391026919242246,-0.2878053587213849,65.2561696645634,2
2026-06-26 06:35:00+00:00,2026-06-26 06:40:00+00:00,2026-06-26 06:40:00+00:00,SHORT,60212.4,60393.03719999999,60393.03719999999,59851.1256,STOP,-0.0029910269192421346,-0.004391026919242135,-0.2865415976437299,64.96962806691967,1
2026-06-26 06:45:00+00:00,2026-06-26 06:50:00+00:00,2026-06-26 07:10:00+00:00,SHORT,60338.1,60519.114299999994,60519.114299999994,59976.0714,STOP,-0.0029910269192422456,-0.004391026919242246,-0.28528338577500084,64.68434468114467,5
2026-06-26 07:25:00+00:00,2026-06-26 07:30:00+00:00,2026-06-26 08:10:00+00:00,SHORT,60600.0,60236.4,60781.799999999996,60236.4,TARGET,0.006036217303822866,0.004636217303822866,0.29989067809716546,64.98423535924184,9
2026-06-26 09:40:00+00:00,2026-06-26 09:45:00+00:00,2026-06-26 09:45:00+00:00,LONG,59997.8,59817.8066,59817.8066,60357.7868,STOP,-0.0030000000000000027,-0.004400000000000003,-0.2859306355806643,64.69830472366117,1
2026-06-26 09:50:00+00:00,2026-06-26 09:55:00+00:00,2026-06-26 10:35:00+00:00,LONG,59798.9,59619.503300000004,59619.503300000004,60157.693400000004,STOP,-0.0030000000000000027,-0.004400000000000003,-0.2846725407841093,64.41363218287705,9
2026-06-26 11:20:00+00:00,2026-06-26 11:25:00+00:00,2026-06-26 11:50:00+00:00,LONG,59461.9,59283.5143,59283.5143,59818.6714,STOP,-0.0030000000000000027,-0.004400000000000003,-0.2834199816046592,64.1302122012724,6
2026-06-26 12:30:00+00:00,2026-06-26 12:35:00+00:00,2026-06-26 12:35:00+00:00,SHORT,59877.8,59518.533200000005,60057.433399999994,59518.533200000005,TARGET,0.006036217303822866,0.004636217303822866,0.2973215995053714,64.42753380077777,1
2026-06-26 12:40:00+00:00,2026-06-26 12:45:00+00:00,2026-06-26 12:45:00+00:00,LONG,59144.1,59498.9646,58966.6677,59498.9646,TARGET,0.006000000000000005,0.004600000000000005,0.29636665548357805,64.72390045626135,1
2026-06-26 13:15:00+00:00,2026-06-26 13:20:00+00:00,2026-06-26 13:30:00+00:00,LONG,58766.9,59119.5014,58590.5993,59119.5014,TARGET,0.006000000000000005,0.004600000000000005,0.29772994209880255,65.02163039836014,3
2026-06-26 14:00:00+00:00,2026-06-26 14:05:00+00:00,2026-06-26 14:25:00+00:00,SHORT,60016.7,60196.75009999999,60196.75009999999,59656.599799999996,STOP,-0.0029910269192421346,-0.004391026919242135,-0.2855117294122121,64.73611866894794,5
2026-06-26 15:50:00+00:00,2026-06-26 15:55:00+00:00,2026-06-26 16:00:00+00:00,SHORT,60270.3,60451.1109,60451.1109,59908.6782,STOP,-0.0029910269192422456,-0.004391026919242246,-0.2842580397226109,64.45186062922532,2
2026-06-26 16:30:00+00:00,2026-06-26 16:35:00+00:00,2026-06-26 18:25:00+00:00,SHORT,60303.2,59941.3808,60484.10959999999,59941.3808,TARGET,0.006036217303822866,0.004636217303822866,0.29881283151279414,64.75067346073811,23
2026-06-26 19:50:00+00:00,2026-06-26 19:55:00+00:00,2026-06-26 22:55:00+00:00,SHORT,59887.0,60066.66099999999,60066.66099999999,59527.678,STOP,-0.0029910269192421346,-0.004391026919242135,-0.2843219502051583,64.46635151053296,37
2026-06-26 23:00:00+00:00,2026-06-26 23:05:00+00:00,2026-06-27 02:20:00+00:00,SHORT,60087.4,60267.66219999999,60267.66219999999,59726.8756,STOP,-0.0029910269192421346,-0.004391026919242135,-0.2830734848680761,64.18327802566489,40
2026-06-27 02:25:00+00:00,2026-06-27 02:30:00+00:00,2026-06-27 06:25:00+00:00,SHORT,60302.7,60210.8,60483.60809999999,59940.883799999996,TIME,0.0015263042510644809,0.00012630425106448088,0.008106620861894957,64.19138464652679,48
2026-06-27 06:35:00+00:00,2026-06-27 06:40:00+00:00,2026-06-27 10:35:00+00:00,SHORT,60401.9,60450.5,60583.10569999999,60039.488600000004,TIME,-0.0008039635735022088,-0.002203963573502209,-0.141475473493614,64.04990917303317,48
2026-06-27 11:25:00+00:00,2026-06-27 11:30:00+00:00,2026-06-27 13:35:00+00:00,LONG,60267.0,60628.602,60086.199,60628.602,TARGET,0.006000000000000005,0.004600000000000005,0.2946295821959529,64.34453875522912,26
2026-06-27 14:10:00+00:00,2026-06-27 14:15:00+00:00,2026-06-27 15:10:00+00:00,SHORT,60677.0,60859.030999999995,60859.030999999995,60312.938,STOP,-0.0029910269192422456,-0.004391026919242246,-0.28253860178043705,64.0620001534487,12
2026-06-27 16:00:00+00:00,2026-06-27 16:05:00+00:00,2026-06-27 17:00:00+00:00,SHORT,60822.9,60457.9626,61005.36869999999,60457.9626,TARGET,0.006036217303823088,0.004636217303823088,0.29700535362893615,64.35900550707763,12
2026-06-27 17:05:00+00:00,2026-06-27 17:10:00+00:00,2026-06-27 19:25:00+00:00,LONG,60534.8,60353.1956,60353.1956,60898.0088,STOP,-0.0030000000000001137,-0.004400000000000114,-0.2831796242311489,64.07582588284647,28
2026-06-27 19:30:00+00:00,2026-06-27 19:35:00+00:00,2026-06-27 22:15:00+00:00,LONG,60186.3,60005.7411,60005.7411,60547.4178,STOP,-0.0030000000000001137,-0.004400000000000114,-0.2819336338845318,63.79389224896194,33
2026-06-27 23:55:00+00:00,2026-06-28 00:00:00+00:00,2026-06-28 03:55:00+00:00,LONG,60027.9,60202.9,59847.8163,60388.0674,TIME,0.0029153110470296895,0.0015153110470296895,0.09666758965787371,63.890559838619815,48
2026-06-28 05:00:00+00:00,2026-06-28 05:05:00+00:00,2026-06-28 05:25:00+00:00,LONG,59985.7,59805.7429,59805.7429,60345.614199999996,STOP,-0.0030000000000000027,-0.004400000000000003,-0.28111846328992735,63.60944137532989,5
2026-06-28 05:30:00+00:00,2026-06-28 05:35:00+00:00,2026-06-28 08:35:00+00:00,LONG,59930.0,60289.58,59750.21,60289.58,TARGET,0.006000000000000005,0.004600000000000005,0.2926034303265178,63.9020448056564,37
2026-06-28 08:40:00+00:00,2026-06-28 08:45:00+00:00,2026-06-28 10:25:00+00:00,SHORT,60451.6,60088.8904,60632.95479999999,60088.8904,TARGET,0.006036217303822866,0.004636217303822866,0.2962637658776483,64.19830857153406,21
2026-06-28 11:20:00+00:00,2026-06-28 11:25:00+00:00,2026-06-28 15:05:00+00:00,SHORT,60287.4,59925.6756,60468.2622,59925.6756,TARGET,0.006036217303822866,0.004636217303822866,0.297637309075506,64.49594588060957,45
2026-06-28 15:35:00+00:00,2026-06-28 15:40:00+00:00,2026-06-28 16:25:00+00:00,LONG,59933.1,59753.3007,59753.3007,60292.698599999996,STOP,-0.0030000000000000027,-0.004400000000000003,-0.2837821618746823,64.21216371873489,10
2026-06-28 16:30:00+00:00,2026-06-28 16:35:00+00:00,2026-06-28 17:35:00+00:00,LONG,59650.0,59471.05,59471.05,60007.9,STOP,-0.0030000000000000027,-0.004400000000000003,-0.2825335203624337,63.92963019837245,13
2026-06-28 19:00:00+00:00,2026-06-28 19:05:00+00:00,2026-06-28 19:45:00+00:00,LONG,59498.3,59319.805100000005,59319.805100000005,59855.289800000006,STOP,-0.0030000000000000027,-0.004400000000000003,-0.281290372872839,63.64833982549961,9
2026-06-28 20:35:00+00:00,2026-06-28 20:40:00+00:00,2026-06-28 21:50:00+00:00,SHORT,59698.9,59340.7066,59877.996699999996,59340.7066,TARGET,0.006036217303823088,0.004636217303823088,0.2950875344585935,63.94342735995821,15
2026-06-28 22:00:00+00:00,2026-06-28 22:05:00+00:00,2026-06-28 22:15:00+00:00,SHORT,59791.8,59433.0492,59971.17539999999,59433.0492,TARGET,0.006036217303822866,0.004636217303822866,0.2964556243919787,64.23988298435019,3
2026-06-28 22:20:00+00:00,2026-06-28 22:25:00+00:00,2026-06-28 22:25:00+00:00,LONG,59493.5,59315.0195,59315.0195,59850.461,STOP,-0.0030000000000000027,-0.004400000000000003,-0.282655485131141,63.957227499219044,1
2026-06-28 22:50:00+00:00,2026-06-28 22:55:00+00:00,2026-06-28 23:15:00+00:00,LONG,59010.3,59364.361800000006,58833.269100000005,59364.361800000006,TARGET,0.006000000000000005,0.004600000000000005,0.29420324649640794,64.25143074571545,5
2026-06-29 00:30:00+00:00,2026-06-29 00:35:00+00:00,2026-06-29 00:35:00+00:00,LONG,59225.0,59047.325,59047.325,59580.35,STOP,-0.0030000000000000027,-0.004400000000000003,-0.28270629528114816,63.9687244504343,1
2026-06-29 02:10:00+00:00,2026-06-29 02:15:00+00:00,2026-06-29 02:25:00+00:00,LONG,59025.7,59379.854199999994,58848.622899999995,59379.854199999994,TARGET,0.006000000000000005,0.004600000000000005,0.2942561324719981,64.2629805829063,3
2026-06-29 02:35:00+00:00,2026-06-29 02:40:00+00:00,2026-06-29 03:00:00+00:00,SHORT,59650.2,59829.15059999999,59829.15059999999,59292.2988,STOP,-0.0029910269192422456,-0.004391026919242246,-0.2821804776502833,63.98080010525601,5
2026-06-29 03:05:00+00:00,2026-06-29 03:10:00+00:00,2026-06-29 05:00:00+00:00,SHORT,60085.1,59724.5894,60265.355299999996,59724.5894,TARGET,0.006036217303822866,0.004636217303822866,0.29662889256041974,64.27742899781643,23
2026-06-29 05:05:00+00:00,2026-06-29 05:10:00+00:00,2026-06-29 05:40:00+00:00,LONG,59565.0,59922.39,59386.305,59922.39,TARGET,0.006000000000000005,0.004600000000000005,0.2956761733899559,64.57310517120638,7
2026-06-29 05:55:00+00:00,2026-06-29 06:00:00+00:00,2026-06-29 06:15:00+00:00,SHORT,60108.0,60288.32399999999,60288.32399999999,59747.352,STOP,-0.0029910269192421346,-0.004391026919242135,-0.2835422430658207,64.28956292814055,4
2026-06-29 07:15:00+00:00,2026-06-29 07:20:00+00:00,2026-06-29 08:05:00+00:00,LONG,60072.2,59891.9834,59891.9834,60432.6332,STOP,-0.0030000000000000027,-0.004400000000000003,-0.2828740768838186,64.00668885125674,10
2026-06-29 11:30:00+00:00,2026-06-29 11:35:00+00:00,2026-06-29 12:00:00+00:00,LONG,59977.6,59797.667199999996,59797.667199999996,60337.465599999996,STOP,-0.0030000000000000027,-0.004400000000000003,-0.28162943094552984,63.72505942031121,6
2026-06-29 12:05:00+00:00,2026-06-29 12:10:00+00:00,2026-06-29 12:10:00+00:00,SHORT,60479.6,60661.038799999995,60661.038799999995,60116.7224,STOP,-0.0029910269192422456,-0.004391026919242246,-0.2798184513448982,63.44524096896631,1
2026-06-29 12:15:00+00:00,2026-06-29 12:20:00+00:00,2026-06-29 12:30:00+00:00,SHORT,60742.4,60377.9456,60924.627199999995,60377.9456,TARGET,0.006036217303822866,0.004636217303822866,0.294145924025533,63.739386892991845,3
2026-06-29 13:40:00+00:00,2026-06-29 13:45:00+00:00,2026-06-29 14:05:00+00:00,LONG,59459.8,59281.420600000005,59281.420600000005,59816.558800000006,STOP,-0.0030000000000000027,-0.004400000000000003,-0.2804533023291643,63.45893359066268,5
2026-06-29 14:10:00+00:00,2026-06-29 14:15:00+00:00,2026-06-29 14:25:00+00:00,LONG,59086.0,59440.516,58908.742,59440.516,TARGET,0.006000000000000005,0.004600000000000005,0.29191109451704866,63.75084468517973,3
2026-06-29 17:10:00+00:00,2026-06-29 17:15:00+00:00,2026-06-29 17:30:00+00:00,SHORT,60468.2,60649.60459999999,60649.60459999999,60105.390799999994,STOP,-0.0029910269192421346,-0.004391026919242135,-0.2799316751370486,63.47091301004268,4
2026-06-29 17:40:00+00:00,2026-06-29 17:45:00+00:00,2026-06-29 18:25:00+00:00,SHORT,60617.4,60253.6956,60799.252199999995,60253.6956,TARGET,0.006036217303822866,0.004636217303822866,0.29426494518659574,63.76517795522928,9
2026-06-29 18:35:00+00:00,2026-06-29 18:40:00+00:00,2026-06-29 22:35:00+00:00,LONG,60271.9,60363.7,60091.0843,60633.5314,TIME,0.0015230978283411467,0.00012309782834114672,0.007849354930075486,63.77302731015935,48
2026-06-29 23:20:00+00:00,2026-06-29 23:25:00+00:00,2026-06-30 00:25:00+00:00,LONG,60259.0,60078.223,60078.223,60620.554000000004,STOP,-0.0030000000000000027,-0.004400000000000003,-0.2806013201647013,63.49242598999465,13
2026-06-30 00:30:00+00:00,2026-06-30 00:35:00+00:00,2026-06-30 00:40:00+00:00,LONG,59882.9,59703.2513,59703.2513,60242.197400000005,STOP,-0.0030000000000000027,-0.004400000000000003,-0.2793666743559766,63.213059315638674,2
2026-06-30 01:10:00+00:00,2026-06-30 01:15:00+00:00,2026-06-30 03:45:00+00:00,LONG,59826.9,59647.4193,59647.4193,60185.8614,STOP,-0.0030000000000000027,-0.004400000000000003,-0.27813746098881037,62.934921854649865,31
2026-06-30 08:30:00+00:00,2026-06-30 08:35:00+00:00,2026-06-30 11:30:00+00:00,LONG,59326.8,59148.8196,59148.8196,59682.760800000004,STOP,-0.0030000000000000027,-0.004400000000000003,-0.2769136561604596,62.658008198489405,36
2026-06-30 12:15:00+00:00,2026-06-30 12:20:00+00:00,2026-06-30 12:20:00+00:00,LONG,59034.6,58857.4962,58857.4962,59388.8076,STOP,-0.0030000000000000027,-0.004400000000000003,-0.27569523607335356,62.38231296241605,1
2026-06-30 12:25:00+00:00,2026-06-30 12:30:00+00:00,2026-06-30 12:45:00+00:00,LONG,58860.0,58683.42,58683.42,59213.16,STOP,-0.0030000000000000027,-0.004400000000000003,-0.2744821770346308,62.107830785381424,4
2026-06-30 12:55:00+00:00,2026-06-30 13:00:00+00:00,2026-06-30 13:30:00+00:00,LONG,58407.3,58232.078100000006,58232.078100000006,58757.743800000004,STOP,-0.0029999999999998916,-0.004399999999999892,-0.2732744554556715,61.83455632992575,7
2026-06-30 13:45:00+00:00,2026-06-30 13:50:00+00:00,2026-06-30 14:00:00+00:00,LONG,58512.3,58863.3738,58336.763100000004,58863.3738,TARGET,0.006000000000000005,0.004600000000000005,0.28443895911765876,62.11899528904341,3
2026-06-30 18:15:00+00:00,2026-06-30 18:20:00+00:00,2026-06-30 19:45:00+00:00,SHORT,58647.0,58822.94099999999,58822.94099999999,58295.118,STOP,-0.0029910269192421346,-0.004391026919242135,-0.272766180510465,61.846229108532945,18
2026-06-30 19:55:00+00:00,2026-06-30 20:00:00+00:00,2026-06-30 23:55:00+00:00,SHORT,58816.1,58628.0,58992.548299999995,58463.2034,TIME,0.003208364603943581,0.001808364603943581,0.11184053160725614,61.9580696401402,48
2026-07-01 00:00:00+00:00,2026-07-01 00:05:00+00:00,2026-07-01 00:25:00+00:00,SHORT,58725.7,58373.345799999996,58901.87709999999,58373.345799999996,TARGET,0.006036217303822866,0.004636217303822866,0.28725107457708016,62.24532071471728,5
2026-07-01 00:45:00+00:00,2026-07-01 00:50:00+00:00,2026-07-01 01:05:00+00:00,LONG,58502.9,58327.3913,58327.3913,58853.9174,STOP,-0.0030000000000000027,-0.004400000000000003,-0.2738794111447562,61.971441303572526,4
2026-07-01 01:10:00+00:00,2026-07-01 01:15:00+00:00,2026-07-01 01:30:00+00:00,LONG,58170.7,58519.7242,57996.1879,58519.7242,TARGET,0.006000000000000005,0.004600000000000005,0.28506862999643395,62.25650993356896,4
2026-07-01 01:45:00+00:00,2026-07-01 01:50:00+00:00,2026-07-01 02:20:00+00:00,SHORT,58789.8,58966.1694,58966.1694,58437.061200000004,STOP,-0.0029910269192422456,-0.004391026919242246,-0.2733700110163736,61.98313992255258,7
2026-07-01 03:50:00+00:00,2026-07-01 03:55:00+00:00,2026-07-01 04:45:00+00:00,SHORT,59276.2,59454.02859999999,59454.02859999999,58920.542799999996,STOP,-0.0029910269192421346,-0.004391026919242135,-0.2721696359390802,61.7109702866135,11
2026-07-01 04:55:00+00:00,2026-07-01 05:00:00+00:00,2026-07-01 06:05:00+00:00,SHORT,59341.5,58985.451,59519.52449999999,58985.451,TARGET,0.006036217303822866,0.004636217303822866,0.28610546827849626,61.997075754892,14
2026-07-01 06:30:00+00:00,2026-07-01 06:35:00+00:00,2026-07-01 09:05:00+00:00,LONG,58654.6,59006.5276,58478.6362,59006.5276,TARGET,0.006000000000000005,0.004600000000000005,0.2851865484725035,62.282262303364504,31
2026-07-01 10:25:00+00:00,2026-07-01 10:30:00+00:00,2026-07-01 11:55:00+00:00,LONG,58742.4,58566.1728,58566.1728,59094.854400000004,STOP,-0.0030000000000000027,-0.004400000000000003,-0.274041954134804,62.0082203492297,18
2026-07-01 12:35:00+00:00,2026-07-01 12:40:00+00:00,2026-07-01 13:00:00+00:00,LONG,58401.3,58751.707800000004,58226.0961,58751.707800000004,TARGET,0.006000000000000005,0.004600000000000005,0.28523781360645695,62.29345816283616,5
2026-07-01 13:30:00+00:00,2026-07-01 13:35:00+00:00,2026-07-01 13:40:00+00:00,SHORT,58810.5,58986.93149999999,58986.93149999999,58457.637,STOP,-0.0029910269192421346,-0.004391026919242135,-0.2735322516856973,62.019925911150466,2
2026-07-01 13:45:00+00:00,2026-07-01 13:50:00+00:00,2026-07-01 14:10:00+00:00,SHORT,59328.1,59506.084299999995,59506.084299999995,58972.1314,STOP,-0.0029910269192422456,-0.004391026919242246,-0.27233116420527137,61.7475947469452,5
2026-07-01 14:15:00+00:00,2026-07-01 14:20:00+00:00,2026-07-01 14:30:00+00:00,SHORT,60029.9,59669.7206,60209.9897,59669.7206,TARGET,0.006036217303822866,0.004636217303822866,0.2862752672352292,62.03387001418042,3
2026-07-01 15:20:00+00:00,2026-07-01 15:25:00+00:00,2026-07-01 16:20:00+00:00,SHORT,60418.3,60055.7902,60599.554899999996,60055.7902,TARGET,0.006036217303822866,0.004636217303822866,0.2876025015828417,62.32147251576326,12
2026-07-01 19:55:00+00:00,2026-07-01 20:00:00+00:00,2026-07-01 21:10:00+00:00,LONG,60031.5,60391.689,59851.4055,60391.689,TARGET,0.006000000000000005,0.004600000000000005,0.2866787735725113,62.60815128933577,15
2026-07-01 21:15:00+00:00,2026-07-01 21:20:00+00:00,2026-07-01 21:30:00+00:00,SHORT,60505.0,60686.51499999999,60686.51499999999,60141.97,STOP,-0.0029910269192421346,-0.004391026919242135,-0.27491407767545756,62.33323721166032,3
2026-07-01 21:35:00+00:00,2026-07-01 21:40:00+00:00,2026-07-01 22:20:00+00:00,SHORT,60717.1,60899.25129999999,60899.25129999999,60352.797399999996,STOP,-0.0029910269192421346,-0.004391026919242135,-0.27370692255990603,62.059530289100415,9
2026-07-01 23:50:00+00:00,2026-07-01 23:55:00+00:00,2026-07-02 00:00:00+00:00,LONG,60090.2,59909.92939999999,59909.92939999999,60450.7412,STOP,-0.0030000000000000027,-0.004400000000000003,-0.273061933272042,61.786468355828376,2
2026-07-02 00:05:00+00:00,2026-07-02 00:10:00+00:00,2026-07-02 00:15:00+00:00,LONG,59969.9,59789.9903,59789.9903,60329.7194,STOP,-0.0030000000000001137,-0.004400000000000114,-0.2718604607656519,61.514607895062724,2
2026-07-02 00:35:00+00:00,2026-07-02 00:40:00+00:00,2026-07-02 01:20:00+00:00,LONG,59634.1,59991.9046,59455.1977,59991.9046,TARGET,0.006000000000000005,0.004600000000000005,0.28296719631728884,61.79757509138001,9
2026-07-02 01:30:00+00:00,2026-07-02 01:35:00+00:00,2026-07-02 01:45:00+00:00,SHORT,60153.0,60333.458999999995,60333.458999999995,59792.082,STOP,-0.0029910269192422456,-0.004391026919242246,-0.2713548157701437,61.526220275609866,3
2026-07-02 03:25:00+00:00,2026-07-02 03:30:00+00:00,2026-07-02 03:35:00+00:00,SHORT,60555.8,60737.467399999994,60737.467399999994,60192.465200000006,STOP,-0.0029910269192421346,-0.004391026919242135,-0.27016328946942414,61.25605698614044,2
2026-07-02 03:50:00+00:00,2026-07-02 03:55:00+00:00,2026-07-02 05:40:00+00:00,SHORT,60984.5,60618.593,61167.453499999996,60618.593,TARGET,0.006036217303822866,0.004636217303822866,0.2839963913631039,61.54005337750355,22
2026-07-02 05:45:00+00:00,2026-07-02 05:50:00+00:00,2026-07-02 06:45:00+00:00,LONG,60542.7,60361.071899999995,60361.071899999995,60905.9562,STOP,-0.0030000000000000027,-0.004400000000000003,-0.27077623486101576,61.26927714264253,12
2026-07-02 07:25:00+00:00,2026-07-02 07:30:00+00:00,2026-07-02 08:45:00+00:00,LONG,60152.3,60513.213800000005,59971.843100000006,60513.213800000005,TARGET,0.006000000000000005,0.004600000000000005,0.28183867485615594,61.55111581749868,16
2026-07-02 09:35:00+00:00,2026-07-02 09:40:00+00:00,2026-07-02 09:40:00+00:00,SHORT,60931.6,61114.394799999995,61114.394799999995,60566.0104,STOP,-0.0029910269192422456,-0.004391026919242246,-0.2702726064640339,61.28084321103465,1
2026-07-02 09:45:00+00:00,2026-07-02 09:50:00+00:00,2026-07-02 09:50:00+00:00,SHORT,61054.2,61237.36259999999,61237.36259999999,60687.8748,STOP,-0.0029910269192422456,-0.004391026919242246,-0.26908583217351656,61.011757378861134,1
2026-07-02 09:55:00+00:00,2026-07-02 10:00:00+00:00,2026-07-02 11:10:00+00:00,SHORT,61175.0,61358.524999999994,61358.524999999994,60807.95,STOP,-0.0029910269192421346,-0.004391026919242135,-0.2679042690408492,60.743853109820286,15
2026-07-02 13:15:00+00:00,2026-07-02 13:20:00+00:00,2026-07-02 13:25:00+00:00,SHORT,61796.5,61981.88949999999,61981.88949999999,61425.721,STOP,-0.0029910269192421346,-0.004391026919242135,-0.26672789418371096,60.477125215636576,2
2026-07-02 13:30:00+00:00,2026-07-02 13:35:00+00:00,2026-07-02 14:10:00+00:00,SHORT,61986.2,62172.15859999999,62172.15859999999,61614.28279999999,STOP,-0.0029910269192421346,-0.004391026919242135,-0.2655566848202375,60.211568530816336,8
2026-07-02 16:25:00+00:00,2026-07-02 16:30:00+00:00,2026-07-02 16:45:00+00:00,LONG,61194.8,61561.9688,61011.2156,61561.9688,TARGET,0.006000000000000005,0.004600000000000005,0.27697321524175544,60.48854174605809,4
2026-07-02 17:20:00+00:00,2026-07-02 17:25:00+00:00,2026-07-02 19:55:00+00:00,SHORT,61863.6,61492.418399999995,62049.19079999999,61492.418399999995,TARGET,0.006036217303823088,0.004636217303823088,0.28043802392609973,60.76897976998419,31
2026-07-02 20:00:00+00:00,2026-07-02 20:05:00+00:00,2026-07-03 00:00:00+00:00,LONG,61460.8,61494.4,61276.4176,61829.5648,TIME,0.0005466899226824751,-0.0008533100773175249,-0.05185478282603232,60.71712498715816,48
2026-07-03 00:25:00+00:00,2026-07-03 00:30:00+00:00,2026-07-03 01:10:00+00:00,LONG,61300.0,61667.8,61116.1,61667.8,TARGET,0.006000000000000005,0.004600000000000005,0.27929877494092786,60.996423762099084,9
2026-07-03 03:00:00+00:00,2026-07-03 03:05:00+00:00,2026-07-03 06:00:00+00:00,LONG,61448.0,61816.688,61263.656,61816.688,TARGET,0.006000000000000005,0.004600000000000005,0.2805835493056561,61.27700731140474,36
2026-07-03 06:05:00+00:00,2026-07-03 06:10:00+00:00,2026-07-03 10:05:00+00:00,SHORT,61816.1,61674.0,62001.548299999995,61445.2034,TIME,0.0023040503291500425,0.0009040503291500425,0.05539749862920501,61.33240481003394,48
2026-07-03 10:40:00+00:00,2026-07-03 10:45:00+00:00,2026-07-03 13:50:00+00:00,SHORT,62017.7,62203.75309999999,62203.75309999999,61645.593799999995,STOP,-0.0029910269192421346,-0.004391026919242135,-0.26931224054271485,61.063092569491225,38
2026-07-03 14:10:00+00:00,2026-07-03 14:15:00+00:00,2026-07-03 14:50:00+00:00,LONG,61765.6,62136.1936,61580.303199999995,62136.1936,TARGET,0.006000000000000005,0.004600000000000005,0.28089022581965994,61.343982795310886,8
2026-07-03 15:05:00+00:00,2026-07-03 15:10:00+00:00,2026-07-03 15:40:00+00:00,SHORT,62337.0,61962.978,62524.01099999999,61962.978,TARGET,0.006036217303822866,0.004636217303822866,0.2844040345210325,61.62838682983192,7
2026-07-03 17:05:00+00:00,2026-07-03 17:10:00+00:00,2026-07-03 20:05:00+00:00,SHORT,62274.5,62461.32349999999,62461.32349999999,61900.853,STOP,-0.0029910269192421346,-0.004391026919242135,-0.2706119055592594,61.35777492427266,36
2026-07-03 20:15:00+00:00,2026-07-03 20:20:00+00:00,2026-07-03 20:35:00+00:00,SHORT,62613.8,62801.64139999999,62801.64139999999,62238.1172,STOP,-0.0029910269192421346,-0.004391026919242135,-0.2694236413972813,61.08835128287538,4
2026-07-04 00:05:00+00:00,2026-07-04 00:10:00+00:00,2026-07-04 01:00:00+00:00,SHORT,62946.2,62568.5228,63135.03859999999,62568.5228,TARGET,0.006036217303822866,0.004636217303822866,0.2832188712796766,61.37157015415506,11
2026-07-04 03:30:00+00:00,2026-07-04 03:35:00+00:00,2026-07-04 07:30:00+00:00,SHORT,62666.6,62490.9,62854.59979999999,62290.600399999996,TIME,0.0028116093703243195,0.0014116093703243195,0.08663268350112162,61.45820283765618,48
2026-07-04 08:35:00+00:00,2026-07-04 08:40:00+00:00,2026-07-04 12:35:00+00:00,SHORT,62641.0,62623.1,62828.922999999995,62265.154,TIME,0.000285837015414403,-0.001114162984585597,-0.06847445470087002,61.38972838295531,48
2026-07-04 12:55:00+00:00,2026-07-04 13:00:00+00:00,2026-07-04 15:05:00+00:00,SHORT,62666.1,62854.09829999999,62854.09829999999,62290.1034,STOP,-0.0029910269192421346,-0.004391026919242135,-0.2695639498945197,61.12016443306079,26
2026-07-04 15:10:00+00:00,2026-07-04 15:15:00+00:00,2026-07-04 17:30:00+00:00,SHORT,62827.0,63015.48099999999,63015.48099999999,62450.038,STOP,-0.0029910269192421346,-0.004391026919242135,-0.26838028733407565,60.85178414572672,28
2026-07-04 17:45:00+00:00,2026-07-04 17:50:00+00:00,2026-07-04 17:50:00+00:00,SHORT,63235.2,63424.90559999999,63424.90559999999,62855.788799999995,STOP,-0.0029910269192421346,-0.004391026919242135,-0.26720182226779776,60.58458232345892,1
2026-07-04 18:20:00+00:00,2026-07-04 18:25:00+00:00,2026-07-04 19:25:00+00:00,SHORT,63175.6,63365.12679999999,63365.12679999999,62796.5464,STOP,-0.0029910269192421346,-0.004391026919242135,-0.2660285318733493,60.31855379158557,13
2026-07-04 21:25:00+00:00,2026-07-04 21:30:00+00:00,2026-07-04 23:10:00+00:00,SHORT,63439.0,63058.366,63629.316999999995,63058.366,TARGET,0.006036217303822866,0.004636217303822866,0.27964992283011936,60.59820371441569,21
2026-07-04 23:15:00+00:00,2026-07-04 23:20:00+00:00,2026-07-05 01:20:00+00:00,LONG,63039.0,62849.883,62849.883,63417.234,STOP,-0.0030000000000000027,-0.004400000000000003,-0.2666320963434292,60.33157161807226,25
2026-07-05 01:30:00+00:00,2026-07-05 01:35:00+00:00,2026-07-05 02:45:00+00:00,LONG,62818.9,62630.4433,62630.4433,63195.8134,STOP,-0.0030000000000000027,-0.004400000000000003,-0.26545891511951814,60.06611270295274,15
2026-07-05 02:50:00+00:00,2026-07-05 02:55:00+00:00,2026-07-05 06:50:00+00:00,LONG,62642.5,62789.0,62454.5725,63018.355,TIME,0.0023386678373309433,0.0009386678373309433,0.056382128107757355,60.1224948310605,48
2026-07-05 07:35:00+00:00,2026-07-05 07:40:00+00:00,2026-07-05 08:00:00+00:00,SHORT,62898.1,63086.794299999994,63086.794299999994,62520.7114,STOP,-0.0029910269192422456,-0.004391026919242246,-0.26399949325518945,59.85849533780531,5
2026-07-05 08:25:00+00:00,2026-07-05 08:30:00+00:00,2026-07-05 09:35:00+00:00,SHORT,62938.7,62561.0678,63127.51609999999,62561.0678,TARGET,0.006036217303822866,0.004636217303822866,0.2775169918659333,60.13601232967124,14
2026-07-05 09:40:00+00:00,2026-07-05 09:45:00+00:00,2026-07-05 13:40:00+00:00,LONG,62530.4,62754.4,62342.8088,62905.5824,TIME,0.0035822575899082665,0.0021822575899082663,0.13123226933324214,60.26724459900448,48
2026-07-05 15:00:00+00:00,2026-07-05 15:05:00+00:00,2026-07-05 19:00:00+00:00,SHORT,62918.5,62818.5,63107.25549999999,62540.989,TIME,0.0015918877400766807,0.00019188774007668067,0.011564545366751508,60.27880914437123,48
2026-07-05 21:05:00+00:00,2026-07-05 21:10:00+00:00,2026-07-05 21:30:00+00:00,LONG,62642.9,63018.7574,62454.971300000005,63018.7574,TARGET,0.006000000000000005,0.004600000000000005,0.277282522064108,60.556091666435336,5
2026-07-05 21:50:00+00:00,2026-07-05 21:55:00+00:00,2026-07-05 22:15:00+00:00,SHORT,63052.4,63241.557199999996,63241.557199999996,62674.0856,STOP,-0.0029910269192421346,-0.004391026919242135,-0.26590342863141186,60.290188237803925,5
2026-07-05 22:20:00+00:00,2026-07-05 22:25:00+00:00,2026-07-05 22:30:00+00:00,SHORT,63556.6,63747.269799999995,63747.269799999995,63175.2604,STOP,-0.0029910269192422456,-0.004391026919242246,-0.26473583951837926,60.025452398285545,2
2026-07-06 00:05:00+00:00,2026-07-06 00:10:00+00:00,2026-07-06 00:30:00+00:00,LONG,63574.6,63383.8762,63383.8762,63956.0476,STOP,-0.0030000000000000027,-0.004400000000000003,-0.26411199055245654,59.76134040773309,5
2026-07-06 01:30:00+00:00,2026-07-06 01:35:00+00:00,2026-07-06 02:05:00+00:00,SHORT,63904.1,63520.6754,64095.81229999999,63520.6754,TARGET,0.006036217303822866,0.004636217303822866,0.2770665604979808,60.038406968231065,7
2026-07-06 02:30:00+00:00,2026-07-06 02:35:00+00:00,2026-07-06 03:20:00+00:00,LONG,63517.2,63326.6484,63326.6484,63898.303199999995,STOP,-0.0030000000000000027,-0.004400000000000003,-0.2641689906602169,59.77423797757085,10
2026-07-06 03:30:00+00:00,2026-07-06 03:35:00+00:00,2026-07-06 05:25:00+00:00,LONG,63195.1,63005.5147,63005.5147,63574.270599999996,STOP,-0.0030000000000000027,-0.004400000000000003,-0.2630066471013119,59.511231330469535,23
2026-07-06 05:35:00+00:00,2026-07-06 05:40:00+00:00,2026-07-06 07:00:00+00:00,LONG,63113.4,62924.0598,62924.0598,63492.0804,STOP,-0.0030000000000000027,-0.004400000000000003,-0.2618494178540661,59.24938191261547,17
2026-07-06 07:10:00+00:00,2026-07-06 07:15:00+00:00,2026-07-06 09:20:00+00:00,LONG,62970.5,62781.5885,62781.5885,63348.323000000004,STOP,-0.0030000000000000027,-0.004400000000000003,-0.2606972804155082,58.98868463219996,26
2026-07-06 10:35:00+00:00,2026-07-06 10:40:00+00:00,2026-07-06 11:55:00+00:00,SHORT,63021.3,62643.1722,63210.3639,62643.1722,TARGET,0.006036217303822866,0.004636217303822866,0.27348436042155544,59.26216899262152,16
2026-07-06 12:00:00+00:00,2026-07-06 12:05:00+00:00,2026-07-06 12:45:00+00:00,LONG,61921.5,61735.7355,61735.7355,62293.029,STOP,-0.0030000000000000027,-0.004400000000000003,-0.26075354356753483,59.00141544905399,9
2026-07-06 14:25:00+00:00,2026-07-06 14:30:00+00:00,2026-07-06 15:05:00+00:00,SHORT,62084.7,62270.95409999999,62270.95409999999,61712.19179999999,STOP,-0.0029910269192421346,-0.004391026919242135,-0.2590768035101848,58.7423386455438,8
2026-07-06 15:40:00+00:00,2026-07-06 15:45:00+00:00,2026-07-06 15:50:00+00:00,SHORT,62912.8,63101.5384,63101.5384,62535.323200000006,STOP,-0.0029910269192421346,-0.004391026919242135,-0.2579391902918204,58.48439945525198,2
2026-07-06 16:10:00+00:00,2026-07-06 16:15:00+00:00,2026-07-06 17:05:00+00:00,SHORT,63744.4,63935.6332,63935.6332,63361.933600000004,STOP,-0.0029910269192422456,-0.004391026919242246,-0.256806572363728,58.22759288288825,11
2026-07-06 19:15:00+00:00,2026-07-06 19:20:00+00:00,2026-07-06 21:05:00+00:00,SHORT,63858.8,64050.376399999994,64050.376399999994,63475.6472,STOP,-0.0029910269192421346,-0.004391026919242135,-0.2556789277914341,57.97191395509682,22
2026-07-06 21:10:00+00:00,2026-07-06 21:15:00+00:00,2026-07-06 21:55:00+00:00,SHORT,64314.9,64507.844699999994,64507.844699999994,63929.0106,STOP,-0.0029910269192421346,-0.004391026919242135,-0.2545562347368189,57.71735772036,9
2026-07-07 00:00:00+00:00,2026-07-07 00:05:00+00:00,2026-07-07 01:30:00+00:00,LONG,64061.0,63868.817,63868.817,64445.366,STOP,-0.0030000000000000027,-0.004400000000000003,-0.25395637396958415,57.46340134639041,18
2026-07-07 01:35:00+00:00,2026-07-07 01:40:00+00:00,2026-07-07 02:20:00+00:00,LONG,63866.6,63675.000199999995,63675.000199999995,64249.7996,STOP,-0.0030000000000000027,-0.004400000000000003,-0.252838965924118,57.21056238046629,9
2026-07-07 02:25:00+00:00,2026-07-07 02:30:00+00:00,2026-07-07 02:50:00+00:00,LONG,63568.4,63377.694800000005,63377.694800000005,63949.8104,STOP,-0.0030000000000000027,-0.004400000000000003,-0.25172647447405183,56.95883590599224,5
2026-07-07 03:40:00+00:00,2026-07-07 03:45:00+00:00,2026-07-07 05:10:00+00:00,LONG,63215.0,63025.355,63025.355,63594.29,STOP,-0.0030000000000000027,-0.004400000000000003,-0.250618877986366,56.70821702800587,18
2026-07-07 05:50:00+00:00,2026-07-07 05:55:00+00:00,2026-07-07 09:50:00+00:00,SHORT,63261.6,63252.9,63451.38479999999,62882.030399999996,TIME,0.00013754310079061582,-0.0012624568992093842,-0.07159167982886909,56.636625348177,48
2026-07-07 10:00:00+00:00,2026-07-07 10:05:00+00:00,2026-07-07 12:05:00+00:00,SHORT,63433.6,63623.90079999999,63623.90079999999,63052.9984,STOP,-0.0029910269192421346,-0.004391026919242135,-0.24869294651887663,56.38793240165812,25
2026-07-07 12:10:00+00:00,2026-07-07 12:15:00+00:00,2026-07-07 13:00:00+00:00,SHORT,63820.6,63437.6764,64012.06179999999,63437.6764,TARGET,0.006036217303822866,0.004636217303822866,0.26142670792736145,56.64935910958548,10
2026-07-07 13:05:00+00:00,2026-07-07 13:10:00+00:00,2026-07-07 13:20:00+00:00,LONG,63366.2,63176.1014,63176.1014,63746.3972,STOP,-0.0030000000000000027,-0.004400000000000003,-0.2492571800821763,56.40010192950331,3
2026-07-07 13:25:00+00:00,2026-07-07 13:30:00+00:00,2026-07-07 14:00:00+00:00,LONG,63120.9,62931.5373,62931.5373,63499.625400000004,STOP,-0.0030000000000000027,-0.004400000000000003,-0.24816044848981472,56.151941481013495,7
2026-07-07 14:35:00+00:00,2026-07-07 14:40:00+00:00,2026-07-07 14:45:00+00:00,LONG,62894.8,63272.16880000001,62706.115600000005,63272.16880000001,TARGET,0.006000000000000005,0.004600000000000005,0.25829893081266236,56.41024041182616,2
2026-07-07 15:35:00+00:00,2026-07-07 15:40:00+00:00,2026-07-07 15:45:00+00:00,SHORT,63849.8,64041.3494,64041.3494,63466.7012,STOP,-0.0029910269192422456,-0.004391026919242246,-0.24769888416925545,56.162541527656906,2
2026-07-07 18:45:00+00:00,2026-07-07 18:50:00+00:00,2026-07-07 18:50:00+00:00,LONG,63925.9,63734.1223,63734.1223,64309.4554,STOP,-0.0030000000000000027,-0.004400000000000003,-0.24711518272169056,55.91542634493521,1
2026-07-07 18:55:00+00:00,2026-07-07 19:00:00+00:00,2026-07-07 19:15:00+00:00,LONG,63684.5,63493.4465,63493.4465,64066.607,STOP,-0.0030000000000000027,-0.004400000000000003,-0.2460278759177151,55.669398469017494,4
2026-07-07 21:15:00+00:00,2026-07-07 21:20:00+00:00,2026-07-07 21:35:00+00:00,LONG,63556.9,63366.2293,63366.2293,63938.2414,STOP,-0.0030000000000000027,-0.004400000000000003,-0.24494535326367714,55.42445311575382,4
2026-07-07 21:55:00+00:00,2026-07-07 22:00:00+00:00,2026-07-07 22:00:00+00:00,LONG,63429.0,63238.713,63238.713,63809.574,STOP,-0.0029999999999998916,-0.004399999999999892,-0.24386759370931083,55.18058552204451,1
2026-07-07 23:55:00+00:00,2026-07-08 00:00:00+00:00,2026-07-08 00:40:00+00:00,LONG,63366.4,63746.5984,63176.300800000005,63746.5984,TARGET,0.006000000000000005,0.004600000000000005,0.253830693401405,55.434416215445914,9
2026-07-08 00:50:00+00:00,2026-07-08 00:55:00+00:00,2026-07-08 01:35:00+00:00,SHORT,63612.5,63230.825,63803.337499999994,63230.825,TARGET,0.006036217303823088,0.004636217303823088,0.2570059996853815,55.6914222151313,9
2026-07-08 01:45:00+00:00,2026-07-08 01:50:00+00:00,2026-07-08 01:55:00+00:00,LONG,63194.8,63005.2156,63005.2156,63573.9688,STOP,-0.0030000000000000027,-0.004400000000000003,-0.24504225774657787,55.44637995738472,2
2026-07-08 02:00:00+00:00,2026-07-08 02:05:00+00:00,2026-07-08 02:30:00+00:00,LONG,62934.9,62746.0953,62746.0953,63312.5094,STOP,-0.0030000000000000027,-0.004400000000000003,-0.24396407181249294,55.20241588557223,6
2026-07-08 02:35:00+00:00,2026-07-08 02:40:00+00:00,2026-07-08 05:50:00+00:00,LONG,62761.1,62572.816699999996,62572.816699999996,63137.6666,STOP,-0.0030000000000000027,-0.004400000000000003,-0.24289062989651797,54.959525255675715,39
2026-07-08 07:25:00+00:00,2026-07-08 07:30:00+00:00,2026-07-08 08:15:00+00:00,SHORT,62816.2,62439.3028,63004.64859999999,62439.3028,TARGET,0.006036217303822866,0.004636217303822866,0.25480430200025356,55.21432955767597,10
2026-07-08 08:20:00+00:00,2026-07-08 08:25:00+00:00,2026-07-08 08:30:00+00:00,LONG,62218.0,62031.346,62031.346,62591.308,STOP,-0.0030000000000000027,-0.004400000000000003,-0.24294305005377442,54.97138650762219,2
2026-07-08 08:35:00+00:00,2026-07-08 08:40:00+00:00,2026-07-08 09:15:00+00:00,LONG,61988.1,61802.1357,61802.1357,62360.0286,STOP,-0.0030000000000000027,-0.004400000000000003,-0.24187410063353781,54.729512406988654,8
2026-07-08 10:55:00+00:00,2026-07-08 11:00:00+00:00,2026-07-08 11:40:00+00:00,SHORT,62180.5,62367.04149999999,62367.04149999999,61807.417,STOP,-0.0029910269192421346,-0.004391026919242135,-0.2403187622560836,54.48919364473257,9
2026-07-08 12:05:00+00:00,2026-07-08 12:10:00+00:00,2026-07-08 12:55:00+00:00,SHORT,62407.3,62032.8562,62594.5219,62032.8562,TARGET,0.006036217303822866,0.004636217303822866,0.2526237424470641,54.74181738717964,10
2026-07-08 13:25:00+00:00,2026-07-08 13:30:00+00:00,2026-07-08 13:55:00+00:00,LONG,61828.9,61643.4133,61643.4133,62199.873400000004,STOP,-0.0030000000000000027,-0.004400000000000003,-0.24086399650359056,54.500953390676045,6
2026-07-08 14:20:00+00:00,2026-07-08 14:25:00+00:00,2026-07-08 15:10:00+00:00,SHORT,62064.1,61691.7154,62250.292299999994,61691.7154,TARGET,0.006036217303822866,0.004636217303822866,0.2526782631846958,54.753631653860744,10
2026-07-08 15:35:00+00:00,2026-07-08 15:40:00+00:00,2026-07-08 16:40:00+00:00,LONG,61703.8,62074.022800000006,61518.6886,62074.022800000006,TARGET,0.006000000000000005,0.004600000000000005,0.2518667056077597,55.005498359468504,13
2026-07-08 16:45:00+00:00,2026-07-08 16:50:00+00:00,2026-07-08 17:20:00+00:00,SHORT,62014.6,62200.64379999999,62200.64379999999,61642.5124,STOP,-0.0029910269192421346,-0.004391026919242135,-0.2415306240027553,54.76396773546575,7
2026-07-08 21:10:00+00:00,2026-07-08 21:15:00+00:00,2026-07-09 01:05:00+00:00,LONG,62005.5,62377.533,61819.4835,62377.533,TARGET,0.006000000000000005,0.004600000000000005,0.25191425158314273,55.01588198704889,47
2026-07-09 03:15:00+00:00,2026-07-09 03:20:00+00:00,2026-07-09 04:30:00+00:00,LONG,61784.2,62154.905199999994,61598.8474,62154.905199999994,TARGET,0.006000000000000005,0.004600000000000005,0.25307305714042516,55.26895504418932,15
2026-07-09 05:10:00+00:00,2026-07-09 05:15:00+00:00,2026-07-09 06:00:00+00:00,SHORT,62501.9,62689.405699999996,62689.405699999996,62126.8886,STOP,-0.0029910269192421346,-0.004391026919242135,-0.24268746939741867,55.0262675747919,10
2026-07-09 06:25:00+00:00,2026-07-09 06:30:00+00:00,2026-07-09 07:00:00+00:00,SHORT,62821.6,63010.06479999999,63010.06479999999,62444.670399999995,STOP,-0.0029910269192421346,-0.004391026919242135,-0.24162182218633185,54.78464575260557,7
2026-07-09 07:15:00+00:00,2026-07-09 07:20:00+00:00,2026-07-09 07:45:00+00:00,SHORT,63093.2,63282.47959999999,63282.47959999999,62714.640799999994,STOP,-0.0029910269192421346,-0.004391026919242135,-0.24056085426083534,54.544084898344735,6
2026-07-09 07:50:00+00:00,2026-07-09 07:55:00+00:00,2026-07-09 10:50:00+00:00,SHORT,63120.1,62741.3794,63309.46029999999,62741.3794,TARGET,0.006036217303822866,0.004636217303822866,0.2528782302268893,54.796963128571626,36
2026-07-09 11:45:00+00:00,2026-07-09 11:50:00+00:00,2026-07-09 12:45:00+00:00,LONG,62668.9,62480.8933,62480.8933,63044.913400000005,STOP,-0.0030000000000000027,-0.004400000000000003,-0.2411066377657153,54.55585649080591,12
2026-07-09 15:20:00+00:00,2026-07-09 15:25:00+00:00,2026-07-09 16:20:00+00:00,SHORT,63103.4,62724.7796,63292.710199999994,62724.7796,TARGET,0.006036217303822866,0.004636217303822866,0.25293280588755135,54.80878929669346,12
2026-07-09 16:25:00+00:00,2026-07-09 16:30:00+00:00,2026-07-09 17:50:00+00:00,LONG,62713.3,63089.57980000001,62525.1601,63089.57980000001,TARGET,0.006000000000000005,0.004600000000000005,0.2521204307647902,55.06090972745825,17
2026-07-09 18:05:00+00:00,2026-07-09 18:10:00+00:00,2026-07-09 22:05:00+00:00,SHORT,63363.0,63288.3,63553.08899999999,62982.822,TIME,0.001180312948838802,-0.00021968705116119799,-0.012096168892278224,55.048813558565975,48
2026-07-09 22:40:00+00:00,2026-07-09 22:45:00+00:00,2026-07-10 00:30:00+00:00,SHORT,63361.2,62981.03279999999,63551.28359999999,62981.03279999999,TARGET,0.006036217303823088,0.004636217303823088,0.25521826197515457,55.30403182054113,22
2026-07-10 00:35:00+00:00,2026-07-10 00:40:00+00:00,2026-07-10 01:45:00+00:00,LONG,63097.3,63475.8838,62908.0081,63475.8838,TARGET,0.006000000000000005,0.004600000000000005,0.25439854637448944,55.558430366915616,14
2026-07-10 01:50:00+00:00,2026-07-10 01:55:00+00:00,2026-07-10 02:50:00+00:00,SHORT,63817.4,64008.852199999994,64008.852199999994,63434.4956,STOP,-0.0029910269192421346,-0.004391026919242135,-0.24395856333196614,55.31447180358365,12
2026-07-10 04:30:00+00:00,2026-07-10 04:35:00+00:00,2026-07-10 08:15:00+00:00,SHORT,64051.3,64243.45389999999,64243.45389999999,63666.9922,STOP,-0.0029910269192421346,-0.004391026919242135,-0.24288733471319585,55.071584468870455,45
2026-07-10 09:35:00+00:00,2026-07-10 09:40:00+00:00,2026-07-10 13:35:00+00:00,SHORT,64460.7,64306.7,64654.08209999999,64073.9358,TIME,0.0023947737949545633,0.0009947737949545633,0.05478376907625905,55.126368237946714,48
2026-07-10 13:45:00+00:00,2026-07-10 13:50:00+00:00,2026-07-10 14:15:00+00:00,SHORT,64524.1,64136.9554,64717.67229999999,64136.9554,TARGET,0.006036217303822866,0.004636217303822866,0.2555778223216798,55.38194606026839,6
2026-07-10 14:20:00+00:00,2026-07-10 14:25:00+00:00,2026-07-10 14:30:00+00:00,LONG,64106.7,63914.3799,63914.3799,64491.3402,STOP,-0.0030000000000000027,-0.004400000000000003,-0.24368056266518107,55.13826549760321,2
2026-07-10 14:50:00+00:00,2026-07-10 14:55:00+00:00,2026-07-10 18:50:00+00:00,LONG,63986.8,63794.8396,63794.8396,64370.7208,STOP,-0.0030000000000000027,-0.004400000000000003,-0.24260836818945428,54.895657129413756,48
2026-07-10 19:50:00+00:00,2026-07-10 19:55:00+00:00,2026-07-10 23:25:00+00:00,SHORT,63989.0,64180.96699999999,64180.96699999999,63605.066,STOP,-0.0029910269192421346,-0.004391026919242135,-0.2410483082047422,54.65460882120902,43
2026-07-11 01:15:00+00:00,2026-07-11 01:20:00+00:00,2026-07-11 05:15:00+00:00,SHORT,64180.7,64140.5,64373.24209999999,63795.6158,TIME,0.0006267490898885786,-0.0007732509101114214,-0.04226172601278359,54.612347095196235,48
2026-07-11 14:20:00+00:00,2026-07-11 14:25:00+00:00,2026-07-11 15:35:00+00:00,SHORT,64371.7,63985.4698,64564.81509999999,63985.4698,TARGET,0.006036217303822866,0.004636217303822866,0.2531947086051292,54.865541803801364,15
2026-07-11 17:30:00+00:00,2026-07-11 17:35:00+00:00,2026-07-11 21:30:00+00:00,SHORT,64385.7,64358.2,64578.85709999999,63999.3858,TIME,0.0004272959778242047,-0.0009727040221757953,-0.05336793319141182,54.81217387060995,48
2026-07-11 22:40:00+00:00,2026-07-11 22:45:00+00:00,2026-07-11 23:20:00+00:00,LONG,64210.6,64017.968199999996,64017.968199999996,64595.8636,STOP,-0.0030000000000000027,-0.004400000000000003,-0.24117356503068396,54.57100030557927,8
2026-07-11 23:25:00+00:00,2026-07-11 23:30:00+00:00,2026-07-12 00:30:00+00:00,LONG,63932.8,63741.0016,63741.0016,64316.3968,STOP,-0.0030000000000000027,-0.004400000000000003,-0.24011240134454895,54.33088790423472,13
2026-07-12 01:35:00+00:00,2026-07-12 01:40:00+00:00,2026-07-12 05:35:00+00:00,SHORT,64077.2,63989.1,64269.43159999999,63692.7368,TIME,0.0013767969857365614,-2.320301426343859e-05,-0.0012606403669872413,54.329627263867735,48
2026-07-12 06:00:00+00:00,2026-07-12 06:05:00+00:00,2026-07-12 06:25:00+00:00,LONG,63886.0,63694.342,63694.342,64269.316,STOP,-0.0030000000000000027,-0.004400000000000003,-0.2390503599610182,54.090576903906715,5
2026-07-12 06:40:00+00:00,2026-07-12 06:45:00+00:00,2026-07-12 10:40:00+00:00,LONG,63782.0,63852.6,63590.654,64164.692,TIME,0.0011068953623278865,-0.00029310463767211344,-0.015854198944895165,54.07472270496182,48
2026-07-12 10:45:00+00:00,2026-07-12 10:50:00+00:00,2026-07-12 14:45:00+00:00,LONG,63844.2,64190.0,63652.6674,64227.265199999994,TIME,0.00541631033046075,0.004016310330460749,0.21718086741673862,54.29190357237856,48
2026-07-12 14:50:00+00:00,2026-07-12 14:55:00+00:00,2026-07-12 18:50:00+00:00,SHORT,64220.4,64138.2,64413.0612,63835.077600000004,TIME,0.0012816075287427342,-0.00011839247125726578,-0.006427752633195074,54.285475819745365,48
2026-07-12 19:05:00+00:00,2026-07-12 19:10:00+00:00,2026-07-12 22:00:00+00:00,SHORT,64212.5,63827.225,64405.13749999999,63827.225,TARGET,0.006036217303822866,0.004636217303822866,0.25167926234176125,54.537155082087125,35
2026-07-12 22:05:00+00:00,2026-07-12 22:10:00+00:00,2026-07-13 00:10:00+00:00,LONG,63816.0,64198.896,63624.552,64198.896,TARGET,0.006000000000000005,0.004600000000000005,0.25087091337760103,54.78802599546473,25
2026-07-13 00:15:00+00:00,2026-07-13 00:20:00+00:00,2026-07-13 00:35:00+00:00,SHORT,64234.9,63849.490600000005,64427.604699999996,63849.490600000005,TARGET,0.006036217303822866,0.004636217303822866,0.2540091941624706,55.0420351896272,4
2026-07-13 00:45:00+00:00,2026-07-13 00:50:00+00:00,2026-07-13 00:55:00+00:00,SHORT,63917.3,64109.0519,64109.0519,63533.796200000004,STOP,-0.0029910269192422456,-0.004391026919242246,-0.241691058207532,54.80034413141967,2
2026-07-13 01:55:00+00:00,2026-07-13 02:00:00+00:00,2026-07-13 03:05:00+00:00,LONG,63415.0,63224.755,63224.755,63795.49,STOP,-0.0030000000000000027,-0.004400000000000003,-0.2411215141782467,54.559222617241424,14
2026-07-13 03:10:00+00:00,2026-07-13 03:15:00+00:00,2026-07-13 03:15:00+00:00,LONG,63024.9,62835.825300000004,62835.825300000004,63403.0494,STOP,-0.0030000000000000027,-0.004400000000000003,-0.24006057951586243,54.31916203772556,1
2026-07-13 03:30:00+00:00,2026-07-13 03:35:00+00:00,2026-07-13 05:00:00+00:00,LONG,62769.1,62580.7927,62580.7927,63145.7146,STOP,-0.0030000000000000027,-0.004400000000000003,-0.23900431296599262,54.080157724759566,18
2026-07-13 07:20:00+00:00,2026-07-13 07:25:00+00:00,2026-07-13 08:45:00+00:00,SHORT,62941.9,63130.725699999995,63130.725699999995,62564.2486,STOP,-0.0029910269192421346,-0.004391026919242135,-0.23746742836627974,53.842690296393286,17
2026-07-13 08:50:00+00:00,2026-07-13 08:55:00+00:00,2026-07-13 12:05:00+00:00,SHORT,63205.5,62826.267,63395.1165,62826.267,TARGET,0.006036217303822866,0.004636217303822866,0.24962641243651407,54.0923167088298,39
2026-07-13 13:20:00+00:00,2026-07-13 13:25:00+00:00,2026-07-13 13:40:00+00:00,LONG,62540.4,62352.7788,62352.7788,62915.642400000004,STOP,-0.0030000000000000027,-0.004400000000000003,-0.23800619351885127,53.85431051531095,4
2026-07-13 13:45:00+00:00,2026-07-13 13:50:00+00:00,2026-07-13 14:15:00+00:00,LONG,62322.8,62135.831600000005,62135.831600000005,62696.736800000006,STOP,-0.0030000000000000027,-0.004400000000000003,-0.23695896626736834,53.61735154904358,6
2026-07-13 16:15:00+00:00,2026-07-13 16:20:00+00:00,2026-07-13 17:20:00+00:00,LONG,62389.0,62201.833,62201.833,62763.334,STOP,-0.0030000000000000027,-0.004400000000000003,-0.23591634681579193,53.38143520222779,13
2026-07-13 17:35:00+00:00,2026-07-13 17:40:00+00:00,2026-07-13 17:55:00+00:00,LONG,62089.4,61903.1318,61903.1318,62461.9364,STOP,-0.0030000000000000027,-0.004400000000000003,-0.23487831488980243,53.14655688733799,4
2026-07-13 21:35:00+00:00,2026-07-13 21:40:00+00:00,2026-07-13 23:50:00+00:00,LONG,61961.1,62332.8666,61775.2167,62332.8666,TARGET,0.006000000000000005,0.004600000000000005,0.244474161681755,53.391031049019745,27
2026-07-14 00:00:00+00:00,2026-07-14 00:05:00+00:00,2026-07-14 00:55:00+00:00,SHORT,62315.6,62502.54679999999,62502.54679999999,61941.706399999995,STOP,-0.0029910269192421346,-0.004391026919242135,-0.23444145458233834,53.156589594437406,11
2026-07-14 04:30:00+00:00,2026-07-14 04:35:00+00:00,2026-07-14 08:30:00+00:00,SHORT,62740.8,62662.1,62929.022399999994,62364.355200000005,TIME,0.0012559425873055474,-0.00014405741269445257,-0.0076576007646355125,53.14893199367277,48
2026-07-14 09:35:00+00:00,2026-07-14 09:40:00+00:00,2026-07-14 12:20:00+00:00,LONG,62614.0,62989.684,62426.158,62989.684,TARGET,0.006000000000000005,0.004600000000000005,0.244485087170895,53.39341708084366,33
2026-07-14 12:30:00+00:00,2026-07-14 12:35:00+00:00,2026-07-14 12:35:00+00:00,SHORT,63476.8,63667.23039999999,63667.23039999999,63095.9392,STOP,-0.0029910269192421346,-0.004391026919242135,-0.23445193171230733,53.158965149131355,1
2026-07-14 12:45:00+00:00,2026-07-14 12:50:00+00:00,2026-07-14 12:55:00+00:00,SHORT,63734.5,63925.703499999996,63925.703499999996,63352.093,STOP,-0.0029910269192422456,-0.004391026919242246,-0.23342244696889616,52.92554270216246,2
2026-07-14 14:55:00+00:00,2026-07-14 15:00:00+00:00,2026-07-14 15:25:00+00:00,SHORT,64308.7,64501.62609999999,64501.62609999999,63922.847799999996,STOP,-0.0029910269192421346,-0.004391026919242135,-0.23239748272069446,52.69314521944177,6
2026-07-14 15:30:00+00:00,2026-07-14 15:35:00+00:00,2026-07-14 17:10:00+00:00,SHORT,64880.5,64491.217,65075.14149999999,64491.217,TARGET,0.006036217303823088,0.004636217303823088,0.24429687165923875,52.937442091101005,20
2026-07-14 21:30:00+00:00,2026-07-14 21:35:00+00:00,2026-07-14 21:40:00+00:00,SHORT,64700.4,64894.50119999999,64894.50119999999,64312.1976,STOP,-0.0029910269192421346,-0.004391026919242135,-0.23244973325784615,52.70499235784316,2
2026-07-14 22:15:00+00:00,2026-07-14 22:20:00+00:00,2026-07-14 22:20:00+00:00,SHORT,64767.1,64961.40129999999,64961.40129999999,64378.4974,STOP,-0.0029910269192421346,-0.004391026919242135,-0.23142904022174032,52.47356331762142,1
2026-07-15 01:15:00+00:00,2026-07-15 01:20:00+00:00,2026-07-15 02:25:00+00:00,LONG,64727.0,64532.819,64532.819,65115.362,STOP,-0.0030000000000000027,-0.004400000000000003,-0.2308836785975344,52.24267963902388,14
2026-07-15 02:30:00+00:00,2026-07-15 02:35:00+00:00,2026-07-15 04:10:00+00:00,LONG,64492.2,64879.1532,64298.723399999995,64879.1532,TARGET,0.006000000000000005,0.004600000000000005,0.24031632633951014,52.48299596536339,20
2026-07-15 05:10:00+00:00,2026-07-15 05:15:00+00:00,2026-07-15 06:10:00+00:00,LONG,64627.3,65015.0638,64433.4181,65015.0638,TARGET,0.006000000000000005,0.004600000000000005,0.2414217814406719,52.724417746804065,12
2026-07-15 06:15:00+00:00,2026-07-15 06:20:00+00:00,2026-07-15 06:30:00+00:00,SHORT,65008.3,65203.32489999999,65203.32489999999,64618.2502,STOP,-0.0029910269192421346,-0.004391026919242135,-0.2315143376275844,52.49290340917648,3
2026-07-15 06:35:00+00:00,2026-07-15 06:40:00+00:00,2026-07-15 07:20:00+00:00,SHORT,65046.9,64656.6186,65242.0407,64656.6186,TARGET,0.006036217303822866,0.004636217303822866,0.24336850711352628,52.73627191629,9
2026-07-15 07:25:00+00:00,2026-07-15 07:30:00+00:00,2026-07-15 09:20:00+00:00,LONG,64530.1,64917.2806,64336.509699999995,64917.2806,TARGET,0.006000000000000005,0.004600000000000005,0.24258685081493428,52.97885876710494,23
2026-07-15 12:50:00+00:00,2026-07-15 12:55:00+00:00,2026-07-15 13:00:00+00:00,SHORT,65203.6,65399.21079999999,65399.21079999999,64812.3784,STOP,-0.0029910269192422456,-0.004391026919242246,-0.23263159499709085,52.74622717210785,2
2026-07-15 13:15:00+00:00,2026-07-15 13:20:00+00:00,2026-07-15 13:45:00+00:00,SHORT,65535.0,65141.79,65731.605,65141.79,TARGET,0.006036217303822866,0.004636217303822866,0.24454297112669826,52.99077014323455,6
2026-07-15 16:15:00+00:00,2026-07-15 16:20:00+00:00,2026-07-15 16:35:00+00:00,LONG,65162.0,64966.514,64966.514,65552.972,STOP,-0.0030000000000000027,-0.004400000000000003,-0.23315938863023217,52.757610754604315,4
2026-07-15 16:45:00+00:00,2026-07-15 16:50:00+00:00,2026-07-15 19:15:00+00:00,LONG,65037.0,64841.889,64841.889,65427.222,STOP,-0.0030000000000000027,-0.004400000000000003,-0.23213348732025912,52.52547726728405,30
2026-07-15 20:30:00+00:00,2026-07-15 20:35:00+00:00,2026-07-16 00:25:00+00:00,SHORT,65023.2,64633.0608,65218.26959999999,64633.0608,TARGET,0.006036217303822866,0.004636217303822866,0.24351952659813692,52.76899679388219,47
2026-07-16 01:15:00+00:00,2026-07-16 01:20:00+00:00,2026-07-16 01:50:00+00:00,LONG,64417.0,64803.502,64223.749,64803.502,TARGET,0.006000000000000005,0.004600000000000005,0.24273738525185834,53.011734179134045,7
2026-07-16 05:15:00+00:00,2026-07-16 05:20:00+00:00,2026-07-16 05:30:00+00:00,SHORT,64785.8,64980.1574,64980.1574,64397.0852,STOP,-0.0029910269192421346,-0.004391026919242135,-0.23277595181628594,52.77895822731776,3
2026-07-16 06:05:00+00:00,2026-07-16 06:10:00+00:00,2026-07-16 07:25:00+00:00,SHORT,64940.4,64550.757600000004,65135.22119999999,64550.757600000004,TARGET,0.006036217303822866,0.004636217303822866,0.2446947194112348,53.023652946728994,16
2026-07-16 07:30:00+00:00,2026-07-16 07:35:00+00:00,2026-07-16 07:35:00+00:00,LONG,64467.4,64273.997800000005,64273.997800000005,64854.2044,STOP,-0.0030000000000000027,-0.004400000000000003,-0.23330407296560773,52.790348873763385,1
2026-07-16 07:40:00+00:00,2026-07-16 07:45:00+00:00,2026-07-16 08:10:00+00:00,LONG,64236.9,64044.1893,64044.1893,64622.3214,STOP,-0.0030000000000000027,-0.004400000000000003,-0.23227753504455906,52.558071338718825,6
2026-07-16 08:15:00+00:00,2026-07-16 08:20:00+00:00,2026-07-16 08:35:00+00:00,LONG,63947.0,64330.682,63755.159,64330.682,TARGET,0.006000000000000005,0.004600000000000005,0.24176712815810686,52.799838466876935,4
2026-07-16 10:55:00+00:00,2026-07-16 11:00:00+00:00,2026-07-16 13:35:00+00:00,SHORT,64223.1,64415.76929999999,64415.76929999999,63837.761399999996,STOP,-0.0029910269192421346,-0.004391026919242135,-0.23184551203969297,52.567992954837244,32
2026-07-16 14:05:00+00:00,2026-07-16 14:10:00+00:00,2026-07-16 14:25:00+00:00,SHORT,64613.3,64807.139899999995,64807.139899999995,64225.620200000005,STOP,-0.0029910269192421346,-0.004391026919242135,-0.23082747215522123,52.337165482682025,4
2026-07-16 17:05:00+00:00,2026-07-16 17:10:00+00:00,2026-07-16 17:15:00+00:00,LONG,64306.5,64113.5805,64113.5805,64692.339,STOP,-0.0030000000000000027,-0.004400000000000003,-0.23028352812380107,52.106881954558226,2
2026-07-16 17:50:00+00:00,2026-07-16 17:55:00+00:00,2026-07-16 21:50:00+00:00,LONG,64099.9,64192.5,63907.6003,64484.4994,TIME,0.0014446200384088392,4.462003840883925e-05,0.002325011074177241,52.1092069656324,48
2026-07-16 22:40:00+00:00,2026-07-16 22:45:00+00:00,2026-07-16 23:20:00+00:00,LONG,64088.3,63896.0351,63896.0351,64472.82980000001,STOP,-0.0030000000000000027,-0.004400000000000003,-0.22928051064878271,51.87992645498362,8
2026-07-16 23:30:00+00:00,2026-07-16 23:35:00+00:00,2026-07-17 01:45:00+00:00,LONG,63777.8,63586.4666,63586.4666,64160.4668,STOP,-0.0030000000000000027,-0.004400000000000003,-0.22827167640192808,51.65165477858169,27
2026-07-17 01:50:00+00:00,2026-07-17 01:55:00+00:00,2026-07-17 05:25:00+00:00,LONG,63509.5,63318.9715,63318.9715,63890.557,STOP,-0.0030000000000000027,-0.004400000000000003,-0.22726728102575958,51.42438749755593,43
2026-07-17 05:35:00+00:00,2026-07-17 05:40:00+00:00,2026-07-17 05:45:00+00:00,LONG,63107.3,62917.9781,62917.9781,63485.9438,STOP,-0.0030000000000000027,-0.004400000000000003,-0.22626730498924622,51.198120192566684,2
2026-07-17 05:55:00+00:00,2026-07-17 06:00:00+00:00,2026-07-17 09:55:00+00:00,LONG,62844.7,62998.6,62656.1659,63221.7682,TIME,0.0024488938605802257,0.0010488938605802257,0.05370139394323168,51.25182158650991,48
2026-07-17 10:05:00+00:00,2026-07-17 10:10:00+00:00,2026-07-17 11:35:00+00:00,SHORT,63082.3,63271.546899999994,63271.546899999994,62703.8062,STOP,-0.0029910269192421346,-0.004391026919242135,-0.22504812824656018,51.02677345826335,18
2026-07-17 12:40:00+00:00,2026-07-17 12:45:00+00:00,2026-07-17 13:05:00+00:00,LONG,63116.4,62927.050800000005,62927.050800000005,63495.0984,STOP,-0.0030000000000000027,-0.004400000000000003,-0.2245178032163589,50.80225565504699,5
2026-07-17 13:10:00+00:00,2026-07-17 13:15:00+00:00,2026-07-17 13:35:00+00:00,LONG,62819.1,62630.6427,62630.6427,63196.0146,STOP,-0.0030000000000000027,-0.004400000000000003,-0.2235299248822069,50.578725730164784,5
2026-07-17 13:40:00+00:00,2026-07-17 13:45:00+00:00,2026-07-17 13:55:00+00:00,LONG,62566.8,62942.200800000006,62379.0996,62942.200800000006,TARGET,0.006000000000000005,0.004600000000000005,0.23266213835875826,50.81138786852354,3
2026-07-17 14:00:00+00:00,2026-07-17 14:05:00+00:00,2026-07-17 14:05:00+00:00,SHORT,63195.5,63385.08649999999,63385.08649999999,62816.327,STOP,-0.0029910269192421346,-0.004391026919242135,-0.2231141719347401,50.5882736965888,1
2026-07-17 14:10:00+00:00,2026-07-17 14:15:00+00:00,2026-07-17 15:05:00+00:00,SHORT,63400.4,63019.9976,63590.6012,63019.9976,TARGET,0.006036217303822866,0.004636217303822866,0.23453822988265213,50.82281192647145,11
2026-07-17 16:00:00+00:00,2026-07-17 16:05:00+00:00,2026-07-17 16:45:00+00:00,SHORT,63421.5,63611.76449999999,63611.76449999999,63040.971,STOP,-0.0029910269192421346,-0.004391026919242135,-0.22316433528071636,50.59964759119074,9
2026-07-17 17:05:00+00:00,2026-07-17 17:10:00+00:00,2026-07-17 17:45:00+00:00,SHORT,63984.6,64176.553799999994,64176.553799999994,63600.6924,STOP,-0.0029910269192422456,-0.004391026919242246,-0.2221844146770896,50.37746317651365,8
2026-07-17 18:45:00+00:00,2026-07-17 18:50:00+00:00,2026-07-17 22:30:00+00:00,SHORT,64331.5,63945.511,64524.49449999999,63945.511,TARGET,0.006036217303822866,0.004636217303822866,0.23356086650165184,50.611024043015306,45
2026-07-17 23:10:00+00:00,2026-07-17 23:15:00+00:00,2026-07-18 03:10:00+00:00,LONG,63903.2,63983.1,63711.490399999995,64286.6192,TIME,0.001250328622040886,-0.00014967137795911397,-0.0075750217084399486,50.603449021306865,48
2026-07-18 12:45:00+00:00,2026-07-18 12:50:00+00:00,2026-07-18 16:45:00+00:00,SHORT,64213.4,64172.8,64406.040199999996,63828.1196,TIME,0.000632666799641024,-0.000767333200358976,-0.03882970648672169,50.56461931482014,48
2026-07-18 16:50:00+00:00,2026-07-18 16:55:00+00:00,2026-07-18 17:45:00+00:00,SHORT,64299.8,64492.6994,64492.6994,63914.001200000006,STOP,-0.0029910269192422456,-0.004391026919242246,-0.22203060457261165,50.34258871024753,11
2026-07-18 18:20:00+00:00,2026-07-18 18:25:00+00:00,2026-07-18 21:15:00+00:00,SHORT,64597.7,64791.49309999999,64791.49309999999,64210.1138,STOP,-0.0029910269192422456,-0.004391026919242246,-0.2210556622110377,50.1215330480365,35
2026-07-19 10:00:00+00:00,2026-07-19 10:05:00+00:00,2026-07-19 12:05:00+00:00,LONG,64564.9,64371.2053,64371.2053,64952.2894,STOP,-0.0030000000000000027,-0.004400000000000003,-0.22053474541136073,49.90099830262513,25
2026-07-19 12:15:00+00:00,2026-07-19 12:20:00+00:00,2026-07-19 16:15:00+00:00,LONG,64351.9,64577.2,64158.844300000004,64738.0114,TIME,0.003501062128701715,0.002101062128701715,0.10484509771805423,50.00584340034319,48
2026-07-19 17:10:00+00:00,2026-07-19 17:15:00+00:00,2026-07-19 18:05:00+00:00,SHORT,64706.3,64318.0622,64900.4189,64318.0622,TARGET,0.006036217303823088,0.004636217303823088,0.23183795646493865,50.237681356808125,11
2026-07-19 22:10:00+00:00,2026-07-19 22:15:00+00:00,2026-07-19 22:20:00+00:00,SHORT,64673.6,64867.62079999999,64867.62079999999,64285.5584,STOP,-0.0029910269192421346,-0.004391026919242135,-0.22059501119805322,50.017086345610075,2
2026-07-19 22:30:00+00:00,2026-07-19 22:35:00+00:00,2026-07-20 00:10:00+00:00,SHORT,64753.2,64947.45959999999,64947.45959999999,64364.680799999995,STOP,-0.0029910269192421346,-0.004391026919242135,-0.21962637256563206,49.79745997304444,20
2026-07-20 00:15:00+00:00,2026-07-20 00:20:00+00:00,2026-07-20 00:45:00+00:00,SHORT,65058.9,64668.5466,65254.0767,64668.5466,TARGET,0.006036217303822866,0.004636217303822866,0.23087184561345517,50.0283318186579,6
2026-07-20 01:05:00+00:00,2026-07-20 01:10:00+00:00,2026-07-20 01:50:00+00:00,SHORT,65001.8,64611.7892,65196.8054,64611.7892,TARGET,0.006036217303823088,0.004636217303823088,0.23194221765906492,50.260274036316964,9
2026-07-20 02:00:00+00:00,2026-07-20 02:05:00+00:00,2026-07-20 05:00:00+00:00,SHORT,64918.7,64529.1878,65113.45609999999,64529.1878,TARGET,0.006036217303822866,0.004636217303822866,0.23301755218205183,50.49329158849902,36
2026-07-20 05:10:00+00:00,2026-07-20 05:15:00+00:00,2026-07-20 06:30:00+00:00,LONG,64250.8,64058.047600000005,64058.047600000005,64636.304800000005,STOP,-0.0030000000000000027,-0.004400000000000003,-0.22217048298939582,50.27112110550962,16
2026-07-20 06:35:00+00:00,2026-07-20 06:40:00+00:00,2026-07-20 08:00:00+00:00,LONG,63942.4,64326.0544,63750.5728,64326.0544,TARGET,0.006000000000000005,0.004600000000000005,0.23124715708534452,50.50236826259496,17
2026-07-20 08:35:00+00:00,2026-07-20 08:40:00+00:00,2026-07-20 10:20:00+00:00,LONG,63973.9,64357.7434,63781.9783,64357.7434,TARGET,0.006000000000000005,0.004600000000000005,0.23231089400793709,50.7346791566029,21
2026-07-20 11:30:00+00:00,2026-07-20 11:35:00+00:00,2026-07-20 11:55:00+00:00,SHORT,64812.1,65006.53629999999,65006.53629999999,64423.227399999996,STOP,-0.0029910269192421346,-0.004391026919242135,-0.22277734191575618,50.51190181468714,5
2026-07-20 12:00:00+00:00,2026-07-20 12:05:00+00:00,2026-07-20 13:45:00+00:00,SHORT,64806.6,64417.7604,65001.019799999995,64417.7604,TARGET,0.006036217303822866,0.004636217303822866,0.23418415324225417,50.746085967929396,21
2026-07-20 13:50:00+00:00,2026-07-20 13:55:00+00:00,2026-07-20 14:20:00+00:00,LONG,64356.6,64163.5302,64163.5302,64742.7396,STOP,-0.0030000000000000027,-0.004400000000000003,-0.22328277825888948,50.522803189670505,6
2026-07-20 15:10:00+00:00,2026-07-20 15:15:00+00:00,2026-07-20 15:40:00+00:00,SHORT,64973.8,65168.721399999995,65168.721399999995,64583.957200000004,STOP,-0.0029910269192421346,-0.004391026919242135,-0.22184698884141557,50.30095620082909,6
2026-07-20 15:45:00+00:00,2026-07-20 15:50:00+00:00,2026-07-20 15:50:00+00:00,SHORT,65322.2,65518.16659999999,65518.16659999999,64930.2668,STOP,-0.0029910269192421346,-0.004391026919242135,-0.22087285274146012,50.08008334808763,1
2026-07-20 17:50:00+00:00,2026-07-20 17:55:00+00:00,2026-07-20 18:10:00+00:00,SHORT,65576.6,65773.32979999999,65773.32979999999,65183.140400000004,STOP,-0.0029910269192420236,-0.004391026919242024,-0.21990299409933703,49.8601803539883,4
2026-07-20 18:45:00+00:00,2026-07-20 18:50:00+00:00,2026-07-20 19:15:00+00:00,LONG,65288.3,65092.4351,65092.4351,65680.0298,STOP,-0.0030000000000000027,-0.004400000000000003,-0.21938479355754864,49.640795560430746,6
2026-07-20 19:25:00+00:00,2026-07-20 19:30:00+00:00,2026-07-20 23:25:00+00:00,LONG,65154.9,65244.9,64959.435300000005,65545.8294,TIME,0.0013813235842583538,-1.867641574164621e-05,-0.00092711213563267,49.63986844829511,48
2026-07-21 00:20:00+00:00,2026-07-21 00:25:00+00:00,2026-07-21 01:05:00+00:00,SHORT,65420.1,65616.36029999999,65616.36029999999,65027.579399999995,STOP,-0.0029910269192420236,-0.004391026919242024,-0.21796999862409663,49.42189844967101,9
2026-07-21 01:10:00+00:00,2026-07-21 01:15:00+00:00,2026-07-21 05:10:00+00:00,SHORT,65550.0,65539.9,65746.65,65156.7,TIME,0.000154104598877991,-0.001245895401122009,-0.06157451599316406,49.36032393367785,48
2026-07-21 05:45:00+00:00,2026-07-21 05:50:00+00:00,2026-07-21 07:30:00+00:00,SHORT,65814.5,66011.9435,66011.9435,65419.613,STOP,-0.0029910269192421346,-0.004391026919242135,-0.21674251113529125,49.14358142254255,21
2026-07-21 07:45:00+00:00,2026-07-21 07:50:00+00:00,2026-07-21 10:10:00+00:00,SHORT,66193.8,66392.3814,66392.3814,65796.6372,STOP,-0.0029910269192422456,-0.004391026919242246,-0.2157907889343575,48.9277906336082,29
2026-07-21 12:20:00+00:00,2026-07-21 12:25:00+00:00,2026-07-21 13:15:00+00:00,SHORT,66454.5,66653.86349999999,66653.86349999999,66055.773,STOP,-0.0029910269192421346,-0.004391026919242135,-0.21484324577121677,48.712947387836984,11
2026-07-21 13:35:00+00:00,2026-07-21 13:40:00+00:00,2026-07-21 14:00:00+00:00,LONG,66407.5,66805.945,66208.2775,66805.945,TARGET,0.006000000000000005,0.004600000000000005,0.22407955798405038,48.93702694582103,5
2026-07-21 14:05:00+00:00,2026-07-21 14:10:00+00:00,2026-07-21 17:15:00+00:00,SHORT,66821.7,66420.7698,67022.16509999998,66420.7698,TARGET,0.006036217303822866,0.004636217303822866,0.22688269112386134,49.163909636944894,38
2026-07-21 17:45:00+00:00,2026-07-21 17:50:00+00:00,2026-07-21 18:30:00+00:00,LONG,66298.2,66099.3054,66099.3054,66695.9892,STOP,-0.0030000000000000027,-0.004400000000000003,-0.21632120240255767,48.94758843454233,9
2026-07-21 21:30:00+00:00,2026-07-21 21:35:00+00:00,2026-07-22 00:20:00+00:00,LONG,66298.5,66696.291,66099.6045,66696.291,TARGET,0.006000000000000005,0.004600000000000005,0.22515890679889497,49.17274734134123,34
2026-07-22 00:25:00+00:00,2026-07-22 00:30:00+00:00,2026-07-22 03:10:00+00:00,SHORT,66672.2,66272.16679999999,66872.21659999999,66272.16679999999,TARGET,0.006036217303823088,0.004636217303823088,0.22797554210044696,49.400722883441674,33
2026-07-22 05:15:00+00:00,2026-07-22 05:20:00+00:00,2026-07-22 05:40:00+00:00,LONG,66173.9,65975.3783,65975.3783,66570.94339999999,STOP,-0.0030000000000000027,-0.004400000000000003,-0.2173631806871435,49.18335970275453,5
2026-07-22 06:10:00+00:00,2026-07-22 06:15:00+00:00,2026-07-22 07:35:00+00:00,LONG,65986.0,65788.042,65788.042,66381.916,STOP,-0.0030000000000000027,-0.004400000000000003,-0.21640678269212008,48.96695292006241,17
2026-07-22 07:40:00+00:00,2026-07-22 07:45:00+00:00,2026-07-22 11:40:00+00:00,LONG,65778.9,65921.2,65581.5633,66173.5734,TIME,0.0021633076868114998,0.0007633076868114998,0.03737685156362045,49.00432977162603,48
2026-07-22 12:30:00+00:00,2026-07-22 12:35:00+00:00,2026-07-22 12:55:00+00:00,LONG,65804.2,65606.7874,65606.7874,66199.0252,STOP,-0.0029999999999998916,-0.004399999999999892,-0.21561905099514925,48.78871072063088,5
2026-07-22 13:25:00+00:00,2026-07-22 13:30:00+00:00,2026-07-22 14:00:00+00:00,LONG,65627.8,66021.5668,65430.916600000004,66021.5668,TARGET,0.006000000000000005,0.004600000000000005,0.2244280693149023,49.013138789945785,7
2026-07-22 14:05:00+00:00,2026-07-22 14:10:00+00:00,2026-07-22 14:25:00+00:00,SHORT,66006.1,65610.0634,66204.1183,65610.0634,TARGET,0.006036217303823088,0.004636217303823088,0.22723556217262925,49.240374352118415,4
2026-07-22 15:20:00+00:00,2026-07-22 15:25:00+00:00,2026-07-22 16:30:00+00:00,SHORT,66032.3,66230.39689999999,66230.39689999999,65636.10620000001,STOP,-0.0029910269192421346,-0.004391026919242135,-0.21621580929371195,49.0241585428247,14
2026-07-22 16:35:00+00:00,2026-07-22 16:40:00+00:00,2026-07-22 17:25:00+00:00,SHORT,66366.0,65967.804,66565.098,65967.804,TARGET,0.006036217303822866,0.004636217303822866,0.22728665214159946,49.2514451949663,10
2026-07-22 18:20:00+00:00,2026-07-22 18:25:00+00:00,2026-07-22 22:20:00+00:00,LONG,65874.5,66006.5,65676.8765,66269.747,TIME,0.0020038102755997045,0.0006038102755997045,0.029738528696856344,49.281183723663155,48
2026-07-23 00:05:00+00:00,2026-07-23 00:10:00+00:00,2026-07-23 01:35:00+00:00,SHORT,66211.5,65814.231,66410.13449999999,65814.231,TARGET,0.006036217303822866,0.004636217303822866,0.22847827673252089,49.50966200039568,18
2026-07-23 01:40:00+00:00,2026-07-23 01:45:00+00:00,2026-07-23 03:25:00+00:00,LONG,65780.8,65583.45760000001,65583.45760000001,66175.4848,STOP,-0.0029999999999998916,-0.004399999999999892,-0.21784251280173564,49.29181948759394,21
2026-07-23 07:10:00+00:00,2026-07-23 07:15:00+00:00,2026-07-23 11:10:00+00:00,LONG,65456.0,65709.5,65259.632,65848.736,TIME,0.00387283060376431,0.00247283060376431,0.1218903197441483,49.41370980733809,48
2026-07-23 11:50:00+00:00,2026-07-23 11:55:00+00:00,2026-07-23 12:30:00+00:00,LONG,65570.1,65373.38970000001,65373.38970000001,65963.5206,STOP,-0.0030000000000000027,-0.004400000000000003,-0.21742032315228774,49.1962894841858,8
2026-07-23 12:35:00+00:00,2026-07-23 12:40:00+00:00,2026-07-23 13:25:00+00:00,LONG,65165.9,64970.4023,64970.4023,65556.89540000001,STOP,-0.0030000000000000027,-0.004400000000000003,-0.21646367373041764,48.97982581045538,10
2026-07-23 13:45:00+00:00,2026-07-23 13:50:00+00:00,2026-07-23 15:10:00+00:00,LONG,64974.7,64779.7759,64779.7759,65364.5482,STOP,-0.0029999999999998916,-0.004399999999999892,-0.21551123356599838,48.76431457688938,17
2026-07-23 19:50:00+00:00,2026-07-23 19:55:00+00:00,2026-07-23 20:15:00+00:00,LONG,64715.8,65104.094800000006,64521.6526,65104.094800000006,TARGET,0.006000000000000005,0.004600000000000005,0.22431584705369143,48.98863042394307,5
2026-07-23 20:25:00+00:00,2026-07-23 20:30:00+00:00,2026-07-24 00:25:00+00:00,SHORT,65165.7,64877.3,65361.19709999999,64774.705799999996,TIME,0.0044453144628398,0.0030453144628398,0.14918578474474767,49.137816208687816,48
2026-07-24 00:30:00+00:00,2026-07-24 00:35:00+00:00,2026-07-24 03:05:00+00:00,LONG,64830.6,65219.5836,64636.108199999995,65219.5836,TARGET,0.006000000000000005,0.004600000000000005,0.2260339545599642,49.36385016324778,31
2026-07-24 03:45:00+00:00,2026-07-24 03:50:00+00:00,2026-07-24 07:10:00+00:00,SHORT,65451.0,65647.35299999999,65647.35299999999,65058.294,STOP,-0.0029910269192421346,-0.004391026919242135,-0.21675799490425626,49.14709216834353,41
2026-07-24 07:15:00+00:00,2026-07-24 07:20:00+00:00,2026-07-24 08:25:00+00:00,SHORT,65729.4,65335.02359999999,65926.58819999998,65335.02359999999,TARGET,0.006036217303822866,0.004636217303822866,0.22785659914345152,49.37494876748698,14
2026-07-24 09:05:00+00:00,2026-07-24 09:10:00+00:00,2026-07-24 10:50:00+00:00,LONG,65129.1,64933.7127,64933.7127,65519.874599999996,STOP,-0.0030000000000000027,-0.004400000000000003,-0.21724977457694283,49.157698992910035,21
2026-07-24 11:55:00+00:00,2026-07-24 12:00:00+00:00,2026-07-24 13:05:00+00:00,SHORT,65080.4,64689.9176,65275.64119999999,64689.9176,TARGET,0.006036217303822866,0.004636217303822866,0.22790577468704537,49.38560476759708,14
2026-07-24 13:10:00+00:00,2026-07-24 13:15:00+00:00,2026-07-24 13:50:00+00:00,LONG,64365.1,64172.0047,64172.0047,64751.2906,STOP,-0.0030000000000000027,-0.004400000000000003,-0.21729666097742728,49.168308106619655,8
2026-07-24 15:30:00+00:00,2026-07-24 15:35:00+00:00,2026-07-24 19:30:00+00:00,SHORT,64198.1,64228.0,64390.69429999999,63812.9114,TIME,-0.00046552905274954703,-0.001865529052749547,-0.09172490724744004,49.076583199372216,48
2026-07-25 01:15:00+00:00,2026-07-25 01:20:00+00:00,2026-07-25 05:15:00+00:00,LONG,64007.0,64146.3,63814.979,64391.042,TIME,0.0021763244645116586,0.0007763244645116586,0.0380993521723145,49.11468255154453,48
2026-07-25 05:40:00+00:00,2026-07-25 05:45:00+00:00,2026-07-25 08:50:00+00:00,LONG,64038.7,63846.5839,63846.5839,64422.932199999996,STOP,-0.0030000000000000027,-0.004400000000000003,-0.2161046032267961,48.89857794831774,38
2026-07-25 13:45:00+00:00,2026-07-25 13:50:00+00:00,2026-07-25 17:45:00+00:00,SHORT,64240.6,64276.7,64433.32179999999,63855.1564,TIME,-0.0005616343091664477,-0.001961634309166448,-0.09592112817286996,48.80265682014487,48
2026-07-26 00:55:00+00:00,2026-07-26 01:00:00+00:00,2026-07-26 04:55:00+00:00,SHORT,64511.9,64510.0,64705.435699999995,64124.8286,TIME,2.945279801580547e-05,-0.0013705472019841945,-0.06688634475424442,48.73577047539062,48
2026-07-26 09:15:00+00:00,2026-07-26 09:20:00+00:00,2026-07-26 13:15:00+00:00,SHORT,64539.8,64470.8,64733.4194,64152.561200000004,TIME,0.0010702519590264359,-0.0003297480409735641,-0.01607052483959732,48.719699950551025,48
2026-07-26 14:05:00+00:00,2026-07-26 14:10:00+00:00,2026-07-26 16:30:00+00:00,SHORT,64692.5,64886.57749999999,64886.57749999999,64304.345,STOP,-0.0029910269192421346,-0.004391026919242135,-0.21392951398026924,48.50577043657076,29
2026-07-26 21:20:00+00:00,2026-07-26 21:25:00+00:00,2026-07-26 22:00:00+00:00,SHORT,64793.5,64987.88049999999,64987.88049999999,64404.739,STOP,-0.0029910269192421346,-0.004391026919242135,-0.21299014372556152,48.292780292845194,8
2026-07-26 22:05:00+00:00,2026-07-26 22:10:00+00:00,2026-07-26 22:30:00+00:00,SHORT,65203.5,65399.110499999995,65399.110499999995,64812.279,STOP,-0.0029910269192422456,-0.004391026919242246,-0.21205489827093468,48.08072539457426,5
2026-07-26 22:35:00+00:00,2026-07-26 22:40:00+00:00,2026-07-27 01:15:00+00:00,SHORT,65419.8,65027.281200000005,65616.0594,65027.281200000005,TARGET,0.006036217303822866,0.004636217303822866,0.22291269105468067,48.30363808562894,32
2026-07-27 05:55:00+00:00,2026-07-27 06:00:00+00:00,2026-07-27 06:05:00+00:00,SHORT,65474.6,65671.0238,65671.0238,65081.7524,STOP,-0.0029910269192422456,-0.004391026919242246,-0.21210257513133166,48.09153551049761,2
2026-07-27 06:15:00+00:00,2026-07-27 06:20:00+00:00,2026-07-27 08:10:00+00:00,SHORT,65582.7,65189.203799999996,65779.4481,65189.203799999996,TARGET,0.006036217303822866,0.004636217303822866,0.22296280910118083,48.31449831959879,23
2026-07-27 09:35:00+00:00,2026-07-27 09:40:00+00:00,2026-07-27 12:30:00+00:00,SHORT,65327.1,64935.1374,65523.08129999999,64935.1374,TARGET,0.006036217303822866,0.004636217303822866,0.2239965131348447,48.53849483273363,35
2026-07-27 13:30:00+00:00,2026-07-27 13:35:00+00:00,2026-07-27 13:35:00+00:00,SHORT,65094.8,65290.08439999999,65290.08439999999,64704.2312,STOP,-0.0029910269192421346,-0.004391026919242135,-0.21313383743002864,48.325360995303605,1
2026-07-27 13:40:00+00:00,2026-07-27 13:45:00+00:00,2026-07-27 13:55:00+00:00,SHORT,65670.7,65276.6758,65867.71209999999,65276.6758,TARGET,0.006036217303822866,0.004636217303822866,0.22404687485991318,48.54940787016352,3
2026-07-27 14:30:00+00:00,2026-07-27 14:35:00+00:00,2026-07-27 14:40:00+00:00,LONG,64664.1,64470.1077,64470.1077,65052.0846,STOP,-0.0030000000000000027,-0.004400000000000003,-0.21361739462871962,48.3357904755348,2
2026-07-27 17:20:00+00:00,2026-07-27 17:25:00+00:00,2026-07-27 21:20:00+00:00,SHORT,65044.5,64882.5,65239.633499999996,64654.233,TIME,0.0024968211767426585,0.0010968211767426585,0.05301571858816266,48.388806194122964,48
2026-07-27 21:25:00+00:00,2026-07-27 21:30:00+00:00,2026-07-27 22:25:00+00:00,LONG,64835.7,64641.192899999995,64641.192899999995,65224.714199999995,STOP,-0.0030000000000000027,-0.004400000000000003,-0.2129107472541412,48.17589544686882,12
2026-07-27 22:40:00+00:00,2026-07-27 22:45:00+00:00,2026-07-27 22:50:00+00:00,LONG,64218.2,64025.545399999995,64025.545399999995,64603.5092,STOP,-0.0030000000000000027,-0.004400000000000003,-0.21197393996622296,47.9639215069026,2
2026-07-27 22:55:00+00:00,2026-07-27 23:00:00+00:00,2026-07-28 00:10:00+00:00,LONG,63792.0,63600.624,63600.624,64174.752,STOP,-0.0029999999999998916,-0.004399999999999892,-0.21104125463036624,47.752880252272234,15
2026-07-28 01:05:00+00:00,2026-07-28 01:10:00+00:00,2026-07-28 05:05:00+00:00,LONG,63212.0,63471.2,63022.364,63591.272,TIME,0.00410048724925649,0.00270048724925649,0.1289560442365332,47.881836296508766,48
2026-07-28 05:15:00+00:00,2026-07-28 05:20:00+00:00,2026-07-28 09:15:00+00:00,SHORT,63585.9,63451.8,63776.657699999996,63204.3846,TIME,0.0021134152222632707,0.0007134152222632707,0.034159630883847346,47.915995927392615,48
2026-07-28 11:40:00+00:00,2026-07-28 11:45:00+00:00,2026-07-28 13:30:00+00:00,LONG,63397.6,63207.4072,63207.4072,63777.9856,STOP,-0.0030000000000000027,-0.004400000000000003,-0.21083038208052765,47.705165545312084,22
2026-07-28 13:35:00+00:00,2026-07-28 13:40:00+00:00,2026-07-28 13:45:00+00:00,LONG,62962.2,62773.3134,62773.3134,63339.9732,STOP,-0.0030000000000000027,-0.004400000000000003,-0.2099027283993733,47.495262816912714,2
2026-07-28 13:50:00+00:00,2026-07-28 13:55:00+00:00,2026-07-28 14:40:00+00:00,LONG,63010.0,63388.06,62820.97,63388.06,TARGET,0.006000000000000005,0.004600000000000005,0.21847820895779874,47.71374102587051,10
2026-07-28 15:20:00+00:00,2026-07-28 15:25:00+00:00,2026-07-28 16:50:00+00:00,SHORT,63884.4,64076.053199999995,64076.053199999995,63501.0936,STOP,-0.0029910269192421346,-0.004391026919242135,-0.20951232126234526,47.50422870460817,18
2026-07-28 17:35:00+00:00,2026-07-28 17:40:00+00:00,2026-07-28 20:00:00+00:00,LONG,63549.9,63931.199400000005,63359.2503,63931.199400000005,TARGET,0.006000000000000005,0.004600000000000005,0.2185194520411978,47.72274815664937,29
2026-07-28 20:05:00+00:00,2026-07-28 20:10:00+00:00,2026-07-28 23:25:00+00:00,SHORT,63952.0,63568.288,64143.85599999999,63568.288,TARGET,0.006036217303822866,0.004636217303822866,0.22125303078983857,47.944001187439206,40
2026-07-29 00:05:00+00:00,2026-07-29 00:10:00+00:00,2026-07-29 02:00:00+00:00,SHORT,64051.9,63667.5886,64244.0557,63667.5886,TARGET,0.006036217303822866,0.004636217303822866,0.22227880791970966,48.16627999535891,23
2026-07-29 02:35:00+00:00,2026-07-29 02:40:00+00:00,2026-07-29 03:30:00+00:00,SHORT,64100.0,63715.4,64292.299999999996,63715.4,TARGET,0.006036217303822866,0.004636217303822866,0.22330934077526016,48.38958933613417,11
2026-07-29 03:50:00+00:00,2026-07-29 03:55:00+00:00,2026-07-29 06:10:00+00:00,LONG,63740.2,64122.6412,63548.9794,64122.6412,TARGET,0.006000000000000005,0.004600000000000005,0.22259211094621745,48.61218144708039,28
2026-07-29 06:25:00+00:00,2026-07-29 06:30:00+00:00,2026-07-29 09:35:00+00:00,SHORT,64399.9,64593.09969999999,64593.09969999999,64013.5006,STOP,-0.0029910269192421346,-0.004391026919242135,-0.21345739733721306,48.39872404974317,38
2026-07-29 09:40:00+00:00,2026-07-29 09:45:00+00:00,2026-07-29 13:15:00+00:00,SHORT,64605.9,64218.2646,64799.717699999994,64218.2646,TARGET,0.006036217303822866,0.004636217303822866,0.22438700192236719,48.62311105166554,43
2026-07-29 13:40:00+00:00,2026-07-29 13:45:00+00:00,2026-07-29 14:00:00+00:00,SHORT,64482.4,64675.8472,64675.8472,64095.505600000004,STOP,-0.0029910269192422456,-0.004391026919242246,-0.21350538952516854,48.40960566214037,4
2026-07-29 15:35:00+00:00,2026-07-29 15:40:00+00:00,2026-07-29 16:40:00+00:00,LONG,63992.4,63800.4228,63800.4228,64376.354400000004,STOP,-0.0030000000000000027,-0.004400000000000003,-0.21300226491341778,48.19660339722695,13
2026-07-29 17:50:00+00:00,2026-07-29 17:55:00+00:00,2026-07-29 18:00:00+00:00,SHORT,64198.5,64391.095499999996,64391.095499999996,63813.309,STOP,-0.0029910269192422456,-0.004391026919242246,-0.2116325829332658,47.98497081429369,2
2026-07-29 18:05:00+00:00,2026-07-29 18:10:00+00:00,2026-07-29 18:25:00+00:00,SHORT,64442.1,64055.4474,64635.42629999999,64055.4474,TARGET,0.006036217303822866,0.004636217303822866,0.2224687520126636,48.207439566306356,4
2026-07-29 19:45:00+00:00,2026-07-29 19:50:00+00:00,2026-07-29 20:00:00+00:00,LONG,63715.9,63524.7523,63524.7523,64098.195400000004,STOP,-0.0030000000000000027,-0.004400000000000003,-0.2121127340917481,47.99532683221461,3
2026-07-29 22:00:00+00:00,2026-07-29 22:05:00+00:00,2026-07-29 22:10:00+00:00,SHORT,63911.3,64103.033899999995,64103.033899999995,63527.832200000004,STOP,-0.0029910269192421346,-0.004391026919242135,-0.2107487721180787,47.78457806009653,2
2026-07-30 00:40:00+00:00,2026-07-30 00:45:00+00:00,2026-07-30 01:45:00+00:00,LONG,63697.0,64079.182,63505.909,64079.182,TARGET,0.006000000000000005,0.004600000000000005,0.21980905907644427,48.004387119172975,13
2026-07-30 01:50:00+00:00,2026-07-30 01:55:00+00:00,2026-07-30 05:20:00+00:00,SHORT,64308.0,63922.152,64500.92399999999,63922.152,TARGET,0.006036217303822866,0.004636217303822866,0.22255877022132126,48.226945889394294,42
2026-07-30 07:15:00+00:00,2026-07-30 07:20:00+00:00,2026-07-30 08:25:00+00:00,SHORT,64141.1,64333.52329999999,64333.52329999999,63756.2534,STOP,-0.0029910269192422456,-0.004391026919242246,-0.2117658176331695,48.01518007176112,14
2026-07-30 09:30:00+00:00,2026-07-30 09:35:00+00:00,2026-07-30 11:50:00+00:00,SHORT,64602.2,64796.00659999999,64796.00659999999,64214.5868,STOP,-0.0029910269192422456,-0.004391026919242246,-0.21083594822736693,47.80434412353375,28
2026-07-30 11:55:00+00:00,2026-07-30 12:00:00+00:00,2026-07-30 12:10:00+00:00,SHORT,64795.1,64989.48529999999,64989.48529999999,64406.329399999995,STOP,-0.0029910269192421346,-0.004391026919242135,-0.20991016190315126,47.5944339616306,3
2026-07-30 13:40:00+00:00,2026-07-30 13:45:00+00:00,2026-07-30 15:00:00+00:00,SHORT,65014.7,64624.6118,65209.74409999999,64624.6118,TARGET,0.006036217303822866,0.004636217303822866,0.22065813829856645,47.81509209992917,16
2026-07-30 16:10:00+00:00,2026-07-30 16:15:00+00:00,2026-07-30 20:10:00+00:00,SHORT,64935.2,64793.5,65130.00559999999,64545.5888,TIME,0.002186947764821978,0.0007869477648219782,0.037627979852796284,47.85272007978196,48
2026-07-30 22:05:00+00:00,2026-07-30 22:10:00+00:00,2026-07-31 01:05:00+00:00,SHORT,64944.9,65139.73469999999,65139.73469999999,64555.2306,STOP,-0.0029910269192421346,-0.004391026919242135,-0.21012258202928122,47.64259749775268,36
2026-07-31 01:10:00+00:00,2026-07-31 01:15:00+00:00,2026-07-31 01:45:00+00:00,SHORT,65191.4,64800.2516,65386.9742,64800.2516,TARGET,0.006036217303822866,0.004636217303822866,0.22088143491814896,47.86347893267083,7
2026-07-31 02:10:00+00:00,2026-07-31 02:15:00+00:00,2026-07-31 02:40:00+00:00,LONG,64490.9,64297.4273,64297.4273,64877.8454,STOP,-0.0030000000000000027,-0.004400000000000003,-0.2105993073037518,47.65287962536708,6
2026-07-31 04:00:00+00:00,2026-07-31 04:05:00+00:00,2026-07-31 07:05:00+00:00,SHORT,64428.0,64041.432,64621.28399999999,64041.432,TARGET,0.006036217303822866,0.004636217303822866,0.22092910509611494,47.873808730463196,37
2026-07-31 07:20:00+00:00,2026-07-31 07:25:00+00:00,2026-07-31 09:05:00+00:00,LONG,63980.9,63788.9573,63788.9573,64364.7854,STOP,-0.0030000000000000027,-0.004400000000000003,-0.2106447584140382,47.663163972049155,21
2026-07-31 09:30:00+00:00,2026-07-31 09:35:00+00:00,2026-07-31 13:30:00+00:00,LONG,63673.9,63713.7,63482.878300000004,64055.943400000004,TIME,0.0006250598753962944,-0.0007749401246037056,-0.036936098227506625,47.62622787382165,48
2026-07-31 13:40:00+00:00,2026-07-31 13:45:00+00:00,2026-07-31 13:50:00+00:00,LONG,63469.4,63278.9918,63278.9918,63850.216400000005,STOP,-0.0030000000000000027,-0.004400000000000003,-0.2095554026448154,47.41667247117683,2
2026-07-31 14:00:00+00:00,2026-07-31 14:05:00+00:00,2026-07-31 14:05:00+00:00,LONG,63023.3,62834.2301,62834.2301,63401.4398,STOP,-0.0030000000000000027,-0.004400000000000003,-0.2086333588731782,47.20803911230365,1
2026-07-31 14:10:00+00:00,2026-07-31 14:15:00+00:00,2026-07-31 15:25:00+00:00,LONG,62704.0,62515.888,62515.888,63080.224,STOP,-0.0030000000000000027,-0.004400000000000003,-0.2077153720941362,47.00032374020952,15
2026-07-31 17:35:00+00:00,2026-07-31 17:40:00+00:00,2026-07-31 17:55:00+00:00,SHORT,63061.2,63250.383599999994,63250.383599999994,62682.8328,STOP,-0.0029910269192422456,-0.004391026919242246,-0.20637968675636037,46.79394405345315,4
2026-07-31 18:00:00+00:00,2026-07-31 18:05:00+00:00,2026-07-31 21:00:00+00:00,SHORT,63257.4,62877.8556,63447.17219999999,62877.8556,TARGET,0.006036217303822866,0.004636217303822866,0.2169468931347386,47.01089094658789,36
2026-08-01 02:35:00+00:00,2026-08-01 02:40:00+00:00,2026-08-01 06:35:00+00:00,SHORT,63082.1,63070.2,63271.34629999999,62703.6074,TIME,0.00018867864696803238,-0.0012113213530319676,-0.05694529602865912,46.953945650559234,48
2026-08-01 10:00:00+00:00,2026-08-01 10:05:00+00:00,2026-08-01 14:00:00+00:00,LONG,62995.8,63085.4,62806.812600000005,63373.77480000001,TIME,0.0014223170433584897,2.2317043358489755e-05,0.001047873240935702,46.95499352380017,48
2026-08-01 16:00:00+00:00,2026-08-01 16:05:00+00:00,2026-08-01 17:30:00+00:00,LONG,62984.4,62795.4468,62795.4468,63362.3064,STOP,-0.0030000000000000027,-0.004400000000000003,-0.20660197150472087,46.74839155229545,18
2026-08-01 17:50:00+00:00,2026-08-01 17:55:00+00:00,2026-08-01 18:20:00+00:00,LONG,62717.0,62528.849,62528.849,63093.302,STOP,-0.0030000000000000027,-0.004400000000000003,-0.20569292283010013,46.54269862946535,6
2026-08-01 18:30:00+00:00,2026-08-01 18:35:00+00:00,2026-08-01 21:00:00+00:00,LONG,62400.8,62775.20480000001,62213.5976,62775.20480000001,TARGET,0.006000000000000005,0.004600000000000005,0.21409641369554083,46.75679504316089,30
2026-08-02 02:05:00+00:00,2026-08-02 02:10:00+00:00,2026-08-02 04:55:00+00:00,SHORT,63392.8,63582.97839999999,63582.97839999999,63012.4432,STOP,-0.0029910269192421346,-0.004391026919242135,-0.20531034569200668,46.55148469746889,34
2026-08-02 08:40:00+00:00,2026-08-02 08:45:00+00:00,2026-08-02 11:50:00+00:00,LONG,63220.5,63030.8385,63030.8385,63599.823000000004,STOP,-0.0030000000000000027,-0.004400000000000003,-0.20482653266886322,46.346658164800026,38
2026-08-02 11:55:00+00:00,2026-08-02 12:00:00+00:00,2026-08-02 15:55:00+00:00,LONG,63032.4,63111.9,62843.3028,63410.5944,TIME,0.0012612561159022206,-0.00013874388409777934,-0.006430315368736414,46.34022784943129,48
2026-08-02 17:20:00+00:00,2026-08-02 17:25:00+00:00,2026-08-02 18:40:00+00:00,SHORT,63344.4,63534.43319999999,63534.43319999999,62964.3336,STOP,-0.0029910269192421346,-0.004391026919242135,-0.20348118793066683,46.13674666150062,16
2026-08-02 21:00:00+00:00,2026-08-02 21:05:00+00:00,2026-08-02 21:40:00+00:00,SHORT,63569.7,63760.40909999999,63760.40909999999,63188.2818,STOP,-0.0029910269192421346,-0.004391026919242135,-0.2025876965569039,45.93415896494371,8
2026-08-02 21:45:00+00:00,2026-08-02 21:50:00+00:00,2026-08-03 00:25:00+00:00,SHORT,63693.3,63311.1402,63884.37989999999,63311.1402,TARGET,0.006036217303822866,0.004636217303822866,0.21296074262982226,46.14711970757354,32
2026-08-03 01:30:00+00:00,2026-08-03 01:35:00+00:00,2026-08-03 03:45:00+00:00,LONG,63230.8,63041.1076,63041.1076,63610.1848,STOP,-0.0030000000000000027,-0.004400000000000003,-0.2030473267133237,45.94407238086021,27
2026-08-03 04:05:00+00:00,2026-08-03 04:10:00+00:00,2026-08-03 06:35:00+00:00,LONG,62870.5,62681.8885,62681.8885,63247.723,STOP,-0.0030000000000000027,-0.004400000000000003,-0.20215391847578507,45.741918462384426,30
2026-08-03 06:45:00+00:00,2026-08-03 06:50:00+00:00,2026-08-03 08:20:00+00:00,LONG,62667.0,62478.999,62478.999,63043.002,STOP,-0.0029999999999998916,-0.004399999999999892,-0.20126444123448653,45.54065402114994,19
2026-08-03 09:55:00+00:00,2026-08-03 10:00:00+00:00,2026-08-03 12:05:00+00:00,SHORT,62834.7,62457.69179999999,63023.20409999999,62457.69179999999,TARGET,0.006036217303823088,0.004636217303823088,0.21113636820027584,45.75179038935022,26
2026-08-03 13:10:00+00:00,2026-08-03 13:15:00+00:00,2026-08-03 13:15:00+00:00,SHORT,62778.5,62966.835499999994,62966.835499999994,62401.829,STOP,-0.0029910269192421346,-0.004391026919242135,-0.2008973432031604,45.55089304614706,1
2026-08-03 13:45:00+00:00,2026-08-03 13:50:00+00:00,2026-08-03 13:50:00+00:00,SHORT,62973.1,63162.01929999999,63162.01929999999,62595.261399999996,STOP,-0.0029910269192421346,-0.004391026919242135,-0.2000151975611511,45.35087784858591,1
2026-08-03 13:55:00+00:00,2026-08-03 14:00:00+00:00,2026-08-03 14:25:00+00:00,SHORT,63348.0,63538.043999999994,63538.043999999994,62967.912,STOP,-0.0029910269192421346,-0.004391026919242135,-0.19913692544440256,45.15174092314151,6
2026-08-03 14:30:00+00:00,2026-08-03 14:35:00+00:00,2026-08-03 14:55:00+00:00,SHORT,63746.6,63937.839799999994,63937.839799999994,63364.1204,STOP,-0.0029910269192422456,-0.004391026919242246,-0.1982625098441661,44.95347841329735,5
2026-08-03 20:45:00+00:00,2026-08-03 20:50:00+00:00,2026-08-03 21:55:00+00:00,LONG,63795.6,63604.2132,63604.2132,64178.3736,STOP,-0.0030000000000000027,-0.004400000000000003,-0.19779530501850845,44.75568310827884,14
2026-08-03 22:05:00+00:00,2026-08-03 22:10:00+00:00,2026-08-04 01:40:00+00:00,LONG,63501.5,63882.509,63310.9955,63882.509,TARGET,0.006000000000000005,0.004600000000000005,0.20587614229808288,44.96155925057692,43
2026-08-04 01:45:00+00:00,2026-08-04 01:50:00+00:00,2026-08-04 04:35:00+00:00,SHORT,63810.9,64002.33269999999,64002.33269999999,63428.0346,STOP,-0.0029910269192421346,-0.004391026919242135,-0.19742741700038346,44.764131833576535,34
2026-08-04 04:40:00+00:00,2026-08-04 04:45:00+00:00,2026-08-04 06:45:00+00:00,SHORT,64057.4,63673.0556,64249.572199999995,63673.0556,TARGET,0.006036217303822866,0.004636217303822866,0.20753624259743553,44.97166807617397,25
2026-08-04 07:15:00+00:00,2026-08-04 07:20:00+00:00,2026-08-04 11:15:00+00:00,LONG,63550.8,63745.6,63360.147600000004,63932.1048,TIME,0.0030652643239739152,0.0016652643239739153,0.07488971443684915,45.04655779061082,48
2026-08-04 11:20:00+00:00,2026-08-04 11:25:00+00:00,2026-08-04 12:35:00+00:00,SHORT,63773.0,63964.318999999996,63964.318999999996,63390.362,STOP,-0.0029910269192422456,-0.004391026919242246,-0.19780064787777363,44.84875714273305,15
2026-08-04 13:05:00+00:00,2026-08-04 13:10:00+00:00,2026-08-04 14:40:00+00:00,SHORT,63965.2,64157.09559999999,64157.09559999999,63581.4088,STOP,-0.0029910269192422456,-0.004391026919242246,-0.19693209990829877,44.651825042824754,19
2026-08-04 18:10:00+00:00,2026-08-04 18:15:00+00:00,2026-08-04 20:40:00+00:00,SHORT,64218.6,64411.25579999999,64411.25579999999,63833.2884,STOP,-0.0029910269192421346,-0.004391026919242135,-0.19606736575633357,44.45575767706842,30
2026-08-04 23:05:00+00:00,2026-08-04 23:10:00+00:00,2026-08-05 00:05:00+00:00,SHORT,64396.8,64010.419200000004,64589.990399999995,64010.419200000004,TARGET,0.006036217303822866,0.004636217303822866,0.20610655299698083,44.6618642300654,12
2026-08-05 00:10:00+00:00,2026-08-05 00:15:00+00:00,2026-08-05 02:00:00+00:00,LONG,64022.6,64406.7356,63830.5322,64406.7356,TARGET,0.006000000000000005,0.004600000000000005,0.20544457545830105,44.8673088055237,22
2026-08-05 02:05:00+00:00,2026-08-05 02:10:00+00:00,2026-08-05 03:25:00+00:00,SHORT,64461.5,64074.731,64654.88449999999,64074.731,TARGET,0.006036217303822866,0.004636217303822866,0.208014593460133,45.075323398983834,16
2026-08-05 05:15:00+00:00,2026-08-05 05:20:00+00:00,2026-08-05 09:15:00+00:00,SHORT,64342.0,64150.8,64535.02599999999,63955.948,TIME,0.0029804772504784527,0.0015804772504784527,0.07124052319005303,45.14656392217389,48
2026-08-05 12:15:00+00:00,2026-08-05 12:20:00+00:00,2026-08-05 13:30:00+00:00,SHORT,64450.0,64063.3,64643.34999999999,64063.3,TARGET,0.006036217303822866,0.004636217303822866,0.2093092808641277,45.355873203038016,15
2026-08-05 13:40:00+00:00,2026-08-05 13:45:00+00:00,2026-08-05 14:15:00+00:00,LONG,64172.1,64557.1326,63979.583699999996,64557.1326,TARGET,0.006000000000000005,0.004600000000000005,0.2086370167339751,45.56451021977199,7
2026-08-05 16:20:00+00:00,2026-08-05 16:25:00+00:00,2026-08-05 18:45:00+00:00,SHORT,64647.4,64841.34219999999,64841.34219999999,64259.5156,STOP,-0.0029910269192421346,-0.004391026919242135,-0.20007499093710215,45.364435228834886,29
2026-08-05 19:50:00+00:00,2026-08-05 19:55:00+00:00,2026-08-05 23:50:00+00:00,SHORT,64927.6,64664.6,65122.38279999999,64538.0344,TIME,0.004067140290050508,0.002667140290050508,0.12099331293421216,45.485428541769096,48
2026-08-06 01:25:00+00:00,2026-08-06 01:30:00+00:00,2026-08-06 05:05:00+00:00,LONG,64517.0,64904.102,64323.449,64904.102,TARGET,0.006000000000000005,0.004600000000000005,0.20923297129213808,45.694661513061234,44
2026-08-06 05:20:00+00:00,2026-08-06 05:25:00+00:00,2026-08-06 09:20:00+00:00,SHORT,64982.4,64799.9,65177.3472,64592.505600000004,TIME,0.002816362370929637,0.001416362370929637,0.06472019911946665,45.7593817121807,48
2026-08-06 09:30:00+00:00,2026-08-06 09:35:00+00:00,2026-08-06 12:05:00+00:00,LONG,64701.2,64507.096399999995,64507.096399999995,65089.407199999994,STOP,-0.0030000000000000027,-0.004400000000000003,-0.2013412795335952,45.558040432647104,31
2026-08-06 12:55:00+00:00,2026-08-06 13:00:00+00:00,2026-08-06 13:05:00+00:00,LONG,64418.6,64225.3442,64225.3442,64805.1116,STOP,-0.0030000000000000027,-0.004400000000000003,-0.2004553779036474,45.35758505474346,2
2026-08-06 13:10:00+00:00,2026-08-06 13:15:00+00:00,2026-08-06 14:35:00+00:00,LONG,64260.1,64645.660599999996,64067.3197,64645.660599999996,TARGET,0.006000000000000005,0.004600000000000005,0.20864489125182015,45.56622994599528,17
2026-08-06 14:40:00+00:00,2026-08-06 14:45:00+00:00,2026-08-06 18:40:00+00:00,SHORT,64805.8,64416.965200000006,65000.217399999994,64416.965200000006,TARGET,0.006036217303822866,0.004636217303822866,0.21125494374559498,45.777484889740876,48
2026-08-07 01:25:00+00:00,2026-08-07 01:30:00+00:00,2026-08-07 05:25:00+00:00,SHORT,64427.2,64180.1,64620.48159999999,64040.6368,TIME,0.003850103069331423,0.002450103069331423,0.11215955623462695,45.889644445975506,48
2026-08-07 06:20:00+00:00,2026-08-07 06:25:00+00:00,2026-08-07 08:40:00+00:00,SHORT,64438.1,64631.41429999999,64631.41429999999,64051.471399999995,STOP,-0.0029910269192421346,-0.004391026919242135,-0.20150266407672876,45.68814178189878,28
2026-08-07 09:10:00+00:00,2026-08-07 09:15:00+00:00,2026-08-07 09:30:00+00:00,SHORT,64728.0,64922.183999999994,64922.183999999994,64339.632,STOP,-0.0029910269192421346,-0.004391026919242135,-0.20061786045446886,45.48752392144431,4
2026-08-07 09:35:00+00:00,2026-08-07 09:40:00+00:00,2026-08-07 11:20:00+00:00,SHORT,64933.3,65128.099899999994,65128.099899999994,64543.7002,STOP,-0.0029910269192421346,-0.004391026919242135,-0.19973694202873252,45.28778697941557,21
2026-08-07 12:05:00+00:00,2026-08-07 12:10:00+00:00,2026-08-07 12:30:00+00:00,SHORT,65145.0,65340.43499999999,65340.43499999999,64754.13,STOP,-0.0029910269192421346,-0.004391026919242135,-0.1988598917395172,45.088927087676055,5
2026-08-07 17:00:00+00:00,2026-08-07 17:05:00+00:00,2026-08-07 17:30:00+00:00,LONG,64756.6,64562.3302,64562.3302,65145.1396,STOP,-0.0030000000000000027,-0.004400000000000003,-0.19839127918577476,44.89053580849028,6
2026-08-07 17:35:00+00:00,2026-08-07 17:40:00+00:00,2026-08-07 21:35:00+00:00,LONG,64674.3,65016.3,64480.2771,65062.3458,TIME,0.005288035587551754,0.0038880355875517535,0.17453600076767653,45.06507180925795,48
2026-08-07 22:30:00+00:00,2026-08-07 22:35:00+00:00,2026-08-08 02:30:00+00:00,LONG,64877.2,64911.5,64682.5684,65266.4632,TIME,0.0005286911272373018,-0.0008713088727626982,-0.03926559691909459,45.02580621233886,48
2026-08-08 03:30:00+00:00,2026-08-08 03:35:00+00:00,2026-08-08 07:30:00+00:00,SHORT,65056.0,64992.6,65251.16799999999,64665.664,TIME,0.0009754956718148744,-0.0004245043281851256,-0.01911364961716256,45.006692562721696,48
2026-08-08 14:30:00+00:00,2026-08-08 14:35:00+00:00,2026-08-08 18:30:00+00:00,SHORT,65163.5,65054.6,65358.99049999999,64772.519,TIME,0.0016739784734669527,0.00027397847346695274,0.012330864924130946,45.01902342764583,48
2026-08-09 02:05:00+00:00,2026-08-09 02:10:00+00:00,2026-08-09 06:05:00+00:00,LONG,64841.5,64803.0,64646.9755,65230.549,TIME,-0.0005937555423609631,-0.0019937555423609633,-0.08975692747054692,44.92926650017528,48
2026-08-09 10:25:00+00:00,2026-08-09 10:30:00+00:00,2026-08-09 13:30:00+00:00,SHORT,64965.0,65159.89499999999,65159.89499999999,64575.21,STOP,-0.0029910269192421346,-0.004391026919242135,-0.19728561866407351,44.731980881511205,37
2026-08-09 13:35:00+00:00,2026-08-09 13:40:00+00:00,2026-08-09 17:35:00+00:00,SHORT,65164.4,65232.8,65359.89319999999,64773.4136,TIME,-0.0010485522620522492,-0.0024485522620522494,-0.10952859297350223,44.6224522885377,48
2026-08-09 22:05:00+00:00,2026-08-09 22:10:00+00:00,2026-08-09 22:10:00+00:00,SHORT,65286.9,65482.76069999999,65482.76069999999,64895.1786,STOP,-0.0029910269192421346,-0.004391026919242135,-0.19593838920156684,44.426513899336136,1
2026-08-09 22:15:00+00:00,2026-08-09 22:20:00+00:00,2026-08-09 23:20:00+00:00,SHORT,65321.7,64929.769799999995,65517.66509999999,64929.769799999995,TARGET,0.006036217303822866,0.004636217303822866,0.20597097248862925,44.632484871824765,13
2026-08-09 23:55:00+00:00,2026-08-10 00:00:00+00:00,2026-08-10 00:10:00+00:00,LONG,64899.2,65288.595199999996,64704.5024,65288.595199999996,TARGET,0.006000000000000005,0.004600000000000005,0.20530943041039415,44.83779430223516,3
2026-08-10 01:45:00+00:00,2026-08-10 01:50:00+00:00,2026-08-10 05:45:00+00:00,SHORT,65246.5,65058.3,65442.239499999996,64855.021,TIME,0.0028927900052722055,0.0014927900052722055,0.0669334111928277,44.90472771342799,48
2026-08-10 05:55:00+00:00,2026-08-10 06:00:00+00:00,2026-08-10 06:55:00+00:00,SHORT,65140.0,65335.41999999999,65335.41999999999,64749.159999999996,STOP,-0.0029910269192421346,-0.004391026919242135,-0.1971778681909006,44.70754984523709,12
2026-08-10 09:35:00+00:00,2026-08-10 09:40:00+00:00,2026-08-10 12:55:00+00:00,LONG,65078.3,64883.0651,64883.0651,65468.7698,STOP,-0.0030000000000000027,-0.004400000000000003,-0.19671321931904331,44.510836625918046,40
2026-08-10 13:05:00+00:00,2026-08-10 13:10:00+00:00,2026-08-10 13:30:00+00:00,LONG,64882.0,64687.354,64687.354,65271.292,STOP,-0.0030000000000000027,-0.004400000000000003,-0.19584768115403953,44.314988944764,5
2026-08-10 13:35:00+00:00,2026-08-10 13:40:00+00:00,2026-08-10 15:20:00+00:00,LONG,64676.1,64482.0717,64482.0717,65064.1566,STOP,-0.0030000000000000027,-0.004400000000000003,-0.19498595135696176,44.12000299340704,21
2026-08-10 15:25:00+00:00,2026-08-10 15:30:00+00:00,2026-08-10 15:55:00+00:00,LONG,64398.8,64205.6036,64205.6036,64785.192800000004,STOP,-0.0030000000000000027,-0.004400000000000003,-0.1941280131709911,43.92587498023605,6
2026-08-10 16:15:00+00:00,2026-08-10 16:20:00+00:00,2026-08-10 16:50:00+00:00,LONG,64084.3,63892.0471,63892.0471,64468.8058,STOP,-0.0030000000000000027,-0.004400000000000003,-0.19327384991303875,43.73260113032301,7
2026-08-10 18:35:00+00:00,2026-08-10 18:40:00+00:00,2026-08-10 22:35:00+00:00,LONG,63832.6,63951.4,63641.1022,64215.5956,TIME,0.001861117986734051,0.00046111798673405106,0.020165888987857834,43.752767019310866,48
2026-08-11 05:20:00+00:00,2026-08-11 05:25:00+00:00,2026-08-11 09:20:00+00:00,LONG,63974.7,64200.0,63782.7759,64358.5482,TIME,0.0035217046738789115,0.0021217046738789113,0.09283045028000694,43.84559746959087,48
2026-08-11 09:30:00+00:00,2026-08-11 09:35:00+00:00,2026-08-11 11:10:00+00:00,SHORT,64194.5,64387.08349999999,64387.08349999999,63809.333,STOP,-0.0029910269192421346,-0.004391026919242135,-0.19252719877922833,43.65307027081164,20
2026-08-11 13:30:00+00:00,2026-08-11 13:35:00+00:00,2026-08-11 14:20:00+00:00,LONG,64144.0,63951.568,63951.568,64528.864,STOP,-0.0030000000000000027,-0.004400000000000003,-0.19207350919157135,43.460996761620066,10
2026-08-11 14:25:00+00:00,2026-08-11 14:30:00+00:00,2026-08-11 14:50:00+00:00,LONG,64030.0,63837.909999999996,63837.909999999996,64414.18,STOP,-0.0030000000000001137,-0.004400000000000114,-0.19122838575113324,43.269768375868935,5
2026-08-11 14:55:00+00:00,2026-08-11 15:00:00+00:00,2026-08-11 15:35:00+00:00,LONG,63770.1,63578.7897,63578.7897,64152.7206,STOP,-0.0030000000000000027,-0.004400000000000003,-0.19038698085382344,43.07938139501511,8
2026-08-11 18:35:00+00:00,2026-08-11 18:40:00+00:00,2026-08-11 20:30:00+00:00,LONG,63353.5,63733.621,63163.4395,63733.621,TARGET,0.006000000000000005,0.004600000000000005,0.19816515441706972,43.27754654943218,23
2026-08-11 20:40:00+00:00,2026-08-11 20:45:00+00:00,2026-08-12 00:40:00+00:00,SHORT,63675.3,63719.6,63866.325899999996,63293.2482,TIME,-0.000695233491735614,-0.002095233491735614,-0.09067656497051738,43.186869984461666,48
2026-08-12 02:05:00+00:00,2026-08-12 02:10:00+00:00,2026-08-12 06:05:00+00:00,SHORT,63875.3,63741.6,64066.925899999995,63492.048200000005,TIME,0.0020975312825533,0.0006975312825532999,0.030124192809724157,43.21699417727139,48
2026-08-12 06:25:00+00:00,2026-08-12 06:30:00+00:00,2026-08-12 09:30:00+00:00,LONG,63636.0,64017.816,63445.092,64017.816,TARGET,0.006000000000000005,0.004600000000000005,0.1987981732154486,43.41579235048684,37
2026-08-12 09:35:00+00:00,2026-08-12 09:40:00+00:00,2026-08-12 11:50:00+00:00,SHORT,64055.7,64247.86709999999,64247.86709999999,63671.3658,STOP,-0.0029910269192421346,-0.004391026919242135,-0.19063991293121446,43.22515243755562,27
2026-08-12 12:00:00+00:00,2026-08-12 12:05:00+00:00,2026-08-12 12:30:00+00:00,SHORT,64268.6,64461.40579999999,64461.40579999999,63882.988399999995,STOP,-0.0029910269192422456,-0.004391026919242246,-0.18980280794165633,43.03534962961397,6
2026-08-12 12:35:00+00:00,2026-08-12 12:40:00+00:00,2026-08-12 13:40:00+00:00,LONG,64071.6,63879.3852,63879.3852,64456.0296,STOP,-0.0030000000000000027,-0.004400000000000003,-0.18935553837030158,42.84599409124367,13
2026-08-12 14:10:00+00:00,2026-08-12 14:15:00+00:00,2026-08-12 14:30:00+00:00,LONG,63795.0,63603.615,63603.615,64177.77,STOP,-0.0030000000000000027,-0.004400000000000003,-0.18852237400147226,42.657471717242196,4
2026-08-12 14:35:00+00:00,2026-08-12 14:40:00+00:00,2026-08-12 14:55:00+00:00,LONG,63579.9,63389.1603,63389.1603,63961.379400000005,STOP,-0.0030000000000000027,-0.004400000000000003,-0.18769287555586578,42.46977884168633,4
2026-08-12 15:00:00+00:00,2026-08-12 15:05:00+00:00,2026-08-12 19:00:00+00:00,LONG,63462.3,63418.1,63271.913100000005,63843.073800000006,TIME,-0.000696476490766984,-0.0020964764907669842,-0.08903689290966847,42.38074194877666,48
2026-08-12 21:05:00+00:00,2026-08-12 21:10:00+00:00,2026-08-13 01:05:00+00:00,SHORT,63571.1,63577.2,63761.813299999994,63189.6734,TIME,-9.594634554521697e-05,-0.001495946345545217,-0.06339931603976733,42.31734263273689,48
2026-08-13 01:20:00+00:00,2026-08-13 01:25:00+00:00,2026-08-13 05:05:00+00:00,LONG,63441.9,63822.551400000004,63251.5743,63822.551400000004,TARGET,0.006000000000000005,0.004600000000000005,0.1946597761105899,42.51200240884748,45
2026-08-13 05:15:00+00:00,2026-08-13 05:20:00+00:00,2026-08-13 09:15:00+00:00,SHORT,63922.7,63668.5,64114.46809999999,63539.163799999995,TIME,0.003992555188201408,0.0025925551882014074,0.11021471240588826,42.62221712125337,48
2026-08-13 11:35:00+00:00,2026-08-13 11:40:00+00:00,2026-08-13 13:40:00+00:00,LONG,63465.0,63845.79,63274.605,63845.79,TARGET,0.006000000000000005,0.004600000000000005,0.19606219875776573,42.818279320011136,25
2026-08-13 13:45:00+00:00,2026-08-13 13:50:00+00:00,2026-08-13 15:55:00+00:00,SHORT,63842.9,63459.8426,64034.4287,63459.8426,TARGET,0.006036217303822866,0.004636217303822866,0.1985148475033564,43.01679416751449,26
2026-08-13 16:25:00+00:00,2026-08-13 16:30:00+00:00,2026-08-13 16:35:00+00:00,LONG,63364.8,63174.7056,63174.7056,63744.98880000001,STOP,-0.0030000000000000027,-0.004400000000000003,-0.18927389433706387,42.82752027317743,2
2026-08-13 16:40:00+00:00,2026-08-13 16:45:00+00:00,2026-08-13 18:50:00+00:00,LONG,62992.0,63369.952,62803.024,63369.952,TARGET,0.006000000000000005,0.004600000000000005,0.19700659325661637,43.024526866434044,26
2026-08-13 19:05:00+00:00,2026-08-13 19:10:00+00:00,2026-08-13 23:05:00+00:00,SHORT,63486.2,63479.0,63676.65859999999,63105.28279999999,TIME,0.00011342333685160355,-0.0012865766631483964,-0.055354352209355244,42.96917251422469,48
2026-08-13 23:50:00+00:00,2026-08-13 23:55:00+00:00,2026-08-14 03:50:00+00:00,LONG,63396.6,63338.9,63206.4102,63776.9796,TIME,-0.0009101434461784574,-0.0023101434461784576,-0.09926495227144769,42.86990756195324,48
2026-08-14 06:25:00+00:00,2026-08-14 06:30:00+00:00,2026-08-14 06:55:00+00:00,LONG,63184.7,62995.145899999996,62995.145899999996,63563.8082,STOP,-0.0030000000000000027,-0.004400000000000003,-0.18862759327259437,42.68127996868065,6
2026-08-14 07:00:00+00:00,2026-08-14 07:05:00+00:00,2026-08-14 08:20:00+00:00,LONG,63035.0,62845.895,62845.895,63413.21,STOP,-0.0030000000000000027,-0.004400000000000003,-0.18779763186219497,42.49348233681845,16
2026-08-14 08:25:00+00:00,2026-08-14 08:30:00+00:00,2026-08-14 12:25:00+00:00,LONG,62775.8,62890.8,62587.4726,63152.45480000001,TIME,0.001831916120543342,0.0004319161205433421,0.018353620039295658,42.511835956857745,48
2026-08-14 13:00:00+00:00,2026-08-14 13:05:00+00:00,2026-08-14 14:55:00+00:00,LONG,62715.7,62527.552899999995,62527.552899999995,63091.9942,STOP,-0.0030000000000000027,-0.004400000000000003,-0.1870520782101742,42.32478387864757,23
2026-08-14 16:00:00+00:00,2026-08-14 16:05:00+00:00,2026-08-14 16:35:00+00:00,SHORT,62998.3,63187.29489999999,63187.29489999999,62620.3102,STOP,-0.0029910269192421346,-0.004391026919242135,-0.18584926536224702,42.13893461328532,7
2026-08-14 18:45:00+00:00,2026-08-14 18:50:00+00:00,2026-08-14 22:45:00+00:00,LONG,62896.5,62881.0,62707.8105,63273.879,TIME,-0.0002464366061704082,-0.0016464366061704082,-0.06937908449233422,42.06955552879299,48
2026-08-14 23:45:00+00:00,2026-08-14 23:50:00+00:00,2026-08-15 03:45:00+00:00,SHORT,63052.6,63055.7,63241.75779999999,62674.2844,TIME,-4.9162882974851385e-05,-0.0014491628829748514,-0.060965638375576246,42.00858989041741,48
2026-08-15 08:55:00+00:00,2026-08-15 09:00:00+00:00,2026-08-15 12:55:00+00:00,LONG,62931.5,63052.6,62742.7055,63309.089,TIME,0.0019243145324678856,0.0005243145324678857,0.022025714168029353,42.03061560458544,48
2026-08-16 16:15:00+00:00,2026-08-16 16:20:00+00:00,2026-08-16 20:15:00+00:00,SHORT,63318.4,63125.3,63508.3552,62938.4896,TIME,0.00305899536319032,0.00165899536319032,0.06972859640004196,42.10034420098548,48
2026-08-16 21:40:00+00:00,2026-08-16 21:45:00+00:00,2026-08-16 22:35:00+00:00,LONG,62937.3,62748.4881,62748.4881,63314.923800000004,STOP,-0.0030000000000000027,-0.004400000000000003,-0.18524151448433623,41.91510268650114,11
2026-08-17 01:00:00+00:00,2026-08-17 01:05:00+00:00,2026-08-17 02:30:00+00:00,SHORT,63131.4,63320.7942,63320.7942,62752.611600000004,STOP,-0.0029910269192422456,-0.004391026919242246,-0.1840503442192295,41.73105234228191,18
2026-08-17 02:50:00+00:00,2026-08-17 02:55:00+00:00,2026-08-17 06:45:00+00:00,SHORT,63430.1,63620.39029999999,63620.39029999999,63049.5194,STOP,-0.0029910269192421346,-0.004391026919242135,-0.18324217420326241,41.54781016807865,47
2026-08-17 10:30:00+00:00,2026-08-17 10:35:00+00:00,2026-08-17 10:55:00+00:00,SHORT,63481.3,63671.743899999994,63671.743899999994,63100.412200000006,STOP,-0.0029910269192421346,-0.004391026919242135,-0.18243755288359542,41.36537261519505,5
2026-08-17 12:45:00+00:00,2026-08-17 12:50:00+00:00,2026-08-17 15:05:00+00:00,LONG,63589.9,63971.4394,63399.130300000004,63971.4394,TARGET,0.006000000000000005,0.004600000000000005,0.19028071402989744,41.555653329224945,28
2026-08-17 15:25:00+00:00,2026-08-17 15:30:00+00:00,2026-08-17 17:15:00+00:00,SHORT,64046.5,64238.63949999999,64238.63949999999,63662.221,STOP,-0.0029910269192421346,-0.004391026919242135,-0.18247199241532078,41.37318133680962,22
2026-08-17 17:20:00+00:00,2026-08-17 17:25:00+00:00,2026-08-17 18:20:00+00:00,SHORT,64319.5,64512.45849999999,64512.45849999999,63933.583,STOP,-0.0029910269192421346,-0.004391026919242135,-0.18167075298461735,41.19151058382501,12
2026-08-17 23:25:00+00:00,2026-08-17 23:30:00+00:00,2026-08-18 02:45:00+00:00,SHORT,64489.9,64102.9606,64683.369699999996,64102.9606,TARGET,0.006036217303823088,0.004636217303823088,0.19097279413934137,41.38248337796435,40
2026-08-18 06:20:00+00:00,2026-08-18 06:25:00+00:00,2026-08-18 10:20:00+00:00,SHORT,64341.8,64149.7,64534.825399999994,63955.749200000006,TIME,0.002994558041580886,0.001594558041580886,0.0659867716509204,41.44847014961527,48
2026-08-18 11:40:00+00:00,2026-08-18 11:45:00+00:00,2026-08-18 14:20:00+00:00,SHORT,64385.5,64578.65649999999,64578.65649999999,63999.187,STOP,-0.0029910269192421346,-0.004391026919242135,-0.18200134818836472,41.2664688014269,32
2026-08-18 14:25:00+00:00,2026-08-18 14:30:00+00:00,2026-08-18 18:25:00+00:00,SHORT,64995.4,64801.1,65190.38619999999,64605.4276,TIME,0.0029984058912579936,0.0015984058912579936,0.06596056684361495,41.33242936827052,48
2026-08-18 19:55:00+00:00,2026-08-18 20:00:00+00:00,2026-08-18 23:55:00+00:00,LONG,64649.8,64730.8,64455.850600000005,65037.698800000006,TIME,0.0012529041079787362,-0.0001470958920212638,-0.006079830567331633,41.32634953770319,48
2026-08-19 00:50:00+00:00,2026-08-19 00:55:00+00:00,2026-08-19 03:00:00+00:00,LONG,64533.0,64339.401,64339.401,64920.198000000004,STOP,-0.0030000000000000027,-0.004400000000000003,-0.18183593796589415,41.144513599737294,26
2026-08-19 07:10:00+00:00,2026-08-19 07:15:00+00:00,2026-08-19 11:10:00+00:00,SHORT,64381.9,64507.7,64575.045699999995,63995.6086,TIME,-0.0019501547877229797,-0.00335015478772298,-0.13784048922469316,41.0066731105126,48
2026-08-19 11:20:00+00:00,2026-08-19 11:25:00+00:00,2026-08-19 12:35:00+00:00,SHORT,64531.4,64724.994199999994,64724.994199999994,64144.2116,STOP,-0.0029910269192421346,-0.004391026919242135,-0.18006140549682342,40.82661170501578,15
2026-08-19 12:40:00+00:00,2026-08-19 12:45:00+00:00,2026-08-19 13:30:00+00:00,SHORT,64941.9,65136.725699999995,65136.725699999995,64552.2486,STOP,-0.0029910269192421346,-0.004391026919242135,-0.1792707510181703,40.647340953997606,10
2026-08-19 14:05:00+00:00,2026-08-19 14:10:00+00:00,2026-08-19 14:50:00+00:00,SHORT,65391.2,65587.37359999999,65587.37359999999,64998.85279999999,STOP,-0.0029910269192422456,-0.004391026919242246,-0.17848356832462128,40.46885738567298,9
2026-08-19 14:55:00+00:00,2026-08-19 15:00:00+00:00,2026-08-19 15:05:00+00:00,SHORT,65925.3,66123.0759,66123.0759,65529.7482,STOP,-0.0029910269192421346,-0.004391026919242135,-0.17769984217146095,40.29115754350152,2
2026-08-19 15:10:00+00:00,2026-08-19 15:15:00+00:00,2026-08-19 15:15:00+00:00,SHORT,66649.9,66849.84969999999,66849.84969999999,66250.0006,STOP,-0.0029910269192422456,-0.004391026919242246,-0.17691955738094545,40.11423798612057,1
2026-08-19 15:20:00+00:00,2026-08-19 15:25:00+00:00,2026-08-19 15:25:00+00:00,SHORT,67212.8,67414.4384,67414.4384,66809.5232,STOP,-0.0029910269192422456,-0.004391026919242246,-0.17614269884194528,39.93809528727863,1
2026-08-19 15:30:00+00:00,2026-08-19 15:35:00+00:00,2026-08-19 15:35:00+00:00,SHORT,68477.9,68683.33369999999,68683.33369999999,68067.03259999999,STOP,-0.0029910269192421346,-0.004391026919242135,-0.1753692515096979,39.76272603576893,1
2026-08-19 20:50:00+00:00,2026-08-19 20:55:00+00:00,2026-08-19 21:00:00+00:00,SHORT,69117.3,69324.6519,69324.6519,68702.5962,STOP,-0.0029910269192421346,-0.004391026919242135,-0.17459920040551147,39.58812683536342,2
2026-08-19 21:05:00+00:00,2026-08-19 21:10:00+00:00,2026-08-19 21:10:00+00:00,SHORT,69629.8,69212.0212,69838.68939999999,69212.0212,TARGET,0.006036217303822866,0.004636217303822866,0.18353915866004622,39.771665994023465,1
2026-08-19 21:45:00+00:00,2026-08-19 21:50:00+00:00,2026-08-19 22:05:00+00:00,SHORT,69840.7,69421.6558,70050.22209999998,69421.6558,TARGET,0.006036217303823088,0.004636217303823088,0.18439008608336385,39.956056080106826,4
2026-08-19 23:30:00+00:00,2026-08-19 23:35:00+00:00,2026-08-20 00:00:00+00:00,SHORT,69269.2,69477.00759999998,69477.00759999998,68853.5848,STOP,-0.0029910269192420236,-0.004391026919242024,-0.17544811783449302,39.780607962272335,6
2026-08-20 00:10:00+00:00,2026-08-20 00:15:00+00:00,2026-08-20 00:20:00+00:00,SHORT,69581.6,69790.34479999999,69790.34479999999,69164.1104,STOP,-0.0029910269192420236,-0.004391026919242024,-0.1746777204261514,39.60593024184618,2
2026-08-20 01:45:00+00:00,2026-08-20 01:50:00+00:00,2026-08-20 02:35:00+00:00,SHORT,69822.6,69403.66440000001,70032.0678,69403.66440000001,TARGET,0.006036217303822866,0.004636217303822866,0.18362169912124862,39.78955194096743,10
2026-08-20 02:50:00+00:00,2026-08-20 02:55:00+00:00,2026-08-20 03:05:00+00:00,LONG,69321.0,69113.037,69113.037,69736.926,STOP,-0.0030000000000000027,-0.004400000000000003,-0.1750740285402568,39.61447791242717,3
2026-08-20 03:10:00+00:00,2026-08-20 03:15:00+00:00,2026-08-20 04:25:00+00:00,LONG,68999.6,69413.59760000001,68792.6012,69413.59760000001,TARGET,0.006000000000000005,0.004600000000000005,0.18222659839716518,39.796704510824334,15
2026-08-20 04:50:00+00:00,2026-08-20 04:55:00+00:00,2026-08-20 06:35:00+00:00,SHORT,69518.4,69726.95519999998,69726.95519999998,69101.28959999999,STOP,-0.0029910269192421346,-0.004391026919242135,-0.17474840080415455,39.62195611002018,21
2026-08-20 06:45:00+00:00,2026-08-20 06:50:00+00:00,2026-08-20 08:05:00+00:00,SHORT,69885.6,70095.2568,70095.2568,69466.28640000001,STOP,-0.0029910269192422456,-0.004391026919242246,-0.17398107587213338,39.447975034148044,16
2026-08-20 08:10:00+00:00,2026-08-20 08:15:00+00:00,2026-08-20 08:15:00+00:00,SHORT,71300.0,71513.9,71513.9,70872.2,STOP,-0.0029910269192422456,-0.004391026919242246,-0.17321712028454012,39.2747579138635,1
2026-08-20 08:45:00+00:00,2026-08-20 08:50:00+00:00,2026-08-20 09:05:00+00:00,SHORT,71628.3,71843.1849,71843.1849,71198.53020000001,STOP,-0.0029910269192421346,-0.004391026919242135,-0.17245651924649272,39.10230139461701,4
2026-08-20 10:15:00+00:00,2026-08-20 10:20:00+00:00,2026-08-20 10:30:00+00:00,SHORT,72387.6,71953.27440000001,72604.7628,71953.27440000001,TARGET,0.006036217303822866,0.004636217303822866,0.18128676634502036,39.283588160962026,3
2026-08-20 11:15:00+00:00,2026-08-20 11:20:00+00:00,2026-08-20 11:35:00+00:00,LONG,71877.9,72309.16739999999,71662.26629999999,72309.16739999999,TARGET,0.006000000000000005,0.004600000000000005,0.18070450554042553,39.46429266650245,4
2026-08-20 12:05:00+00:00,2026-08-20 12:10:00+00:00,2026-08-20 13:35:00+00:00,LONG,71670.6,71455.58820000001,71455.58820000001,72100.6236,STOP,-0.0029999999999998916,-0.004399999999999892,-0.17364288773260653,39.29064977876985,18
2026-08-20 15:00:00+00:00,2026-08-20 15:05:00+00:00,2026-08-20 15:30:00+00:00,SHORT,72326.2,72543.17859999998,72543.17859999998,71892.24279999999,STOP,-0.0029910269192421346,-0.004391026919242135,-0.17252630085309342,39.118123477916754,6
2026-08-20 16:40:00+00:00,2026-08-20 16:45:00+00:00,2026-08-20 16:55:00+00:00,SHORT,72625.5,72843.3765,72843.3765,72189.747,STOP,-0.0029910269192422456,-0.004391026919242246,-0.17176873322177458,38.94635474469498,3
2026-08-20 18:00:00+00:00,2026-08-20 18:05:00+00:00,2026-08-20 18:30:00+00:00,LONG,72616.4,72398.5508,72398.5508,73052.09839999999,STOP,-0.0030000000000000027,-0.004400000000000003,-0.171363960876658,38.77499078381832,6
2026-08-20 19:55:00+00:00,2026-08-20 20:00:00+00:00,2026-08-20 20:25:00+00:00,SHORT,72684.5,72902.5535,72902.5535,72248.393,STOP,-0.0029910269192422456,-0.004391026919242246,-0.17026202832511622,38.6047287554932,6
2026-08-20 23:15:00+00:00,2026-08-20 23:20:00+00:00,2026-08-20 23:25:00+00:00,SHORT,73011.8,73230.8354,73230.8354,72573.7292,STOP,-0.0029910269192421346,-0.004391026919242135,-0.16951440317541155,38.435214352317786,2
2026-08-21 00:10:00+00:00,2026-08-21 00:15:00+00:00,2026-08-21 00:15:00+00:00,SHORT,73491.5,73711.9745,73711.9745,73050.551,STOP,-0.0029910269192422456,-0.004391026919242246,-0.16877006086787333,38.266444291449915,1
2026-08-21 00:30:00+00:00,2026-08-21 00:35:00+00:00,2026-08-21 01:10:00+00:00,SHORT,73739.2,73960.41759999999,73960.41759999999,73296.76479999999,STOP,-0.0029910269192421346,-0.004391026919242135,-0.1680289869874361,38.09841530446248,8
2026-08-21 01:15:00+00:00,2026-08-21 01:20:00+00:00,2026-08-21 01:30:00+00:00,SHORT,74654.4,74878.36319999999,74878.36319999999,74206.4736,STOP,-0.0029910269192422456,-0.004391026919242246,-0.1672911671823655,37.931124137280115,3
2026-08-21 01:45:00+00:00,2026-08-21 01:50:00+00:00,2026-08-21 01:55:00+00:00,SHORT,75585.8,75132.2852,75812.55739999999,75132.2852,TARGET,0.006036217303823088,0.004636217303823088,0.17585693407871966,38.10698107135883,2
2026-08-21 04:45:00+00:00,2026-08-21 04:50:00+00:00,2026-08-21 05:05:00+00:00,SHORT,74990.6,75215.57179999999,75215.57179999999,74540.6564,STOP,-0.0029910269192420236,-0.004391026919242024,-0.16732877969538287,37.93965229166345,4
2026-08-21 05:10:00+00:00,2026-08-21 05:15:00+00:00,2026-08-21 06:30:00+00:00,SHORT,75318.6,75544.5558,75544.5558,74866.6884,STOP,-0.0029910269192422456,-0.004391026919242246,-0.16659403451938498,37.773058257144065,16
2026-08-21 07:00:00+00:00,2026-08-21 07:05:00+00:00,2026-08-21 07:10:00+00:00,SHORT,75731.1,75958.2933,75958.2933,75276.71340000001,STOP,-0.0029910269192422456,-0.004391026919242246,-0.1658625156292252,37.60719574151484,2
2026-08-21 07:15:00+00:00,2026-08-21 07:20:00+00:00,2026-08-21 07:40:00+00:00,SHORT,76480.1,76709.5403,76709.5403,76021.2194,STOP,-0.0029910269192421346,-0.004391026919242135,-0.16513420885819985,37.442061532656645,5
2026-08-21 07:45:00+00:00,2026-08-21 07:50:00+00:00,2026-08-21 08:00:00+00:00,SHORT,76447.9,76677.24369999999,76677.24369999999,75989.2126,STOP,-0.0029910269192422456,-0.004391026919242246,-0.16440910010181992,37.277652432554824,3
2026-08-21 08:10:00+00:00,2026-08-21 08:15:00+00:00,2026-08-21 08:15:00+00:00,SHORT,76895.0,77125.685,77125.685,76433.63,STOP,-0.0029910269192422456,-0.004391026919242246,-0.16368717531750443,37.11396525723732,1
2026-08-21 08:50:00+00:00,2026-08-21 08:55:00+00:00,2026-08-21 08:55:00+00:00,SHORT,78670.2,78906.21059999999,78906.21059999999,78198.1788,STOP,-0.0029910269192422456,-0.004391026919242246,-0.16296842052435054,36.95099683671297,1
2026-08-21 09:00:00+00:00,2026-08-21 09:05:00+00:00,2026-08-21 09:05:00+00:00,SHORT,77851.6,78085.1548,78085.1548,77384.49040000001,STOP,-0.0029910269192422456,-0.004391026919242246,-0.1622528218028417,36.78874401491012,1
2026-08-21 10:40:00+00:00,2026-08-21 10:45:00+00:00,2026-08-21 11:00:00+00:00,LONG,77852.8,77619.24160000001,77619.24160000001,78319.9168,STOP,-0.0029999999999998916,-0.004399999999999892,-0.16187047366560056,36.62687354124452,4
2026-08-21 11:15:00+00:00,2026-08-21 11:20:00+00:00,2026-08-21 11:30:00+00:00,LONG,77313.4,77081.4598,77081.4598,77777.28039999999,STOP,-0.0030000000000000027,-0.004400000000000003,-0.16115824358147599,36.465715297663046,3
2026-08-21 13:35:00+00:00,2026-08-21 13:40:00+00:00,2026-08-21 13:45:00+00:00,LONG,76981.6,77443.4896,76750.65520000001,77443.4896,TARGET,0.006000000000000005,0.004600000000000005,0.1677422903692502,36.63345758803229,2
2026-08-21 14:15:00+00:00,2026-08-21 14:20:00+00:00,2026-08-21 14:25:00+00:00,LONG,76657.9,77117.8474,76427.92629999999,77117.8474,TARGET,0.006000000000000005,0.004600000000000005,0.16851390490494875,36.80197149293724,2
2026-08-21 15:15:00+00:00,2026-08-21 15:20:00+00:00,2026-08-21 15:55:00+00:00,SHORT,77639.3,77173.4642,77872.21789999999,77173.4642,TARGET,0.006036217303822866,0.004636217303822866,0.17062193705035147,36.97259342998759,8
2026-08-21 18:40:00+00:00,2026-08-21 18:45:00+00:00,2026-08-21 18:45:00+00:00,LONG,76932.3,76701.5031,76701.5031,77393.8938,STOP,-0.0030000000000000027,-0.004400000000000003,-0.1626794110919455,36.80991401889565,1
2026-08-21 21:10:00+00:00,2026-08-21 21:15:00+00:00,2026-08-21 21:20:00+00:00,SHORT,77686.4,77919.45919999998,77919.45919999998,77220.28159999999,STOP,-0.0029910269192421346,-0.004391026919242135,-0.16163332335195923,36.64828069554369,2
2026-08-21 21:25:00+00:00,2026-08-21 21:30:00+00:00,2026-08-21 21:30:00+00:00,SHORT,78089.1,78323.3673,78323.3673,77620.5654,STOP,-0.0029910269192421346,-0.004391026919242135,-0.16092358707807422,36.487357108465616,1
2026-08-21 21:50:00+00:00,2026-08-21 21:55:00+00:00,2026-08-21 22:00:00+00:00,SHORT,78663.8,78191.8172,78899.79139999999,78191.8172,TARGET,0.006036217303822866,0.004636217303822866,0.16916331639703255,36.65652042486265,2
2026-08-21 22:05:00+00:00,2026-08-21 22:10:00+00:00,2026-08-21 22:30:00+00:00,SHORT,78728.2,78255.8308,78964.38459999999,78255.8308,TARGET,0.006036217303822866,0.004636217303822866,0.16994759429168452,36.82646801915433,5
2026-08-22 00:05:00+00:00,2026-08-22 00:10:00+00:00,2026-08-22 02:25:00+00:00,LONG,77891.7,78359.0502,77658.0249,78359.0502,TARGET,0.006000000000000005,0.004600000000000005,0.16940175288811013,36.99586977204245,28
2026-08-22 02:30:00+00:00,2026-08-22 02:35:00+00:00,2026-08-22 02:45:00+00:00,SHORT,78289.4,78524.26819999999,78524.26819999999,77819.6636,STOP,-0.0029910269192422456,-0.004391026919242246,-0.16244986006981887,36.833419911972626,3
2026-08-22 02:55:00+00:00,2026-08-22 03:00:00+00:00,2026-08-22 03:25:00+00:00,SHORT,78487.0,78722.461,78722.461,78016.078,STOP,-0.0029910269192422456,-0.004391026919242246,-0.16173653836122515,36.6716833736114,6
2026-08-22 04:00:00+00:00,2026-08-22 04:05:00+00:00,2026-08-22 05:05:00+00:00,LONG,78382.1,78146.95370000001,78146.95370000001,78852.3926,STOP,-0.0029999999999998916,-0.004399999999999892,-0.1613554068438862,36.51032796676751,13
2026-08-22 05:10:00+00:00,2026-08-22 05:15:00+00:00,2026-08-22 05:15:00+00:00,LONG,77313.7,77081.7589,77081.7589,77777.5822,STOP,-0.0030000000000000027,-0.004400000000000003,-0.16064544305377715,36.34968252371374,1
2026-08-22 07:30:00+00:00,2026-08-22 07:35:00+00:00,2026-08-22 09:45:00+00:00,SHORT,77465.0,77000.21,77697.39499999999,77000.21,TARGET,0.006036217303822866,0.004636217303822866,0.16852502710490927,36.51820755081865,27
2026-08-22 10:00:00+00:00,2026-08-22 10:05:00+00:00,2026-08-22 10:10:00+00:00,LONG,76933.4,76702.5998,76702.5998,77395.00039999999,STOP,-0.0030000000000000027,-0.004400000000000003,-0.16068011322360218,36.35752743759505,2
2026-08-22 10:20:00+00:00,2026-08-22 10:25:00+00:00,2026-08-22 10:35:00+00:00,LONG,76607.0,77066.642,76377.179,77066.642,TARGET,0.006000000000000005,0.004600000000000005,0.16724462621293743,36.52477206380799,3
2026-08-22 14:05:00+00:00,2026-08-22 14:10:00+00:00,2026-08-22 16:45:00+00:00,LONG,77079.0,77541.474,76847.763,77541.474,TARGET,0.006000000000000005,0.004600000000000005,0.16801395149351692,36.6927860153015,32
2026-08-22 19:45:00+00:00,2026-08-22 19:50:00+00:00,2026-08-22 21:40:00+00:00,SHORT,77434.0,76969.396,77666.302,76969.396,TARGET,0.006036217303823088,0.004636217303823088,0.17011572944961864,36.86290174475112,23
2026-08-22 21:55:00+00:00,2026-08-22 22:00:00+00:00,2026-08-23 00:35:00+00:00,LONG,76851.3,77312.4078,76620.7461,77312.4078,TARGET,0.006000000000000005,0.004600000000000005,0.16956934802585535,37.03247109277697,32
2026-08-23 00:40:00+00:00,2026-08-23 00:45:00+00:00,2026-08-23 04:05:00+00:00,SHORT,77277.2,76813.5368,77509.03159999999,76813.5368,TARGET,0.006036217303822866,0.004636217303822866,0.1716905832836527,37.20416167606063,41
2026-08-23 04:45:00+00:00,2026-08-23 04:50:00+00:00,2026-08-23 05:05:00+00:00,LONG,76619.0,76389.143,76389.143,77078.714,STOP,-0.0030000000000000027,-0.004400000000000003,-0.16369831137466687,37.04046336468596,4
2026-08-23 05:10:00+00:00,2026-08-23 05:15:00+00:00,2026-08-23 05:15:00+00:00,LONG,75896.0,75668.312,75668.312,76351.376,STOP,-0.0029999999999998916,-0.004399999999999892,-0.16297803880461423,36.877485325881345,1
2026-08-23 05:20:00+00:00,2026-08-23 05:25:00+00:00,2026-08-23 05:50:00+00:00,LONG,76284.2,76055.3474,76055.3474,76741.9052,STOP,-0.0030000000000000027,-0.004400000000000003,-0.162260935433878,36.71522439044747,6
2026-08-23 06:05:00+00:00,2026-08-23 06:10:00+00:00,2026-08-23 08:35:00+00:00,LONG,75919.2,76374.71519999999,75691.4424,76374.71519999999,TARGET,0.006000000000000005,0.004600000000000005,0.16889003219605853,36.88411442264353,30
2026-08-23 08:40:00+00:00,2026-08-23 08:45:00+00:00,2026-08-23 10:20:00+00:00,SHORT,76516.3,76745.8489,76745.8489,76057.2022,STOP,-0.0029910269192422456,-0.004391026919242246,-0.1619591393222389,36.722155283321285,20
2026-08-23 11:20:00+00:00,2026-08-23 11:25:00+00:00,2026-08-23 13:15:00+00:00,SHORT,77273.6,77505.42079999999,77505.42079999999,76809.9584,STOP,-0.0029910269192421346,-0.004391026919242135,-0.16124797238165356,36.56090731093963,23
2026-08-23 13:20:00+00:00,2026-08-23 13:25:00+00:00,2026-08-23 14:40:00+00:00,SHORT,77630.6,77164.81640000001,77863.4918,77164.81640000001,TARGET,0.006036217303822866,0.004636217303822866,0.16950431111844225,36.73041162205808,16
2026-08-23 16:50:00+00:00,2026-08-23 16:55:00+00:00,2026-08-23 20:50:00+00:00,SHORT,77400.1,77404.5,77632.3003,76935.69940000001,TIME,-5.684424032181834e-05,-0.0014568442403218183,-0.05351048861624489,36.67690113344183,48
2026-08-23 21:00:00+00:00,2026-08-23 21:05:00+00:00,2026-08-23 21:15:00+00:00,SHORT,77673.7,77906.7211,77906.7211,77207.6578,STOP,-0.0029910269192422456,-0.004391026919242246,-0.1610492601913295,36.515851873250504,3
2026-08-23 21:20:00+00:00,2026-08-23 21:25:00+00:00,2026-08-23 23:00:00+00:00,SHORT,77919.1,77451.58540000001,78152.8573,77451.58540000001,TARGET,0.006036217303822866,0.004636217303822866,0.1692954243185966,36.6851472975691,20
2026-08-24 00:25:00+00:00,2026-08-24 00:30:00+00:00,2026-08-24 00:45:00+00:00,LONG,77433.8,77201.4986,77201.4986,77898.4028,STOP,-0.0030000000000000027,-0.004400000000000003,-0.16141464810930414,36.523732649459795,4
2026-08-24 01:55:00+00:00,2026-08-24 02:00:00+00:00,2026-08-24 02:10:00+00:00,LONG,76920.6,77382.1236,76689.8382,77382.1236,TARGET,0.006000000000000005,0.004600000000000005,0.16800917018751524,36.69174181964731,3
2026-08-24 03:30:00+00:00,2026-08-24 03:35:00+00:00,2026-08-24 04:50:00+00:00,LONG,77117.7,76886.3469,76886.3469,77580.4062,STOP,-0.0029999999999998916,-0.004399999999999892,-0.1614436640064442,36.53029815564087,16
2026-08-24 06:45:00+00:00,2026-08-24 06:50:00+00:00,2026-08-24 07:10:00+00:00,SHORT,77502.4,77734.90719999999,77734.90719999999,77037.3856,STOP,-0.0029910269192421346,-0.004391026919242135,-0.16040552256936036,36.36989263307151,5
2026-08-24 07:30:00+00:00,2026-08-24 07:35:00+00:00,2026-08-24 08:20:00+00:00,SHORT,77485.4,77020.4876,77717.85619999998,77020.4876,TARGET,0.006036217303822866,0.004636217303822866,0.1686187255636259,36.538511358635134,10
2026-08-24 08:25:00+00:00,2026-08-24 08:30:00+00:00,2026-08-24 09:15:00+00:00,LONG,76925.2,77386.7512,76694.4244,77386.7512,TARGET,0.006000000000000005,0.004600000000000005,0.1680771522497218,36.706588510884856,10
2026-08-24 09:40:00+00:00,2026-08-24 09:45:00+00:00,2026-08-24 10:05:00+00:00,SHORT,77464.6,77696.9938,77696.9938,76999.81240000001,STOP,-0.0029910269192421346,-0.004391026919242135,-0.16117961826483948,36.54540889262002,5
2026-08-24 10:10:00+00:00,2026-08-24 10:15:00+00:00,2026-08-24 11:30:00+00:00,SHORT,77849.6,78083.1488,78083.1488,77382.50240000001,STOP,-0.0029910269192421346,-0.004391026919242135,-0.16047187422220538,36.384937018397814,16
2026-08-24 11:35:00+00:00,2026-08-24 11:40:00+00:00,2026-08-24 11:40:00+00:00,SHORT,78337.2,78572.2116,78572.2116,77867.1768,STOP,-0.0029910269192422456,-0.004391026919242246,-0.1597672379027185,36.225169780495094,1
2026-08-24 12:30:00+00:00,2026-08-24 12:35:00+00:00,2026-08-24 12:40:00+00:00,SHORT,78533.7,78769.30109999998,78769.30109999998,78062.4978,STOP,-0.0029910269192421346,-0.004391026919242135,-0.15906569566027065,36.066104084834826,2
2026-08-24 12:50:00+00:00,2026-08-24 12:55:00+00:00,2026-08-24 13:10:00+00:00,SHORT,79149.6,79387.0488,79387.0488,78674.70240000001,STOP,-0.0029910269192422456,-0.004391026919242246,-0.15836723390870244,35.90773685092612,4
2026-08-24 13:30:00+00:00,2026-08-24 13:35:00+00:00,2026-08-24 13:40:00+00:00,SHORT,78793.3,78320.5402,79029.67989999999,78320.5402,TARGET,0.006036217303822866,0.004636217303822866,0.16647607092938166,36.074212921855505,2
2026-08-24 15:30:00+00:00,2026-08-24 15:35:00+00:00,2026-08-24 15:40:00+00:00,SHORT,79805.0,79326.17,80044.415,79326.17,TARGET,0.006036217303822866,0.004636217303822866,0.16724789017009692,36.2414608120256,2
2026-08-24 16:50:00+00:00,2026-08-24 16:55:00+00:00,2026-08-24 17:00:00+00:00,LONG,78924.2,78687.4274,78687.4274,79397.74519999999,STOP,-0.0030000000000000027,-0.004400000000000003,-0.15946242757291273,36.08199838445269,2
2026-08-24 19:15:00+00:00,2026-08-24 19:20:00+00:00,2026-08-24 23:15:00+00:00,LONG,78728.3,78779.6,78492.1151,79200.6698,TIME,0.0006516081256677797,-0.0007483918743322203,-0.02700347440059269,36.054994910052095,48
2026-08-25 00:10:00+00:00,2026-08-25 00:15:00+00:00,2026-08-25 00:40:00+00:00,SHORT,78960.9,79197.78269999998,79197.78269999998,78487.13459999999,STOP,-0.0029910269192421346,-0.004391026919242135,-0.1583184532231769,35.89667645682892,6
2026-08-25 00:45:00+00:00,2026-08-25 00:50:00+00:00,2026-08-25 00:50:00+00:00,SHORT,79589.0,79827.76699999999,79827.76699999999,79111.466,STOP,-0.0029910269192421346,-0.004391026919242135,-0.15762327263326117,35.73905318419566,1
2026-08-25 00:55:00+00:00,2026-08-25 01:00:00+00:00,2026-08-25 01:00:00+00:00,SHORT,79739.4,79978.61819999998,79978.61819999998,79260.96359999999,STOP,-0.0029910269192421346,-0.004391026919242135,-0.1569311446000295,35.58212203959563,1
2026-08-25 02:15:00+00:00,2026-08-25 02:20:00+00:00,2026-08-25 02:40:00+00:00,SHORT,80853.7,81096.26109999999,81096.26109999999,80368.5778,STOP,-0.0029910269192421346,-0.004391026919242135,-0.15624205571962327,35.42587998387601,5
2026-08-25 04:30:00+00:00,2026-08-25 04:35:00+00:00,2026-08-25 05:30:00+00:00,LONG,80310.0,80791.86,80069.07,80791.86,TARGET,0.006000000000000005,0.004600000000000005,0.16295904792582983,35.58883903180184,12
2026-08-25 07:45:00+00:00,2026-08-25 07:50:00+00:00,2026-08-25 07:50:00+00:00,LONG,79894.8,79655.1156,79655.1156,80374.1688,STOP,-0.0030000000000000027,-0.004400000000000003,-0.15659089173992818,35.43224814006191,1
2026-08-25 09:45:00+00:00,2026-08-25 09:50:00+00:00,2026-08-25 09:50:00+00:00,LONG,79591.1,79352.3267,79352.3267,80068.64660000001,STOP,-0.0030000000000000027,-0.004400000000000003,-0.1559018918162725,35.27634624824564,1
2026-08-25 11:45:00+00:00,2026-08-25 11:50:00+00:00,2026-08-25 12:05:00+00:00,LONG,79090.1,78852.8297,78852.8297,79564.64060000001,STOP,-0.0030000000000000027,-0.004400000000000003,-0.15521592349228092,35.12113032475336,4
2026-08-25 12:20:00+00:00,2026-08-25 12:25:00+00:00,2026-08-25 12:25:00+00:00,LONG,78891.1,78654.42670000001,78654.42670000001,79364.44660000001,STOP,-0.0029999999999998916,-0.004399999999999892,-0.15453297342891098,34.966597351324445,1
2026-08-25 13:45:00+00:00,2026-08-25 13:50:00+00:00,2026-08-25 13:50:00+00:00,LONG,78492.4,78256.9228,78256.9228,78963.3544,STOP,-0.0029999999999998916,-0.004399999999999892,-0.1538530283458238,34.812744322978624,1
2026-08-25 13:55:00+00:00,2026-08-25 14:00:00+00:00,2026-08-25 14:15:00+00:00,LONG,78653.7,79125.6222,78417.7389,79125.6222,TARGET,0.006000000000000005,0.004600000000000005,0.16013862388570185,34.972882946864324,4
2026-08-25 14:30:00+00:00,2026-08-25 14:35:00+00:00,2026-08-25 15:35:00+00:00,SHORT,79227.8,79465.4834,79465.4834,78752.4332,STOP,-0.0029910269192422456,-0.004391026919242246,-0.15356687046318934,34.81931607640114,13
2026-08-25 17:05:00+00:00,2026-08-25 17:10:00+00:00,2026-08-25 19:40:00+00:00,LONG,78961.4,78724.5158,78724.5158,79435.1684,STOP,-0.0030000000000000027,-0.004400000000000003,-0.15320499073616511,34.66611108566497,31
2026-08-25 20:00:00+00:00,2026-08-25 20:05:00+00:00,2026-08-25 20:35:00+00:00,LONG,78790.2,78553.8294,78553.8294,79262.9412,STOP,-0.0029999999999998916,-0.004399999999999892,-0.15253088877692214,34.51358019688805,7
2026-08-25 20:40:00+00:00,2026-08-25 20:45:00+00:00,2026-08-25 20:45:00+00:00,LONG,78473.1,78237.68070000001,78237.68070000001,78943.93860000001,STOP,-0.0029999999999998916,-0.004399999999999892,-0.15185975286630368,34.36172044402175,1
2026-08-25 20:50:00+00:00,2026-08-25 20:55:00+00:00,2026-08-25 21:05:00+00:00,LONG,78286.3,78051.4411,78051.4411,78756.0178,STOP,-0.0030000000000001137,-0.004400000000000114,-0.15119156995369962,34.210528874068046,3
2026-08-25 23:20:00+00:00,2026-08-25 23:25:00+00:00,2026-08-25 23:45:00+00:00,LONG,78677.6,78441.5672,78441.5672,79149.66560000001,STOP,-0.0030000000000000027,-0.004400000000000003,-0.1505263270458995,34.060002547022144,5
2026-08-26 00:05:00+00:00,2026-08-26 00:10:00+00:00,2026-08-26 01:05:00+00:00,LONG,78367.0,78837.202,78131.899,78837.202,TARGET,0.006000000000000005,0.004600000000000005,0.15667601171630205,34.216678558738444,12
2026-08-26 02:25:00+00:00,2026-08-26 02:30:00+00:00,2026-08-26 05:05:00+00:00,SHORT,79230.8,78755.4152,79468.49239999999,78755.4152,TARGET,0.006036217303822866,0.004636217303822866,0.158635957213368,34.375314515951814,32
2026-08-26 05:15:00+00:00,2026-08-26 05:20:00+00:00,2026-08-26 09:15:00+00:00,LONG,78757.5,78521.2275,78521.2275,79230.045,STOP,-0.0030000000000001137,-0.004400000000000114,-0.1512513838701919,34.224063132081625,48
2026-08-26 09:20:00+00:00,2026-08-26 09:25:00+00:00,2026-08-26 10:50:00+00:00,LONG,78401.0,78871.406,78165.797,78871.406,TARGET,0.006000000000000005,0.004600000000000005,0.15743069040757565,34.3814938224892,18
2026-08-26 12:30:00+00:00,2026-08-26 12:35:00+00:00,2026-08-26 13:05:00+00:00,LONG,78397.3,78162.1081,78162.1081,78867.6838,STOP,-0.0030000000000001137,-0.004400000000000114,-0.15127857281895637,34.23021524967024,7
2026-08-26 13:10:00+00:00,2026-08-26 13:15:00+00:00,2026-08-26 14:05:00+00:00,LONG,78128.7,78597.4722,77894.3139,78597.4722,TARGET,0.006000000000000005,0.004600000000000005,0.15745899014848327,34.38767423981872,11
2026-08-26 14:50:00+00:00,2026-08-26 14:55:00+00:00,2026-08-26 17:15:00+00:00,LONG,77794.9,78261.6694,77561.5153,78261.6694,TARGET,0.006000000000000005,0.004600000000000005,0.15818330150316628,34.54585754132189,29
2026-08-26 17:20:00+00:00,2026-08-26 17:25:00+00:00,2026-08-26 17:40:00+00:00,SHORT,78354.9,78589.96469999998,78589.96469999998,77884.77059999999,STOP,-0.0029910269192421346,-0.004391026919242135,-0.1516917904122483,34.394165750909636,4
2026-08-26 17:45:00+00:00,2026-08-26 17:50:00+00:00,2026-08-26 18:10:00+00:00,SHORT,78399.8,78634.9994,78634.9994,77929.40120000001,STOP,-0.0029910269192422456,-0.004391026919242246,-0.1510257076771239,34.243140043232515,5
2026-08-26 21:10:00+00:00,2026-08-26 21:15:00+00:00,2026-08-26 23:40:00+00:00,SHORT,78788.7,79025.06609999998,79025.06609999998,78315.9678,STOP,-0.0029910269192421346,-0.004391026919242135,-0.15036254972921226,34.092777493503306,30
2026-08-26 23:45:00+00:00,2026-08-26 23:50:00+00:00,2026-08-27 01:15:00+00:00,SHORT,79069.8,78595.3812,79307.0094,78595.3812,TARGET,0.006036217303822866,0.004636217303822866,0.15806152495076278,34.250839018454066,18
2026-08-27 01:50:00+00:00,2026-08-27 01:55:00+00:00,2026-08-27 05:50:00+00:00,SHORT,78936.8,78846.5,79173.61039999999,78463.1792,TIME,0.0011452632646979932,-0.00025473673530200676,-0.008724946912915579,34.24211407154115,48
2026-08-27 07:50:00+00:00,2026-08-27 07:55:00+00:00,2026-08-27 08:00:00+00:00,SHORT,79025.1,79262.1753,79262.1753,78550.94940000001,STOP,-0.0029910269192422456,-0.004391026919242246,-0.1503580446599009,34.09175602688125,2
2026-08-27 08:05:00+00:00,2026-08-27 08:10:00+00:00,2026-08-27 08:40:00+00:00,SHORT,79750.1,79989.35029999999,79989.35029999999,79271.5994,STOP,-0.0029910269192421346,-0.004391026919242135,-0.14969781843827085,33.94205820844298,7
2026-08-27 08:45:00+00:00,2026-08-27 08:50:00+00:00,2026-08-27 09:20:00+00:00,SHORT,79798.5,80037.89549999998,80037.89549999998,79319.709,STOP,-0.0029910269192420236,-0.004391026919242024,-0.14904049128775282,33.79301771715523,7
2026-08-27 09:25:00+00:00,2026-08-27 09:30:00+00:00,2026-08-27 09:55:00+00:00,SHORT,80493.1,80010.14140000001,80734.5793,80010.14140000001,TARGET,0.006036217303822866,0.004636217303822866,0.15667177348866776,33.9496894906439,6
2026-08-27 10:25:00+00:00,2026-08-27 10:30:00+00:00,2026-08-27 10:35:00+00:00,LONG,79670.0,79430.99,79430.99,80148.02,STOP,-0.0029999999999998916,-0.004399999999999892,-0.14937863375882948,33.80031085688507,2
2026-08-27 13:30:00+00:00,2026-08-27 13:35:00+00:00,2026-08-27 13:45:00+00:00,LONG,79150.4,78912.9488,78912.9488,79625.3024,STOP,-0.0030000000000000027,-0.004400000000000003,-0.1487213677702944,33.65158948911478,3
2026-08-27 13:55:00+00:00,2026-08-27 14:00:00+00:00,2026-08-27 14:05:00+00:00,SHORT,79531.8,79770.3954,79770.3954,79054.6092,STOP,-0.0029910269192421346,-0.004391026919242135,-0.14776503532198867,33.50382445379279,2
2026-08-27 14:20:00+00:00,2026-08-27 14:25:00+00:00,2026-08-27 14:35:00+00:00,SHORT,79815.9,80055.34769999998,80055.34769999998,79337.0046,STOP,-0.0029910269192421346,-0.004391026919242135,-0.14711619507416704,33.35670825871862,3
2026-08-27 14:40:00+00:00,2026-08-27 14:45:00+00:00,2026-08-27 15:10:00+00:00,SHORT,80366.3,80607.3989,80607.3989,79884.10220000001,STOP,-0.0029910269192422456,-0.004391026919242246,-0.1464702039013436,33.210238054817275,6
2026-08-27 17:20:00+00:00,2026-08-27 17:25:00+00:00,2026-08-27 18:10:00+00:00,SHORT,80787.4,80302.67559999999,81029.76219999998,80302.67559999999,TARGET,0.006036217303823088,0.004636217303823088,0.15396988033382786,33.3642079351511,10
2026-08-27 22:15:00+00:00,2026-08-27 22:20:00+00:00,2026-08-28 00:55:00+00:00,SHORT,80371.6,80612.7148,80612.7148,79889.3704,STOP,-0.0029910269192422456,-0.004391026919242246,-0.14650313518244423,33.21770479996866,32
2026-08-28 01:10:00+00:00,2026-08-28 01:15:00+00:00,2026-08-28 01:15:00+00:00,SHORT,80757.4,80999.67219999999,80999.67219999999,80272.8556,STOP,-0.0029910269192421346,-0.004391026919242135,-0.14585983597210106,33.071844963996554,1
2026-08-28 01:30:00+00:00,2026-08-28 01:35:00+00:00,2026-08-28 01:50:00+00:00,SHORT,81158.7,80671.7478,81402.17609999998,80671.7478,TARGET,0.006036217303822866,0.004636217303822866,0.15332825989142793,33.225173223887985,4
2026-08-28 02:05:00+00:00,2026-08-28 02:10:00+00:00,2026-08-28 02:15:00+00:00,LONG,80431.1,80189.8067,80189.8067,80913.6866,STOP,-0.0030000000000001137,-0.004400000000000114,-0.14619076218511093,33.07898246170287,2
2026-08-28 04:05:00+00:00,2026-08-28 04:10:00+00:00,2026-08-28 08:05:00+00:00,LONG,79646.3,79823.5,79407.36110000001,80124.1778,TIME,0.002224836558634813,0.0008248365586348129,0.02728475405685233,33.10626721575972,48
2026-08-28 09:00:00+00:00,2026-08-28 09:05:00+00:00,2026-08-28 10:05:00+00:00,LONG,79308.9,79070.9733,79070.9733,79784.7534,STOP,-0.0030000000000000027,-0.004400000000000003,-0.14566757574934286,32.96059964001038,13
2026-08-28 12:40:00+00:00,2026-08-28 12:45:00+00:00,2026-08-28 13:25:00+00:00,LONG,79414.3,79176.0571,79176.0571,79890.7858,STOP,-0.0030000000000000027,-0.004400000000000003,-0.14502663841604577,32.81557300159433,9
2026-08-28 13:40:00+00:00,2026-08-28 13:45:00+00:00,2026-08-28 14:00:00+00:00,LONG,79083.7,78846.4489,78846.4489,79558.2022,STOP,-0.0029999999999998916,-0.004399999999999892,-0.1443885212070115,32.67118448038732,4
2026-08-28 14:05:00+00:00,2026-08-28 14:10:00+00:00,2026-08-28 14:10:00+00:00,LONG,78846.0,78609.462,78609.462,79319.076,STOP,-0.0030000000000000027,-0.004400000000000003,-0.14375321171370428,32.52743126867362,1
2026-08-28 14:15:00+00:00,2026-08-28 14:20:00+00:00,2026-08-28 14:25:00+00:00,LONG,78884.5,78647.8465,78647.8465,79357.807,STOP,-0.0030000000000000027,-0.004400000000000003,-0.143120697582164,32.384310571091454,2
2026-08-28 14:35:00+00:00,2026-08-28 14:40:00+00:00,2026-08-28 15:00:00+00:00,SHORT,79479.9,79718.33969999998,79718.33969999998,79003.02059999999,STOP,-0.0029910269192421346,-0.004391026919242135,-0.1422003794787602,32.242110191612696,5
2026-08-28 15:55:00+00:00,2026-08-28 16:00:00+00:00,2026-08-28 16:00:00+00:00,LONG,78325.7,78090.7229,78090.7229,78795.6542,STOP,-0.0030000000000000027,-0.004400000000000003,-0.14186528484309596,32.100244906769596,1
2026-08-28 16:15:00+00:00,2026-08-28 16:20:00+00:00,2026-08-28 16:20:00+00:00,LONG,77648.3,77415.3551,77415.3551,78114.18980000001,STOP,-0.0030000000000000027,-0.004400000000000003,-0.14124107758978632,31.95900382917981,1
2026-08-28 16:25:00+00:00,2026-08-28 16:30:00+00:00,2026-08-28 16:45:00+00:00,LONG,77530.0,77995.18000000001,77297.41,77995.18000000001,TARGET,0.006000000000000005,0.004600000000000005,0.14701141761422729,32.10601524679404,4
2026-08-28 18:20:00+00:00,2026-08-28 18:25:00+00:00,2026-08-28 18:45:00+00:00,LONG,77519.5,77286.9415,77286.9415,77984.617,STOP,-0.0030000000000000027,-0.004400000000000003,-0.14126646708589385,31.96474877970814,5
2026-08-28 22:35:00+00:00,2026-08-28 22:40:00+00:00,2026-08-29 00:25:00+00:00,SHORT,77703.8,77936.9114,77936.9114,77237.5772,STOP,-0.0029910269192422456,-0.004391026919242246,-0.1403580723585142,31.82439070734963,22
2026-08-29 01:10:00+00:00,2026-08-29 01:15:00+00:00,2026-08-29 05:10:00+00:00,LONG,77638.5,77706.4,77405.5845,78104.331,TIME,0.0008745660980054026,-0.0005254339019945973,-0.01672161378796332,31.807669093561664,48
2026-08-29 06:10:00+00:00,2026-08-29 06:15:00+00:00,2026-08-29 10:10:00+00:00,LONG,77484.4,77586.8,77251.94679999999,77949.3064,TIME,0.0013215563390824858,-7.844366091751417e-05,-0.0024951100089518462,31.805173983552713,48
2026-08-29 14:40:00+00:00,2026-08-29 14:45:00+00:00,2026-08-29 18:35:00+00:00,SHORT,77922.0,78155.76599999999,78155.76599999999,77454.468,STOP,-0.0029910269192421346,-0.004391026919242135,-0.13965737513295956,31.665516608419754,47
2026-08-29 21:00:00+00:00,2026-08-29 21:05:00+00:00,2026-08-30 01:00:00+00:00,LONG,78068.0,78190.7,77833.796,78536.408,TIME,0.0015717067172209553,0.00017170671722095535,0.0054371819059373955,31.67095379032569,48
2026-08-30 01:15:00+00:00,2026-08-30 01:20:00+00:00,2026-08-30 05:15:00+00:00,LONG,78045.9,78134.1,77811.76229999999,78514.1754,TIME,0.0011301042079085999,-0.0002698957920914001,-0.008547857159530083,31.66240593316616,48
2026-08-30 06:45:00+00:00,2026-08-30 06:50:00+00:00,2026-08-30 10:45:00+00:00,SHORT,78297.0,78150.9,78531.89099999999,77827.218,TIME,0.0018694602365425528,0.0004694602365425528,0.014864240578890513,31.67727017374505,48
2026-08-30 12:05:00+00:00,2026-08-30 12:10:00+00:00,2026-08-30 12:30:00+00:00,SHORT,78607.4,78843.22219999999,78843.22219999999,78135.75559999999,STOP,-0.0029910269192422456,-0.004391026919242246,-0.139095746061024,31.538174427684027,5
2026-08-30 12:55:00+00:00,2026-08-30 13:00:00+00:00,2026-08-30 16:10:00+00:00,SHORT,78791.7,79028.07509999999,79028.07509999999,78318.9498,STOP,-0.0029910269192421346,-0.004391026919242135,-0.13848497289571446,31.399689454788312,39
2026-08-30 16:15:00+00:00,2026-08-30 16:20:00+00:00,2026-08-30 16:55:00+00:00,SHORT,79102.3,79339.6069,79339.6069,78627.6862,STOP,-0.0029910269192422456,-0.004391026919242246,-0.13787688165182235,31.26181257313649,8
2026-08-30 18:10:00+00:00,2026-08-30 18:15:00+00:00,2026-08-30 20:40:00+00:00,LONG,78843.6,78607.06920000001,78607.06920000001,79316.6616,STOP,-0.0029999999999998916,-0.004399999999999892,-0.13755197532179717,31.12426059781469,30
2026-08-30 21:00:00+00:00,2026-08-30 21:05:00+00:00,2026-08-30 23:15:00+00:00,LONG,78463.8,78228.40860000001,78228.40860000001,78934.5828,STOP,-0.0029999999999998916,-0.004399999999999892,-0.13694674663038126,30.987313851184307,27
2026-08-30 23:20:00+00:00,2026-08-30 23:25:00+00:00,2026-08-30 23:25:00+00:00,LONG,77983.8,77749.8486,77749.8486,78451.7028,STOP,-0.0030000000000001137,-0.004400000000000114,-0.13634418094521447,30.850969670239092,1
2026-08-30 23:30:00+00:00,2026-08-30 23:35:00+00:00,2026-08-30 23:35:00+00:00,LONG,77756.3,77523.03110000001,77523.03110000001,78222.83780000001,STOP,-0.0029999999999998916,-0.004399999999999892,-0.13574426654904867,30.71522540369004,1
2026-08-30 23:40:00+00:00,2026-08-30 23:45:00+00:00,2026-08-30 23:45:00+00:00,LONG,77476.9,77244.4693,77244.4693,77941.76139999999,STOP,-0.0030000000000000027,-0.004400000000000003,-0.13514699177623626,30.580078411913806,1
2026-08-31 02:10:00+00:00,2026-08-31 02:15:00+00:00,2026-08-31 02:50:00+00:00,SHORT,77946.1,77478.4234,78179.9383,77478.4234,TARGET,0.006036217303823088,0.004636217303823088,0.14177588868558164,30.72185430059939,8
2026-08-31 04:45:00+00:00,2026-08-31 04:50:00+00:00,2026-08-31 05:15:00+00:00,LONG,77490.0,77954.94,77257.53,77954.94,TARGET,0.006000000000000005,0.004600000000000005,0.14132052978275736,30.863174830382146,6
2026-08-31 05:20:00+00:00,2026-08-31 05:25:00+00:00,2026-08-31 08:10:00+00:00,SHORT,78100.0,78334.29999999999,78334.29999999999,77631.4,STOP,-0.0029910269192421346,-0.004391026919242135,-0.13552103149348432,30.72765379888866,34
2026-08-31 08:55:00+00:00,2026-08-31 09:00:00+00:00,2026-08-31 09:05:00+00:00,SHORT,78468.9,78704.30669999999,78704.30669999999,77998.0866,STOP,-0.0029910269192421346,-0.004391026919242135,-0.13492595499607296,30.592727843892586,2
2026-08-31 10:55:00+00:00,2026-08-31 11:00:00+00:00,2026-08-31 12:25:00+00:00,SHORT,78706.0,78233.764,78942.11799999999,78233.764,TARGET,0.006036217303823088,0.004636217303823088,0.1418345342010052,30.734562378093592,18
2026-08-31 12:30:00+00:00,2026-08-31 12:35:00+00:00,2026-08-31 12:40:00+00:00,LONG,78124.9,77890.5253,77890.5253,78593.6494,STOP,-0.0030000000000000027,-0.004400000000000003,-0.1352320744636119,30.59933030362998,2
2026-08-31 12:45:00+00:00,2026-08-31 12:50:00+00:00,2026-08-31 13:40:00+00:00,LONG,77778.6,78245.27160000001,77545.2642,78245.27160000001,TARGET,0.006000000000000005,0.004600000000000005,0.14075691939669807,30.740087223026677,11
2026-08-31 14:40:00+00:00,2026-08-31 14:45:00+00:00,2026-08-31 15:40:00+00:00,SHORT,78515.3,78750.8459,78750.8459,78044.20820000001,STOP,-0.0029910269192422456,-0.004391026919242246,-0.13498055049616475,30.60510667253051,12
2026-08-31 17:40:00+00:00,2026-08-31 17:45:00+00:00,2026-08-31 18:40:00+00:00,SHORT,78909.6,79146.3288,79146.3288,78436.14240000001,STOP,-0.0029910269192422456,-0.004391026919242246,-0.13438784726536196,30.47071882526515,12
2026-08-31 23:00:00+00:00,2026-08-31 23:05:00+00:00,2026-09-01 02:10:00+00:00,LONG,78435.0,78199.695,78199.695,78905.61,STOP,-0.0029999999999998916,-0.004399999999999892,-0.13407116283116335,30.336647662433986,38
2026-09-01 02:25:00+00:00,2026-09-01 02:30:00+00:00,2026-09-01 03:30:00+00:00,LONG,78214.2,78683.4852,77979.55739999999,78683.4852,TARGET,0.006000000000000005,0.004600000000000005,0.1395485792471965,30.476196241681183,13
2026-09-01 03:35:00+00:00,2026-09-01 03:40:00+00:00,2026-09-01 05:35:00+00:00,SHORT,78857.8,79094.3734,79094.3734,78384.6532,STOP,-0.0029910269192422456,-0.004391026919242246,-0.13382179809333145,30.34237444358785,24
2026-09-01 05:40:00+00:00,2026-09-01 05:45:00+00:00,2026-09-01 07:35:00+00:00,SHORT,79171.4,78696.3716,79408.91419999998,78696.3716,TARGET,0.006036217303822866,0.004636217303822866,0.1406738414344347,30.483048285022285,23
2026-09-01 07:40:00+00:00,2026-09-01 07:45:00+00:00,2026-09-01 08:05:00+00:00,LONG,78619.3,78383.4421,78383.4421,79091.01580000001,STOP,-0.0030000000000000027,-0.004400000000000003,-0.13412541245409815,30.34892287256819,5
2026-09-01 08:15:00+00:00,2026-09-01 08:20:00+00:00,2026-09-01 08:25:00+00:00,LONG,78224.3,77989.6271,77989.6271,78693.6458,STOP,-0.0030000000000001137,-0.004400000000000114,-0.1335352606393035,30.215387611928886,2
2026-09-01 08:30:00+00:00,2026-09-01 08:35:00+00:00,2026-09-01 10:15:00+00:00,LONG,77991.4,77757.4258,77757.4258,78459.34839999999,STOP,-0.0030000000000000027,-0.004400000000000003,-0.1329477054924872,30.0824399064364,21
2026-09-01 12:30:00+00:00,2026-09-01 12:35:00+00:00,2026-09-01 13:05:00+00:00,LONG,77871.2,77637.5864,77637.5864,78338.42719999999,STOP,-0.0030000000000000027,-0.004400000000000003,-0.13236273558832024,29.95007717084808,7
2026-09-01 13:35:00+00:00,2026-09-01 13:40:00+00:00,2026-09-01 13:45:00+00:00,LONG,77625.6,78091.3536,77392.72320000001,78091.3536,TARGET,0.006000000000000005,0.004600000000000005,0.13777035498590132,30.08784752583398,2
2026-09-01 14:00:00+00:00,2026-09-01 14:05:00+00:00,2026-09-01 14:05:00+00:00,SHORT,78143.4,78377.83019999998,78377.83019999998,77674.53959999999,STOP,-0.0029910269192421346,-0.004391026919242135,-0.13211654842798987,29.955730977405988,1
2026-09-01 16:15:00+00:00,2026-09-01 16:20:00+00:00,2026-09-01 16:35:00+00:00,LONG,77602.4,77369.5928,77369.5928,78068.0144,STOP,-0.0029999999999998916,-0.004399999999999892,-0.13180521630058312,29.823925761105404,4
2026-09-01 17:55:00+00:00,2026-09-01 18:00:00+00:00,2026-09-01 18:25:00+00:00,LONG,77270.3,77038.4891,77038.4891,77733.9218,STOP,-0.0030000000000000027,-0.004400000000000003,-0.13122527334886386,29.69270048775654,6
2026-09-01 18:30:00+00:00,2026-09-01 18:35:00+00:00,2026-09-01 18:35:00+00:00,LONG,76937.0,76706.189,76706.189,77398.622,STOP,-0.0030000000000000027,-0.004400000000000003,-0.13064788214612885,29.56205260561041,1
2026-09-01 18:45:00+00:00,2026-09-01 18:50:00+00:00,2026-09-01 19:00:00+00:00,LONG,76781.8,77242.4908,76551.4546,77242.4908,TARGET,0.006000000000000005,0.004600000000000005,0.13598544198580803,29.69803804759622,3
2026-09-01 21:10:00+00:00,2026-09-01 21:15:00+00:00,2026-09-01 23:35:00+00:00,LONG,77112.5,77575.175,76881.1625,77575.175,TARGET,0.006000000000000005,0.004600000000000005,0.13661097501894276,29.834649022615164,29
2026-09-01 23:45:00+00:00,2026-09-01 23:50:00+00:00,2026-09-02 01:30:00+00:00,SHORT,77573.1,77107.66140000001,77805.8193,77107.66140000001,TARGET,0.006036217303822866,0.004636217303822866,0.13831991605213037,29.972968938667293,21
2026-09-02 01:35:00+00:00,2026-09-02 01:40:00+00:00,2026-09-02 01:50:00+00:00,LONG,76982.8,76751.85160000001,76751.85160000001,77444.6968,STOP,-0.0029999999999998916,-0.004399999999999892,-0.13188106333013286,29.84108787533716,3
2026-09-02 02:55:00+00:00,2026-09-02 03:00:00+00:00,2026-09-02 03:10:00+00:00,SHORT,77328.4,77560.38519999999,77560.38519999999,76864.42959999999,STOP,-0.0029910269192422456,-0.004391026919242246,-0.13103302016007887,29.71005485517708,3
2026-09-02 03:25:00+00:00,2026-09-02 03:30:00+00:00,2026-09-02 07:25:00+00:00,SHORT,77650.1,77600.8,77883.0503,77184.19940000001,TIME,0.0006353027288379387,-0.0007646972711620613,-0.022719197873829065,29.68733565730325,48
2026-09-02 08:30:00+00:00,2026-09-02 08:35:00+00:00,2026-09-02 08:45:00+00:00,LONG,77139.6,76908.1812,76908.1812,77602.4376,STOP,-0.0030000000000000027,-0.004400000000000003,-0.13062427689213438,29.556711380411116,3
2026-09-02 08:50:00+00:00,2026-09-02 08:55:00+00:00,2026-09-02 09:35:00+00:00,LONG,76814.3,76583.85710000001,76583.85710000001,77275.1858,STOP,-0.0029999999999998916,-0.004399999999999892,-0.1300495300738057,29.42666185033731,9
2026-09-02 09:45:00+00:00,2026-09-02 09:50:00+00:00,2026-09-02 10:45:00+00:00,LONG,76670.0,76439.99,76439.99,77130.02,STOP,-0.0029999999999998916,-0.004399999999999892,-0.12947731214148098,29.29718453819583,12
2026-09-02 10:50:00+00:00,2026-09-02 10:55:00+00:00,2026-09-02 12:20:00+00:00,LONG,76503.7,76962.7222,76274.1889,76962.7222,TARGET,0.006000000000000005,0.004600000000000005,0.13476704887570096,29.43195158707153,18
2026-09-02 13:40:00+00:00,2026-09-02 13:45:00+00:00,2026-09-02 15:00:00+00:00,SHORT,77386.2,76921.88279999999,77618.35859999999,76921.88279999999,TARGET,0.006036217303823088,0.004636217303823088,0.13645292323326444,29.568404510304795,16
2026-09-02 17:20:00+00:00,2026-09-02 17:25:00+00:00,2026-09-02 21:20:00+00:00,LONG,77067.4,77312.7,76836.1978,77529.8044,TIME,0.0031829281901296635,0.0017829281901296636,0.05271834193857951,29.621122852243374,48
2026-09-02 23:50:00+00:00,2026-09-02 23:55:00+00:00,2026-09-03 01:30:00+00:00,SHORT,77281.7,77513.54509999999,77513.54509999999,76818.0098,STOP,-0.0029910269192421346,-0.004391026919242135,-0.13006714782237902,29.491055704420994,20
2026-09-03 01:35:00+00:00,2026-09-03 01:40:00+00:00,2026-09-03 02:30:00+00:00,SHORT,77436.1,77668.4083,77668.4083,76971.48340000001,STOP,-0.0029910269192421346,-0.004391026919242135,-0.1294960194749819,29.361559684946013,11
2026-09-03 04:10:00+00:00,2026-09-03 04:15:00+00:00,2026-09-03 05:20:00+00:00,LONG,77638.3,77405.3851,77405.3851,78104.12980000001,STOP,-0.0030000000000000027,-0.004400000000000003,-0.12919086261376253,29.23236882233225,14
2026-09-03 05:25:00+00:00,2026-09-03 05:30:00+00:00,2026-09-03 05:50:00+00:00,LONG,77192.5,77655.655,76960.9225,77655.655,TARGET,0.006000000000000005,0.004600000000000005,0.1344688965827285,29.36683771891498,5
2026-09-03 07:00:00+00:00,2026-09-03 07:05:00+00:00,2026-09-03 07:50:00+00:00,SHORT,78139.9,77671.0606,78374.3197,77671.0606,TARGET,0.006036217303822866,0.004636217303822866,0.13615104119099164,29.50298876010597,10
2026-09-03 09:30:00+00:00,2026-09-03 09:35:00+00:00,2026-09-03 10:30:00+00:00,LONG,77746.4,77513.1608,77513.1608,78212.8784,STOP,-0.0030000000000000027,-0.004400000000000003,-0.12981315054446635,29.373175609561503,12
2026-09-03 10:35:00+00:00,2026-09-03 10:40:00+00:00,2026-09-03 12:10:00+00:00,LONG,77550.2,78015.5012,77317.5494,78015.5012,TARGET,0.006000000000000005,0.004600000000000005,0.13511660780398307,29.508292217365486,19
2026-09-03 12:30:00+00:00,2026-09-03 12:35:00+00:00,2026-09-03 12:50:00+00:00,SHORT,78288.5,78523.36549999999,78523.36549999999,77818.769,STOP,-0.0029910269192421346,-0.004391026919242135,-0.12957170546731503,29.378720511898173,4
2026-09-03 12:55:00+00:00,2026-09-03 13:00:00+00:00,2026-09-03 13:40:00+00:00,SHORT,78649.7,78885.6491,78885.6491,78177.8018,STOP,-0.0029910269192422456,-0.004391026919242246,-0.1290027526206392,29.249717759277534,9
2026-09-03 13:50:00+00:00,2026-09-03 13:55:00+00:00,2026-09-03 14:15:00+00:00,SHORT,78782.7,79019.04809999999,79019.04809999999,78310.00379999999,STOP,-0.0029910269192421346,-0.004391026919242135,-0.1284362980612224,29.121281461216313,5
2026-09-03 14:20:00+00:00,2026-09-03 14:25:00+00:00,2026-09-03 14:25:00+00:00,SHORT,79373.6,79611.7208,79611.7208,78897.35840000001,STOP,-0.0029910269192421346,-0.004391026919242135,-0.12787233081902777,28.993409130397286,1
2026-09-03 14:30:00+00:00,2026-09-03 14:35:00+00:00,2026-09-03 14:45:00+00:00,SHORT,79760.0,79999.27999999998,79999.27999999998,79281.44,STOP,-0.0029910269192420236,-0.004391026919242024,-0.12731083997217196,28.866098290425114,3
2026-09-03 14:55:00+00:00,2026-09-03 15:00:00+00:00,2026-09-03 15:00:00+00:00,SHORT,80552.7,80794.35809999998,80794.35809999998,80069.3838,STOP,-0.0029910269192421346,-0.004391026919242135,-0.12675181464674604,28.73934647577837,1
2026-09-03 17:25:00+00:00,2026-09-03 17:30:00+00:00,2026-09-03 18:05:00+00:00,SHORT,81006.2,81249.2186,81249.2186,80520.16279999999,STOP,-0.0029910269192422456,-0.004391026919242246,-0.1261952440165726,28.613151231761798,8
2026-09-03 19:00:00+00:00,2026-09-03 19:05:00+00:00,2026-09-03 19:50:00+00:00,SHORT,81439.0,81683.317,81683.317,80950.366,STOP,-0.0029910269192422456,-0.004391026919242246,-0.12564111730301547,28.487510114458782,10
2026-09-03 19:55:00+00:00,2026-09-03 20:00:00+00:00,2026-09-03 21:30:00+00:00,SHORT,81758.0,82003.27399999999,82003.27399999999,81267.452,STOP,-0.0029910269192421346,-0.004391026919242135,-0.1250894237747711,28.36242069068401,19
2026-09-03 22:30:00+00:00,2026-09-03 22:35:00+00:00,2026-09-04 01:20:00+00:00,LONG,81040.0,80796.88,80796.88,81526.24,STOP,-0.0029999999999998916,-0.004399999999999892,-0.12479465103900658,28.237626039645004,34
2026-09-04 02:45:00+00:00,2026-09-04 02:50:00+00:00,2026-09-04 04:20:00+00:00,LONG,80669.9,81153.9194,80427.8903,81153.9194,TARGET,0.006000000000000005,0.004600000000000005,0.12989307978236717,28.36751911942737,19
2026-09-04 04:25:00+00:00,2026-09-04 04:30:00+00:00,2026-09-04 06:25:00+00:00,SHORT,81258.8,80771.2472,81502.57639999999,80771.2472,TARGET,0.006036217303823088,0.004636217303823088,0.13151798300802148,28.49903710243539,24
2026-09-04 06:35:00+00:00,2026-09-04 06:40:00+00:00,2026-09-04 08:05:00+00:00,LONG,80748.3,80506.0551,80506.0551,81232.7898,STOP,-0.0030000000000001137,-0.004400000000000114,-0.12539576325071897,28.373641339184672,18
2026-09-04 08:30:00+00:00,2026-09-04 08:35:00+00:00,2026-09-04 11:25:00+00:00,SHORT,81106.9,81350.22069999999,81350.22069999999,80620.2586,STOP,-0.0029910269192422456,-0.004391026919242246,-0.1245894229172845,28.249051916267387,35
2026-09-04 12:30:00+00:00,2026-09-04 12:35:00+00:00,2026-09-04 12:35:00+00:00,LONG,79832.1,79592.6037,79592.6037,80311.0926,STOP,-0.0030000000000000027,-0.004400000000000003,-0.12429582843157658,28.12475608783581,1
2026-09-04 12:40:00+00:00,2026-09-04 12:45:00+00:00,2026-09-04 12:45:00+00:00,LONG,79679.0,79439.963,79439.963,80157.074,STOP,-0.0030000000000000027,-0.004400000000000003,-0.12374892678647764,28.001007161049333,1
2026-09-04 14:40:00+00:00,2026-09-04 14:45:00+00:00,2026-09-04 14:45:00+00:00,LONG,79037.4,78800.28779999999,78800.28779999999,79511.6244,STOP,-0.0030000000000000027,-0.004400000000000003,-0.12320443150861715,27.877802729540715,1
2026-09-04 16:30:00+00:00,2026-09-04 16:35:00+00:00,2026-09-04 20:30:00+00:00,SHORT,79752.8,79735.7,79992.0584,79274.2832,TIME,0.00021445851732670995,-0.00118554148267329,-0.03305029158165319,27.844752437959063,48
2026-09-05 08:30:00+00:00,2026-09-05 08:35:00+00:00,2026-09-05 12:30:00+00:00,LONG,79569.3,79680.6,79330.59210000001,80046.7158,TIME,0.001398780685515577,-1.2193144844228811e-06,-3.3951509962772816e-05,27.8447184864491,48
2026-09-05 16:25:00+00:00,2026-09-05 16:30:00+00:00,2026-09-05 16:55:00+00:00,SHORT,79894.6,80134.28379999999,80134.28379999999,79415.23240000001,STOP,-0.0029910269192420236,-0.004391026919242024,-0.12226690843271402,27.722451578016386,6
2026-09-05 17:00:00+00:00,2026-09-05 17:05:00+00:00,2026-09-05 21:00:00+00:00,SHORT,80040.1,79737.0,80280.2203,79559.8594,TIME,0.0038012465981915877,0.0024012465981915875,0.06656844254524286,27.78902002056163,48
2026-09-06 03:40:00+00:00,2026-09-06 03:45:00+00:00,2026-09-06 07:10:00+00:00,SHORT,80106.8,79626.15920000001,80347.1204,79626.15920000001,TARGET,0.006036217303822866,0.004636217303822866,0.12883593547560787,27.917855956037236,42
2026-09-06 13:25:00+00:00,2026-09-06 13:30:00+00:00,2026-09-06 14:30:00+00:00,LONG,79800.7,79561.29789999999,79561.29789999999,80279.5042,STOP,-0.0030000000000001137,-0.004400000000000114,-0.12283856620656702,27.79501738983067,13
2026-09-06 18:05:00+00:00,2026-09-06 18:10:00+00:00,2026-09-06 22:05:00+00:00,SHORT,79843.8,79686.2,80083.3314,79364.7372,TIME,0.0019777577547932523,0.0005777577547932523,0.01605878684158797,27.811076176672255,48
2026-09-06 22:15:00+00:00,2026-09-06 22:20:00+00:00,2026-09-06 23:00:00+00:00,LONG,79645.5,80123.373,79406.5635,80123.373,TARGET,0.006000000000000005,0.004600000000000005,0.1279309504126925,27.93900712708495,9
2026-09-06 23:05:00+00:00,2026-09-06 23:10:00+00:00,2026-09-06 23:40:00+00:00,SHORT,80241.6,80482.3248,80482.3248,79760.1504,STOP,-0.0029910269192422456,-0.004391026919242246,-0.12268093239193097,27.81632619469302,7
2026-09-06 23:45:00+00:00,2026-09-06 23:50:00+00:00,2026-09-07 01:05:00+00:00,SHORT,80510.5,80027.437,80752.0315,80027.437,TARGET,0.006036217303822866,0.004636217303822866,0.12896253283261702,27.945288727525636,16
2026-09-07 02:05:00+00:00,2026-09-07 02:10:00+00:00,2026-09-07 02:35:00+00:00,LONG,79807.5,80286.345,79568.0775,80286.345,TARGET,0.006000000000000005,0.004600000000000005,0.12854832814661807,28.073837055672254,6
2026-09-07 04:00:00+00:00,2026-09-07 04:05:00+00:00,2026-09-07 07:25:00+00:00,LONG,79643.5,79404.5695,79404.5695,80121.361,STOP,-0.0030000000000000027,-0.004400000000000003,-0.123524883044958,27.950312172627296,41
2026-09-07 07:30:00+00:00,2026-09-07 07:35:00+00:00,2026-09-07 07:40:00+00:00,LONG,79327.5,79089.5175,79089.5175,79803.465,STOP,-0.0030000000000000027,-0.004400000000000003,-0.12298137355956018,27.827330799067735,2
2026-09-07 12:50:00+00:00,2026-09-07 12:55:00+00:00,2026-09-07 14:05:00+00:00,SHORT,79597.9,79120.31259999999,79836.69369999999,79120.31259999999,TARGET,0.006036217303823088,0.004636217303823088,0.12901355256984698,27.956344351637583,15
2026-09-07 14:10:00+00:00,2026-09-07 14:15:00+00:00,2026-09-07 15:15:00+00:00,LONG,79180.0,78942.46,78942.46,79655.08,STOP,-0.0029999999999998916,-0.004399999999999892,-0.12300791514720234,27.83333643649038,13
2026-09-07 15:30:00+00:00,2026-09-07 15:35:00+00:00,2026-09-07 19:30:00+00:00,LONG,78847.5,79320.585,78610.9575,79320.585,TARGET,0.006000000000000005,0.004600000000000005,0.1280333476078559,27.96136978409824,48
2026-09-07 22:15:00+00:00,2026-09-07 22:20:00+00:00,2026-09-07 22:40:00+00:00,LONG,79075.4,78838.17379999999,78838.17379999999,79549.85239999999,STOP,-0.0030000000000001137,-0.004400000000000114,-0.12303002705003543,27.838339757048203,5
2026-09-08 01:00:00+00:00,2026-09-08 01:05:00+00:00,2026-09-08 03:20:00+00:00,SHORT,79305.5,78829.667,79543.41649999999,78829.667,TARGET,0.006036217303822866,0.004636217303822866,0.12906459249132693,27.96740434953953,28
2026-09-08 03:25:00+00:00,2026-09-08 03:30:00+00:00,2026-09-08 06:00:00+00:00,LONG,78772.1,78535.7837,78535.7837,79244.7326,STOP,-0.0030000000000001137,-0.004400000000000114,-0.12305657913797713,27.844347770401555,31
2026-09-08 06:20:00+00:00,2026-09-08 06:25:00+00:00,2026-09-08 07:50:00+00:00,LONG,78441.7,78206.3749,78206.3749,78912.3502,STOP,-0.0030000000000000027,-0.004400000000000003,-0.12251513018976692,27.721832640211787,18
2026-09-08 09:40:00+00:00,2026-09-08 09:45:00+00:00,2026-09-08 12:00:00+00:00,SHORT,78765.7,78293.10579999999,79001.9971,78293.10579999999,TARGET,0.006036217303823088,0.004636217303823088,0.12852444018023756,27.850357080392023,28
2026-09-08 13:30:00+00:00,2026-09-08 13:35:00+00:00,2026-09-08 13:35:00+00:00,LONG,78130.0,77895.61,77895.61,78598.78,STOP,-0.0030000000000000027,-0.004400000000000003,-0.12254157115372498,27.727815509238297,1
2026-09-08 13:40:00+00:00,2026-09-08 13:45:00+00:00,2026-09-08 14:15:00+00:00,LONG,77851.7,78318.81019999999,77618.1449,78318.81019999999,TARGET,0.006000000000000005,0.004600000000000005,0.1275479513424963,27.855363460580794,7
2026-09-08 15:30:00+00:00,2026-09-08 15:35:00+00:00,2026-09-08 15:45:00+00:00,SHORT,78545.8,78781.4374,78781.4374,78074.5252,STOP,-0.0029910269192421346,-0.004391026919242135,-0.12231365080068402,27.73304980978011,3
2026-09-08 18:45:00+00:00,2026-09-08 18:50:00+00:00,2026-09-08 22:45:00+00:00,LONG,78333.0,78547.0,78098.001,78802.998,TIME,0.0027319265188363584,0.0013319265188363584,0.03693838448985575,27.769988194269963,48
2026-09-09 00:55:00+00:00,2026-09-09 01:00:00+00:00,2026-09-09 04:40:00+00:00,SHORT,78773.4,79009.72019999998,79009.72019999998,78300.75959999999,STOP,-0.0029910269192421346,-0.004391026919242135,-0.12193876570807569,27.648049428561887,45
2026-09-09 04:45:00+00:00,2026-09-09 04:50:00+00:00,2026-09-09 05:15:00+00:00,SHORT,79128.3,79365.6849,79365.6849,78653.53020000001,STOP,-0.0029910269192421346,-0.004391026919242135,-0.12140332930535237,27.526646099256535,6
2026-09-09 07:05:00+00:00,2026-09-09 07:10:00+00:00,2026-09-09 08:10:00+00:00,SHORT,79306.6,79544.5198,79544.5198,78830.7604,STOP,-0.0029910269192421346,-0.004391026919242135,-0.12087024401828694,27.405775855238247,13
2026-09-09 08:35:00+00:00,2026-09-09 08:40:00+00:00,2026-09-09 09:40:00+00:00,SHORT,79627.1,79149.3374,79865.9813,79149.3374,TARGET,0.006036217303822866,0.004636217303822866,0.12705913224474646,27.532834987482993,13
2026-09-09 11:50:00+00:00,2026-09-09 11:55:00+00:00,2026-09-09 12:35:00+00:00,SHORT,79301.2,79539.10359999999,79539.10359999999,78825.3928,STOP,-0.0029910269192421346,-0.004391026919242135,-0.1208974195930895,27.411937567889904,9
2026-09-09 12:50:00+00:00,2026-09-09 12:55:00+00:00,2026-09-09 13:40:00+00:00,SHORT,79610.0,79132.34,79848.82999999999,79132.34,TARGET,0.006036217303823088,0.004636217303823088,0.12708769928356933,27.539025267173475,10
2026-09-09 15:00:00+00:00,2026-09-09 15:05:00+00:00,2026-09-09 15:05:00+00:00,LONG,78805.3,78568.8841,78568.8841,79278.1318,STOP,-0.0030000000000001137,-0.004400000000000114,-0.12117171117556642,27.417853555997908,1
2026-09-09 15:10:00+00:00,2026-09-09 15:15:00+00:00,2026-09-09 15:20:00+00:00,LONG,78477.5,78242.0675,78242.0675,78948.365,STOP,-0.0029999999999998916,-0.004399999999999892,-0.12063855564638783,27.29721500035152,2
2026-09-09 19:00:00+00:00,2026-09-09 19:05:00+00:00,2026-09-09 20:20:00+00:00,LONG,78388.9,78153.73329999999,78153.73329999999,78859.2334,STOP,-0.0030000000000000027,-0.004400000000000003,-0.12010774600154676,27.177107254349973,16
2026-09-09 20:25:00+00:00,2026-09-09 20:30:00+00:00,2026-09-09 22:05:00+00:00,LONG,78117.1,77882.74870000001,77882.74870000001,78585.80260000001,STOP,-0.0029999999999998916,-0.004399999999999892,-0.11957927191913695,27.057527982430837,20
2026-09-09 22:10:00+00:00,2026-09-09 22:15:00+00:00,2026-09-10 00:00:00+00:00,LONG,77863.5,78330.681,77629.9095,78330.681,TARGET,0.006000000000000005,0.004600000000000005,0.12446462871918199,27.18199261115002,22
2026-09-10 03:00:00+00:00,2026-09-10 03:05:00+00:00,2026-09-10 07:00:00+00:00,SHORT,78505.3,78265.7,78740.8159,78034.2682,TIME,0.003061366601206039,0.0016613666012060392,0.045159254678393976,27.227151865828414,48
2026-09-10 07:25:00+00:00,2026-09-10 07:30:00+00:00,2026-09-10 11:00:00+00:00,LONG,78023.5,77789.4295,77789.4295,78491.641,STOP,-0.0030000000000000027,-0.004400000000000003,-0.1197994682096451,27.10735239761877,43
2026-09-10 12:15:00+00:00,2026-09-10 12:20:00+00:00,2026-09-10 12:30:00+00:00,LONG,77731.7,77498.5049,77498.5049,78198.09019999999,STOP,-0.0030000000000000027,-0.004400000000000003,-0.11927235054952266,26.988080047069246,3
2026-09-10 12:35:00+00:00,2026-09-10 12:40:00+00:00,2026-09-10 12:45:00+00:00,LONG,77116.6,76885.25020000001,76885.25020000001,77579.29960000001,STOP,-0.0030000000000000027,-0.004400000000000003,-0.11874755220710476,26.869332494862142,2
2026-09-10 12:50:00+00:00,2026-09-10 12:55:00+00:00,2026-09-10 14:00:00+00:00,LONG,76855.4,77316.5324,76624.8338,77316.5324,TARGET,0.006000000000000005,0.004600000000000005,0.123598929476366,26.992931424338508,14
2026-09-10 16:00:00+00:00,2026-09-10 16:05:00+00:00,2026-09-10 16:30:00+00:00,LONG,77093.8,76862.5186,76862.5186,77556.3628,STOP,-0.0030000000000001137,-0.004400000000000114,-0.11876889826709251,26.874162526071416,6
2026-09-10 16:35:00+00:00,2026-09-10 16:40:00+00:00,2026-09-10 17:30:00+00:00,LONG,77022.8,77484.93680000001,76791.7316,77484.93680000001,TARGET,0.006000000000000005,0.004600000000000005,0.12362114761992865,26.997783673691345,11
2026-09-10 19:50:00+00:00,2026-09-10 19:55:00+00:00,2026-09-10 22:35:00+00:00,LONG,77108.4,76877.07479999999,76877.07479999999,77571.0504,STOP,-0.0030000000000001137,-0.004400000000000114,-0.118790248164245,26.8789934255271,33
2026-09-10 22:40:00+00:00,2026-09-10 22:45:00+00:00,2026-09-10 23:05:00+00:00,LONG,76860.1,76629.5197,76629.5197,77321.26060000001,STOP,-0.0030000000000000027,-0.004400000000000003,-0.11826757107231932,26.76072585445478,5
2026-09-10 23:10:00+00:00,2026-09-10 23:15:00+00:00,2026-09-11 01:00:00+00:00,LONG,76517.8,76976.9068,76288.2466,76976.9068,TARGET,0.006000000000000005,0.004600000000000005,0.12309933893049213,26.88382519338527,22
2026-09-11 03:05:00+00:00,2026-09-11 03:10:00+00:00,2026-09-11 04:25:00+00:00,LONG,76726.1,77186.4566,76495.9217,77186.4566,TARGET,0.006000000000000005,0.004600000000000005,0.12366559588957238,27.007490789274843,16
2026-09-11 05:10:00+00:00,2026-09-11 05:15:00+00:00,2026-09-11 06:10:00+00:00,SHORT,77139.8,77371.2194,77371.2194,76676.9612,STOP,-0.0029910269192422456,-0.004391026919242246,-0.11859061907689285,26.88890017019795,12
2026-09-11 06:15:00+00:00,2026-09-11 06:20:00+00:00,2026-09-11 10:15:00+00:00,SHORT,77314.2,77139.9,77546.14259999999,76850.3148,TIME,0.0022595310598017004,0.0008595310598017005,0.023111844860192368,26.912012015058142,48
2026-09-11 11:05:00+00:00,2026-09-11 11:10:00+00:00,2026-09-11 12:25:00+00:00,LONG,76815.9,77276.79539999999,76585.45229999999,77276.79539999999,TARGET,0.006000000000000005,0.004600000000000005,0.12379525526926759,27.03580727032741,16
2026-09-11 12:30:00+00:00,2026-09-11 12:35:00+00:00,2026-09-11 12:35:00+00:00,SHORT,77155.1,77386.5653,77386.5653,76692.1694,STOP,-0.0029910269192422456,-0.004391026919242246,-0.11871495750745288,26.917092312819957,1
2026-09-11 12:40:00+00:00,2026-09-11 12:45:00+00:00,2026-09-11 12:45:00+00:00,SHORT,77592.8,77825.5784,77825.5784,77127.2432,STOP,-0.0029910269192422456,-0.004391026919242246,-0.11819367693332095,26.798898635886637,1
2026-09-11 12:50:00+00:00,2026-09-11 12:55:00+00:00,2026-09-11 13:30:00+00:00,SHORT,77934.9,77467.2906,78168.70469999999,77467.2906,TARGET,0.006036217303822866,0.004636217303822866,0.12424551757909262,26.923144153465728,8
2026-09-11 13:45:00+00:00,2026-09-11 13:50:00+00:00,2026-09-11 13:50:00+00:00,SHORT,78524.1,78759.67229999999,78759.67229999999,78052.9554,STOP,-0.0029910269192421346,-0.004391026919242135,-0.1182202507285045,26.804923902737222,1
2026-09-11 14:00:00+00:00,2026-09-11 14:05:00+00:00,2026-09-11 14:05:00+00:00,SHORT,79536.6,79059.38040000001,79775.2098,79059.38040000001,TARGET,0.006036217303822866,0.004636217303822866,0.12427345202552546,26.92919735476275,1
2026-09-11 15:50:00+00:00,2026-09-11 15:55:00+00:00,2026-09-11 15:55:00+00:00,LONG,77623.1,77390.2307,77390.2307,78088.8386,STOP,-0.0030000000000001137,-0.004400000000000114,-0.11848846836095916,26.81070888640179,1
2026-09-11 16:20:00+00:00,2026-09-11 16:25:00+00:00,2026-09-11 16:45:00+00:00,LONG,77496.4,77961.3784,77263.9108,77961.3784,TARGET,0.006000000000000005,0.004600000000000005,0.12332926087744837,26.93403814727924,5
2026-09-11 18:00:00+00:00,2026-09-11 18:05:00+00:00,2026-09-11 18:05:00+00:00,LONG,77156.7,76925.22989999999,76925.22989999999,77619.6402,STOP,-0.0030000000000001137,-0.004400000000000114,-0.11850976784803172,26.815528379431207,1
2026-09-11 19:55:00+00:00,2026-09-11 20:00:00+00:00,2026-09-11 23:55:00+00:00,SHORT,77289.8,77223.4,77521.6694,76826.0612,TIME,0.0008598430009558733,-0.0005401569990441267,-0.014484595337216175,26.80104378409399,48
2026-09-12 18:15:00+00:00,2026-09-12 18:20:00+00:00,2026-09-12 22:15:00+00:00,LONG,77141.6,77269.8,76910.17520000001,77604.4496,TIME,0.0016618789343232354,0.0002618789343232354,0.007018628784928907,26.808062412878922,48
2026-09-13 06:50:00+00:00,2026-09-13 06:55:00+00:00,2026-09-13 08:30:00+00:00,LONG,77136.8,76905.38960000001,76905.38960000001,77599.6208,STOP,-0.0029999999999998916,-0.004399999999999892,-0.11795547461666436,26.690106938262257,20
2026-09-13 08:35:00+00:00,2026-09-13 08:40:00+00:00,2026-09-13 11:00:00+00:00,LONG,76789.6,76559.23120000001,76559.23120000001,77250.33760000001,STOP,-0.0030000000000000027,-0.004400000000000003,-0.11743647052835401,26.572670467733904,29
2026-09-13 12:15:00+00:00,2026-09-13 12:20:00+00:00,2026-09-13 14:15:00+00:00,SHORT,76843.6,77074.1308,77074.1308,76382.5384,STOP,-0.0029910269192421346,-0.004391026919242135,-0.11668131133997006,26.455989156393933,24
2026-09-13 14:35:00+00:00,2026-09-13 14:40:00+00:00,2026-09-13 18:35:00+00:00,SHORT,77203.8,77370.1,77435.4114,76740.5772,TIME,-0.0021494091386724534,-0.0035494091386724536,-0.09390312968432396,26.36208602670961,48
2026-09-13 22:00:00+00:00,2026-09-13 22:05:00+00:00,2026-09-13 22:05:00+00:00,LONG,77091.9,76860.6243,76860.6243,77554.45139999999,STOP,-0.0030000000000000027,-0.004400000000000003,-0.11599317851752235,26.246092848192085,1
2026-09-13 22:15:00+00:00,2026-09-13 22:20:00+00:00,2026-09-14 00:25:00+00:00,LONG,76811.0,76580.567,76580.567,77271.866,STOP,-0.0030000000000001137,-0.004400000000000114,-0.11548280853204816,26.130610039660038,26
2026-09-14 01:10:00+00:00,2026-09-14 01:15:00+00:00,2026-09-14 02:05:00+00:00,LONG,76747.6,77208.0856,76517.3572,77208.0856,TARGET,0.006000000000000005,0.004600000000000005,0.12020080618243631,26.250810845842473,11
2026-09-14 02:10:00+00:00,2026-09-14 02:15:00+00:00,2026-09-14 02:25:00+00:00,SHORT,77379.6,77611.73879999999,77611.73879999999,76915.3224,STOP,-0.0029910269192421346,-0.004391026919242135,-0.1152680170760277,26.135542828766447,3
2026-09-14 02:50:00+00:00,2026-09-14 02:55:00+00:00,2026-09-14 06:10:00+00:00,SHORT,77655.2,77888.1656,77888.1656,77189.26879999999,STOP,-0.0029910269192422456,-0.004391026919242246,-0.1147618721101221,26.020780956656324,40
2026-09-14 08:45:00+00:00,2026-09-14 08:50:00+00:00,2026-09-14 09:50:00+00:00,LONG,77673.5,78139.541,77440.4795,78139.541,TARGET,0.006000000000000005,0.004600000000000005,0.11969559240061922,26.14047654905694,13
2026-09-14 09:55:00+00:00,2026-09-14 10:00:00+00:00,2026-09-14 12:50:00+00:00,SHORT,78147.6,77678.71440000001,78382.0428,77678.71440000001,TARGET,0.006036217303822866,0.004636217303822866,0.12119292970691363,26.261669478763856,35
2026-09-14 13:05:00+00:00,2026-09-14 13:10:00+00:00,2026-09-14 13:30:00+00:00,LONG,77583.3,78048.79980000001,77350.55010000001,78048.79980000001,TARGET,0.006000000000000005,0.004600000000000005,0.12080367960231388,26.38247315836617,5
2026-09-14 13:35:00+00:00,2026-09-14 13:40:00+00:00,2026-09-14 13:45:00+00:00,SHORT,78081.9,78316.14569999998,78316.14569999998,77613.4086,STOP,-0.0029910269192421346,-0.004391026919242135,-0.11584614983456892,26.266627008531604,2
2026-09-14 13:50:00+00:00,2026-09-14 13:55:00+00:00,2026-09-14 14:10:00+00:00,SHORT,78226.8,78461.4804,78461.4804,77757.43920000001,STOP,-0.0029910269192422456,-0.004391026919242246,-0.1153374662721577,26.151289542259445,4
2026-09-14 14:30:00+00:00,2026-09-14 14:35:00+00:00,2026-09-14 16:15:00+00:00,SHORT,78594.5,78830.28349999999,78830.28349999999,78122.933,STOP,-0.0029910269192421346,-0.004391026919242135,-0.11483101635295655,26.03645852590649,21
2026-09-14 16:50:00+00:00,2026-09-14 16:55:00+00:00,2026-09-14 18:15:00+00:00,SHORT,78832.1,79068.59629999999,79068.59629999999,78359.10740000001,STOP,-0.0029910269192420236,-0.004391026919242024,-0.1143267902689839,25.922131735637507,17
2026-09-14 18:20:00+00:00,2026-09-14 18:25:00+00:00,2026-09-14 20:15:00+00:00,SHORT,79202.4,79440.0072,79440.0072,78727.1856,STOP,-0.0029910269192422456,-0.004391026919242246,-0.11382477825532801,25.80830695738218,23
2026-09-14 20:20:00+00:00,2026-09-14 20:25:00+00:00,2026-09-14 21:00:00+00:00,SHORT,79436.2,78959.5828,79674.50859999999,78959.5828,TARGET,0.006036217303822866,0.004636217303822866,0.11965291929818732,25.927959876680365,8
2026-09-14 22:25:00+00:00,2026-09-14 22:30:00+00:00,2026-09-14 23:30:00+00:00,LONG,78587.4,78351.6378,78351.6378,79058.92439999999,STOP,-0.0030000000000000027,-0.004400000000000003,-0.11408302345739368,25.813876853222972,13
2026-09-14 23:45:00+00:00,2026-09-14 23:50:00+00:00,2026-09-15 00:20:00+00:00,LONG,78286.7,78051.83989999999,78051.83989999999,78756.4202,STOP,-0.0030000000000001137,-0.004400000000000114,-0.11358105815418401,25.700295795068786,7
2026-09-15 01:00:00+00:00,2026-09-15 01:05:00+00:00,2026-09-15 04:25:00+00:00,LONG,77833.7,77600.1989,77600.1989,78300.7022,STOP,-0.0029999999999998916,-0.004399999999999892,-0.11308130149829988,25.587214493570485,41
2026-09-15 05:10:00+00:00,2026-09-15 05:15:00+00:00,2026-09-15 06:55:00+00:00,LONG,77422.7,77190.4319,77190.4319,77887.2362,STOP,-0.0030000000000000027,-0.004400000000000003,-0.11258374377171021,25.474630749798774,21
2026-09-15 07:30:00+00:00,2026-09-15 07:35:00+00:00,2026-09-15 07:55:00+00:00,LONG,77114.0,76882.658,76882.658,77576.684,STOP,-0.0030000000000000027,-0.004400000000000003,-0.11208837529911468,25.362542374499657,5
2026-09-15 08:05:00+00:00,2026-09-15 08:10:00+00:00,2026-09-15 12:05:00+00:00,LONG,76778.6,76857.4,76548.2642,77239.27160000001,TIME,0.0010263276485893424,-0.00037367235141065754,-0.009477280846831729,25.353065093652827,48
2026-09-15 12:50:00+00:00,2026-09-15 12:55:00+00:00,2026-09-15 13:35:00+00:00,SHORT,77115.7,76653.0058,77347.04709999998,76653.0058,TARGET,0.006036217303822866,0.004636217303822866,0.11754231909214072,25.470607412744968,9
2026-09-15 13:40:00+00:00,2026-09-15 13:45:00+00:00,2026-09-15 13:50:00+00:00,LONG,76433.9,76204.5983,76204.5983,76892.5034,STOP,-0.0030000000000000027,-0.004400000000000003,-0.11207067261607793,25.35853674012889,2
2026-09-15 13:55:00+00:00,2026-09-15 14:00:00+00:00,2026-09-15 14:05:00+00:00,LONG,76620.6,76390.7382,76390.7382,77080.3236,STOP,-0.0030000000000000027,-0.004400000000000003,-0.1115775616565672,25.246959178472324,2
2026-09-15 14:30:00+00:00,2026-09-15 14:35:00+00:00,2026-09-15 14:35:00+00:00,LONG,76170.5,75941.9885,75941.9885,76627.523,STOP,-0.0029999999999998916,-0.004399999999999892,-0.11108662038527549,25.135872558087048,1
2026-09-15 14:40:00+00:00,2026-09-15 14:45:00+00:00,2026-09-15 14:50:00+00:00,LONG,75908.9,75681.1733,75681.1733,76364.35339999999,STOP,-0.0030000000000000027,-0.004400000000000003,-0.11059783925558309,25.025274718831465,2
2026-09-15 17:30:00+00:00,2026-09-15 17:35:00+00:00,2026-09-15 17:35:00+00:00,SHORT,76930.0,77160.79,77160.79,76468.42,STOP,-0.0029910269192422456,-0.004391026919242246,-0.10988665495182139,24.915388063879643,1
2026-09-15 18:15:00+00:00,2026-09-15 18:20:00+00:00,2026-09-15 18:25:00+00:00,SHORT,76649.9,76879.84969999999,76879.84969999999,76190.0006,STOP,-0.0029910269192422456,-0.004391026919242246,-0.10940413969186245,24.80598392418778,2
2026-09-15 18:35:00+00:00,2026-09-15 18:40:00+00:00,2026-09-15 18:40:00+00:00,LONG,76347.5,76118.4575,76118.4575,76805.585,STOP,-0.0029999999999998916,-0.004399999999999892,-0.10914632926642355,24.69683759492136,1
2026-09-15 18:45:00+00:00,2026-09-15 18:50:00+00:00,2026-09-15 18:50:00+00:00,LONG,75052.1,75502.41260000001,74826.9437,75502.41260000001,TARGET,0.006000000000000005,0.004600000000000005,0.11360545293663837,24.810443047857998,1
2026-09-15 21:50:00+00:00,2026-09-15 21:55:00+00:00,2026-09-15 22:10:00+00:00,LONG,75576.6,75349.8702,75349.8702,76030.05960000001,STOP,-0.0030000000000000027,-0.004400000000000003,-0.10916594941057527,24.701277098447424,4
2026-09-15 22:15:00+00:00,2026-09-15 22:20:00+00:00,2026-09-15 22:35:00+00:00,LONG,75199.8,75650.9988,74974.2006,75650.9988,TARGET,0.006000000000000005,0.004600000000000005,0.11362587465285827,24.81490297310028,4
2026-09-15 23:05:00+00:00,2026-09-15 23:10:00+00:00,2026-09-16 02:35:00+00:00,SHORT,75839.8,76067.3194,76067.3194,75384.76120000001,STOP,-0.0029910269192421346,-0.004391026919242135,-0.10896290695326502,24.705940066147015,42
2026-09-16 05:00:00+00:00,2026-09-16 05:05:00+00:00,2026-09-16 08:05:00+00:00,LONG,75728.3,75501.1151,75501.1151,76182.6698,STOP,-0.0030000000000001137,-0.004400000000000114,-0.10870613629104968,24.597233929855964,37
2026-09-16 11:40:00+00:00,2026-09-16 11:45:00+00:00,2026-09-16 13:00:00+00:00,SHORT,76235.2,75777.7888,76463.90559999998,75777.7888,TARGET,0.006036217303822866,0.004636217303822866,0.11403812157177713,24.71127205142774,16
2026-09-16 13:25:00+00:00,2026-09-16 13:30:00+00:00,2026-09-16 14:00:00+00:00,LONG,75771.1,75543.78670000001,75543.78670000001,76225.72660000001,STOP,-0.0029999999999998916,-0.004399999999999892,-0.10872959702627939,24.602542454401462,7
2026-09-16 15:45:00+00:00,2026-09-16 15:50:00+00:00,2026-09-16 17:45:00+00:00,SHORT,75825.3,75370.34820000001,76052.7759,75370.34820000001,TARGET,0.006036217303822866,0.004636217303822866,0.11406273304513274,24.716605187446596,24
2026-09-16 18:05:00+00:00,2026-09-16 18:10:00+00:00,2026-09-16 18:10:00+00:00,SHORT,76220.6,75763.2764,76449.2618,75763.2764,TARGET,0.006036217303823088,0.004636217303823088,0.1145915526618034,24.8311967401084,1
2026-09-16 18:15:00+00:00,2026-09-16 18:20:00+00:00,2026-09-16 18:35:00+00:00,SHORT,75942.3,75486.6462,76170.12689999999,75486.6462,TARGET,0.006036217303822866,0.004636217303822866,0.1151228240011205,24.94631956410952,4
2026-09-16 20:00:00+00:00,2026-09-16 20:05:00+00:00,2026-09-16 22:00:00+00:00,SHORT,76272.1,75814.46740000001,76500.9163,75814.46740000001,TARGET,0.006036217303822866,0.004636217303822866,0.11565655842981945,25.06197612253934,24
2026-09-16 22:05:00+00:00,2026-09-16 22:10:00+00:00,2026-09-16 23:40:00+00:00,LONG,75763.6,76218.18160000001,75536.3092,76218.18160000001,TARGET,0.006000000000000005,0.004600000000000005,0.11528509016368109,25.17726121270302,19
2026-09-16 23:45:00+00:00,2026-09-16 23:50:00+00:00,2026-09-17 00:15:00+00:00,SHORT,76229.9,76458.58969999998,76458.58969999998,75772.52059999999,STOP,-0.0029910269192421346,-0.004391026919242135,-0.11055403173776983,25.06670718096525,6
2026-09-17 01:25:00+00:00,2026-09-17 01:30:00+00:00,2026-09-17 02:05:00+00:00,SHORT,76622.7,76162.9638,76852.56809999999,76162.9638,TARGET,0.006036217303822866,0.004636217303822866,0.11621470158225199,25.1829218825475,8
2026-09-17 03:05:00+00:00,2026-09-17 03:10:00+00:00,2026-09-17 07:05:00+00:00,SHORT,76442.8,76672.1284,76672.1284,75984.1432,STOP,-0.0029910269192422456,-0.004391026919242246,-0.11057888789144069,25.072342994656058,48
2026-09-17 09:05:00+00:00,2026-09-17 09:10:00+00:00,2026-09-17 11:40:00+00:00,SHORT,76655.0,76195.06999999999,76884.965,76195.06999999999,TARGET,0.006036217303823088,0.004636217303823088,0.11624083043921199,25.18858382509527,31
2026-09-17 12:05:00+00:00,2026-09-17 12:10:00+00:00,2026-09-17 12:10:00+00:00,SHORT,76562.1,76791.78629999999,76791.78629999999,76102.7274,STOP,-0.0029910269192421346,-0.004391026919242135,-0.11060374963358036,25.077980075461692,1
2026-09-17 12:15:00+00:00,2026-09-17 12:20:00+00:00,2026-09-17 13:25:00+00:00,SHORT,76955.5,76493.76699999999,77186.36649999999,76493.76699999999,TARGET,0.006036217303823088,0.004636217303823088,0.11626696517078612,25.19424704063248,14
2026-09-17 13:30:00+00:00,2026-09-17 13:35:00+00:00,2026-09-17 13:35:00+00:00,LONG,76361.6,76132.51520000001,76132.51520000001,76819.7696,STOP,-0.0030000000000000027,-0.004400000000000003,-0.11085468697878298,25.083392353653696,1
2026-09-17 13:40:00+00:00,2026-09-17 13:45:00+00:00,2026-09-17 13:50:00+00:00,LONG,76154.9,76611.82939999999,75926.4353,76611.82939999999,TARGET,0.006000000000000005,0.004600000000000005,0.11538360482680714,25.198775958480503,2
2026-09-17 14:10:00+00:00,2026-09-17 14:15:00+00:00,2026-09-17 15:00:00+00:00,SHORT,76957.2,76495.4568,77188.0716,76495.4568,TARGET,0.006036217303822866,0.004636217303822866,0.11682700113386293,25.315602959614367,10
2026-09-17 16:15:00+00:00,2026-09-17 16:20:00+00:00,2026-09-17 17:20:00+00:00,SHORT,76712.6,76942.7378,76942.7378,76252.32440000001,STOP,-0.0029910269192422456,-0.004391026919242246,-0.11116149407251535,25.20444146554185,13
2026-09-17 18:35:00+00:00,2026-09-17 18:40:00+00:00,2026-09-17 22:35:00+00:00,LONG,76472.6,76432.0,76243.18220000001,76931.43560000001,TIME,-0.0005309091099297003,-0.0019309091099297003,-0.048667485636504644,25.155773979905348,48
2026-09-18 02:30:00+00:00,2026-09-18 02:35:00+00:00,2026-09-18 03:10:00+00:00,SHORT,77024.4,77255.4732,77255.4732,76562.2536,STOP,-0.0029910269192422456,-0.004391026919242246,-0.11045968072013802,25.04531429918521,8
2026-09-18 03:15:00+00:00,2026-09-18 03:20:00+00:00,2026-09-18 05:00:00+00:00,SHORT,77433.2,77665.4996,77665.4996,76968.6008,STOP,-0.0029910269192422456,-0.004391026919242246,-0.10997464928860501,24.935339649896605,21
2026-09-18 05:25:00+00:00,2026-09-18 05:30:00+00:00,2026-09-18 07:30:00+00:00,SHORT,77604.8,77837.61439999999,77837.61439999999,77139.1712,STOP,-0.0029910269192421346,-0.004391026919242135,-0.10949174764314173,24.825847902253464,25
2026-09-18 07:40:00+00:00,2026-09-18 07:45:00+00:00,2026-09-18 08:20:00+00:00,SHORT,77821.3,78054.76389999999,78054.76389999999,77354.3722,STOP,-0.0029910269192421346,-0.004391026919242135,-0.10901096643180584,24.716836935821657,8
2026-09-18 08:55:00+00:00,2026-09-18 09:00:00+00:00,2026-09-18 12:55:00+00:00,SHORT,78257.2,78049.9,78491.97159999999,77787.6568,TIME,0.0026559931530982794,0.0012559931530982794,0.03104417795763866,24.747881113779297,48
2026-09-18 13:30:00+00:00,2026-09-18 13:35:00+00:00,2026-09-18 13:35:00+00:00,SHORT,78388.2,78623.36459999999,78623.36459999999,77917.87079999999,STOP,-0.0029910269192421346,-0.004391026919242135,-0.10866861216480891,24.639212501614487,1
2026-09-18 13:40:00+00:00,2026-09-18 13:45:00+00:00,2026-09-18 13:45:00+00:00,SHORT,79299.0,79536.897,79536.897,78823.206,STOP,-0.0029910269192422456,-0.004391026919242246,-0.1081914453635193,24.531021056250967,1
2026-09-18 13:50:00+00:00,2026-09-18 13:55:00+00:00,2026-09-18 14:00:00+00:00,SHORT,80043.8,80283.9314,80283.9314,79563.5372,STOP,-0.0029910269192422456,-0.004391026919242246,-0.10771637381449635,24.42330468243647,2
2026-09-18 14:05:00+00:00,2026-09-18 14:10:00+00:00,2026-09-18 14:15:00+00:00,SHORT,80210.7,80451.33209999999,80451.33209999999,79729.43579999999,STOP,-0.0029910269192421346,-0.004391026919242135,-0.10724338831743102,24.316061294119038,2
2026-09-18 14:20:00+00:00,2026-09-18 14:25:00+00:00,2026-09-18 16:30:00+00:00,SHORT,80966.5,81209.39949999998,81209.39949999998,80480.701,STOP,-0.0029910269192421346,-0.004391026919242135,-0.10677247971241843,24.20928881440662,26
2026-09-18 18:30:00+00:00,2026-09-18 18:35:00+00:00,2026-09-18 19:15:00+00:00,SHORT,81044.7,81287.8341,81287.8341,80558.43179999999,STOP,-0.0029910269192422456,-0.004391026919242246,-0.10630363887976967,24.10298517552685,9
2026-09-18 19:20:00+00:00,2026-09-18 19:25:00+00:00,2026-09-18 23:20:00+00:00,SHORT,81151.4,81060.1,81394.85419999999,80664.4916,TIME,0.001126324788644384,-0.0002736752113556161,-0.006596389562213592,24.09638878596464,48
2026-09-18 23:40:00+00:00,2026-09-18 23:45:00+00:00,2026-09-19 00:50:00+00:00,LONG,80908.0,81393.448,80665.276,81393.448,TARGET,0.006000000000000005,0.004600000000000005,0.11084338841543746,24.207232174380074,14
2026-09-19 00:55:00+00:00,2026-09-19 01:00:00+00:00,2026-09-19 01:15:00+00:00,SHORT,81673.2,81183.1608,81918.21959999998,81183.1608,TARGET,0.006036217303822866,0.004636217303822866,0.11222998868451851,24.319462163064593,4
2026-09-19 04:35:00+00:00,2026-09-19 04:40:00+00:00,2026-09-19 08:35:00+00:00,LONG,80934.1,81342.7,80691.29770000001,81419.70460000001,TIME,0.005048551846502214,0.0036485518465022137,0.08873081858099004,24.408192981645584,48
2026-09-19 14:15:00+00:00,2026-09-19 14:20:00+00:00,2026-09-19 15:05:00+00:00,SHORT,81480.4,81724.84119999998,81724.84119999998,80991.51759999999,STOP,-0.0029910269192421346,-0.004391026919242135,-0.10717703243246271,24.30101594921312,10
2026-09-19 15:10:00+00:00,2026-09-19 15:15:00+00:00,2026-09-19 15:40:00+00:00,SHORT,81707.3,81952.4219,81952.4219,81217.0562,STOP,-0.0029910269192422456,-0.004391026919242246,-0.10670641519792996,24.19430953401519,6
2026-09-19 16:00:00+00:00,2026-09-19 16:05:00+00:00,2026-09-19 20:00:00+00:00,LONG,81492.9,81404.7,81248.42129999999,81981.8574,TIME,-0.0010823028754651798,-0.00248230287546518,-0.060057604126180525,24.13425192988901,48
2026-09-19 20:50:00+00:00,2026-09-19 20:55:00+00:00,2026-09-19 21:20:00+00:00,LONG,81151.4,80907.94579999999,80907.94579999999,81638.3084,STOP,-0.0030000000000001137,-0.004400000000000114,-0.1061907084915144,24.028061221397497,6
2026-09-20 01:45:00+00:00,2026-09-20 01:50:00+00:00,2026-09-20 02:40:00+00:00,LONG,81076.2,80832.9714,80832.9714,81562.6572,STOP,-0.0030000000000000027,-0.004400000000000003,-0.10572346937414906,23.92233775202335,11
2026-09-20 02:45:00+00:00,2026-09-20 02:50:00+00:00,2026-09-20 02:55:00+00:00,LONG,80577.9,80336.1663,80336.1663,81061.36739999999,STOP,-0.0030000000000000027,-0.004400000000000003,-0.10525828610890281,23.817079465914446,2
2026-09-20 03:00:00+00:00,2026-09-20 03:05:00+00:00,2026-09-20 07:00:00+00:00,LONG,80370.2,80301.4,80129.0894,80852.4212,TIME,-0.0008560386810037013,-0.0022560386810037015,-0.05373225254364197,23.763347213370803,48
2026-09-20 09:40:00+00:00,2026-09-20 09:45:00+00:00,2026-09-20 13:40:00+00:00,SHORT,80559.2,80562.1,80800.87759999999,80075.84479999999,TIME,-3.599707554802212e-05,-0.001435997075548022,-0.03412409710363271,23.72922311626717,48
2026-09-20 15:05:00+00:00,2026-09-20 15:10:00+00:00,2026-09-20 16:05:00+00:00,SHORT,80841.6,81084.12479999999,81084.12479999999,80356.55040000001,STOP,-0.0029910269192421346,-0.004391026919242135,-0.10419565747623188,23.62502745879094,12
2026-09-20 16:35:00+00:00,2026-09-20 16:40:00+00:00,2026-09-20 20:35:00+00:00,SHORT,81354.8,81138.9,81598.86439999999,80866.6712,TIME,0.002660869200839633,0.0012608692008396329,0.029788069491780114,23.654815528282718,48
2026-09-20 21:00:00+00:00,2026-09-20 21:05:00+00:00,2026-09-20 21:10:00+00:00,LONG,80883.4,80640.74979999999,80640.74979999999,81368.7004,STOP,-0.0030000000000000027,-0.004400000000000003,-0.10408118832444403,23.550734339958275,2
2026-09-20 22:05:00+00:00,2026-09-20 22:10:00+00:00,2026-09-21 00:05:00+00:00,SHORT,81188.7,81432.2661,81432.2661,80701.56779999999,STOP,-0.0029910269192422456,-0.004391026919242246,-0.10341190845467955,23.447322431503597,24
2026-09-21 00:10:00+00:00,2026-09-21 00:15:00+00:00,2026-09-21 01:20:00+00:00,SHORT,81685.0,81930.055,81930.055,81194.89,STOP,-0.0029910269192421346,-0.004391026919242135,-0.10295782398088224,23.344364607522714,14
2026-09-21 01:50:00+00:00,2026-09-21 01:55:00+00:00,2026-09-21 02:15:00+00:00,LONG,80934.6,81420.20760000001,80691.79620000001,81420.20760000001,TARGET,0.006000000000000005,0.004600000000000005,0.1073840771946046,23.45174868471732,5
2026-09-21 04:30:00+00:00,2026-09-21 04:35:00+00:00,2026-09-21 06:15:00+00:00,LONG,81330.6,81818.58360000001,81086.6082,81818.58360000001,TARGET,0.006000000000000005,0.004600000000000005,0.10787804394969978,23.55962672866702,21
2026-09-21 07:30:00+00:00,2026-09-21 07:35:00+00:00,2026-09-21 08:20:00+00:00,LONG,81512.0,82001.072,81267.46399999999,82001.072,TARGET,0.006000000000000005,0.004600000000000005,0.1083742829518684,23.668001011618887,10
2026-09-21 08:25:00+00:00,2026-09-21 08:30:00+00:00,2026-09-21 08:30:00+00:00,SHORT,82245.6,82492.33679999999,82492.33679999999,81752.12640000001,STOP,-0.0029910269192421346,-0.004391026919242135,-0.10392682956666861,23.56407418205222,1
2026-09-21 08:35:00+00:00,2026-09-21 08:40:00+00:00,2026-09-21 08:40:00+00:00,SHORT,83509.9,83760.42969999998,83760.42969999998,83008.8406,STOP,-0.0029910269192421346,-0.004391026919242135,-0.10347048406040989,23.46060369799181,1
2026-09-21 08:45:00+00:00,2026-09-21 08:50:00+00:00,2026-09-21 09:05:00+00:00,SHORT,83765.2,84016.4956,84016.4956,83262.6088,STOP,-0.0029910269192422456,-0.004391026919242246,-0.10301614237955622,23.357587555612255,4
2026-09-21 09:25:00+00:00,2026-09-21 09:30:00+00:00,2026-09-21 09:30:00+00:00,SHORT,84444.7,84698.03409999999,84698.03409999999,83938.0318,STOP,-0.0029910269192421346,-0.004391026919242135,-0.10256379572524851,23.255023759887006,1
2026-09-21 09:35:00+00:00,2026-09-21 09:40:00+00:00,2026-09-21 10:25:00+00:00,SHORT,84905.0,84395.56999999999,85159.715,84395.56999999999,TARGET,0.006036217303823088,0.004636217303823088,0.10781534355640518,23.362839103443413,10
2026-09-21 12:00:00+00:00,2026-09-21 12:05:00+00:00,2026-09-21 12:15:00+00:00,SHORT,84980.0,85234.93999999999,85234.93999999999,84470.12,STOP,-0.0029910269192421346,-0.004391026919242135,-0.1025868554131428,23.26025224803027,3
2026-09-21 12:20:00+00:00,2026-09-21 12:25:00+00:00,2026-09-21 13:45:00+00:00,SHORT,85225.4,85481.07619999998,85481.07619999998,84714.04759999999,STOP,-0.0029910269192421346,-0.004391026919242135,-0.10213639376946329,23.158115854260807,17
2026-09-21 14:30:00+00:00,2026-09-21 14:35:00+00:00,2026-09-21 15:05:00+00:00,SHORT,85999.9,86257.89969999998,86257.89969999998,85483.9006,STOP,-0.0029910269192421346,-0.004391026919242135,-0.10168791011498726,23.05642794414582,7
2026-09-21 19:15:00+00:00,2026-09-21 19:20:00+00:00,2026-09-21 19:30:00+00:00,SHORT,86318.0,86576.954,86576.954,85800.092,STOP,-0.0029910269192422456,-0.004391026919242246,-0.10124139576431344,22.95518654838151,3
2026-09-21 19:35:00+00:00,2026-09-21 19:40:00+00:00,2026-09-21 20:15:00+00:00,SHORT,86600.4,86860.20119999998,86860.20119999998,86080.79759999999,STOP,-0.0029910269192421346,-0.004391026919242135,-0.10079684207016815,22.85438970631134,8
2026-09-21 20:25:00+00:00,2026-09-21 20:30:00+00:00,2026-09-21 21:00:00+00:00,SHORT,87284.7,86760.9918,87546.5541,86760.9918,TARGET,0.006036217303822866,0.004636217303822866,0.10595791702471183,22.96034762333605,7
2026-09-22 00:05:00+00:00,2026-09-22 00:10:00+00:00,2026-09-22 00:55:00+00:00,LONG,86337.7,86078.6869,86078.6869,86855.7262,STOP,-0.0030000000000000027,-0.004400000000000003,-0.1010255295426787,22.859322093793374,10
2026-09-22 01:00:00+00:00,2026-09-22 01:05:00+00:00,2026-09-22 01:15:00+00:00,LONG,85693.6,85436.51920000001,85436.51920000001,86207.76160000001,STOP,-0.0030000000000000027,-0.004400000000000003,-0.10058101721269092,22.758741076580684,3
2026-09-22 02:10:00+00:00,2026-09-22 02:15:00+00:00,2026-09-22 03:20:00+00:00,LONG,85604.3,85347.4871,85347.4871,86117.9258,STOP,-0.0030000000000000027,-0.004400000000000003,-0.10013846073695508,22.65860261584373,14
2026-09-22 03:50:00+00:00,2026-09-22 03:55:00+00:00,2026-09-22 05:15:00+00:00,LONG,85519.2,85262.6424,85262.6424,86032.3152,STOP,-0.0030000000000000027,-0.004400000000000003,-0.09969785150971247,22.558904764334017,17
2026-09-22 05:25:00+00:00,2026-09-22 05:30:00+00:00,2026-09-22 08:35:00+00:00,LONG,85212.4,85723.67439999999,84956.7628,85723.67439999999,TARGET,0.006000000000000005,0.004600000000000005,0.10377096191593659,22.662675726249955,38
2026-09-22 08:45:00+00:00,2026-09-22 08:50:00+00:00,2026-09-22 09:05:00+00:00,SHORT,86200.0,85682.8,86458.59999999999,85682.8,TARGET,0.006036217303822866,0.004636217303822866,0.10506908935296648,22.76774481560292,4
2026-09-22 11:05:00+00:00,2026-09-22 11:10:00+00:00,2026-09-22 13:55:00+00:00,LONG,85810.5,86325.363,85553.0685,86325.363,TARGET,0.006000000000000005,0.004600000000000005,0.10473162615177355,22.872476441754696,34
2026-09-22 14:10:00+00:00,2026-09-22 14:15:00+00:00,2026-09-22 14:30:00+00:00,SHORT,86361.8,85843.6292,86620.8854,85843.6292,TARGET,0.006036217303823088,0.004636217303823088,0.10604177106054906,22.978518212815246,4
2026-09-22 15:40:00+00:00,2026-09-22 15:45:00+00:00,2026-09-22 19:40:00+00:00,SHORT,86554.6,86383.5,86814.2638,86035.2724,TIME,0.001980702333200357,0.0005807023332003571,0.013343679139668711,22.991861891954915,48
2026-09-22 22:00:00+00:00,2026-09-22 22:05:00+00:00,2026-09-23 01:00:00+00:00,LONG,86107.9,86624.5474,85849.5763,86624.5474,TARGET,0.006000000000000005,0.004600000000000005,0.10576256470299272,23.097624456657908,36
2026-09-23 01:05:00+00:00,2026-09-23 01:10:00+00:00,2026-09-23 03:40:00+00:00,SHORT,86619.1,86878.9573,86878.9573,86099.3854,STOP,-0.0029910269192421346,-0.004391026919242135,-0.10142229075973036,22.99620216589818,31
2026-09-23 04:10:00+00:00,2026-09-23 04:15:00+00:00,2026-09-23 04:20:00+00:00,SHORT,86847.9,87108.44369999999,87108.44369999999,86326.81259999999,STOP,-0.0029910269192422456,-0.004391026919242246,-0.10097694275079575,22.895225223147385,2
2026-09-23 04:25:00+00:00,2026-09-23 04:30:00+00:00,2026-09-23 04:30:00+00:00,SHORT,87015.1,87276.14529999999,87276.14529999999,86493.00940000001,STOP,-0.0029910269192421346,-0.004391026919242135,-0.10053355027695168,22.79469167287043,1
2026-09-23 05:00:00+00:00,2026-09-23 05:05:00+00:00,2026-09-23 05:55:00+00:00,SHORT,86977.2,86455.33679999999,87238.1316,86455.33679999999,TARGET,0.006036217303823088,0.004636217303823088,0.10568114396907395,22.900372816839507,11
2026-09-23 07:30:00+00:00,2026-09-23 07:35:00+00:00,2026-09-23 07:40:00+00:00,LONG,86266.7,86007.8999,86007.8999,86784.3002,STOP,-0.0029999999999998916,-0.004399999999999892,-0.10076164039409136,22.799611176445417,2
2026-09-23 07:45:00+00:00,2026-09-23 07:50:00+00:00,2026-09-23 08:45:00+00:00,LONG,86132.8,85874.4016,85874.4016,86649.5968,STOP,-0.0030000000000001137,-0.004400000000000114,-0.10031828917636243,22.699292887269056,12
2026-09-23 08:50:00+00:00,2026-09-23 08:55:00+00:00,2026-09-23 11:25:00+00:00,LONG,85733.7,85476.49889999999,85476.49889999999,86248.1022,STOP,-0.0030000000000001137,-0.004400000000000114,-0.09987688870398644,22.59941599856507,31
2026-09-23 12:00:00+00:00,2026-09-23 12:05:00+00:00,2026-09-23 14:10:00+00:00,LONG,85481.6,85225.15520000001,85225.15520000001,85994.4896,STOP,-0.0030000000000000027,-0.004400000000000003,-0.09943743039368638,22.499978568171386,26
2026-09-23 14:15:00+00:00,2026-09-23 14:20:00+00:00,2026-09-23 14:20:00+00:00,LONG,84356.5,84103.4305,84103.4305,84862.639,STOP,-0.0030000000000000027,-0.004400000000000003,-0.09899990569995416,22.40097866247143,1
2026-09-23 14:25:00+00:00,2026-09-23 14:30:00+00:00,2026-09-23 14:50:00+00:00,LONG,84039.3,84543.5358,83787.1821,84543.5358,TARGET,0.006000000000000005,0.004600000000000005,0.1030445018473687,22.5040231643188,5
2026-09-23 16:00:00+00:00,2026-09-23 16:05:00+00:00,2026-09-23 19:20:00+00:00,LONG,83912.5,84415.975,83660.7625,84415.975,TARGET,0.006000000000000005,0.004600000000000005,0.10351850655586659,22.607541670874664,40
2026-09-23 19:35:00+00:00,2026-09-23 19:40:00+00:00,2026-09-23 23:35:00+00:00,SHORT,84444.0,84534.5,84697.332,83937.336,TIME,-0.001070568821013862,-0.002470568821013862,-0.05585348757183458,22.55168818330283,48
2026-09-24 02:05:00+00:00,2026-09-24 02:10:00+00:00,2026-09-24 02:40:00+00:00,LONG,83802.3,84305.1138,83550.8931,84305.1138,TARGET,0.006000000000000005,0.004600000000000005,0.10373776564319313,22.65542594894602,7
2026-09-24 04:10:00+00:00,2026-09-24 04:15:00+00:00,2026-09-24 05:05:00+00:00,LONG,83829.9,84332.87939999999,83578.41029999999,84332.87939999999,TARGET,0.006000000000000005,0.004600000000000005,0.10421495936515182,22.759640908311173,11
2026-09-24 05:40:00+00:00,2026-09-24 05:45:00+00:00,2026-09-24 07:30:00+00:00,SHORT,84196.1,84448.6883,84448.6883,83690.9234,STOP,-0.0029910269192421346,-0.004391026919242135,-0.09993819590067887,22.659702712410493,22
2026-09-24 07:40:00+00:00,2026-09-24 07:45:00+00:00,2026-09-24 08:25:00+00:00,SHORT,84431.2,83924.6128,84684.49359999999,83924.6128,TARGET,0.006036217303822866,0.004636217303822866,0.10505530581475946,22.76475801822525,9
2026-09-24 08:45:00+00:00,2026-09-24 08:50:00+00:00,2026-09-24 09:30:00+00:00,LONG,83302.9,83052.9913,83052.9913,83802.7174,STOP,-0.0030000000000000027,-0.004400000000000003,-0.10016493528019117,22.66459308294506,9
2026-09-24 09:35:00+00:00,2026-09-24 09:40:00+00:00,2026-09-24 13:00:00+00:00,LONG,83219.8,83719.1188,82970.1406,83719.1188,TARGET,0.006000000000000005,0.004600000000000005,0.10425712818154739,22.76885021112661,41
2026-09-24 13:10:00+00:00,2026-09-24 13:15:00+00:00,2026-09-24 13:30:00+00:00,SHORT,83758.3,84009.57489999999,84009.57489999999,83255.75020000001,STOP,-0.0029910269192421346,-0.004391026919242135,-0.0999786341972489,22.66887157692936,4
2026-09-24 13:35:00+00:00,2026-09-24 13:40:00+00:00,2026-09-24 14:25:00+00:00,SHORT,84253.1,84505.8593,84505.8593,83747.58140000001,STOP,-0.0029910269192421346,-0.004391026919242135,-0.09953962532313972,22.56933195160622,10
2026-09-24 14:50:00+00:00,2026-09-24 14:55:00+00:00,2026-09-24 15:00:00+00:00,LONG,83769.1,83517.7927,83517.7927,84271.7146,STOP,-0.0030000000000000027,-0.004400000000000003,-0.09930506058706744,22.470026891019153,2
2026-09-24 16:15:00+00:00,2026-09-24 16:20:00+00:00,2026-09-24 16:40:00+00:00,SHORT,84555.8,84809.4674,84809.4674,84048.4652,STOP,-0.0029910269192421346,-0.004391026919242135,-0.09866649295455976,22.371360398064592,5
2026-09-24 18:00:00+00:00,2026-09-24 18:05:00+00:00,2026-09-24 18:25:00+00:00,LONG,83955.3,84459.0318,83703.4341,84459.0318,TARGET,0.006000000000000005,0.004600000000000005,0.10290825783109724,22.47426865589569,5
2026-09-24 18:35:00+00:00,2026-09-24 18:40:00+00:00,2026-09-24 22:15:00+00:00,SHORT,84453.1,83946.3814,84706.4593,83946.3814,TARGET,0.006036217303823088,0.004636217303823088,0.10419559323323245,22.57846424912892,44
2026-09-24 22:20:00+00:00,2026-09-24 22:25:00+00:00,2026-09-25 00:05:00+00:00,LONG,84155.5,84660.433,83903.0335,84660.433,TARGET,0.006000000000000005,0.004600000000000005,0.10386093554599315,22.682325184674912,21
2026-09-25 00:10:00+00:00,2026-09-25 00:15:00+00:00,2026-09-25 03:25:00+00:00,SHORT,84658.9,84150.9466,84912.87669999998,84150.9466,TARGET,0.006036217303822866,0.004636217303822866,0.10516018851212701,22.78748537318704,39
2026-09-25 04:10:00+00:00,2026-09-25 04:15:00+00:00,2026-09-25 07:05:00+00:00,LONG,84068.1,83815.89570000001,83815.89570000001,84572.5086,STOP,-0.0030000000000000027,-0.004400000000000003,-0.10026493564202303,22.687220437545015,35
2026-09-25 07:30:00+00:00,2026-09-25 07:35:00+00:00,2026-09-25 08:20:00+00:00,LONG,83853.9,84357.02339999999,83602.33829999999,84357.02339999999,TARGET,0.006000000000000005,0.004600000000000005,0.10436121401270719,22.791581651557724,10
2026-09-25 08:25:00+00:00,2026-09-25 08:30:00+00:00,2026-09-25 09:05:00+00:00,SHORT,84423.1,84676.36929999999,84676.36929999999,83916.5614,STOP,-0.0029910269192421346,-0.004391026919242135,-0.10007844856409508,22.69150320299363,8
2026-09-25 09:15:00+00:00,2026-09-25 09:20:00+00:00,2026-09-25 09:30:00+00:00,SHORT,84602.9,84856.70869999999,84856.70869999999,84095.28259999999,STOP,-0.0029910269192422456,-0.004391026919242246,-0.09963900140241667,22.591864201591214,3
2026-09-25 11:05:00+00:00,2026-09-25 11:10:00+00:00,2026-09-25 12:10:00+00:00,SHORT,85090.7,84580.1558,85345.97209999998,84580.1558,TARGET,0.006036217303823088,0.004636217303823088,0.10474079173703855,22.696604993328254,13
2026-09-25 12:15:00+00:00,2026-09-25 12:20:00+00:00,2026-09-25 12:30:00+00:00,LONG,84000.0,84504.0,83748.0,84504.0,TARGET,0.006000000000000005,0.004600000000000005,0.10440438296931008,22.801009376297564,3
2026-09-25 13:30:00+00:00,2026-09-25 13:35:00+00:00,2026-09-25 13:45:00+00:00,LONG,84052.9,83800.7413,83800.7413,84557.2174,STOP,-0.0030000000000000027,-0.004400000000000003,-0.10032444125570934,22.700684935041856,3
2026-09-25 13:50:00+00:00,2026-09-25 13:55:00+00:00,2026-09-25 14:00:00+00:00,LONG,84088.3,83836.03510000001,83836.03510000001,84592.8298,STOP,-0.0029999999999998916,-0.004399999999999892,-0.0998830137141817,22.600801921327676,2
2026-09-25 14:05:00+00:00,2026-09-25 14:10:00+00:00,2026-09-25 14:55:00+00:00,LONG,83465.6,83966.39360000001,83215.2032,83966.39360000001,TARGET,0.006000000000000005,0.004600000000000005,0.10396368883810743,22.704765610165783,10
2026-09-25 15:35:00+00:00,2026-09-25 15:40:00+00:00,2026-09-25 16:00:00+00:00,LONG,83487.3,83988.2238,83236.83810000001,83988.2238,TARGET,0.006000000000000005,0.004600000000000005,0.10444192180676272,22.809207531972547,5
2026-09-25 18:55:00+00:00,2026-09-25 19:00:00+00:00,2026-09-25 22:55:00+00:00,SHORT,83969.0,84073.2,84220.90699999999,83465.186,TIME,-0.0012393961452638047,-0.002639396145263805,-0.060202534436410486,22.749004997536137,48
2026-09-25 23:25:00+00:00,2026-09-25 23:30:00+00:00,2026-09-26 03:25:00+00:00,SHORT,84094.3,84018.8,84346.5829,83589.7342,TIME,0.0008986084066899824,-0.0005013915933100176,-0.011406159861932195,22.737598837674206,48
2026-09-26 07:50:00+00:00,2026-09-26 07:55:00+00:00,2026-09-26 11:50:00+00:00,SHORT,84092.5,84182.4,84344.7775,83587.94499999999,TIME,-0.001067919185007704,-0.0024679191850077043,-0.05611455639250505,22.6814842812817,48
2026-09-26 20:45:00+00:00,2026-09-26 20:50:00+00:00,2026-09-26 22:05:00+00:00,LONG,83833.4,84336.4004,83581.8998,84336.4004,TARGET,0.006000000000000005,0.004600000000000005,0.10433482769389595,22.7858191089756,16
2026-09-27 01:50:00+00:00,2026-09-27 01:55:00+00:00,2026-09-27 05:50:00+00:00,SHORT,84515.5,84476.7,84769.0465,84008.407,TIME,0.0004592982443680782,-0.0009407017556319218,-0.021434660039324736,22.764384448936273,48
2026-09-27 07:55:00+00:00,2026-09-27 08:00:00+00:00,2026-09-27 10:10:00+00:00,SHORT,84789.5,85043.8685,85043.8685,84280.763,STOP,-0.0029910269192422456,-0.004391026919242246,-0.09995902491525874,22.664425424021015,27
2026-09-27 10:15:00+00:00,2026-09-27 10:20:00+00:00,2026-09-27 14:15:00+00:00,SHORT,84990.6,84932.8,85245.57179999999,84480.6564,TIME,0.000680538025356503,-0.000719461974643497,-0.016306192269726436,22.648119231751288,48
2026-09-27 14:45:00+00:00,2026-09-27 14:50:00+00:00,2026-09-27 18:45:00+00:00,LONG,84513.2,84763.4,84259.6604,85020.2792,TIME,0.0029604842793788944,0.0015604842793788944,0.03534203401864669,22.683461265769935,48
2026-09-27 19:00:00+00:00,2026-09-27 19:05:00+00:00,2026-09-27 22:35:00+00:00,SHORT,84744.8,84236.3312,84999.03439999999,84236.3312,TARGET,0.006036217303822866,0.004636217303822866,0.1051654556309583,22.788626721400895,43
2026-09-28 00:20:00+00:00,2026-09-28 00:25:00+00:00,2026-09-28 00:30:00+00:00,SHORT,84849.9,84340.80059999999,85104.44969999998,84340.80059999999,TARGET,0.006036217303823088,0.004636217303823088,0.10565302553612403,22.89427974693702,2
2026-09-28 01:00:00+00:00,2026-09-28 01:05:00+00:00,2026-09-28 01:35:00+00:00,LONG,84144.1,83891.6677,83891.6677,84648.9646,STOP,-0.0030000000000000027,-0.004400000000000003,-0.10073483088652295,22.793544916050497,7
2026-09-28 02:00:00+00:00,2026-09-28 02:05:00+00:00,2026-09-28 03:10:00+00:00,LONG,83649.4,83398.4518,83398.4518,84151.29639999999,STOP,-0.0030000000000000027,-0.004400000000000003,-0.10029159763062225,22.693253318419874,14
2026-09-28 03:30:00+00:00,2026-09-28 03:35:00+00:00,2026-09-28 05:30:00+00:00,LONG,83264.1,83014.3077,83014.3077,83763.68460000001,STOP,-0.0030000000000000027,-0.004400000000000003,-0.09985031460104751,22.593403003818825,24
2026-09-28 05:35:00+00:00,2026-09-28 05:40:00+00:00,2026-09-28 06:10:00+00:00,LONG,82780.5,83277.183,82532.1585,83277.183,TARGET,0.006000000000000005,0.004600000000000005,0.1039296538175667,22.69733265763639,7
2026-09-28 07:35:00+00:00,2026-09-28 07:40:00+00:00,2026-09-28 09:05:00+00:00,LONG,82945.2,82696.36439999999,82696.36439999999,83442.8712,STOP,-0.0030000000000001137,-0.004400000000000114,-0.0998682636936027,22.59746439394279,18
2026-09-28 10:50:00+00:00,2026-09-28 10:55:00+00:00,2026-09-28 12:00:00+00:00,SHORT,82982.6,83231.5478,83231.5478,82484.7044,STOP,-0.0029910269192422456,-0.004391026919242246,-0.09922607446042095,22.49823831948237,14
2026-09-28 12:05:00+00:00,2026-09-28 12:10:00+00:00,2026-09-28 13:35:00+00:00,SHORT,83479.2,83729.63759999999,83729.63759999999,82978.3248,STOP,-0.0029910269192421346,-0.004391026919242135,-0.09879037009637201,22.399447949385998,18
2026-09-28 13:40:00+00:00,2026-09-28 13:45:00+00:00,2026-09-28 14:25:00+00:00,SHORT,83750.1,83247.5994,84001.35029999999,83247.5994,TARGET,0.006036217303822866,0.004636217303822866,0.10384870817902297,22.50329665756502,9
2026-09-28 14:40:00+00:00,2026-09-28 14:45:00+00:00,2026-09-28 14:50:00+00:00,LONG,82949.8,82700.9506,82700.9506,83447.4988,STOP,-0.0030000000000001137,-0.004400000000000114,-0.09901450529328865,22.40428215227173,2
2026-09-28 16:15:00+00:00,2026-09-28 16:20:00+00:00,2026-09-28 16:20:00+00:00,SHORT,83666.5,83917.49949999999,83917.49949999999,83164.501,STOP,-0.0029910269192421346,-0.004391026919242135,-0.09837780603692128,22.305904346234808,1
2026-09-28 16:25:00+00:00,2026-09-28 16:30:00+00:00,2026-09-28 17:15:00+00:00,SHORT,84018.0,84270.05399999999,84270.05399999999,83513.89199999999,STOP,-0.0029910269192421346,-0.004391026919242135,-0.09794582644235718,22.207958519792452,10
2026-09-28 19:05:00+00:00,2026-09-28 19:10:00+00:00,2026-09-28 19:35:00+00:00,LONG,83676.7,83425.6699,83425.6699,84178.7602,STOP,-0.0030000000000000027,-0.004400000000000003,-0.09771501748708686,22.110243502305366,6
2026-09-28 19:40:00+00:00,2026-09-28 19:45:00+00:00,2026-09-28 23:40:00+00:00,LONG,83314.9,83601.1,83064.95529999999,83814.7894,TIME,0.003435159857360537,0.0020351598573605367,0.04499788001235852,22.155241382317726,48
2026-09-29 00:45:00+00:00,2026-09-29 00:50:00+00:00,2026-09-29 01:05:00+00:00,LONG,83350.1,83100.0497,83100.0497,83850.20060000001,STOP,-0.0030000000000000027,-0.004400000000000003,-0.09748306208219806,22.05775832023553,4
2026-09-29 01:10:00+00:00,2026-09-29 01:15:00+00:00,2026-09-29 01:30:00+00:00,LONG,83043.4,82794.2698,82794.2698,83541.6604,STOP,-0.0030000000000000027,-0.004400000000000003,-0.09705413660903639,21.960704183626493,4
2026-09-29 03:25:00+00:00,2026-09-29 03:30:00+00:00,2026-09-29 06:00:00+00:00,SHORT,83211.9,83461.53569999998,83461.53569999998,82712.6286,STOP,-0.0029910269192421346,-0.004391026919242135,-0.0964300432358173,21.864274140390677,31
2026-09-29 06:05:00+00:00,2026-09-29 06:10:00+00:00,2026-09-29 07:05:00+00:00,SHORT,83769.5,84020.80849999998,84020.80849999998,83266.883,STOP,-0.0029910269192421346,-0.004391026919242135,-0.09600661632014515,21.76826752407053,12
2026-09-29 07:35:00+00:00,2026-09-29 07:40:00+00:00,2026-09-29 11:35:00+00:00,SHORT,84137.1,84244.6,84389.5113,83632.2774,TIME,-0.0012760461798144718,-0.002676046179814472,-0.05825288914896838,21.710014634921563,48
2026-09-29 11:45:00+00:00,2026-09-29 11:50:00+00:00,2026-09-29 14:05:00+00:00,SHORT,84434.2,83927.59479999999,84687.50259999999,83927.59479999999,TARGET,0.006036217303823088,0.004636217303823088,0.10065234551667583,21.81066698043824,28
2026-09-29 14:35:00+00:00,2026-09-29 14:40:00+00:00,2026-09-29 15:00:00+00:00,LONG,83912.8,83661.0616,83661.0616,84416.2768,STOP,-0.0030000000000000027,-0.004400000000000003,-0.09596693471392831,21.71470004572431,5
2026-09-29 15:05:00+00:00,2026-09-29 15:10:00+00:00,2026-09-29 15:10:00+00:00,LONG,83622.9,83372.03129999999,83372.03129999999,84124.63739999999,STOP,-0.0030000000000001137,-0.004400000000000114,-0.09554468020118943,21.61915536552312,1
2026-09-29 15:20:00+00:00,2026-09-29 15:25:00+00:00,2026-09-29 18:30:00+00:00,LONG,83050.7,83549.0042,82801.54789999999,83549.0042,TARGET,0.006000000000000005,0.004600000000000005,0.09944811468140646,21.71860348020453,38
2026-09-29 21:25:00+00:00,2026-09-29 21:30:00+00:00,2026-09-30 01:25:00+00:00,LONG,83418.5,83433.3,83168.2445,83919.011,TIME,0.00017741867811094103,-0.001222581321889059,-0.02655275895241277,21.692050721252116,48
2026-09-30 03:15:00+00:00,2026-09-30 03:20:00+00:00,2026-09-30 07:15:00+00:00,LONG,83180.3,83250.0,82930.7591,83679.3818,TIME,0.0008379387907953006,-0.0005620612092046993,-0.012192260258516635,21.6798584609936,48
2026-09-30 07:30:00+00:00,2026-09-30 07:35:00+00:00,2026-09-30 09:30:00+00:00,SHORT,83352.5,83602.5575,83602.5575,82852.385,STOP,-0.0029910269192422456,-0.004391026919242246,-0.09519684210758467,21.584661618886017,24
2026-09-30 10:35:00+00:00,2026-09-30 10:40:00+00:00,2026-09-30 12:30:00+00:00,SHORT,83857.3,84108.8719,84108.8719,83354.1562,STOP,-0.0029910269192422456,-0.004391026919242246,-0.09477883021126342,21.489882788674752,23
2026-09-30 12:35:00+00:00,2026-09-30 12:40:00+00:00,2026-09-30 12:45:00+00:00,SHORT,84831.8,85086.29539999999,85086.29539999999,84322.8092,STOP,-0.0029910269192421346,-0.004391026919242135,-0.09436265381642907,21.395520134858323,2
2026-09-30 12:50:00+00:00,2026-09-30 12:55:00+00:00,2026-09-30 13:35:00+00:00,SHORT,85478.3,84965.4302,85734.7349,84965.4302,TARGET,0.006036217303822866,0.004636217303822866,0.0991942806735207,21.494714415531845,9
2026-09-30 16:55:00+00:00,2026-09-30 17:00:00+00:00,2026-09-30 18:30:00+00:00,SHORT,84357.6,83851.4544,84610.6728,83851.4544,TARGET,0.006036217303823088,0.004636217303823088,0.09965416691402432,21.59436858244587,19
2026-09-30 19:10:00+00:00,2026-09-30 19:15:00+00:00,2026-09-30 19:55:00+00:00,LONG,83758.2,83506.9254,83506.9254,84260.74919999999,STOP,-0.0030000000000000027,-0.004400000000000003,-0.09501522176276189,21.49935336068311,9
2026-09-30 23:30:00+00:00,2026-09-30 23:35:00+00:00,2026-10-01 03:30:00+00:00,LONG,83607.4,83537.0,83356.5778,84109.0444,TIME,-0.0008420307293373064,-0.0022420307293373066,-0.048202210895532824,21.451151149787577,48
2026-10-01 03:35:00+00:00,2026-10-01 03:40:00+00:00,2026-10-01 04:10:00+00:00,SHORT,83630.1,83880.99029999999,83880.99029999999,83128.31940000001,STOP,-0.0029910269192421346,-0.004391026919242135,-0.09419258214744912,21.356958567640127,7
2026-10-01 04:15:00+00:00,2026-10-01 04:20:00+00:00,2026-10-01 04:45:00+00:00,SHORT,83752.2,84003.45659999999,84003.45659999999,83249.6868,STOP,-0.0029910269192422456,-0.004391026919242246,-0.09377897998364912,21.263179587656477,6
2026-10-01 05:00:00+00:00,2026-10-01 05:05:00+00:00,2026-10-01 07:20:00+00:00,SHORT,84204.3,83699.0742,84456.9129,83699.0742,TARGET,0.006036217303822866,0.004636217303822866,0.09858072113858611,21.361760308795063,28
2026-10-01 07:25:00+00:00,2026-10-01 07:30:00+00:00,2026-10-01 09:30:00+00:00,LONG,83370.3,83870.5218,83120.1891,83870.5218,TARGET,0.006000000000000005,0.004600000000000005,0.0982640974204574,21.46002440621552,25
2026-10-01 10:50:00+00:00,2026-10-01 10:55:00+00:00,2026-10-01 13:05:00+00:00,SHORT,84080.0,83575.52,84332.23999999999,83575.52,TARGET,0.006036217303822866,0.004636217303822866,0.09949333649255743,21.559517742708078,27
2026-10-01 13:15:00+00:00,2026-10-01 13:20:00+00:00,2026-10-01 14:25:00+00:00,LONG,83572.3,84073.7338,83321.5831,84073.7338,TARGET,0.006000000000000005,0.004600000000000005,0.09917378161645726,21.658691524324535,14
2026-10-01 15:00:00+00:00,2026-10-01 15:05:00+00:00,2026-10-01 16:15:00+00:00,SHORT,84138.3,84390.71489999999,84390.71489999999,83633.4702,STOP,-0.0029910269192421346,-0.004391026919242135,-0.0951038975188705,21.563587626805663,15
2026-10-01 16:30:00+00:00,2026-10-01 16:35:00+00:00,2026-10-01 17:15:00+00:00,SHORT,84487.7,84741.16309999999,84741.16309999999,83980.7738,STOP,-0.0029910269192422456,-0.004391026919242246,-0.09468629374474269,21.46890133306092,9
2026-10-01 17:25:00+00:00,2026-10-01 17:30:00+00:00,2026-10-01 18:35:00+00:00,SHORT,84925.5,85180.27649999999,85180.27649999999,84415.947,STOP,-0.0029910269192421346,-0.004391026919242135,-0.09427052368002385,21.374630809380896,14
2026-10-01 21:25:00+00:00,2026-10-01 21:30:00+00:00,2026-10-02 01:25:00+00:00,LONG,84589.6,84621.6,84335.8312,85097.1376,TIME,0.00037829709562409164,-0.0010217029043759083,-0.021838522377907236,21.352792287002988,48
2026-10-02 02:00:00+00:00,2026-10-02 02:05:00+00:00,2026-10-02 03:00:00+00:00,SHORT,85023.6,85278.67079999999,85278.67079999999,84513.4584,STOP,-0.0029910269192421346,-0.004391026919242135,-0.09376068573321594,21.259031601269772,12
2026-10-02 03:10:00+00:00,2026-10-02 03:15:00+00:00,2026-10-02 03:55:00+00:00,SHORT,85303.9,85559.81169999999,85559.81169999999,84792.0766,STOP,-0.0029910269192422456,-0.004391026919242246,-0.09334898003819715,21.165682621231575,9
2026-10-02 04:15:00+00:00,2026-10-02 04:20:00+00:00,2026-10-02 04:20:00+00:00,SHORT,85889.9,86147.56969999998,86147.56969999998,85374.5606,STOP,-0.0029910269192421346,-0.004391026919242135,-0.09293908215396328,21.07274353907761,1
2026-10-02 04:25:00+00:00,2026-10-02 04:30:00+00:00,2026-10-02 05:35:00+00:00,SHORT,86780.5,86259.817,87040.8415,86259.817,TARGET,0.006036217303823088,0.004636217303823088,0.0976978182348978,21.17044135731251,14
2026-10-02 06:20:00+00:00,2026-10-02 06:25:00+00:00,2026-10-02 07:40:00+00:00,LONG,86036.4,85778.29079999999,85778.29079999999,86552.61839999999,STOP,-0.0030000000000001137,-0.004400000000000114,-0.09314994197217745,21.07729141534033,16
2026-10-02 12:25:00+00:00,2026-10-02 12:30:00+00:00,2026-10-02 12:30:00+00:00,SHORT,86614.3,86874.14289999999,86874.14289999999,86094.6142,STOP,-0.0029910269192421346,-0.004391026919242135,-0.09255095398947054,20.98474046135086,1
2026-10-02 12:35:00+00:00,2026-10-02 12:40:00+00:00,2026-10-02 13:35:00+00:00,SHORT,86795.2,87055.58559999999,87055.58559999999,86274.4288,STOP,-0.0029910269192422456,-0.004391026919242246,-0.09214456025910357,20.892595901091756,12
2026-10-02 14:10:00+00:00,2026-10-02 14:15:00+00:00,2026-10-02 14:25:00+00:00,LONG,86354.2,86095.13739999999,86095.13739999999,86872.32519999999,STOP,-0.0030000000000000027,-0.004400000000000003,-0.09192742196480379,20.80066847912695,3
2026-10-02 14:30:00+00:00,2026-10-02 14:35:00+00:00,2026-10-02 14:50:00+00:00,LONG,85815.3,85557.8541,85557.8541,86330.1918,STOP,-0.0030000000000001137,-0.004400000000000114,-0.09152294130816095,20.70914553781879,4
