timestamps,open,high,low,close,volume,amount
2026-05-25 00:00:00+00:00,77030.3,77165.9,77030.3,77097.8,681.054,52505357.0515
2026-05-25 00:05:00+00:00,77097.9,77172.0,77090.2,77142.9,242.719,18719999.1624
2026-05-25 00:10:00+00:00,77142.8,77171.9,77109.6,77159.7,193.376,14917633.5301
2026-05-25 00:15:00+00:00,77159.7,77193.0,77103.1,77133.7,247.013,19057913.8944
2026-05-25 00:20:00+00:00,77133.7,77235.5,77086.2,77202.9,335.395,25884196.1264
2026-05-25 00:25:00+00:00,77202.9,77228.1,77114.3,77180.0,215.708,16645019.5899
2026-05-25 00:30:00+00:00,77179.9,77234.6,77101.8,77131.8,238.668,18420364.8728
2026-05-25 00:35:00+00:00,77131.9,77191.4,77115.8,77162.4,126.142,9732022.5994
2026-05-25 00:40:00+00:00,77162.4,77165.3,77079.0,77079.1,159.299,12284608.3518
2026-05-25 00:45:00+00:00,77079.1,77253.9,77050.6,77186.4,357.272,27565146.6492
2026-05-25 00:50:00+00:00,77186.3,77197.6,77111.6,77149.4,203.446,15694663.9838
2026-05-25 00:55:00+00:00,77149.3,77149.4,77075.3,77120.0,112.935,8708838.0001
2026-05-25 01:00:00+00:00,77119.9,77165.8,76968.4,77048.7,1066.537,82170929.9546
2026-05-25 01:05:00+00:00,77048.7,77101.7,77042.4,77042.4,367.898,28353071.0233
2026-05-25 01:10:00+00:00,77042.3,77147.4,77020.1,77147.4,150.267,11581539.8693
2026-05-25 01:15:00+00:00,77147.4,77213.2,77127.1,77160.8,455.718,35168314.1607
2026-05-25 01:20:00+00:00,77160.7,77206.5,77157.3,77198.4,163.692,12634744.5221
2026-05-25 01:25:00+00:00,77198.4,77210.0,77100.0,77139.8,130.489,10066593.9494
2026-05-25 01:30:00+00:00,77139.9,77148.5,77071.2,77148.4,144.245,11122002.4712
2026-05-25 01:35:00+00:00,77148.4,77178.2,77070.8,77098.8,121.186,9346327.7946
2026-05-25 01:40:00+00:00,77098.7,77138.3,77053.6,77079.9,275.419,21233612.9947
2026-05-25 01:45:00+00:00,77080.0,77144.4,77073.2,77093.8,296.308,22847581.6447
2026-05-25 01:50:00+00:00,77093.8,77113.3,77016.0,77016.2,171.592,13222442.9004
2026-05-25 01:55:00+00:00,77016.3,77049.9,76871.4,76905.6,597.109,45941086.9065
2026-05-25 02:00:00+00:00,76905.5,77062.9,76905.5,77052.7,450.083,34648581.4984
2026-05-25 02:05:00+00:00,77052.6,77450.6,77052.3,77360.6,2450.914,189532266.9119
2026-05-25 02:10:00+00:00,77360.7,77426.9,77327.6,77364.5,380.072,29409147.0544
2026-05-25 02:15:00+00:00,77364.4,77364.5,77227.3,77236.6,329.733,25477735.0703
2026-05-25 02:20:00+00:00,77236.7,77236.7,77171.8,77175.8,218.751,16888929.6848
2026-05-25 02:25:00+00:00,77175.9,77183.1,76988.1,77107.2,708.969,54633111.8775
2026-05-25 02:30:00+00:00,77107.2,77145.5,77026.9,77038.8,202.389,15603963.3227
2026-05-25 02:35:00+00:00,77038.7,77131.5,77020.1,77119.0,213.936,16489682.3452
2026-05-25 02:40:00+00:00,77119.1,77128.4,77050.0,77128.4,117.623,9067658.8559
2026-05-25 02:45:00+00:00,77128.4,77141.6,77061.7,77115.3,219.284,16907001.747
2026-05-25 02:50:00+00:00,77115.3,77140.0,77076.5,77086.3,165.742,12781247.9913
2026-05-25 02:55:00+00:00,77086.3,77115.3,77034.4,77064.1,222.415,17141262.4031
2026-05-25 03:00:00+00:00,77064.2,77127.7,77032.8,77038.8,231.882,17873562.8129
2026-05-25 03:05:00+00:00,77038.8,77095.1,77021.3,77048.8,184.155,14190152.5802
2026-05-25 03:10:00+00:00,77048.7,77085.6,77030.0,77057.2,199.252,15353460.1965
2026-05-25 03:15:00+00:00,77057.3,77100.1,77040.0,77063.1,108.331,8349432.5674
2026-05-25 03:20:00+00:00,77063.0,77115.8,77053.0,77053.0,148.892,11476686.3642
2026-05-25 03:25:00+00:00,77053.1,77087.0,77010.3,77049.8,200.564,15451610.4674
2026-05-25 03:30:00+00:00,77049.9,77080.0,76982.2,77049.4,237.098,18260908.351
2026-05-25 03:35:00+00:00,77049.5,77087.8,77041.4,77065.3,80.81,6227671.5439
2026-05-25 03:40:00+00:00,77065.3,77065.3,77029.7,77040.9,58.009,4469368.5559
2026-05-25 03:45:00+00:00,77040.9,77041.0,76951.7,77009.5,256.255,19728615.95
2026-05-25 03:50:00+00:00,77009.4,77032.6,76980.4,77005.2,117.76,9068318.9637
2026-05-25 03:55:00+00:00,77005.2,77019.6,76980.2,76989.0,92.895,7153309.234
2026-05-25 04:00:00+00:00,76989.0,77042.5,76980.2,76988.2,117.928,9081555.4683
2026-05-25 04:05:00+00:00,76988.2,77018.1,76960.5,77018.1,110.866,8535888.3809
2026-05-25 04:10:00+00:00,77018.1,77039.9,76984.1,76993.8,78.135,6017154.8516
2026-05-25 04:15:00+00:00,76993.8,77030.0,76950.0,77030.0,159.235,12259279.9556
2026-05-25 04:20:00+00:00,77030.0,77088.7,77030.0,77077.0,126.462,9746787.513
2026-05-25 04:25:00+00:00,77077.0,77141.5,77076.8,77141.5,157.706,12161528.2
2026-05-25 04:30:00+00:00,77141.4,77194.9,77093.1,77107.3,201.534,15547267.0523
2026-05-25 04:35:00+00:00,77107.3,77160.3,77092.7,77115.2,496.296,38272624.8461
2026-05-25 04:40:00+00:00,77115.3,77215.0,77115.2,77214.8,222.235,17151356.5533
2026-05-25 04:45:00+00:00,77214.8,77257.5,77199.9,77230.4,256.461,19806698.6428
2026-05-25 04:50:00+00:00,77230.4,77418.1,77230.3,77341.3,948.631,73377815.7888
2026-05-25 04:55:00+00:00,77341.3,77375.0,77331.3,77357.0,332.423,25713408.4471
2026-05-25 05:00:00+00:00,77357.1,77361.2,77288.9,77306.2,290.256,22441052.8608
2026-05-25 05:05:00+00:00,77306.2,77414.0,77285.7,77360.5,386.059,29863346.7572
2026-05-25 05:10:00+00:00,77360.6,77407.3,77335.9,77381.8,207.805,16076218.3335
2026-05-25 05:15:00+00:00,77381.7,77454.6,77362.6,77373.0,592.607,45875917.9255
2026-05-25 05:20:00+00:00,77373.1,77385.5,77316.4,77346.0,222.287,17193153.0278
2026-05-25 05:25:00+00:00,77345.9,77394.0,77345.9,77360.0,278.502,21548347.3286
2026-05-25 05:30:00+00:00,77360.1,77425.0,77350.1,77398.0,355.218,27491856.7468
2026-05-25 05:35:00+00:00,77398.0,77469.3,77398.0,77416.7,284.359,22019668.8085
2026-05-25 05:40:00+00:00,77416.6,77455.2,77409.9,77424.5,165.479,12814144.0128
2026-05-25 05:45:00+00:00,77424.5,77424.5,77372.0,77400.7,145.738,11279317.905
2026-05-25 05:50:00+00:00,77400.8,77400.8,77364.0,77387.7,143.06,11069219.884
2026-05-25 05:55:00+00:00,77387.7,77387.7,77352.2,77370.0,167.502,12959137.9015
2026-05-25 06:00:00+00:00,77369.9,77382.1,77312.9,77337.0,170.208,13165027.5367
2026-05-25 06:05:00+00:00,77336.9,77677.6,77336.9,77540.8,2280.17,176755572.1231
2026-05-25 06:10:00+00:00,77540.8,77540.8,77280.7,77293.6,647.949,50140603.5096
2026-05-25 06:15:00+00:00,77293.6,77320.0,77238.0,77259.2,382.308,29539346.8422
2026-05-25 06:20:00+00:00,77259.2,77259.3,77182.4,77194.0,348.654,26920132.3519
2026-05-25 06:25:00+00:00,77194.0,77243.9,77182.4,77240.0,263.815,20370236.5137
2026-05-25 06:30:00+00:00,77240.0,77330.0,77239.3,77320.0,336.665,26021667.9571
2026-05-25 06:35:00+00:00,77320.0,77391.7,77319.9,77365.6,241.349,18671748.1523
2026-05-25 06:40:00+00:00,77365.6,77399.9,77357.1,77378.7,148.372,11481305.1316
2026-05-25 06:45:00+00:00,77378.8,77497.6,77368.4,77413.3,302.942,23463421.3004
2026-05-25 06:50:00+00:00,77413.3,77430.6,77384.6,77421.7,122.863,9510423.6906
2026-05-25 06:55:00+00:00,77421.7,77421.7,77356.6,77386.1,112.549,8709458.7687
2026-05-25 07:00:00+00:00,77386.1,77486.3,77381.3,77445.9,262.122,20297699.0342
2026-05-25 07:05:00+00:00,77446.0,77455.9,77370.0,77370.0,168.937,13075781.1202
2026-05-25 07:10:00+00:00,77370.1,77370.1,77265.1,77294.0,148.794,11504030.946
2026-05-25 07:15:00+00:00,77294.1,77321.0,77135.8,77207.8,481.986,37217700.31
2026-05-25 07:20:00+00:00,77207.7,77220.8,77162.1,77219.8,216.026,16677487.189
2026-05-25 07:25:00+00:00,77219.8,77224.4,77170.2,77176.9,143.029,11040948.3189
2026-05-25 07:30:00+00:00,77176.9,77304.7,77161.2,77255.4,379.882,29344290.7641
2026-05-25 07:35:00+00:00,77255.4,77278.5,77226.0,77278.5,255.548,19740673.1709
2026-05-25 07:40:00+00:00,77278.4,77303.2,77247.2,77282.1,127.573,9858268.2403
2026-05-25 07:45:00+00:00,77282.1,77323.9,77274.3,77302.3,161.95,12519148.4404
2026-05-25 07:50:00+00:00,77302.2,77335.3,77270.6,77335.2,198.505,15343641.3201
2026-05-25 07:55:00+00:00,77335.1,77377.0,77311.1,77377.0,235.267,18196658.1251
2026-05-25 08:00:00+00:00,77376.9,77386.0,77303.1,77372.2,397.939,30782969.3783
2026-05-25 08:05:00+00:00,77372.2,77377.4,77322.5,77346.4,303.565,23476552.4699
2026-05-25 08:10:00+00:00,77346.3,77346.4,77241.7,77255.9,257.183,19873946.3521
2026-05-25 08:15:00+00:00,77256.0,77299.1,77255.9,77299.1,141.18,10909143.6536
2026-05-25 08:20:00+00:00,77299.1,77335.9,77275.6,77278.7,95.428,7377256.888
2026-05-25 08:25:00+00:00,77278.6,77294.2,77268.1,77286.4,73.579,5686220.1826
2026-05-25 08:30:00+00:00,77286.5,77302.1,77280.3,77291.1,79.211,6122509.7907
2026-05-25 08:35:00+00:00,77291.0,77357.4,77291.0,77308.2,186.055,14385516.7405
2026-05-25 08:40:00+00:00,77308.2,77325.0,77301.4,77312.9,97.069,7505012.393
2026-05-25 08:45:00+00:00,77312.9,77333.0,77290.9,77332.9,138.637,10716591.7739
2026-05-25 08:50:00+00:00,77333.0,77395.9,77326.1,77395.8,448.908,34728402.3044
2026-05-25 08:55:00+00:00,77395.8,77433.0,77395.7,77422.3,352.643,27298785.7432
2026-05-25 09:00:00+00:00,77422.3,77455.0,77391.1,77391.2,247.412,19157275.5996
2026-05-25 09:05:00+00:00,77391.1,77450.8,77391.1,77437.0,228.972,17725127.9955
2026-05-25 09:10:00+00:00,77436.9,77472.7,77418.4,77426.2,384.828,29801872.4638
2026-05-25 09:15:00+00:00,77426.2,77429.5,77392.3,77414.2,162.27,12561260.2593
2026-05-25 09:20:00+00:00,77414.2,77471.6,77383.0,77471.6,250.341,19381606.5982
2026-05-25 09:25:00+00:00,77471.6,77500.1,77454.7,77478.8,363.216,28142370.346
2026-05-25 09:30:00+00:00,77478.7,77699.0,77474.5,77586.3,2225.68,172700502.2372
2026-05-25 09:35:00+00:00,77586.2,77613.7,77531.0,77560.7,618.114,47948649.4282
2026-05-25 09:40:00+00:00,77560.7,77580.0,77535.7,77549.9,230.236,17854890.6913
2026-05-25 09:45:00+00:00,77550.0,77579.9,77526.2,77577.0,413.798,32090381.7242
2026-05-25 09:50:00+00:00,77577.0,77636.1,77577.0,77603.9,421.657,32725600.674
2026-05-25 09:55:00+00:00,77603.9,77604.0,77565.0,77565.0,154.206,11964221.3743
2026-05-25 10:00:00+00:00,77565.1,77582.8,77524.8,77524.9,224.451,17406647.1168
2026-05-25 10:05:00+00:00,77525.0,77594.7,77524.9,77583.5,190.77,14797716.928
2026-05-25 10:10:00+00:00,77583.5,77599.8,77576.0,77598.0,234.907,18226600.087
2026-05-25 10:15:00+00:00,77598.0,77650.0,77587.6,77587.6,467.375,36280072.2131
2026-05-25 10:20:00+00:00,77587.6,77587.7,77488.2,77534.0,314.913,24412970.9223
2026-05-25 10:25:00+00:00,77533.9,77534.0,77475.4,77506.4,222.078,17209488.2055
2026-05-25 10:30:00+00:00,77506.3,77520.1,77481.5,77520.1,266.711,20668599.525
2026-05-25 10:35:00+00:00,77520.1,77553.5,77483.2,77483.2,165.495,12830631.6061
2026-05-25 10:40:00+00:00,77483.3,77485.0,77473.5,77482.2,150.43,11655351.9672
2026-05-25 10:45:00+00:00,77482.3,77527.1,77482.2,77492.7,155.602,12058800.2088
2026-05-25 10:50:00+00:00,77492.6,77505.0,77448.4,77495.5,219.974,17042468.4647
2026-05-25 10:55:00+00:00,77495.9,77515.8,77495.9,77500.0,301.971,23404535.9657
2026-05-25 11:00:00+00:00,77500.0,77500.1,77375.9,77412.9,507.638,39295365.8337
2026-05-25 11:05:00+00:00,77413.0,77427.0,77382.1,77425.7,221.675,17159119.6171
2026-05-25 11:10:00+00:00,77425.6,77436.8,77403.7,77413.9,138.966,10759183.8981
2026-05-25 11:15:00+00:00,77414.0,77414.0,77372.2,77397.2,143.799,11129203.3192
2026-05-25 11:20:00+00:00,77397.1,77407.5,77383.7,77392.1,94.541,7317343.7027
2026-05-25 11:25:00+00:00,77392.1,77392.1,77364.0,77381.6,133.774,10351143.3183
2026-05-25 11:30:00+00:00,77381.6,77450.0,77377.8,77449.9,205.652,15921304.9017
2026-05-25 11:35:00+00:00,77450.0,77484.9,77416.7,77465.9,167.374,12964260.0779
2026-05-25 11:40:00+00:00,77466.0,77466.0,77423.7,77430.0,80.217,6211949.8741
2026-05-25 11:45:00+00:00,77430.0,77470.0,77385.8,77395.6,163.31,12644325.0466
2026-05-25 11:50:00+00:00,77395.5,77397.6,77314.1,77360.0,246.553,19070350.4113
2026-05-25 11:55:00+00:00,77360.0,77360.0,77281.1,77318.2,350.582,27106983.6951
2026-05-25 12:00:00+00:00,77318.2,77325.9,77244.8,77280.7,392.609,30340748.4308
2026-05-25 12:05:00+00:00,77280.8,77324.7,77273.0,77295.5,164.827,12740868.8714
2026-05-25 12:10:00+00:00,77295.5,77337.6,77288.9,77324.7,102.962,7961003.3592
2026-05-25 12:15:00+00:00,77324.8,77341.9,77290.4,77328.2,159.305,12317177.9647
2026-05-25 12:20:00+00:00,77328.2,77364.4,77278.0,77347.2,394.231,30486651.8966
2026-05-25 12:25:00+00:00,77347.2,77389.1,77333.1,77358.7,276.529,21393047.8216
2026-05-25 12:30:00+00:00,77358.8,77391.0,77321.5,77333.5,158.349,12249287.5695
2026-05-25 12:35:00+00:00,77333.6,77369.0,77310.0,77321.2,135.994,10518188.2781
2026-05-25 12:40:00+00:00,77321.1,77325.0,77307.4,77322.8,105.453,8153290.3764
2026-05-25 12:45:00+00:00,77322.8,77322.8,77259.2,77304.2,318.928,24649080.1413
2026-05-25 12:50:00+00:00,77304.1,77370.5,77292.4,77362.4,164.591,12727899.0331
2026-05-25 12:55:00+00:00,77362.3,77405.8,77325.7,77325.7,180.255,13947356.6304
2026-05-25 13:00:00+00:00,77325.7,77391.8,77302.6,77383.7,160.501,12413506.6552
2026-05-25 13:05:00+00:00,77383.6,77419.2,77364.4,77370.6,171.664,13286176.4476
2026-05-25 13:10:00+00:00,77370.5,77375.0,77280.0,77291.9,170.608,13188349.3056
2026-05-25 13:15:00+00:00,77291.9,77324.0,77264.6,77264.7,187.726,14508354.8817
2026-05-25 13:20:00+00:00,77264.6,77315.7,77244.8,77308.6,203.816,15752524.067
2026-05-25 13:25:00+00:00,77308.6,77335.0,77288.0,77299.2,242.289,18730025.4956
2026-05-25 13:30:00+00:00,77299.3,77330.0,77288.0,77294.2,125.013,9664851.5954
2026-05-25 13:35:00+00:00,77294.2,77317.2,77254.8,77307.1,265.627,20529951.2104
2026-05-25 13:40:00+00:00,77307.1,77319.4,77269.5,77319.4,222.898,17226682.363
2026-05-25 13:45:00+00:00,77319.4,77327.8,77278.0,77304.0,172.523,13335561.979
2026-05-25 13:50:00+00:00,77303.9,77316.1,77267.8,77307.5,140.725,10877179.0523
2026-05-25 13:55:00+00:00,77307.5,77318.7,77295.3,77302.1,127.587,9863379.9761
2026-05-25 14:00:00+00:00,77302.0,77407.9,77273.2,77404.0,326.61,25252120.3858
2026-05-25 14:05:00+00:00,77404.0,77496.1,77388.9,77431.3,579.016,44840720.8888
2026-05-25 14:10:00+00:00,77431.4,77474.1,77430.1,77435.5,152.719,11828048.5415
2026-05-25 14:15:00+00:00,77435.6,77559.4,77435.0,77522.6,534.857,41451034.7594
2026-05-25 14:20:00+00:00,77522.6,77525.0,77465.1,77525.0,328.276,25439008.7014
2026-05-25 14:25:00+00:00,77524.9,77588.0,77520.0,77580.5,457.757,35503656.552
2026-05-25 14:30:00+00:00,77580.4,77580.4,77506.2,77538.3,279.222,21648801.4776
2026-05-25 14:35:00+00:00,77538.4,77549.4,77523.1,77534.6,174.694,13545485.3712
2026-05-25 14:40:00+00:00,77534.7,77535.0,77502.5,77535.0,326.675,25323651.8624
2026-05-25 14:45:00+00:00,77535.0,77743.4,77534.9,77667.5,1518.114,117916253.4524
2026-05-25 14:50:00+00:00,77667.6,77689.9,77624.5,77652.9,331.631,25754436.144
2026-05-25 14:55:00+00:00,77652.8,77696.2,77652.8,77676.4,254.207,19744863.8064
2026-05-25 15:00:00+00:00,77676.4,77727.7,77640.9,77666.2,573.546,44557864.5988
2026-05-25 15:05:00+00:00,77666.2,77748.0,77665.8,77717.8,419.806,32622628.0849
2026-05-25 15:10:00+00:00,77717.7,77887.9,77667.3,77668.4,1618.645,125922838.6587
2026-05-25 15:15:00+00:00,77668.5,77720.4,77572.7,77655.0,813.137,63128675.2724
2026-05-25 15:20:00+00:00,77655.1,77655.1,77556.0,77585.7,323.981,25138892.1129
2026-05-25 15:25:00+00:00,77585.7,77644.7,77559.3,77562.7,233.747,18141437.8961
2026-05-25 15:30:00+00:00,77562.6,77648.6,77531.1,77622.9,377.95,29319026.2099
2026-05-25 15:35:00+00:00,77622.8,77625.1,77590.6,77622.0,109.43,8493266.5482
2026-05-25 15:40:00+00:00,77622.0,77646.2,77582.5,77624.2,155.544,12072484.3054
2026-05-25 15:45:00+00:00,77624.2,77624.2,77515.5,77571.0,333.09,25834894.8092
2026-05-25 15:50:00+00:00,77570.9,77586.8,77539.4,77578.7,144.802,11231640.5846
2026-05-25 15:55:00+00:00,77578.6,77629.4,77568.5,77587.2,122.169,9480560.6521
2026-05-25 16:00:00+00:00,77587.2,77608.3,77533.4,77563.3,442.659,34333927.9115
2026-05-25 16:05:00+00:00,77563.2,77571.8,77541.8,77541.9,89.834,6967503.5505
2026-05-25 16:10:00+00:00,77541.8,77560.7,77472.0,77473.9,248.731,19277617.7399
2026-05-25 16:15:00+00:00,77474.0,77525.6,77471.5,77501.3,348.894,27037399.1988
2026-05-25 16:20:00+00:00,77501.2,77597.8,77486.5,77551.6,245.73,19054468.4868
2026-05-25 16:25:00+00:00,77551.6,77569.3,77530.1,77549.5,157.145,12186387.7929
2026-05-25 16:30:00+00:00,77549.4,77563.8,77540.8,77549.4,123.1,9547000.9958
2026-05-25 16:35:00+00:00,77549.4,77612.8,77549.4,77594.4,143.187,11110395.387
2026-05-25 16:40:00+00:00,77594.5,77655.2,77560.6,77649.4,269.165,20891891.9921
2026-05-25 16:45:00+00:00,77649.4,77748.4,77631.8,77748.4,303.854,23607611.9418
2026-05-25 16:50:00+00:00,77748.3,77784.9,77658.0,77664.2,322.846,25092644.6837
2026-05-25 16:55:00+00:00,77664.2,77724.4,77664.2,77694.5,257.322,19992407.0877
2026-05-25 17:00:00+00:00,77694.5,77770.0,77691.9,77722.9,321.636,25001227.177
2026-05-25 17:05:00+00:00,77722.9,77750.2,77683.0,77717.3,506.142,39333275.6562
2026-05-25 17:10:00+00:00,77717.3,77717.3,77643.2,77650.6,299.881,23292832.9512
2026-05-25 17:15:00+00:00,77650.6,77650.7,77552.0,77616.4,451.351,35023119.6217
2026-05-25 17:20:00+00:00,77616.4,77617.7,77568.8,77568.8,207.938,16135965.2191
2026-05-25 17:25:00+00:00,77568.9,77624.3,77568.9,77624.2,106.85,8291005.1264
2026-05-25 17:30:00+00:00,77624.3,77624.3,77540.0,77553.2,217.427,16867495.308
2026-05-25 17:35:00+00:00,77553.2,77570.4,77532.7,77552.6,110.775,8590774.06
2026-05-25 17:40:00+00:00,77552.6,77552.6,77533.2,77551.2,102.861,7976316.5642
2026-05-25 17:45:00+00:00,77551.1,77552.5,77529.3,77533.4,125.17,9705842.5101
2026-05-25 17:50:00+00:00,77533.3,77547.2,77527.1,77538.7,135.679,10519807.5065
2026-05-25 17:55:00+00:00,77538.7,77552.5,77511.1,77523.2,188.973,14651246.43
2026-05-25 18:00:00+00:00,77523.3,77584.4,77502.9,77564.7,156.321,12121256.4294
2026-05-25 18:05:00+00:00,77564.8,77609.6,77561.6,77606.6,153.008,11872175.823
2026-05-25 18:10:00+00:00,77606.7,77629.8,77602.6,77602.6,88.811,6893033.7756
2026-05-25 18:15:00+00:00,77602.6,77628.6,77586.1,77586.1,90.461,7020696.6481
2026-05-25 18:20:00+00:00,77586.1,77599.1,77560.7,77575.2,58.28,4521266.8926
2026-05-25 18:25:00+00:00,77575.3,77612.1,77575.2,77612.1,57.779,4483146.184
2026-05-25 18:30:00+00:00,77612.1,77612.1,77561.4,77596.0,133.505,10356704.1698
2026-05-25 18:35:00+00:00,77595.9,77601.8,77562.6,77595.8,94.023,7294421.232
2026-05-25 18:40:00+00:00,77595.8,77595.8,77542.1,77580.4,83.482,6474815.9692
2026-05-25 18:45:00+00:00,77580.4,77589.0,77547.3,77573.3,132.638,10288501.6767
2026-05-25 18:50:00+00:00,77573.2,77596.0,77527.0,77536.0,119.306,9252195.5005
2026-05-25 18:55:00+00:00,77535.9,77536.0,77511.7,77511.7,56.427,4374412.8843
2026-05-25 19:00:00+00:00,77511.7,77515.8,77379.1,77409.2,645.873,50014833.1717
2026-05-25 19:05:00+00:00,77409.3,77465.0,77394.3,77398.3,145.363,11255599.6941
2026-05-25 19:10:00+00:00,77398.4,77465.5,77389.5,77465.4,86.028,6661810.0814
2026-05-25 19:15:00+00:00,77465.5,77465.5,77413.4,77458.9,120.607,9339551.1835
2026-05-25 19:20:00+00:00,77458.9,77470.1,77425.0,77470.0,67.236,5207547.5379
2026-05-25 19:25:00+00:00,77470.0,77491.4,77445.9,77486.6,90.131,6982244.7707
2026-05-25 19:30:00+00:00,77486.5,77491.6,77390.7,77394.4,123.971,9599820.4816
2026-05-25 19:35:00+00:00,77394.3,77394.4,77318.4,77318.8,334.114,25847302.9391
2026-05-25 19:40:00+00:00,77318.7,77376.0,77313.0,77376.0,129.783,10037082.399
2026-05-25 19:45:00+00:00,77375.9,77409.4,77368.3,77399.7,108.096,8365486.7788
2026-05-25 19:50:00+00:00,77399.7,77438.8,77373.9,77373.9,94.8,7339473.0338
2026-05-25 19:55:00+00:00,77373.9,77430.0,77361.6,77403.3,111.723,8647157.6596
2026-05-25 20:00:00+00:00,77403.4,77447.7,77377.5,77407.4,108.403,8391996.8112
2026-05-25 20:05:00+00:00,77407.4,77429.9,77403.8,77421.4,67.044,5190391.1653
2026-05-25 20:10:00+00:00,77421.4,77426.4,77406.3,77406.4,42.165,3264324.4306
2026-05-25 20:15:00+00:00,77406.3,77472.0,77406.3,77472.0,101.842,7886492.9101
2026-05-25 20:20:00+00:00,77472.0,77472.0,77430.0,77434.8,61.165,4737053.1401
2026-05-25 20:25:00+00:00,77434.8,77454.0,77398.4,77399.6,118.339,9161290.0128
2026-05-25 20:30:00+00:00,77399.6,77439.3,77336.4,77343.1,158.233,12245525.005
2026-05-25 20:35:00+00:00,77343.1,77343.4,77253.6,77305.5,452.49,34971039.8392
2026-05-25 20:40:00+00:00,77305.4,77336.4,77172.0,77238.8,947.079,73142464.6459
2026-05-25 20:45:00+00:00,77238.8,77284.0,77229.3,77230.3,169.134,13068007.521
2026-05-25 20:50:00+00:00,77230.4,77288.5,77230.3,77268.8,148.588,11480998.0154
2026-05-25 20:55:00+00:00,77268.7,77324.4,77213.4,77243.7,247.472,19121663.0489
2026-05-25 21:00:00+00:00,77243.7,77311.5,77240.7,77311.5,177.899,13748789.1574
2026-05-25 21:05:00+00:00,77311.5,77340.0,77290.2,77306.0,102.299,7909322.1852
2026-05-25 21:10:00+00:00,77306.1,77335.0,77306.0,77334.8,65.967,5100428.5995
2026-05-25 21:15:00+00:00,77334.7,77334.8,77258.3,77298.5,98.288,7596191.8566
2026-05-25 21:20:00+00:00,77298.5,77310.0,77244.5,77259.6,95.49,7378419.9329
2026-05-25 21:25:00+00:00,77259.7,77334.8,77248.1,77323.8,136.328,10538589.3847
2026-05-25 21:30:00+00:00,77323.7,77331.0,77308.0,77308.0,71.128,5499912.3794
2026-05-25 21:35:00+00:00,77308.0,77344.7,77246.3,77292.1,347.68,26870780.8452
2026-05-25 21:40:00+00:00,77292.2,77328.4,77240.5,77272.2,115.402,8920255.4886
2026-05-25 21:45:00+00:00,77272.3,77301.6,77268.0,77299.9,81.435,6293622.2669
2026-05-25 21:50:00+00:00,77299.9,77326.4,77274.7,77324.1,123.025,9509806.4346
2026-05-25 21:55:00+00:00,77324.0,77366.7,77305.0,77340.8,259.406,20062907.8161
2026-05-25 22:00:00+00:00,77340.9,77352.5,77242.3,77283.0,275.618,21302608.6411
2026-05-25 22:05:00+00:00,77283.0,77375.5,77283.0,77306.1,191.194,14786886.7275
2026-05-25 22:10:00+00:00,77306.0,77430.0,77294.4,77381.3,242.637,18777694.5063
2026-05-25 22:15:00+00:00,77381.2,77404.5,77300.0,77316.9,192.03,14853035.341
2026-05-25 22:20:00+00:00,77316.9,77364.5,77301.9,77334.5,72.318,5592463.5045
2026-05-25 22:25:00+00:00,77334.5,77337.7,77235.0,77266.4,206.397,15949961.3732
2026-05-25 22:30:00+00:00,77266.4,77266.4,77060.0,77108.0,930.544,71760621.188
2026-05-25 22:35:00+00:00,77107.9,77156.5,77011.3,77148.9,740.287,57049543.3357
2026-05-25 22:40:00+00:00,77148.8,77177.3,77102.2,77157.6,215.112,16594399.9066
2026-05-25 22:45:00+00:00,77157.5,77195.6,77144.2,77195.5,104.919,8096696.8703
2026-05-25 22:50:00+00:00,77195.5,77220.5,77169.8,77194.2,151.179,11670553.0603
2026-05-25 22:55:00+00:00,77194.2,77194.2,77084.6,77084.7,211.371,16304247.0496
2026-05-25 23:00:00+00:00,77084.7,77174.0,77040.2,77150.7,272.917,21042961.8196
2026-05-25 23:05:00+00:00,77150.6,77262.9,77150.0,77230.6,293.219,22643193.3382
2026-05-25 23:10:00+00:00,77230.5,77255.0,77196.8,77255.0,104.7,8086000.6498
2026-05-25 23:15:00+00:00,77255.0,77297.6,77227.2,77227.2,160.076,12368149.8947
2026-05-25 23:20:00+00:00,77227.3,77258.0,77218.3,77247.5,123.992,9577295.845
2026-05-25 23:25:00+00:00,77247.4,77269.5,77233.9,77252.0,100.757,7783617.2869
2026-05-25 23:30:00+00:00,77252.1,77300.0,77225.7,77292.7,112.331,8680030.955
2026-05-25 23:35:00+00:00,77292.7,77320.0,77278.9,77315.1,96.589,7465866.1928
2026-05-25 23:40:00+00:00,77315.1,77329.6,77295.5,77301.8,90.378,6987739.2653
2026-05-25 23:45:00+00:00,77301.8,77303.3,77266.9,77290.0,160.105,12373869.1023
2026-05-25 23:50:00+00:00,77290.1,77305.0,77249.6,77304.9,124.422,9614197.2543
2026-05-25 23:55:00+00:00,77305.0,77338.0,77280.7,77281.5,121.031,9357215.198
2026-05-26 00:00:00+00:00,77281.5,77319.6,77222.0,77222.6,406.64,31418892.7134
2026-05-26 00:05:00+00:00,77222.2,77271.0,77175.1,77200.9,195.748,15116830.1456
2026-05-26 00:10:00+00:00,77201.0,77205.9,77176.1,77196.5,135.476,10457685.7961
2026-05-26 00:15:00+00:00,77196.4,77217.1,77081.8,77121.2,367.252,28328676.2308
2026-05-26 00:20:00+00:00,77121.2,77124.6,77051.0,77101.1,352.143,27144041.2297
2026-05-26 00:25:00+00:00,77101.0,77142.8,77067.4,77095.8,298.246,22999620.0972
2026-05-26 00:30:00+00:00,77095.8,77168.4,77080.0,77088.2,248.233,19142347.4521
2026-05-26 00:35:00+00:00,77088.3,77088.3,76910.0,76930.0,1190.47,91653748.1963
2026-05-26 00:40:00+00:00,76930.0,76940.7,76777.2,76839.5,1133.265,87094862.3294
2026-05-26 00:45:00+00:00,76839.4,76900.0,76767.7,76850.2,706.286,54270739.1514
2026-05-26 00:50:00+00:00,76850.1,76850.1,76532.1,76685.4,2285.765,175191016.4013
2026-05-26 00:55:00+00:00,76685.3,76821.4,76685.3,76750.1,517.763,39745942.9305
2026-05-26 01:00:00+00:00,76750.1,76750.1,76582.5,76612.5,768.44,58913788.026
2026-05-26 01:05:00+00:00,76612.5,76718.1,76600.0,76644.8,450.441,34535220.2124
2026-05-26 01:10:00+00:00,76644.8,76847.9,76630.5,76806.3,459.943,35305807.3672
2026-05-26 01:15:00+00:00,76806.4,76879.2,76767.6,76809.3,325.676,25018003.4481
2026-05-26 01:20:00+00:00,76809.2,76827.0,76769.1,76796.1,192.733,14800050.1745
2026-05-26 01:25:00+00:00,76796.2,76796.2,76690.8,76760.1,221.861,17026421.7205
2026-05-26 01:30:00+00:00,76760.1,76760.1,76587.8,76628.4,409.563,31390519.6885
2026-05-26 01:35:00+00:00,76628.4,76703.6,76608.5,76630.0,247.71,18987282.1924
2026-05-26 01:40:00+00:00,76630.0,76642.7,76550.0,76636.7,385.73,29547798.7249
2026-05-26 01:45:00+00:00,76636.8,76759.5,76618.7,76727.0,298.912,22926918.7837
2026-05-26 01:50:00+00:00,76726.9,76767.1,76723.7,76742.1,142.058,10902260.1196
2026-05-26 01:55:00+00:00,76742.2,76764.3,76710.3,76717.8,111.758,8575728.0842
2026-05-26 02:00:00+00:00,76717.8,76770.3,76589.1,76672.4,614.153,47080811.5602
2026-05-26 02:05:00+00:00,76672.5,76774.0,76669.9,76773.9,367.727,28215993.7739
2026-05-26 02:10:00+00:00,76774.0,76790.0,76734.6,76734.7,298.341,22902715.6088
2026-05-26 02:15:00+00:00,76734.6,76744.2,76655.9,76744.2,170.721,13095486.0544
2026-05-26 02:20:00+00:00,76744.1,76748.3,76658.0,76701.1,159.95,12267002.3948
2026-05-26 02:25:00+00:00,76701.1,76714.5,76627.7,76637.5,131.751,10100603.5184
2026-05-26 02:30:00+00:00,76637.6,76660.5,76611.0,76632.2,202.583,15524671.9816
2026-05-26 02:35:00+00:00,76632.3,76700.0,76626.0,76626.1,164.926,12641732.5685
2026-05-26 02:40:00+00:00,76626.0,76645.0,76557.1,76563.9,275.568,21104831.2802
2026-05-26 02:45:00+00:00,76564.0,76623.7,76472.6,76600.0,900.775,68936676.7707
2026-05-26 02:50:00+00:00,76600.1,76655.0,76594.5,76617.6,196.359,15048027.3812
2026-05-26 02:55:00+00:00,76617.8,76646.9,76579.9,76630.7,180.823,13853494.2333
2026-05-26 03:00:00+00:00,76630.8,76630.9,76570.1,76570.1,160.537,12297450.7405
2026-05-26 03:05:00+00:00,76570.2,76611.6,76550.0,76565.5,131.643,10080703.6985
2026-05-26 03:10:00+00:00,76565.4,76619.1,76530.0,76530.0,163.88,12549890.2183
2026-05-26 03:15:00+00:00,76530.0,76577.2,76509.9,76510.0,186.751,14294382.8642
2026-05-26 03:20:00+00:00,76509.9,76583.6,76509.9,76540.1,285.956,21890021.9365
2026-05-26 03:25:00+00:00,76540.0,76550.0,76434.0,76550.0,649.004,49642766.9323
2026-05-26 03:30:00+00:00,76550.0,76639.9,76520.1,76630.1,365.862,28020836.1923
2026-05-26 03:35:00+00:00,76630.1,76685.0,76620.0,76654.7,397.134,30440998.0243
2026-05-26 03:40:00+00:00,76654.8,76654.8,76616.0,76620.5,124.26,9522071.9418
2026-05-26 03:45:00+00:00,76620.5,76634.3,76601.0,76619.6,275.248,21089162.3423
2026-05-26 03:50:00+00:00,76619.6,76647.1,76615.8,76632.4,151.323,11595340.2031
2026-05-26 03:55:00+00:00,76632.4,76641.1,76628.5,76629.0,99.01,7587585.3149
2026-05-26 04:00:00+00:00,76629.0,76675.9,76588.0,76614.9,371.131,28436714.9942
2026-05-26 04:05:00+00:00,76614.9,76633.2,76588.9,76591.9,336.832,25804465.4003
2026-05-26 04:10:00+00:00,76591.8,76647.9,76590.0,76638.1,249.298,19099573.5524
2026-05-26 04:15:00+00:00,76638.1,76646.3,76601.0,76615.6,234.244,17946732.3556
2026-05-26 04:20:00+00:00,76615.7,76657.2,76569.8,76643.8,204.859,15693247.3538
2026-05-26 04:25:00+00:00,76643.9,76737.3,76643.8,76700.0,350.245,26858597.337
2026-05-26 04:30:00+00:00,76700.0,76746.9,76700.0,76726.2,248.403,19059597.8999
2026-05-26 04:35:00+00:00,76726.2,76757.9,76723.1,76723.2,175.714,13484782.5092
2026-05-26 04:40:00+00:00,76723.1,76738.7,76711.1,76738.7,142.315,10919052.8468
2026-05-26 04:45:00+00:00,76738.7,76755.7,76720.2,76733.4,167.161,12828199.542
2026-05-26 04:50:00+00:00,76733.4,76748.7,76730.0,76730.1,111.498,8556381.8975
2026-05-26 04:55:00+00:00,76730.0,76784.4,76713.6,76713.9,241.051,18501197.6337
2026-05-26 05:00:00+00:00,76713.9,76732.2,76668.2,76725.9,205.148,15733735.0648
2026-05-26 05:05:00+00:00,76725.9,76760.9,76683.8,76729.1,180.89,13878627.741
2026-05-26 05:10:00+00:00,76729.2,76812.0,76729.1,76773.7,268.543,20619262.019
2026-05-26 05:15:00+00:00,76773.7,76817.0,76773.7,76817.0,229.195,17603176.6905
2026-05-26 05:20:00+00:00,76817.0,76856.0,76815.1,76828.8,329.904,25348914.7877
2026-05-26 05:25:00+00:00,76828.8,76840.0,76826.2,76828.8,142.184,10924196.4561
2026-05-26 05:30:00+00:00,76828.8,76867.4,76818.0,76867.4,161.862,12438766.1304
2026-05-26 05:35:00+00:00,76867.4,76950.0,76867.4,76891.5,572.809,44057129.1512
2026-05-26 05:40:00+00:00,76891.5,76893.4,76848.5,76880.6,265.972,20444933.6143
2026-05-26 05:45:00+00:00,76880.6,76880.7,76842.8,76850.2,195.982,15061893.2073
2026-05-26 05:50:00+00:00,76850.1,76859.8,76815.0,76815.2,116.435,8946006.2652
2026-05-26 05:55:00+00:00,76815.3,76895.1,76815.3,76887.3,191.009,14680743.7464
2026-05-26 06:00:00+00:00,76887.4,76887.4,76777.0,76835.0,647.309,49728475.0264
2026-05-26 06:05:00+00:00,76834.9,76876.4,76818.2,76865.6,163.019,12528642.3058
2026-05-26 06:10:00+00:00,76865.6,76865.6,76807.9,76838.3,135.802,10433736.8547
2026-05-26 06:15:00+00:00,76838.3,76843.6,76803.4,76818.3,186.584,14334347.595
2026-05-26 06:20:00+00:00,76818.3,76848.3,76799.9,76848.3,241.133,18522782.4274
2026-05-26 06:25:00+00:00,76848.3,76873.9,76735.2,76805.3,320.549,24616187.7117
2026-05-26 06:30:00+00:00,76805.3,76843.0,76800.0,76826.4,169.592,13028410.0082
2026-05-26 06:35:00+00:00,76826.5,76955.0,76826.5,76955.0,219.515,16882305.6364
2026-05-26 06:40:00+00:00,76955.0,77045.9,76912.0,76942.6,781.111,60124488.2367
2026-05-26 06:45:00+00:00,76942.6,76945.2,76895.1,76911.9,229.194,17630133.02
2026-05-26 06:50:00+00:00,76911.9,76922.5,76887.0,76888.1,90.005,6921608.1663
2026-05-26 06:55:00+00:00,76888.1,76904.5,76862.3,76869.8,178.483,13722235.2518
2026-05-26 07:00:00+00:00,76869.9,76886.6,76810.0,76810.0,191.177,14692943.9693
2026-05-26 07:05:00+00:00,76810.0,76810.1,76702.5,76702.5,306.48,23526223.3318
2026-05-26 07:10:00+00:00,76702.6,76715.2,76621.9,76650.0,483.719,37083677.2848
2026-05-26 07:15:00+00:00,76649.9,76652.0,76556.9,76652.0,715.27,54791208.9366
2026-05-26 07:20:00+00:00,76652.0,76658.1,76610.0,76658.0,337.236,25842876.2806
2026-05-26 07:25:00+00:00,76658.1,76683.9,76654.7,76671.1,150.127,11510252.1445
2026-05-26 07:30:00+00:00,76671.1,76671.1,76571.4,76638.5,345.841,26497886.8926
2026-05-26 07:35:00+00:00,76638.5,76638.5,76589.0,76600.0,317.906,24353717.5955
2026-05-26 07:40:00+00:00,76600.0,76641.8,76599.9,76611.8,174.105,13340258.093
2026-05-26 07:45:00+00:00,76611.8,76649.1,76610.3,76649.0,109.894,8420909.4636
2026-05-26 07:50:00+00:00,76649.0,76728.9,76649.0,76728.8,190.038,14572518.2938
2026-05-26 07:55:00+00:00,76728.9,76728.9,76642.3,76685.1,170.314,13060728.6014
2026-05-26 08:00:00+00:00,76685.0,76708.7,76652.4,76686.8,143.773,11025446.2829
2026-05-26 08:05:00+00:00,76686.8,76726.6,76671.2,76726.5,168.045,12887769.7714
2026-05-26 08:10:00+00:00,76726.5,76780.0,76719.9,76751.2,210.854,16185069.2942
2026-05-26 08:15:00+00:00,76751.2,76754.4,76683.0,76752.6,213.807,16401707.1133
2026-05-26 08:20:00+00:00,76752.6,76760.0,76730.3,76750.0,97.564,7487862.0237
2026-05-26 08:25:00+00:00,76750.0,76780.6,76729.4,76770.2,217.623,16705579.0201
2026-05-26 08:30:00+00:00,76769.8,76779.3,76720.1,76733.4,138.932,10663476.2927
2026-05-26 08:35:00+00:00,76733.4,76819.7,76713.0,76819.7,191.598,14707313.7858
2026-05-26 08:40:00+00:00,76819.7,76819.7,76785.5,76794.4,73.466,5641907.6712
2026-05-26 08:45:00+00:00,76794.4,76799.9,76722.8,76722.9,131.001,10055683.4806
2026-05-26 08:50:00+00:00,76722.8,76745.6,76681.1,76745.5,110.043,8441856.1159
2026-05-26 08:55:00+00:00,76745.5,76747.0,76683.6,76687.9,137.325,10535034.6265
2026-05-26 09:00:00+00:00,76687.8,76710.6,76641.6,76685.0,229.229,17575358.1762
2026-05-26 09:05:00+00:00,76684.9,76685.0,76621.0,76634.2,207.339,15890772.2345
2026-05-26 09:10:00+00:00,76634.3,76695.4,76624.3,76651.2,101.897,7811343.7489
2026-05-26 09:15:00+00:00,76651.2,76779.2,76623.7,76751.6,294.583,22598797.1917
2026-05-26 09:20:00+00:00,76751.5,76757.4,76606.0,76630.0,177.764,13628272.9361
2026-05-26 09:25:00+00:00,76629.9,76703.1,76627.3,76701.6,98.588,7559106.8856
2026-05-26 09:30:00+00:00,76701.7,76750.2,76683.0,76687.8,120.153,9218047.7663
2026-05-26 09:35:00+00:00,76687.8,76713.6,76619.8,76674.9,398.93,30584890.6005
2026-05-26 09:40:00+00:00,76674.9,76680.5,76638.4,76654.1,124.572,9549514.536
2026-05-26 09:45:00+00:00,76654.0,76671.2,76608.9,76615.1,83.724,6416764.9843
2026-05-26 09:50:00+00:00,76615.2,76642.9,76615.1,76642.0,78.963,6051023.6946
2026-05-26 09:55:00+00:00,76642.0,76655.0,76640.9,76641.0,92.098,7058822.7752
2026-05-26 10:00:00+00:00,76640.9,76641.0,76581.0,76581.1,303.052,23216147.6215
2026-05-26 10:05:00+00:00,76581.1,76624.0,76543.8,76624.0,316.855,24264558.5816
2026-05-26 10:10:00+00:00,76624.0,76695.1,76623.0,76686.9,164.96,12646100.3854
2026-05-26 10:15:00+00:00,76686.9,76878.8,76686.9,76860.1,414.111,31793695.3092
2026-05-26 10:20:00+00:00,76860.1,76952.4,76850.1,76917.3,701.221,53926759.6964
2026-05-26 10:25:00+00:00,76917.2,77242.5,76895.1,77198.5,2693.482,207707551.2274
2026-05-26 10:30:00+00:00,77198.4,77249.8,77129.4,77249.8,1373.342,106009961.8912
2026-05-26 10:35:00+00:00,77249.8,77450.0,77199.1,77389.4,2441.916,188889921.6229
2026-05-26 10:40:00+00:00,77389.4,77548.5,77389.4,77472.9,1442.11,111732126.6859
2026-05-26 10:45:00+00:00,77472.9,77546.6,77373.4,77508.5,1122.036,86907501.1577
2026-05-26 10:50:00+00:00,77508.6,77600.0,77428.1,77439.5,846.542,65612337.3832
2026-05-26 10:55:00+00:00,77439.5,77495.0,77390.7,77398.6,471.962,36551908.6408
2026-05-26 11:00:00+00:00,77398.7,77456.3,77378.8,77454.4,408.35,31612087.5766
2026-05-26 11:05:00+00:00,77454.5,77477.7,77331.0,77333.3,565.813,43789433.9533
2026-05-26 11:10:00+00:00,77333.3,77350.0,77224.4,77237.6,538.176,41588394.5074
2026-05-26 11:15:00+00:00,77237.6,77326.5,77228.3,77271.6,687.513,53123937.9286
2026-05-26 11:20:00+00:00,77271.6,77271.6,77165.5,77220.6,702.82,54262639.6819
2026-05-26 11:25:00+00:00,77220.6,77249.9,77188.0,77197.0,283.8,21912924.4445
2026-05-26 11:30:00+00:00,77197.0,77285.3,77184.6,77215.4,433.747,33494944.9579
2026-05-26 11:35:00+00:00,77215.3,77232.0,77136.2,77191.6,358.853,27691561.7118
2026-05-26 11:40:00+00:00,77191.6,77231.8,77183.4,77194.6,144.434,11151329.4098
2026-05-26 11:45:00+00:00,77194.6,77239.7,77171.8,77228.0,270.08,20852041.7675
2026-05-26 11:50:00+00:00,77228.1,77253.5,77206.2,77206.3,138.271,10678288.8309
2026-05-26 11:55:00+00:00,77206.3,77235.7,77150.0,77153.9,172.943,13348458.7306
2026-05-26 12:00:00+00:00,77153.8,77200.0,77150.0,77188.7,210.097,16213128.2733
2026-05-26 12:05:00+00:00,77188.7,77200.0,76847.8,76919.5,2518.99,193931751.4483
2026-05-26 12:10:00+00:00,76919.4,77046.6,76900.0,77019.9,508.548,39139422.9529
2026-05-26 12:15:00+00:00,77019.9,77074.0,76984.0,77031.3,533.392,41092137.5899
2026-05-26 12:20:00+00:00,77031.2,77037.3,76957.2,76967.7,256.541,19751544.2335
2026-05-26 12:25:00+00:00,76967.8,76992.0,76918.0,76992.0,316.114,24322674.9781
2026-05-26 12:30:00+00:00,76992.0,77041.2,76932.1,77011.5,336.273,25894048.8976
2026-05-26 12:35:00+00:00,77011.5,77028.3,76988.6,77010.6,173.125,13332062.2689
2026-05-26 12:40:00+00:00,77010.6,77076.1,77010.5,77061.6,233.857,18018875.9057
2026-05-26 12:45:00+00:00,77061.6,77088.4,77025.6,77065.5,275.071,21197239.6375
2026-05-26 12:50:00+00:00,77065.4,77093.4,77024.2,77079.9,234.869,18100208.5286
2026-05-26 12:55:00+00:00,77079.8,77115.3,77079.8,77098.9,278.954,21506186.4974
2026-05-26 13:00:00+00:00,77098.9,77117.2,77046.5,77067.2,311.76,24035170.9648
2026-05-26 13:05:00+00:00,77067.1,77079.5,77021.6,77026.8,155.283,11963276.617
2026-05-26 13:10:00+00:00,77026.8,77059.1,77016.0,77057.7,192.939,14862981.175
2026-05-26 13:15:00+00:00,77057.7,77058.4,76914.8,76919.7,204.481,15742193.3245
2026-05-26 13:20:00+00:00,76919.6,76982.2,76742.1,76843.1,1946.757,149572423.1447
2026-05-26 13:25:00+00:00,76843.1,76849.3,76759.4,76762.7,531.031,40776424.9957
2026-05-26 13:30:00+00:00,76762.7,76821.3,76641.7,76762.2,1417.653,108788580.4083
2026-05-26 13:35:00+00:00,76762.1,76879.5,76704.6,76822.9,575.741,44222482.282
2026-05-26 13:40:00+00:00,76823.0,76961.3,76782.3,76867.2,650.84,50029397.8544
2026-05-26 13:45:00+00:00,76867.1,77361.7,76867.1,77329.6,1923.337,148354046.0431
2026-05-26 13:50:00+00:00,77329.6,77432.6,77114.6,77145.3,1756.3,135701880.1055
2026-05-26 13:55:00+00:00,77145.4,77299.0,77145.4,77199.2,553.274,42721420.2621
2026-05-26 14:00:00+00:00,77199.2,77250.0,77111.7,77144.0,908.28,70093537.847
2026-05-26 14:05:00+00:00,77144.1,77241.9,77086.5,77212.0,511.166,39442841.5752
2026-05-26 14:10:00+00:00,77211.9,77377.0,77211.9,77376.9,774.408,59861966.8684
2026-05-26 14:15:00+00:00,77377.0,77696.3,77325.7,77491.0,2974.226,230555704.2566
2026-05-26 14:20:00+00:00,77491.1,77858.0,77491.0,77757.5,3404.04,264499863.2174
2026-05-26 14:25:00+00:00,77757.5,78077.1,77757.5,77923.0,5451.003,424988305.1946
2026-05-26 14:30:00+00:00,77923.1,77973.4,77500.0,77537.4,3440.525,267364492.4442
2026-05-26 14:35:00+00:00,77537.3,77549.2,76864.9,76895.7,4780.481,368972463.8297
2026-05-26 14:40:00+00:00,76895.8,76975.1,76711.7,76788.1,4484.8,344680769.0426
2026-05-26 14:45:00+00:00,76788.1,76972.5,76682.3,76940.9,3226.374,247882178.3257
2026-05-26 14:50:00+00:00,76940.8,77168.3,76902.9,77045.4,2120.722,163421303.8108
2026-05-26 14:55:00+00:00,77045.5,77045.5,76870.1,76873.6,796.372,61280988.7859
2026-05-26 15:00:00+00:00,76873.6,76983.4,76650.0,76813.8,1624.543,124742959.4406
2026-05-26 15:05:00+00:00,76813.8,76891.6,76720.9,76846.8,706.906,54301116.1967
2026-05-26 15:10:00+00:00,76846.7,76949.8,76826.0,76935.9,517.978,39831474.5433
2026-05-26 15:15:00+00:00,76935.9,76951.6,76810.9,76828.3,481.149,36988647.5973
2026-05-26 15:20:00+00:00,76828.3,76844.2,76501.0,76677.6,1714.635,131422469.2331
2026-05-26 15:25:00+00:00,76677.7,76739.7,76600.0,76614.6,719.941,55208667.1705
2026-05-26 15:30:00+00:00,76614.5,76667.4,76301.1,76403.4,3293.368,251685823.6978
2026-05-26 15:35:00+00:00,76403.3,76443.9,76322.0,76422.6,3435.449,262450613.902
2026-05-26 15:40:00+00:00,76422.6,76579.6,76330.0,76500.9,1650.562,126197782.2298
2026-05-26 15:45:00+00:00,76500.8,76500.8,76370.0,76415.4,850.172,64976349.1758
2026-05-26 15:50:00+00:00,76415.5,76449.9,76234.7,76271.3,1763.92,134612837.9839
2026-05-26 15:55:00+00:00,76271.2,76518.5,76240.0,76478.2,1001.388,76473672.3007
2026-05-26 16:00:00+00:00,76478.2,76493.3,76375.2,76440.9,804.146,61465671.1469
2026-05-26 16:05:00+00:00,76440.9,76455.0,76345.0,76423.9,772.809,59032910.1578
2026-05-26 16:10:00+00:00,76423.9,76423.9,76171.0,76304.8,1282.04,97802459.4983
2026-05-26 16:15:00+00:00,76304.9,76468.2,76276.4,76436.4,563.296,43037667.461
2026-05-26 16:20:00+00:00,76436.3,76514.0,76382.4,76495.7,699.721,53498928.174
2026-05-26 16:25:00+00:00,76495.7,76540.0,76429.0,76513.5,702.288,53716673.6671
2026-05-26 16:30:00+00:00,76513.5,76580.9,76459.9,76576.7,1139.804,87219014.7644
2026-05-26 16:35:00+00:00,76576.7,76678.7,76565.9,76606.6,968.929,74256635.7243
2026-05-26 16:40:00+00:00,76606.6,76606.7,76510.2,76510.2,365.939,28013450.7465
2026-05-26 16:45:00+00:00,76510.3,76570.7,76432.7,76432.8,315.43,24133560.611
2026-05-26 16:50:00+00:00,76432.7,76504.7,76379.0,76488.8,1002.264,76607305.6801
2026-05-26 16:55:00+00:00,76488.8,76535.5,76456.4,76534.6,347.357,26572789.8712
2026-05-26 17:00:00+00:00,76534.7,76624.9,76507.3,76565.4,354.547,27144707.7689
2026-05-26 17:05:00+00:00,76565.4,76565.5,76440.2,76527.1,325.691,24911591.0465
2026-05-26 17:10:00+00:00,76527.1,76530.6,76451.4,76451.4,189.597,14502835.851
2026-05-26 17:15:00+00:00,76451.4,76458.8,76271.5,76293.2,635.446,48520502.9923
2026-05-26 17:20:00+00:00,76293.1,76293.1,76120.0,76159.5,1637.268,124758732.3927
2026-05-26 17:25:00+00:00,76159.5,76164.2,76026.6,76030.4,2316.468,176254356.0544
2026-05-26 17:30:00+00:00,76030.4,76036.1,75809.5,75865.1,4221.69,320490888.177
2026-05-26 17:35:00+00:00,75865.1,76000.0,75856.9,75935.2,929.286,70581135.3532
2026-05-26 17:40:00+00:00,75935.2,76011.1,75828.7,76005.5,2213.526,168094385.5402
2026-05-26 17:45:00+00:00,76005.5,76137.8,75958.9,76101.4,1018.512,77436124.8148
2026-05-26 17:50:00+00:00,76101.4,76104.4,76003.8,76005.7,550.664,41874718.9676
2026-05-26 17:55:00+00:00,76005.7,76060.4,75903.2,75909.6,702.38,53368719.0478
2026-05-26 18:00:00+00:00,75909.6,76000.1,75831.2,75970.5,1948.184,147907388.2119
2026-05-26 18:05:00+00:00,75970.5,76010.7,75919.1,75971.4,310.793,23608259.4491
2026-05-26 18:10:00+00:00,75971.4,76002.5,75892.6,75996.4,373.912,28399373.6514
2026-05-26 18:15:00+00:00,75996.4,76123.0,75980.5,76089.9,476.894,36269747.5686
2026-05-26 18:20:00+00:00,76089.9,76296.7,76085.2,76214.9,1354.503,103219877.4879
2026-05-26 18:25:00+00:00,76214.8,76248.0,76042.3,76074.4,351.973,26805446.3526
2026-05-26 18:30:00+00:00,76074.4,76116.6,76021.1,76109.7,383.891,29205993.6194
2026-05-26 18:35:00+00:00,76109.8,76115.7,76033.1,76063.9,242.125,18421035.3728
2026-05-26 18:40:00+00:00,76063.9,76064.0,75860.2,75892.0,654.379,49687195.3878
2026-05-26 18:45:00+00:00,75892.1,75986.6,75887.8,75933.7,325.801,24738785.9404
2026-05-26 18:50:00+00:00,75933.7,75972.0,75918.0,75918.0,169.937,12905164.1143
2026-05-26 18:55:00+00:00,75918.1,75935.2,75711.0,75822.6,1218.154,92349140.6861
2026-05-26 19:00:00+00:00,75822.6,75872.0,75807.6,75841.1,444.95,33744567.5246
2026-05-26 19:05:00+00:00,75841.2,75911.6,75811.8,75880.3,304.475,23096535.1385
2026-05-26 19:10:00+00:00,75880.4,75914.9,75810.0,75836.1,317.825,24109192.1962
2026-05-26 19:15:00+00:00,75836.1,75876.0,75782.0,75854.5,303.273,22996253.2907
2026-05-26 19:20:00+00:00,75854.5,75886.9,75834.6,75860.0,149.247,11321527.7651
2026-05-26 19:25:00+00:00,75860.2,75912.4,75857.5,75895.5,194.017,14724526.9438
2026-05-26 19:30:00+00:00,75895.5,75978.5,75895.4,75908.4,315.401,23950298.6
2026-05-26 19:35:00+00:00,75908.4,75946.4,75855.9,75933.9,224.739,17058106.5737
2026-05-26 19:40:00+00:00,75933.9,76035.1,75923.9,76000.1,246.553,18736002.6274
2026-05-26 19:45:00+00:00,76000.0,76023.2,75963.0,75983.1,214.414,16295329.7337
2026-05-26 19:50:00+00:00,75983.0,76080.0,75983.0,76046.2,395.415,30070343.5938
2026-05-26 19:55:00+00:00,76046.2,76076.0,76000.0,76028.3,352.162,26777805.0173
2026-05-26 20:00:00+00:00,76028.4,76090.9,76013.2,76071.5,362.986,27603763.3224
2026-05-26 20:05:00+00:00,76071.4,76096.2,76041.7,76055.1,278.227,21162922.1353
2026-05-26 20:10:00+00:00,76055.1,76100.0,76049.8,76089.2,146.371,11135189.6181
2026-05-26 20:15:00+00:00,76089.2,76129.7,76018.7,76026.4,201.39,15321395.1937
2026-05-26 20:20:00+00:00,76026.5,76037.4,75980.7,76023.4,265.886,20209877.8938
2026-05-26 20:25:00+00:00,76023.3,76135.8,76023.3,76135.8,163.468,12440910.0561
2026-05-26 20:30:00+00:00,76135.8,76157.8,76002.0,76004.8,205.27,15620133.0259
2026-05-26 20:35:00+00:00,76004.8,76040.2,75960.2,76024.5,271.038,20597865.4319
2026-05-26 20:40:00+00:00,76024.5,76070.5,76018.1,76048.4,107.367,8164328.2798
2026-05-26 20:45:00+00:00,76048.4,76094.6,76042.2,76064.5,112.484,8557330.9814
2026-05-26 20:50:00+00:00,76064.6,76078.0,76042.4,76056.9,112.815,8580540.099
2026-05-26 20:55:00+00:00,76057.0,76097.1,76043.5,76082.0,124.752,9490368.3668
2026-05-26 21:00:00+00:00,76081.9,76092.3,75982.0,75996.1,109.542,8329518.8306
2026-05-26 21:05:00+00:00,75996.1,76013.1,75961.8,75985.1,127.545,9691591.1167
2026-05-26 21:10:00+00:00,75985.0,75985.1,75822.6,75870.4,427.59,32452823.4074
2026-05-26 21:15:00+00:00,75870.5,75960.0,75860.6,75947.0,161.404,12253814.8796
2026-05-26 21:20:00+00:00,75947.1,76008.2,75941.1,75992.2,109.773,8341139.6686
2026-05-26 21:25:00+00:00,75992.1,76032.9,75992.1,76022.4,87.607,6659797.9752
2026-05-26 21:30:00+00:00,76022.3,76064.4,75960.2,75976.0,122.89,9342194.6407
2026-05-26 21:35:00+00:00,75976.1,76023.3,75974.6,75992.2,81.585,6200062.9791
2026-05-26 21:40:00+00:00,75992.1,76024.8,75950.5,75972.4,106.086,8060639.3889
2026-05-26 21:45:00+00:00,75972.3,76016.8,75972.3,75973.2,49.524,3763426.2182
2026-05-26 21:50:00+00:00,75973.2,75973.3,75900.1,75907.6,233.619,17739485.1826
2026-05-26 21:55:00+00:00,75907.7,75925.8,75832.8,75864.0,320.944,24351281.2872
2026-05-26 22:00:00+00:00,75864.0,75975.6,75863.9,75895.1,192.261,14594821.7809
2026-05-26 22:05:00+00:00,75895.1,75901.9,75760.1,75820.0,444.45,33695309.8318
2026-05-26 22:10:00+00:00,75820.1,75844.4,75711.0,75767.3,756.17,57280905.186
2026-05-26 22:15:00+00:00,75767.4,75821.4,75721.2,75764.1,333.111,25238604.9729
2026-05-26 22:20:00+00:00,75764.1,75796.9,75743.7,75773.4,168.618,12776316.7182
2026-05-26 22:25:00+00:00,75773.5,75782.6,75750.0,75770.4,141.543,10724424.7316
2026-05-26 22:30:00+00:00,75770.3,75835.3,75740.4,75832.0,224.204,16992915.35
2026-05-26 22:35:00+00:00,75832.0,75845.8,75753.5,75778.5,234.208,17752315.3989
2026-05-26 22:40:00+00:00,75778.4,75826.2,75757.6,75774.3,232.415,17613946.715
2026-05-26 22:45:00+00:00,75774.3,75774.3,75641.2,75678.7,889.525,67323457.0044
2026-05-26 22:50:00+00:00,75678.8,75744.1,75660.0,75725.0,239.445,18123681.1346
2026-05-26 22:55:00+00:00,75724.9,75729.7,75691.1,75729.6,155.631,11782693.3839
2026-05-26 23:00:00+00:00,75729.7,75879.9,75729.7,75850.3,336.784,25540078.5045
2026-05-26 23:05:00+00:00,75850.4,75874.9,75802.7,75854.2,276.573,20975938.3658
2026-05-26 23:10:00+00:00,75854.2,75912.3,75854.2,75867.6,530.701,40272593.4957
2026-05-26 23:15:00+00:00,75867.5,75923.0,75857.9,75903.8,185.791,14100903.9577
2026-05-26 23:20:00+00:00,75903.7,75913.4,75861.6,75861.6,150.998,11458501.9662
2026-05-26 23:25:00+00:00,75861.6,75886.4,75836.6,75884.1,182.049,13811235.382
2026-05-26 23:30:00+00:00,75884.0,75900.0,75867.2,75882.3,160.194,12155502.9924
2026-05-26 23:35:00+00:00,75882.3,75957.1,75862.5,75926.3,245.579,18642838.4036
2026-05-26 23:40:00+00:00,75926.4,75962.0,75915.0,75924.4,238.313,18097091.1841
2026-05-26 23:45:00+00:00,75924.5,75939.7,75900.2,75906.6,140.695,10682182.4471
2026-05-26 23:50:00+00:00,75906.7,75906.7,75868.6,75904.6,123.879,9401586.3423
2026-05-26 23:55:00+00:00,75904.6,75907.1,75885.1,75905.5,95.288,7232020.8554
2026-05-27 00:00:00+00:00,75905.6,75950.8,75890.8,75891.6,437.448,33211519.5372
2026-05-27 00:05:00+00:00,75891.5,75962.6,75891.5,75962.6,214.623,16297048.6814
2026-05-27 00:10:00+00:00,75962.5,75992.0,75938.0,75959.7,200.22,15208821.0103
2026-05-27 00:15:00+00:00,75959.7,75959.7,75854.9,75878.0,211.817,16073159.6448
2026-05-27 00:20:00+00:00,75878.0,75893.2,75858.6,75862.6,128.974,9785950.4531
2026-05-27 00:25:00+00:00,75862.6,75919.1,75862.5,75908.6,118.755,9012383.4518
2026-05-27 00:30:00+00:00,75908.6,76031.9,75908.6,75983.2,398.35,30267927.2605
2026-05-27 00:35:00+00:00,75983.1,75983.2,75873.2,75882.5,198.497,15073535.9196
2026-05-27 00:40:00+00:00,75882.4,75969.4,75882.4,75938.5,194.804,14793380.6007
2026-05-27 00:45:00+00:00,75938.5,76006.3,75925.6,75929.5,212.402,16135576.1073
2026-05-27 00:50:00+00:00,75929.4,76032.8,75929.4,76010.2,358.133,27213269.2642
2026-05-27 00:55:00+00:00,76010.1,76069.0,76005.0,76055.3,369.704,28116210.0055
2026-05-27 01:00:00+00:00,76055.3,76083.9,75996.8,76032.0,424.835,32300510.5483
2026-05-27 01:05:00+00:00,76032.1,76051.5,75984.4,76038.0,208.299,15832210.1757
2026-05-27 01:10:00+00:00,76037.9,76055.0,76008.3,76054.9,158.73,12068560.5783
2026-05-27 01:15:00+00:00,76055.0,76055.0,75862.4,75864.4,385.592,29292338.1687
2026-05-27 01:20:00+00:00,75864.4,75870.2,75794.9,75844.2,455.908,34568565.9694
2026-05-27 01:25:00+00:00,75844.2,75867.2,75800.8,75844.9,173.382,13148284.7179
2026-05-27 01:30:00+00:00,75844.9,75888.8,75811.0,75830.2,181.603,13773386.4401
2026-05-27 01:35:00+00:00,75830.3,75850.0,75801.8,75846.9,129.4,9812748.861
2026-05-27 01:40:00+00:00,75846.8,75906.9,75820.8,75841.0,169.891,12889829.7101
2026-05-27 01:45:00+00:00,75841.0,75959.5,75821.8,75944.4,315.873,23972168.9578
2026-05-27 01:50:00+00:00,75944.4,75949.7,75916.4,75922.7,117.546,8925426.0166
2026-05-27 01:55:00+00:00,75922.7,75931.6,75822.3,75846.6,128.378,9739913.5707
2026-05-27 02:00:00+00:00,75846.6,75868.1,75743.9,75836.7,381.634,28927293.7393
2026-05-27 02:05:00+00:00,75836.7,75836.8,75750.0,75754.3,199.41,15111314.6476
2026-05-27 02:10:00+00:00,75754.3,75796.0,75745.5,75788.3,156.556,11862722.1075
2026-05-27 02:15:00+00:00,75788.4,75811.0,75654.8,75685.3,501.6,37976156.8724
2026-05-27 02:20:00+00:00,75685.3,75734.4,75685.2,75734.4,248.003,18776645.4698
2026-05-27 02:25:00+00:00,75734.4,75787.9,75723.0,75732.6,243.137,18419017.8198
2026-05-27 02:30:00+00:00,75732.5,75780.8,75700.0,75780.8,184.657,13984598.9134
2026-05-27 02:35:00+00:00,75780.7,75815.9,75670.8,75678.8,190.167,14405631.5992
2026-05-27 02:40:00+00:00,75678.9,75722.8,75678.8,75710.4,156.32,11833397.2176
2026-05-27 02:45:00+00:00,75710.5,75766.6,75706.7,75717.8,145.872,11045850.129
2026-05-27 02:50:00+00:00,75717.8,75779.3,75717.7,75770.6,135.577,10269266.5127
2026-05-27 02:55:00+00:00,75770.7,75861.2,75770.6,75850.9,259.378,19663886.6763
2026-05-27 03:00:00+00:00,75850.9,75919.6,75808.4,75897.5,360.844,27377617.3998
2026-05-27 03:05:00+00:00,75897.5,75940.0,75892.6,75900.0,377.353,28646791.6689
2026-05-27 03:10:00+00:00,75899.9,75900.0,75856.2,75856.8,132.908,10084073.2122
2026-05-27 03:15:00+00:00,75856.9,75867.5,75794.5,75838.1,334.059,25329579.9269
2026-05-27 03:20:00+00:00,75838.0,75838.1,75775.7,75799.9,142.717,10818464.4494
2026-05-27 03:25:00+00:00,75799.9,75851.0,75799.9,75817.7,180.185,13662557.6576
2026-05-27 03:30:00+00:00,75817.7,75838.5,75778.9,75786.5,72.808,5519556.4895
2026-05-27 03:35:00+00:00,75786.5,75786.6,75710.0,75725.1,203.739,15431286.2113
2026-05-27 03:40:00+00:00,75725.1,75758.3,75725.1,75740.0,173.567,13146492.2201
2026-05-27 03:45:00+00:00,75740.0,75747.1,75555.1,75624.1,827.182,62559551.7131
2026-05-27 03:50:00+00:00,75624.0,75656.3,75596.5,75648.8,485.09,36690734.0064
2026-05-27 03:55:00+00:00,75648.8,75691.4,75608.5,75635.6,275.217,20817510.1281
2026-05-27 04:00:00+00:00,75635.6,75668.9,75600.0,75624.2,295.905,22379247.5556
2026-05-27 04:05:00+00:00,75624.2,75680.1,75614.6,75666.0,370.655,28044900.2063
2026-05-27 04:10:00+00:00,75666.1,75679.3,75593.3,75599.9,210.996,15961400.1231
2026-05-27 04:15:00+00:00,75600.0,75603.8,75467.1,75508.3,1281.227,96761074.0814
2026-05-27 04:20:00+00:00,75508.3,75521.4,75467.0,75502.9,560.778,42336449.6242
2026-05-27 04:25:00+00:00,75502.9,75504.6,75480.0,75480.0,212.862,16069657.9514
2026-05-27 04:30:00+00:00,75480.0,75491.4,75277.8,75315.3,2819.811,212488711.8955
2026-05-27 04:35:00+00:00,75315.4,75366.9,75304.6,75341.8,836.531,63012137.8213
2026-05-27 04:40:00+00:00,75341.8,75349.7,75285.0,75321.6,518.674,39060118.8984
2026-05-27 04:45:00+00:00,75321.6,75475.9,75321.6,75475.8,708.611,53438152.1975
2026-05-27 04:50:00+00:00,75475.9,75575.7,75465.9,75568.0,731.196,55230351.0101
2026-05-27 04:55:00+00:00,75568.0,75573.2,75542.8,75542.9,293.114,22146863.9016
2026-05-27 05:00:00+00:00,75543.0,75616.4,75542.9,75604.9,450.286,34035223.4052
2026-05-27 05:05:00+00:00,75604.9,75616.0,75572.8,75614.7,294.623,22272300.1503
2026-05-27 05:10:00+00:00,75614.8,75614.8,75566.4,75596.0,215.132,16261300.278
2026-05-27 05:15:00+00:00,75596.1,75605.9,75576.8,75590.4,170.646,12899399.4107
2026-05-27 05:20:00+00:00,75590.4,75647.2,75559.1,75634.5,355.628,26888497.637
2026-05-27 05:25:00+00:00,75634.4,75684.6,75625.1,75638.5,341.67,25848953.6393
2026-05-27 05:30:00+00:00,75638.5,75675.9,75591.2,75606.0,314.826,23812384.3722
2026-05-27 05:35:00+00:00,75606.1,75692.0,75604.8,75650.1,285.733,21615208.3543
2026-05-27 05:40:00+00:00,75650.0,75650.1,75539.9,75603.8,321.635,24309466.7359
2026-05-27 05:45:00+00:00,75603.8,75654.0,75593.1,75613.4,123.956,9373932.6441
2026-05-27 05:50:00+00:00,75613.3,75671.4,75613.3,75671.4,153.884,11639816.0619
2026-05-27 05:55:00+00:00,75671.4,75708.6,75668.7,75676.4,336.224,25448755.2336
2026-05-27 06:00:00+00:00,75676.4,75723.8,75659.3,75696.2,303.093,22942109.3491
2026-05-27 06:05:00+00:00,75696.2,75769.5,75696.1,75765.3,373.541,28293364.8084
2026-05-27 06:10:00+00:00,75765.4,75765.4,75674.2,75707.0,320.36,24254873.8823
2026-05-27 06:15:00+00:00,75706.9,75715.3,75654.1,75699.7,148.378,11229312.5501
2026-05-27 06:20:00+00:00,75699.7,75707.0,75649.1,75683.1,100.542,7609164.4099
2026-05-27 06:25:00+00:00,75683.2,75715.2,75668.2,75707.0,79.146,5990857.7658
2026-05-27 06:30:00+00:00,75707.1,75783.4,75700.3,75700.3,172.02,13028976.7056
2026-05-27 06:35:00+00:00,75700.4,75770.0,75689.7,75739.9,180.491,13669883.4318
2026-05-27 06:40:00+00:00,75739.9,75795.4,75739.0,75795.4,131.547,9967661.7666
2026-05-27 06:45:00+00:00,75795.3,75841.5,75778.0,75819.5,426.361,32324361.2942
2026-05-27 06:50:00+00:00,75819.5,75864.4,75807.0,75823.5,283.465,21497848.5003
2026-05-27 06:55:00+00:00,75823.5,75838.6,75780.0,75800.0,140.436,10644930.4676
2026-05-27 07:00:00+00:00,75800.0,75855.5,75799.9,75814.6,163.21,12375054.294
2026-05-27 07:05:00+00:00,75814.6,75847.7,75765.9,75776.2,239.692,18168642.0777
2026-05-27 07:10:00+00:00,75776.1,75776.1,75727.1,75757.6,143.978,10905620.0945
2026-05-27 07:15:00+00:00,75757.6,75815.9,75721.4,75790.0,290.476,22011597.6706
2026-05-27 07:20:00+00:00,75789.9,75836.3,75761.6,75823.0,135.057,10237081.7763
2026-05-27 07:25:00+00:00,75823.0,75833.0,75805.9,75832.9,94.183,7141073.7463
2026-05-27 07:30:00+00:00,75833.0,75914.1,75810.3,75903.1,532.9,40432769.7779
2026-05-27 07:35:00+00:00,75903.1,75938.0,75853.8,75865.3,685.75,52050102.9566
2026-05-27 07:40:00+00:00,75865.2,75866.0,75833.6,75847.4,146.375,11102606.2707
2026-05-27 07:45:00+00:00,75847.4,75894.6,75847.4,75870.1,238.102,18064926.7359
2026-05-27 07:50:00+00:00,75870.1,75931.3,75852.1,75911.2,269.903,20484417.4396
2026-05-27 07:55:00+00:00,75911.3,75940.0,75911.2,75935.0,338.617,25710882.903
2026-05-27 08:00:00+00:00,75935.0,75977.9,75912.6,75951.1,474.965,36072493.199
2026-05-27 08:05:00+00:00,75951.2,75966.9,75887.1,75887.4,491.112,37282068.4436
2026-05-27 08:10:00+00:00,75887.3,75907.6,75862.0,75883.2,272.625,20687853.8199
2026-05-27 08:15:00+00:00,75883.2,75890.0,75855.0,75879.0,129.824,9850223.9412
2026-05-27 08:20:00+00:00,75879.1,75954.0,75867.0,75929.5,395.169,29996098.891
2026-05-27 08:25:00+00:00,75929.4,76038.0,75929.4,76010.2,633.248,48133258.6528
2026-05-27 08:30:00+00:00,76010.2,76010.2,75950.2,75968.8,325.163,24707321.3438
2026-05-27 08:35:00+00:00,75968.9,75975.6,75935.9,75968.2,197.006,14964016.135
2026-05-27 08:40:00+00:00,75968.3,75968.3,75917.1,75935.4,168.738,12814299.9404
2026-05-27 08:45:00+00:00,75935.4,75954.6,75920.0,75943.0,180.368,13696314.6958
2026-05-27 08:50:00+00:00,75943.1,75950.0,75821.3,75843.9,336.942,25564501.4811
2026-05-27 08:55:00+00:00,75843.9,75846.2,75800.0,75838.4,207.683,15746543.4219
2026-05-27 09:00:00+00:00,75838.5,75846.4,75689.1,75729.6,548.96,41582454.0427
2026-05-27 09:05:00+00:00,75729.7,75765.0,75701.6,75755.5,234.39,17752673.6471
2026-05-27 09:10:00+00:00,75755.6,75765.0,75712.9,75717.4,310.416,23508958.1115
2026-05-27 09:15:00+00:00,75717.5,75721.5,75666.0,75694.9,245.73,18600635.3468
2026-05-27 09:20:00+00:00,75694.8,75800.1,75694.8,75800.1,301.988,22878449.031
2026-05-27 09:25:00+00:00,75800.0,75817.7,75766.2,75783.8,228.948,17353177.0798
2026-05-27 09:30:00+00:00,75783.8,75846.2,75770.0,75815.9,196.618,14906303.1517
2026-05-27 09:35:00+00:00,75816.0,75943.7,75815.9,75930.5,385.486,29256987.3432
2026-05-27 09:40:00+00:00,75930.5,75930.6,75891.3,75891.4,193.473,14685500.9934
2026-05-27 09:45:00+00:00,75891.3,75901.0,75862.4,75887.2,153.528,11650010.7487
2026-05-27 09:50:00+00:00,75887.3,75910.0,75826.2,75876.5,180.675,13706852.0626
2026-05-27 09:55:00+00:00,75876.5,75882.2,75858.0,75875.6,118.881,9019789.2263
2026-05-27 10:00:00+00:00,75875.7,75879.4,75841.7,75860.9,209.833,15917184.0537
2026-05-27 10:05:00+00:00,75860.8,75887.9,75846.1,75850.7,229.632,17422189.0939
2026-05-27 10:10:00+00:00,75850.7,75919.9,75845.6,75919.8,139.444,10579930.3134
2026-05-27 10:15:00+00:00,75919.9,75973.5,75904.9,75946.2,265.657,20174768.6426
2026-05-27 10:20:00+00:00,75946.2,75973.4,75915.6,75971.9,261.302,19844431.0564
2026-05-27 10:25:00+00:00,75971.9,76010.2,75953.8,75957.8,331.311,25175333.3561
2026-05-27 10:30:00+00:00,75957.7,75982.7,75866.0,75876.4,199.531,15153094.3021
2026-05-27 10:35:00+00:00,75876.4,75906.0,75850.2,75855.5,169.926,12894165.0525
2026-05-27 10:40:00+00:00,75855.5,75877.5,75835.0,75872.8,180.45,13688647.3432
2026-05-27 10:45:00+00:00,75872.8,75899.9,75850.1,75878.7,288.65,21901274.6039
2026-05-27 10:50:00+00:00,75878.7,75912.0,75863.5,75891.4,145.34,11030295.3902
2026-05-27 10:55:00+00:00,75891.3,75893.9,75863.7,75863.7,77.4,5873482.7195
2026-05-27 11:00:00+00:00,75863.8,75965.5,75844.0,75931.5,163.164,12388523.0393
2026-05-27 11:05:00+00:00,75931.5,75953.3,75909.0,75909.0,166.54,12646815.2444
2026-05-27 11:10:00+00:00,75909.0,75939.3,75891.0,75918.9,171.05,12986249.4095
2026-05-27 11:15:00+00:00,75918.9,75988.0,75908.4,75943.6,242.131,18390204.0724
2026-05-27 11:20:00+00:00,75943.6,75992.2,75943.6,75973.2,291.86,22174904.8934
2026-05-27 11:25:00+00:00,75973.1,75978.8,75883.4,75883.5,143.167,10872837.0985
2026-05-27 11:30:00+00:00,75883.4,75883.5,75760.1,75809.9,507.925,38501676.5526
2026-05-27 11:35:00+00:00,75810.0,75877.9,75804.9,75844.7,197.067,14944654.1991
2026-05-27 11:40:00+00:00,75844.7,75844.8,75783.6,75804.8,338.956,25692521.0611
2026-05-27 11:45:00+00:00,75804.9,75804.9,75734.0,75758.9,230.209,17443452.3245
2026-05-27 11:50:00+00:00,75758.8,75774.4,75731.4,75731.4,133.307,10098703.5939
2026-05-27 11:55:00+00:00,75731.4,75760.0,75723.6,75737.9,196.414,14875586.1116
2026-05-27 12:00:00+00:00,75737.9,75748.6,75684.6,75719.9,256.798,19444569.1999
2026-05-27 12:05:00+00:00,75719.8,75728.8,75621.0,75650.5,431.772,32666038.2429
2026-05-27 12:10:00+00:00,75650.5,75650.6,75571.9,75600.0,639.701,48364483.1656
2026-05-27 12:15:00+00:00,75600.0,75824.5,75541.0,75808.1,1147.587,86859952.2519
2026-05-27 12:20:00+00:00,75808.1,76155.5,75775.5,75830.0,2475.888,188061860.7373
2026-05-27 12:25:00+00:00,75829.9,75924.6,75788.0,75910.9,713.427,54132298.7941
2026-05-27 12:30:00+00:00,75910.9,75965.8,75788.0,75788.0,405.237,30756784.4368
2026-05-27 12:35:00+00:00,75788.0,75945.5,75788.0,75905.0,496.572,37681205.2715
2026-05-27 12:40:00+00:00,75905.0,75922.0,75856.6,75892.3,172.073,13058786.034
2026-05-27 12:45:00+00:00,75892.3,75892.4,75680.1,75780.7,652.318,49420339.693
2026-05-27 12:50:00+00:00,75780.7,75800.0,75718.8,75766.8,223.879,16962429.2927
2026-05-27 12:55:00+00:00,75766.8,75766.8,75652.1,75655.0,438.49,33186830.4814
2026-05-27 13:00:00+00:00,75654.9,75735.6,75604.0,75604.0,637.663,48261397.8117
2026-05-27 13:05:00+00:00,75604.0,75637.3,75461.6,75474.7,1287.841,97278049.8578
2026-05-27 13:10:00+00:00,75474.7,75510.0,75359.0,75414.7,1145.193,86388493.419
2026-05-27 13:15:00+00:00,75414.6,75459.2,75312.0,75434.1,979.421,73842603.201
2026-05-27 13:20:00+00:00,75434.2,75444.7,75301.0,75346.4,818.349,61662384.7016
2026-05-27 13:25:00+00:00,75346.4,75354.7,75158.0,75167.0,2246.258,168971651.3322
2026-05-27 13:30:00+00:00,75167.0,75298.8,75064.4,75225.6,2298.248,172757075.6033
2026-05-27 13:35:00+00:00,75225.7,75269.6,74853.1,74932.8,3679.495,276037657.0476
2026-05-27 13:40:00+00:00,74932.8,74990.2,74839.1,74900.0,2922.704,218949771.902
2026-05-27 13:45:00+00:00,74899.9,74970.0,74835.0,74902.0,1632.375,122289531.0111
2026-05-27 13:50:00+00:00,74902.1,75069.0,74852.0,74979.2,1861.076,139550450.1393
2026-05-27 13:55:00+00:00,74979.1,75079.9,74931.1,75054.3,1234.528,92590063.695
2026-05-27 14:00:00+00:00,75054.3,75250.0,75046.9,75198.1,2509.032,188605562.8954
2026-05-27 14:05:00+00:00,75198.0,75203.3,74960.0,74993.2,1443.145,108352050.2921
2026-05-27 14:10:00+00:00,74993.2,75010.0,74933.9,74983.6,792.45,59415879.0255
2026-05-27 14:15:00+00:00,74983.7,75147.9,74956.6,75137.3,857.471,64341051.9954
2026-05-27 14:20:00+00:00,75137.2,75150.0,74852.0,74852.1,928.583,69586805.1819
2026-05-27 14:25:00+00:00,74852.0,74917.5,74735.7,74851.1,2312.856,173014822.651
2026-05-27 14:30:00+00:00,74851.0,75023.8,74783.6,74987.2,1546.621,115837062.0635
2026-05-27 14:35:00+00:00,74987.3,75108.9,74903.9,75062.8,1269.308,95214792.4957
2026-05-27 14:40:00+00:00,75062.9,75102.6,74935.3,75043.1,852.106,63935094.9743
2026-05-27 14:45:00+00:00,75043.1,75138.1,74971.5,74971.5,625.542,46959318.2474
2026-05-27 14:50:00+00:00,74971.5,75083.9,74966.7,75079.3,265.877,19952811.327
2026-05-27 14:55:00+00:00,75079.3,75079.3,74990.4,75000.7,346.786,26016925.3877
2026-05-27 15:00:00+00:00,75000.7,75100.0,74950.1,75021.6,553.547,41523578.4665
2026-05-27 15:05:00+00:00,75021.7,75084.6,74970.8,75079.1,286.374,21485709.217
2026-05-27 15:10:00+00:00,75079.1,75134.8,75046.8,75095.0,576.833,43317447.5987
2026-05-27 15:15:00+00:00,75094.9,75221.9,75070.8,75197.7,728.161,54733871.1859
2026-05-27 15:20:00+00:00,75197.8,75399.6,75189.7,75365.1,2039.362,153547157.8735
2026-05-27 15:25:00+00:00,75365.1,75365.1,75256.9,75328.1,569.828,42915457.9394
2026-05-27 15:30:00+00:00,75328.1,75485.9,75320.1,75402.3,1053.104,79412988.2576
2026-05-27 15:35:00+00:00,75402.3,75439.9,75353.3,75365.0,379.878,28643382.2575
2026-05-27 15:40:00+00:00,75365.1,75417.0,75129.8,75179.1,878.093,66081806.7107
2026-05-27 15:45:00+00:00,75179.1,75338.7,75170.2,75295.7,560.785,42198481.5117
2026-05-27 15:50:00+00:00,75295.7,75408.0,75207.7,75248.6,890.852,67100725.1695
2026-05-27 15:55:00+00:00,75248.6,75316.2,75201.6,75300.0,200.714,15104865.4019
2026-05-27 16:00:00+00:00,75300.0,75382.6,75207.2,75223.9,600.505,45211081.3556
2026-05-27 16:05:00+00:00,75224.0,75267.9,75174.3,75248.3,308.323,23193279.2594
2026-05-27 16:10:00+00:00,75248.2,75320.0,75248.2,75263.1,208.064,15661528.9203
2026-05-27 16:15:00+00:00,75263.1,75283.9,75044.3,75083.2,981.007,73702471.6428
2026-05-27 16:20:00+00:00,75083.2,75114.8,75014.6,75041.1,522.05,39182257.4733
2026-05-27 16:25:00+00:00,75041.1,75123.0,75041.1,75068.1,303.662,22798623.9701
2026-05-27 16:30:00+00:00,75068.0,75133.3,75023.2,75030.1,261.339,19617727.4825
2026-05-27 16:35:00+00:00,75030.1,75050.0,74961.0,75027.6,753.71,56540216.3544
2026-05-27 16:40:00+00:00,75027.7,75130.0,75004.5,75111.2,601.555,45165328.6294
2026-05-27 16:45:00+00:00,75111.3,75160.0,75084.6,75160.0,482.463,36243720.5998
2026-05-27 16:50:00+00:00,75159.9,75255.3,75159.9,75247.8,432.534,32531907.9044
2026-05-27 16:55:00+00:00,75247.9,75300.0,75224.8,75273.9,298.7,22482250.6844
2026-05-27 17:00:00+00:00,75273.9,75314.0,75140.3,75300.5,904.053,68042499.3249
2026-05-27 17:05:00+00:00,75300.4,75316.8,75070.1,75092.2,725.267,54538908.4045
2026-05-27 17:10:00+00:00,75092.1,75138.2,74925.1,74946.0,1294.175,97085137.03
2026-05-27 17:15:00+00:00,74946.0,74966.1,74872.0,74941.2,750.25,56213929.3106
2026-05-27 17:20:00+00:00,74941.1,75057.5,74936.2,75018.0,335.569,25170704.8928
2026-05-27 17:25:00+00:00,75017.9,75017.9,74878.6,74977.3,397.115,29759740.1491
2026-05-27 17:30:00+00:00,74977.3,74999.9,74910.1,74961.1,331.276,24830905.6762
2026-05-27 17:35:00+00:00,74961.1,75015.1,74906.6,74962.4,417.133,31265203.1112
2026-05-27 17:40:00+00:00,74962.3,74977.6,74826.8,74880.4,623.755,46707988.6539
2026-05-27 17:45:00+00:00,74880.5,74941.1,74866.0,74906.0,463.195,34690147.2592
2026-05-27 17:50:00+00:00,74906.1,74949.7,74866.5,74866.9,214.851,16093863.1369
2026-05-27 17:55:00+00:00,74867.0,74888.1,74645.0,74838.2,2137.537,159788633.6671
2026-05-27 18:00:00+00:00,74838.2,74926.2,74767.5,74842.5,760.871,56953427.7717
2026-05-27 18:05:00+00:00,74842.4,74899.1,74754.4,74762.9,418.298,31306713.6259
2026-05-27 18:10:00+00:00,74762.9,74817.1,74632.0,74710.6,807.742,60343591.8536
2026-05-27 18:15:00+00:00,74710.6,74836.4,74675.3,74820.9,492.208,36795141.6217
2026-05-27 18:20:00+00:00,74820.9,74850.0,74735.2,74843.5,366.196,27396354.2703
2026-05-27 18:25:00+00:00,74843.6,74908.3,74819.4,74880.9,327.664,24531339.788
2026-05-27 18:30:00+00:00,74880.8,74895.2,74856.1,74895.2,185.492,13888616.8945
2026-05-27 18:35:00+00:00,74895.2,74923.6,74856.2,74909.4,179.092,13413027.3966
2026-05-27 18:40:00+00:00,74909.4,74974.0,74892.1,74953.3,270.034,20238109.8424
2026-05-27 18:45:00+00:00,74953.2,74974.0,74922.1,74956.0,271.98,20384707.3103
2026-05-27 18:50:00+00:00,74956.1,75007.9,74932.4,74937.9,455.769,34171712.1753
2026-05-27 18:55:00+00:00,74938.0,75000.0,74937.9,75000.0,163.756,12278193.1382
2026-05-27 19:00:00+00:00,75000.0,75029.9,74954.6,75024.3,310.455,23283218.3277
2026-05-27 19:05:00+00:00,75024.2,75031.4,74950.9,74994.3,253.986,19044969.8719
2026-05-27 19:10:00+00:00,74994.4,75038.2,74940.0,75020.0,355.631,26672647.6732
2026-05-27 19:15:00+00:00,75020.1,75040.0,74972.4,74972.5,200.874,15067591.3589
2026-05-27 19:20:00+00:00,74972.4,75059.5,74945.4,75053.0,325.044,24382391.9305
2026-05-27 19:25:00+00:00,75053.0,75053.1,75000.2,75010.0,145.054,10882247.5195
2026-05-27 19:30:00+00:00,75009.9,75077.6,74980.2,75011.9,526.846,39534740.9741
2026-05-27 19:35:00+00:00,75011.9,75052.7,74980.0,75023.3,339.752,25485561.6394
2026-05-27 19:40:00+00:00,75023.2,75034.5,74942.5,74988.3,305.812,22935048.2691
2026-05-27 19:45:00+00:00,74988.2,75019.4,74935.7,74935.7,226.911,17013327.0383
2026-05-27 19:50:00+00:00,74935.7,75030.0,74920.0,75029.9,342.793,25706755.428
2026-05-27 19:55:00+00:00,75030.0,75048.4,75015.2,75039.9,266.287,19980273.5369
2026-05-27 20:00:00+00:00,75039.8,75163.5,75022.4,75138.5,627.392,47122338.4825
2026-05-27 20:05:00+00:00,75138.5,75245.0,75111.5,75244.9,522.072,39251360.6985
2026-05-27 20:10:00+00:00,75245.0,75280.0,75220.4,75271.8,251.393,18917286.9016
2026-05-27 20:15:00+00:00,75271.8,75376.4,75265.6,75362.7,555.719,41856988.6396
2026-05-27 20:20:00+00:00,75362.7,75391.0,75258.2,75263.6,578.177,43544606.3871
2026-05-27 20:25:00+00:00,75263.7,75297.1,75234.1,75242.7,186.478,14034141.2616
2026-05-27 20:30:00+00:00,75242.7,75259.9,75180.3,75203.0,192.909,14508892.3491
2026-05-27 20:35:00+00:00,75203.0,75245.9,75203.0,75203.0,104.28,7844497.4876
2026-05-27 20:40:00+00:00,75203.0,75220.0,75192.0,75220.0,92.408,6950393.8754
2026-05-27 20:45:00+00:00,75219.9,75259.8,75219.9,75259.2,97.886,7364594.7702
2026-05-27 20:50:00+00:00,75259.1,75259.2,75202.0,75220.7,128.454,9662865.8294
2026-05-27 20:55:00+00:00,75220.7,75260.1,75220.7,75237.6,139.04,10462740.9544
2026-05-27 21:00:00+00:00,75237.6,75237.6,75165.5,75165.5,212.074,15946939.6686
2026-05-27 21:05:00+00:00,75165.5,75198.5,75123.6,75123.6,187.168,14069436.0706
2026-05-27 21:10:00+00:00,75123.7,75195.1,75116.6,75136.7,187.907,14120798.7407
2026-05-27 21:15:00+00:00,75136.6,75176.8,75118.8,75129.8,144.149,10832642.1427
2026-05-27 21:20:00+00:00,75129.7,75145.0,75129.7,75144.4,72.268,5430363.3292
2026-05-27 21:25:00+00:00,75144.4,75152.1,75065.6,75065.6,233.564,17542861.6334
2026-05-27 21:30:00+00:00,75065.7,75077.3,74867.5,74917.0,439.306,32937356.9657
2026-05-27 21:35:00+00:00,74917.0,74947.9,74846.8,74846.8,382.55,28656484.956
2026-05-27 21:40:00+00:00,74846.9,74846.9,74400.0,74600.0,3030.252,225965203.0878
2026-05-27 21:45:00+00:00,74599.9,74600.0,74333.0,74451.5,2123.534,158074129.8713
2026-05-27 21:50:00+00:00,74451.4,74451.4,74309.4,74332.8,1573.107,116990475.5618
2026-05-27 21:55:00+00:00,74332.9,74463.6,74300.1,74439.9,1582.751,117702641.5406
2026-05-27 22:00:00+00:00,74440.0,74689.2,74335.8,74626.2,1899.527,141551682.6081
2026-05-27 22:05:00+00:00,74626.1,74742.7,74484.9,74512.7,711.359,53096541.1507
2026-05-27 22:10:00+00:00,74512.7,74512.7,74278.6,74363.1,1858.677,138196154.5517
2026-05-27 22:15:00+00:00,74363.1,74528.9,74218.2,74459.9,1972.083,146668471.0704
2026-05-27 22:20:00+00:00,74459.8,74549.2,74444.4,74505.7,432.197,32204435.1538
2026-05-27 22:25:00+00:00,74505.8,74615.1,74478.1,74563.6,369.166,27523244.5271
2026-05-27 22:30:00+00:00,74563.6,74597.3,74445.0,74573.5,347.198,25877342.0031
2026-05-27 22:35:00+00:00,74573.5,74603.0,74541.6,74595.4,164.631,12277282.6252
2026-05-27 22:40:00+00:00,74595.4,74638.7,74576.1,74592.1,286.928,21407689.6586
2026-05-27 22:45:00+00:00,74592.1,74627.7,74494.4,74497.4,353.148,26327141.7819
2026-05-27 22:50:00+00:00,74497.4,74524.0,74465.1,74483.5,204.626,15243092.2274
2026-05-27 22:55:00+00:00,74483.6,74511.9,74382.1,74390.0,380.804,28343810.4418
2026-05-27 23:00:00+00:00,74389.9,74443.7,74326.5,74430.3,469.4,34919808.7774
2026-05-27 23:05:00+00:00,74430.3,74430.4,74357.6,74405.5,274.155,20395669.6552
2026-05-27 23:10:00+00:00,74405.5,74444.7,74377.4,74420.3,227.177,16904916.8902
2026-05-27 23:15:00+00:00,74420.4,74545.8,74420.3,74489.2,431.485,32141974.8773
2026-05-27 23:20:00+00:00,74489.1,74495.7,74266.2,74300.0,541.939,40292896.9598
2026-05-27 23:25:00+00:00,74300.1,74300.1,74210.0,74270.9,955.095,70905806.8032
2026-05-27 23:30:00+00:00,74270.9,74373.0,74270.6,74288.0,473.886,35216616.5014
2026-05-27 23:35:00+00:00,74288.0,74314.4,74231.0,74301.7,364.102,27041219.4864
2026-05-27 23:40:00+00:00,74301.8,74355.8,74276.3,74351.2,400.742,29781539.6014
2026-05-27 23:45:00+00:00,74351.2,74461.8,74335.3,74458.4,395.638,29439846.7728
2026-05-27 23:50:00+00:00,74458.4,74458.4,74274.5,74381.7,673.7,50094058.7784
2026-05-27 23:55:00+00:00,74381.6,74459.1,74381.6,74418.1,376.552,28027672.2567
2026-05-28 00:00:00+00:00,74418.0,74530.7,74395.0,74523.9,613.751,45714296.9804
2026-05-28 00:05:00+00:00,74523.9,74555.5,74448.5,74516.6,293.983,21903904.103
2026-05-28 00:10:00+00:00,74516.7,74528.0,74401.3,74409.6,308.614,22973260.2976
2026-05-28 00:15:00+00:00,74409.6,74538.5,74391.0,74488.5,337.256,25120131.8121
2026-05-28 00:20:00+00:00,74488.4,74545.6,74449.0,74449.0,235.182,17522501.629
2026-05-28 00:25:00+00:00,74449.1,74459.6,74336.7,74449.9,315.679,23481632.5994
2026-05-28 00:30:00+00:00,74450.0,74526.2,74443.9,74520.1,181.136,13490658.1124
2026-05-28 00:35:00+00:00,74520.1,74536.2,74490.6,74504.4,186.42,13891790.3221
2026-05-28 00:40:00+00:00,74504.3,74547.5,74488.0,74547.5,125.504,9352166.5472
2026-05-28 00:45:00+00:00,74547.5,74547.5,74482.0,74492.5,163.048,12149055.5318
2026-05-28 00:50:00+00:00,74492.5,74515.2,74420.0,74512.8,199.616,14865138.9284
2026-05-28 00:55:00+00:00,74512.8,74554.9,74440.8,74541.6,178.41,13292771.0548
2026-05-28 01:00:00+00:00,74541.7,74565.3,74518.6,74526.3,180.116,13426136.6371
2026-05-28 01:05:00+00:00,74526.3,74526.3,74458.4,74476.0,153.787,11456965.4898
2026-05-28 01:10:00+00:00,74475.9,74497.7,74417.3,74449.1,152.628,11363505.3726
2026-05-28 01:15:00+00:00,74449.1,74449.2,74100.0,74325.1,1891.954,140427195.7021
2026-05-28 01:20:00+00:00,74325.1,74513.0,74231.3,74425.3,711.743,52944535.5194
2026-05-28 01:25:00+00:00,74425.3,74443.0,74160.5,74258.0,745.604,55369901.7999
2026-05-28 01:30:00+00:00,74258.0,74380.9,74223.8,74326.2,629.82,46814354.3238
2026-05-28 01:35:00+00:00,74326.1,74358.8,74250.0,74263.3,226.639,16840418.9561
2026-05-28 01:40:00+00:00,74263.3,74264.9,74130.0,74236.6,525.117,38964460.9211
2026-05-28 01:45:00+00:00,74236.6,74353.4,74220.0,74342.4,224.508,16681342.9633
2026-05-28 01:50:00+00:00,74342.4,74342.4,74256.0,74273.6,169.121,12565775.991
2026-05-28 01:55:00+00:00,74273.6,74330.7,74233.5,74313.0,130.306,9680309.8677
2026-05-28 02:00:00+00:00,74313.0,74373.6,74203.2,74230.0,303.883,22575638.553
2026-05-28 02:05:00+00:00,74230.0,74318.2,74206.2,74298.1,251.938,18712077.052
2026-05-28 02:10:00+00:00,74298.0,74355.4,74291.4,74334.5,181.166,13463365.041
2026-05-28 02:15:00+00:00,74334.5,74355.2,74242.6,74242.6,239.905,17827277.0021
2026-05-28 02:20:00+00:00,74242.7,74263.0,74145.0,74192.5,510.718,37883748.1752
2026-05-28 02:25:00+00:00,74192.6,74243.1,74152.6,74180.7,220.021,16321988.7551
2026-05-28 02:30:00+00:00,74180.6,74229.7,74131.2,74191.8,330.872,24543857.9214
2026-05-28 02:35:00+00:00,74191.7,74239.1,74081.9,74239.1,577.478,42815437.1033
2026-05-28 02:40:00+00:00,74239.1,74263.7,74204.7,74231.7,267.312,19843062.9528
2026-05-28 02:45:00+00:00,74231.7,74325.9,74206.0,74325.9,363.912,27026900.6263
2026-05-28 02:50:00+00:00,74325.8,74326.8,74256.7,74308.7,218.855,16260270.915
2026-05-28 02:55:00+00:00,74308.7,74329.7,74233.0,74256.6,185.964,13814200.1245
2026-05-28 03:00:00+00:00,74256.6,74280.7,74167.0,74280.2,235.383,17473557.5254
2026-05-28 03:05:00+00:00,74280.3,74355.6,74217.5,74227.3,269.233,20003001.4238
2026-05-28 03:10:00+00:00,74227.3,74240.7,74100.6,74181.0,407.242,30203574.7627
2026-05-28 03:15:00+00:00,74181.1,74210.9,73436.4,73692.9,9217.819,679371432.7587
2026-05-28 03:20:00+00:00,73692.9,73909.1,73677.0,73908.8,1995.132,147215451.2044
2026-05-28 03:25:00+00:00,73908.9,73909.0,73700.2,73712.4,1084.86,80059515.9331
2026-05-28 03:30:00+00:00,73712.4,73758.6,73563.1,73642.6,1839.943,135537681.1777
2026-05-28 03:35:00+00:00,73642.5,73642.5,73366.0,73449.8,4487.803,329729634.1897
2026-05-28 03:40:00+00:00,73449.8,73539.5,73300.0,73396.8,2867.406,210472675.5902
2026-05-28 03:45:00+00:00,73396.7,73533.2,73375.7,73376.8,1361.197,99982797.1239
2026-05-28 03:50:00+00:00,73376.8,73427.7,73163.9,73207.3,4112.848,301353749.0693
2026-05-28 03:55:00+00:00,73207.2,73293.5,73036.0,73224.5,3176.946,232398633.116
2026-05-28 04:00:00+00:00,73224.4,73240.0,72667.9,73073.8,6502.872,474494452.278
2026-05-28 04:05:00+00:00,73073.8,73187.3,72963.8,73165.7,1699.033,124170047.4798
2026-05-28 04:10:00+00:00,73165.7,73212.8,73028.5,73053.6,645.903,47231362.8903
2026-05-28 04:15:00+00:00,73053.7,73094.4,72924.1,72955.9,762.005,55632424.0314
2026-05-28 04:20:00+00:00,72955.8,72966.8,72851.3,72873.0,1228.365,89553144.4872
2026-05-28 04:25:00+00:00,72872.9,72977.4,72775.3,72976.5,1207.975,88015424.0259
2026-05-28 04:30:00+00:00,72976.4,73067.5,72914.8,73063.3,973.828,71088963.3333
2026-05-28 04:35:00+00:00,73063.3,73137.5,72974.6,73058.1,796.865,58227739.966
2026-05-28 04:40:00+00:00,73058.0,73169.7,73058.0,73150.1,546.44,39967429.2154
2026-05-28 04:45:00+00:00,73150.0,73152.7,73094.2,73140.5,353.607,25857520.1935
2026-05-28 04:50:00+00:00,73140.5,73140.5,73052.1,73102.3,296.788,21693436.7846
2026-05-28 04:55:00+00:00,73102.4,73162.6,73102.3,73145.1,384.938,28151991.2068
2026-05-28 05:00:00+00:00,73145.1,73145.1,73074.3,73087.0,483.045,35310402.7725
2026-05-28 05:05:00+00:00,73087.1,73087.1,72977.4,72993.9,499.892,36499567.6619
2026-05-28 05:10:00+00:00,72993.9,73025.0,72951.3,72992.1,287.479,20982114.1412
2026-05-28 05:15:00+00:00,72992.1,73008.1,72892.5,72948.6,470.756,34337764.9385
2026-05-28 05:20:00+00:00,72948.6,72997.7,72889.0,72997.7,407.294,29709569.1827
2026-05-28 05:25:00+00:00,72997.7,73008.3,72916.0,72918.4,321.466,23455720.9262
2026-05-28 05:30:00+00:00,72918.3,73050.6,72890.4,72986.7,782.494,57099564.9997
2026-05-28 05:35:00+00:00,72986.7,72997.5,72900.0,72993.1,536.041,39104736.8554
2026-05-28 05:40:00+00:00,72993.1,73010.0,72965.7,73003.6,324.526,23687450.4472
2026-05-28 05:45:00+00:00,73003.5,73054.0,72872.5,72962.2,790.928,57713177.5449
2026-05-28 05:50:00+00:00,72962.2,73012.7,72960.8,73001.8,278.199,20305105.4327
2026-05-28 05:55:00+00:00,73001.8,73021.6,72945.2,72959.9,207.466,15142263.683
2026-05-28 06:00:00+00:00,72960.0,72999.3,72931.9,72996.9,232.681,16979251.9407
2026-05-28 06:05:00+00:00,72996.9,73003.5,72939.3,72959.7,240.526,17551371.3216
2026-05-28 06:10:00+00:00,72959.7,72978.3,72926.0,72965.6,339.091,24738485.6758
2026-05-28 06:15:00+00:00,72965.7,72999.1,72940.7,72973.4,472.144,34453163.9682
2026-05-28 06:20:00+00:00,72973.4,72998.8,72878.1,72914.0,373.903,27271201.7383
2026-05-28 06:25:00+00:00,72914.1,72914.1,72838.9,72905.8,510.17,37182324.0795
2026-05-28 06:30:00+00:00,72905.8,72921.9,72781.6,72825.1,498.148,36293502.8144
2026-05-28 06:35:00+00:00,72825.2,72825.2,72729.2,72809.5,620.497,45157299.953
2026-05-28 06:40:00+00:00,72809.5,72880.6,72777.0,72880.5,460.276,33514442.9195
2026-05-28 06:45:00+00:00,72880.5,73175.9,72880.5,73112.4,2858.316,208852493.8716
2026-05-28 06:50:00+00:00,73112.4,73119.4,73049.6,73078.3,523.482,38262335.8471
2026-05-28 06:55:00+00:00,73078.3,73182.2,73074.3,73170.9,546.56,39973339.749
2026-05-28 07:00:00+00:00,73171.0,73208.6,73142.0,73153.2,807.988,59127945.2538
2026-05-28 07:05:00+00:00,73153.2,73198.7,73113.2,73198.6,369.475,27027161.9232
2026-05-28 07:10:00+00:00,73198.7,73199.8,73138.8,73181.0,415.257,30383521.1415
2026-05-28 07:15:00+00:00,73181.0,73264.6,73181.0,73253.8,564.296,41325032.254
2026-05-28 07:20:00+00:00,73253.7,73314.0,73246.9,73275.6,593.476,43490370.4603
2026-05-28 07:25:00+00:00,73275.5,73289.5,73211.3,73229.7,369.005,27027328.8827
2026-05-28 07:30:00+00:00,73229.7,73345.0,73229.7,73342.0,437.714,32080899.4741
2026-05-28 07:35:00+00:00,73342.1,73446.2,73342.0,73381.2,825.519,60590694.3474
2026-05-28 07:40:00+00:00,73381.1,73485.0,73372.1,73461.5,506.934,37225590.6675
2026-05-28 07:45:00+00:00,73461.6,73461.6,73370.0,73393.0,377.653,27722444.0008
2026-05-28 07:50:00+00:00,73393.0,73393.0,73350.3,73393.0,394.23,28925731.7386
2026-05-28 07:55:00+00:00,73392.9,73476.6,73383.2,73467.0,453.333,33287090.4249
2026-05-28 08:00:00+00:00,73467.0,73474.8,73309.9,73347.3,520.837,38214704.1086
2026-05-28 08:05:00+00:00,73347.2,73428.3,73342.5,73392.9,200.965,14747416.1037
2026-05-28 08:10:00+00:00,73392.9,73420.7,73370.6,73420.0,185.096,13586632.4142
2026-05-28 08:15:00+00:00,73419.9,73420.0,73385.4,73403.7,134.626,9880940.9193
2026-05-28 08:20:00+00:00,73403.7,73403.7,73254.4,73271.5,429.028,31445183.8928
2026-05-28 08:25:00+00:00,73271.6,73278.9,73189.2,73240.8,319.536,23401101.8101
2026-05-28 08:30:00+00:00,73240.8,73267.3,73167.4,73237.8,454.101,33246434.1932
2026-05-28 08:35:00+00:00,73237.8,73274.0,73225.4,73260.9,341.464,25011022.7131
2026-05-28 08:40:00+00:00,73260.8,73260.9,73217.1,73257.6,191.421,14019569.5293
2026-05-28 08:45:00+00:00,73257.5,73355.1,73249.7,73304.6,572.079,41940346.999
2026-05-28 08:50:00+00:00,73304.7,73325.0,73292.7,73310.5,149.12,10931731.9319
2026-05-28 08:55:00+00:00,73310.5,73315.4,73268.7,73294.0,202.883,14870266.4169
2026-05-28 09:00:00+00:00,73293.9,73358.3,73274.6,73330.3,260.144,19071904.8844
2026-05-28 09:05:00+00:00,73330.3,73366.0,73296.7,73296.8,170.134,12476523.5164
2026-05-28 09:10:00+00:00,73296.7,73304.1,73230.0,73283.1,237.214,17380313.3884
2026-05-28 09:15:00+00:00,73283.0,73349.6,73270.1,73349.6,84.134,6167487.0014
2026-05-28 09:20:00+00:00,73349.5,73384.8,73332.4,73363.3,207.113,15194299.9702
2026-05-28 09:25:00+00:00,73363.3,73389.5,73363.2,73373.9,108.026,7926292.393
2026-05-28 09:30:00+00:00,73374.0,73384.1,73330.4,73384.1,189.372,13891894.9179
2026-05-28 09:35:00+00:00,73384.2,73464.7,73384.2,73406.2,591.723,43442108.0615
2026-05-28 09:40:00+00:00,73406.2,73461.5,73406.1,73459.6,203.547,14948598.121
2026-05-28 09:45:00+00:00,73459.6,73531.0,73457.0,73521.9,510.882,37550553.2249
2026-05-28 09:50:00+00:00,73521.9,73533.0,73491.5,73509.2,298.237,21924793.4732
2026-05-28 09:55:00+00:00,73509.2,73535.7,73494.5,73514.1,319.56,23493489.5135
2026-05-28 10:00:00+00:00,73514.0,73520.0,73468.0,73468.1,290.454,21346604.9547
2026-05-28 10:05:00+00:00,73468.0,73520.0,73468.0,73500.5,266.03,19552260.5111
2026-05-28 10:10:00+00:00,73500.5,73592.1,73500.5,73548.1,554.915,40818759.2365
2026-05-28 10:15:00+00:00,73548.0,73562.0,73415.1,73431.5,583.317,42869348.3833
2026-05-28 10:20:00+00:00,73431.6,73444.2,73324.2,73340.0,444.985,32653296.1879
2026-05-28 10:25:00+00:00,73340.0,73403.1,73316.5,73403.0,275.044,20176138.0924
2026-05-28 10:30:00+00:00,73402.9,73408.0,73377.0,73407.9,225.216,16528354.5141
2026-05-28 10:35:00+00:00,73408.0,73459.7,73391.1,73444.1,165.298,12136779.9604
2026-05-28 10:40:00+00:00,73444.0,73489.2,73444.0,73486.6,204.443,15022617.5814
2026-05-28 10:45:00+00:00,73486.6,73572.3,73475.1,73489.6,437.509,32166679.2532
2026-05-28 10:50:00+00:00,73489.6,73497.0,73349.0,73398.5,601.528,44160549.2398
2026-05-28 10:55:00+00:00,73398.5,73430.1,73375.2,73375.2,214.535,15747787.4823
2026-05-28 11:00:00+00:00,73375.3,73436.4,73350.3,73374.8,381.738,28015595.0858
2026-05-28 11:05:00+00:00,73374.8,73403.7,73312.0,73357.3,373.532,27400043.2083
2026-05-28 11:10:00+00:00,73357.2,73414.4,73338.7,73414.4,220.34,16166547.814
2026-05-28 11:15:00+00:00,73414.4,73435.0,73370.4,73422.0,196.26,14404095.7258
2026-05-28 11:20:00+00:00,73422.0,73424.9,73370.6,73399.9,121.948,8949709.5709
2026-05-28 11:25:00+00:00,73399.9,73409.4,73304.9,73332.8,254.342,18651272.51
2026-05-28 11:30:00+00:00,73332.8,73352.2,73280.7,73352.2,298.727,21900950.9315
2026-05-28 11:35:00+00:00,73352.2,73385.7,73348.8,73359.3,136.815,10037953.3112
2026-05-28 11:40:00+00:00,73359.4,73452.5,73359.3,73452.5,155.451,11409985.427
2026-05-28 11:45:00+00:00,73452.5,73455.0,73409.1,73450.0,188.95,13875562.6371
2026-05-28 11:50:00+00:00,73450.0,73510.0,73400.2,73507.8,321.165,23596774.7301
2026-05-28 11:55:00+00:00,73507.8,73507.8,73479.0,73479.1,113.272,8323741.0222
2026-05-28 12:00:00+00:00,73479.0,73496.4,73400.0,73450.0,325.028,23871405.1625
2026-05-28 12:05:00+00:00,73450.0,73475.3,73427.0,73456.9,266.675,19590189.5038
2026-05-28 12:10:00+00:00,73456.9,73456.9,73372.7,73372.8,307.265,22559178.2421
2026-05-28 12:15:00+00:00,73372.8,73389.5,73311.4,73337.3,216.545,15881626.7275
2026-05-28 12:20:00+00:00,73337.4,73344.4,73221.6,73241.3,527.647,38661518.2774
2026-05-28 12:25:00+00:00,73241.3,73377.7,73241.3,73349.9,364.474,26717099.108
2026-05-28 12:30:00+00:00,73349.9,73525.6,73349.9,73446.8,599.209,44015022.998
2026-05-28 12:35:00+00:00,73446.8,73469.8,73317.4,73465.4,441.048,32367742.2034
2026-05-28 12:40:00+00:00,73465.4,73500.0,73451.9,73454.0,261.825,19239789.6285
2026-05-28 12:45:00+00:00,73453.9,73555.0,73451.0,73525.2,351.224,25819091.5413
2026-05-28 12:50:00+00:00,73525.1,73540.9,73468.0,73493.2,291.912,21456611.8234
2026-05-28 12:55:00+00:00,73493.1,73513.5,73475.3,73496.5,175.862,12925203.3949
2026-05-28 13:00:00+00:00,73496.4,73549.9,73425.8,73464.0,359.074,26389893.0695
2026-05-28 13:05:00+00:00,73464.1,73467.9,73324.6,73334.7,277.562,20370722.1907
2026-05-28 13:10:00+00:00,73334.7,73341.0,73297.3,73308.5,208.197,15264874.9496
2026-05-28 13:15:00+00:00,73308.6,73308.6,73200.1,73202.9,915.396,67045084.8305
2026-05-28 13:20:00+00:00,73203.0,73221.9,73123.6,73155.2,711.353,52048264.4963
2026-05-28 13:25:00+00:00,73155.1,73172.9,72933.9,73130.0,2711.646,198084653.1314
2026-05-28 13:30:00+00:00,73130.0,73136.0,72888.0,72927.8,1685.596,123018126.3586
2026-05-28 13:35:00+00:00,72927.8,72934.3,72765.0,72884.7,1359.116,99005900.3035
2026-05-28 13:40:00+00:00,72884.7,72932.3,72739.2,72755.2,1649.974,120171343.0042
2026-05-28 13:45:00+00:00,72755.1,72935.4,72755.1,72870.0,1109.291,80807883.1512
2026-05-28 13:50:00+00:00,72870.0,73069.6,72843.7,72966.6,2007.82,146493277.2481
2026-05-28 13:55:00+00:00,72966.7,72999.0,72919.8,72988.5,512.418,37393915.369
2026-05-28 14:00:00+00:00,72988.5,72999.5,72760.0,72863.6,1158.632,84402550.8614
2026-05-28 14:05:00+00:00,72863.5,72863.6,72556.0,72847.6,3395.226,246730782.8815
2026-05-28 14:10:00+00:00,72847.6,73316.4,72581.8,73283.7,7706.068,562549834.286
2026-05-28 14:15:00+00:00,73283.7,73557.3,73228.5,73442.7,4481.076,328869440.7008
2026-05-28 14:20:00+00:00,73442.7,73451.1,72933.1,73004.0,2717.557,198932188.2149
2026-05-28 14:25:00+00:00,73004.1,73092.9,72855.2,72938.5,1440.366,105103683.9819
2026-05-28 14:30:00+00:00,72938.5,73023.5,72871.3,72902.3,1497.815,109279696.2921
2026-05-28 14:35:00+00:00,72902.2,72948.0,72833.8,72877.3,861.631,62804573.3647
2026-05-28 14:40:00+00:00,72877.4,73010.9,72760.9,72828.9,1459.7,106377312.5629
2026-05-28 14:45:00+00:00,72828.9,72861.2,72662.2,72779.3,1047.997,76241838.4477
2026-05-28 14:50:00+00:00,72779.2,72984.9,72776.0,72927.8,768.876,56044039.8951
2026-05-28 14:55:00+00:00,72927.9,73012.8,72919.1,72997.5,674.443,49215475.6935
2026-05-28 15:00:00+00:00,72997.4,73023.2,72926.7,72975.7,609.372,44474507.5703
2026-05-28 15:05:00+00:00,72975.7,73155.4,72916.9,72968.3,790.843,57784950.4242
2026-05-28 15:10:00+00:00,72968.4,73000.0,72827.0,72836.0,559.02,40749160.2602
2026-05-28 15:15:00+00:00,72835.9,72871.2,72727.6,72731.9,983.75,71612507.2355
2026-05-28 15:20:00+00:00,72732.0,72875.4,72662.2,72833.2,966.691,70330617.2694
2026-05-28 15:25:00+00:00,72833.2,72946.3,72822.3,72933.8,339.762,24761522.0848
2026-05-28 15:30:00+00:00,72933.9,72958.2,72800.9,72830.0,449.269,32744556.8876
2026-05-28 15:35:00+00:00,72830.1,72921.6,72830.0,72848.2,217.222,15831893.3553
2026-05-28 15:40:00+00:00,72848.2,72986.1,72838.7,72986.1,359.653,26222911.286
2026-05-28 15:45:00+00:00,72986.0,73039.0,72862.8,72884.0,460.178,33584919.4803
2026-05-28 15:50:00+00:00,72884.1,72957.1,72862.8,72880.0,237.433,17308913.7126
2026-05-28 15:55:00+00:00,72879.9,72932.2,72860.0,72899.1,268.829,19595705.0598
2026-05-28 16:00:00+00:00,72899.0,72899.0,72758.3,72758.3,459.508,33470627.9488
2026-05-28 16:05:00+00:00,72758.4,72883.2,72704.0,72883.2,673.233,48992262.2473
2026-05-28 16:10:00+00:00,72883.2,73138.1,72864.5,73070.1,1197.608,87455770.4902
2026-05-28 16:15:00+00:00,73070.2,73139.4,73017.7,73111.7,444.473,32486456.4065
2026-05-28 16:20:00+00:00,73111.8,73280.0,73096.5,73234.9,770.05,56360309.7795
2026-05-28 16:25:00+00:00,73235.0,73265.1,73123.1,73123.1,457.101,33448332.076
2026-05-28 16:30:00+00:00,73123.2,73216.3,73121.4,73199.9,242.446,17737588.9903
2026-05-28 16:35:00+00:00,73200.0,73244.5,73155.1,73205.4,375.796,27504768.8568
2026-05-28 16:40:00+00:00,73205.4,73329.4,73174.0,73329.4,855.654,62688007.1529
2026-05-28 16:45:00+00:00,73329.4,73399.3,73264.6,73287.1,1002.945,73559113.1
2026-05-28 16:50:00+00:00,73287.1,73385.0,73250.0,73369.5,613.474,44982731.9426
2026-05-28 16:55:00+00:00,73369.6,73415.0,73353.7,73415.0,580.043,42568563.8538
2026-05-28 17:00:00+00:00,73414.9,73441.3,73297.5,73318.7,783.499,57487085.6979
2026-05-28 17:05:00+00:00,73318.7,73476.8,73285.8,73449.9,737.933,54165582.3964
2026-05-28 17:10:00+00:00,73449.8,73472.4,73383.7,73457.9,426.811,31344003.3973
2026-05-28 17:15:00+00:00,73458.0,73461.6,73359.6,73447.7,595.896,43744840.79
2026-05-28 17:20:00+00:00,73447.8,73459.6,73369.3,73369.3,291.436,21397438.553
2026-05-28 17:25:00+00:00,73369.3,73386.9,73280.0,73336.4,501.437,36770837.1464
2026-05-28 17:30:00+00:00,73336.5,73466.6,73307.9,73466.6,298.85,21929152.8044
2026-05-28 17:35:00+00:00,73466.6,73498.0,73415.5,73497.5,461.4,33895294.4167
2026-05-28 17:40:00+00:00,73497.6,73518.9,73446.2,73446.2,382.72,28127623.6634
2026-05-28 17:45:00+00:00,73446.2,73722.5,73446.2,73618.0,2111.547,155431154.3002
2026-05-28 17:50:00+00:00,73618.0,73618.0,73492.6,73500.0,422.072,31046478.7333
2026-05-28 17:55:00+00:00,73500.1,73558.3,73450.8,73518.2,295.112,21688226.4402
2026-05-28 18:00:00+00:00,73518.2,73608.2,73474.9,73569.6,527.654,38801614.9475
2026-05-28 18:05:00+00:00,73569.6,73718.4,73556.3,73664.5,502.03,36974833.0494
2026-05-28 18:10:00+00:00,73664.4,73664.5,73581.2,73605.9,333.273,24540844.8136
2026-05-28 18:15:00+00:00,73605.9,73723.0,73577.1,73577.1,379.263,27932720.2736
2026-05-28 18:20:00+00:00,73577.1,73644.4,73565.0,73608.1,358.447,26379996.0322
2026-05-28 18:25:00+00:00,73608.1,73625.6,73545.1,73557.5,212.746,15655224.0138
2026-05-28 18:30:00+00:00,73557.6,73660.0,73545.0,73623.4,309.693,22793330.7217
2026-05-28 18:35:00+00:00,73623.4,73623.4,73550.2,73567.4,209.515,15415803.7091
2026-05-28 18:40:00+00:00,73567.4,73601.5,73550.0,73573.1,317.79,23382273.6507
2026-05-28 18:45:00+00:00,73573.1,73619.8,73545.0,73578.4,211.736,15579288.865
2026-05-28 18:50:00+00:00,73578.5,73660.0,73578.4,73635.4,160.202,11795351.01
2026-05-28 18:55:00+00:00,73635.4,73710.0,73600.5,73626.4,218.251,16076621.209
2026-05-28 19:00:00+00:00,73626.4,73626.5,73476.3,73511.5,386.5,28421481.4937
2026-05-28 19:05:00+00:00,73511.6,73553.1,73457.5,73467.9,208.664,15340549.3991
2026-05-28 19:10:00+00:00,73467.9,73479.2,73421.8,73452.0,248.807,18272449.6017
2026-05-28 19:15:00+00:00,73452.0,73463.0,73385.8,73463.0,266.692,19581679.2608
2026-05-28 19:20:00+00:00,73463.0,73494.8,73453.1,73490.7,196.069,14405762.8282
2026-05-28 19:25:00+00:00,73490.7,73537.2,73470.9,73537.2,194.881,14323892.1955
2026-05-28 19:30:00+00:00,73537.1,73574.4,73443.8,73443.9,182.005,13378905.6278
2026-05-28 19:35:00+00:00,73443.9,73443.9,73394.4,73407.4,275.415,20220198.7408
2026-05-28 19:40:00+00:00,73407.5,73430.7,73395.0,73409.6,221.247,16241725.8944
2026-05-28 19:45:00+00:00,73409.7,73483.7,73409.6,73474.9,154.334,11336532.3299
2026-05-28 19:50:00+00:00,73474.9,73499.7,73336.0,73438.8,964.15,70779195.6262
2026-05-28 19:55:00+00:00,73438.8,73464.2,73345.3,73393.5,532.537,39087730.938
2026-05-28 20:00:00+00:00,73393.4,73417.3,73299.3,73334.9,526.463,38615679.466
2026-05-28 20:05:00+00:00,73334.8,73345.0,73212.3,73289.9,599.054,43888962.4495
2026-05-28 20:10:00+00:00,73289.9,73510.0,73279.7,73415.0,696.103,51111575.5067
2026-05-28 20:15:00+00:00,73414.9,73545.1,73403.8,73538.6,388.047,28513006.0383
2026-05-28 20:20:00+00:00,73538.6,73612.8,73535.9,73570.1,363.375,26737862.5557
2026-05-28 20:25:00+00:00,73570.0,73639.6,73570.0,73620.0,203.228,14958721.8171
2026-05-28 20:30:00+00:00,73620.1,73650.0,73584.2,73592.8,251.253,18497384.9797
2026-05-28 20:35:00+00:00,73592.7,73692.0,73592.7,73643.1,241.369,17775332.5726
2026-05-28 20:40:00+00:00,73643.0,73698.6,73643.0,73669.7,278.605,20524572.4464
2026-05-28 20:45:00+00:00,73669.6,73669.7,73612.0,73652.0,267.778,19719092.8793
2026-05-28 20:50:00+00:00,73652.0,73659.8,73630.0,73637.0,161.327,11881249.4728
2026-05-28 20:55:00+00:00,73637.0,73637.1,73545.0,73553.5,497.121,36575530.5115
2026-05-28 21:00:00+00:00,73553.5,73591.1,73543.1,73547.0,216.381,15918515.8407
2026-05-28 21:05:00+00:00,73547.0,73622.9,73535.0,73617.2,165.736,12193405.0164
2026-05-28 21:10:00+00:00,73617.3,73697.1,73607.0,73669.6,267.843,19726340.8139
2026-05-28 21:15:00+00:00,73669.6,73712.0,73650.9,73651.0,230.484,16983561.5049
2026-05-28 21:20:00+00:00,73651.0,73734.3,73650.9,73719.2,221.841,16349312.3708
2026-05-28 21:25:00+00:00,73719.2,73738.2,73665.7,73669.7,223.098,16445101.647
2026-05-28 21:30:00+00:00,73669.6,73706.3,73665.0,73706.3,148.706,10956706.0052
2026-05-28 21:35:00+00:00,73706.3,73792.7,73691.2,73764.9,404.048,29799994.7681
2026-05-28 21:40:00+00:00,73764.9,73900.0,73764.8,73877.8,1171.058,86464511.0252
2026-05-28 21:45:00+00:00,73877.8,73877.8,73800.0,73800.2,307.484,22697769.8737
2026-05-28 21:50:00+00:00,73800.3,73860.2,73765.3,73810.1,227.549,16796554.9468
2026-05-28 21:55:00+00:00,73810.2,73838.9,73796.3,73796.3,170.806,12608627.0032
2026-05-28 22:00:00+00:00,73796.3,73932.2,73718.4,73742.0,851.151,62850933.4023
2026-05-28 22:05:00+00:00,73742.0,73760.0,73675.0,73724.9,280.689,20690486.6622
2026-05-28 22:10:00+00:00,73725.0,73725.0,73670.7,73687.4,222.816,16418825.8514
2026-05-28 22:15:00+00:00,73687.5,73695.0,73651.6,73651.6,200.192,14749110.9517
2026-05-28 22:20:00+00:00,73651.6,73675.0,73618.2,73668.9,286.777,21119436.6053
2026-05-28 22:25:00+00:00,73668.9,73677.4,73572.8,73584.1,242.165,17827568.2373
2026-05-28 22:30:00+00:00,73584.1,73592.3,73528.8,73549.5,283.236,20833771.3023
2026-05-28 22:35:00+00:00,73549.5,73553.1,73525.8,73525.8,313.238,23035993.3322
2026-05-28 22:40:00+00:00,73525.8,73525.9,73468.4,73472.1,359.127,26392029.9707
2026-05-28 22:45:00+00:00,73472.1,73549.9,73472.0,73540.1,208.684,15341028.8522
2026-05-28 22:50:00+00:00,73540.0,73568.9,73474.4,73492.1,183.192,13468483.8229
2026-05-28 22:55:00+00:00,73492.0,73500.0,73423.4,73448.7,253.274,18606247.5871
2026-05-28 23:00:00+00:00,73448.7,73543.4,73448.7,73512.1,317.203,23315779.4417
2026-05-28 23:05:00+00:00,73512.1,73551.0,73512.1,73545.0,135.293,9949291.1181
2026-05-28 23:10:00+00:00,73545.1,73572.6,73528.0,73572.5,124.524,9158644.1222
2026-05-28 23:15:00+00:00,73572.6,73592.0,73553.7,73583.7,95.446,7022342.9443
2026-05-28 23:20:00+00:00,73583.8,73583.8,73538.0,73568.0,73.909,5436454.1141
2026-05-28 23:25:00+00:00,73567.9,73673.7,73567.9,73661.6,265.535,19548123.2429
2026-05-28 23:30:00+00:00,73661.6,73695.0,73641.8,73641.8,126.545,9322251.3753
2026-05-28 23:35:00+00:00,73641.9,73648.5,73575.9,73575.9,133.099,9799241.7878
2026-05-28 23:40:00+00:00,73575.9,73577.7,73507.9,73577.6,165.012,12134641.7921
2026-05-28 23:45:00+00:00,73577.6,73577.7,73500.4,73518.2,106.522,7832956.8526
2026-05-28 23:50:00+00:00,73518.2,73548.5,73518.2,73548.4,98.921,7273881.2803
2026-05-28 23:55:00+00:00,73548.4,73618.8,73548.4,73591.4,176.146,12963402.7042
2026-05-29 00:00:00+00:00,73591.4,73725.7,73591.4,73640.6,365.697,26936485.9483
2026-05-29 00:05:00+00:00,73640.6,73670.0,73603.9,73669.9,167.421,12328588.7274
2026-05-29 00:10:00+00:00,73669.9,73768.2,73669.9,73724.4,503.05,37089351.9795
2026-05-29 00:15:00+00:00,73724.4,73820.3,73656.2,73757.0,414.859,30601335.4737
2026-05-29 00:20:00+00:00,73757.1,73834.6,73731.0,73816.0,247.047,18232417.1849
2026-05-29 00:25:00+00:00,73816.1,73830.0,73733.1,73751.6,155.716,11488714.7157
2026-05-29 00:30:00+00:00,73751.7,73774.8,73718.4,73732.9,143.28,10565738.1698
2026-05-29 00:35:00+00:00,73732.9,73827.6,73732.9,73814.3,135.894,10026620.6599
2026-05-29 00:40:00+00:00,73814.3,73828.9,73760.3,73825.7,206.081,15208513.2769
2026-05-29 00:45:00+00:00,73825.8,73825.8,73724.7,73725.3,314.957,23236559.8047
2026-05-29 00:50:00+00:00,73725.3,73772.8,73678.7,73679.1,131.846,9720613.7045
2026-05-29 00:55:00+00:00,73679.1,73697.9,73651.7,73693.8,154.736,11400704.3432
2026-05-29 01:00:00+00:00,73693.9,73783.8,73693.8,73756.8,155.617,11475285.9966
2026-05-29 01:05:00+00:00,73756.8,73844.0,73756.8,73830.0,318.499,23506874.6616
2026-05-29 01:10:00+00:00,73830.0,73840.9,73724.8,73758.6,188.511,13909553.1646
2026-05-29 01:15:00+00:00,73758.5,73779.1,73676.6,73679.3,309.885,22848375.9785
2026-05-29 01:20:00+00:00,73679.4,73679.4,73574.0,73576.1,298.23,21952564.2861
2026-05-29 01:25:00+00:00,73576.0,73613.5,73538.6,73569.1,222.398,16363310.1994
2026-05-29 01:30:00+00:00,73569.1,73569.1,73498.9,73557.1,365.273,26855946.9484
2026-05-29 01:35:00+00:00,73557.1,73557.1,73450.0,73482.0,287.997,21164307.7606
2026-05-29 01:40:00+00:00,73482.0,73500.0,73467.8,73499.9,156.49,11499334.2579
2026-05-29 01:45:00+00:00,73500.0,73569.1,73430.5,73438.8,239.12,17577320.4253
2026-05-29 01:50:00+00:00,73438.7,73585.7,73434.2,73576.9,237.99,17495522.9358
2026-05-29 01:55:00+00:00,73576.8,73600.1,73542.5,73558.5,294.37,21658104.5086
2026-05-29 02:00:00+00:00,73558.5,73614.9,73520.7,73577.1,199.289,14661963.1553
2026-05-29 02:05:00+00:00,73577.2,73596.8,73522.7,73596.7,182.473,13422092.2323
2026-05-29 02:10:00+00:00,73596.7,73608.1,73564.2,73600.0,101.308,7454508.6999
2026-05-29 02:15:00+00:00,73599.9,73616.9,73548.6,73595.8,122.588,9021361.9793
2026-05-29 02:20:00+00:00,73595.8,73595.9,73444.9,73444.9,209.474,15398335.7721
2026-05-29 02:25:00+00:00,73444.9,73461.8,73331.1,73359.1,570.717,41888229.1464
2026-05-29 02:30:00+00:00,73359.2,73446.9,73328.7,73434.8,357.192,26209838.8729
2026-05-29 02:35:00+00:00,73434.7,73458.6,73407.7,73425.5,113.381,8326234.0115
2026-05-29 02:40:00+00:00,73425.6,73425.6,73300.0,73315.9,456.434,33471459.259
2026-05-29 02:45:00+00:00,73316.0,73378.5,73316.0,73336.4,147.205,10797448.7483
2026-05-29 02:50:00+00:00,73336.4,73338.8,73214.8,73218.4,389.079,28511154.7441
2026-05-29 02:55:00+00:00,73218.4,73250.0,73158.8,73201.9,682.637,49968674.533
2026-05-29 03:00:00+00:00,73201.9,73278.8,73201.9,73261.1,436.928,32002381.2999
2026-05-29 03:05:00+00:00,73261.1,73433.0,73261.1,73425.4,305.879,22437756.7598
2026-05-29 03:10:00+00:00,73425.5,73434.2,73403.0,73422.4,138.925,10199417.3078
2026-05-29 03:15:00+00:00,73422.3,73422.4,73355.4,73407.5,208.446,15297977.793
2026-05-29 03:20:00+00:00,73407.5,73407.6,73367.5,73379.3,71.732,5264097.4617
2026-05-29 03:25:00+00:00,73379.2,73389.3,73363.1,73363.2,44.884,3293257.0319
2026-05-29 03:30:00+00:00,73363.2,73418.0,73333.0,73406.4,218.903,16061846.6846
2026-05-29 03:35:00+00:00,73406.4,73406.4,73281.6,73293.1,282.743,20729443.9266
2026-05-29 03:40:00+00:00,73293.1,73343.2,73293.1,73332.1,113.732,8339530.1025
2026-05-29 03:45:00+00:00,73332.0,73335.6,73310.5,73310.5,88.833,6513291.6196
2026-05-29 03:50:00+00:00,73310.5,73334.7,73230.9,73284.9,162.142,11880491.847
2026-05-29 03:55:00+00:00,73284.9,73303.5,73254.9,73269.2,200.38,14682245.5144
2026-05-29 04:00:00+00:00,73269.1,73343.7,73269.1,73328.8,199.532,14627476.0292
2026-05-29 04:05:00+00:00,73328.8,73335.1,73191.6,73204.9,370.313,27124335.6937
2026-05-29 04:10:00+00:00,73204.9,73229.2,73171.8,73197.6,507.104,37123232.0303
2026-05-29 04:15:00+00:00,73197.6,73239.4,73197.6,73224.3,187.555,13733611.8072
2026-05-29 04:20:00+00:00,73224.3,73288.5,73216.9,73274.4,144.63,10593507.4432
2026-05-29 04:25:00+00:00,73274.5,73348.7,73274.4,73331.7,104.996,7698361.0665
2026-05-29 04:30:00+00:00,73331.6,73391.0,73318.3,73360.4,341.202,25027510.62
2026-05-29 04:35:00+00:00,73360.5,73412.9,73355.4,73377.6,122.786,9011276.0411
2026-05-29 04:40:00+00:00,73377.6,73391.4,73355.5,73380.4,81.804,6002275.3802
2026-05-29 04:45:00+00:00,73380.5,73417.7,73379.5,73407.9,132.397,9717673.0198
2026-05-29 04:50:00+00:00,73407.8,73416.5,73370.4,73416.4,125.343,9198911.2484
2026-05-29 04:55:00+00:00,73416.5,73485.7,73400.0,73466.4,369.604,27150729.6544
2026-05-29 05:00:00+00:00,73466.3,73552.7,73459.1,73543.1,321.74,23651793.0463
2026-05-29 05:05:00+00:00,73543.1,73581.9,73515.7,73574.5,240.942,17721867.0259
2026-05-29 05:10:00+00:00,73574.5,73610.0,73553.8,73570.9,314.931,23173413.9818
2026-05-29 05:15:00+00:00,73570.9,73584.3,73528.5,73574.5,161.183,11855617.3384
2026-05-29 05:20:00+00:00,73574.5,73574.5,73501.1,73523.4,152.148,11186458.4796
2026-05-29 05:25:00+00:00,73523.3,73554.2,73519.7,73546.4,88.138,6481231.3623
2026-05-29 05:30:00+00:00,73546.3,73546.4,73470.0,73476.0,154.753,11373864.569
2026-05-29 05:35:00+00:00,73476.0,73491.7,73460.8,73484.9,174.842,12846862.836
2026-05-29 05:40:00+00:00,73485.0,73493.3,73461.7,73481.5,79.155,5816262.1556
2026-05-29 05:45:00+00:00,73481.5,73663.3,73473.4,73640.1,457.962,33700679.0424
2026-05-29 05:50:00+00:00,73640.2,73660.8,73600.1,73631.9,186.154,13707804.6644
2026-05-29 05:55:00+00:00,73632.0,73682.3,73616.2,73663.0,254.329,18732068.1209
2026-05-29 06:00:00+00:00,73663.0,73683.0,73634.3,73654.9,222.553,16392735.3631
2026-05-29 06:05:00+00:00,73654.9,73655.0,73599.6,73629.4,341.915,25174471.6178
2026-05-29 06:10:00+00:00,73629.3,73667.5,73612.4,73663.5,183.673,13527004.5144
2026-05-29 06:15:00+00:00,73663.5,73746.0,73663.4,73743.9,624.018,45992989.097
2026-05-29 06:20:00+00:00,73744.0,73908.6,73734.4,73796.9,904.458,66774768.4842
2026-05-29 06:25:00+00:00,73796.8,73810.0,73720.0,73733.1,561.909,41445898.6611
2026-05-29 06:30:00+00:00,73733.2,73738.7,73670.6,73670.7,286.74,21135158.2434
2026-05-29 06:35:00+00:00,73670.7,73680.0,73630.8,73649.4,153.335,11293881.0487
2026-05-29 06:40:00+00:00,73649.3,73670.0,73645.5,73670.0,95.242,7015445.1364
2026-05-29 06:45:00+00:00,73670.0,73722.9,73669.9,73710.7,98.978,7294980.3906
2026-05-29 06:50:00+00:00,73710.8,73787.2,73694.4,73750.0,208.9,15406014.4329
2026-05-29 06:55:00+00:00,73749.9,73768.8,73738.4,73752.5,109.361,8065468.1142
2026-05-29 07:00:00+00:00,73752.5,73769.5,73724.5,73737.0,193.787,14289642.4396
2026-05-29 07:05:00+00:00,73737.0,73764.1,73736.3,73739.8,180.006,13275575.1808
2026-05-29 07:10:00+00:00,73739.8,73792.9,73739.8,73786.5,222.907,16445840.7358
2026-05-29 07:15:00+00:00,73786.4,73796.3,73762.6,73784.4,245.419,18106949.3085
2026-05-29 07:20:00+00:00,73784.3,73797.3,73766.1,73773.1,132.319,9762769.8776
2026-05-29 07:25:00+00:00,73773.1,73773.2,73714.0,73734.6,279.513,20609488.1922
2026-05-29 07:30:00+00:00,73734.6,73734.7,73482.5,73495.5,1310.929,96459529.4114
2026-05-29 07:35:00+00:00,73495.5,73512.4,73410.0,73450.9,762.613,56016981.265
2026-05-29 07:40:00+00:00,73450.8,73455.5,73351.8,73368.8,821.122,60267727.699
2026-05-29 07:45:00+00:00,73368.8,73380.4,73333.0,73360.0,789.963,57951538.9838
2026-05-29 07:50:00+00:00,73360.0,73402.3,73355.0,73355.0,628.035,46085791.7654
2026-05-29 07:55:00+00:00,73355.0,73504.8,73355.0,73488.0,1022.413,75078229.9182
2026-05-29 08:00:00+00:00,73488.1,73690.0,73480.1,73626.4,678.659,49960007.3875
2026-05-29 08:05:00+00:00,73626.3,73694.2,73583.7,73672.7,260.191,19161195.5994
2026-05-29 08:10:00+00:00,73672.6,73683.6,73629.1,73681.6,310.107,22842554.0
2026-05-29 08:15:00+00:00,73681.5,73701.9,73661.9,73672.7,194.533,14334018.7444
2026-05-29 08:20:00+00:00,73672.7,73789.4,73664.3,73740.2,391.072,28843723.1989
2026-05-29 08:25:00+00:00,73740.3,73799.8,73737.1,73747.4,372.608,27487155.9413
2026-05-29 08:30:00+00:00,73747.4,73765.0,73678.7,73764.9,373.076,27503834.9456
2026-05-29 08:35:00+00:00,73765.0,73799.4,73753.4,73774.9,302.165,22292810.3892
2026-05-29 08:40:00+00:00,73775.0,73793.7,73726.1,73774.9,207.948,15337760.2988
2026-05-29 08:45:00+00:00,73774.9,73783.9,73679.7,73683.8,189.105,13942780.6747
2026-05-29 08:50:00+00:00,73683.8,73704.0,73644.1,73670.0,287.26,21161740.9054
2026-05-29 08:55:00+00:00,73670.0,73670.0,73600.1,73625.2,153.948,11334657.3724
2026-05-29 09:00:00+00:00,73625.1,73670.0,73615.0,73631.7,172.225,12682709.6218
2026-05-29 09:05:00+00:00,73631.6,73725.0,73631.6,73724.9,148.677,10954669.764
2026-05-29 09:10:00+00:00,73725.0,73833.3,73724.9,73784.7,645.041,47608874.3885
2026-05-29 09:15:00+00:00,73784.7,73836.0,73770.6,73825.1,282.916,20883571.5831
2026-05-29 09:20:00+00:00,73825.0,73846.1,73803.5,73837.7,295.659,21827466.9813
2026-05-29 09:25:00+00:00,73837.7,73866.8,73810.2,73849.4,374.561,27659017.4165
2026-05-29 09:30:00+00:00,73849.3,73856.5,73789.3,73817.1,319.15,23561258.9653
2026-05-29 09:35:00+00:00,73817.0,73820.0,73786.6,73815.1,164.288,12125807.1286
2026-05-29 09:40:00+00:00,73815.1,73823.1,73790.4,73796.1,247.678,18280864.4206
2026-05-29 09:45:00+00:00,73796.1,73799.9,73714.2,73717.1,373.379,27541800.3355
2026-05-29 09:50:00+00:00,73717.1,73723.8,73696.6,73712.7,212.672,15676051.5107
2026-05-29 09:55:00+00:00,73712.7,73718.2,73680.6,73707.8,141.41,10422001.0954
2026-05-29 10:00:00+00:00,73707.8,73707.9,73644.6,73644.7,254.56,18754701.0759
2026-05-29 10:05:00+00:00,73644.6,73684.4,73636.5,73639.1,137.69,10143253.343
2026-05-29 10:10:00+00:00,73639.1,73684.4,73638.0,73672.5,103.834,7649249.7784
2026-05-29 10:15:00+00:00,73672.5,73672.5,73610.2,73629.9,142.182,10469424.159
2026-05-29 10:20:00+00:00,73630.0,73655.9,73585.0,73614.2,212.692,15658081.8808
2026-05-29 10:25:00+00:00,73614.3,73625.2,73581.5,73599.1,212.078,15609152.9515
2026-05-29 10:30:00+00:00,73599.1,73599.2,73556.1,73590.0,192.509,14162905.8809
2026-05-29 10:35:00+00:00,73589.9,73709.3,73589.9,73662.2,235.027,17311932.9822
2026-05-29 10:40:00+00:00,73662.2,73662.2,73576.5,73576.5,147.218,10837396.591
2026-05-29 10:45:00+00:00,73576.5,73609.4,73561.4,73609.4,108.093,7953694.1609
2026-05-29 10:50:00+00:00,73609.4,73620.9,73605.5,73609.9,84.797,6242379.6014
2026-05-29 10:55:00+00:00,73609.9,73658.8,73601.9,73601.9,181.734,13382878.8842
2026-05-29 11:00:00+00:00,73601.9,73620.0,73560.6,73600.1,119.937,8825900.7637
2026-05-29 11:05:00+00:00,73600.1,73634.3,73592.3,73594.4,140.544,10346467.4632
2026-05-29 11:10:00+00:00,73594.3,73649.7,73592.9,73612.4,125.275,9222119.8816
2026-05-29 11:15:00+00:00,73612.3,73635.5,73612.3,73629.0,62.845,4626977.2147
2026-05-29 11:20:00+00:00,73629.0,73662.3,73610.2,73648.4,109.981,8098381.9247
2026-05-29 11:25:00+00:00,73648.4,73648.4,73516.8,73540.7,188.162,13841281.3706
2026-05-29 11:30:00+00:00,73540.6,73553.9,73485.1,73553.9,247.812,18216337.9218
2026-05-29 11:35:00+00:00,73553.9,73553.9,73459.1,73466.5,242.313,17807471.7343
2026-05-29 11:40:00+00:00,73466.5,73500.0,73447.0,73455.1,215.391,15824271.8876
2026-05-29 11:45:00+00:00,73455.0,73488.7,73420.0,73427.5,175.483,12890463.4129
2026-05-29 11:50:00+00:00,73427.5,73440.0,73305.1,73393.0,790.758,58018051.2837
2026-05-29 11:55:00+00:00,73393.1,73448.4,73381.6,73447.6,242.411,17799958.1103
2026-05-29 12:00:00+00:00,73447.5,73447.5,73365.2,73388.6,249.882,18345079.1603
2026-05-29 12:05:00+00:00,73388.7,73388.7,73332.0,73344.8,292.746,21473242.5908
2026-05-29 12:10:00+00:00,73344.8,73354.6,73299.7,73335.0,406.484,29805735.4226
2026-05-29 12:15:00+00:00,73335.1,73384.0,73285.8,73352.1,386.544,28354656.7761
2026-05-29 12:20:00+00:00,73352.0,73353.5,73281.7,73288.0,349.179,25601596.361
2026-05-29 12:25:00+00:00,73288.0,73294.0,73272.8,73293.9,223.696,16392798.7551
2026-05-29 12:30:00+00:00,73294.0,73306.4,73206.0,73254.9,515.19,37742524.9258
2026-05-29 12:35:00+00:00,73254.8,73280.9,73190.0,73215.0,388.885,28476049.7087
2026-05-29 12:40:00+00:00,73214.9,73246.1,73189.5,73246.1,362.016,26508396.5968
2026-05-29 12:45:00+00:00,73246.0,73258.3,73166.0,73216.4,661.834,48453240.3652
2026-05-29 12:50:00+00:00,73216.4,73345.7,73216.4,73296.0,546.714,40077920.1464
2026-05-29 12:55:00+00:00,73296.0,73312.1,73251.4,73260.0,288.003,21103078.9993
2026-05-29 13:00:00+00:00,73260.1,73267.6,73160.0,73212.9,439.801,32200592.222
2026-05-29 13:05:00+00:00,73212.9,73222.9,73130.0,73180.4,784.448,57399371.8138
2026-05-29 13:10:00+00:00,73180.4,73180.4,73049.2,73099.3,1356.351,99155926.8461
2026-05-29 13:15:00+00:00,73099.2,73111.4,73075.0,73086.9,512.957,37494420.4448
2026-05-29 13:20:00+00:00,73086.8,73099.8,72957.8,72999.8,1100.724,80380867.0254
2026-05-29 13:25:00+00:00,73000.0,73060.7,72930.9,73038.7,847.812,61882274.872
2026-05-29 13:30:00+00:00,73038.7,73041.2,72866.0,72894.3,1293.779,94345735.7607
2026-05-29 13:35:00+00:00,72894.3,73280.7,72883.8,73187.0,1558.221,113925905.2781
2026-05-29 13:40:00+00:00,73187.0,73235.1,73077.6,73235.1,868.852,63549211.2716
2026-05-29 13:45:00+00:00,73235.1,73320.0,73174.2,73185.3,709.759,51980444.5484
2026-05-29 13:50:00+00:00,73185.3,73197.5,73032.5,73091.8,605.164,44244090.7367
2026-05-29 13:55:00+00:00,73091.9,73207.1,73091.8,73114.6,353.462,25856062.6474
2026-05-29 14:00:00+00:00,73114.6,73176.4,73068.9,73142.5,461.515,33741826.0237
2026-05-29 14:05:00+00:00,73142.5,73144.6,72861.3,72925.9,985.137,71882275.0793
2026-05-29 14:10:00+00:00,72925.8,73005.8,72882.4,72982.5,546.927,39899028.5081
2026-05-29 14:15:00+00:00,72982.4,73047.3,72720.0,72763.5,1789.65,130326792.4541
2026-05-29 14:20:00+00:00,72763.4,72830.0,72652.0,72656.8,1456.574,105961265.6344
2026-05-29 14:25:00+00:00,72656.8,72733.0,72436.0,72690.3,3888.04,282155390.8026
2026-05-29 14:30:00+00:00,72690.3,72856.0,72620.0,72813.9,1352.482,98367995.3935
2026-05-29 14:35:00+00:00,72813.8,72860.0,72666.0,72666.1,790.207,57496052.1578
2026-05-29 14:40:00+00:00,72666.1,72737.5,72536.1,72619.7,1043.129,75766370.0229
2026-05-29 14:45:00+00:00,72619.7,72771.8,72575.6,72717.7,771.296,56056409.5399
2026-05-29 14:50:00+00:00,72717.7,73099.8,72715.2,72901.9,2945.146,214948409.9534
2026-05-29 14:55:00+00:00,72901.8,73206.8,72880.0,73065.8,1927.9,140893867.5296
2026-05-29 15:00:00+00:00,73065.8,73287.4,72970.1,73287.4,1076.837,78744936.5657
2026-05-29 15:05:00+00:00,73287.3,73722.5,73261.9,73640.8,4247.884,312166998.0385
2026-05-29 15:10:00+00:00,73640.8,73732.6,73605.0,73664.7,1879.583,138478415.5813
2026-05-29 15:15:00+00:00,73664.7,73725.0,73496.5,73612.0,2651.538,195099825.2944
2026-05-29 15:20:00+00:00,73612.0,73612.0,73500.0,73567.6,1286.887,94672495.5721
2026-05-29 15:25:00+00:00,73567.5,73736.6,73436.4,73635.9,1765.547,129941273.0983
2026-05-29 15:30:00+00:00,73635.9,74070.0,73631.9,74020.9,3668.502,271183178.3664
2026-05-29 15:35:00+00:00,74021.0,74169.5,73940.5,74081.2,2993.512,221751988.6034
2026-05-29 15:40:00+00:00,74081.2,74177.0,73702.0,73793.2,4215.923,311639731.5549
2026-05-29 15:45:00+00:00,73793.2,73844.5,73705.0,73844.4,1331.146,98211932.9437
2026-05-29 15:50:00+00:00,73844.5,73855.5,73671.4,73730.6,822.156,60633862.3899
2026-05-29 15:55:00+00:00,73730.6,73839.4,73708.2,73775.4,474.895,35038365.9182
2026-05-29 16:00:00+00:00,73775.4,73856.5,73750.3,73839.6,759.446,56046258.0263
2026-05-29 16:05:00+00:00,73839.7,73896.2,73780.5,73863.4,654.571,48332527.7807
2026-05-29 16:10:00+00:00,73863.5,73988.3,73859.4,73921.9,822.058,60777628.6473
2026-05-29 16:15:00+00:00,73921.9,73939.0,73701.8,73707.8,1135.616,83823794.3001
2026-05-29 16:20:00+00:00,73707.8,73753.7,73594.4,73610.1,825.121,60797988.432
2026-05-29 16:25:00+00:00,73610.1,73643.8,73528.5,73616.9,835.684,61489520.2424
2026-05-29 16:30:00+00:00,73616.9,74053.5,73610.7,74044.6,1557.155,115046999.7232
2026-05-29 16:35:00+00:00,74044.5,74063.9,73886.1,73953.3,865.687,64050422.4846
2026-05-29 16:40:00+00:00,73953.3,74079.0,73953.3,74047.6,514.364,38075461.7093
2026-05-29 16:45:00+00:00,74047.7,74048.7,73953.1,74013.2,507.586,37567513.0139
2026-05-29 16:50:00+00:00,74013.3,74036.4,73888.0,74014.8,1158.418,85666926.6046
2026-05-29 16:55:00+00:00,74014.9,74124.0,73926.0,74022.0,1035.65,76677073.6232
2026-05-29 17:00:00+00:00,74022.1,74119.3,73920.0,73920.1,786.267,58208624.9576
2026-05-29 17:05:00+00:00,73920.0,74116.1,73900.0,74097.0,450.181,33312000.3575
2026-05-29 17:10:00+00:00,74097.1,74272.5,74097.0,74211.8,1854.461,137602761.1915
2026-05-29 17:15:00+00:00,74211.8,74284.9,74113.3,74184.7,1645.811,122115540.3028
2026-05-29 17:20:00+00:00,74184.7,74293.1,74167.2,74253.8,948.791,70419422.1714
2026-05-29 17:25:00+00:00,74253.9,74253.9,74141.2,74189.9,396.036,29377543.2815
2026-05-29 17:30:00+00:00,74189.9,74289.1,74184.5,74237.4,409.839,30425535.0656
2026-05-29 17:35:00+00:00,74237.4,74292.3,74175.3,74266.8,559.849,41559841.1008
2026-05-29 17:40:00+00:00,74266.8,74278.9,74164.2,74177.4,373.314,27709866.6662
2026-05-29 17:45:00+00:00,74177.4,74177.5,74006.4,74007.4,660.252,48911631.1942
2026-05-29 17:50:00+00:00,74007.4,74055.1,73939.0,73942.9,667.296,49375715.3449
2026-05-29 17:55:00+00:00,73942.8,73983.5,73876.1,73954.3,484.319,35803509.1841
2026-05-29 18:00:00+00:00,73954.7,74000.0,73910.7,73958.2,426.493,31543044.402
2026-05-29 18:05:00+00:00,73958.2,74033.9,73911.8,74012.4,276.895,20480928.0841
2026-05-29 18:10:00+00:00,74012.4,74040.3,73975.2,74012.4,183.666,13592690.6813
2026-05-29 18:15:00+00:00,74012.3,74019.9,73832.2,73869.5,1095.286,80948928.2014
2026-05-29 18:20:00+00:00,73869.6,73903.1,73763.5,73819.0,727.697,53722653.3802
2026-05-29 18:25:00+00:00,73819.1,73863.0,73688.9,73758.1,1526.348,112576063.6501
2026-05-29 18:30:00+00:00,73758.0,73807.3,73720.4,73794.8,455.939,33636158.5337
2026-05-29 18:35:00+00:00,73794.8,73818.2,73713.7,73799.2,291.426,21499949.9869
2026-05-29 18:40:00+00:00,73799.2,73812.9,73741.6,73758.5,168.24,12412348.6995
2026-05-29 18:45:00+00:00,73758.6,73758.6,73526.6,73526.7,1263.132,92962784.3262
2026-05-29 18:50:00+00:00,73526.6,73560.0,73057.8,73300.0,4297.191,314923431.917
2026-05-29 18:55:00+00:00,73300.0,73363.7,73257.2,73343.0,645.086,47302227.326
2026-05-29 19:00:00+00:00,73342.9,73435.2,73260.0,73421.0,801.269,58792249.1436
2026-05-29 19:05:00+00:00,73421.1,73485.1,73410.0,73435.7,378.534,27801516.6723
2026-05-29 19:10:00+00:00,73435.7,73448.6,73390.0,73395.1,293.971,21581449.0073
2026-05-29 19:15:00+00:00,73395.0,73416.2,73207.3,73265.9,647.404,47461505.903
2026-05-29 19:20:00+00:00,73265.9,73313.8,73242.4,73286.9,462.081,33857212.714
2026-05-29 19:25:00+00:00,73287.0,73322.5,73268.3,73303.5,146.948,10771438.4616
2026-05-29 19:30:00+00:00,73303.4,73539.7,73303.4,73533.1,435.301,31974462.0167
2026-05-29 19:35:00+00:00,73533.1,73687.8,73533.0,73658.5,683.409,50311064.7597
2026-05-29 19:40:00+00:00,73658.6,73693.6,73615.8,73650.0,327.881,24151221.88
2026-05-29 19:45:00+00:00,73650.0,73686.5,73600.0,73640.9,297.795,21928642.7779
2026-05-29 19:50:00+00:00,73640.9,73650.0,73558.2,73558.2,267.537,19692015.1256
2026-05-29 19:55:00+00:00,73558.2,73595.3,73482.5,73489.0,321.767,23656405.1777
2026-05-29 20:00:00+00:00,73489.0,73554.6,73474.2,73537.9,295.895,21751575.3703
2026-05-29 20:05:00+00:00,73537.8,73637.3,73529.7,73611.9,223.072,16416446.303
2026-05-29 20:10:00+00:00,73612.0,73649.7,73586.2,73622.8,199.158,14661070.341
2026-05-29 20:15:00+00:00,73622.7,73634.0,73560.9,73620.8,267.039,19653218.3598
2026-05-29 20:20:00+00:00,73620.8,73720.0,73620.7,73713.7,321.199,23662719.1115
2026-05-29 20:25:00+00:00,73713.7,73727.0,73662.7,73680.3,616.97,45468512.6411
2026-05-29 20:30:00+00:00,73680.2,73735.2,73680.0,73693.8,203.497,14999851.3352
2026-05-29 20:35:00+00:00,73693.9,73711.0,73655.2,73672.8,89.743,6611801.2268
2026-05-29 20:40:00+00:00,73672.9,73673.4,73654.9,73669.6,55.761,4107731.1984
2026-05-29 20:45:00+00:00,73669.7,73720.9,73665.6,73692.7,151.791,11184792.9421
2026-05-29 20:50:00+00:00,73692.7,73700.0,73615.5,73626.8,123.89,9124586.586
2026-05-29 20:55:00+00:00,73626.8,73654.9,73586.0,73644.9,185.447,13652044.9365
2026-05-29 21:00:00+00:00,73644.9,73666.0,73607.4,73656.7,66.39,4889405.6072
2026-05-29 21:05:00+00:00,73656.7,73742.7,73656.7,73685.7,151.843,11191111.5141
2026-05-29 21:10:00+00:00,73685.7,73829.2,73681.5,73770.0,272.114,20074720.8726
2026-05-29 21:15:00+00:00,73770.0,73778.0,73688.7,73688.7,130.245,9605085.5864
2026-05-29 21:20:00+00:00,73688.8,73688.8,73473.8,73593.0,947.549,69716208.2599
2026-05-29 21:25:00+00:00,73593.1,73593.1,73499.9,73499.9,201.76,14837275.9777
2026-05-29 21:30:00+00:00,73499.9,73556.6,73424.4,73512.4,349.19,25659524.6259
2026-05-29 21:35:00+00:00,73512.3,73569.1,73489.0,73569.1,114.739,8437073.6776
2026-05-29 21:40:00+00:00,73569.1,73576.1,73552.3,73576.1,68.602,5046815.0509
2026-05-29 21:45:00+00:00,73576.0,73589.5,73463.1,73463.1,144.527,10626714.1359
2026-05-29 21:50:00+00:00,73463.2,73463.2,73387.0,73387.0,208.62,15317835.319
2026-05-29 21:55:00+00:00,73387.0,73420.0,73369.9,73385.3,305.199,22400609.3124
2026-05-29 22:00:00+00:00,73385.2,73466.9,73385.2,73385.5,394.259,28946304.3097
2026-05-29 22:05:00+00:00,73385.5,73391.8,73344.6,73370.0,382.688,28076157.1661
2026-05-29 22:10:00+00:00,73369.9,73403.1,73350.0,73371.0,176.353,12940754.7535
2026-05-29 22:15:00+00:00,73371.0,73461.2,73370.9,73461.2,182.908,13428628.1822
2026-05-29 22:20:00+00:00,73461.2,73537.6,73461.1,73495.8,317.045,23309609.8475
2026-05-29 22:25:00+00:00,73495.8,73496.5,73477.2,73489.7,77.12,5667436.523
2026-05-29 22:30:00+00:00,73489.7,73520.0,73481.5,73481.6,118.269,8693088.2456
2026-05-29 22:35:00+00:00,73481.5,73481.5,73394.6,73419.3,396.838,29142424.2841
2026-05-29 22:40:00+00:00,73419.2,73453.8,73414.5,73428.7,217.168,15948291.1148
2026-05-29 22:45:00+00:00,73428.7,73491.0,73410.9,73439.4,230.405,16924623.1468
2026-05-29 22:50:00+00:00,73439.4,73455.0,73367.4,73399.1,204.734,15027095.5301
2026-05-29 22:55:00+00:00,73399.0,73464.8,73399.0,73446.5,121.693,8937299.6985
2026-05-29 23:00:00+00:00,73446.5,73446.6,73380.2,73430.0,144.741,10624726.7253
2026-05-29 23:05:00+00:00,73430.0,73478.3,73408.0,73419.3,133.229,9784512.5087
2026-05-29 23:10:00+00:00,73419.3,73425.9,73347.0,73372.2,174.398,12797443.4005
2026-05-29 23:15:00+00:00,73372.3,73433.4,73354.9,73386.2,437.603,32123617.7062
2026-05-29 23:20:00+00:00,73386.2,73409.6,73279.3,73308.5,381.996,28008107.4196
2026-05-29 23:25:00+00:00,73308.4,73371.5,73300.9,73348.6,222.745,16337952.8953
2026-05-29 23:30:00+00:00,73348.7,73374.1,73305.6,73327.1,268.004,19652659.5269
2026-05-29 23:35:00+00:00,73327.0,73327.1,73279.9,73323.2,152.48,11176948.0174
2026-05-29 23:40:00+00:00,73323.1,73394.4,73323.1,73394.3,242.262,17770234.5676
2026-05-29 23:45:00+00:00,73394.4,73400.0,73370.2,73400.0,142.791,10478993.2142
2026-05-29 23:50:00+00:00,73400.0,73462.3,73396.3,73436.7,246.523,18102156.4317
2026-05-29 23:55:00+00:00,73436.7,73442.0,73425.1,73428.2,47.133,3461106.2213
2026-05-30 00:00:00+00:00,73428.2,73479.8,73400.0,73410.3,147.231,10811432.4665
2026-05-30 00:05:00+00:00,73410.4,73489.7,73386.0,73480.6,129.592,9516935.5229
2026-05-30 00:10:00+00:00,73480.6,73486.3,73447.8,73447.9,108.385,7963096.8161
2026-05-30 00:15:00+00:00,73448.0,73512.7,73447.9,73455.3,303.974,22338168.3706
2026-05-30 00:20:00+00:00,73455.3,73498.3,73435.5,73437.3,185.592,13634941.8519
2026-05-30 00:25:00+00:00,73437.4,73471.0,73430.1,73430.1,163.346,11997947.1423
2026-05-30 00:30:00+00:00,73430.2,73430.2,73367.3,73394.1,180.531,13249974.6487
2026-05-30 00:35:00+00:00,73394.1,73477.4,73389.6,73477.4,103.426,7596841.029
2026-05-30 00:40:00+00:00,73477.4,73483.9,73462.3,73483.6,98.781,7257643.2227
2026-05-30 00:45:00+00:00,73483.7,73503.4,73472.6,73482.1,89.024,6542444.5662
2026-05-30 00:50:00+00:00,73482.1,73545.3,73482.1,73485.0,348.087,25590994.1815
2026-05-30 00:55:00+00:00,73485.0,73517.4,73463.3,73463.3,186.511,13707470.8503
2026-05-30 01:00:00+00:00,73463.3,73506.8,73430.9,73492.3,245.815,18057872.3217
2026-05-30 01:05:00+00:00,73492.4,73547.6,73477.8,73538.4,71.161,5231323.7588
2026-05-30 01:10:00+00:00,73538.4,73575.9,73530.0,73537.9,173.068,12729578.3212
2026-05-30 01:15:00+00:00,73537.9,73569.3,73512.6,73569.3,124.724,9172231.7474
2026-05-30 01:20:00+00:00,73569.3,73614.0,73532.1,73589.7,265.663,19546612.4215
2026-05-30 01:25:00+00:00,73589.7,73614.8,73589.6,73589.7,233.69,17200206.2274
2026-05-30 01:30:00+00:00,73589.6,73621.2,73560.4,73592.6,249.245,18344309.6852
2026-05-30 01:35:00+00:00,73592.7,73625.9,73588.7,73594.8,124.064,9131677.9565
2026-05-30 01:40:00+00:00,73594.7,73594.8,73557.8,73565.1,89.03,6550438.1642
2026-05-30 01:45:00+00:00,73565.2,73604.2,73565.1,73599.1,87.907,6469289.1169
2026-05-30 01:50:00+00:00,73599.2,73603.1,73542.8,73603.1,166.214,12228877.3915
2026-05-30 01:55:00+00:00,73603.0,73623.6,73603.0,73623.6,73.645,5421271.0234
2026-05-30 02:00:00+00:00,73623.6,73672.2,73623.5,73663.2,246.799,18176940.2824
2026-05-30 02:05:00+00:00,73663.3,73663.3,73643.8,73647.6,92.349,6801709.1518
2026-05-30 02:10:00+00:00,73647.6,73654.8,73621.8,73633.8,115.761,8524614.249
2026-05-30 02:15:00+00:00,73633.9,73653.0,73620.1,73628.0,117.079,8621718.6876
2026-05-30 02:20:00+00:00,73628.0,73628.1,73575.0,73579.0,110.286,8116767.3651
2026-05-30 02:25:00+00:00,73579.0,73594.6,73575.0,73594.5,49.461,3639427.0098
2026-05-30 02:30:00+00:00,73594.6,73680.4,73594.5,73674.2,123.018,9059817.0179
2026-05-30 02:35:00+00:00,73674.1,73694.2,73660.0,73665.0,133.21,9814435.7793
2026-05-30 02:40:00+00:00,73665.1,73695.2,73650.0,73674.8,165.695,12207966.2868
2026-05-30 02:45:00+00:00,73674.8,73692.0,73663.6,73663.6,133.109,9807507.086
2026-05-30 02:50:00+00:00,73663.6,73739.1,73663.6,73739.1,208.642,15378437.1983
2026-05-30 02:55:00+00:00,73739.0,73747.6,73724.6,73747.4,161.487,11907620.4249
2026-05-30 03:00:00+00:00,73747.4,73757.9,73691.2,73757.9,158.382,11676930.3879
2026-05-30 03:05:00+00:00,73757.9,73757.9,73716.6,73749.9,196.761,14508001.6191
2026-05-30 03:10:00+00:00,73750.0,73751.4,73718.7,73726.1,265.973,19610364.628
2026-05-30 03:15:00+00:00,73726.1,73726.2,73680.8,73692.9,211.193,15565468.4696
2026-05-30 03:20:00+00:00,73692.8,73719.6,73661.3,73661.3,117.875,8686406.945
2026-05-30 03:25:00+00:00,73661.4,73664.1,73622.4,73630.6,127.234,9369971.4735
2026-05-30 03:30:00+00:00,73630.6,73630.7,73568.5,73577.3,223.263,16431464.6896
2026-05-30 03:35:00+00:00,73577.3,73577.4,73557.4,73572.8,122.894,9040839.708
2026-05-30 03:40:00+00:00,73572.8,73572.9,73500.0,73505.6,391.196,28764185.1891
2026-05-30 03:45:00+00:00,73505.7,73562.6,73502.1,73549.4,277.319,20392229.1786
2026-05-30 03:50:00+00:00,73549.3,73549.4,73515.0,73515.1,105.747,7775462.1896
2026-05-30 03:55:00+00:00,73515.1,73515.1,73485.0,73492.4,145.052,10661220.5526
2026-05-30 04:00:00+00:00,73492.4,73549.7,73472.5,73472.5,242.541,17831869.3183
2026-05-30 04:05:00+00:00,73472.5,73472.6,73308.2,73316.2,648.904,47616204.3527
2026-05-30 04:10:00+00:00,73316.2,73460.0,73316.1,73460.0,396.561,29102301.3108
2026-05-30 04:15:00+00:00,73459.9,73460.0,73364.3,73382.9,220.862,16210603.2658
2026-05-30 04:20:00+00:00,73383.0,73400.0,73356.0,73381.5,158.245,11612242.7174
2026-05-30 04:25:00+00:00,73381.5,73384.6,73262.4,73310.5,478.963,35114344.7586
2026-05-30 04:30:00+00:00,73310.4,73319.7,73130.1,73199.2,1080.193,79099655.4075
2026-05-30 04:35:00+00:00,73199.2,73268.9,73179.5,73235.0,558.012,40857714.4297
2026-05-30 04:40:00+00:00,73235.1,73279.9,73225.0,73279.9,180.248,13201580.3919
2026-05-30 04:45:00+00:00,73279.9,73354.0,73252.6,73330.1,562.945,41272297.8489
2026-05-30 04:50:00+00:00,73330.1,73359.5,73314.0,73315.4,608.297,44614646.4283
2026-05-30 04:55:00+00:00,73315.4,73374.0,73310.1,73365.9,257.21,18863839.6502
2026-05-30 05:00:00+00:00,73365.9,73427.5,73309.4,73377.0,725.506,53229556.9868
2026-05-30 05:05:00+00:00,73376.9,73671.2,73376.9,73481.3,1872.612,137695100.3731
2026-05-30 05:10:00+00:00,73481.4,73490.0,73449.9,73469.6,183.97,13516091.0233
2026-05-30 05:15:00+00:00,73469.6,73515.0,73464.9,73501.4,159.679,11734655.3369
2026-05-30 05:20:00+00:00,73501.5,73520.0,73494.3,73494.4,110.498,8122129.6905
2026-05-30 05:25:00+00:00,73494.3,73530.0,73481.6,73481.6,131.929,9698186.5984
2026-05-30 05:30:00+00:00,73481.7,73537.8,73481.6,73511.0,125.293,9211034.5015
2026-05-30 05:35:00+00:00,73511.0,73549.0,73511.0,73538.3,72.959,5364907.1828
2026-05-30 05:40:00+00:00,73538.2,73549.7,73525.5,73549.7,60.212,4427745.9328
2026-05-30 05:45:00+00:00,73549.6,73606.8,73549.6,73576.2,144.59,10639190.0562
2026-05-30 05:50:00+00:00,73576.2,73599.6,73551.6,73582.0,136.067,10010955.8284
2026-05-30 05:55:00+00:00,73582.0,73593.8,73564.8,73567.5,64.656,4757073.2492
2026-05-30 06:00:00+00:00,73567.5,73582.6,73556.9,73556.9,104.692,7702522.8347
2026-05-30 06:05:00+00:00,73557.0,73557.0,73495.8,73500.5,288.401,21203010.8663
2026-05-30 06:10:00+00:00,73500.6,73530.2,73492.0,73507.1,136.436,10029465.2675
2026-05-30 06:15:00+00:00,73507.1,73530.0,73507.1,73530.0,63.279,4652038.6655
2026-05-30 06:20:00+00:00,73530.0,73595.1,73529.9,73582.5,88.462,6508083.6448
2026-05-30 06:25:00+00:00,73582.5,73582.5,73554.8,73576.4,110.024,8093931.1143
2026-05-30 06:30:00+00:00,73576.4,73650.1,73576.4,73646.4,285.567,21025065.9521
2026-05-30 06:35:00+00:00,73646.3,73685.0,73629.4,73632.0,215.208,15851878.9808
2026-05-30 06:40:00+00:00,73632.0,73632.1,73609.0,73628.1,65.835,4846800.3417
2026-05-30 06:45:00+00:00,73628.1,73634.4,73577.3,73577.4,129.259,9513142.2349
2026-05-30 06:50:00+00:00,73577.3,73587.4,73543.1,73583.4,119.589,8797671.9992
2026-05-30 06:55:00+00:00,73583.3,73583.4,73515.0,73550.7,210.941,15513218.966
2026-05-30 07:00:00+00:00,73550.7,73555.0,73505.0,73505.0,118.203,8691450.6212
2026-05-30 07:05:00+00:00,73505.1,73519.6,73501.5,73507.1,98.273,7223822.1008
2026-05-30 07:10:00+00:00,73507.0,73533.8,73507.0,73507.0,69.023,5074165.5344
2026-05-30 07:15:00+00:00,73507.0,73530.8,73507.0,73507.0,74.288,5461718.4751
2026-05-30 07:20:00+00:00,73507.1,73517.7,73494.6,73517.7,45.228,3324539.5496
2026-05-30 07:25:00+00:00,73517.7,73546.2,73517.6,73528.4,63.83,4693911.1795
2026-05-30 07:30:00+00:00,73528.3,73546.2,73521.7,73534.3,40.289,2962587.0263
2026-05-30 07:35:00+00:00,73534.3,73534.4,73460.1,73461.9,195.899,14393523.5489
2026-05-30 07:40:00+00:00,73461.9,73478.9,73460.1,73460.1,81.037,5953729.7191
2026-05-30 07:45:00+00:00,73460.2,73514.7,73448.4,73507.3,140.776,10344315.086
2026-05-30 07:50:00+00:00,73507.3,73513.6,73491.5,73510.2,133.063,9779944.369
2026-05-30 07:55:00+00:00,73510.3,73514.0,73486.2,73513.9,86.218,6337228.6597
2026-05-30 08:00:00+00:00,73514.0,73515.8,73502.2,73515.7,73.704,5418103.0387
2026-05-30 08:05:00+00:00,73515.8,73525.0,73501.7,73525.0,72.38,5320458.0777
2026-05-30 08:10:00+00:00,73525.0,73525.0,73499.2,73525.0,58.533,4302577.5098
2026-05-30 08:15:00+00:00,73524.9,73525.0,73473.7,73473.8,60.347,4435183.8673
2026-05-30 08:20:00+00:00,73473.7,73517.8,73473.7,73517.7,60.083,4415353.4591
2026-05-30 08:25:00+00:00,73517.8,73527.7,73509.0,73520.0,87.918,6463542.079
2026-05-30 08:30:00+00:00,73520.0,73524.1,73509.0,73509.3,87.347,6421702.2776
2026-05-30 08:35:00+00:00,73509.3,73513.5,73484.6,73487.3,65.591,4821218.6399
2026-05-30 08:40:00+00:00,73487.3,73496.1,73479.7,73490.0,82.716,6078396.4885
2026-05-30 08:45:00+00:00,73490.0,73493.8,73471.8,73493.8,37.063,2723461.1726
2026-05-30 08:50:00+00:00,73493.8,73506.7,73489.7,73492.2,92.968,6832848.0656
2026-05-30 08:55:00+00:00,73492.1,73492.2,73471.0,73491.6,157.695,11587497.0503
2026-05-30 09:00:00+00:00,73491.7,73506.0,73470.5,73502.9,103.89,7634159.9529
2026-05-30 09:05:00+00:00,73502.8,73512.0,73477.1,73512.0,75.154,5523323.9133
2026-05-30 09:10:00+00:00,73512.0,73517.0,73507.2,73515.0,69.327,5096348.2061
2026-05-30 09:15:00+00:00,73515.0,73549.9,73496.8,73496.9,174.759,12848702.0839
2026-05-30 09:20:00+00:00,73496.9,73527.9,73496.8,73514.8,49.288,3623108.2632
2026-05-30 09:25:00+00:00,73514.8,73530.0,73514.7,73529.9,39.848,2929763.9226
2026-05-30 09:30:00+00:00,73530.0,73536.6,73515.6,73523.6,90.822,6678304.2511
2026-05-30 09:35:00+00:00,73523.7,73547.1,73523.6,73530.9,71.019,5222293.7034
2026-05-30 09:40:00+00:00,73530.9,73535.6,73514.8,73535.6,45.969,3379718.1749
2026-05-30 09:45:00+00:00,73535.5,73538.4,73526.4,73530.1,51.426,3781511.7663
2026-05-30 09:50:00+00:00,73530.0,73590.3,73530.0,73580.1,150.1,11042209.4183
2026-05-30 09:55:00+00:00,73580.0,73580.6,73559.2,73576.8,104.139,7661796.9585
2026-05-30 10:00:00+00:00,73576.8,73591.2,73558.0,73580.0,83.861,6170250.1336
2026-05-30 10:05:00+00:00,73579.9,73611.7,73567.8,73604.4,106.087,7806979.8058
2026-05-30 10:10:00+00:00,73604.4,73626.0,73594.8,73598.9,81.004,5962774.9891
2026-05-30 10:15:00+00:00,73598.8,73648.0,73598.8,73628.6,191.222,14078249.2393
2026-05-30 10:20:00+00:00,73628.6,73638.2,73588.8,73638.2,134.638,9910096.2851
2026-05-30 10:25:00+00:00,73638.2,73638.2,73583.8,73597.3,165.301,12167074.8028
2026-05-30 10:30:00+00:00,73597.3,73619.8,73586.4,73594.6,196.921,14493675.0163
2026-05-30 10:35:00+00:00,73594.7,73612.0,73583.3,73583.3,133.18,9802527.9749
2026-05-30 10:40:00+00:00,73583.4,73619.7,73583.3,73604.3,147.269,10839894.8655
2026-05-30 10:45:00+00:00,73604.3,73635.7,73604.3,73615.3,144.967,10672727.1078
2026-05-30 10:50:00+00:00,73615.3,73625.0,73608.6,73619.7,58.898,4335753.0598
2026-05-30 10:55:00+00:00,73619.6,73619.7,73574.3,73615.4,96.45,7098175.3633
2026-05-30 11:00:00+00:00,73615.4,73619.8,73586.2,73605.2,74.398,5475798.8444
2026-05-30 11:05:00+00:00,73605.2,73605.3,73578.0,73578.0,70.191,5165546.8856
2026-05-30 11:10:00+00:00,73578.0,73602.1,73578.0,73582.7,66.387,4885399.8192
2026-05-30 11:15:00+00:00,73582.7,73592.0,73546.7,73551.0,79.851,5874552.6799
2026-05-30 11:20:00+00:00,73551.0,73562.2,73529.1,73562.1,110.842,8151489.9832
2026-05-30 11:25:00+00:00,73562.2,73582.7,73552.0,73556.5,139.807,10284579.7514
2026-05-30 11:30:00+00:00,73556.5,73563.9,73556.5,73559.1,51.237,3768979.5976
2026-05-30 11:35:00+00:00,73559.0,73588.2,73556.6,73588.1,70.245,5168134.4279
2026-05-30 11:40:00+00:00,73588.1,73602.8,73588.0,73595.5,82.809,6094415.247
2026-05-30 11:45:00+00:00,73595.5,73599.6,73570.9,73570.9,96.869,7128651.2096
2026-05-30 11:50:00+00:00,73571.0,73579.2,73546.6,73574.0,98.872,7272985.9203
2026-05-30 11:55:00+00:00,73574.0,73574.0,73560.9,73567.9,41.581,3058922.5585
2026-05-30 12:00:00+00:00,73568.0,73581.7,73561.2,73563.1,93.101,6849559.3267
2026-05-30 12:05:00+00:00,73563.1,73570.9,73563.1,73566.5,57.161,4205192.9194
2026-05-30 12:10:00+00:00,73566.5,73570.9,73556.4,73570.8,57.145,4203574.9124
2026-05-30 12:15:00+00:00,73570.8,73609.6,73570.8,73608.7,72.0,5298241.3294
2026-05-30 12:20:00+00:00,73608.7,73639.9,73608.3,73608.3,101.287,7457241.1812
2026-05-30 12:25:00+00:00,73608.4,73650.0,73608.3,73619.5,184.484,13584079.2292
2026-05-30 12:30:00+00:00,73619.6,73697.2,73616.8,73645.2,190.49,14033364.0936
2026-05-30 12:35:00+00:00,73645.2,73645.3,73629.7,73633.9,98.986,7288714.4711
2026-05-30 12:40:00+00:00,73634.0,73646.0,73626.2,73646.0,70.072,5159482.9996
2026-05-30 12:45:00+00:00,73646.0,73657.5,73620.0,73638.5,141.419,10413930.5896
2026-05-30 12:50:00+00:00,73638.6,73638.6,73621.4,73624.2,48.34,3559226.3703
2026-05-30 12:55:00+00:00,73624.3,73668.0,73624.2,73661.5,94.213,6938943.4916
2026-05-30 13:00:00+00:00,73661.5,73713.0,73660.0,73685.7,239.061,17616189.2966
2026-05-30 13:05:00+00:00,73685.7,73740.0,73685.7,73739.5,266.034,19612562.7262
2026-05-30 13:10:00+00:00,73739.5,73750.0,73705.9,73705.9,188.523,13901572.0777
2026-05-30 13:15:00+00:00,73705.9,73738.0,73677.4,73738.0,154.517,11388650.5192
2026-05-30 13:20:00+00:00,73738.0,73814.2,73727.1,73756.6,996.703,73542187.5392
2026-05-30 13:25:00+00:00,73756.5,73756.6,73742.6,73742.6,89.014,6564754.9791
2026-05-30 13:30:00+00:00,73742.7,73747.0,73660.0,73662.0,239.081,17618443.8899
2026-05-30 13:35:00+00:00,73662.0,73662.1,73638.2,73659.4,164.083,12084787.8903
2026-05-30 13:40:00+00:00,73659.3,73723.7,73659.3,73716.4,262.101,19313046.4662
2026-05-30 13:45:00+00:00,73716.4,73753.6,73713.6,73713.6,177.229,13068555.4453
2026-05-30 13:50:00+00:00,73713.6,73799.0,73713.6,73799.0,231.402,17071116.857
2026-05-30 13:55:00+00:00,73798.9,73809.9,73788.0,73805.0,291.501,21512384.9373
2026-05-30 14:00:00+00:00,73804.9,73888.0,73783.5,73883.4,597.671,44132107.7134
2026-05-30 14:05:00+00:00,73883.3,73925.0,73849.0,73923.2,565.996,41821445.1777
2026-05-30 14:10:00+00:00,73923.1,73988.0,73904.6,73906.8,987.606,73035338.2954
2026-05-30 14:15:00+00:00,73906.8,73980.9,73851.6,73971.9,448.613,33157182.8655
2026-05-30 14:20:00+00:00,73972.0,73972.0,73915.0,73938.0,301.796,22314541.4189
2026-05-30 14:25:00+00:00,73937.9,74035.0,73922.0,74009.5,648.666,47993220.7002
2026-05-30 14:30:00+00:00,74009.5,74078.6,73966.6,74017.2,1073.396,79440729.5006
2026-05-30 14:35:00+00:00,74017.2,74020.0,73976.8,74009.9,424.992,31449442.7405
2026-05-30 14:40:00+00:00,74009.9,74040.0,73965.9,73970.1,388.794,28772598.7459
2026-05-30 14:45:00+00:00,73970.1,73996.8,73885.6,73960.4,406.223,30032377.6681
2026-05-30 14:50:00+00:00,73960.3,73960.4,73892.8,73904.9,204.683,15128591.3499
2026-05-30 14:55:00+00:00,73904.9,73905.0,73878.0,73901.0,191.348,14139667.7257
2026-05-30 15:00:00+00:00,73901.0,73929.9,73860.0,73866.1,227.618,16820244.7579
2026-05-30 15:05:00+00:00,73866.0,73876.9,73844.3,73874.9,226.992,16766523.5531
2026-05-30 15:10:00+00:00,73874.8,74011.2,73874.8,73999.1,249.516,18450073.287
2026-05-30 15:15:00+00:00,73999.0,74007.4,73888.3,73915.4,220.794,16327334.1468
2026-05-30 15:20:00+00:00,73915.4,73915.4,73804.1,73849.5,498.215,36789406.5732
2026-05-30 15:25:00+00:00,73849.5,73930.0,73849.4,73908.5,286.227,21152411.8399
2026-05-30 15:30:00+00:00,73908.6,73913.8,73840.0,73885.9,222.463,16432613.0934
2026-05-30 15:35:00+00:00,73885.9,73896.8,73838.1,73838.1,91.577,6764872.3092
2026-05-30 15:40:00+00:00,73838.1,73841.6,73803.1,73839.8,207.24,15300526.8313
2026-05-30 15:45:00+00:00,73839.9,73895.4,73839.8,73879.2,77.617,5733893.9216
2026-05-30 15:50:00+00:00,73879.2,73938.9,73858.9,73922.3,286.333,21163035.9777
2026-05-30 15:55:00+00:00,73922.2,73927.7,73876.3,73888.0,158.33,11701011.2277
2026-05-30 16:00:00+00:00,73888.0,73895.3,73844.3,73862.5,183.846,13580545.3641
2026-05-30 16:05:00+00:00,73862.4,73900.0,73862.4,73894.1,103.688,7661216.9415
2026-05-30 16:10:00+00:00,73894.1,73944.9,73894.0,73929.3,384.3,28406566.943
2026-05-30 16:15:00+00:00,73929.4,73946.5,73870.8,73888.4,152.48,11269392.3781
2026-05-30 16:20:00+00:00,73888.3,73910.0,73870.0,73876.5,116.432,8603009.2947
2026-05-30 16:25:00+00:00,73876.5,73890.0,73864.5,73875.7,65.023,4803673.2266
2026-05-30 16:30:00+00:00,73875.8,73930.0,73865.6,73912.9,196.489,14519099.3553
2026-05-30 16:35:00+00:00,73912.8,73940.0,73902.2,73939.9,128.0,9462714.1883
2026-05-30 16:40:00+00:00,73940.0,73949.4,73904.8,73918.3,123.294,9115473.794
2026-05-30 16:45:00+00:00,73918.4,73944.9,73865.1,73890.0,130.586,9649058.8523
2026-05-30 16:50:00+00:00,73889.9,73896.7,73878.7,73893.4,64.91,4796187.618
2026-05-30 16:55:00+00:00,73893.5,73900.0,73893.5,73899.9,31.996,2364457.55
2026-05-30 17:00:00+00:00,73900.0,73910.0,73874.6,73908.1,143.154,10578461.6556
2026-05-30 17:05:00+00:00,73908.2,73910.0,73841.6,73855.4,133.957,9895137.1092
2026-05-30 17:10:00+00:00,73855.5,73877.8,73840.1,73877.7,76.031,5615345.6935
2026-05-30 17:15:00+00:00,73877.8,73910.0,73866.0,73877.1,210.862,15580253.8685
2026-05-30 17:20:00+00:00,73877.1,73989.9,73877.1,73969.5,487.637,36062888.2427
2026-05-30 17:25:00+00:00,73969.5,73969.5,73891.1,73895.5,349.787,25858403.802
2026-05-30 17:30:00+00:00,73895.5,73895.5,73772.5,73828.1,661.482,48829294.8625
2026-05-30 17:35:00+00:00,73828.1,73888.0,73803.6,73888.0,124.564,9198188.1646
2026-05-30 17:40:00+00:00,73887.9,73918.4,73880.1,73918.4,61.256,4526840.4968
2026-05-30 17:45:00+00:00,73918.3,73973.8,73918.3,73973.7,110.612,8180181.3168
2026-05-30 17:50:00+00:00,73973.8,73980.0,73955.1,73975.9,118.73,8782378.8896
2026-05-30 17:55:00+00:00,73976.0,73988.0,73971.7,73982.0,71.779,5310128.7358
2026-05-30 18:00:00+00:00,73982.0,74000.0,73974.6,73984.7,129.503,9581335.5833
2026-05-30 18:05:00+00:00,73984.8,73990.0,73956.6,73984.5,141.722,10484803.7642
2026-05-30 18:10:00+00:00,73984.5,73990.0,73984.0,73984.1,63.068,4666218.9748
2026-05-30 18:15:00+00:00,73984.1,74035.1,73980.0,74026.0,239.88,17752782.5267
2026-05-30 18:20:00+00:00,74026.1,74077.0,73996.0,73996.0,341.577,25291808.7194
2026-05-30 18:25:00+00:00,73996.0,73996.1,73899.0,73935.8,328.32,24273723.6185
2026-05-30 18:30:00+00:00,73935.7,74003.8,73923.9,74000.5,181.267,13408404.3745
2026-05-30 18:35:00+00:00,74000.5,74026.1,73984.3,74025.7,210.986,15613553.1085
2026-05-30 18:40:00+00:00,74025.8,74065.7,73998.2,74064.0,158.445,11729232.1017
2026-05-30 18:45:00+00:00,74064.0,74108.8,73994.9,74003.3,483.429,35809983.084
2026-05-30 18:50:00+00:00,74003.2,74003.3,73966.3,73987.7,87.955,6506805.372
2026-05-30 18:55:00+00:00,73987.7,74037.8,73978.8,74007.5,211.794,15673841.4631
2026-05-30 19:00:00+00:00,74007.5,74013.0,73980.0,74013.0,77.626,5743820.5516
2026-05-30 19:05:00+00:00,74013.0,74013.0,73966.9,73978.9,112.741,8341821.0482
2026-05-30 19:10:00+00:00,73978.9,74003.8,73967.0,74003.8,108.556,8031073.8328
2026-05-30 19:15:00+00:00,74003.8,74036.1,74003.7,74016.8,73.062,5408234.5029
2026-05-30 19:20:00+00:00,74016.9,74020.0,73974.0,73974.1,55.432,4101658.3366
2026-05-30 19:25:00+00:00,73974.0,73989.1,73955.5,73959.6,117.612,8700198.2782
2026-05-30 19:30:00+00:00,73959.6,73962.9,73934.9,73953.4,80.961,5987017.7207
2026-05-30 19:35:00+00:00,73953.4,74011.9,73953.4,74004.1,251.701,18624359.4956
2026-05-30 19:40:00+00:00,74004.1,74004.1,73969.2,73992.7,370.24,27396739.236
2026-05-30 19:45:00+00:00,73992.6,74045.0,73992.6,74025.1,117.142,8672022.8438
2026-05-30 19:50:00+00:00,74025.1,74029.7,73990.5,74000.0,91.47,6769531.2266
2026-05-30 19:55:00+00:00,74000.0,74006.8,73976.6,73980.1,59.181,4378901.6737
2026-05-30 20:00:00+00:00,73980.0,73986.2,73896.7,73896.7,187.759,13883176.656
2026-05-30 20:05:00+00:00,73896.7,73960.0,73896.7,73952.8,62.577,4626810.1572
2026-05-30 20:10:00+00:00,73952.7,73952.8,73922.8,73922.8,135.873,10046885.525
2026-05-30 20:15:00+00:00,73922.8,73941.6,73920.2,73926.4,66.599,4923655.9882
2026-05-30 20:20:00+00:00,73926.3,73934.5,73919.0,73933.0,32.363,2392453.2724
2026-05-30 20:25:00+00:00,73933.1,73935.4,73928.6,73928.6,44.36,3279664.8141
2026-05-30 20:30:00+00:00,73928.6,73928.7,73894.2,73914.5,218.195,16127112.2151
2026-05-30 20:35:00+00:00,73914.6,73940.9,73893.7,73900.3,215.077,15898363.456
2026-05-30 20:40:00+00:00,73900.3,73903.2,73888.5,73893.5,111.832,8264086.2479
2026-05-30 20:45:00+00:00,73893.6,73909.8,73893.5,73903.8,90.84,6713051.3547
2026-05-30 20:50:00+00:00,73903.8,73949.2,73890.7,73934.0,138.21,10216358.9893
2026-05-30 20:55:00+00:00,73933.9,73944.5,73917.7,73944.5,98.577,7287305.9843
2026-05-30 21:00:00+00:00,73944.4,73960.3,73936.4,73937.0,76.675,5669858.158
2026-05-30 21:05:00+00:00,73937.1,73945.6,73937.0,73945.5,40.63,3004298.5285
2026-05-30 21:10:00+00:00,73945.5,73951.0,73925.6,73951.0,93.953,6946505.7716
2026-05-30 21:15:00+00:00,73951.0,73963.2,73942.3,73950.0,77.319,5718276.8118
2026-05-30 21:20:00+00:00,73950.0,73971.0,73942.9,73958.4,191.493,14161662.931
2026-05-30 21:25:00+00:00,73958.5,73975.5,73946.3,73955.4,198.021,14645732.732
2026-05-30 21:30:00+00:00,73955.5,73959.7,73947.6,73951.8,77.346,5719946.5672
2026-05-30 21:35:00+00:00,73951.8,73951.8,73921.0,73949.4,98.278,7266244.7831
2026-05-30 21:40:00+00:00,73949.4,74028.3,73949.3,73954.5,106.506,7880095.1437
2026-05-30 21:45:00+00:00,73954.4,73988.2,73895.5,73920.6,151.502,11201794.2412
2026-05-30 21:50:00+00:00,73920.7,73945.3,73888.1,73934.9,136.789,10110347.8201
2026-05-30 21:55:00+00:00,73934.9,73954.8,73920.1,73954.8,147.998,10941864.8297
2026-05-30 22:00:00+00:00,73954.8,73954.8,73825.4,73828.5,298.992,22085437.9804
2026-05-30 22:05:00+00:00,73828.5,73870.8,73792.4,73870.8,212.355,15675533.3695
2026-05-30 22:10:00+00:00,73870.8,73887.0,73860.6,73871.2,85.48,6314718.2317
2026-05-30 22:15:00+00:00,73871.2,73898.4,73856.1,73856.2,112.085,8280885.4585
2026-05-30 22:20:00+00:00,73856.1,73872.2,73824.8,73862.0,79.5,5870433.797
2026-05-30 22:25:00+00:00,73862.1,73871.0,73838.7,73871.0,89.466,6607130.9282
2026-05-30 22:30:00+00:00,73870.9,73871.0,73841.1,73854.9,70.809,5229722.6104
2026-05-30 22:35:00+00:00,73854.9,73864.6,73788.0,73788.1,107.661,7947171.4982
2026-05-30 22:40:00+00:00,73788.1,73810.2,73755.6,73779.6,317.084,23395896.6959
2026-05-30 22:45:00+00:00,73779.6,73837.1,73779.6,73837.1,84.584,6243198.5266
2026-05-30 22:50:00+00:00,73837.0,73839.9,73826.4,73833.7,45.948,3392336.4906
2026-05-30 22:55:00+00:00,73833.7,73861.2,73829.2,73849.8,77.49,5722602.0987
2026-05-30 23:00:00+00:00,73849.8,73971.5,73848.7,73963.6,450.24,33287282.2007
2026-05-30 23:05:00+00:00,73963.6,73963.6,73891.2,73900.4,204.642,15132568.4761
2026-05-30 23:10:00+00:00,73900.5,73900.5,73806.3,73818.5,97.851,7225264.2128
2026-05-30 23:15:00+00:00,73818.5,73857.8,73800.9,73840.0,67.692,4997399.4524
2026-05-30 23:20:00+00:00,73840.1,73840.1,73789.0,73816.6,207.472,15313752.3463
2026-05-30 23:25:00+00:00,73816.6,73842.4,73807.2,73823.0,127.254,9394574.6187
2026-05-30 23:30:00+00:00,73822.9,73823.0,73781.9,73785.9,66.934,4939628.0349
2026-05-30 23:35:00+00:00,73786.0,73786.0,73750.0,73764.9,162.104,11957667.4827
2026-05-30 23:40:00+00:00,73765.0,73787.6,73755.6,73772.9,99.736,7357590.8752
2026-05-30 23:45:00+00:00,73773.0,73820.6,73772.7,73820.1,96.371,7111342.9879
2026-05-30 23:50:00+00:00,73820.0,73842.3,73795.9,73839.5,103.331,7627876.6892
2026-05-30 23:55:00+00:00,73839.5,73856.9,73818.5,73856.8,76.379,5639274.1179
2026-05-31 00:00:00+00:00,73856.9,73905.0,73830.0,73845.6,277.052,20465717.2475
2026-05-31 00:05:00+00:00,73845.6,73860.8,73821.4,73853.9,69.32,5118542.1287
2026-05-31 00:10:00+00:00,73853.9,73898.7,73843.3,73852.3,132.545,9791598.4797
2026-05-31 00:15:00+00:00,73852.2,73883.4,73847.3,73865.3,65.919,4868812.4192
2026-05-31 00:20:00+00:00,73865.3,73956.5,73865.3,73956.5,136.647,10100071.1718
2026-05-31 00:25:00+00:00,73956.5,74010.8,73932.0,73943.4,405.625,30010467.0011
2026-05-31 00:30:00+00:00,73943.4,73999.9,73915.6,73984.2,98.715,7301454.2193
2026-05-31 00:35:00+00:00,73984.1,73984.2,73911.4,73916.9,58.195,4303674.5945
2026-05-31 00:40:00+00:00,73916.9,73924.3,73901.9,73917.8,34.869,2577307.6518
2026-05-31 00:45:00+00:00,73917.8,73940.0,73888.0,73894.9,121.507,8979734.8802
2026-05-31 00:50:00+00:00,73894.9,73996.9,73894.9,73996.9,169.904,12563713.1008
2026-05-31 00:55:00+00:00,73996.9,74013.8,73976.5,74003.7,86.416,6394511.9158
2026-05-31 01:00:00+00:00,74003.7,74087.9,73991.1,74079.9,347.995,25769051.5007
2026-05-31 01:05:00+00:00,74080.0,74088.0,74031.9,74076.5,185.078,13706809.9885
2026-05-31 01:10:00+00:00,74076.5,74137.0,74067.4,74111.8,425.371,31521366.694
2026-05-31 01:15:00+00:00,74111.7,74168.0,74111.7,74146.7,373.003,27657275.371
2026-05-31 01:20:00+00:00,74146.7,74250.0,74139.4,74245.4,780.189,57892984.1405
2026-05-31 01:25:00+00:00,74245.5,74245.5,74056.2,74072.2,580.684,43049057.9158
2026-05-31 01:30:00+00:00,74072.2,74195.0,74055.7,74169.7,431.28,31969390.8776
2026-05-31 01:35:00+00:00,74169.7,74194.6,74110.0,74110.1,160.395,11894603.0392
2026-05-31 01:40:00+00:00,74110.0,74110.1,74036.7,74036.7,231.83,17172226.3111
2026-05-31 01:45:00+00:00,74036.7,74112.5,74025.5,74079.2,211.555,15667730.4896
2026-05-31 01:50:00+00:00,74079.2,74091.7,74030.0,74034.9,78.279,5797214.5231
2026-05-31 01:55:00+00:00,74034.9,74045.0,74017.1,74021.1,117.61,8706385.2059
2026-05-31 02:00:00+00:00,74021.2,74053.5,74020.3,74053.5,151.001,11179864.087
2026-05-31 02:05:00+00:00,74053.4,74095.6,74053.4,74070.0,94.575,7005809.0478
2026-05-31 02:10:00+00:00,74070.1,74135.0,74070.0,74134.9,83.455,6185508.0583
2026-05-31 02:15:00+00:00,74134.9,74211.4,74134.9,74145.0,330.864,24543309.2061
2026-05-31 02:20:00+00:00,74144.9,74144.9,74100.2,74115.0,130.174,9648460.1769
2026-05-31 02:25:00+00:00,74115.0,74115.1,73925.8,73933.1,819.158,60632581.945
2026-05-31 02:30:00+00:00,73933.1,73999.6,73839.0,73859.2,656.092,48492237.1338
2026-05-31 02:35:00+00:00,73859.3,73922.7,73859.2,73913.9,119.83,8855417.0631
2026-05-31 02:40:00+00:00,73913.9,73948.6,73891.4,73943.8,168.07,12423741.0109
2026-05-31 02:45:00+00:00,73943.7,73948.5,73903.8,73948.5,114.681,8477791.6639
2026-05-31 02:50:00+00:00,73948.4,74008.8,73942.6,73959.2,390.595,28894043.6829
2026-05-31 02:55:00+00:00,73959.2,74085.2,73929.6,74060.9,328.012,24276209.9365
2026-05-31 03:00:00+00:00,74061.0,74137.0,74054.6,74059.5,328.627,24347520.8786
2026-05-31 03:05:00+00:00,74059.4,74069.7,74050.7,74058.3,72.457,5366248.6397
2026-05-31 03:10:00+00:00,74058.4,74127.0,74030.7,74126.9,137.112,10156642.3097
2026-05-31 03:15:00+00:00,74127.0,74136.7,74083.4,74115.4,138.688,10277951.5407
2026-05-31 03:20:00+00:00,74115.4,74160.9,74107.2,74154.6,110.045,8158903.7298
2026-05-31 03:25:00+00:00,74154.7,74200.0,74150.7,74178.1,235.121,17441282.9251
2026-05-31 03:30:00+00:00,74178.2,74188.6,74139.9,74188.5,116.113,8610249.3492
2026-05-31 03:35:00+00:00,74188.5,74188.5,74115.6,74115.6,91.802,6805938.1544
2026-05-31 03:40:00+00:00,74115.6,74138.0,74098.2,74137.9,121.283,8988384.6286
2026-05-31 03:45:00+00:00,74137.9,74155.7,74104.8,74152.3,98.436,7296546.2131
2026-05-31 03:50:00+00:00,74152.3,74158.0,74123.9,74131.9,43.811,3247935.7141
2026-05-31 03:55:00+00:00,74131.9,74132.0,74107.5,74107.6,75.066,5564038.96
2026-05-31 04:00:00+00:00,74107.5,74133.5,74103.1,74126.2,85.496,6336848.7112
2026-05-31 04:05:00+00:00,74126.1,74135.5,74102.3,74105.2,59.998,4447090.4056
2026-05-31 04:10:00+00:00,74105.3,74105.3,74074.1,74079.9,107.908,7994938.8127
2026-05-31 04:15:00+00:00,74079.9,74117.2,74061.8,74109.3,162.082,12009105.303
2026-05-31 04:20:00+00:00,74109.3,74193.5,74108.9,74161.1,168.974,12533018.5909
2026-05-31 04:25:00+00:00,74161.1,74175.2,74160.8,74160.9,256.636,19033134.4639
2026-05-31 04:30:00+00:00,74160.9,74161.0,74111.1,74123.1,281.9,20902713.2545
2026-05-31 04:35:00+00:00,74123.1,74179.7,74123.1,74155.7,74.222,5504180.0846
2026-05-31 04:40:00+00:00,74155.8,74166.0,74122.1,74165.9,52.888,3921067.2303
2026-05-31 04:45:00+00:00,74165.9,74168.0,74127.3,74168.0,73.368,5439670.3573
2026-05-31 04:50:00+00:00,74167.9,74194.6,74146.6,74146.6,138.102,10243957.5243
2026-05-31 04:55:00+00:00,74146.7,74184.6,74144.3,74144.3,65.784,4879456.9708
2026-05-31 05:00:00+00:00,74144.3,74169.2,74124.3,74145.0,98.367,7293365.6911
2026-05-31 05:05:00+00:00,74145.0,74175.7,74144.9,74163.5,65.215,4836684.9034
2026-05-31 05:10:00+00:00,74163.4,74180.1,74143.5,74143.6,53.016,3932002.795
2026-05-31 05:15:00+00:00,74143.6,74164.9,74142.3,74142.4,46.109,3419009.8601
2026-05-31 05:20:00+00:00,74142.3,74149.3,74127.5,74137.5,83.372,6181360.6533
2026-05-31 05:25:00+00:00,74137.5,74145.3,74093.7,74136.0,144.35,10699560.5462
2026-05-31 05:30:00+00:00,74135.9,74149.8,74102.2,74115.7,44.269,3281411.2019
2026-05-31 05:35:00+00:00,74115.7,74150.8,74080.1,74080.1,123.959,9187159.9418
2026-05-31 05:40:00+00:00,74080.1,74080.2,74046.0,74071.1,187.95,13920095.8472
2026-05-31 05:45:00+00:00,74071.1,74071.2,74044.4,74053.9,104.19,7715362.056
2026-05-31 05:50:00+00:00,74054.0,74071.7,74022.7,74031.5,149.261,11052722.0919
2026-05-31 05:55:00+00:00,74031.5,74048.5,74018.1,74027.9,85.632,6339420.5208
2026-05-31 06:00:00+00:00,74027.8,74031.8,73959.0,73976.2,216.028,15983613.7123
2026-05-31 06:05:00+00:00,73976.1,73979.9,73958.1,73972.1,126.293,9341022.863
2026-05-31 06:10:00+00:00,73972.2,73994.3,73968.9,73969.9,188.078,13914659.0191
2026-05-31 06:15:00+00:00,73969.9,74000.0,73964.0,74000.0,102.254,7564809.123
2026-05-31 06:20:00+00:00,74000.0,74009.5,73999.4,74001.6,65.184,4823756.4319
2026-05-31 06:25:00+00:00,74001.6,74011.4,73983.0,73994.6,178.418,13202959.7117
2026-05-31 06:30:00+00:00,73994.6,74077.5,73984.8,74045.3,233.366,17277078.6174
2026-05-31 06:35:00+00:00,74045.3,74053.7,74025.4,74047.5,48.361,3580599.6503
2026-05-31 06:40:00+00:00,74047.5,74047.5,74032.7,74032.9,51.172,3788701.5051
2026-05-31 06:45:00+00:00,74032.8,74047.4,74031.9,74047.4,52.056,3853969.953
2026-05-31 06:50:00+00:00,74047.4,74047.4,74018.3,74027.6,92.448,6843881.7995
2026-05-31 06:55:00+00:00,74027.7,74027.7,74020.0,74020.0,21.526,1593511.1083
2026-05-31 07:00:00+00:00,74020.1,74020.1,73951.6,73952.7,176.875,13084147.339
2026-05-31 07:05:00+00:00,73952.7,73987.5,73950.1,73967.2,231.238,17103934.6345
2026-05-31 07:10:00+00:00,73967.2,73983.5,73919.4,73934.2,202.929,15006314.6091
2026-05-31 07:15:00+00:00,73934.1,73939.3,73916.6,73916.9,162.253,11994491.6425
2026-05-31 07:20:00+00:00,73916.9,73917.0,73861.0,73862.5,258.743,19117569.6357
2026-05-31 07:25:00+00:00,73862.5,73891.9,73858.0,73863.4,153.966,11374626.8396
2026-05-31 07:30:00+00:00,73863.4,73877.7,73810.3,73811.3,385.52,28464838.2415
2026-05-31 07:35:00+00:00,73811.2,73873.1,73793.2,73817.9,394.187,29103618.7472
2026-05-31 07:40:00+00:00,73817.9,73861.2,73816.1,73828.2,167.245,12349668.1467
2026-05-31 07:45:00+00:00,73828.1,73864.3,73821.2,73834.5,173.042,12778885.3888
2026-05-31 07:50:00+00:00,73834.5,73872.9,73833.6,73861.5,227.832,16825385.065
2026-05-31 07:55:00+00:00,73861.6,73861.6,73833.2,73833.3,96.862,7152914.8708
2026-05-31 08:00:00+00:00,73833.2,73917.9,73833.2,73912.1,471.497,34832576.4959
2026-05-31 08:05:00+00:00,73912.1,73943.0,73849.2,73849.3,253.448,18731173.0542
2026-05-31 08:10:00+00:00,73849.2,73878.0,73833.2,73878.0,184.679,13638002.854
2026-05-31 08:15:00+00:00,73877.9,73920.0,73874.8,73908.1,176.993,13080689.611
2026-05-31 08:20:00+00:00,73908.1,73952.0,73906.6,73946.9,143.964,10644627.0034
2026-05-31 08:25:00+00:00,73946.9,73952.9,73922.6,73946.0,114.842,8491530.3513
2026-05-31 08:30:00+00:00,73946.0,73946.0,73873.3,73884.8,122.254,9034742.3114
2026-05-31 08:35:00+00:00,73884.9,73900.0,73850.0,73857.2,89.565,6615791.0371
2026-05-31 08:40:00+00:00,73857.3,73857.3,73820.0,73853.9,169.673,12527889.9716
2026-05-31 08:45:00+00:00,73853.8,73853.9,73817.2,73833.3,105.474,7787467.247
2026-05-31 08:50:00+00:00,73833.2,73873.7,73816.8,73873.7,105.102,7760958.3379
2026-05-31 08:55:00+00:00,73873.7,73949.7,73873.7,73913.4,163.781,12105813.4846
2026-05-31 09:00:00+00:00,73913.4,73913.4,73837.2,73846.0,107.031,7906881.198
2026-05-31 09:05:00+00:00,73846.0,73880.0,73846.0,73880.0,54.42,4019609.9488
2026-05-31 09:10:00+00:00,73880.0,73896.5,73866.2,73866.3,76.187,5629075.6707
2026-05-31 09:15:00+00:00,73866.2,73946.0,73856.2,73939.6,105.246,7777904.9744
2026-05-31 09:20:00+00:00,73939.5,73939.6,73908.0,73917.0,47.154,3485469.1305
2026-05-31 09:25:00+00:00,73916.9,73928.6,73913.2,73926.9,53.62,3963721.8499
2026-05-31 09:30:00+00:00,73927.0,73953.0,73926.9,73935.5,51.668,3820469.0374
2026-05-31 09:35:00+00:00,73935.5,73950.3,73906.3,73946.0,64.98,4803440.7109
2026-05-31 09:40:00+00:00,73945.9,73998.9,73940.3,73945.6,163.945,12126483.0422
2026-05-31 09:45:00+00:00,73945.7,73977.7,73933.8,73970.9,124.799,9229836.935
2026-05-31 09:50:00+00:00,73970.9,73970.9,73857.2,73871.6,160.424,11856562.2685
2026-05-31 09:55:00+00:00,73871.5,73871.6,73779.8,73814.5,269.503,19892312.2905
2026-05-31 10:00:00+00:00,73814.6,73820.7,73781.1,73820.7,202.875,14971898.1896
2026-05-31 10:05:00+00:00,73820.7,73832.0,73810.5,73829.9,105.666,7800678.0497
2026-05-31 10:10:00+00:00,73829.8,73838.8,73811.6,73826.1,95.03,7015692.7861
2026-05-31 10:15:00+00:00,73826.1,73826.2,73777.5,73777.6,127.469,9406456.5073
2026-05-31 10:20:00+00:00,73777.7,73780.0,73701.0,73742.1,571.634,42149830.9878
2026-05-31 10:25:00+00:00,73742.1,73788.2,73742.1,73778.5,186.139,13731595.9864
2026-05-31 10:30:00+00:00,73778.6,73813.5,73778.5,73805.0,93.732,6916911.3524
2026-05-31 10:35:00+00:00,73805.0,73813.8,73781.2,73807.5,122.531,9042228.1018
2026-05-31 10:40:00+00:00,73807.5,73812.0,73773.7,73812.0,81.302,5998899.9163
2026-05-31 10:45:00+00:00,73811.9,73814.8,73776.9,73814.8,67.982,5016636.5491
2026-05-31 10:50:00+00:00,73814.7,73846.3,73814.7,73834.3,106.773,7882831.9261
2026-05-31 10:55:00+00:00,73834.3,73875.6,73826.7,73871.5,120.77,8919160.4864
2026-05-31 11:00:00+00:00,73871.5,73915.3,73871.4,73889.6,220.774,16314420.8832
2026-05-31 11:05:00+00:00,73889.5,73900.0,73884.0,73887.9,94.447,6979141.1367
2026-05-31 11:10:00+00:00,73887.8,73907.5,73868.4,73880.0,62.305,4603403.5303
2026-05-31 11:15:00+00:00,73879.9,73888.7,73869.2,73888.7,42.998,3176763.9325
2026-05-31 11:20:00+00:00,73888.7,73896.4,73874.8,73891.2,80.635,5957935.5211
2026-05-31 11:25:00+00:00,73891.1,73944.1,73891.1,73944.1,55.675,4115690.2539
2026-05-31 11:30:00+00:00,73944.1,73944.1,73889.3,73898.1,164.656,12170603.6486
2026-05-31 11:35:00+00:00,73898.1,73939.0,73888.8,73915.6,52.476,3878452.2973
2026-05-31 11:40:00+00:00,73915.6,73926.1,73900.6,73926.1,41.952,3100622.5713
2026-05-31 11:45:00+00:00,73926.4,73928.0,73885.7,73899.7,59.387,4388852.3236
2026-05-31 11:50:00+00:00,73899.6,73912.3,73880.9,73910.1,46.282,3419893.0771
2026-05-31 11:55:00+00:00,73910.2,73949.0,73883.6,73913.6,116.086,8581728.3316
2026-05-31 12:00:00+00:00,73913.6,73956.6,73841.6,73848.0,145.445,10747782.3569
2026-05-31 12:05:00+00:00,73848.1,73887.8,73848.0,73870.8,70.922,5238680.5728
2026-05-31 12:10:00+00:00,73870.9,73897.7,73863.0,73892.6,65.342,4827400.8179
2026-05-31 12:15:00+00:00,73892.7,73975.1,73892.6,73960.2,191.041,14126758.7104
2026-05-31 12:20:00+00:00,73960.2,73960.2,73896.4,73909.8,91.914,6794327.5552
2026-05-31 12:25:00+00:00,73909.8,73916.2,73905.6,73908.1,38.967,2879987.1746
2026-05-31 12:30:00+00:00,73908.1,73908.2,73872.1,73881.8,67.376,4978306.7198
2026-05-31 12:35:00+00:00,73881.9,73929.9,73881.8,73906.6,109.74,8110984.8404
2026-05-31 12:40:00+00:00,73906.7,73950.0,73899.0,73949.9,76.15,5630145.7909
2026-05-31 12:45:00+00:00,73950.0,73955.2,73915.5,73924.6,59.26,4381300.6256
2026-05-31 12:50:00+00:00,73924.6,73949.0,73864.0,73866.3,108.286,8004075.3559
2026-05-31 12:55:00+00:00,73866.4,73892.2,73863.1,73892.1,50.653,3742076.6639
2026-05-31 13:00:00+00:00,73892.2,73899.9,73852.5,73852.5,58.014,4286224.0768
2026-05-31 13:05:00+00:00,73852.5,73898.7,73850.1,73898.7,85.009,6279011.6372
2026-05-31 13:10:00+00:00,73898.7,73928.4,73898.6,73913.3,59.291,4382666.9556
2026-05-31 13:15:00+00:00,73913.4,73955.9,73900.0,73955.8,75.115,5553252.7837
2026-05-31 13:20:00+00:00,73955.9,73997.8,73945.4,73955.0,132.763,9821132.2153
2026-05-31 13:25:00+00:00,73955.0,73975.1,73923.4,73930.0,68.706,5080513.0674
2026-05-31 13:30:00+00:00,73930.1,73944.1,73918.5,73918.5,69.913,5168929.2583
2026-05-31 13:35:00+00:00,73918.5,73942.9,73856.5,73871.1,114.807,8484125.4063
2026-05-31 13:40:00+00:00,73871.1,73871.8,73850.0,73868.2,89.464,6608041.1697
2026-05-31 13:45:00+00:00,73868.2,73871.8,73830.3,73830.3,140.271,10359474.8024
2026-05-31 13:50:00+00:00,73830.3,73840.0,73770.1,73839.9,253.622,18719724.1562
2026-05-31 13:55:00+00:00,73840.0,73846.5,73823.5,73841.0,61.247,4522120.7021
2026-05-31 14:00:00+00:00,73841.0,73841.1,73727.6,73774.3,772.545,56990009.1839
2026-05-31 14:05:00+00:00,73774.3,73835.2,73750.0,73824.8,142.25,10496624.1874
2026-05-31 14:10:00+00:00,73824.7,73831.8,73600.0,73689.7,842.723,62104739.0158
2026-05-31 14:15:00+00:00,73689.7,73752.4,73388.0,73542.6,3924.204,288588910.8044
2026-05-31 14:20:00+00:00,73542.5,73618.6,73502.8,73551.8,1575.119,115887504.8467
2026-05-31 14:25:00+00:00,73551.8,73579.0,73514.5,73558.4,661.26,48631744.1249
2026-05-31 14:30:00+00:00,73558.4,73651.0,73550.0,73650.1,873.062,64271234.3595
2026-05-31 14:35:00+00:00,73650.1,73712.5,73610.0,73641.0,472.055,34775904.8216
2026-05-31 14:40:00+00:00,73641.1,73641.1,73550.1,73577.7,289.671,21320569.8702
2026-05-31 14:45:00+00:00,73577.7,73666.5,73577.6,73620.4,198.357,14603685.756
2026-05-31 14:50:00+00:00,73620.5,73659.0,73620.4,73659.0,115.4,8498665.5402
2026-05-31 14:55:00+00:00,73658.9,73659.0,73550.1,73570.3,377.146,27755344.407
2026-05-31 15:00:00+00:00,73570.2,73596.4,73550.2,73577.6,264.072,19429636.2976
2026-05-31 15:05:00+00:00,73577.6,73637.4,73573.5,73618.3,144.776,10657522.1792
2026-05-31 15:10:00+00:00,73618.2,73648.9,73605.6,73643.1,86.664,6381087.0675
2026-05-31 15:15:00+00:00,73643.2,73654.3,73616.2,73650.2,86.819,6393129.7451
2026-05-31 15:20:00+00:00,73650.3,73707.8,73650.0,73707.7,161.93,11930110.3373
2026-05-31 15:25:00+00:00,73707.8,73745.6,73690.8,73707.4,210.192,15494266.6039
2026-05-31 15:30:00+00:00,73707.3,73710.0,73681.2,73709.9,148.306,10929579.9812
2026-05-31 15:35:00+00:00,73710.0,73718.0,73675.2,73686.5,69.227,5101768.8497
2026-05-31 15:40:00+00:00,73686.6,73686.6,73571.4,73598.3,326.599,24040682.6449
2026-05-31 15:45:00+00:00,73598.3,73644.9,73598.3,73605.4,125.61,9247902.5643
2026-05-31 15:50:00+00:00,73605.3,73620.7,73595.0,73619.4,63.781,4695095.3598
2026-05-31 15:55:00+00:00,73619.3,73624.3,73604.0,73613.5,110.325,8121287.1043
2026-05-31 16:00:00+00:00,73613.4,73660.9,73593.3,73654.4,204.481,15055891.2975
2026-05-31 16:05:00+00:00,73654.5,73697.3,73650.5,73670.3,128.117,9439258.5206
2026-05-31 16:10:00+00:00,73670.3,73670.4,73573.4,73586.0,152.213,11206399.1904
2026-05-31 16:15:00+00:00,73585.9,73600.0,73566.5,73577.6,154.196,11346432.3635
2026-05-31 16:20:00+00:00,73577.6,73596.6,73502.6,73544.0,274.002,20149991.4459
2026-05-31 16:25:00+00:00,73544.1,73584.7,73480.7,73573.9,316.403,23265437.9196
2026-05-31 16:30:00+00:00,73573.9,73573.9,73356.4,73399.9,1050.654,77148982.2437
2026-05-31 16:35:00+00:00,73399.9,73509.7,73340.7,73491.0,961.034,70555957.273
2026-05-31 16:40:00+00:00,73491.0,73491.0,73443.5,73464.7,220.567,16204946.888
2026-05-31 16:45:00+00:00,73464.7,73464.8,73401.1,73412.4,167.236,12280113.3727
2026-05-31 16:50:00+00:00,73412.5,73500.0,73408.3,73500.0,175.43,12887459.3676
2026-05-31 16:55:00+00:00,73500.0,73517.4,73481.7,73499.9,78.646,5780165.7064
2026-05-31 17:00:00+00:00,73500.0,73533.4,73462.5,73462.6,261.498,19220377.8152
2026-05-31 17:05:00+00:00,73462.6,73505.0,73456.8,73476.9,180.363,13253965.4638
2026-05-31 17:10:00+00:00,73476.9,73488.4,73431.3,73488.4,106.048,7790462.8898
2026-05-31 17:15:00+00:00,73488.4,73525.0,73488.4,73499.2,115.929,8522206.566
2026-05-31 17:20:00+00:00,73499.2,73539.9,73499.2,73525.0,88.728,6524135.6185
2026-05-31 17:25:00+00:00,73525.1,73564.6,73525.0,73564.5,91.545,6733542.7916
2026-05-31 17:30:00+00:00,73564.5,73648.3,73564.4,73623.5,258.951,19059809.5744
2026-05-31 17:35:00+00:00,73623.4,73682.3,73623.4,73682.3,251.753,18542233.9486
2026-05-31 17:40:00+00:00,73682.3,73687.5,73644.7,73687.4,150.416,11080536.1112
2026-05-31 17:45:00+00:00,73687.5,73704.0,73656.0,73656.0,133.761,9856335.2009
2026-05-31 17:50:00+00:00,73656.1,73665.9,73639.7,73665.8,59.689,4396262.6588
2026-05-31 17:55:00+00:00,73665.9,73681.3,73658.2,73681.3,45.288,3336183.5194
2026-05-31 18:00:00+00:00,73681.3,73681.3,73580.0,73607.8,175.187,12897249.2153
2026-05-31 18:05:00+00:00,73607.7,73637.5,73595.3,73595.3,67.257,4951323.7712
2026-05-31 18:10:00+00:00,73595.3,73658.4,73595.3,73615.2,119.261,8782218.1057
2026-05-31 18:15:00+00:00,73615.2,73618.2,73569.5,73618.2,94.782,6975359.721
2026-05-31 18:20:00+00:00,73618.2,73618.2,73586.7,73606.4,49.139,3616884.9576
2026-05-31 18:25:00+00:00,73606.4,73646.9,73595.4,73595.4,83.372,6139115.7392
2026-05-31 18:30:00+00:00,73595.4,73680.0,73595.3,73623.3,90.306,6650621.5729
2026-05-31 18:35:00+00:00,73623.3,73635.9,73623.3,73633.7,28.109,2069597.5205
2026-05-31 18:40:00+00:00,73633.7,73646.0,73587.2,73604.2,75.874,5585228.2218
2026-05-31 18:45:00+00:00,73604.3,73604.3,73566.9,73575.2,92.242,6787282.2869
2026-05-31 18:50:00+00:00,73575.3,73580.6,73540.2,73579.3,127.938,9411423.8862
2026-05-31 18:55:00+00:00,73579.3,73607.5,73572.5,73573.8,70.955,5221850.4177
2026-05-31 19:00:00+00:00,73573.7,73623.4,73569.1,73571.1,128.022,9420859.7821
2026-05-31 19:05:00+00:00,73571.1,73580.7,73551.5,73566.9,132.081,9716739.8153
2026-05-31 19:10:00+00:00,73566.9,73574.4,73550.8,73557.0,70.677,5199361.7399
2026-05-31 19:15:00+00:00,73557.1,73587.6,73554.1,73587.6,58.062,4271563.3741
2026-05-31 19:20:00+00:00,73587.6,73587.6,73471.8,73473.7,146.109,10741519.7472
2026-05-31 19:25:00+00:00,73473.7,73498.2,73420.2,73498.1,196.793,14456276.2647
2026-05-31 19:30:00+00:00,73498.2,73516.4,73417.2,73439.5,156.113,11469384.2567
2026-05-31 19:35:00+00:00,73439.5,73498.6,73439.5,73498.5,98.005,7200093.5752
2026-05-31 19:40:00+00:00,73498.6,73513.8,73482.1,73490.3,118.912,8739909.7433
2026-05-31 19:45:00+00:00,73490.2,73509.8,73485.2,73496.3,40.607,2984250.7711
2026-05-31 19:50:00+00:00,73496.3,73521.0,73487.9,73521.0,36.775,2703081.4184
2026-05-31 19:55:00+00:00,73521.0,73542.0,73511.0,73521.9,85.763,6305785.0194
2026-05-31 20:00:00+00:00,73521.9,73617.4,73521.9,73590.1,131.138,9650289.3918
2026-05-31 20:05:00+00:00,73590.0,73709.5,73564.4,73653.2,810.71,59706863.6721
2026-05-31 20:10:00+00:00,73653.3,73658.6,73600.2,73658.5,146.263,10768828.7968
2026-05-31 20:15:00+00:00,73658.6,73692.3,73630.1,73674.9,109.463,8063951.5425
2026-05-31 20:20:00+00:00,73674.8,73722.5,73650.1,73650.1,129.744,9561614.1963
2026-05-31 20:25:00+00:00,73650.1,73676.1,73650.1,73652.4,51.192,3770809.3398
2026-05-31 20:30:00+00:00,73652.4,73690.2,73642.6,73642.6,106.285,7829751.9733
2026-05-31 20:35:00+00:00,73642.6,73673.9,73642.6,73643.0,150.579,11091239.2069
2026-05-31 20:40:00+00:00,73643.1,73661.4,73633.7,73661.4,58.479,4306837.2703
2026-05-31 20:45:00+00:00,73661.4,73675.5,73661.3,73665.1,53.888,3969816.2564
2026-05-31 20:50:00+00:00,73665.2,73706.5,73665.1,73706.5,63.274,4662499.5412
2026-05-31 20:55:00+00:00,73706.4,73732.7,73703.6,73710.9,76.144,5613193.3948
2026-05-31 21:00:00+00:00,73710.9,73726.6,73670.4,73710.8,105.645,7785912.9383
2026-05-31 21:05:00+00:00,73710.8,73720.0,73682.8,73688.9,46.533,3429228.9324
2026-05-31 21:10:00+00:00,73688.9,73688.9,73650.3,73650.3,100.357,7393465.1569
2026-05-31 21:15:00+00:00,73650.3,73706.6,73642.5,73642.5,117.942,8689546.2729
2026-05-31 21:20:00+00:00,73642.5,73651.6,73642.5,73651.3,45.718,3367004.218
2026-05-31 21:25:00+00:00,73651.3,73653.9,73590.2,73611.3,92.093,6779264.9438
2026-05-31 21:30:00+00:00,73611.3,73633.3,73597.2,73633.3,66.96,4928845.6897
2026-05-31 21:35:00+00:00,73633.3,73677.0,73633.2,73646.1,80.218,5908335.981
2026-05-31 21:40:00+00:00,73646.1,73722.4,73632.0,73718.1,125.09,9217547.4547
2026-05-31 21:45:00+00:00,73718.0,73897.6,73718.0,73809.6,718.469,53042448.7857
2026-05-31 21:50:00+00:00,73809.5,73859.5,73765.5,73822.4,557.572,41152627.0273
2026-05-31 21:55:00+00:00,73822.3,73869.7,73812.6,73860.6,352.007,25993440.8494
2026-05-31 22:00:00+00:00,73860.5,73945.0,73645.6,73687.7,818.776,60433933.0279
2026-05-31 22:05:00+00:00,73687.8,73789.7,73687.8,73789.7,216.267,15945516.4401
2026-05-31 22:10:00+00:00,73789.6,73881.6,73782.9,73879.4,164.54,12147792.1172
2026-05-31 22:15:00+00:00,73879.5,73965.0,73842.6,73857.3,280.646,20744472.9307
2026-05-31 22:20:00+00:00,73857.3,73857.4,73773.5,73826.2,205.008,15130581.0545
2026-05-31 22:25:00+00:00,73826.1,73957.8,73824.1,73851.8,225.964,16702682.7055
2026-05-31 22:30:00+00:00,73851.7,73961.1,73835.0,73961.0,199.942,14776548.3037
2026-05-31 22:35:00+00:00,73961.1,73966.0,73855.7,73862.3,165.056,12201880.3009
2026-05-31 22:40:00+00:00,73862.4,73900.3,73851.5,73872.6,74.21,5482114.2454
2026-05-31 22:45:00+00:00,73872.7,73957.6,73872.7,73909.6,159.547,11792829.7099
2026-05-31 22:50:00+00:00,73909.6,73940.2,73885.3,73920.2,68.368,5053463.4975
2026-05-31 22:55:00+00:00,73920.2,73975.0,73900.0,73918.5,188.179,13914664.4987
2026-05-31 23:00:00+00:00,73918.6,74179.9,73918.6,74040.2,1694.349,125507974.5814
2026-05-31 23:05:00+00:00,74040.2,74067.6,73930.3,73962.5,304.313,22519765.0266
2026-05-31 23:10:00+00:00,73962.6,73973.3,73903.7,73903.7,169.747,12549564.0619
2026-05-31 23:15:00+00:00,73903.7,73938.8,73865.7,73900.2,252.513,18661361.2062
2026-05-31 23:20:00+00:00,73900.2,73907.5,73756.3,73782.7,281.122,20748189.2279
2026-05-31 23:25:00+00:00,73782.7,73822.1,73771.7,73800.1,170.2,12559948.4922
2026-05-31 23:30:00+00:00,73800.1,73803.8,73562.7,73660.1,583.587,42981596.9319
2026-05-31 23:35:00+00:00,73660.1,73660.1,73470.8,73536.9,845.039,62145112.9521
2026-05-31 23:40:00+00:00,73537.0,73567.8,73483.5,73550.0,393.592,28937832.7387
2026-05-31 23:45:00+00:00,73549.9,73645.1,73531.6,73644.7,315.367,23206908.0245
2026-05-31 23:50:00+00:00,73644.7,73677.5,73641.4,73643.6,155.861,11480562.1236
2026-05-31 23:55:00+00:00,73643.6,73689.7,73617.1,73653.2,165.003,12153465.657
