entry_time,exit_time,direction,entry_price,exit_price,gross_return,net_return,capital_before,capital_after
2025-10-03 07:40:00+00:00,2025-10-03 08:10:00+00:00,LONG,119626.0,119512.9,-0.0009454466420344421,-0.0023454466420344423,10000.0,9976.545533579656
2025-10-03 15:20:00+00:00,2025-10-03 15:50:00+00:00,SHORT,121399.0,122050.3,-0.0053363244498375595,-0.00673632444983756,9976.545533579656,9909.340285976887
2025-10-03 15:50:00+00:00,2025-10-03 16:20:00+00:00,SHORT,122050.3,123426.3,-0.011148353308816694,-0.012548353308816694,9909.340285976887,9784.994383011159
2025-10-04 04:20:00+00:00,2025-10-04 04:50:00+00:00,SHORT,122382.0,122508.2,-0.0010301351256487568,-0.002430135125648757,9784.994383011159,9761.215524456728
2025-10-04 04:50:00+00:00,2025-10-04 05:20:00+00:00,SHORT,122508.2,122736.1,-0.0018568294087885073,-0.0032568294087885075,9761.215524456728,9729.424910671154
2025-10-04 11:15:00+00:00,2025-10-04 11:45:00+00:00,LONG,122015.9,122046.1,0.0002475087263218434,-0.0011524912736781566,9729.424910671154,9718.211833363699
2025-10-04 13:05:00+00:00,2025-10-04 13:35:00+00:00,SHORT,122469.1,122465.2,3.1845781495620784e-05,-0.0013681542185043792,9718.211833363699,9704.915820847564
2025-10-04 15:20:00+00:00,2025-10-04 15:50:00+00:00,LONG,121816.9,121890.1,0.0006009018453105863,-0.0007990981546894137,9704.915820847564,9697.160640523709
2025-10-05 02:25:00+00:00,2025-10-05 02:55:00+00:00,SHORT,122864.9,124034.0,-0.009425641356402337,-0.010825641356402337,9697.160640523709,9592.18265725398
2025-10-05 04:45:00+00:00,2025-10-05 05:15:00+00:00,SHORT,125293.2,125076.7,0.0017309378965066902,0.0003309378965066902,9592.18265725398,9595.357074005478
2025-10-05 09:25:00+00:00,2025-10-05 09:55:00+00:00,LONG,124017.0,123025.0,-0.007998903376150057,-0.009398903376150057,9595.357074005478,9505.171240007243
2025-10-05 23:10:00+00:00,2025-10-05 23:40:00+00:00,SHORT,123480.1,123518.3,-0.0003092659144434684,-0.0017092659144434684,9505.171240007243,9488.92437479575
2025-10-06 00:15:00+00:00,2025-10-06 00:45:00+00:00,SHORT,124340.0,123555.9,0.006346115402016572,0.004946115402016572,9488.92437479575,9535.857689794497
2025-10-06 12:15:00+00:00,2025-10-06 12:45:00+00:00,SHORT,124674.5,124515.8,0.001274537046703994,-0.00012546295329600595,9535.857689794497,9534.661292926525
2025-10-06 14:05:00+00:00,2025-10-06 14:35:00+00:00,SHORT,125285.4,124896.0,0.0031177940046118735,0.0017177940046118735,9534.661292926525,9551.039876931518
2025-10-06 17:20:00+00:00,2025-10-06 17:50:00+00:00,SHORT,125792.0,125421.0,0.002958037330271557,0.0015580373302715568,9551.039876931518,9565.92075360269
2025-10-06 18:55:00+00:00,2025-10-06 19:25:00+00:00,SHORT,126012.4,125674.0,0.0026926810637044607,0.0012926810637044607,9565.92075360269,9578.286438217769
2025-10-06 21:20:00+00:00,2025-10-06 21:50:00+00:00,LONG,124770.0,124885.4,0.0009249018193475678,-0.0004750981806524322,9578.286438217769,9573.735811757204
2025-10-07 06:25:00+00:00,2025-10-07 06:55:00+00:00,LONG,123891.0,123895.2,3.3900767610228755e-05,-0.0013660992323897712,9573.735811757204,9560.65713861366
2025-10-07 12:45:00+00:00,2025-10-07 13:15:00+00:00,SHORT,124913.1,124655.0,0.0020705146203521263,0.0006705146203521263,9560.65713861366,9567.067699005274
2025-10-07 13:40:00+00:00,2025-10-07 14:10:00+00:00,LONG,123791.9,122839.7,-0.007691941072073383,-0.009091941072073383,9567.067699005274,9480.084483253382
2025-10-07 14:10:00+00:00,2025-10-07 14:40:00+00:00,LONG,122839.7,122829.5,-8.303504485929203e-05,-0.001483035044859292,9480.084483253382,9466.025185736491
2025-10-07 15:05:00+00:00,2025-10-07 15:35:00+00:00,LONG,121793.0,121541.0,-0.002069084430139645,-0.003469084430139645,9466.025185736491,9433.186745149344
2025-10-07 15:35:00+00:00,2025-10-07 16:05:00+00:00,LONG,121541.0,121669.5,0.0010572563990751682,-0.00034274360092483177,9433.186745149344,9429.953580756115
2025-10-07 16:20:00+00:00,2025-10-07 16:50:00+00:00,LONG,121040.0,121911.0,0.007195968274950504,0.005795968274950504,9429.953580756115,9484.609292544434
2025-10-08 08:30:00+00:00,2025-10-08 09:00:00+00:00,SHORT,122367.5,122484.0,-0.0009511446392997946,-0.002351144639299795,9484.609292544434,9462.309604250415
2025-10-08 13:40:00+00:00,2025-10-08 14:10:00+00:00,LONG,121886.0,122821.6,0.007676025138243947,0.006276025138243947,9462.309604250415,9521.695297192537
2025-10-08 17:10:00+00:00,2025-10-08 17:40:00+00:00,SHORT,123672.9,123776.0,-0.0008329563081695968,-0.002232956308169597,9521.695297192537,9500.433767614202
2025-10-09 01:15:00+00:00,2025-10-09 01:45:00+00:00,LONG,122593.7,122401.4,-0.0015685961024098916,-0.0029685961024098918,9500.433767614202,9472.23081696046
2025-10-09 02:05:00+00:00,2025-10-09 02:35:00+00:00,LONG,122225.1,121907.2,-0.002600938759714677,-0.004000938759714677,9472.23081696046,9434.33300154392
2025-10-09 02:40:00+00:00,2025-10-09 03:10:00+00:00,LONG,121692.5,121820.0,0.0010477227438010495,-0.0003522772561989505,9434.33300154392,9431.00950060007
2025-10-09 08:20:00+00:00,2025-10-09 08:50:00+00:00,LONG,121522.0,121182.0,-0.002797847303368961,-0.004197847303368961,9431.00950060007,9391.419562799929
2025-10-09 11:20:00+00:00,2025-10-09 11:50:00+00:00,SHORT,122707.1,122775.1,-0.0005538582334692066,-0.001953858233469207,9391.419562799929,9373.070060363189
2025-10-09 12:05:00+00:00,2025-10-09 12:35:00+00:00,SHORT,123032.8,123394.6,-0.002932056994390364,-0.004332056994390364,9373.070060363189,9332.46538664928
2025-10-09 12:35:00+00:00,2025-10-09 13:05:00+00:00,SHORT,123394.6,123321.1,0.0005960050632050073,-0.0008039949367949926,9332.46538664928,9324.962131730601
2025-10-09 14:30:00+00:00,2025-10-09 15:00:00+00:00,LONG,121491.2,121594.4,0.000849444239582775,-0.0005505557604172249,9324.962131730601,9319.828220113304
2025-10-09 16:50:00+00:00,2025-10-09 17:20:00+00:00,LONG,120317.3,120361.5,0.0003673619670654382,-0.0010326380329345618,9319.828220113304,9310.204211032798
2025-10-10 02:50:00+00:00,2025-10-10 03:20:00+00:00,LONG,120970.4,121364.1,0.003254515154120341,0.001854515154120341,9310.204211032798,9327.470125830114
2025-10-10 13:35:00+00:00,2025-10-10 14:05:00+00:00,SHORT,122422.9,121868.1,0.004552462867641216,0.003152462867641216,9327.470125830114,9356.874629050826
2025-10-10 14:55:00+00:00,2025-10-10 15:25:00+00:00,LONG,120493.0,119242.5,-0.010378196243765236,-0.011778196243765237,9356.874629050826,9246.667523441558
2025-10-10 15:25:00+00:00,2025-10-10 15:55:00+00:00,LONG,119242.5,119017.0,-0.0018911042623225294,-0.0032911042623225296,9246.667523441558,9216.23577654288
2025-10-10 17:05:00+00:00,2025-10-10 17:35:00+00:00,LONG,117767.7,117902.1,0.0011412297259776327,-0.00025877027402236726,9216.23577654288,9213.85088868553
2025-10-10 19:05:00+00:00,2025-10-10 19:35:00+00:00,LONG,117063.1,116454.8,-0.005196342827073597,-0.006596342827073597,9213.85088868553,9153.073169466224
2025-10-10 20:50:00+00:00,2025-10-10 21:20:00+00:00,LONG,115398.0,108163.5,-0.06269172775957987,-0.06409172775957987,9153.073169466224,8566.436895725281
2025-10-11 07:25:00+00:00,2025-10-11 07:55:00+00:00,LONG,110760.0,110412.9,-0.0031338028169014542,-0.0045338028169014544,8566.436895725281,8527.598359996633
2025-10-11 07:55:00+00:00,2025-10-11 08:25:00+00:00,LONG,110412.9,110963.0,0.004982207694934182,0.003582207694934182,8527.598359996633,8558.145988461121
2025-10-11 19:15:00+00:00,2025-10-11 19:45:00+00:00,LONG,111250.0,111123.2,-0.0011397752808989248,-0.002539775280898925,8558.145988461121,8536.410220829304
2025-10-11 19:50:00+00:00,2025-10-11 20:20:00+00:00,LONG,110920.0,110607.3,-0.0028191489361701905,-0.004219148936170191,8536.410220829304,8500.39383472738
2025-10-11 20:20:00+00:00,2025-10-11 20:50:00+00:00,LONG,110607.3,110210.4,-0.003588370749489478,-0.004988370749489478,8500.39383472738,8457.990718763085
2025-10-11 20:50:00+00:00,2025-10-11 21:20:00+00:00,LONG,110210.4,110786.4,0.0052263670216241565,0.0038263670216241562,8457.990718763085,8490.354095518564
2025-10-12 00:20:00+00:00,2025-10-12 00:50:00+00:00,LONG,110078.4,109796.8,-0.002558176717684768,-0.003958176717684768,8490.354095518564,8456.747773612782
2025-10-12 04:45:00+00:00,2025-10-12 05:15:00+00:00,SHORT,111723.5,111418.0,0.002741926798183414,0.001341926798183414,8456.747773612782,8468.09611007567
2025-10-12 14:50:00+00:00,2025-10-12 15:20:00+00:00,SHORT,112956.7,113552.2,-0.0052442841265955,-0.0066442841265955,8468.09611007567,8411.83167350901
2025-10-12 20:25:00+00:00,2025-10-12 20:55:00+00:00,SHORT,115238.3,114928.0,0.002699951273841039,0.0012999512738410392,8411.83167350901,8422.766644808324
2025-10-13 11:00:00+00:00,2025-10-13 11:30:00+00:00,LONG,114466.2,114113.4,-0.003082132542182814,-0.004482132542182814,8422.766644808324,8385.014688334417
2025-10-13 23:40:00+00:00,2025-10-14 00:10:00+00:00,LONG,115200.2,115230.1,0.0002595481605067729,-0.0011404518394932271,8385.014688334417,8375.451982908928
2025-10-14 01:05:00+00:00,2025-10-14 01:35:00+00:00,LONG,114644.7,114524.9,-0.0010449676260656515,-0.0024449676260656517,8375.451982908928,8354.974273957048
2025-10-14 02:15:00+00:00,2025-10-14 02:45:00+00:00,LONG,113958.0,113844.5,-0.0009959809754470639,-0.002395980975447064,8354.974273957048,8334.955914546297
2025-10-14 02:50:00+00:00,2025-10-14 03:20:00+00:00,LONG,113679.4,113334.4,-0.0030348506413651055,-0.004434850641365106,8334.955914546297,8297.991629962922
2025-10-14 03:25:00+00:00,2025-10-14 03:55:00+00:00,LONG,113333.1,113500.5,0.0014770618645389977,7.70618645389977e-05,8297.991629962922,8298.631088669856
2025-10-14 04:50:00+00:00,2025-10-14 05:20:00+00:00,LONG,112871.0,113405.8,0.004738152404071938,0.003338152404071938,8298.631088669856,8326.333183989005
2025-10-14 06:30:00+00:00,2025-10-14 07:00:00+00:00,LONG,112152.2,111765.1,-0.0034515595770746588,-0.004851559577074659,8326.333183989005,8285.937482488309
2025-10-14 07:00:00+00:00,2025-10-14 07:30:00+00:00,LONG,111765.1,111995.0,0.0020569927463940374,0.0006569927463940374,8285.937482488309,8291.381283311377
2025-10-14 09:50:00+00:00,2025-10-14 10:20:00+00:00,LONG,111119.9,110633.0,-0.00438175340330571,-0.005781753403305711,8291.381283311377,8243.442561358486
2025-10-14 10:30:00+00:00,2025-10-14 11:00:00+00:00,LONG,110177.8,110814.2,0.005776118237975192,0.004376118237975192,8243.442561358486,8279.516840694947
2025-10-15 02:25:00+00:00,2025-10-15 02:55:00+00:00,SHORT,113554.2,112816.9,0.006535368371228145,0.005135368371228145,8279.516840694947,8322.035209607702
2025-10-15 03:40:00+00:00,2025-10-15 04:10:00+00:00,LONG,112009.1,112023.6,0.00012945376759576632,-0.0012705462324042337,8322.035209607702,8311.4616791262
2025-10-15 08:10:00+00:00,2025-10-15 08:40:00+00:00,SHORT,112909.9,113221.4,-0.0027512466724488593,-0.0041512466724488595,8311.4616791262,8276.958751487542
2025-10-15 12:25:00+00:00,2025-10-15 12:55:00+00:00,LONG,111475.1,111717.8,0.002177167815951675,0.000777167815951675,8276.958751487542,8283.391337443158
2025-10-15 13:45:00+00:00,2025-10-15 14:15:00+00:00,LONG,111049.8,111960.8,0.008203526706036302,0.006803526706036301,8283.391337443158,8339.747611624001
2025-10-16 09:30:00+00:00,2025-10-16 10:00:00+00:00,LONG,109658.7,111125.0,0.013371488080745175,0.011971488080745175,8339.747611624001,8439.58680075298
2025-10-16 14:05:00+00:00,2025-10-16 14:35:00+00:00,LONG,110419.1,110690.0,0.0024533798953261243,0.0010533798953261243,8439.58680075298,8448.476891813752
2025-10-16 15:40:00+00:00,2025-10-16 16:10:00+00:00,LONG,109230.6,108580.0,-0.005956206411024123,-0.007356206411024123,8448.476891813752,8386.328151938804
2025-10-17 01:05:00+00:00,2025-10-17 01:35:00+00:00,SHORT,109036.7,108750.0,0.0026363218390803578,0.0012363218390803578,8386.328151938804,8396.69635258274
2025-10-17 06:15:00+00:00,2025-10-17 06:45:00+00:00,LONG,108012.9,106679.9,-0.012341118514547778,-0.013741118514547778,8396.69635258274,8281.31635287123
2025-10-17 06:45:00+00:00,2025-10-17 07:15:00+00:00,LONG,106679.9,106320.2,-0.003371769189884799,-0.004771769189884799,8281.31635287123,8241.79982264691
2025-10-17 07:30:00+00:00,2025-10-17 08:00:00+00:00,LONG,105994.8,105144.1,-0.008025865419812983,-0.009425865419812983,8241.79982264691,8164.113726701602
2025-10-17 08:15:00+00:00,2025-10-17 08:45:00+00:00,LONG,104754.1,104962.1,0.0019856024728388544,0.0005856024728388544,8164.113726701602,8168.894651888496
2025-10-17 10:20:00+00:00,2025-10-17 10:50:00+00:00,LONG,103740.3,104791.4,0.010132031621269633,0.008732031621269632,8168.894651888496,8240.225698299606
2025-10-17 16:00:00+00:00,2025-10-17 16:30:00+00:00,SHORT,107319.9,106510.2,0.007602088814029129,0.0062020888140291285,8240.225698299606,8291.332309928104
2025-10-17 21:10:00+00:00,2025-10-17 21:40:00+00:00,SHORT,107409.5,107286.1,0.0011501955984978274,-0.0002498044015021726,8291.332309928104,8289.261098622768
2025-10-18 00:00:00+00:00,2025-10-18 00:30:00+00:00,LONG,106371.8,106625.2,0.002382210322660727,0.0009822103226607272,8289.261098622768,8297.402896441065
2025-10-18 07:05:00+00:00,2025-10-18 07:35:00+00:00,SHORT,107364.9,107212.2,0.0014242782071443028,2.427820714430277e-05,8297.402896441065,8297.604342507344
2025-10-18 16:35:00+00:00,2025-10-18 17:05:00+00:00,LONG,106516.0,106650.1,0.0012589657891772799,-0.00014103421082272013,8297.604342507344,8296.43409642718
2025-10-18 20:05:00+00:00,2025-10-18 20:35:00+00:00,SHORT,107208.3,107179.3,0.00027057463521407144,-0.0011294253647859286,8296.43409642718,8287.0638933214
2025-10-19 03:40:00+00:00,2025-10-19 04:10:00+00:00,SHORT,107249.8,107043.9,0.0019235098870651335,0.0005235098870651335,8287.0638933214,8291.402253204293
2025-10-19 06:35:00+00:00,2025-10-19 07:05:00+00:00,LONG,106653.4,106863.5,0.0019699325103559318,0.0005699325103559318,8291.402253204293,8296.127792904832
2025-10-19 08:15:00+00:00,2025-10-19 08:45:00+00:00,SHORT,107150.0,106338.4,0.007632238213100884,0.0062322382131008835,8296.127792904832,8347.831237556542
2025-10-19 09:45:00+00:00,2025-10-19 10:15:00+00:00,SHORT,107921.9,107529.8,0.003646431035861708,0.002246431035861708,8347.831237556542,8366.584064730725
2025-10-19 14:15:00+00:00,2025-10-19 14:45:00+00:00,SHORT,108421.4,108291.9,0.0011958419789477315,-0.0002041580210522685,8366.584064730725,8364.875959485102
2025-10-19 16:40:00+00:00,2025-10-19 17:10:00+00:00,SHORT,108900.1,109138.4,-0.0021834661310774495,-0.0035834661310774497,8364.875959485102,8334.900709793623
2025-10-19 23:40:00+00:00,2025-10-20 00:10:00+00:00,LONG,108562.5,108070.8,-0.0045291882556131036,-0.005929188255613104,8334.900709793623,8285.481514393414
2025-10-20 00:10:00+00:00,2025-10-20 00:40:00+00:00,LONG,108070.8,107852.6,-0.002019046773041322,-0.003419046773041322,8285.481514393414,8257.153065558534
2025-10-20 00:40:00+00:00,2025-10-20 01:10:00+00:00,LONG,107852.6,108113.9,0.002422751050971339,0.001022751050971339,8257.153065558534,8265.598077534365
2025-10-20 03:45:00+00:00,2025-10-20 04:15:00+00:00,SHORT,109308.9,110123.6,-0.007398050917333032,-0.008798050917333032,8265.598077534365,8192.876924786007
2025-10-20 05:20:00+00:00,2025-10-20 05:50:00+00:00,SHORT,110718.5,111114.1,-0.00356030422781628,-0.00496030422781628,8192.876924786007,8152.237762738013
2025-10-20 05:50:00+00:00,2025-10-20 06:20:00+00:00,SHORT,111114.1,111157.0,-0.0003859406065294113,-0.0017859406065294113,8152.237762738013,8137.678350283457
2025-10-21 00:10:00+00:00,2025-10-21 00:40:00+00:00,LONG,110182.0,110498.8,0.002875242780127518,0.0014752427801275182,8137.678350283457,8149.683401516712
2025-10-21 01:55:00+00:00,2025-10-21 02:25:00+00:00,LONG,109858.4,109492.0,-0.0033352024060062657,-0.004735202406006266,8149.683401516712,8111.093001065661
2025-10-21 04:00:00+00:00,2025-10-21 04:30:00+00:00,LONG,108666.0,108017.9,-0.00596414701930692,-0.00736414701930692,8111.093001065661,8051.361719718542
2025-10-21 04:30:00+00:00,2025-10-21 05:00:00+00:00,LONG,108017.9,107669.4,-0.0032263171196625917,-0.004626317119662592,8051.361719718542,8014.113567158012
2025-10-21 10:45:00+00:00,2025-10-21 11:15:00+00:00,SHORT,108586.7,108485.0,0.0009374567912614484,-0.00046254320873855156,8014.113567158012,8010.406693353464
2025-10-21 12:20:00+00:00,2025-10-21 12:50:00+00:00,SHORT,109356.2,108949.1,0.003736607278077564,0.0023366072780775637,8010.406693353464,8029.123867933515
2025-10-21 14:15:00+00:00,2025-10-21 14:45:00+00:00,SHORT,110180.6,110808.1,-0.005662943412981569,-0.007062943412981569,8029.123867933515,7972.414620398481
2025-10-21 14:45:00+00:00,2025-10-21 15:15:00+00:00,SHORT,110808.1,112479.9,-0.014863099984975037,-0.016263099984975035,7972.414620398481,7842.758444305264
2025-10-21 20:15:00+00:00,2025-10-21 20:45:00+00:00,LONG,110833.7,110896.3,0.0005648101615303158,-0.0008351898384696842,7842.758444305264,7836.208252147008
2025-10-21 22:25:00+00:00,2025-10-21 22:55:00+00:00,LONG,109629.5,109075.1,-0.005057033006626854,-0.0064570330066268545,7836.208252147008,7785.6095968160935
2025-10-22 07:05:00+00:00,2025-10-22 07:35:00+00:00,LONG,107669.4,108183.4,0.004773872613760277,0.003373872613760277,7785.6095968160935,7811.8772518162195
2025-10-22 11:00:00+00:00,2025-10-22 11:30:00+00:00,LONG,107153.1,107834.3,0.006357258912714547,0.004957258912714547,7811.8772518162195,7850.602749947817
2025-10-23 01:10:00+00:00,2025-10-23 01:40:00+00:00,SHORT,108320.9,108248.4,0.000669755857823251,-0.000730244142176749,7850.602749947817,7844.869893277111
2025-10-23 03:20:00+00:00,2025-10-23 03:50:00+00:00,SHORT,108648.3,108425.0,0.0020594881254323294,0.0006594881254323294,7844.869893277111,7850.043491817289
2025-10-23 06:15:00+00:00,2025-10-23 06:45:00+00:00,SHORT,109856.3,110081.8,-0.0020484766782520314,-0.0034484766782520316,7850.043491817289,7822.9727999124925
2025-10-23 12:00:00+00:00,2025-10-23 12:30:00+00:00,LONG,108719.4,108972.7,0.0023298509741591644,0.0009298509741591644,7822.9727999124925,7830.246998791311
2025-10-24 04:30:00+00:00,2025-10-24 05:00:00+00:00,SHORT,111292.3,110989.3,0.0027299928912065674,0.0013299928912065674,7830.246998791311,7840.661171636094
2025-10-24 19:25:00+00:00,2025-10-24 19:55:00+00:00,SHORT,110940.0,110613.1,0.002955346157010208,0.001555346157010208,7840.661171636094,7852.856113857817
2025-10-25 04:15:00+00:00,2025-10-25 04:45:00+00:00,SHORT,111420.9,111299.1,0.0010943484718204388,-0.00030565152817956117,7852.856113857817,7850.455876386042
2025-10-25 07:20:00+00:00,2025-10-25 07:50:00+00:00,SHORT,111686.1,111520.4,0.0014858268083688397,8.582680836883975e-05,7850.455876386042,7851.129655958152
2025-10-25 16:05:00+00:00,2025-10-25 16:35:00+00:00,LONG,111232.8,111269.0,0.0003254435741975037,-0.0010745564258024963,7851.129655958152,7842.693174136534
2025-10-26 00:30:00+00:00,2025-10-26 01:00:00+00:00,SHORT,111825.0,111734.9,0.0008063729416682985,-0.0005936270583317014,7842.693174136534,7838.037539258174
2025-10-26 08:00:00+00:00,2025-10-26 08:30:00+00:00,SHORT,111779.2,111786.0,-6.083051544913953e-05,-0.0014608305154491395,7838.037539258174,7826.587494839589
2025-10-26 08:40:00+00:00,2025-10-26 09:10:00+00:00,SHORT,111833.9,111706.0,0.0011449698315220136,-0.0002550301684779864,7826.587494839589,7824.591478912173
2025-10-26 09:20:00+00:00,2025-10-26 09:50:00+00:00,SHORT,112343.3,112420.0,-0.0006822629425369264,-0.0020822629425369266,7824.591478912173,7808.298622035145
2025-10-26 11:30:00+00:00,2025-10-26 12:00:00+00:00,SHORT,112780.0,113437.9,-0.005799648970934657,-0.007199648970934657,7808.298622035145,7752.08161289626
2025-10-26 12:05:00+00:00,2025-10-26 12:35:00+00:00,SHORT,113518.4,113549.1,-0.0002703676207034267,-0.0016703676207034267,7752.08161289626,7739.132786777028
2025-10-26 21:25:00+00:00,2025-10-26 21:55:00+00:00,LONG,113064.0,113498.9,0.0038464940210853893,0.002446494021085389,7739.132786777028,7758.066528868263
2025-10-26 22:00:00+00:00,2025-10-26 22:30:00+00:00,SHORT,114804.5,114498.8,0.0026698969770861947,0.0012698969770861947,7758.066528868263,7767.918474101306
2025-10-27 05:10:00+00:00,2025-10-27 05:40:00+00:00,SHORT,115480.0,115633.6,-0.001328333633130896,-0.002728333633130896,7767.918474101306,7746.725000868997
2025-10-27 05:40:00+00:00,2025-10-27 06:10:00+00:00,SHORT,115633.6,115483.9,0.0012962845903197184,-0.00010371540968028155,7746.725000868997,7745.921546111852
2025-10-27 13:35:00+00:00,2025-10-27 14:05:00+00:00,LONG,114732.1,114775.0,0.00037391453655954976,-0.0010260854634404502,7745.921546111852,7737.973568612437
2025-10-27 20:55:00+00:00,2025-10-27 21:25:00+00:00,LONG,114470.0,114170.0,-0.002620774001921955,-0.004020774001921955,7737.973568612437,7706.860925660201
2025-10-28 13:05:00+00:00,2025-10-28 13:35:00+00:00,SHORT,114819.8,115076.9,-0.0022341582020369843,-0.0036341582020369845,7706.860925660201,7678.852973815256
2025-10-28 13:35:00+00:00,2025-10-28 14:05:00+00:00,SHORT,115076.9,115433.7,-0.0030909517757812255,-0.004490951775781226,7678.852973815256,7644.367615416538
2025-10-28 14:15:00+00:00,2025-10-28 14:45:00+00:00,SHORT,115992.2,114799.9,0.010385897548691236,0.008985897548691236,7644.367615416538,7713.059119633203
2025-10-28 19:15:00+00:00,2025-10-28 19:45:00+00:00,LONG,114103.0,113680.0,-0.003707176848987359,-0.005107176848987359,7713.059119633203,7673.667162662542
2025-10-28 20:00:00+00:00,2025-10-28 20:30:00+00:00,LONG,113256.9,112616.3,-0.0056561675270998535,-0.007056167527099854,7673.667162662542,7619.52048161559
2025-10-28 21:05:00+00:00,2025-10-28 21:35:00+00:00,LONG,112424.6,112940.6,0.004589742814295139,0.003189742814295139,7619.52048161559,7643.824792320198
2025-10-29 00:55:00+00:00,2025-10-29 01:25:00+00:00,LONG,112430.0,112201.6,-0.002031486258116111,-0.003431486258116111,7643.824792320198,7617.595112585905
2025-10-29 05:35:00+00:00,2025-10-29 06:05:00+00:00,SHORT,113236.5,113168.0,0.0006052947829775501,-0.0007947052170224499,7617.595112585905,7611.541370008768
2025-10-29 08:00:00+00:00,2025-10-29 08:30:00+00:00,SHORT,113574.2,113210.0,0.0032170302976768372,0.0018170302976768373,7611.541370008768,7625.371771290094
2025-10-29 15:55:00+00:00,2025-10-29 16:25:00+00:00,LONG,111514.5,111159.1,-0.0031870294894384976,-0.004587029489438498,7625.371771290094,7590.393966107255
2025-10-29 18:35:00+00:00,2025-10-29 19:05:00+00:00,LONG,109388.4,111246.0,0.016981690928837168,0.015581690928837167,7590.393966107255,7708.6651389152485
2025-10-29 23:10:00+00:00,2025-10-29 23:40:00+00:00,LONG,110590.1,110005.8,-0.005283474741409999,-0.006683474741409999,7708.6651389152485,7657.144470169321
2025-10-29 23:40:00+00:00,2025-10-30 00:10:00+00:00,LONG,110005.8,110154.1,0.001348110735979402,-5.188926402059798e-05,7657.144470169321,7656.747146578265
2025-10-30 04:10:00+00:00,2025-10-30 04:40:00+00:00,LONG,110002.0,108958.0,-0.009490736532063004,-0.010890736532063005,7656.747146578265,7573.359530712256
2025-10-30 07:10:00+00:00,2025-10-30 07:40:00+00:00,SHORT,111211.1,111380.0,-0.0015164302388219753,-0.0029164302388219755,7573.359530712256,7551.272355967417
2025-10-30 12:05:00+00:00,2025-10-30 12:35:00+00:00,LONG,109436.4,108850.2,-0.005356535850959965,-0.006756535850959965,7551.272355967417,7500.25191357396
2025-10-30 12:40:00+00:00,2025-10-30 13:10:00+00:00,LONG,108500.0,108550.4,0.00046451612903219974,-0.0009354838709678002,7500.25191357396,7493.235548880617
2025-10-30 13:35:00+00:00,2025-10-30 14:05:00+00:00,LONG,107849.8,107982.1,0.0012267060300530375,-0.00017329396994696252,7493.235548880617,7491.937016344604
2025-10-30 17:20:00+00:00,2025-10-30 17:50:00+00:00,LONG,106961.5,107427.1,0.0043529681240446205,0.0029529681240446203,7491.937016344604,7514.060467541219
2025-10-31 00:00:00+00:00,2025-10-31 00:30:00+00:00,SHORT,108424.7,108562.8,-0.0012720747806800325,-0.0026720747806800327,7514.060467541219,7493.982336065397
2025-10-31 00:45:00+00:00,2025-10-31 01:15:00+00:00,SHORT,108910.3,109939.8,-0.00936421568894974,-0.01076421568894974,7493.982336065397,7413.31549383081
2025-10-31 12:00:00+00:00,2025-10-31 12:30:00+00:00,SHORT,110580.3,110294.9,0.002587608311898526,0.001187608311898526,7413.31549383081,7422.119608930009
2025-10-31 16:55:00+00:00,2025-10-31 17:25:00+00:00,LONG,108829.8,109040.0,0.0019314562739249919,0.0005314562739249919,7422.119608930009,7426.064140961997
2025-11-01 04:00:00+00:00,2025-11-01 04:30:00+00:00,SHORT,110359.6,110344.8,0.00013412503353138483,-0.0012658749664686152,7426.064140961997,7416.663672266563
2025-11-01 13:40:00+00:00,2025-11-01 14:10:00+00:00,LONG,109782.0,109743.0,-0.0003552494944526474,-0.0017552494944526474,7416.663672266563,7403.6455771052915
2025-11-01 15:05:00+00:00,2025-11-01 15:35:00+00:00,SHORT,110330.7,110046.6,0.0025816335988571026,0.0011816335988571027,7403.6455771052915,7412.3939734732285
2025-11-01 21:55:00+00:00,2025-11-01 22:25:00+00:00,LONG,109865.6,110006.8,0.001285206652491766,-0.00011479334750823396,7412.3939734732285,7411.543079955964
2025-11-02 04:40:00+00:00,2025-11-02 05:10:00+00:00,SHORT,110431.8,110512.9,-0.0007338509802927717,-0.002133850980292772,7411.543079955964,7395.727951489318
2025-11-02 07:50:00+00:00,2025-11-02 08:20:00+00:00,SHORT,111014.1,110724.7,0.00261368962842079,0.00121368962842079,7395.727951489318,7404.704069798662
2025-11-02 13:15:00+00:00,2025-11-02 13:45:00+00:00,LONG,110441.5,110490.3,0.0004418628866866836,-0.0009581371133133164,7404.704069798662,7397.609348016286
2025-11-02 16:00:00+00:00,2025-11-02 16:30:00+00:00,LONG,109862.8,109999.9,0.0012479201331114798,-0.00015207986688852023,7397.609348016286,7396.484320571347
2025-11-02 22:30:00+00:00,2025-11-02 23:00:00+00:00,LONG,109547.0,110170.0,0.005687056697125437,0.004287056697125436,7396.484320571347,7428.193468213035
2025-11-03 01:00:00+00:00,2025-11-03 01:30:00+00:00,LONG,109525.1,109675.0,0.0013686360478100124,-3.136395218998763e-05,7428.193468213035,7427.96049070824
2025-11-03 02:30:00+00:00,2025-11-03 03:00:00+00:00,LONG,108937.1,109061.1,0.0011382715346746064,-0.0002617284653253936,7427.96049070824,7426.01638200851
2025-11-03 03:10:00+00:00,2025-11-03 03:40:00+00:00,LONG,108233.1,108260.5,0.0002531573058519587,-0.0011468426941480413,7426.01638200851,7417.49990937418
2025-11-03 15:25:00+00:00,2025-11-03 15:55:00+00:00,LONG,105965.2,105746.9,-0.002060110300362794,-0.0034601103003627943,7417.49990937418,7391.834541534815
2025-11-04 05:15:00+00:00,2025-11-04 05:45:00+00:00,LONG,106168.0,104576.1,-0.014994160198929962,-0.01639416019892996,7391.834541534815,7270.651621896909
2025-11-04 05:45:00+00:00,2025-11-04 06:15:00+00:00,LONG,104576.1,104905.2,0.0031469905647656393,0.0017469905647656393,7270.651621896909,7283.353381680061
2025-11-04 14:35:00+00:00,2025-11-04 15:05:00+00:00,LONG,103086.5,104279.3,0.011570865244236561,0.010170865244236561,7283.353381680061,7357.431387451283
2025-11-04 16:20:00+00:00,2025-11-04 16:50:00+00:00,LONG,102599.1,102528.2,-0.0006910392001490129,-0.002091039200149013,7357.431387451283,7342.046710007716
2025-11-04 17:00:00+00:00,2025-11-04 17:30:00+00:00,LONG,101800.2,101601.9,-0.0019479333046497072,-0.0033479333046497074,7342.046710007716,7317.466027302988
2025-11-04 21:30:00+00:00,2025-11-04 22:00:00+00:00,LONG,99130.0,100622.4,0.015054978311308309,0.013654978311308309,7317.466027302988,7417.385867199545
2025-11-05 01:20:00+00:00,2025-11-05 01:50:00+00:00,LONG,99485.6,100632.6,0.01152930675394237,0.01012930675394237,7417.385867199545,7492.5188439607655
2025-11-05 12:25:00+00:00,2025-11-05 12:55:00+00:00,SHORT,102518.0,102669.4,-0.0014746360648839607,-0.002874636064883961,7492.5188439607655,7470.980579075093
2025-11-05 13:50:00+00:00,2025-11-05 14:20:00+00:00,SHORT,103232.0,102620.7,0.00595688784036752,0.004556887840367519,7470.980579075093,7505.024999631502
2025-11-06 01:15:00+00:00,2025-11-06 01:45:00+00:00,LONG,102992.2,103423.7,0.004189637661881296,0.0027896376618812956,7505.024999631502,7525.961300023834
2025-11-06 12:40:00+00:00,2025-11-06 13:10:00+00:00,LONG,102454.4,102912.3,0.004469305369022791,0.003069305369022791,7525.961300023834,7549.060773449055
2025-11-06 16:35:00+00:00,2025-11-06 17:05:00+00:00,LONG,100960.0,101139.9,0.001781893819334357,0.000381893819334357,7549.060773449055,7551.943713100214
2025-11-07 09:00:00+00:00,2025-11-07 09:30:00+00:00,LONG,101373.6,100955.3,-0.004126320856712273,-0.0055263208567122735,7551.943713100214,7510.209249049792
2025-11-07 09:40:00+00:00,2025-11-07 10:10:00+00:00,LONG,100951.0,100960.7,9.608622004741996e-05,-0.00130391377995258,7510.209249049792,7500.416583719629
2025-11-07 11:10:00+00:00,2025-11-07 11:40:00+00:00,LONG,100108.1,100163.5,0.0005534017726835927,-0.0008465982273164073,7500.416583719629,7494.066744335718
2025-11-07 12:30:00+00:00,2025-11-07 13:00:00+00:00,LONG,99816.0,99580.4,-0.002360343031177381,-0.003760343031177381,7494.066744335718,7465.8864826784775
2025-11-07 17:25:00+00:00,2025-11-07 17:55:00+00:00,SHORT,102333.5,102390.2,-0.0005537639344389556,-0.0019537639344389558,7465.8864826784775,7451.299902930005
2025-11-07 19:35:00+00:00,2025-11-07 20:05:00+00:00,SHORT,103189.0,103250.9,-0.0005995105127412081,-0.0019995105127412083,7451.299902930005,7436.400950440509
2025-11-07 20:40:00+00:00,2025-11-07 21:10:00+00:00,SHORT,103838.0,103449.6,0.003754485275921704,0.002354485275921704,7436.400950440509,7453.909846984171
2025-11-08 06:00:00+00:00,2025-11-08 06:30:00+00:00,LONG,102196.9,102377.0,0.0017622843745750405,0.0003622843745750405,7453.909846984171,7456.610282051224
2025-11-08 11:40:00+00:00,2025-11-08 12:10:00+00:00,LONG,102027.8,101758.6,-0.0026384965666219617,-0.004038496566621962,7456.610282051224,7426.496787028523
2025-11-08 12:10:00+00:00,2025-11-08 12:40:00+00:00,LONG,101758.6,101900.5,0.0013944767321876217,-5.523267812378293e-06,7426.496787028523,7426.455768497861
2025-11-08 14:15:00+00:00,2025-11-08 14:45:00+00:00,LONG,101506.7,101989.9,0.0047602769078296525,0.0033602769078296523,7426.455768497861,7451.410716323762
2025-11-09 00:15:00+00:00,2025-11-09 00:45:00+00:00,LONG,101686.9,101961.7,0.0027024129951842557,0.0013024129951842557,7451.410716323762,7461.115530473157
2025-11-09 13:30:00+00:00,2025-11-09 14:00:00+00:00,SHORT,102655.4,102787.6,-0.0012861473562960635,-0.0026861473562960637,7461.115530473157,7441.073874715958
2025-11-09 14:05:00+00:00,2025-11-09 14:35:00+00:00,SHORT,102994.4,103382.1,-0.0037501656476315315,-0.005150165647631532,7441.073874715958,7402.7511116649075
2025-11-09 18:45:00+00:00,2025-11-09 19:15:00+00:00,SHORT,104310.3,104340.0,-0.00028464634847613635,-0.0016846463484761363,7402.7511116649075,7390.280094035964
2025-11-09 19:25:00+00:00,2025-11-09 19:55:00+00:00,SHORT,104737.4,104806.1,-0.000655496197263461,-0.002055496197263461,7390.280094035964,7375.089401405961
2025-11-10 00:35:00+00:00,2025-11-10 01:05:00+00:00,SHORT,106015.7,106222.0,-0.0019421588748094187,-0.003342158874809419,7375.089401405961,7350.440680910539
2025-11-10 13:05:00+00:00,2025-11-10 13:35:00+00:00,SHORT,106558.2,106488.4,0.0006554704549979196,-0.0007445295450020804,7350.440680910539,7344.968060654816
2025-11-10 14:45:00+00:00,2025-11-10 15:15:00+00:00,LONG,105230.0,105077.0,-0.0014539579967689509,-0.002853957996768951,7344.968060654816,7324.0058303220985
2025-11-11 01:15:00+00:00,2025-11-11 01:45:00+00:00,SHORT,107362.1,106603.2,0.0071189232593393825,0.005718923259339382,7324.0058303220985,7365.891257616664
2025-11-11 05:10:00+00:00,2025-11-11 05:40:00+00:00,LONG,105375.2,105344.9,-0.00028754393823215985,-0.0016875439382321598,7365.891257616664,7353.460992475196
2025-11-11 06:05:00+00:00,2025-11-11 06:35:00+00:00,LONG,105000.0,105069.7,0.0006638095238094,-0.0007361904761906,7353.460992475196,7348.047444525497
2025-11-11 12:45:00+00:00,2025-11-11 13:15:00+00:00,LONG,104452.0,104442.8,-8.807873472982397e-05,-0.001488078734729824,7348.047444525497,7337.112971381513
2025-11-11 13:25:00+00:00,2025-11-11 13:55:00+00:00,LONG,104348.0,104406.0,0.0005558324069458997,-0.0008441675930541002,7337.112971381513,7330.919218384496
2025-11-11 14:45:00+00:00,2025-11-11 15:15:00+00:00,LONG,103927.9,104099.5,0.001651144687807582,0.00025114468780758196,7330.919218384496,7332.76033980294
2025-11-12 08:30:00+00:00,2025-11-12 09:00:00+00:00,SHORT,103951.9,104255.7,-0.0029139893550185203,-0.0043139893550185205,7332.76033980294,7301.126889754128
2025-11-12 09:05:00+00:00,2025-11-12 09:35:00+00:00,SHORT,104474.9,104573.1,-0.0009390560287493299,-0.00233905602874933,7301.126889754128,7284.049144885985
2025-11-12 14:45:00+00:00,2025-11-12 15:15:00+00:00,LONG,103920.9,103439.6,-0.0046314071567893356,-0.006031407156789336,7284.049144885985,7240.1160787431145
2025-11-12 15:35:00+00:00,2025-11-12 16:05:00+00:00,LONG,102900.8,101922.9,-0.00950332747656002,-0.01090332747656002,7240.1160787431145,7161.174722168271
2025-11-12 16:10:00+00:00,2025-11-12 16:40:00+00:00,LONG,101540.6,101703.6,0.0016052692223602616,0.0002052692223602616,7161.174722168271,7162.644690934676
2025-11-13 05:50:00+00:00,2025-11-13 06:20:00+00:00,SHORT,103082.8,103525.8,-0.004279126555892354,-0.005679126555892354,7162.644690934676,7121.967125259967
2025-11-13 06:20:00+00:00,2025-11-13 06:50:00+00:00,SHORT,103525.8,103505.9,0.00019225957167656738,-0.0012077404283234326,7121.967125259967,7113.365637633601
2025-11-13 07:00:00+00:00,2025-11-13 07:30:00+00:00,SHORT,103609.7,103795.0,-0.0017852497711836612,-0.0031852497711836614,7113.365637633601,7090.707791363983
2025-11-13 13:25:00+00:00,2025-11-13 13:55:00+00:00,LONG,102551.0,102323.8,-0.0022154830279568216,-0.003615483027956822,7090.707791363983,7065.0714576881055
2025-11-13 14:40:00+00:00,2025-11-13 15:10:00+00:00,LONG,101817.6,102849.9,0.010138718649820744,0.008738718649820744,7065.0714576881055,7126.81112939772
2025-11-13 17:40:00+00:00,2025-11-13 18:10:00+00:00,LONG,100034.9,99379.7,-0.006549714149761687,-0.007949714149761688,7126.81112939772,7070.155018119668
2025-11-13 18:15:00+00:00,2025-11-13 18:45:00+00:00,LONG,99323.1,98412.1,-0.009172085849112666,-0.010572085849112666,7070.155018119668,6995.408732301573
2025-11-13 22:35:00+00:00,2025-11-13 23:05:00+00:00,SHORT,99749.7,99919.5,-0.0016993679912329362,-0.0030993679912329365,6995.408732301573,6973.727386391086
2025-11-13 23:15:00+00:00,2025-11-13 23:45:00+00:00,SHORT,100368.7,100119.5,0.002489025614390794,0.001089025614390794,6973.727386391086,6981.321954142644
2025-11-14 04:30:00+00:00,2025-11-14 05:00:00+00:00,LONG,97724.3,97939.2,0.0021990436360248555,0.0007990436360248555,6981.321954142644,6986.900335021142
2025-11-14 06:45:00+00:00,2025-11-14 07:15:00+00:00,LONG,96587.0,97341.8,0.007814716266164146,0.006414716266164145,6986.900335021142,7031.71931825027
2025-11-14 11:50:00+00:00,2025-11-14 12:20:00+00:00,LONG,95865.1,95620.3,-0.002553588323592204,-0.003953588323592204,7031.71931825027,7003.918794858858
2025-11-14 12:30:00+00:00,2025-11-14 13:00:00+00:00,LONG,95227.5,95489.7,0.002753406316452711,0.0013534063164527112,7003.918794858858,7013.397942795741
2025-11-14 18:55:00+00:00,2025-11-14 19:25:00+00:00,LONG,95083.7,95740.0,0.0069023397280501,0.0055023397280500996,7013.397942795741,7051.988040925011
2025-11-14 20:40:00+00:00,2025-11-14 21:10:00+00:00,LONG,94384.0,94888.6,0.00534624512629267,0.00394624512629267,7051.988040925011,7079.816914362185
2025-11-15 03:25:00+00:00,2025-11-15 03:55:00+00:00,SHORT,96651.2,96412.1,0.0024799791727385667,0.0010799791727385667,7079.816914362185,7087.4629691764985
2025-11-15 20:15:00+00:00,2025-11-15 20:45:00+00:00,LONG,95698.0,95375.1,-0.0033741561997114866,-0.004774156199711487,7087.4629691764985,7053.626313901979
2025-11-15 20:45:00+00:00,2025-11-15 21:15:00+00:00,LONG,95375.1,95639.7,0.002774309017762322,0.001374309017762322,7053.626313901979,7063.3201761531
2025-11-16 09:55:00+00:00,2025-11-16 10:25:00+00:00,SHORT,96621.7,96478.3,0.0014863445976971423,8.634459769714235e-05,7063.3201761531,7063.930055692115
2025-11-16 11:25:00+00:00,2025-11-16 11:55:00+00:00,LONG,95618.0,95638.8,0.0002175322637998356,-0.0011824677362001644,7063.930055692115,7055.577186310485
2025-11-16 15:50:00+00:00,2025-11-16 16:20:00+00:00,LONG,94706.0,94225.7,-0.005071484383249225,-0.006471484383249225,7055.577186310485,7009.917128734467
2025-11-16 16:20:00+00:00,2025-11-16 16:50:00+00:00,LONG,94225.7,94340.4,0.001217289975028013,-0.00018271002497198693,7009.917128734467,7008.636346600825
2025-11-16 22:00:00+00:00,2025-11-16 22:30:00+00:00,LONG,93200.8,93782.0,0.006235997974266327,0.004835997974266327,7008.636346600825,7042.530097775356
2025-11-17 13:10:00+00:00,2025-11-17 13:40:00+00:00,LONG,94936.4,93865.7,-0.011278076691342842,-0.012678076691342842,7042.530097775356,6953.24436109467
2025-11-17 13:40:00+00:00,2025-11-17 14:10:00+00:00,LONG,93865.7,94087.5,0.0023629504707256554,0.0009629504707256555,6953.24436109467,6959.939991025256
2025-11-17 19:35:00+00:00,2025-11-17 20:05:00+00:00,LONG,91899.2,91504.3,-0.004297099430680462,-0.005697099430680462,6959.939991025256,6920.288520864816
2025-11-18 03:20:00+00:00,2025-11-18 03:50:00+00:00,LONG,90204.7,90810.0,0.006710293366088527,0.0053102933660885265,6920.288520864816,6957.037283088583
2025-11-18 08:35:00+00:00,2025-11-18 09:05:00+00:00,SHORT,91260.8,91011.3,0.0027414178239404396,0.0013414178239404397,6957.037283088583,6966.369576901935
2025-11-19 00:15:00+00:00,2025-11-19 00:45:00+00:00,LONG,92009.0,92591.7,0.006333076112119418,0.004933076112119418,6966.369576901935,7000.735208249945
2025-11-19 04:30:00+00:00,2025-11-19 05:00:00+00:00,LONG,91461.0,91128.0,-0.003640896119657566,-0.005040896119657566,7000.735208249945,6965.445229303928
2025-11-19 05:05:00+00:00,2025-11-19 05:35:00+00:00,LONG,91012.8,90605.0,-0.004480688430638313,-0.0058806884306383134,6965.445229303928,6924.483616129715
2025-11-19 05:35:00+00:00,2025-11-19 06:05:00+00:00,LONG,90605.0,90578.6,-0.0002913746481981727,-0.0016913746481981727,6924.483616129715,6912.77172008953
2025-11-19 07:45:00+00:00,2025-11-19 08:15:00+00:00,SHORT,91998.2,91670.3,0.0035769491318342617,0.0021769491318342615,6912.77172008953,6927.820472484147
2025-11-19 15:50:00+00:00,2025-11-19 16:20:00+00:00,LONG,90191.9,89733.2,-0.005085822562780007,-0.006485822562780007,6927.820472484147,6882.887858152821
2025-11-19 17:35:00+00:00,2025-11-19 18:05:00+00:00,LONG,89070.6,89450.0,0.00425954243038662,0.00285954243038662,6882.887858152821,6902.569768026801
2025-11-19 21:20:00+00:00,2025-11-19 21:50:00+00:00,SHORT,90470.0,90669.1,-0.0021958969483539814,-0.0035958969483539816,6902.569768026801,6877.748838462154
2025-11-19 23:05:00+00:00,2025-11-19 23:35:00+00:00,SHORT,91358.8,91495.9,-0.001498427798404034,-0.002898427798404034,6877.748838462154,6857.814180038315
2025-11-20 06:40:00+00:00,2025-11-20 07:10:00+00:00,LONG,91857.0,92075.4,0.0023776086743525493,0.0009776086743525493,6857.814180038315,6864.5184386678175
2025-11-20 09:45:00+00:00,2025-11-20 10:15:00+00:00,LONG,91494.0,91783.8,0.0031674208144796268,0.0017674208144796268,6864.5184386678175,6876.650931437698
2025-11-20 14:05:00+00:00,2025-11-20 14:35:00+00:00,LONG,90630.3,91180.0,0.006065300456911116,0.0046653004569111155,6876.650931437698,6908.7325741701525
2025-11-20 16:00:00+00:00,2025-11-20 16:30:00+00:00,LONG,89381.0,88595.2,-0.00879157762835503,-0.01019157762835503,6908.7325741701525,6838.321689826953
2025-11-20 16:55:00+00:00,2025-11-20 17:25:00+00:00,LONG,87881.5,87111.9,-0.008757246974619326,-0.010157246974619326,6838.321689826953,6768.863167531485
2025-11-21 02:40:00+00:00,2025-11-21 03:10:00+00:00,LONG,85898.5,85787.0,-0.001298043621250633,-0.002698043621250633,6768.863167531485,6750.600479439208
2025-11-21 07:25:00+00:00,2025-11-21 07:55:00+00:00,LONG,85225.7,84061.1,-0.013664892162809972,-0.015064892162809972,6750.600479439208,6648.903411182244
2025-11-21 09:30:00+00:00,2025-11-21 10:00:00+00:00,LONG,82889.4,81946.8,-0.011371779745057764,-0.012771779745057764,6648.903411182244,6563.985081268462
2025-11-21 10:00:00+00:00,2025-11-21 10:30:00+00:00,LONG,81946.8,82457.5,0.006232092040201698,0.0048320920402016975,6563.985081268462,6595.702861331662
2025-11-21 12:20:00+00:00,2025-11-21 12:50:00+00:00,LONG,81102.3,83570.4,0.030431935962358603,0.029031935962358604,6595.702861331662,6787.188884428588
2025-11-22 08:35:00+00:00,2025-11-22 09:05:00+00:00,LONG,83940.1,84178.0,0.002834163885913732,0.001434163885913732,6787.188884428588,6796.92282561351
2025-11-22 22:50:00+00:00,2025-11-22 23:20:00+00:00,SHORT,85173.7,84882.3,0.0034329889741442354,0.0020329889741442352,6796.92282561351,6810.740894776091
2025-11-23 01:35:00+00:00,2025-11-23 02:05:00+00:00,SHORT,85708.8,85724.5,-0.00018314484190629088,-0.0015831448419062909,6810.740894776091,6799.958505458967
2025-11-23 07:00:00+00:00,2025-11-23 07:30:00+00:00,LONG,85735.5,85550.4,-0.0021589656560001558,-0.003558965656000156,6799.958505458967,6775.757686675813
2025-11-23 12:15:00+00:00,2025-11-23 12:45:00+00:00,SHORT,86789.1,86502.9,0.0033085595974240434,0.0019085595974240434,6775.757686675813,6788.689624038537
2025-11-23 16:05:00+00:00,2025-11-23 16:35:00+00:00,SHORT,87269.8,87371.9,-0.0011685679263011561,-0.0025685679263011563,6788.689624038537,6771.252413608619
2025-11-24 00:05:00+00:00,2025-11-24 00:35:00+00:00,LONG,86378.0,86876.0,0.005765356919585907,0.0043653569195859065,6771.252413608619,6800.811347186627
2025-11-24 02:15:00+00:00,2025-11-24 02:45:00+00:00,SHORT,88015.1,87338.3,0.007749177623104675,0.006349177623104675,6800.811347186627,6843.990906411141
2025-11-24 09:20:00+00:00,2025-11-24 09:50:00+00:00,LONG,86045.4,86024.0,-0.0002487059157142424,-0.0016487059157142424,6843.990906411141,6832.707178116647
2025-11-24 17:40:00+00:00,2025-11-24 18:10:00+00:00,SHORT,87926.1,88490.4,-0.006376962924791729,-0.007776962924791729,6832.707178116647,6779.569467716476
2025-11-24 18:45:00+00:00,2025-11-24 19:15:00+00:00,SHORT,88655.5,88737.7,-0.0009263255639936352,-0.0023263255639936354,6779.569467716476,6763.797981950856
2025-11-24 20:50:00+00:00,2025-11-24 21:20:00+00:00,SHORT,89222.2,88906.9,0.0035464064094012926,0.0021464064094012924,6763.797981950856,6778.315841291211
2025-11-25 00:15:00+00:00,2025-11-25 00:45:00+00:00,LONG,88009.9,88049.9,0.0004544943239339627,-0.0009455056760660373,6778.315841291211,6771.906905189102
2025-11-25 07:50:00+00:00,2025-11-25 08:20:00+00:00,LONG,87412.6,87501.0,0.0010112958543733175,-0.0003887041456266825,6771.906905189102,6769.2746369012575
2025-11-25 14:45:00+00:00,2025-11-25 15:15:00+00:00,LONG,86197.0,86569.7,0.0043238163741197155,0.0029238163741197153,6769.2746369012575,6789.0667529255425
2025-11-25 17:35:00+00:00,2025-11-25 18:05:00+00:00,SHORT,88016.0,87757.0,0.002951331517713651,0.0015513315177136512,6789.0667529255425,6799.598846155217
2025-11-25 19:15:00+00:00,2025-11-25 19:45:00+00:00,LONG,86475.1,86646.9,0.001986699061348185,0.000586699061348185,6799.598846155217,6803.5881644158
2025-11-26 03:50:00+00:00,2025-11-26 04:20:00+00:00,LONG,87103.7,87126.9,0.00026634919067736185,-0.0011336508093226381,6803.5881644158,6795.875271186912
2025-11-26 09:30:00+00:00,2025-11-26 10:00:00+00:00,LONG,86974.0,87043.0,0.0007933405385518455,-0.0006066594614481545,6795.875271186912,6791.7524891548255
2025-11-26 12:15:00+00:00,2025-11-26 12:45:00+00:00,LONG,86433.9,86621.7,0.0021727586051305536,0.0007727586051305536,6791.7524891548255,6797.000874334736
2025-11-26 17:25:00+00:00,2025-11-26 17:55:00+00:00,SHORT,88667.1,89823.0,-0.01286864166193502,-0.014268641661935021,6797.000874334736,6700.016904482995
2025-11-26 18:05:00+00:00,2025-11-26 18:35:00+00:00,SHORT,89771.4,89838.9,-0.000751344907384266,-0.002151344907384266,6700.016904482995,6685.602857236147
2025-11-27 01:55:00+00:00,2025-11-27 02:25:00+00:00,SHORT,91141.9,91464.0,-0.003521604128400302,-0.004921604128400302,6685.602857236147,6652.698966613129
2025-11-27 02:25:00+00:00,2025-11-27 02:55:00+00:00,SHORT,91464.0,91379.0,0.0009301918383872732,-0.00046980816161272683,6652.698966613129,6649.5734743418625
2025-11-27 13:15:00+00:00,2025-11-27 13:45:00+00:00,LONG,90583.1,90828.9,0.0027135304488363765,0.0013135304488363765,6649.5734743418625,6658.307891572184
2025-11-27 16:35:00+00:00,2025-11-27 17:05:00+00:00,SHORT,91543.8,91452.3,0.0010005215833828185,-0.0003994784166171815,6658.307891572184,6655.648041278309
2025-11-28 05:50:00+00:00,2025-11-28 06:20:00+00:00,SHORT,91683.9,91325.9,0.003920027067896292,0.002520027067896292,6655.648041278309,6672.4204544967215
2025-11-28 07:45:00+00:00,2025-11-28 08:15:00+00:00,LONG,90950.1,91130.0,0.001978007720717212,0.000578007720717212,6672.4204544967215,6676.277165035292
2025-11-28 13:45:00+00:00,2025-11-28 14:15:00+00:00,SHORT,92320.7,92363.8,-0.0004666330315556966,-0.0018666330315556966,6676.277165035292,6663.815005551216
2025-11-28 14:25:00+00:00,2025-11-28 14:55:00+00:00,SHORT,92958.0,92249.9,0.007675889079554521,0.006275889079554521,6663.815005551216,6705.636369372726
2025-11-28 16:25:00+00:00,2025-11-28 16:55:00+00:00,LONG,91184.9,90938.0,-0.002707685154011208,-0.004107685154011208,6705.636369372726,6678.091726410056
2025-11-29 12:05:00+00:00,2025-11-29 12:35:00+00:00,SHORT,90792.1,90592.2,0.0022065917374785027,0.0008065917374785027,6678.091726410056,6683.478220018702
2025-11-29 15:15:00+00:00,2025-11-29 15:45:00+00:00,SHORT,90926.1,91007.0,-0.0008889426088102281,-0.0022889426088102283,6683.478220018702,6668.180121945847
2025-11-29 17:30:00+00:00,2025-11-29 18:00:00+00:00,LONG,90474.9,90411.1,-0.0007051679526585142,-0.0021051679526585144,6668.180121945847,6654.142482850572
2025-11-30 03:05:00+00:00,2025-11-30 03:35:00+00:00,LONG,90631.6,90732.9,0.0011177117032026285,-0.0002822882967973715,6654.142482850572,6652.264096302441
2025-11-30 08:20:00+00:00,2025-11-30 08:50:00+00:00,SHORT,91310.9,91223.7,0.0009558919447467673,-0.0004441080552532327,6652.264096302441,6649.3097722316015
2025-11-30 13:15:00+00:00,2025-11-30 13:45:00+00:00,SHORT,91717.8,91645.5,0.0007889094390887141,-0.0006110905609112858,6649.3097722316015,6645.246441793216
2025-11-30 21:15:00+00:00,2025-11-30 21:45:00+00:00,LONG,91064.5,91105.9,0.0004546228222852555,-0.0009453771777147445,6645.246441793216,6638.964177466855
2025-11-30 23:25:00+00:00,2025-11-30 23:55:00+00:00,LONG,90660.9,90367.3,-0.0032384412685070307,-0.004638441268507031,6638.964177466855,6608.169732045953
2025-12-01 00:00:00+00:00,2025-12-01 00:30:00+00:00,LONG,89817.9,87949.9,-0.020797636105943207,-0.022197636105943205,6608.169732045953,6461.48398500769
2025-12-01 00:30:00+00:00,2025-12-01 01:00:00+00:00,LONG,87949.9,87450.7,-0.005675958699214001,-0.007075958699214001,6461.48398500769,6415.762791194143
2025-12-01 01:50:00+00:00,2025-12-01 02:20:00+00:00,LONG,87185.6,87139.5,-0.0005287570424474808,-0.0019287570424474808,6415.762791194143,6403.388343527955
2025-12-01 02:35:00+00:00,2025-12-01 03:05:00+00:00,LONG,86686.1,86471.0,-0.002481366678164121,-0.003881366678164121,6403.388343527955,6378.534445384042
2025-12-01 11:55:00+00:00,2025-12-01 12:25:00+00:00,LONG,86145.8,85837.0,-0.003584620492235291,-0.004984620492235291,6378.534445384042,6346.739871877152
2025-12-01 12:25:00+00:00,2025-12-01 12:55:00+00:00,LONG,85837.0,85432.0,-0.004718245045842728,-0.0061182450458427285,6346.739871877152,6307.908962098787
2025-12-01 15:30:00+00:00,2025-12-01 16:00:00+00:00,LONG,84423.1,84513.9,0.0010755350135209785,-0.0003244649864790215,6307.908962098787,6305.862266502689
2025-12-01 21:30:00+00:00,2025-12-01 22:00:00+00:00,SHORT,86440.2,86634.1,-0.002238148719730604,-0.003638148719730604,6305.862266502689,6282.920601771015
2025-12-02 14:05:00+00:00,2025-12-02 14:35:00+00:00,SHORT,88095.5,88622.8,-0.005949936133816558,-0.007349936133816558,6282.920601771015,6236.741536614158
2025-12-02 14:35:00+00:00,2025-12-02 15:05:00+00:00,SHORT,88622.8,90065.6,-0.016019434723135162,-0.01741943472313516,6236.741536614158,6128.101024532042
2025-12-02 15:10:00+00:00,2025-12-02 15:40:00+00:00,SHORT,90654.0,90541.9,0.0012381008129938031,-0.00016189918700619684,6128.101024532042,6127.108889958279
2025-12-02 17:20:00+00:00,2025-12-02 17:50:00+00:00,SHORT,91683.0,91656.8,0.0002858489495596306,-0.0011141510504403694,6127.108889958279,6120.2823651523695
2025-12-02 20:35:00+00:00,2025-12-02 21:05:00+00:00,LONG,90739.2,91255.8,0.005693239526026295,0.0042932395260262945,6120.2823651523695,6146.558203312883
2025-12-03 02:10:00+00:00,2025-12-03 02:40:00+00:00,SHORT,92879.1,92664.0,0.0023212898212898736,0.0009212898212898736,6146.558203312883,6152.22096482156
2025-12-03 05:05:00+00:00,2025-12-03 05:35:00+00:00,SHORT,93505.0,93604.8,-0.0010661846401039954,-0.0024661846401039956,6152.22096482156,6137.048451975592
2025-12-03 14:00:00+00:00,2025-12-03 14:30:00+00:00,LONG,91753.1,92192.7,0.004791118774188474,0.003391118774188474,6137.048451975592,6157.85991219919
2025-12-03 21:55:00+00:00,2025-12-03 22:25:00+00:00,SHORT,93699.5,93410.3,0.003096018319178828,0.0016960183191788282,6157.85991219919,6168.303755417216
2025-12-04 00:30:00+00:00,2025-12-04 01:00:00+00:00,LONG,92675.1,93229.6,0.005983268429168076,0.004583268429168076,6168.303755417216,6196.574747280938
2025-12-04 11:30:00+00:00,2025-12-04 12:00:00+00:00,LONG,92770.3,92993.1,0.0024016306943062116,0.0010016306943062116,6196.574747280938,6202.781426747377
2025-12-04 14:50:00+00:00,2025-12-04 15:20:00+00:00,LONG,91978.2,92606.9,0.006835315324718261,0.0054353153247182606,6202.781426747377,6236.495499692054
2025-12-04 19:10:00+00:00,2025-12-04 19:40:00+00:00,LONG,91293.0,91931.7,0.006996155236436596,0.005596155236436596,6236.495499692054,6271.3958966396685
2025-12-05 04:40:00+00:00,2025-12-05 05:10:00+00:00,LONG,91863.1,92128.4,0.0028879931114886848,0.0014879931114886848,6271.3958966396685,6280.7276905332865
2025-12-05 09:15:00+00:00,2025-12-05 09:45:00+00:00,LONG,91390.0,91144.9,-0.002681912681912757,-0.004081912681912757,6280.7276905332865,6255.090308521659
2025-12-05 09:45:00+00:00,2025-12-05 10:15:00+00:00,LONG,91144.9,91253.9,0.0011958979602808562,-0.00020410203971914383,6255.090308521659,6253.813631831063
2025-12-05 13:40:00+00:00,2025-12-05 14:10:00+00:00,LONG,90420.1,90513.8,0.001036274014295513,-0.00036372598570448707,6253.813631831063,6251.538957303413
2025-12-05 16:05:00+00:00,2025-12-05 16:35:00+00:00,LONG,89491.1,88585.9,-0.010114972326857208,-0.011514972326857208,6251.538957303413,6179.552659209794
2025-12-05 16:40:00+00:00,2025-12-05 17:10:00+00:00,LONG,88391.7,88688.1,0.0033532560183819893,0.001953256018381989,6179.552659209794,6191.622907632303
2025-12-06 03:05:00+00:00,2025-12-06 03:35:00+00:00,SHORT,89702.9,89674.1,0.00032116296678741385,-0.0010788370332125861,6191.622907632303,6184.943155543862
2025-12-06 13:40:00+00:00,2025-12-06 14:10:00+00:00,SHORT,89782.1,89740.0,0.0004691330510364633,-0.0009308669489635367,6184.943155543862,6179.185796379149
2025-12-06 14:15:00+00:00,2025-12-06 14:45:00+00:00,SHORT,90072.9,90092.4,-0.00021644445036428372,-0.0016164444503642837,6179.185796379149,6169.197485790823
2025-12-06 14:45:00+00:00,2025-12-06 15:15:00+00:00,SHORT,90092.4,89543.7,0.006127734279463448,0.004727734279463448,6169.197485790823,6198.363812221175
2025-12-06 23:00:00+00:00,2025-12-06 23:30:00+00:00,LONG,89105.1,89047.4,-0.0006475499157737596,-0.00204754991577376,6198.363812221175,6185.672352919527
2025-12-07 12:45:00+00:00,2025-12-07 13:15:00+00:00,SHORT,89529.6,89343.7,0.002080728691558731,0.0006807286915587309,6185.672352919527,6189.88311756674
2025-12-07 13:20:00+00:00,2025-12-07 13:50:00+00:00,LONG,88925.9,89042.0,0.001305581388549415,-9.441861145058502e-05,6189.88311756674,6189.298677397738
2025-12-07 14:20:00+00:00,2025-12-07 14:50:00+00:00,LONG,88363.8,88097.0,-0.0030193359724230984,-0.004419335972423099,6189.298677397738,6161.946087108644
2025-12-07 17:15:00+00:00,2025-12-07 17:45:00+00:00,SHORT,90330.9,91080.1,-0.00822572658571974,-0.00962572658571974,6161.946087108644,6102.632878838191
2025-12-07 21:35:00+00:00,2025-12-07 22:05:00+00:00,LONG,90661.4,89334.5,-0.0146357766370252,-0.016035776637025198,6102.632878838191,6004.772421095376
2025-12-07 22:05:00+00:00,2025-12-07 22:35:00+00:00,LONG,89334.5,90102.3,0.008594663875658437,0.007194663875658437,6004.772421095376,6047.97474031498
2025-12-08 01:25:00+00:00,2025-12-08 01:55:00+00:00,SHORT,91141.8,90908.0,0.0025718308619704366,0.0011718308619704367,6047.97474031498,6055.061943768099
2025-12-08 09:05:00+00:00,2025-12-08 09:35:00+00:00,SHORT,92098.8,92029.3,0.0007551942696510938,-0.0006448057303489062,6055.061943768099,6051.1576051291395
2025-12-08 14:20:00+00:00,2025-12-08 14:50:00+00:00,LONG,91268.1,91334.1,0.0007231442311168568,-0.0006768557688831432,6051.1576051291395,6047.061844195687
2025-12-08 15:10:00+00:00,2025-12-08 15:40:00+00:00,LONG,90226.7,89694.0,-0.0059040173252484784,-0.007304017325248479,6047.061844195687,6002.893999718833
2025-12-08 21:30:00+00:00,2025-12-08 22:00:00+00:00,SHORT,91199.9,91262.5,-0.0006859334337762091,-0.0020859334337762093,6002.893999718833,5990.372362425404
2025-12-09 15:35:00+00:00,2025-12-09 16:05:00+00:00,SHORT,91595.1,93086.3,-0.016019543155115112,-0.01741954315511511,5990.372362425404,5886.022812542927
2025-12-09 16:10:00+00:00,2025-12-09 16:40:00+00:00,SHORT,93444.2,94239.0,-0.008433875571684735,-0.009833875571684735,5886.022812542927,5828.140396592282
2025-12-09 16:40:00+00:00,2025-12-09 17:10:00+00:00,SHORT,94239.0,94224.5,0.00015388778926928026,-0.0012461122107307197,5828.140396592282,5820.877879678235
2025-12-09 20:20:00+00:00,2025-12-09 20:50:00+00:00,LONG,92933.1,93065.9,0.0014289849364756968,2.8984936475696813e-05,5820.877879678235,5821.04659745381
2025-12-09 21:50:00+00:00,2025-12-09 22:20:00+00:00,LONG,92292.8,92581.2,0.0031248374737791185,0.0017248374737791185,5821.04659745381,5831.086956761713
2025-12-10 10:00:00+00:00,2025-12-10 10:30:00+00:00,SHORT,93126.4,92349.9,0.008408238666203216,0.007008238666203216,5831.086956761713,5871.952605838083
2025-12-10 20:10:00+00:00,2025-12-10 20:40:00+00:00,SHORT,94269.5,93698.8,0.00609079305177862,0.00469079305177862,5871.952605838083,5899.496720321921
2025-12-11 00:30:00+00:00,2025-12-11 01:00:00+00:00,LONG,91487.6,91266.1,-0.0024210931317467654,-0.0038210931317467656,5899.496720321921,5876.954193923137
2025-12-11 01:10:00+00:00,2025-12-11 01:40:00+00:00,LONG,90978.7,90996.9,0.00020004682414676012,-0.0011999531758532399,5876.954193923137,5869.902124073795
2025-12-11 01:55:00+00:00,2025-12-11 02:25:00+00:00,LONG,90673.8,90087.0,-0.006471549664842535,-0.007871549664842535,5869.902124073795,5823.696897976383
2025-12-11 03:10:00+00:00,2025-12-11 03:40:00+00:00,LONG,89631.9,89828.0,0.0021878371428030174,0.0007878371428030175,5823.696897976383,5828.285022701036
2025-12-11 18:40:00+00:00,2025-12-11 19:10:00+00:00,SHORT,91146.1,90792.8,0.0038912777224626716,0.0024912777224626714,5828.285022701036,5842.804899338254
2025-12-11 19:30:00+00:00,2025-12-11 20:00:00+00:00,SHORT,91314.0,91105.5,0.0022885555756786413,0.0008885555756786413,5842.804899338254,5847.996556209163
2025-12-11 21:05:00+00:00,2025-12-11 21:35:00+00:00,SHORT,92245.3,92989.0,-0.007997720160449084,-0.009397720160449085,5847.996556209163,5793.038721074639
2025-12-11 21:35:00+00:00,2025-12-11 22:05:00+00:00,SHORT,92989.0,92904.6,0.0009084587846026615,-0.0004915412153973385,5793.038721074639,5790.191203780839
2025-12-12 00:55:00+00:00,2025-12-12 01:25:00+00:00,LONG,91577.7,92100.8,0.0057120892968485215,0.004312089296848521,5790.191203780839,5815.159025297368
2025-12-12 15:20:00+00:00,2025-12-12 15:50:00+00:00,LONG,91527.0,90294.9,-0.01346160149464104,-0.01486160149464104,5815.159025297368,5728.736449235434
2025-12-12 15:55:00+00:00,2025-12-12 16:25:00+00:00,LONG,89941.4,90400.9,0.0051088820053946105,0.0037088820053946103,5728.736449235434,5749.983656765651
2025-12-13 14:25:00+00:00,2025-12-13 14:55:00+00:00,LONG,89964.0,90086.0,0.0013560979947535579,-4.390200524644213e-05,5749.983656765651,5749.7312209529855
2025-12-13 21:25:00+00:00,2025-12-13 21:55:00+00:00,LONG,89964.9,90171.5,0.002296451171512448,0.0008964511715124481,5749.7312209529855,5754.88557424189
2025-12-14 10:10:00+00:00,2025-12-14 10:40:00+00:00,LONG,89806.1,89925.9,0.001333985107915714,-6.601489208428609e-05,5754.88557424189,5754.505666091749
2025-12-14 11:00:00+00:00,2025-12-14 11:30:00+00:00,LONG,89638.1,89493.3,-0.0016153845295694413,-0.0030153845295694415,5754.505666091749,5737.153618730897
2025-12-14 11:30:00+00:00,2025-12-14 12:00:00+00:00,LONG,89493.3,89169.9,-0.0036136783424011165,-0.005013678342401117,5737.153618730897,5708.3893758856375
2025-12-14 22:30:00+00:00,2025-12-14 23:00:00+00:00,LONG,88188.7,88337.0,0.0016816213415098424,0.00028162134150984245,5708.3893758856375,5709.996980159534
2025-12-15 01:30:00+00:00,2025-12-15 02:00:00+00:00,SHORT,89004.7,89474.0,-0.005245099134944309,-0.006645099134944309,5709.996980159534,5672.053484166142
2025-12-15 02:10:00+00:00,2025-12-15 02:40:00+00:00,SHORT,89527.9,89446.8,0.00090668419663964,-0.00049331580336036,5672.053484166142,5669.255370544898
2025-12-15 14:50:00+00:00,2025-12-15 15:20:00+00:00,LONG,88268.1,86702.9,-0.017732340449154504,-0.019132340449154503,5669.255370544898,5560.789246702436
2025-12-15 15:20:00+00:00,2025-12-15 15:50:00+00:00,LONG,86702.9,86908.7,0.0023736230276034664,0.0009736230276034665,5560.789246702436,5566.203359164675
2025-12-15 16:40:00+00:00,2025-12-15 17:10:00+00:00,LONG,86327.0,86219.6,-0.001244106710530768,-0.002644106710530768,5566.203359164675,5551.485723510529
2025-12-15 17:30:00+00:00,2025-12-15 18:00:00+00:00,LONG,85764.3,85651.9,-0.0013105686165456598,-0.00271056861654566,5551.485723510529,5536.43804053318
2025-12-15 18:30:00+00:00,2025-12-15 19:00:00+00:00,LONG,85353.1,86503.0,0.013472269899980072,0.012072269899980071,5536.43804053318,5603.275414843013
2025-12-16 04:45:00+00:00,2025-12-16 05:15:00+00:00,LONG,85400.9,85978.0,0.006757540025924769,0.0053575400259247685,5603.275414843013,5633.295187154315
2025-12-16 06:20:00+00:00,2025-12-16 06:50:00+00:00,SHORT,86374.9,86545.2,-0.001967757888363564,-0.003367757888363564,5633.295187154315,5614.323612850296
2025-12-16 06:50:00+00:00,2025-12-16 07:20:00+00:00,SHORT,86545.2,86166.3,0.004397310781593111,0.002997310781593111,5614.323612850296,5631.151485546445
2025-12-16 10:35:00+00:00,2025-12-16 11:05:00+00:00,SHORT,86766.4,86926.3,-0.0018394893145113889,-0.003239489314511389,5631.151485546445,5612.909430480622
2025-12-16 11:30:00+00:00,2025-12-16 12:00:00+00:00,SHORT,87199.9,87295.0,-0.0010894094736240145,-0.0024894094736240147,5612.909430480622,5598.93660056979
2025-12-16 15:50:00+00:00,2025-12-16 16:20:00+00:00,SHORT,87943.7,87965.6,-0.000248960957465294,-0.001648960957465294,5598.93660056979,5589.704172712128
2025-12-17 04:40:00+00:00,2025-12-17 05:10:00+00:00,LONG,86877.0,86629.9,-0.0028442510676013333,-0.0042442510676013335,5589.704172712128,5565.980064809519
2025-12-17 05:25:00+00:00,2025-12-17 05:55:00+00:00,LONG,86424.1,86636.7,0.0024599619781981996,0.0010599619781981996,5565.980064809519,5571.879792049625
2025-12-17 12:00:00+00:00,2025-12-17 12:30:00+00:00,SHORT,87175.2,87063.0,0.001288721959959993,-0.00011127804004000693,5571.879792049625,5571.259764187028
2025-12-17 14:00:00+00:00,2025-12-17 14:30:00+00:00,SHORT,87625.1,87609.5,0.00017806288130861603,-0.001221937118691384,5571.259764187028,5564.452035083296
2025-12-17 14:50:00+00:00,2025-12-17 15:20:00+00:00,SHORT,89301.5,89739.5,-0.004880793853319854,-0.006280793853319854,5564.452035083296,5529.502858944253
2025-12-17 19:05:00+00:00,2025-12-17 19:35:00+00:00,LONG,85386.7,85803.0,0.00487546655392479,0.0034754665539247897,5529.502858944253,5548.720461190344
2025-12-18 09:30:00+00:00,2025-12-18 10:00:00+00:00,SHORT,87251.9,87345.9,-0.0010761810228070434,-0.0024761810228070436,5548.720461190344,5534.980824883484
2025-12-18 13:05:00+00:00,2025-12-18 13:35:00+00:00,SHORT,87752.4,88271.5,-0.0058807202777794165,-0.007280720277779417,5534.980824883484,5494.682177754635
2025-12-18 13:35:00+00:00,2025-12-18 14:05:00+00:00,SHORT,88271.5,88852.9,-0.006543399258774785,-0.007943399258774785,5494.682177754635,5451.035723416656
2025-12-18 17:05:00+00:00,2025-12-18 17:35:00+00:00,LONG,86603.5,86144.6,-0.00529886205522867,-0.0066988620552286705,5451.035723416656,5414.519987047364
2025-12-18 19:40:00+00:00,2025-12-18 20:10:00+00:00,LONG,84698.4,85163.8,0.005494790928754378,0.004094790928754378,5414.519987047364,5436.691314373885
2025-12-19 03:10:00+00:00,2025-12-19 03:40:00+00:00,SHORT,86372.7,87057.8,-0.007869484411506034,-0.009269484411506034,5436.691314373885,5386.295988985126
2025-12-19 07:00:00+00:00,2025-12-19 07:30:00+00:00,SHORT,87760.8,87762.0,-1.3673343816189565e-05,-0.0014136733438161896,5386.295988985126,5378.681525923595
2025-12-19 17:30:00+00:00,2025-12-19 18:00:00+00:00,LONG,87032.8,87058.1,0.00029069500234402135,-0.0011093049976559786,5378.681525923595,5372.714927626088
2025-12-20 05:40:00+00:00,2025-12-20 06:10:00+00:00,SHORT,88515.1,88440.6,0.0008423732991409416,-0.0005576267008590584,5372.714927626088,5369.71895832634
2025-12-20 21:15:00+00:00,2025-12-20 21:45:00+00:00,SHORT,88414.7,88234.9,0.0020377424352495677,0.0006377424352495677,5369.71895832634,5373.143455971428
2025-12-21 01:35:00+00:00,2025-12-21 02:05:00+00:00,LONG,88122.2,88049.1,-0.0008295299027939462,-0.0022295299027939464,5373.143455971428,5361.163871964338
2025-12-21 02:15:00+00:00,2025-12-21 02:45:00+00:00,LONG,88015.6,87902.1,-0.0012895441262684715,-0.0026895441262684717,5361.163871964338,5346.744785162534
2025-12-21 08:30:00+00:00,2025-12-21 09:00:00+00:00,SHORT,88353.3,88736.2,-0.004315037155073087,-0.005715037155073087,5346.744785162534,5316.187940056637
2025-12-21 09:00:00+00:00,2025-12-21 09:30:00+00:00,SHORT,88736.2,88858.9,-0.001380840861185506,-0.0027808408611855063,5316.187940056637,5301.404467407186
2025-12-21 13:30:00+00:00,2025-12-21 14:00:00+00:00,LONG,88018.9,87840.0,-0.002032518016016893,-0.0034325180160168934,5301.404467407186,5283.207301062618
2025-12-21 14:00:00+00:00,2025-12-21 14:30:00+00:00,LONG,87840.0,87991.5,0.0017247267759563645,0.0003247267759563645,5283.207301062618,5284.922899936201
2025-12-21 23:00:00+00:00,2025-12-21 23:30:00+00:00,SHORT,88712.1,88367.6,0.0038984876810053137,0.0024984876810053135,5284.922899936201,5298.127214696754
2025-12-22 00:10:00+00:00,2025-12-22 00:40:00+00:00,SHORT,89486.2,89129.8,0.003998662624621563,0.0025986626246215627,5298.127214696754,5311.895259870076
2025-12-22 08:20:00+00:00,2025-12-22 08:50:00+00:00,SHORT,89619.3,89415.0,0.0022848515349773724,0.0008848515349773724,5311.895259870076,5316.5954985444105
2025-12-22 12:20:00+00:00,2025-12-22 12:50:00+00:00,SHORT,90201.8,90168.5,0.00036930857228423264,-0.0010306914277157673,5316.5954985444105,5311.115729139428
2025-12-22 19:00:00+00:00,2025-12-22 19:30:00+00:00,LONG,88795.8,88414.9,-0.004289617301719284,-0.005689617301719284,5311.115729139428,5280.897513195483
2025-12-22 19:30:00+00:00,2025-12-22 20:00:00+00:00,LONG,88414.9,88168.5,-0.0027868605857156448,-0.004186860585715645,5280.897513195483,5258.787131540282
2025-12-23 03:00:00+00:00,2025-12-23 03:30:00+00:00,LONG,88038.9,88261.9,0.0025329712206763055,0.0011329712206763055,5258.787131540282,5264.745186015979
2025-12-23 05:30:00+00:00,2025-12-23 06:00:00+00:00,LONG,87631.6,87672.3,0.0004644443328662984,-0.0009355556671337016,5264.745186015979,5259.819723821187
2025-12-23 06:15:00+00:00,2025-12-23 06:45:00+00:00,LONG,87259.9,87337.9,0.0008938813819405755,-0.0005061186180594244,5259.819723821187,5257.157631131325
2025-12-23 14:50:00+00:00,2025-12-23 15:20:00+00:00,LONG,86964.4,87264.0,0.0034450878750384994,0.0020450878750384992,5257.157631131325,5267.908980459917
2025-12-24 02:40:00+00:00,2025-12-24 03:10:00+00:00,LONG,87093.9,87040.4,-0.0006142795304837634,-0.0020142795304837636,5267.908980459917,5257.297939232125
2025-12-24 05:40:00+00:00,2025-12-24 06:10:00+00:00,LONG,86839.0,86871.9,0.00037886203203618685,-0.0010211379679638131,5257.297939232125,5251.929512697478
2025-12-24 14:35:00+00:00,2025-12-24 15:05:00+00:00,LONG,86636.6,86908.1,0.003133779488114774,0.001733779488114774,5251.929512697478,5261.035200359616
2025-12-24 22:05:00+00:00,2025-12-24 22:35:00+00:00,SHORT,87840.3,87961.2,-0.0013744696525285205,-0.0027744696525285207,5261.035200359616,5246.438617855334
2025-12-24 22:35:00+00:00,2025-12-24 23:05:00+00:00,SHORT,87961.2,87811.0,0.0017104918518180412,0.0003104918518180412,5246.438617855334,5248.067594297241
2025-12-25 08:20:00+00:00,2025-12-25 08:50:00+00:00,LONG,87378.6,87554.0,0.0020073564923217546,0.0006073564923217546,5248.067594297241,5251.2550422227805
2025-12-25 10:35:00+00:00,2025-12-25 11:05:00+00:00,LONG,87285.9,87491.0,0.0023497495013513614,0.0009497495013513614,5251.2550422227805,5256.2424190806005
2025-12-25 15:25:00+00:00,2025-12-25 15:55:00+00:00,SHORT,88075.4,88367.1,-0.003301002296103528,-0.004701002296103528,5256.2424190806005,5231.532811399626
2025-12-25 15:55:00+00:00,2025-12-25 16:25:00+00:00,SHORT,88367.1,88419.8,-0.0005960203483834636,-0.001996020348383464,5231.532811399626,5221.090565454837
2025-12-25 20:25:00+00:00,2025-12-25 20:55:00+00:00,LONG,87758.9,87882.2,0.001404985705153683,4.985705153682943e-06,5221.090565454837,5221.1165962729765
2025-12-25 22:45:00+00:00,2025-12-25 23:15:00+00:00,LONG,87405.0,87684.9,0.0032023339625879554,0.0018023339625879555,5221.1165962729765,5230.526792037071
2025-12-25 23:30:00+00:00,2025-12-26 00:00:00+00:00,LONG,87186.1,87251.9,0.0007547074591016667,-0.0006452925408983333,5230.526792037071,5227.151572113201
2025-12-26 02:10:00+00:00,2025-12-26 02:40:00+00:00,SHORT,88194.7,89216.0,-0.011447498206599738,-0.012847498206599738,5227.151572113201,5159.995751664852
2025-12-26 06:40:00+00:00,2025-12-26 07:10:00+00:00,SHORT,89248.1,89365.8,-0.0013170586510723448,-0.002717058651072345,5159.995751664852,5145.975740568295
2025-12-26 07:10:00+00:00,2025-12-26 07:40:00+00:00,SHORT,89365.8,88796.5,0.00641128873322705,0.005011288733227049,5145.975740568295,5171.7637108184645
2025-12-26 07:55:00+00:00,2025-12-26 08:25:00+00:00,LONG,88479.9,88726.0,0.002781422673398204,0.001381422673398204,5171.7637108184645,5178.908102470047
2025-12-26 14:40:00+00:00,2025-12-26 15:10:00+00:00,LONG,88397.0,86777.0,-0.01832641379232325,-0.019726413792323247,5178.908102470047,5076.746818248308
2025-12-26 15:10:00+00:00,2025-12-26 15:40:00+00:00,LONG,86777.0,87028.9,0.0029028429192066163,0.0015028429192066163,5076.746818248308,5084.376371256717
2025-12-26 20:40:00+00:00,2025-12-26 21:10:00+00:00,SHORT,87677.2,87649.9,0.0003114664135384082,-0.0010885335864615918,5084.376371256717,5078.8418568103925
2025-12-27 07:20:00+00:00,2025-12-27 07:50:00+00:00,SHORT,87710.2,87547.9,0.0018538422966170032,0.0004538422966170032,5078.8418568103925,5081.146850062842
2025-12-27 13:30:00+00:00,2025-12-27 14:00:00+00:00,LONG,87364.1,87427.9,0.0007302770817760873,-0.0006697229182239127,5081.146850062842,5077.743889566494
2025-12-27 22:10:00+00:00,2025-12-27 22:40:00+00:00,SHORT,87863.1,87573.4,0.0033080821345294886,0.0019080821345294886,5077.743889566494,5087.432641965891
2025-12-27 23:50:00+00:00,2025-12-28 00:20:00+00:00,SHORT,87871.3,87774.5,0.0011028259916034955,-0.0002971740083965045,5087.432641965891,5085.920789215231
2025-12-28 18:00:00+00:00,2025-12-28 18:30:00+00:00,LONG,87660.7,87732.9,0.0008236302014470454,-0.0005763697985529546,5085.920789215231,5082.989418074495
2025-12-28 22:45:00+00:00,2025-12-28 23:15:00+00:00,SHORT,87822.6,87795.0,0.000314368699812162,-0.001085631300187838,5082.989418074495,5077.47116566371
2025-12-29 00:30:00+00:00,2025-12-29 01:00:00+00:00,SHORT,88120.7,88071.3,0.000560909172454549,-0.000839090827545451,5077.47116566371,5073.210706181475
2025-12-29 02:00:00+00:00,2025-12-29 02:30:00+00:00,SHORT,88868.8,89090.8,-0.002491839785926264,-0.0038918397859262644,5073.210706181475,5053.466582912771
2025-12-29 03:40:00+00:00,2025-12-29 04:10:00+00:00,SHORT,89983.0,90058.0,-0.0008327966421639577,-0.002232796642163958,5053.466582912771,5042.1832196951555
2025-12-29 09:30:00+00:00,2025-12-29 10:00:00+00:00,LONG,88717.0,88074.2,-0.007245511006909622,-0.008645511006909622,5042.1832196951555,4998.590969170426
2025-12-29 11:45:00+00:00,2025-12-29 12:15:00+00:00,LONG,87653.3,86947.7,-0.00804989658118982,-0.00944989658118982,4998.590969170426,4951.3548014600965
2025-12-29 14:30:00+00:00,2025-12-29 15:00:00+00:00,SHORT,87965.0,87299.0,0.007628953367163405,0.0062289533671634045,4951.3548014600965,4982.196559622672
2025-12-29 20:45:00+00:00,2025-12-29 21:15:00+00:00,LONG,87130.9,87328.4,0.002266704464202629,0.0008667044642026291,4982.196559622672,4986.514651622431
2025-12-30 08:00:00+00:00,2025-12-30 08:30:00+00:00,SHORT,87717.9,87820.0,-0.0011626053290823002,-0.0025626053290823004,4986.514651622431,4973.736182602637
2025-12-30 14:50:00+00:00,2025-12-30 15:20:00+00:00,SHORT,88867.1,88318.8,0.006208191234482463,0.004808191234482463,4973.736182602637,4997.650857318456
2025-12-30 15:50:00+00:00,2025-12-30 16:20:00+00:00,SHORT,89018.0,89272.8,-0.0028541728275578437,-0.004254172827557844,4997.650857318456,4976.38998683963
2025-12-31 10:10:00+00:00,2025-12-31 10:40:00+00:00,SHORT,88800.1,88756.9,0.0004867227224025772,-0.0009132772775974228,4976.38998683963,4971.845162940186
2025-12-31 14:45:00+00:00,2025-12-31 15:15:00+00:00,LONG,88340.0,88051.1,-0.0032703192211908094,-0.00467031922119081,4971.845162940186,4948.625058910922
2025-12-31 15:15:00+00:00,2025-12-31 15:45:00+00:00,LONG,88051.1,88142.7,0.0010403050047074203,-0.0003596949952925797,4948.625058910922,4946.8450632436525
2025-12-31 16:40:00+00:00,2025-12-31 17:10:00+00:00,LONG,87459.9,87533.9,0.0008461020421930421,-0.0005538979578069579,4946.8450632436525,4944.105015865534
2026-01-01 01:05:00+00:00,2026-01-01 01:35:00+00:00,SHORT,87950.9,87847.1,0.0011815984819076863,-0.00021840151809231364,4944.105015865534,4943.025215824462
2026-01-01 04:05:00+00:00,2026-01-01 04:35:00+00:00,LONG,87705.9,87614.2,-0.0010455396957330665,-0.0024455396957330667,4943.025215824462,4930.936851442154
2026-01-01 11:55:00+00:00,2026-01-01 12:25:00+00:00,SHORT,88022.1,88002.7,0.0002204477817158157,-0.0011795522182841843,4930.936851442154,4925.1205539408165
2026-01-01 17:20:00+00:00,2026-01-01 17:50:00+00:00,SHORT,88199.9,88385.1,-0.002095375804292976,-0.003495375804292976,4925.1205539408165,4907.905406723346
2026-01-01 19:50:00+00:00,2026-01-01 20:20:00+00:00,SHORT,88394.1,88338.1,0.0006339280559577443,-0.0007660719440422557,4907.905406723346,4904.1455980872415
2026-01-01 22:05:00+00:00,2026-01-01 22:35:00+00:00,SHORT,88533.3,88494.1,0.0004429673842663018,-0.0009570326157336982,4904.1455980872415,4899.4521707975655
2026-01-01 22:45:00+00:00,2026-01-01 23:15:00+00:00,SHORT,88612.8,88690.1,-0.0008715741666770471,-0.0022715741666770473,4899.4521707975655,4888.322701815512
2026-01-02 09:45:00+00:00,2026-01-02 10:15:00+00:00,SHORT,89472.9,89871.2,-0.004431898094161446,-0.005831898094161446,4888.322701815512,4859.814501967148
2026-01-02 10:15:00+00:00,2026-01-02 10:45:00+00:00,SHORT,89871.2,89747.5,0.0013783113735759134,-2.1688626424086607e-05,4859.814501967148,4859.709099265925
2026-01-02 14:15:00+00:00,2026-01-02 14:45:00+00:00,LONG,88832.1,89800.0,0.010895836077273735,0.009495836077273735,4859.709099265925,4905.85610025579
2026-01-02 16:30:00+00:00,2026-01-02 17:00:00+00:00,SHORT,90744.2,90652.6,0.0010104508861299433,-0.0003895491138700567,4905.85610025579,4903.945028359161
2026-01-03 07:10:00+00:00,2026-01-03 07:40:00+00:00,LONG,89769.9,89564.9,-0.002283616223255236,-0.003683616223255236,4903.945028359161,4885.880776894746
2026-01-03 12:55:00+00:00,2026-01-03 13:25:00+00:00,SHORT,90039.4,89970.9,0.000761357283299402,-0.000638642716700598,4885.880776894746,4882.7604447219155
2026-01-03 20:45:00+00:00,2026-01-03 21:15:00+00:00,SHORT,90350.0,90411.8,-0.0006835390955605147,-0.002083539095560515,4882.7604447219155,4872.587022441081
2026-01-03 21:30:00+00:00,2026-01-03 22:00:00+00:00,SHORT,90580.7,90523.6,0.0006307747371954164,-0.0007692252628045836,4872.587022441081,4868.838905408205
2026-01-04 00:00:00+00:00,2026-01-04 00:30:00+00:00,SHORT,90937.1,91242.8,-0.0033504013467363647,-0.004750401346736365,4868.838905408205,4845.709966514912
2026-01-04 06:05:00+00:00,2026-01-04 06:35:00+00:00,SHORT,91707.1,91496.0,0.0023072046865437734,0.0009072046865437734,4845.709966514912,4850.106017306166
2026-01-04 18:30:00+00:00,2026-01-04 19:00:00+00:00,LONG,91125.7,91101.7,-0.0002633724624337974,-0.0016633724624337974,4850.106017306166,4842.038484517095
2026-01-04 19:05:00+00:00,2026-01-04 19:35:00+00:00,LONG,90936.0,91100.9,0.001813363244479671,0.000413363244479671,4842.038484517095,4844.040005254949
2026-01-05 00:00:00+00:00,2026-01-05 00:30:00+00:00,SHORT,91835.2,91840.0,-5.2264808362401105e-05,-0.001452264808362401,4844.040005254949,4837.005176425018
2026-01-05 00:45:00+00:00,2026-01-05 01:15:00+00:00,SHORT,92284.4,92845.0,-0.006038020356508245,-0.007438020356508245,4837.005176425018,4801.027433458234
2026-01-05 01:30:00+00:00,2026-01-05 02:00:00+00:00,SHORT,92928.0,93045.1,-0.001258529465818281,-0.0026585294658182813,4801.027433458234,4788.263760560183
2026-01-05 10:50:00+00:00,2026-01-05 11:20:00+00:00,SHORT,93144.1,93111.1,0.00035441531675606264,-0.0010455846832439373,4788.263760560183,4783.257225312809
2026-01-05 17:55:00+00:00,2026-01-05 18:25:00+00:00,SHORT,94324.0,94036.5,0.003057323486093111,0.001657323486093111,4783.257225312809,4791.184629852344
2026-01-06 07:20:00+00:00,2026-01-06 07:50:00+00:00,LONG,93397.5,93300.1,-0.0010428544661259531,-0.0024428544661259533,4791.184629852344,4779.480463081276
2026-01-06 14:10:00+00:00,2026-01-06 14:40:00+00:00,SHORT,94104.2,94091.0,0.00014028971952684266,-0.0012597102804731573,4779.480463081276,4773.459702406612
2026-01-06 16:25:00+00:00,2026-01-06 16:55:00+00:00,LONG,92843.6,92685.1,-0.0017071720614021402,-0.0031071720614021404,4773.459702406612,4758.627741783066
2026-01-06 17:40:00+00:00,2026-01-06 18:10:00+00:00,LONG,92236.9,91835.0,-0.004357258320693669,-0.005757258320693669,4758.627741783066,4731.231092621602
2026-01-06 21:15:00+00:00,2026-01-06 21:45:00+00:00,SHORT,93718.0,93404.3,0.0033585177556065826,0.0019585177556065824,4731.231092621602,4740.497292722379
2026-01-07 00:55:00+00:00,2026-01-07 01:25:00+00:00,LONG,92706.0,92538.3,-0.001808944404892876,-0.003208944404892876,4740.497292722379,4725.285300458488
2026-01-07 09:10:00+00:00,2026-01-07 09:40:00+00:00,LONG,92282.9,91749.1,-0.0057843869232543366,-0.007184386923254337,4725.285300458488,4691.337022537228
2026-01-07 14:15:00+00:00,2026-01-07 14:45:00+00:00,LONG,91521.1,91859.9,0.0037018785831899326,0.0023018785831899324,4691.337022537228,4702.135910755932
2026-01-07 15:15:00+00:00,2026-01-07 15:45:00+00:00,LONG,91163.2,91478.9,0.0034630201660319493,0.002063020166031949,4702.135910755932,4711.836511963244
2026-01-08 06:05:00+00:00,2026-01-08 06:35:00+00:00,LONG,90575.3,90381.0,-0.0021451764443507493,-0.0035451764443507495,4711.836511963244,4695.1322201514
2026-01-08 06:45:00+00:00,2026-01-08 07:15:00+00:00,LONG,90228.1,90108.5,-0.0013255294082442637,-0.002725529408244264,4695.1322201514,4682.335499209783
2026-01-09 07:55:00+00:00,2026-01-09 08:25:00+00:00,LONG,90753.1,90678.9,-0.0008176029248588845,-0.0022176029248588847,4682.335499209783,4671.951938311565
2026-01-09 08:45:00+00:00,2026-01-09 09:15:00+00:00,LONG,89902.4,90163.9,0.0029087098898361585,0.0015087098898361585,4671.951938311565,4679.000558405734
2026-01-09 15:25:00+00:00,2026-01-09 15:55:00+00:00,SHORT,91681.7,91183.9,0.005459297090824267,0.004059297090824266,4679.000558405734,4697.994011760436
2026-01-09 19:30:00+00:00,2026-01-09 20:00:00+00:00,LONG,90291.2,90357.4,0.0007331833002550692,-0.0006668166997449308,4697.994011760436,4694.861310898093
2026-01-10 05:00:00+00:00,2026-01-10 05:30:00+00:00,LONG,90430.2,90536.3,0.0011732806075845925,-0.00022671939241540747,4694.861310898093,4693.796894794212
2026-01-10 17:55:00+00:00,2026-01-10 18:25:00+00:00,LONG,90542.0,90578.9,0.00040754566941303416,-0.0009924543305869658,4693.796894794212,4689.138515739078
2026-01-10 21:05:00+00:00,2026-01-10 21:35:00+00:00,LONG,90504.6,90517.2,0.00013921944298944666,-0.0012607805570105533,4689.138515739078,4683.226541069304
2026-01-10 22:05:00+00:00,2026-01-10 22:35:00+00:00,LONG,90400.1,90563.7,0.0018097325113577423,0.0004097325113577423,4683.226541069304,4685.145411241234
2026-01-11 04:55:00+00:00,2026-01-11 05:25:00+00:00,SHORT,90799.1,90759.9,0.0004319088055408926,-0.0009680911944591074,4685.145411241234,4680.609763223851
2026-01-11 12:15:00+00:00,2026-01-11 12:45:00+00:00,SHORT,90844.2,90987.7,-0.0015771362502843278,-0.002977136250284328,4680.609763223851,4666.674950224323
2026-01-11 12:45:00+00:00,2026-01-11 13:15:00+00:00,SHORT,90987.7,90936.9,0.0005586291153536482,-0.0008413708846463518,4666.674950224323,4662.748545793096
2026-01-11 14:50:00+00:00,2026-01-11 15:20:00+00:00,SHORT,91119.0,90990.9,0.0014078330910014536,7.83309100145361e-06,4662.748545793096,4662.785069526772
2026-01-11 20:00:00+00:00,2026-01-11 20:30:00+00:00,LONG,90638.0,90608.1,-0.00032988371323283694,-0.001729883713232837,4662.785069526772,4654.718993576692
2026-01-12 01:00:00+00:00,2026-01-12 01:30:00+00:00,SHORT,91634.0,91186.7,0.004905320622415443,0.003505320622415443,4654.718993576692,4671.035276056425
2026-01-12 02:45:00+00:00,2026-01-12 03:15:00+00:00,SHORT,92186.9,92454.1,-0.002890082754577805,-0.004290082754577805,4671.035276056425,4650.99614817259
2026-01-12 07:45:00+00:00,2026-01-12 08:15:00+00:00,LONG,91511.7,91553.1,0.00045240116837530486,-0.0009475988316246951,4650.99614817259,4646.588869656692
2026-01-12 08:35:00+00:00,2026-01-12 09:05:00+00:00,LONG,90791.0,90797.0,6.608584551326402e-05,-0.001333914154486736,4646.588869656692,4640.390718993376
2026-01-12 10:50:00+00:00,2026-01-12 11:20:00+00:00,LONG,90439.0,90700.1,0.0028870288260596233,0.0014870288260596233,4640.390718993376,4647.291113756699
2026-01-12 14:20:00+00:00,2026-01-12 14:50:00+00:00,LONG,90218.4,90802.7,0.006476505901235274,0.005076505901235274,4647.291113756699,4670.883114520443
2026-01-12 16:00:00+00:00,2026-01-12 16:30:00+00:00,SHORT,91789.0,92042.4,-0.002753079015757942,-0.004153079015757942,4670.883114520443,4651.4845678724705
2026-01-12 16:35:00+00:00,2026-01-12 17:05:00+00:00,SHORT,92063.7,92031.0,0.00035531505688291,-0.00104468494311709,4651.4845678724705,4646.625231981273
2026-01-12 21:50:00+00:00,2026-01-12 22:20:00+00:00,LONG,90964.4,91340.0,0.004129087862944303,0.0027290878629443027,4646.625231981273,4659.306280505523
2026-01-13 05:10:00+00:00,2026-01-13 05:40:00+00:00,SHORT,91748.3,91940.9,-0.002094823957563996,-0.003494823957563996,4659.306280505523,4643.022825290785
2026-01-13 09:20:00+00:00,2026-01-13 09:50:00+00:00,SHORT,92545.2,92249.3,0.003207612415487171,0.001807612415487171,4643.022825290785,4651.41561099517
2026-01-13 14:35:00+00:00,2026-01-13 15:05:00+00:00,SHORT,92725.3,92384.0,0.003694362660200845,0.002294362660200845,4651.41561099517,4662.087645290112
2026-01-13 15:55:00+00:00,2026-01-13 16:25:00+00:00,SHORT,93455.9,93193.9,0.0028113428024796328,0.0014113428024796328,4662.087645290112,4668.667449132821
2026-01-13 20:00:00+00:00,2026-01-13 20:30:00+00:00,SHORT,94270.8,94315.9,-0.0004781802432038962,-0.0018781802432038962,4668.667449132821,4659.898850167771
2026-01-13 22:10:00+00:00,2026-01-13 22:40:00+00:00,SHORT,95607.1,95577.1,0.0003138827187683102,-0.0010861172812316898,4659.898850167771,4654.837653497812
2026-01-13 22:40:00+00:00,2026-01-13 23:10:00+00:00,SHORT,95577.1,95727.8,-0.001574255336485253,-0.002974255336485253,4654.837653497812,4640.992977766425
2026-01-14 14:15:00+00:00,2026-01-14 14:45:00+00:00,SHORT,95640.5,96602.2,-0.009955259818099305,-0.011355259818099305,4640.992977766425,4588.2932966899125
2026-01-14 14:45:00+00:00,2026-01-14 15:15:00+00:00,SHORT,96602.2,96897.1,-0.0030434347364369785,-0.004443434736436979,4588.2932966899125,4567.90551487444
2026-01-14 16:05:00+00:00,2026-01-14 16:35:00+00:00,SHORT,97229.0,97458.5,-0.0023548484739658315,-0.0037548484739658317,4567.90551487444,4550.7537218226935
2026-01-15 09:40:00+00:00,2026-01-15 10:10:00+00:00,SHORT,97079.1,96865.5,0.0022051194697803034,0.0008051194697803034,4550.7537218226935,4554.4176222463075
2026-01-15 14:35:00+00:00,2026-01-15 15:05:00+00:00,LONG,96201.4,96332.2,0.0013596475726964652,-4.0352427303534796e-05,4554.4176222463075,4554.233840440296
2026-01-16 20:55:00+00:00,2026-01-16 21:25:00+00:00,SHORT,95567.2,95431.1,0.0014261598158251676,2.6159815825167613e-05,4554.233840440296,4554.3529783587865
2026-01-17 02:05:00+00:00,2026-01-17 02:35:00+00:00,LONG,95289.8,95317.4,0.00028964275294929287,-0.0011103572470507071,4554.3529783587865,4549.296019523639
2026-01-17 22:10:00+00:00,2026-01-17 22:40:00+00:00,LONG,95190.2,95143.7,-0.0004884956644696237,-0.0018884956644696237,4549.296019523639,4540.7046937143805
2026-01-18 01:05:00+00:00,2026-01-18 01:35:00+00:00,LONG,94900.4,95007.1,0.0011243366729751791,-0.00027566332702482084,4540.7046937143805,4539.452987951474
2026-01-18 13:20:00+00:00,2026-01-18 13:50:00+00:00,LONG,94959.0,95159.7,0.0021135437399297796,0.0007135437399297796,4539.452987951474,4542.692086213732
2026-01-18 23:00:00+00:00,2026-01-18 23:30:00+00:00,LONG,95032.1,94592.8,-0.004622648557697895,-0.006022648557697895,4542.692086213732,4515.3330482726315
2026-01-18 23:30:00+00:00,2026-01-19 00:00:00+00:00,LONG,94592.8,92972.4,-0.0171302678427957,-0.018530267842795697,4515.3330482726315,4431.662717488713
2026-01-19 00:00:00+00:00,2026-01-19 00:30:00+00:00,LONG,92972.4,92553.9,-0.004501335880325752,-0.005901335880325752,4431.662717488713,4405.509987284495
2026-01-19 08:20:00+00:00,2026-01-19 08:50:00+00:00,SHORT,93196.0,93262.1,-0.000708755217821655,-0.002108755217821655,4405.509987284495,4396.219845111644
2026-01-19 22:10:00+00:00,2026-01-19 22:40:00+00:00,LONG,92830.0,92817.0,-0.00014004093504249582,-0.0015400409350424958,4396.219845111644,4389.449486590725
2026-01-19 23:00:00+00:00,2026-01-19 23:30:00+00:00,LONG,92531.8,92676.5,0.001563786719808835,0.00016378671980883512,4389.449486590725,4390.1684201239
2026-01-20 04:55:00+00:00,2026-01-20 05:25:00+00:00,LONG,92069.5,91734.0,-0.003643986336408944,-0.005043986336408944,4390.1684201239,4368.024470598261
2026-01-20 06:15:00+00:00,2026-01-20 06:45:00+00:00,LONG,90922.2,90975.8,0.0005895149919381559,-0.0008104850080618441,4368.024470598261,4364.484252249995
2026-01-20 15:05:00+00:00,2026-01-20 15:35:00+00:00,LONG,89952.1,90592.5,0.007119344628974789,0.005719344628974788,4364.484252249995,4389.446241816346
2026-01-20 22:30:00+00:00,2026-01-20 23:00:00+00:00,LONG,88218.3,88149.0,-0.0007855512971798317,-0.002185551297179832,4389.446241816346,4379.852881888643
2026-01-21 03:40:00+00:00,2026-01-21 04:10:00+00:00,SHORT,89548.5,89349.1,0.002231695674606682,0.0008316956746066818,4379.852881888643,4383.495586585924
2026-01-21 05:35:00+00:00,2026-01-21 06:05:00+00:00,SHORT,89836.1,89811.0,0.0002794757880437704,-0.0011205242119562296,4383.495586585924,4378.583773648151
2026-01-21 07:50:00+00:00,2026-01-21 08:20:00+00:00,LONG,89114.0,89337.0,0.002502412639989293,0.0011024126399892932,4378.583773648151,4383.410779745473
2026-01-21 11:55:00+00:00,2026-01-21 12:25:00+00:00,LONG,88792.2,88353.0,-0.004946380425307595,-0.006346380425307595,4383.410779745473,4355.591987376813
2026-01-21 14:30:00+00:00,2026-01-21 15:00:00+00:00,SHORT,89937.6,89760.8,0.0019696794146220054,0.0005696794146220054,4355.591987376813,4358.073278470514
2026-01-21 15:05:00+00:00,2026-01-21 15:35:00+00:00,SHORT,90137.9,90005.7,0.001468795865150696,6.879586515069606e-05,4358.073278470514,4358.373095892096
2026-01-21 16:55:00+00:00,2026-01-21 17:25:00+00:00,LONG,87595.4,87773.8,0.00203663662703768,0.0006366366270376801,4358.373095892096,4361.147795839236
2026-01-21 19:25:00+00:00,2026-01-21 19:55:00+00:00,SHORT,89646.2,90358.0,-0.007877553730715636,-0.009277553730715636,4361.147795839236,4320.687012835746
2026-01-22 13:40:00+00:00,2026-01-22 14:10:00+00:00,LONG,89612.1,89696.6,0.0009429530163895805,-0.0004570469836104195,4320.687012835746,4318.7122558694045
2026-01-22 14:45:00+00:00,2026-01-22 15:15:00+00:00,LONG,89099.9,89200.0,0.0011234580510190995,-0.00027654194898090053,4318.7122558694045,4317.517950765079
2026-01-22 15:25:00+00:00,2026-01-22 15:55:00+00:00,LONG,88664.1,89003.2,0.0038245468007906958,0.0024245468007906956,4317.517950765079,4327.985975099963
2026-01-23 01:55:00+00:00,2026-01-23 02:25:00+00:00,SHORT,89942.9,89768.7,0.0019405427504242123,0.0005405427504242123,4327.985975099963,4330.325436542741
2026-01-23 04:10:00+00:00,2026-01-23 04:40:00+00:00,SHORT,90074.5,89985.9,0.0009845986982406352,-0.0004154013017593648,4330.325436542741,4328.526613719359
2026-01-23 05:20:00+00:00,2026-01-23 05:50:00+00:00,LONG,89648.6,89566.2,-0.0009191443034247682,-0.0023191443034247684,4328.526613719359,4318.48813588093
2026-01-23 08:30:00+00:00,2026-01-23 09:00:00+00:00,LONG,89215.9,89317.4,0.0011376895822381439,-0.0002623104177618561,4318.48813588093,4317.355351453907
2026-01-23 14:20:00+00:00,2026-01-23 14:50:00+00:00,SHORT,89610.7,88924.1,0.00772119144303951,0.00632119144303951,4317.355351453907,4344.646181158078
2026-01-23 17:25:00+00:00,2026-01-23 17:55:00+00:00,SHORT,90976.2,90612.0,0.004019335187392281,0.002619335187392281,4344.646181158078,4356.026265777155
2026-01-24 03:00:00+00:00,2026-01-24 03:30:00+00:00,SHORT,89825.0,89877.1,-0.0005796804747817408,-0.001979680474781741,4356.026265777155,4347.402725631159
2026-01-24 07:15:00+00:00,2026-01-24 07:45:00+00:00,LONG,89585.1,89648.3,0.0007054744594803264,-0.0006945255405196736,4347.402725631159,4344.383343403284
2026-01-24 13:55:00+00:00,2026-01-24 14:25:00+00:00,LONG,89370.4,89481.9,0.001247616660549733,-0.00015238333945026702,4344.383343403284,4343.721331761564
2026-01-24 15:35:00+00:00,2026-01-24 16:05:00+00:00,LONG,89362.1,89336.9,-0.000281998744434242,-0.001681998744434242,4343.721331761564,4336.415197935369
2026-01-24 22:10:00+00:00,2026-01-24 22:40:00+00:00,SHORT,89481.6,89303.3,0.0019965667562116263,0.0005965667562116263,4336.415197935369,4339.002159083588
2026-01-25 03:30:00+00:00,2026-01-25 04:00:00+00:00,LONG,88880.0,89010.8,0.001471647164716483,7.164716471648306e-05,4339.002159083588,4339.313036285985
2026-01-25 06:10:00+00:00,2026-01-25 06:40:00+00:00,LONG,88703.4,88843.0,0.0015737840939580305,0.00017378409395803055,4339.313036285985,4340.067139870395
2026-01-25 08:35:00+00:00,2026-01-25 09:05:00+00:00,LONG,88435.9,88358.7,-0.000872948655466832,-0.002272948655466832,4340.067139870395,4330.202390100191
2026-01-25 15:50:00+00:00,2026-01-25 16:20:00+00:00,LONG,88412.9,87932.1,-0.00543812045527281,-0.00683812045527281,4330.202390100191,4300.591944560976
2026-01-25 16:20:00+00:00,2026-01-25 16:50:00+00:00,LONG,87932.1,88019.9,0.0009984977044785737,-0.0004015022955214263,4300.591944560976,4298.8652470231345
2026-01-25 18:25:00+00:00,2026-01-25 18:55:00+00:00,LONG,87537.9,87419.5,-0.0013525570067364212,-0.0027525570067364214,4298.8652470231345,4287.032375366425
2026-01-25 19:20:00+00:00,2026-01-25 19:50:00+00:00,LONG,86744.6,86516.0,-0.0026353225445734374,-0.004035322544573438,4287.032375366425,4269.732816972793
2026-01-25 19:50:00+00:00,2026-01-25 20:20:00+00:00,LONG,86516.0,86362.2,-0.0017777058578760663,-0.0031777058578760665,4269.732816972793,4256.164861988734
2026-01-26 01:20:00+00:00,2026-01-26 01:50:00+00:00,SHORT,87615.3,87587.0,0.00032310731044571384,-0.0010768926895542862,4256.164861988734,4251.5814291633205
2026-01-26 15:10:00+00:00,2026-01-26 15:40:00+00:00,SHORT,88712.5,87473.3,0.014166608553695781,0.01276660855369578,4251.5814291633205,4305.8597050036105
2026-01-26 23:30:00+00:00,2026-01-27 00:00:00+00:00,SHORT,88550.1,88275.2,0.003114124918436989,0.001714124918436989,4305.8597050036105,4313.24048641925
2026-01-27 20:15:00+00:00,2026-01-27 20:45:00+00:00,SHORT,88877.6,89418.0,-0.00604352591200874,-0.0074435259120087405,4313.24048641925,4281.134769093864
2026-01-27 20:45:00+00:00,2026-01-27 21:15:00+00:00,SHORT,89418.0,89300.9,0.0013112969746105207,-8.870302538947924e-05,4281.134769093864,4280.755019487745
2026-01-28 11:45:00+00:00,2026-01-28 12:15:00+00:00,SHORT,89820.6,89864.1,-0.00048406427038161226,-0.0018840642703816122,4280.755019487745,4272.689801905271
2026-01-28 15:10:00+00:00,2026-01-28 15:40:00+00:00,LONG,89100.7,89498.0,0.004458999760944771,0.0030589997609447705,4272.689801905271,4285.759958987891
2026-01-28 17:50:00+00:00,2026-01-28 18:20:00+00:00,SHORT,90480.2,89909.6,0.006346374580689762,0.004946374580689762,4285.759958987891,4306.958933107966
2026-01-29 01:50:00+00:00,2026-01-29 02:20:00+00:00,LONG,88551.8,88697.0,0.0016397182214251682,0.00023971822142516822,4306.958933107966,4307.991389643162
2026-01-29 02:30:00+00:00,2026-01-29 03:00:00+00:00,LONG,88298.7,87994.0,-0.0034507869311778405,-0.004850786931177841,4307.991389643162,4287.094241310654
2026-01-29 14:55:00+00:00,2026-01-29 15:25:00+00:00,LONG,87008.5,85479.9,-0.01756839848980274,-0.018968398489802737,4287.094241310654,4205.774929378135
2026-01-29 15:35:00+00:00,2026-01-29 16:05:00+00:00,LONG,85126.9,84582.4,-0.006396333004021093,-0.007796333004021093,4205.774929378135,4172.985307488741
2026-01-29 16:10:00+00:00,2026-01-29 16:40:00+00:00,LONG,84779.9,84642.1,-0.0016253852623084875,-0.0030253852623084877,4172.985307488741,4160.360419239634
2026-01-29 18:30:00+00:00,2026-01-29 19:00:00+00:00,LONG,83870.0,83566.6,-0.0036175032788838823,-0.0050175032788838825,4160.360419239634,4139.48579719476
2026-01-30 01:15:00+00:00,2026-01-30 01:45:00+00:00,LONG,84003.1,82038.0,-0.023393184299150938,-0.024793184299150936,4139.48579719476,4036.854762921193
2026-01-30 01:45:00+00:00,2026-01-30 02:15:00+00:00,LONG,82038.0,81797.2,-0.002935225139569453,-0.004335225139569453,4036.854762921193,4019.3540886681867
2026-01-30 14:35:00+00:00,2026-01-30 15:05:00+00:00,SHORT,83462.6,83533.0,-0.0008427806974488083,-0.0022427806974488085,4019.3540886681867,4010.33955890191
2026-01-31 06:25:00+00:00,2026-01-31 06:55:00+00:00,LONG,83668.0,83787.0,0.0014222880910264024,2.2288091026402427e-05,4010.33955890191,4010.4289417150453
2026-01-31 07:35:00+00:00,2026-01-31 08:05:00+00:00,LONG,83470.1,83465.7,-5.271348662583275e-05,-0.0014527134866258327,4010.4289417150453,4004.6029375042613
2026-01-31 08:10:00+00:00,2026-01-31 08:40:00+00:00,LONG,83350.5,82797.9,-0.006629834254143763,-0.008029834254143763,4004.6029375042613,3972.446639662445
2026-01-31 13:30:00+00:00,2026-01-31 14:00:00+00:00,LONG,82540.2,82879.9,0.0041155703523858556,0.0027155703523858554,3972.446639662445,3983.2340979835467
2026-01-31 14:15:00+00:00,2026-01-31 14:45:00+00:00,LONG,82273.0,81099.9,-0.014258626766983196,-0.015658626766983194,3983.2340979835467,3920.8621219177016
2026-01-31 16:05:00+00:00,2026-01-31 16:35:00+00:00,LONG,80750.5,81041.0,0.003597500944266585,0.002197500944266585,3920.8621219177016,3929.4782201329544
2026-01-31 17:05:00+00:00,2026-01-31 17:35:00+00:00,LONG,79510.1,78811.7,-0.008783789732373704,-0.010183789732373704,3929.4782201329544,3889.4612401811787
2026-01-31 18:35:00+00:00,2026-01-31 19:05:00+00:00,LONG,77555.1,78353.1,0.01028945872031617,0.008889458720316169,3889.4612401811787,3924.0364453200386
2026-01-31 23:20:00+00:00,2026-01-31 23:50:00+00:00,SHORT,79201.0,78757.5,0.005631209726057795,0.004231209726057795,3924.0364453200386,3940.639866492882
2026-02-01 07:00:00+00:00,2026-02-01 07:30:00+00:00,LONG,78156.2,78267.0,0.0014176738377762454,1.7673837776245463e-05,3940.639866492882,3940.7095127226166
2026-02-01 14:25:00+00:00,2026-02-01 14:55:00+00:00,LONG,77854.0,78209.3,0.004563670460091984,0.003163670460091984,3940.7095127226166,3953.17661899982
2026-02-01 15:25:00+00:00,2026-02-01 15:55:00+00:00,LONG,76989.6,77600.9,0.007940033459064466,0.006540033459064466,3953.17661899982,3979.03052635767
2026-02-01 20:25:00+00:00,2026-02-01 20:55:00+00:00,LONG,76692.0,77111.2,0.005466019923851206,0.004066019923851206,3979.03052635767,3995.209343755452
2026-02-02 03:10:00+00:00,2026-02-02 03:40:00+00:00,LONG,75904.0,74651.2,-0.016505059021922452,-0.01790505902192245,3995.209343755452,3923.6748846505748
2026-02-03 02:50:00+00:00,2026-02-03 03:20:00+00:00,LONG,77965.5,78117.2,0.0019457324072826854,0.0005457324072826854,3923.6748846505748,3925.8161611907694
2026-02-03 14:55:00+00:00,2026-02-03 15:25:00+00:00,LONG,77206.1,77737.0,0.0068763996627208,0.0054763996627208,3925.8161611907694,3947.315499491818
2026-02-03 17:10:00+00:00,2026-02-03 17:40:00+00:00,LONG,75703.1,75153.5,-0.0072599404779990495,-0.00865994047799905,3947.315499491818,3913.131982218336
2026-02-03 18:05:00+00:00,2026-02-03 18:35:00+00:00,LONG,74871.2,74199.9,-0.008966064387908923,-0.010366064387908923,3913.131982218336,3872.5682041322752
2026-02-03 18:45:00+00:00,2026-02-03 19:15:00+00:00,LONG,73296.1,75009.9,0.02338187161390559,0.021981871613905593,3872.5682041322752,3957.6945012116034
2026-02-03 20:35:00+00:00,2026-02-03 21:05:00+00:00,SHORT,76438.0,76940.0,-0.006524564595788873,-0.007924564595788873,3957.6945012116034,3926.331495486354
2026-02-04 11:15:00+00:00,2026-02-04 11:45:00+00:00,LONG,75747.5,76166.7,0.005534176045413952,0.004134176045413952,3926.331495486354,3942.563641101348
2026-02-04 13:40:00+00:00,2026-02-04 14:10:00+00:00,LONG,75357.2,75352.0,-6.900468701065421e-05,-0.0014690046870106542,3942.563641101348,3936.771996633732
2026-02-04 21:45:00+00:00,2026-02-04 22:15:00+00:00,LONG,72237.0,72675.9,0.006075833714024537,0.0046758337140245364,3936.771996633732,3955.17968786002
2026-02-05 11:20:00+00:00,2026-02-05 11:50:00+00:00,LONG,70056.0,70256.1,0.0028562863994519017,0.0014562863994519017,3955.17968786002,3960.9395622468387
2026-02-05 12:15:00+00:00,2026-02-05 12:45:00+00:00,LONG,69466.0,69479.9,0.00020009788961505848,-0.0011999021103849415,3960.9395622468387,3956.1868225069916
2026-02-05 15:10:00+00:00,2026-02-05 15:40:00+00:00,LONG,68007.1,67519.1,-0.007175721358505194,-0.008575721358505194,3956.1868225069916,3922.259666674982
2026-02-05 20:15:00+00:00,2026-02-05 20:45:00+00:00,LONG,64261.9,63284.8,-0.015204965928489522,-0.01660496592848952,3922.259666674982,3857.130678547155
2026-02-05 20:50:00+00:00,2026-02-05 21:20:00+00:00,LONG,62551.7,63933.0,0.022082533328430687,0.02068253332843069,3857.130678547155,3936.905912358319
2026-02-06 00:05:00+00:00,2026-02-06 00:35:00+00:00,LONG,61429.0,63216.7,0.029101889986814067,0.02770188998681407,3936.905912358319,4045.9656468309067
2026-02-06 05:50:00+00:00,2026-02-06 06:20:00+00:00,SHORT,66817.0,65792.0,0.015579401750972721,0.014179401750972721,4045.9656468309067,4103.335019207956
2026-02-06 11:50:00+00:00,2026-02-06 12:20:00+00:00,SHORT,66523.4,66476.3,0.000708523187963106,-0.000691476812036894,4103.335019207956,4100.497658190155
2026-02-06 13:15:00+00:00,2026-02-06 13:45:00+00:00,SHORT,67241.3,67574.3,-0.0049279089831488765,-0.006327908983148877,4100.497658190155,4074.5500822235126
2026-02-06 17:25:00+00:00,2026-02-06 17:55:00+00:00,SHORT,70918.2,70756.7,0.0022824693633252124,0.0008824693633252125,4074.5500822235126,4078.1457478404086
2026-02-06 22:35:00+00:00,2026-02-06 23:05:00+00:00,SHORT,71246.4,71402.0,-0.002179210666367948,-0.003579210666367948,4078.1457478404086,4063.549205080735
2026-02-07 04:10:00+00:00,2026-02-07 04:40:00+00:00,SHORT,71219.6,70702.4,0.007315168933445193,0.005915168933445193,4063.549205080735,4087.5857850981542
2026-02-07 06:50:00+00:00,2026-02-07 07:20:00+00:00,LONG,69377.7,67800.9,-0.02272776410864019,-0.02412776410864019,4087.5857850981542,3988.9614795014754
2026-02-07 12:15:00+00:00,2026-02-07 12:45:00+00:00,SHORT,69868.9,69248.0,0.008966323937153353,0.007566323937153353,3988.9614795014754,4019.14325422821
2026-02-07 23:05:00+00:00,2026-02-07 23:35:00+00:00,LONG,68941.9,69245.9,0.004409510036712083,0.003009510036712083,4019.14325422821,4031.2389061907934
2026-02-08 08:20:00+00:00,2026-02-08 08:50:00+00:00,SHORT,70069.9,70570.6,-0.007095022573139653,-0.008495022573139653,4031.2389061907934,3996.993440684984
2026-02-08 11:45:00+00:00,2026-02-08 12:15:00+00:00,SHORT,70978.1,70827.8,0.0021220481223473975,0.0007220481223473975,3996.993440684984,3999.879462293865
2026-02-08 16:45:00+00:00,2026-02-08 17:15:00+00:00,LONG,70408.1,70790.5,0.005431193285999614,0.0040311932859996135,3999.879462293865,4016.0037495270712
2026-02-08 23:05:00+00:00,2026-02-08 23:35:00+00:00,SHORT,71926.8,70167.9,0.025067017824389914,0.023667017824389916,4016.0037495270712,4111.050581849945
2026-02-09 08:30:00+00:00,2026-02-09 09:00:00+00:00,LONG,69619.7,69920.0,0.004313434272195993,0.0029134342721959926,4111.050581849945,4123.027857509837
2026-02-09 10:15:00+00:00,2026-02-09 10:45:00+00:00,LONG,69231.1,68459.0,-0.011152502271378095,-0.012552502271378095,4123.027857509837,4071.27354096349
2026-02-09 17:40:00+00:00,2026-02-09 18:10:00+00:00,SHORT,70849.1,70545.8,0.004299334616660433,0.0028993346166604327,4071.27354096349,4083.077525274699
2026-02-10 03:15:00+00:00,2026-02-10 03:45:00+00:00,LONG,69571.8,69507.2,-0.0009285371371734463,-0.0023285371371734465,4083.077525274699,4073.569927623139
2026-02-10 06:40:00+00:00,2026-02-10 07:10:00+00:00,LONG,69033.1,69124.8,0.001328348285097869,-7.165171490213103e-05,4073.569927623139,4073.2780493520513
2026-02-10 14:15:00+00:00,2026-02-10 14:45:00+00:00,SHORT,69500.0,68032.7,0.02156756971279994,0.02016756971279994,4073.2780493520513,4155.426168371976
2026-02-11 03:15:00+00:00,2026-02-11 03:45:00+00:00,LONG,68103.5,68398.2,0.004327237219819757,0.002927237219819757,4155.426168371976,4167.5900865162475
2026-02-11 04:20:00+00:00,2026-02-11 04:50:00+00:00,LONG,67836.3,67449.5,-0.005701961928937793,-0.007101961928937793,4167.5900865162475,4137.99202038639
2026-02-11 06:10:00+00:00,2026-02-11 06:40:00+00:00,LONG,66917.3,66860.8,-0.0008443257573154117,-0.002244325757315412,4137.99202038639,4128.705018311472
2026-02-11 14:10:00+00:00,2026-02-11 14:40:00+00:00,SHORT,68450.1,67236.9,0.018043663524047293,0.016643663524047295,4128.705018311472,4197.421795426293
2026-02-11 15:05:00+00:00,2026-02-11 15:35:00+00:00,LONG,65952.4,66399.0,0.006771550390888059,0.005371550390888059,4197.421795426293,4219.968458112237
2026-02-11 21:25:00+00:00,2026-02-11 21:55:00+00:00,SHORT,68194.5,67809.9,0.005671738197519982,0.004271738197519982,4219.968458112237,4237.995058567085
2026-02-11 23:20:00+00:00,2026-02-11 23:50:00+00:00,LONG,66943.3,67026.1,0.0012368676178198257,-0.0001631323821801743,4237.995058567085,4237.303704337513
2026-02-12 05:10:00+00:00,2026-02-12 05:40:00+00:00,LONG,66809.9,67086.0,0.004132621063644759,0.002732621063644759,4237.303704337513,4248.882649693046
2026-02-12 10:55:00+00:00,2026-02-12 11:25:00+00:00,SHORT,68011.3,68213.0,-0.002956914371160857,-0.004356914371160857,4248.882649693046,4230.370631815223
2026-02-12 11:25:00+00:00,2026-02-12 11:55:00+00:00,SHORT,68213.0,68078.5,0.0019756604508032183,0.0005756604508032183,4230.370631815223,4232.805888880198
2026-02-12 16:20:00+00:00,2026-02-12 16:50:00+00:00,LONG,66285.3,65640.0,-0.009735190155283346,-0.011135190155283347,4232.805888880198,4185.672790417114
2026-02-12 16:50:00+00:00,2026-02-12 17:20:00+00:00,LONG,65640.0,66085.7,0.006790067032297342,0.005390067032297342,4185.672790417114,4208.2338473327245
2026-02-13 15:05:00+00:00,2026-02-13 15:35:00+00:00,SHORT,68266.3,68966.5,-0.010152755323236562,-0.011552755323236562,4208.2338473327245,4159.617151351527
2026-02-13 15:35:00+00:00,2026-02-13 16:05:00+00:00,SHORT,68966.5,69043.2,-0.0011108986837226054,-0.0025108986837226056,4159.617151351527,4149.172774121409
2026-02-14 07:40:00+00:00,2026-02-14 08:10:00+00:00,SHORT,69175.0,69566.8,-0.0056319968720711655,-0.007031996872071166,4149.172774121409,4119.995804152105
2026-02-14 11:10:00+00:00,2026-02-14 11:40:00+00:00,SHORT,70088.8,70304.9,-0.0030737544609265033,-0.0044737544609265035,4119.995804152105,4101.563954544281
2026-02-14 11:40:00+00:00,2026-02-14 12:10:00+00:00,SHORT,70304.9,70488.0,-0.00259760526614472,-0.00399760526614472,4101.563954544281,4085.1675208801657
2026-02-14 21:00:00+00:00,2026-02-14 21:30:00+00:00,SHORT,70178.8,69946.1,0.0033268473867735793,0.0019268473867735793,4085.1675208801657,4093.0390152423056
2026-02-15 04:05:00+00:00,2026-02-15 04:35:00+00:00,SHORT,70267.4,70209.9,0.0008189728229210935,-0.0005810271770789065,4093.0390152423056,4090.660848337606
2026-02-15 07:15:00+00:00,2026-02-15 07:45:00+00:00,SHORT,70785.0,70695.9,0.001260327685198126,-0.000139672314801874,4090.660848337606,4090.0894962678494
2026-02-15 12:50:00+00:00,2026-02-15 13:20:00+00:00,LONG,69606.4,69426.0,-0.0025917157043029437,-0.003991715704302944,4090.0894962678494,4073.7630217935925
2026-02-15 13:25:00+00:00,2026-02-15 13:55:00+00:00,LONG,69053.9,68934.1,-0.0017348766688048967,-0.003134876668804897,4073.7630217935925,4060.9922771423317
2026-02-15 17:45:00+00:00,2026-02-15 18:15:00+00:00,LONG,68294.5,68724.1,0.00629040405889203,0.004890404058892029,4060.9922771423317,4080.852170257597
2026-02-16 09:00:00+00:00,2026-02-16 09:30:00+00:00,SHORT,68959.5,68972.1,-0.00018268256294939889,-0.0015826825629493989,4080.852170257597,4074.3934766857565
2026-02-16 12:25:00+00:00,2026-02-16 12:55:00+00:00,SHORT,69508.7,69761.7,-0.0036266318051308977,-0.005026631805130898,4074.3934766857565,4053.9130008492302
2026-02-16 13:00:00+00:00,2026-02-16 13:30:00+00:00,SHORT,69932.0,68588.9,0.019581885698706447,0.01818188569870645,4053.9130008492302,4127.620783663171
2026-02-16 15:30:00+00:00,2026-02-16 16:00:00+00:00,LONG,67439.9,67674.0,0.0034712388363566937,0.0020712388363566935,4127.620783663171,4136.170072132047
2026-02-16 20:55:00+00:00,2026-02-16 21:25:00+00:00,SHORT,68531.0,68532.4,-2.0428293770469175e-05,-0.0014204282937704692,4136.170072132047,4130.294939133744
2026-02-16 21:55:00+00:00,2026-02-16 22:25:00+00:00,SHORT,68864.8,68604.6,0.0037927485912023773,0.002392748591202377,4130.294939133744,4140.177696530606
2026-02-17 05:20:00+00:00,2026-02-17 05:50:00+00:00,LONG,68024.8,68220.8,0.0028813021133469174,0.0014813021133469175,4140.177696530606,4146.3105505021085
2026-02-17 14:40:00+00:00,2026-02-17 15:10:00+00:00,LONG,67105.1,66811.0,-0.004382677322588124,-0.005782677322588125,4146.3105505021085,4122.333774509312
2026-02-18 01:00:00+00:00,2026-02-18 01:30:00+00:00,LONG,67151.1,66918.1,-0.0034697867942594662,-0.0048697867942594664,4122.333774509312,4102.258887932677
2026-02-18 01:30:00+00:00,2026-02-18 02:00:00+00:00,LONG,66918.1,67239.8,0.004807369007786999,0.003407369007786999,4102.258887932677,4116.236797729337
2026-02-18 04:50:00+00:00,2026-02-18 05:20:00+00:00,SHORT,67851.7,67908.1,-0.0008305342072596478,-0.002230534207259648,4116.236797729337,4107.055390746821
2026-02-18 07:45:00+00:00,2026-02-18 08:15:00+00:00,SHORT,68177.0,68338.9,-0.0023690752997194142,-0.0037690752997194144,4107.055390746821,4091.575589718978
2026-02-18 08:15:00+00:00,2026-02-18 08:45:00+00:00,SHORT,68338.9,68166.1,0.0025349843984030507,0.0011349843984030507,4091.575589718978,4096.219464178195
2026-02-18 10:40:00+00:00,2026-02-18 11:10:00+00:00,LONG,67779.9,67395.7,-0.0056683471058528445,-0.007068347105852845,4096.219464178195,4067.2659631836336
2026-02-18 11:10:00+00:00,2026-02-18 11:40:00+00:00,LONG,67395.7,67555.3,0.0023681036030489544,0.0009681036030489544,4067.2659631836336,4071.2034980171497
2026-02-18 14:45:00+00:00,2026-02-18 15:15:00+00:00,LONG,66777.8,67391.9,0.00919616998463546,0.00779616998463546,4071.2034980171497,4102.943292529733
2026-02-18 15:35:00+00:00,2026-02-18 16:05:00+00:00,SHORT,68108.4,67134.5,0.014506699238096665,0.013106699238096665,4102.943292529733,4156.719336255886
2026-02-18 18:40:00+00:00,2026-02-18 19:10:00+00:00,LONG,66347.2,66380.2,0.0004973834615478179,-0.0009026165384521821,4156.719336255886,4152.967412637278
2026-02-18 19:35:00+00:00,2026-02-18 20:05:00+00:00,LONG,65984.7,66284.2,0.004538930994609336,0.0031389309946093357,4152.967412637278,4166.003290768408
2026-02-19 06:15:00+00:00,2026-02-19 06:45:00+00:00,SHORT,67128.4,67143.0,-0.0002174463458589626,-0.0016174463458589626,4166.003290768408,4159.265003968919
2026-02-19 11:50:00+00:00,2026-02-19 12:20:00+00:00,LONG,66515.3,66637.3,0.0018341644704300553,0.0004341644704300553,4159.265003968919,4161.070809056745
2026-02-19 13:05:00+00:00,2026-02-19 13:35:00+00:00,LONG,66354.5,66114.8,-0.003612415133864233,-0.005012415133864233,4161.070809056745,4140.213794760349
2026-02-19 13:40:00+00:00,2026-02-19 14:10:00+00:00,LONG,65968.6,66049.4,0.0012248251440836189,-0.00017517485591638112,4140.213794760349,4139.488533405389
2026-02-20 00:25:00+00:00,2026-02-20 00:55:00+00:00,SHORT,67393.0,67230.3,0.0024200397737328405,0.0010200397737328405,4139.488533405389,4143.710976352373
2026-02-20 05:30:00+00:00,2026-02-20 06:00:00+00:00,SHORT,67898.5,67760.2,0.0020410211303980574,0.0006410211303980575,4143.710976352373,4146.367182646477
2026-02-20 09:00:00+00:00,2026-02-20 09:30:00+00:00,SHORT,68179.9,68141.3,0.0005664699675524965,-0.0008335300324475035,4146.367182646477,4142.911061074186
2026-02-20 11:40:00+00:00,2026-02-20 12:10:00+00:00,LONG,67461.8,67486.0,0.000358721528331607,-0.001041278471668393,4142.911061074186,4138.597136976253
2026-02-20 13:35:00+00:00,2026-02-20 14:05:00+00:00,LONG,66549.0,67000.1,0.006778463988940553,0.005378463988940553,4138.597136976253,4160.856432642212
2026-02-21 03:05:00+00:00,2026-02-21 03:35:00+00:00,LONG,67702.9,67767.6,0.0009556459176787158,-0.0004443540823212842,4160.856432642212,4159.007539100415
2026-02-21 03:40:00+00:00,2026-02-21 04:10:00+00:00,LONG,67620.0,67656.4,0.0005383022774325674,-0.0008616977225674326,4159.007539100415,4155.423731775832
2026-02-21 08:55:00+00:00,2026-02-21 09:25:00+00:00,SHORT,68053.0,68227.9,-0.002563467437807665,-0.003963467437807665,4155.423731775832,4138.953845124645
2026-02-21 14:20:00+00:00,2026-02-21 14:50:00+00:00,SHORT,68502.9,68501.9,1.4598135234189513e-05,-0.0013854018647658105,4138.953845124645,4133.21973074943
2026-02-21 20:55:00+00:00,2026-02-21 21:25:00+00:00,LONG,68222.1,68353.0,0.0019187330791634594,0.0005187330791634594,4133.21973074943,4135.36376854722
2026-02-21 22:55:00+00:00,2026-02-21 23:25:00+00:00,LONG,67975.1,68076.1,0.0014858381966338374,8.583819663383744e-05,4135.36376854722,4135.718740715537
2026-02-22 11:05:00+00:00,2026-02-22 11:35:00+00:00,SHORT,68209.2,68177.1,0.0004708325816145109,-0.0009291674183854891,4135.718740715537,4131.875965610058
2026-02-22 12:35:00+00:00,2026-02-22 13:05:00+00:00,LONG,67917.9,67972.2,0.0007994946840228501,-0.0006005053159771499,4131.875965610058,4129.394752127751
2026-02-22 13:35:00+00:00,2026-02-22 14:05:00+00:00,LONG,67648.9,67586.0,-0.0009298007802047703,-0.0023298007802047705,4129.394752127751,4119.774085012471
2026-02-22 14:05:00+00:00,2026-02-22 14:35:00+00:00,LONG,67586.0,67598.2,0.00018051075666547511,-0.0012194892433345249,4119.774085012471,4114.7500648308305
2026-02-22 17:30:00+00:00,2026-02-22 18:00:00+00:00,LONG,67302.5,67377.9,0.0011203149957281777,-0.00027968500427182227,4114.7500648308305,4113.599230941371
2026-02-23 00:35:00+00:00,2026-02-23 01:05:00+00:00,LONG,67202.0,65559.1,-0.024447189071753694,-0.025847189071753693,4113.599230941371,4007.2742538538096
2026-02-23 01:05:00+00:00,2026-02-23 01:35:00+00:00,LONG,65559.1,65371.1,-0.0028676415631088137,-0.004267641563108814,4007.2742538538096,3990.1726436932872
2026-02-23 01:45:00+00:00,2026-02-23 02:15:00+00:00,LONG,64663.7,64700.1,0.0005629124222710225,-0.0008370875777289775,3990.1726436932872,3986.832519740258
2026-02-23 06:35:00+00:00,2026-02-23 07:05:00+00:00,SHORT,65620.0,65741.6,-0.0018496659649294145,-0.0032496659649294147,3986.832519740258,3973.876645792984
2026-02-23 09:30:00+00:00,2026-02-23 10:00:00+00:00,SHORT,66148.0,66485.8,-0.005080784167446284,-0.006480784167446284,3973.876645792984,3948.1228089435444
2026-02-23 17:15:00+00:00,2026-02-23 17:45:00+00:00,LONG,64781.9,64444.0,-0.0052159631008044105,-0.006615963100804411,3948.1228089435444,3922.00217412213
2026-02-23 17:50:00+00:00,2026-02-23 18:20:00+00:00,LONG,64488.1,64878.0,0.006046076718030147,0.0046460767180301465,3922.00217412213,3940.224097111382
2026-02-23 19:35:00+00:00,2026-02-23 20:05:00+00:00,LONG,64135.0,64188.1,0.0008279410618226013,-0.0005720589381773987,3940.224097111382,3937.970056698208
2026-02-24 01:10:00+00:00,2026-02-24 01:40:00+00:00,LONG,64329.4,64340.0,0.00016477691382155157,-0.0012352230861784484,3937.970056698208,3933.105785171495
2026-02-24 04:05:00+00:00,2026-02-24 04:35:00+00:00,LONG,63312.0,63309.0,-4.738438210760698e-05,-0.001447384382107607,3933.105785171495,3927.4130692848607
2026-02-24 05:20:00+00:00,2026-02-24 05:50:00+00:00,LONG,62723.0,63077.0,0.005643862697893853,0.004243862697893853,3927.4130692848607,3944.0804711088194
2026-02-24 13:30:00+00:00,2026-02-24 14:00:00+00:00,LONG,62701.4,62800.9,0.0015868864172092767,0.00018688641720927671,3944.0804711088194,3944.81756617725
2026-02-24 16:00:00+00:00,2026-02-24 16:30:00+00:00,SHORT,64306.4,63742.1,0.008852861766399434,0.007452861766399433,3944.81756617725,3974.2177461916326
2026-02-25 01:10:00+00:00,2026-02-25 01:40:00+00:00,SHORT,65602.9,65805.6,-0.0030802849605506832,-0.0044802849605506834,3974.2177461916326,3956.412118193417
2026-02-25 05:30:00+00:00,2026-02-25 06:00:00+00:00,LONG,65031.0,64989.9,-0.0006320062739308963,-0.0020320062739308965,3956.412118193417,3948.372663946992
2026-02-25 08:50:00+00:00,2026-02-25 09:20:00+00:00,SHORT,65581.1,65563.3,0.0002714933507008688,-0.0011285066492991312,3948.372663946992,3943.916899141817
2026-02-25 12:15:00+00:00,2026-02-25 12:45:00+00:00,SHORT,65713.0,66011.0,-0.004514399115298939,-0.0059143991152989395,3943.916899141817,3920.59100052272
2026-02-25 12:45:00+00:00,2026-02-25 13:15:00+00:00,SHORT,66011.0,66092.0,-0.0012255643648247938,-0.002625564364824794,3920.59100052272,3910.297236502695
2026-02-25 13:45:00+00:00,2026-02-25 14:15:00+00:00,SHORT,66641.0,66487.0,0.002316242272925484,0.0009162422729254839,3910.297236502695,3913.880016130482
2026-02-25 15:00:00+00:00,2026-02-25 15:30:00+00:00,SHORT,67101.5,67233.9,-0.001969244681626292,-0.0033692446816262923,3913.880016130482,3900.693196701611
2026-02-25 16:20:00+00:00,2026-02-25 16:50:00+00:00,SHORT,68000.8,68025.1,-0.00035722108457025836,-0.0017572210845702583,3900.693196701611,3893.8388163719274
2026-02-25 17:00:00+00:00,2026-02-25 17:30:00+00:00,SHORT,68193.2,68505.0,-0.0045514925917816695,-0.00595149259178167,3893.8388163719274,3870.664663502698
2026-02-25 18:25:00+00:00,2026-02-25 18:55:00+00:00,SHORT,69343.7,69327.9,0.00022790247504977934,-0.0011720975249502206,3870.664663502698,3866.1278670306947
2026-02-25 23:40:00+00:00,2026-02-26 00:10:00+00:00,LONG,67692.9,68158.0,0.006870735335611444,0.005470735335611444,3866.1278670306947,3887.2784293648515
2026-02-26 07:50:00+00:00,2026-02-26 08:20:00+00:00,LONG,67878.3,68161.6,0.004173646069509651,0.002773646069509651,3887.2784293648515,3898.0603639015485
2026-02-26 14:45:00+00:00,2026-02-26 15:15:00+00:00,LONG,67363.4,66962.0,-0.005958725361249528,-0.0073587253612495285,3898.0603639015485,3869.3756082420246
2026-02-26 15:15:00+00:00,2026-02-26 15:45:00+00:00,LONG,66962.0,67423.1,0.006885995041964188,0.005485995041964188,3869.3756082420246,3890.602983644337
2026-02-26 19:00:00+00:00,2026-02-26 19:30:00+00:00,SHORT,67760.0,67690.5,0.0010267319638650463,-0.0003732680361349537,3890.602983644337,3889.150745909252
2026-02-27 01:05:00+00:00,2026-02-27 01:35:00+00:00,LONG,66929.4,67257.4,0.004900686394917697,0.003500686394917697,3889.150745909252,3902.76544301324
2026-02-27 04:00:00+00:00,2026-02-27 04:30:00+00:00,SHORT,67808.1,67844.5,-0.0005365210149679278,-0.0019365210149679278,3902.76544301324,3895.2076557163546
2026-02-27 10:10:00+00:00,2026-02-27 10:40:00+00:00,LONG,66872.4,66814.5,-0.0008658280546233188,-0.002265828054623319,3895.2076557163546,3886.381784931449
2026-02-27 11:15:00+00:00,2026-02-27 11:45:00+00:00,LONG,66399.1,66100.2,-0.004501567039312371,-0.005901567039312371,3886.381784931449,3863.446042287314
2026-02-27 12:45:00+00:00,2026-02-27 13:15:00+00:00,LONG,65763.8,66145.4,0.00580258440053627,0.00440258440053627,3863.446042287314,3880.4551895654013
2026-02-27 16:45:00+00:00,2026-02-27 17:15:00+00:00,LONG,65490.1,65374.4,-0.0017666792385413466,-0.0031666792385413468,3880.4551895654013,3868.1670326805147
2026-02-27 22:30:00+00:00,2026-02-27 23:00:00+00:00,LONG,64995.0,65708.5,0.01097776752057844,0.00957776752057844,3868.1670326805147,3905.215437250294
2026-02-28 04:30:00+00:00,2026-02-28 05:00:00+00:00,LONG,65596.2,65673.4,0.0011768974422299294,-0.00022310255777007056,3905.215437250294,3904.3441736976006
2026-02-28 06:15:00+00:00,2026-02-28 06:45:00+00:00,LONG,64948.7,63771.6,-0.018123534420242393,-0.01952353442024239,3904.3441736976006,3828.1175758339427
2026-02-28 06:50:00+00:00,2026-02-28 07:20:00+00:00,LONG,63397.0,63427.9,0.00048740476678710287,-0.0009125952332128971,3828.1175758339427,3824.6240539820583
2026-02-28 07:20:00+00:00,2026-02-28 07:50:00+00:00,LONG,63427.9,63942.3,0.008109995758964095,0.0067099957589640945,3824.6240539820583,3850.2872651639095
2026-02-28 13:45:00+00:00,2026-02-28 14:15:00+00:00,SHORT,64528.4,64841.7,-0.004831767211532001,-0.006231767211532001,3850.2872651639095,3826.293171229882
2026-02-28 18:55:00+00:00,2026-02-28 19:25:00+00:00,SHORT,65906.5,65731.4,0.0026638714526088236,0.0012638714526088236,3826.293171229882,3831.129113938311
2026-02-28 19:30:00+00:00,2026-02-28 20:00:00+00:00,SHORT,66276.1,66239.5,0.0005525404026298641,-0.0008474595973701358,3831.129113938311,3827.88238680194
2026-02-28 20:20:00+00:00,2026-02-28 20:50:00+00:00,SHORT,66940.8,66934.1,0.00010009845504743708,-0.001299901544952563,3827.88238680194,3822.9065165734396
2026-02-28 22:35:00+00:00,2026-02-28 23:05:00+00:00,SHORT,67536.5,67193.4,0.00510615625939459,0.0037061562593945895,3822.9065165734396,3837.074805488918
2026-03-01 02:00:00+00:00,2026-03-01 02:30:00+00:00,SHORT,68013.0,67840.6,0.002541251109217768,0.001141251109217768,3837.074805488918,3841.4538713668335
2026-03-01 08:50:00+00:00,2026-03-01 09:20:00+00:00,LONG,66519.8,66596.1,0.001147026900261361,-0.0002529730997386391,3841.4538713668335,3840.482086873491
2026-03-01 13:50:00+00:00,2026-03-01 14:20:00+00:00,SHORT,67145.0,66902.6,0.00362317757456343,0.0022231775745634296,3840.482086873491,3849.0201605245406
2026-03-01 16:45:00+00:00,2026-03-01 17:15:00+00:00,LONG,66097.4,65828.7,-0.004065212852547906,-0.005465212852547906,3849.0201605245406,3827.984446073526
2026-03-01 17:15:00+00:00,2026-03-01 17:45:00+00:00,LONG,65828.7,66046.7,0.003311625476425828,0.001911625476425828,3827.984446073526,3835.302118664002
2026-03-01 19:40:00+00:00,2026-03-01 20:10:00+00:00,LONG,65819.9,65456.2,-0.005525684481440973,-0.0069256844814409736,3835.302118664002,3808.740026299133
2026-03-01 20:10:00+00:00,2026-03-01 20:40:00+00:00,LONG,65456.2,65256.7,-0.003047839624053972,-0.004447839624053972,3808.740026299133,3791.79936149244
2026-03-01 20:40:00+00:00,2026-03-01 21:10:00+00:00,LONG,65256.7,65514.1,0.003944422565039352,0.0025444225650393514,3791.79936149244,3801.447301349923
2026-03-02 00:40:00+00:00,2026-03-02 01:10:00+00:00,SHORT,66643.9,66924.4,-0.004191296447932258,-0.005591296447932258,3801.447301349923,3780.1922825568836
2026-03-02 01:10:00+00:00,2026-03-02 01:40:00+00:00,SHORT,66924.4,66590.1,0.005020265775242727,0.003620265775242727,3780.1922825568836,3793.8775833012605
2026-03-02 07:05:00+00:00,2026-03-02 07:35:00+00:00,LONG,65673.3,65985.5,0.004753834511133093,0.0033538345111330924,3793.8775833012605,3806.6016208711503
2026-03-02 13:40:00+00:00,2026-03-02 14:10:00+00:00,LONG,65603.7,65558.4,-0.0006905098340490579,-0.002090509834049058,3806.6016208711503,3798.643882748412
2026-03-02 14:40:00+00:00,2026-03-02 15:10:00+00:00,SHORT,66615.1,68426.8,-0.026476468284356347,-0.027876468284356345,3798.643882748412,3692.7511070274118
2026-03-02 15:10:00+00:00,2026-03-02 15:40:00+00:00,SHORT,68426.8,69513.6,-0.01563435068821073,-0.017034350688210728,3692.7511070274118,3629.8474896660287
2026-03-02 16:45:00+00:00,2026-03-02 17:15:00+00:00,SHORT,69820.4,69279.8,0.007803140309296408,0.006403140309296408,3629.8474896660287,3653.0899124437074
2026-03-03 02:20:00+00:00,2026-03-03 02:50:00+00:00,LONG,68382.0,68478.5,0.0014111900792606047,1.1190079260604705e-05,3653.0899124437074,3653.1307908093736
2026-03-03 08:55:00+00:00,2026-03-03 09:25:00+00:00,LONG,66999.5,66631.3,-0.005495563399726788,-0.0068955633997267885,3653.1307908093736,3627.9403958338535
2026-03-03 12:10:00+00:00,2026-03-03 12:40:00+00:00,SHORT,67740.0,67355.9,0.005702544246309671,0.004302544246309671,3627.9403958338535,3643.549769909903
2026-03-03 16:25:00+00:00,2026-03-03 16:55:00+00:00,SHORT,68825.1,68162.8,0.00971644357332746,0.00831644357332746,3643.549769909903,3673.8511459779684
2026-03-04 03:30:00+00:00,2026-03-04 04:00:00+00:00,LONG,67531.5,67709.6,0.0026372877842193443,0.0012372877842193443,3673.8511459779684,3678.396757121927
2026-03-04 06:35:00+00:00,2026-03-04 07:05:00+00:00,SHORT,68555.4,68511.4,0.0006422288845360224,-0.0007577711154639775,3678.396757121927,3675.6093743081638
2026-03-04 07:40:00+00:00,2026-03-04 08:10:00+00:00,SHORT,68964.0,69417.9,-0.006538659337144925,-0.007938659337144926,3675.6093743081638,3646.429963629115
2026-03-04 08:40:00+00:00,2026-03-04 09:10:00+00:00,SHORT,69900.0,71081.5,-0.016621765156897395,-0.018021765156897393,3646.429963629115,3580.7148591635173
2026-03-04 09:15:00+00:00,2026-03-04 09:45:00+00:00,SHORT,71195.1,71829.4,-0.008830645947202509,-0.01023064594720251,3580.7148591635173,3544.0818332015283
2026-03-04 14:30:00+00:00,2026-03-04 15:00:00+00:00,SHORT,72419.1,71672.0,0.010423875432526097,0.009023875432526097,3544.0818332015283,3576.0631861870174
2026-03-04 15:25:00+00:00,2026-03-04 15:55:00+00:00,SHORT,72970.4,73391.9,-0.005743140591809137,-0.007143140591809137,3576.0631861870174,3550.518864082891
2026-03-04 23:20:00+00:00,2026-03-04 23:50:00+00:00,LONG,72600.0,72659.7,0.0008223140495866588,-0.0005776859504133412,3550.518864082891,3548.467779218433
2026-03-05 07:50:00+00:00,2026-03-05 08:20:00+00:00,LONG,71812.0,71945.5,0.0018590207764719313,0.00045902077647193133,3548.467779218433,3550.096599653735
2026-03-05 10:25:00+00:00,2026-03-05 10:55:00+00:00,SHORT,73172.7,73393.4,-0.003007082380704462,-0.004407082380704462,3550.096599653735,3534.4510314796025
2026-03-05 15:25:00+00:00,2026-03-05 15:55:00+00:00,LONG,71273.5,71647.0,0.005240376858159035,0.0038403768581590347,3534.4510314796025,3548.024655427193
2026-03-06 01:25:00+00:00,2026-03-06 01:55:00+00:00,LONG,70473.0,71253.2,0.011070906588338758,0.009670906588338758,3548.024655427193,3582.337270442952
2026-03-06 04:40:00+00:00,2026-03-06 05:10:00+00:00,LONG,70524.7,70544.9,0.0002864244725606646,-0.0011135755274393354,3582.337270442952,3578.348067327553
2026-03-06 05:30:00+00:00,2026-03-06 06:00:00+00:00,LONG,70316.7,70445.5,0.0018317128079106126,0.00043171280791061265,3578.348067327553,3579.8928860193805
2026-03-06 12:05:00+00:00,2026-03-06 12:35:00+00:00,LONG,69833.9,69770.2,-0.0009121644358971448,-0.002312164435897145,3579.8928860193805,3571.6155850040054
2026-03-06 13:55:00+00:00,2026-03-06 14:25:00+00:00,LONG,69227.9,68987.6,-0.003471143859628656,-0.004871143859628656,3571.6155850040054,3554.2177316781595
2026-03-06 14:35:00+00:00,2026-03-06 15:05:00+00:00,LONG,68642.7,68326.6,-0.004605005339242019,-0.006005005339242019,3554.2177316781595,3532.8746352226035
2026-03-07 03:10:00+00:00,2026-03-07 03:40:00+00:00,SHORT,68520.9,68177.1,0.00504274895822765,0.0036427489582276495,3532.8746352226035,3545.744010619609
2026-03-07 04:00:00+00:00,2026-03-07 04:30:00+00:00,LONG,67907.2,67984.0,0.0011309551859008948,-0.00026904481409910515,3545.744010619609,3544.790046581429
2026-03-07 06:50:00+00:00,2026-03-07 07:20:00+00:00,LONG,67686.1,67717.4,0.0004624287704564356,-0.0009375712295435644,3544.790046581429,3541.466553418982
2026-03-07 14:05:00+00:00,2026-03-07 14:35:00+00:00,LONG,67700.1,68061.4,0.0053367720284016595,0.003936772028401659,3541.466553418982,3555.4084998860017
2026-03-07 18:00:00+00:00,2026-03-07 18:30:00+00:00,LONG,67607.3,67534.2,-0.0010812441851694166,-0.0024812441851694168,3555.4084998860017,3546.5866632197576
2026-03-07 19:15:00+00:00,2026-03-07 19:45:00+00:00,LONG,67372.5,67180.0,-0.0028572488775093774,-0.004257248877509378,3546.5866632197576,3531.4879611287756
2026-03-07 19:50:00+00:00,2026-03-07 20:20:00+00:00,LONG,67029.0,67275.3,0.00367452893523712,0.00227452893523712,3531.4879611287756,3539.5204326808043
2026-03-08 04:50:00+00:00,2026-03-08 05:20:00+00:00,LONG,66621.0,67149.6,0.007934435088035485,0.006534435088035485,3539.5204326808043,3562.649199190932
2026-03-08 09:10:00+00:00,2026-03-08 09:40:00+00:00,SHORT,67767.5,67745.2,0.0003291746131091067,-0.0010708253868908933,3562.649199190932,3558.834223983852
2026-03-08 10:20:00+00:00,2026-03-08 10:50:00+00:00,SHORT,68096.4,67919.4,0.002606030088605049,0.0012060300886050492,3558.834223983852,3563.126285138334
2026-03-08 12:10:00+00:00,2026-03-08 12:40:00+00:00,LONG,67040.0,67408.8,0.0055011933174224925,0.004101193317422492,3563.126285138334,3577.7393548480754
2026-03-08 22:00:00+00:00,2026-03-08 22:30:00+00:00,LONG,65770.7,66060.2,0.004401656056572278,0.0030016560565722782,3577.7393548480754,3588.4784978513917
2026-03-09 03:05:00+00:00,2026-03-09 03:35:00+00:00,SHORT,67112.0,67127.4,-0.00022941451627789267,-0.0016294145162778927,3588.4784978513917,3582.631378895642
2026-03-09 05:40:00+00:00,2026-03-09 06:10:00+00:00,SHORT,67920.1,67616.9,0.004484086079072025,0.0030840860790720247,3582.631378895642,3593.68052245774
2026-03-09 13:10:00+00:00,2026-03-09 13:40:00+00:00,SHORT,68471.8,69227.4,-0.010914753406887856,-0.012314753406887856,3593.68052245774,3549.4252330005374
2026-03-09 13:40:00+00:00,2026-03-09 14:10:00+00:00,SHORT,69227.4,68838.4,0.00565091576794341,0.0042509157679434095,3549.4252330005374,3564.513540690635
2026-03-09 19:25:00+00:00,2026-03-09 19:55:00+00:00,SHORT,69362.0,68985.7,0.005454753666339629,0.004054753666339629,3564.513540690635,3578.9667650384677
2026-03-10 00:30:00+00:00,2026-03-10 01:00:00+00:00,SHORT,69069.9,69096.3,-0.00038207545121815567,-0.0017820754512181557,3578.9667650384677,3572.588776225767
2026-03-10 02:30:00+00:00,2026-03-10 03:00:00+00:00,SHORT,70021.1,70053.9,-0.00046821090617354955,-0.0018682109061735495,3572.588776225767,3565.914426910749
2026-03-10 08:05:00+00:00,2026-03-10 08:35:00+00:00,SHORT,70914.0,70945.0,-0.00043695820706179944,-0.0018369582070617994,3565.914426910749,3559.363991138556
2026-03-10 13:35:00+00:00,2026-03-10 14:05:00+00:00,LONG,69776.2,69633.4,-0.00204654309062402,-0.0034465430906240203,3559.363991138556,3547.0964897678814
2026-03-10 14:10:00+00:00,2026-03-10 14:40:00+00:00,LONG,69491.9,70455.1,0.013860608214770531,0.012460608214770531,3547.0964897678814,3591.2954694268665
2026-03-10 14:55:00+00:00,2026-03-10 15:25:00+00:00,SHORT,71468.7,71344.8,0.0017366367275539751,0.00033663672755397515,3591.2954694268665,3592.5044313813737
2026-03-10 18:15:00+00:00,2026-03-10 18:45:00+00:00,LONG,70229.0,70187.2,-0.0005951957168691679,-0.001995195716869168,3592.5044313813737,3585.336681927048
2026-03-10 21:40:00+00:00,2026-03-10 22:10:00+00:00,LONG,69744.0,69605.1,-0.0019915691672400815,-0.0033915691672400817,3585.336681927048,3573.17676458245
2026-03-10 22:10:00+00:00,2026-03-10 22:40:00+00:00,LONG,69605.1,69614.8,0.0001393576045431999,-0.0012606423954568,3573.17676458245,3568.6722664665563
2026-03-11 04:50:00+00:00,2026-03-11 05:20:00+00:00,SHORT,70235.3,69964.0,0.0038777085358183694,0.002477708535818369,3568.6722664665563,3577.5143962027187
2026-03-11 11:55:00+00:00,2026-03-11 12:25:00+00:00,LONG,69175.9,69434.9,0.003744078501327852,0.002344078501327852,3577.5143962027187,3585.900370787048
2026-03-11 13:15:00+00:00,2026-03-11 13:45:00+00:00,SHORT,70076.3,70337.9,-0.003719189796681288,-0.005119189796681288,3585.900370787048,3567.5434661969994
2026-03-12 02:15:00+00:00,2026-03-12 02:45:00+00:00,LONG,69605.7,69420.1,-0.00266644829374596,-0.00406644829374596,3567.5434661969994,3553.0362351560184
2026-03-12 02:45:00+00:00,2026-03-12 03:15:00+00:00,LONG,69420.1,69420.5,5.762019933630569e-06,-0.0013942379800663694,3553.0362351560184,3548.082457092412
2026-03-12 08:00:00+00:00,2026-03-12 08:30:00+00:00,SHORT,69883.5,69807.8,0.0010844060405856837,-0.0003155939594143163,3548.082457092412,3546.9627037014498
2026-03-12 09:40:00+00:00,2026-03-12 10:10:00+00:00,SHORT,70261.0,69964.4,0.004239298843411898,0.002839298843411898,3546.9627037014498,3557.033590803694
2026-03-12 10:50:00+00:00,2026-03-12 11:20:00+00:00,SHORT,70405.9,70530.1,-0.0017609502893092266,-0.003160950289309227,3557.033590803694,3545.7899844457606
2026-03-12 11:40:00+00:00,2026-03-12 12:10:00+00:00,SHORT,70679.8,70374.5,0.004338219099247587,0.0029382190992475864,3545.7899844457606,3556.20829229998
2026-03-12 23:15:00+00:00,2026-03-12 23:45:00+00:00,SHORT,70589.9,70576.9,0.00018419624551380132,-0.0012158037544861987,3556.20829229998,3551.8846409064668
2026-03-13 00:10:00+00:00,2026-03-13 00:40:00+00:00,SHORT,71119.7,71507.0,-0.005416252954256295,-0.006816252954256296,3551.8846409064668,3527.6740967297105
2026-03-13 08:35:00+00:00,2026-03-13 09:05:00+00:00,SHORT,72032.9,71840.0,0.002685133630289549,0.001285133630289549,3527.6740967297105,3532.207629348119
2026-03-13 10:00:00+00:00,2026-03-13 10:30:00+00:00,SHORT,72180.8,72403.1,-0.003070310525378095,-0.004470310525378095,3532.207629348119,3516.4175644048237
2026-03-13 12:45:00+00:00,2026-03-13 13:15:00+00:00,SHORT,72745.0,73232.5,-0.006656880483391969,-0.00805688048339197,3516.4175644048237,3488.086208358714
2026-03-13 13:15:00+00:00,2026-03-13 13:45:00+00:00,SHORT,73232.5,73319.1,-0.0011811383391231445,-0.0025811383391231447,3488.086208358714,3479.082975316153
2026-03-13 13:45:00+00:00,2026-03-13 14:15:00+00:00,SHORT,73319.1,73537.0,-0.0029631342045499665,-0.004363134204549967,3479.082975316153,3463.9032693860836
2026-03-13 14:20:00+00:00,2026-03-13 14:50:00+00:00,SHORT,73819.9,72589.9,0.016944506053872432,0.015544506053872432,3463.9032693860836,3517.7479347270837
2026-03-13 16:25:00+00:00,2026-03-13 16:55:00+00:00,LONG,71387.0,71879.2,0.0068948127810384285,0.005494812781038428,3517.7479347270837,3537.077301039293
2026-03-13 18:05:00+00:00,2026-03-13 18:35:00+00:00,LONG,71027.0,71277.9,0.0035324594872372383,0.002132459487237238,3537.077301039293,3544.6199750869855
2026-03-13 22:00:00+00:00,2026-03-13 22:30:00+00:00,LONG,70791.1,70706.1,-0.0012007159092032316,-0.0026007159092032318,3544.6199750869855,3535.4014255256975
2026-03-14 00:40:00+00:00,2026-03-14 01:10:00+00:00,LONG,70569.7,70696.0,0.0017897199506304862,0.0003897199506304862,3535.4014255256975,3536.7792419947123
2026-03-14 03:35:00+00:00,2026-03-14 04:05:00+00:00,SHORT,71150.0,71193.8,-0.0006152221120379053,-0.0020152221120379055,3536.7792419947123,3529.651846260848
2026-03-14 04:05:00+00:00,2026-03-14 04:35:00+00:00,SHORT,71193.8,71269.9,-0.0010677719486065218,-0.002467771948606522,3529.651846260848,3520.9414704462984
2026-03-14 04:35:00+00:00,2026-03-14 05:05:00+00:00,SHORT,71269.9,71109.2,0.002259904484932962,0.0008599044849329619,3520.9414704462984,3523.9691438079212
2026-03-14 06:20:00+00:00,2026-03-14 06:50:00+00:00,LONG,70786.1,70619.9,-0.0023479185885366682,-0.0037479185885366684,3523.9691438079212,3510.761594348414
2026-03-14 12:00:00+00:00,2026-03-14 12:30:00+00:00,SHORT,70780.1,70710.9,0.0009786327143341822,-0.0004213672856658178,3510.761594348414,3509.2822742647836
2026-03-14 13:15:00+00:00,2026-03-14 13:45:00+00:00,SHORT,70915.4,70821.3,0.0013286963102907556,-7.130368970924435e-05,3509.2822742647836,3509.0320494903976
2026-03-14 20:40:00+00:00,2026-03-14 21:10:00+00:00,SHORT,70840.5,70650.9,0.0026836176184592553,0.0012836176184592553,3509.0320494903976,3513.5363048528616
2026-03-14 23:05:00+00:00,2026-03-14 23:35:00+00:00,SHORT,71012.0,71185.0,-0.0024302872796234665,-0.0038302872796234667,3513.5363048528616,3500.0784514378884
2026-03-15 02:05:00+00:00,2026-03-15 02:35:00+00:00,SHORT,71283.1,71275.9,0.00010101591140920796,-0.001298984088590792,3500.0784514378884,3495.531905220651
2026-03-15 02:45:00+00:00,2026-03-15 03:15:00+00:00,SHORT,71611.2,71366.4,0.0034301856335754444,0.002030185633575444,3495.531905220651,3502.6284838763345
2026-03-15 09:00:00+00:00,2026-03-15 09:30:00+00:00,SHORT,71854.0,71845.6,0.0001169173895130271,-0.0012830826104869729,3502.6284838763345,3498.1343221776765
2026-03-15 13:05:00+00:00,2026-03-15 13:35:00+00:00,LONG,71415.1,71294.3,-0.0016915190204872532,-0.0030915190204872534,3498.1343221776765,3487.319773384445
2026-03-15 17:50:00+00:00,2026-03-15 18:20:00+00:00,SHORT,71966.7,71723.1,0.0033963953036049155,0.0019963953036049153,3487.319773384445,3494.281842202198
2026-03-15 20:35:00+00:00,2026-03-15 21:05:00+00:00,SHORT,71849.0,71666.6,0.00254511864662188,0.00114511864662188,3494.281842202198,3498.2832094962555
2026-03-15 21:35:00+00:00,2026-03-15 22:05:00+00:00,SHORT,72088.5,71964.1,0.0017286396967375328,0.00032863969673753283,3498.2832094962555,3499.432884229326
2026-03-15 22:45:00+00:00,2026-03-15 23:15:00+00:00,SHORT,72490.3,72884.2,-0.005404463518842162,-0.006804463518842162,3499.432884229326,3475.6211208319514
2026-03-16 03:30:00+00:00,2026-03-16 04:00:00+00:00,SHORT,73719.6,73719.6,0.0,-0.0014,3475.6211208319514,3470.7552512627867
2026-03-16 08:40:00+00:00,2026-03-16 09:10:00+00:00,LONG,72912.0,73136.8,0.00308316875137149,0.00168316875137149,3470.7552512627867,3476.5971180453703
2026-03-16 13:30:00+00:00,2026-03-16 14:00:00+00:00,SHORT,74308.1,74223.9,0.0011344054947262094,-0.00026559450527379055,3476.5971180453703,3475.673752953767
2026-03-16 18:05:00+00:00,2026-03-16 18:35:00+00:00,SHORT,74308.0,74103.7,0.0027569473589037496,0.0013569473589037497,3475.673752953767,3480.3900592732484
2026-03-17 00:10:00+00:00,2026-03-17 00:40:00+00:00,SHORT,75408.2,75011.6,0.005287182249145372,0.003887182249145372,3480.3900592732484,3493.918969731757
2026-03-17 01:10:00+00:00,2026-03-17 01:40:00+00:00,SHORT,75835.1,75674.1,0.0021275442985115856,0.0007275442985115856,3493.918969731757,3496.4609505576464
2026-03-17 03:40:00+00:00,2026-03-17 04:10:00+00:00,LONG,74426.9,74693.0,0.003575320213525135,0.0021753202135251348,3496.4609505576464,3504.0668727391953
2026-03-17 10:05:00+00:00,2026-03-17 10:35:00+00:00,LONG,73665.6,73757.1,0.0012420994331139301,-0.00015790056688606987,3504.0668727391953,3503.513578593583
2026-03-17 15:00:00+00:00,2026-03-17 15:30:00+00:00,SHORT,74681.9,73959.0,0.009774334428534592,0.008374334428534592,3503.513578593583,3532.853172975638
2026-03-17 22:35:00+00:00,2026-03-17 23:05:00+00:00,LONG,73965.6,74354.1,0.005252441675589692,0.0038524416755896917,3532.853172975638,3546.463283772948
2026-03-17 23:40:00+00:00,2026-03-18 00:10:00+00:00,LONG,73949.0,73994.0,0.0006085274986815659,-0.0007914725013184341,3546.463283772948,3543.656355606907
2026-03-18 00:20:00+00:00,2026-03-18 00:50:00+00:00,LONG,73686.0,73799.6,0.001541676844990958,0.00014167684499095793,3543.656355606907,3544.158409659101
2026-03-18 05:50:00+00:00,2026-03-18 06:20:00+00:00,LONG,73848.1,74192.7,0.00466633535595351,0.00326633535595351,3544.158409659101,3555.7348195796703
2026-03-18 11:25:00+00:00,2026-03-18 11:55:00+00:00,LONG,73604.9,72948.5,-0.008917884543012677,-0.010317884543012678,3555.7348195796703,3519.0471582456776
2026-03-18 12:30:00+00:00,2026-03-18 13:00:00+00:00,LONG,72382.1,72346.1,-0.0004973605352704968,-0.0018973605352704968,3519.0471582456776,3512.3702570458668
2026-03-18 14:00:00+00:00,2026-03-18 14:30:00+00:00,LONG,72018.2,71719.4,-0.0041489512373261705,-0.005548951237326171,3512.3702570458668,3492.8802857620844
2026-03-18 14:40:00+00:00,2026-03-18 15:10:00+00:00,LONG,71493.0,71073.0,-0.00587470101968024,-0.00727470101968024,3492.8802857620844,3467.4706259856302
2026-03-18 20:05:00+00:00,2026-03-18 20:35:00+00:00,LONG,70618.5,71211.1,0.008391568781551673,0.006991568781551672,3467.4706259856302,3491.7136853652187
2026-03-19 03:15:00+00:00,2026-03-19 03:45:00+00:00,SHORT,71579.8,71308.9,0.0037989647856018216,0.0023989647856018214,3491.7136853652187,3500.0901835378136
2026-03-19 04:25:00+00:00,2026-03-19 04:55:00+00:00,LONG,70738.2,70826.0,0.0012411964115570662,-0.00015880358844293382,3500.0901835378136,3499.534356656794
2026-03-19 07:00:00+00:00,2026-03-19 07:30:00+00:00,LONG,70449.1,69975.9,-0.0067169062486250874,-0.008116906248625088,3499.534356656794,3471.1289643699683
2026-03-19 12:05:00+00:00,2026-03-19 12:35:00+00:00,LONG,69674.2,69660.1,-0.0002023704613758337,-0.0016023704613758337,3471.1289643699683,3465.566929849836
2026-03-19 12:50:00+00:00,2026-03-19 13:20:00+00:00,LONG,69314.1,69326.0,0.000171682240698523,-0.001228317759301477,3465.566929849836,3461.3101124438535
2026-03-19 19:10:00+00:00,2026-03-19 19:40:00+00:00,SHORT,70356.0,70453.3,-0.0013810566715825034,-0.0027810566715825037,3461.3101124438535,3451.6840128632257
2026-03-19 22:35:00+00:00,2026-03-19 23:05:00+00:00,LONG,70034.1,70222.0,0.002682978720366158,0.0012829787203661582,3451.6840128632257,3456.112450001157
2026-03-19 23:35:00+00:00,2026-03-20 00:05:00+00:00,LONG,69730.2,70008.0,0.003983926620029887,0.002583926620029887,3456.112450001157,3465.0427909625314
2026-03-20 08:05:00+00:00,2026-03-20 08:35:00+00:00,SHORT,71159.9,71165.0,-7.166444179029785e-05,-0.0014716644417902978,3465.0427909625314,3459.94341069779
2026-03-20 09:20:00+00:00,2026-03-20 09:50:00+00:00,LONG,70454.5,70512.1,0.0008175489145476611,-0.0005824510854523389,3459.94341069779,3457.9281629026254
2026-03-20 21:15:00+00:00,2026-03-20 21:45:00+00:00,SHORT,70541.7,70553.3,-0.00016441470491113108,-0.001564414704911131,3457.9281629026254,3452.5185292360543
2026-03-20 22:00:00+00:00,2026-03-20 22:30:00+00:00,SHORT,70867.9,70655.7,0.003003296266260058,0.0016032962662600582,3452.5185292360543,3458.053939303172
2026-03-21 14:10:00+00:00,2026-03-21 14:40:00+00:00,SHORT,71019.5,70933.0,0.0012194606177660106,-0.00018053938223398943,3458.053939303172,3457.429624381238
2026-03-21 23:10:00+00:00,2026-03-21 23:40:00+00:00,LONG,70147.2,70161.3,0.00020100588476812398,-0.001198994115231876,3457.429624381238,3453.284186607777
2026-03-21 23:45:00+00:00,2026-03-22 00:15:00+00:00,LONG,69580.6,68900.0,-0.009781462074198943,-0.011181462074198944,3453.284186607777,3414.6714204437912
2026-03-22 07:40:00+00:00,2026-03-22 08:10:00+00:00,LONG,68955.1,68984.2,0.00042201374517603085,-0.0009779862548239691,3414.6714204437912,3411.331918729857
2026-03-22 08:25:00+00:00,2026-03-22 08:55:00+00:00,LONG,68630.0,68810.1,0.00262421681480407,0.0012242168148040701,3411.331918729857,3415.5081286256436
2026-03-22 11:25:00+00:00,2026-03-22 11:55:00+00:00,LONG,68422.4,68222.1,-0.002927403891123226,-0.004327403891123226,3415.5081286256436,3400.7278454596662
2026-03-22 18:35:00+00:00,2026-03-22 19:05:00+00:00,LONG,68463.0,68510.0,0.0006865021982676023,-0.0007134978017323977,3400.7278454596662,3398.3014336176407
2026-03-22 19:45:00+00:00,2026-03-22 20:15:00+00:00,LONG,68159.4,68406.9,0.0036311939365663015,0.0022311939365663013,3398.3014336176407,3405.8837031709527
2026-03-22 21:05:00+00:00,2026-03-22 21:35:00+00:00,LONG,67850.1,67938.3,0.0012999243921527626,-0.00010007560784723742,3405.8837031709527,3405.542857289101
2026-03-23 05:00:00+00:00,2026-03-23 05:30:00+00:00,SHORT,68700.2,68684.4,0.00023003767958962307,-0.001169962320410377,3405.542857289101,3401.5585004655304
2026-03-23 06:40:00+00:00,2026-03-23 07:10:00+00:00,LONG,67818.0,67941.1,0.0018151523194434027,0.00041515231944340273,3401.5585004655304,3402.970665366721
2026-03-23 11:05:00+00:00,2026-03-23 11:35:00+00:00,SHORT,71230.9,70676.1,0.00784989550923143,0.00644989550923143,3402.970665366721,3424.9194705793157
2026-03-23 13:40:00+00:00,2026-03-23 14:10:00+00:00,SHORT,71215.4,71523.9,-0.004313243545164602,-0.0057132435451646025,3424.9194705793157,3405.35207152132
2026-03-24 07:05:00+00:00,2026-03-24 07:35:00+00:00,SHORT,70808.0,70868.9,-0.0008593332195080405,-0.0022593332195080407,3405.35207152132,3397.6582464620114
2026-03-24 07:35:00+00:00,2026-03-24 08:05:00+00:00,SHORT,70868.9,71139.5,-0.0038037939541324395,-0.00520379395413244,3397.6582464620114,3379.9775330208645
2026-03-24 13:40:00+00:00,2026-03-24 14:10:00+00:00,LONG,70328.0,69872.0,-0.006483903992719808,-0.007883903992719809,3379.9775330208645,3353.3301146529784
2026-03-24 14:10:00+00:00,2026-03-24 14:40:00+00:00,LONG,69872.0,69847.6,-0.00034920998397058867,-0.0017492099839705887,3353.3301146529784,3347.4644361368782
2026-03-24 14:45:00+00:00,2026-03-24 15:15:00+00:00,LONG,69633.5,69966.1,0.0047764366289215765,0.0033764366289215763,3347.4644361368782,3358.766937673063
2026-03-24 16:35:00+00:00,2026-03-24 17:05:00+00:00,LONG,69403.1,69165.0,-0.00343068249112799,-0.00483068249112799,3358.766937673063,3342.541801035466
2026-03-24 17:05:00+00:00,2026-03-24 17:35:00+00:00,LONG,69165.0,69272.1,0.0015484710474951147,0.00014847104749511468,3342.541801035466,3343.038071717962
2026-03-24 20:35:00+00:00,2026-03-24 21:05:00+00:00,SHORT,70126.7,70034.5,0.0013164940136647374,-8.350598633526259e-05,3343.038071717962,3342.758908026427
2026-03-24 22:05:00+00:00,2026-03-24 22:35:00+00:00,SHORT,70516.7,70259.5,0.003660714921113861,0.002260714921113861,3342.758908026427,3350.315932967488
2026-03-24 23:25:00+00:00,2026-03-24 23:55:00+00:00,SHORT,70751.9,70557.5,0.002755199659851826,0.0013551996598518258,3350.315932967488,3354.8562799802417
2026-03-25 00:40:00+00:00,2026-03-25 01:10:00+00:00,SHORT,70925.9,70799.9,0.001779663530598219,0.0003796635305982189,3354.8562799802417,3356.1299965601484
2026-03-25 05:05:00+00:00,2026-03-25 05:35:00+00:00,SHORT,71215.9,71158.0,0.0008136822282807099,-0.0005863177717192901,3356.1299965601484,3354.162237898965
2026-03-25 11:25:00+00:00,2026-03-25 11:55:00+00:00,SHORT,71869.2,71677.3,0.0026772771853849076,0.0012772771853849076,3354.162237898965,3358.446432801513
2026-03-25 15:15:00+00:00,2026-03-25 15:45:00+00:00,LONG,70691.1,70885.0,0.0027429195471564416,0.0013429195471564416,3358.446432801513,3362.9565561642
2026-03-25 22:40:00+00:00,2026-03-25 23:10:00+00:00,SHORT,71380.0,71323.0,0.0007991811897984924,-0.0006008188102015076,3362.9565561642,3360.936028607366
2026-03-26 02:15:00+00:00,2026-03-26 02:45:00+00:00,LONG,70939.0,70897.7,-0.0005821903325392563,-0.0019821903325392565,3360.936028607366,3354.274013703178
2026-03-26 05:40:00+00:00,2026-03-26 06:10:00+00:00,LONG,70317.2,70074.4,-0.0034529247467192103,-0.0048529247467192105,3354.274013703178,3337.995974334801
2026-03-26 09:30:00+00:00,2026-03-26 10:00:00+00:00,LONG,69471.0,69544.0,0.0010507981747780448,-0.00034920182522195516,3337.995974334801,3336.83034004798
2026-03-26 18:00:00+00:00,2026-03-26 18:30:00+00:00,LONG,68421.0,68267.0,-0.002250770962131554,-0.0036507709621315543,3336.83034004798,3324.6483367369733
2026-03-26 20:10:00+00:00,2026-03-26 20:40:00+00:00,SHORT,69200.0,69164.0,0.0005205019952576606,-0.0008794980047423394,3324.6483367369733,3321.7243151583434
2026-03-27 04:00:00+00:00,2026-03-27 04:30:00+00:00,LONG,68546.0,68596.0,0.0007294371662824872,-0.0006705628337175128,3321.7243151583434,3319.4968902887426
2026-03-27 08:35:00+00:00,2026-03-27 09:05:00+00:00,LONG,67686.8,67682.8,-5.909571733331287e-05,-0.0014590957173333129,3319.4968902887426,3314.653426592421
2026-03-27 10:35:00+00:00,2026-03-27 11:05:00+00:00,LONG,66988.0,66408.1,-0.008656774347644225,-0.010056774347644225,3314.653426592421,3281.3187050405354
2026-03-27 14:20:00+00:00,2026-03-27 14:50:00+00:00,LONG,65913.0,65977.0,0.0009709768937842256,-0.0004290231062157744,3281.3187050405354,3279.910943497215
2026-03-27 23:45:00+00:00,2026-03-28 00:15:00+00:00,SHORT,66377.9,66333.7,0.0006663279750713791,-0.0007336720249286209,3279.910943497215,3277.5045645937143
2026-03-28 00:35:00+00:00,2026-03-28 01:05:00+00:00,SHORT,66482.9,66309.1,0.0026210580448231546,0.0012210580448231546,3277.5045645937143,3281.506587909256
2026-03-28 06:15:00+00:00,2026-03-28 06:45:00+00:00,SHORT,66486.0,66374.2,0.0016843894163696138,0.0002843894163696138,3281.506587909256,3282.4398136526042
2026-03-28 10:25:00+00:00,2026-03-28 10:55:00+00:00,LONG,66172.0,66223.1,0.0007722299462009641,-0.0006277700537990359,3282.4398136526042,3280.3791962341957
2026-03-28 12:15:00+00:00,2026-03-28 12:45:00+00:00,SHORT,66497.0,66397.1,0.0015045837845326648,0.00010458378453266485,3280.3791962341957,3280.7222707052397
2026-03-28 13:30:00+00:00,2026-03-28 14:00:00+00:00,SHORT,66619.1,66794.8,-0.0026304442860820565,-0.004030444286082057,3280.7222707052397,3267.499502375054
2026-03-28 15:20:00+00:00,2026-03-28 15:50:00+00:00,SHORT,67245.0,67005.0,0.00358182225207071,0.0021818222520707097,3267.499502375054,3274.6286054979655
2026-03-28 21:50:00+00:00,2026-03-28 22:20:00+00:00,LONG,66695.5,66768.8,0.0010990246718294294,-0.00030097532817057056,3274.6286054979655,3273.643023078789
2026-03-28 23:10:00+00:00,2026-03-28 23:40:00+00:00,LONG,66389.1,66386.0,-4.669441218518866e-05,-0.0014466944121851886,3273.643023078789,3268.9070620098123
2026-03-29 03:15:00+00:00,2026-03-29 03:45:00+00:00,SHORT,67053.0,66897.3,0.002327448192976256,0.0009274481929762558,3268.9070620098123,3271.9388039574806
2026-03-29 17:20:00+00:00,2026-03-29 17:50:00+00:00,LONG,66202.0,66394.7,0.0029107881937100455,0.0015107881937100455,3271.9388039574806,3276.882010473041
2026-03-29 20:20:00+00:00,2026-03-29 20:50:00+00:00,SHORT,66721.0,66585.8,0.0020304629515601746,0.0006304629515601747,3276.882010473041,3278.9479631772783
2026-03-29 22:40:00+00:00,2026-03-29 23:10:00+00:00,LONG,65686.0,66096.2,0.006244861918825784,0.0048448619188257835,3278.9479631772783,3294.834013297887
2026-03-30 02:45:00+00:00,2026-03-30 03:15:00+00:00,SHORT,67324.1,67098.1,0.003368202676379717,0.0019682026763797166,3294.834013297887,3301.3189144210864
2026-03-30 05:00:00+00:00,2026-03-30 05:30:00+00:00,SHORT,67620.0,67646.9,-0.0003976531075332579,-0.0017976531075332579,3301.3189144210864,3295.384288215619
2026-03-30 08:00:00+00:00,2026-03-30 08:30:00+00:00,SHORT,67777.0,67749.3,0.00040886031294773417,-0.0009911396870522658,3295.384288215619,3292.1181020634804
2026-03-30 12:30:00+00:00,2026-03-30 13:00:00+00:00,SHORT,67928.0,67907.0,0.00030924646943608636,-0.0010907535305639136,3292.1181020634804,3288.5272126206214
2026-03-30 13:20:00+00:00,2026-03-30 13:50:00+00:00,SHORT,68041.0,67673.9,0.005424543287737338,0.004024543287737338,3288.5272126206214,3301.7620327407153
2026-03-30 17:20:00+00:00,2026-03-30 17:50:00+00:00,LONG,66854.1,66808.1,-0.0006880655038359329,-0.002088065503835933,3301.7620327407153,3294.8677373382743
2026-03-30 18:05:00+00:00,2026-03-30 18:35:00+00:00,LONG,66732.4,66710.0,-0.0003356690303359944,-0.0017356690303359944,3294.8677373382743,3289.148937447523
2026-03-30 19:05:00+00:00,2026-03-30 19:35:00+00:00,LONG,66446.4,66348.2,-0.0014778829251848036,-0.0028778829251848038,3289.148937447523,3279.683151882053
2026-03-31 00:45:00+00:00,2026-03-31 01:15:00+00:00,SHORT,67256.0,67418.0,-0.002402919101723522,-0.003802919101723522,3279.683151882053,3267.21078217616
2026-03-31 01:20:00+00:00,2026-03-31 01:50:00+00:00,SHORT,67798.4,67973.2,-0.002571601748924568,-0.003971601748924568,3267.21078217616,3254.234722119564
2026-03-31 07:15:00+00:00,2026-03-31 07:45:00+00:00,LONG,67151.1,67407.2,0.0038137871159220627,0.0024137871159220625,3254.234722119564,3262.0897519640025
2026-03-31 08:40:00+00:00,2026-03-31 09:10:00+00:00,LONG,66849.0,66692.9,-0.002335113464674188,-0.003735113464674188,3262.0897519640025,3249.9054766084664
2026-03-31 09:25:00+00:00,2026-03-31 09:55:00+00:00,LONG,66435.0,66132.0,-0.004560848950101559,-0.005960848950101559,3249.9054766084664,3230.5332809602955
2026-03-31 09:55:00+00:00,2026-03-31 10:25:00+00:00,LONG,66132.0,66383.1,0.003796951551442662,0.002396951551442662,3230.5332809602955,3238.2767127200805
2026-03-31 13:45:00+00:00,2026-03-31 14:15:00+00:00,SHORT,67309.9,67731.2,-0.006220176226022889,-0.007620176226022889,3238.2767127200805,3213.6004735005276
2026-03-31 14:15:00+00:00,2026-03-31 14:45:00+00:00,SHORT,67731.2,66908.0,0.012303461469480359,0.010903461469480359,3213.6004735005276,3248.6398424416443
2026-03-31 17:10:00+00:00,2026-03-31 17:40:00+00:00,SHORT,68453.9,67704.9,0.011062714810892604,0.009662714810892604,3248.6398424416443,3280.030522762461
2026-04-01 04:50:00+00:00,2026-04-01 05:20:00+00:00,SHORT,68329.1,68530.1,-0.002933017754242262,-0.004333017754242262,3280.030522762461,3265.8180922728748
2026-04-01 05:25:00+00:00,2026-04-01 05:55:00+00:00,SHORT,68587.8,68454.8,0.0019428878617715473,0.0005428878617715473,3265.8180922728748,3267.5910652739235
2026-04-01 06:20:00+00:00,2026-04-01 06:50:00+00:00,SHORT,68840.1,69138.7,-0.004318854707999864,-0.005718854707999864,3267.5910652739235,3248.9041867264636
2026-04-01 07:10:00+00:00,2026-04-01 07:40:00+00:00,SHORT,69178.2,68893.2,0.004136837888209621,0.002736837888209621,3248.9041867264636,3257.7959107998595
2026-04-01 18:00:00+00:00,2026-04-01 18:30:00+00:00,LONG,68044.5,68177.7,0.001957542490576003,0.0005575424905760031,3257.7959107998595,3259.612270445755
2026-04-02 00:40:00+00:00,2026-04-02 01:10:00+00:00,SHORT,68529.4,68142.4,0.005679283383033251,0.004279283383033251,3259.612270445755,3273.5610750698042
2026-04-02 01:15:00+00:00,2026-04-02 01:45:00+00:00,LONG,67594.7,67105.6,-0.007235774402430839,-0.00863577440243084,3273.5610750698042,3245.2913401329224
2026-04-02 04:20:00+00:00,2026-04-02 04:50:00+00:00,LONG,66414.3,66306.7,-0.0016201330135228176,-0.0030201330135228178,3245.2913401329224,3235.4901286180875
2026-04-02 04:50:00+00:00,2026-04-02 05:20:00+00:00,LONG,66306.7,66476.6,0.002562335329612475,0.0011623353296124751,3235.4901286180875,3239.2508531031926
2026-04-02 14:35:00+00:00,2026-04-02 15:05:00+00:00,SHORT,66863.1,66820.7,0.0006345339094024904,-0.0007654660905975095,3239.2508531031926,3236.7713164162033
2026-04-03 07:30:00+00:00,2026-04-03 08:00:00+00:00,SHORT,67071.4,67111.7,-0.0006004914195290034,-0.0020004914195290036,3236.7713164162033,3230.2961831707353
2026-04-03 08:05:00+00:00,2026-04-03 08:35:00+00:00,SHORT,67275.2,66999.0,0.004122449588799704,0.0027224495887997035,3230.2961831707353,3239.0905016863094
2026-04-04 06:50:00+00:00,2026-04-04 07:20:00+00:00,SHORT,67043.4,66947.2,0.0014369533005114121,3.695330051141214e-05,3239.0905016863094,3239.210196771002
2026-04-04 10:45:00+00:00,2026-04-04 11:15:00+00:00,SHORT,67136.8,67126.5,0.0001534416363135893,-0.0012465583636864107,3239.210196771002,3235.1723322084786
2026-04-04 13:35:00+00:00,2026-04-04 14:05:00+00:00,SHORT,67237.6,67215.0,0.0003362344714721299,-0.00106376552852787,3235.1723322084786,3231.730867402628
2026-04-04 15:10:00+00:00,2026-04-04 15:40:00+00:00,SHORT,67381.9,67327.0,0.0008154232328783095,-0.0005845767671216905,3231.730867402628,3229.841672619955
2026-04-05 01:30:00+00:00,2026-04-05 02:00:00+00:00,LONG,67118.7,67039.1,-0.0011859586076605755,-0.0025859586076605757,3229.841672619955,3221.4894357452627
2026-04-05 02:00:00+00:00,2026-04-05 02:30:00+00:00,LONG,67039.1,67144.3,0.0015692334771797434,0.0001692334771797434,3221.4894357452627,3222.0346196041714
2026-04-05 05:50:00+00:00,2026-04-05 06:20:00+00:00,LONG,66981.8,66745.9,-0.0035218522046288614,-0.004921852204628862,3222.0346196041714,3206.1762414082823
2026-04-05 12:30:00+00:00,2026-04-05 13:00:00+00:00,LONG,66766.9,66853.9,0.001303040878039896,-9.695912196010389e-05,3206.1762414082823,3205.865373375066
2026-04-05 15:25:00+00:00,2026-04-05 15:55:00+00:00,SHORT,67498.2,67304.4,0.002879455132205333,0.001479455132205333,3205.865373375066,3210.6083073548652
2026-04-05 20:35:00+00:00,2026-04-05 21:05:00+00:00,SHORT,67688.6,67617.8,0.0010470615725446386,-0.0003529384274553614,3210.6083073548652,3209.4751603076925
2026-04-05 22:45:00+00:00,2026-04-05 23:15:00+00:00,SHORT,68142.0,68885.5,-0.010793272894876305,-0.012193272894876305,3209.4751603076925,3170.341153828734
2026-04-05 23:15:00+00:00,2026-04-05 23:45:00+00:00,SHORT,68885.5,68940.4,-0.0007963400270377674,-0.0021963400270377676,3170.341153828734,3163.378006653215
2026-04-06 00:00:00+00:00,2026-04-06 00:30:00+00:00,SHORT,69352.9,69120.3,0.003365147431362292,0.001965147431362292,3163.378006653215,3169.5945108174174
2026-04-06 09:10:00+00:00,2026-04-06 09:40:00+00:00,SHORT,69634.9,69854.5,-0.003143677214782259,-0.004543677214782259,3169.5945108174174,3155.1928964585177
2026-04-06 16:45:00+00:00,2026-04-06 17:15:00+00:00,SHORT,70227.6,69348.4,0.012678014200760312,0.011278014200760312,3155.1928964585177,3190.7772067509145
2026-04-06 21:35:00+00:00,2026-04-06 22:05:00+00:00,LONG,69520.0,69510.0,-0.00014384349827389897,-0.001543843498273899,3190.7772067509145,3185.8511461058315
2026-04-06 22:50:00+00:00,2026-04-06 23:20:00+00:00,LONG,68943.1,68620.0,-0.0046864733381586365,-0.006086473338158637,3185.8511461058315,3166.460548045716
2026-04-07 09:05:00+00:00,2026-04-07 09:35:00+00:00,SHORT,69207.0,69145.0,0.0008966664256273571,-0.0005033335743726429,3166.460548045716,3164.8667621399586
2026-04-07 09:40:00+00:00,2026-04-07 10:10:00+00:00,SHORT,69180.6,68908.0,0.0039559993034190555,0.0025559993034190553,3164.8667621399586,3172.9561593794024
2026-04-07 10:35:00+00:00,2026-04-07 11:05:00+00:00,LONG,68552.0,68310.5,-0.0035228731473917474,-0.004922873147391748,3172.9561593794024,3157.3360987045426
2026-04-07 11:05:00+00:00,2026-04-07 11:35:00+00:00,LONG,68310.5,68448.4,0.002018723329502592,0.0006187233295025919,3157.3360987045426,3159.2896162078914
2026-04-07 14:05:00+00:00,2026-04-07 14:35:00+00:00,LONG,67858.5,68047.5,0.002785207453745553,0.001385207453745553,3159.2896162078914,3163.665887732803
2026-04-07 17:35:00+00:00,2026-04-07 18:05:00+00:00,SHORT,68714.1,68638.8,0.0010970471511739799,-0.0003029528488260201,3163.665887732803,3162.707446139381
2026-04-07 20:00:00+00:00,2026-04-07 20:30:00+00:00,SHORT,69365.5,69343.9,0.0003114909891137607,-0.0010885090108862393,3162.707446139381,3159.2648105854614
2026-04-07 21:05:00+00:00,2026-04-07 21:35:00+00:00,SHORT,69889.1,69863.1,0.00037215640302257214,-0.0010278435969774279,3159.2648105854614,3156.017580478745
2026-04-07 22:00:00+00:00,2026-04-07 22:30:00+00:00,SHORT,70074.9,70855.1,-0.01101120455690574,-0.01241120455690574,3156.017580478745,3116.8476007022327
2026-04-07 22:30:00+00:00,2026-04-07 23:00:00+00:00,SHORT,70855.1,71354.1,-0.006993291205410812,-0.008393291205410812,3116.8476007022327,3090.686991146653
2026-04-07 23:00:00+00:00,2026-04-07 23:30:00+00:00,SHORT,71354.1,72370.0,-0.014037584634516986,-0.015437584634516987,3090.686991146653,3042.974249142026
2026-04-08 13:00:00+00:00,2026-04-08 13:30:00+00:00,SHORT,72143.7,72115.5,0.00039103937433693226,-0.0010089606256630677,3042.974249142026,3039.9040079397355
2026-04-09 00:30:00+00:00,2026-04-09 01:00:00+00:00,LONG,70821.9,70851.0,0.00041088985186799043,-0.0009891101481320096,3039.9040079397355,3036.8972080361355
2026-04-09 01:05:00+00:00,2026-04-09 01:35:00+00:00,LONG,70575.5,70768.0,0.002727575433401075,0.001327575433401075,3036.8972080361355,3040.9289181632885
2026-04-09 08:40:00+00:00,2026-04-09 09:10:00+00:00,SHORT,71330.0,71330.4,-5.607707232790915e-06,-0.001405607707232791,3040.9289181632885,3036.654565038771
2026-04-09 09:55:00+00:00,2026-04-09 10:25:00+00:00,SHORT,71537.0,71403.6,0.0018682531412981263,0.00046825314129812627,3036.654565038771,3038.0764880778875
2026-04-09 15:30:00+00:00,2026-04-09 16:00:00+00:00,SHORT,72209.4,72300.5,-0.001260018948693431,-0.002660018948693431,3038.0764880778875,3029.9951470520205
2026-04-10 07:40:00+00:00,2026-04-10 08:10:00+00:00,LONG,71656.0,71610.6,-0.0006335826727698057,-0.002033582672769806,3029.9951470520205,3023.833401422399
2026-04-10 11:05:00+00:00,2026-04-10 11:35:00+00:00,SHORT,72102.0,72234.8,-0.0018384490577948442,-0.0032384490577948444,3023.833401422399,3014.0408709926346
2026-04-10 11:35:00+00:00,2026-04-10 12:05:00+00:00,SHORT,72234.8,72137.8,0.0013446487139889829,-5.5351286011017095e-05,3014.0408709926346,3013.8740399543353
2026-04-10 14:15:00+00:00,2026-04-10 14:45:00+00:00,SHORT,72749.7,72719.6,0.000413918668419333,-0.000986081331580667,3013.8740399543353,3010.902115027801
2026-04-10 15:20:00+00:00,2026-04-10 15:50:00+00:00,SHORT,73251.2,72500.1,0.01035998571036445,0.00895998571036445,3010.902115027801,3037.8797549537558
2026-04-11 13:10:00+00:00,2026-04-11 13:40:00+00:00,LONG,72610.1,72673.2,0.0008690251080771816,-0.0005309748919228184,3037.8797549537558,3036.2667170791947
2026-04-11 16:40:00+00:00,2026-04-11 17:10:00+00:00,SHORT,73123.7,73011.7,0.0015340007149537982,0.0001340007149537982,3036.2667170791947,3036.6735789900736
2026-04-11 18:30:00+00:00,2026-04-11 19:00:00+00:00,SHORT,73296.9,73542.3,-0.003336855116035431,-0.004736855116035431,3036.6735789900736,3022.289296211705
2026-04-11 19:05:00+00:00,2026-04-11 19:35:00+00:00,SHORT,73713.2,73671.7,0.0005633099276927123,-0.0008366900723072877,3022.289296211705,3019.760576761924
2026-04-12 01:30:00+00:00,2026-04-12 02:00:00+00:00,LONG,72614.0,71429.1,-0.016317789957859263,-0.017717789957859262,3019.760576761924,2966.2570931398323
2026-04-12 12:55:00+00:00,2026-04-12 13:25:00+00:00,LONG,71081.0,71050.0,-0.00043612217048161206,-0.001836122170481612,2966.2570931398323,2960.81068272777
2026-04-12 14:45:00+00:00,2026-04-12 15:15:00+00:00,LONG,70764.6,70795.0,0.0004295933277371766,-0.0009704066722628234,2960.81068272777,2957.9374922859442
2026-04-12 18:10:00+00:00,2026-04-12 18:40:00+00:00,SHORT,71180.8,71119.5,0.0008619295692462448,-0.0005380704307537552,2957.9374922859442,2956.3459135853273
2026-04-12 20:40:00+00:00,2026-04-12 21:10:00+00:00,SHORT,71322.9,71208.7,0.0016037366220700289,0.00020373662207002889,2956.3459135853273,2956.9482295154316
2026-04-13 07:20:00+00:00,2026-04-13 07:50:00+00:00,LONG,70714.4,70782.6,0.0009644428857489284,-0.00043555711425107154,2956.9482295154316,2955.6603096775943
2026-04-13 12:50:00+00:00,2026-04-13 13:20:00+00:00,SHORT,71202.5,71222.8,-0.00028502108875250176,-0.0016850210887525017,2955.6603096775943,2950.679959724599
2026-04-13 14:40:00+00:00,2026-04-13 15:10:00+00:00,SHORT,71987.0,71945.8,0.0005726533029029035,-0.0008273466970970965,2950.679959724599,2948.2387244057304
2026-04-13 19:20:00+00:00,2026-04-13 19:50:00+00:00,SHORT,72780.0,73441.0,-0.00900042210754215,-0.01040042210754215,2948.2387244057304,2917.5757971981093
2026-04-13 22:10:00+00:00,2026-04-13 22:40:00+00:00,SHORT,73750.1,74248.8,-0.006716606867720354,-0.008116606867720354,2917.5757971981093,2893.8949814454763
2026-04-13 22:50:00+00:00,2026-04-13 23:20:00+00:00,SHORT,74641.3,74617.6,0.0003176194356291351,-0.001082380564370865,2893.8949814454763,2890.7626857622295
2026-04-14 07:05:00+00:00,2026-04-14 07:35:00+00:00,SHORT,74919.8,74563.9,0.0047730872446318795,0.0033730872446318793,2890.7626857622295,2900.5134805048315
2026-04-14 13:40:00+00:00,2026-04-14 14:10:00+00:00,SHORT,75183.4,75564.6,-0.005044690238551031,-0.006444690238551031,2900.5134805048315,2881.8205695902366
2026-04-14 14:25:00+00:00,2026-04-14 14:55:00+00:00,SHORT,75844.2,75015.4,0.011048398062264653,0.009648398062264653,2881.8205695902366,2909.6255215896654
2026-04-14 18:45:00+00:00,2026-04-14 19:15:00+00:00,LONG,73856.9,74319.5,0.006263463535566727,0.0048634635355667265,2909.6255215896654,2923.776379216071
2026-04-15 05:25:00+00:00,2026-04-15 05:55:00+00:00,LONG,74018.5,74025.6,9.592196545460396e-05,-0.001304078034545396,2923.776379216071,2919.9635466620125
2026-04-15 07:15:00+00:00,2026-04-15 07:45:00+00:00,LONG,73638.6,73695.7,0.0007754085493205665,-0.0006245914506794335,2919.9635466620125,2918.1397623944717
2026-04-15 12:35:00+00:00,2026-04-15 13:05:00+00:00,SHORT,74445.6,74338.8,0.001436665644320323,3.666564432032297e-05,2918.1397623944717,2918.2467578690766
2026-04-15 19:05:00+00:00,2026-04-15 19:35:00+00:00,SHORT,74687.1,75144.8,-0.006090907155252179,-0.007490907155252179,2918.2467578690766,2896.386442349764
2026-04-15 19:35:00+00:00,2026-04-15 20:05:00+00:00,SHORT,75144.8,74770.0,0.0050127056306006335,0.0036127056306006333,2896.386442349764,2906.850233958436
2026-04-16 02:40:00+00:00,2026-04-16 03:10:00+00:00,SHORT,75192.0,74947.0,0.0032689767435654105,0.0018689767435654105,2906.850233958436,2912.283069442732
2026-04-16 07:50:00+00:00,2026-04-16 08:20:00+00:00,LONG,74646.8,74685.0,0.0005117433031287533,-0.0008882566968712467,2912.283069442732,2909.696214503115
2026-04-16 10:45:00+00:00,2026-04-16 11:15:00+00:00,LONG,74285.7,74291.4,7.67307839866227e-05,-0.0013232692160133773,2909.696214503115,2905.845903074512
2026-04-16 13:15:00+00:00,2026-04-16 13:45:00+00:00,SHORT,74920.0,74492.4,0.005740182891140755,0.004340182891140755,2905.845903074512,2918.4578057473273
2026-04-16 13:50:00+00:00,2026-04-16 14:20:00+00:00,LONG,73431.9,73562.9,0.0017839658241172174,0.0003839658241172174,2918.4578057473273,2919.578393803862
2026-04-16 19:55:00+00:00,2026-04-16 20:25:00+00:00,SHORT,75347.0,75185.4,0.0021493534649015267,0.0007493534649015267,2919.578393803862,2921.7661899893105
2026-04-17 07:00:00+00:00,2026-04-17 07:30:00+00:00,SHORT,74989.5,74976.8,0.00016938572998581591,-0.001230614270014184,2921.7661899893105,2918.1706228222647
2026-04-17 08:40:00+00:00,2026-04-17 09:10:00+00:00,SHORT,75344.6,75906.7,-0.007405143419487281,-0.008805143419487281,2918.1706228222647,2892.47571196578
2026-04-17 09:25:00+00:00,2026-04-17 09:55:00+00:00,SHORT,76283.6,75778.5,0.006665478994701823,0.005265478994701823,2892.47571196578,2907.705982069821
2026-04-17 12:45:00+00:00,2026-04-17 13:15:00+00:00,SHORT,76153.8,76812.8,-0.008579299283452801,-0.009979299283452802,2907.705982069821,2878.6891138464603
2026-04-17 13:15:00+00:00,2026-04-17 13:45:00+00:00,SHORT,76812.8,77046.0,-0.0030267632323546234,-0.004426763232354624,2878.6891138464603,2865.945838719905
2026-04-17 13:45:00+00:00,2026-04-17 14:15:00+00:00,SHORT,77046.0,77294.6,-0.0032162660780961083,-0.0046162660780961085,2865.945838719905,2852.715870162962
2026-04-17 23:15:00+00:00,2026-04-17 23:45:00+00:00,LONG,76929.6,77136.0,0.0026829724839332325,0.0012829724839332325,2852.715870162962,2856.3758261288604
2026-04-18 04:30:00+00:00,2026-04-18 05:00:00+00:00,LONG,76944.9,77181.1,0.003069729117849418,0.001669729117849418,2856.3758261288604,2861.1452000172685
2026-04-18 07:45:00+00:00,2026-04-18 08:15:00+00:00,LONG,76953.2,76840.8,-0.001460628018068011,-0.002860628018068011,2861.1452000172685,2852.9605278943386
2026-04-18 08:30:00+00:00,2026-04-18 09:00:00+00:00,LONG,76598.2,76665.1,0.0008733886697076532,-0.0005266113302923468,2852.9605278943386,2851.4581265554725
2026-04-18 10:05:00+00:00,2026-04-18 10:35:00+00:00,LONG,76259.6,76285.3,0.00033700675062542373,-0.0010629932493745763,2851.4581265554725,2848.42704581607
2026-04-18 10:50:00+00:00,2026-04-18 11:20:00+00:00,LONG,76150.0,76079.5,-0.0009258043335521604,-0.0023258043335521606,2848.42704581607,2841.802161849104
2026-04-18 18:15:00+00:00,2026-04-18 18:45:00+00:00,LONG,75621.4,75673.8,0.0006929255475303098,-0.0007070744524696902,2841.802161849104,2839.7927961414875
2026-04-19 07:05:00+00:00,2026-04-19 07:35:00+00:00,LONG,75240.9,75051.4,-0.0025185769973511407,-0.003918576997351141,2839.7927961414875,2828.664849413284
2026-04-19 07:35:00+00:00,2026-04-19 08:05:00+00:00,LONG,75051.4,75203.8,0.0020306083564065602,0.0006306083564065602,2828.664849413284,2830.4486291047974
2026-04-19 11:05:00+00:00,2026-04-19 11:35:00+00:00,SHORT,75445.9,75455.3,-0.00012457706748247865,-0.0015245770674824786,2830.4486291047974,2826.133392034177
2026-04-19 11:50:00+00:00,2026-04-19 12:20:00+00:00,SHORT,75611.8,75583.0,0.0003810380641149358,-0.0010189619358850642,2826.133392034177,2823.2536696819607
2026-04-19 13:10:00+00:00,2026-04-19 13:40:00+00:00,SHORT,75765.1,76043.5,-0.0036610624182210616,-0.005061062418221062,2823.2536696819607,2808.9650066372287
2026-04-19 17:00:00+00:00,2026-04-19 17:30:00+00:00,LONG,75164.5,75148.3,-0.0002155272768393779,-0.0016155272768393779,2808.9650066372287,2804.4270470493193
2026-04-19 17:50:00+00:00,2026-04-19 18:20:00+00:00,LONG,74812.9,74660.2,-0.0020410918437863135,-0.0034410918437863137,2804.4270470493193,2794.7767560112243
2026-04-19 22:00:00+00:00,2026-04-19 22:30:00+00:00,LONG,73876.0,74044.2,0.002276788131463592,0.0008767881314635918,2794.7767560112243,2797.2271831009853
2026-04-20 06:40:00+00:00,2026-04-20 07:10:00+00:00,SHORT,74786.7,74802.9,-0.00021656914370959957,-0.0016165691437095996,2797.2271831009853,2792.705271948839
2026-04-20 07:20:00+00:00,2026-04-20 07:50:00+00:00,SHORT,75380.7,74708.3,0.009000338650457795,0.007600338650457795,2792.705271948839,2813.9307777665686
2026-04-20 12:20:00+00:00,2026-04-20 12:50:00+00:00,SHORT,75511.1,75313.8,0.00261970581752613,0.00121970581752613,2813.9307777665686,2817.362945506326
2026-04-21 08:45:00+00:00,2026-04-21 09:15:00+00:00,SHORT,76663.1,76512.4,0.0019696153826047613,0.0005696153826047613,2817.362945506326,2818.9677587784668
2026-04-21 10:45:00+00:00,2026-04-21 11:15:00+00:00,SHORT,76731.8,76513.9,0.0028478485608498527,0.0014478485608498527,2818.9677587784668,2823.049197191096
2026-04-21 12:40:00+00:00,2026-04-21 13:10:00+00:00,LONG,75841.7,76000.1,0.002088560778569226,0.0006885607785692262,2823.049197191096,2824.9930381442528
2026-04-21 17:15:00+00:00,2026-04-21 17:45:00+00:00,LONG,75100.0,75718.1,0.008230359520639219,0.006830359520639219,2824.9930381442528,2844.2887562380806
2026-04-21 19:40:00+00:00,2026-04-21 20:10:00+00:00,LONG,74866.9,75585.9,0.009603710050770209,0.008203710050770209,2844.2887562380806,2867.6224764949234
2026-04-21 23:40:00+00:00,2026-04-22 00:10:00+00:00,SHORT,76080.7,76417.1,-0.004402156061928619,-0.0058021560619286195,2867.6224764949234,2850.984083359606
2026-04-22 02:10:00+00:00,2026-04-22 02:40:00+00:00,SHORT,76737.2,77251.0,-0.006651046588393661,-0.008051046588393661,2850.984083359606,2828.0306776817088
2026-04-22 02:40:00+00:00,2026-04-22 03:10:00+00:00,SHORT,77251.0,77606.0,-0.004574388578202693,-0.005974388578202693,2828.0306776817088,2811.1349235021603
2026-04-22 05:15:00+00:00,2026-04-22 05:45:00+00:00,SHORT,77932.9,78087.7,-0.0019823864705965644,-0.0033823864705965646,2811.1349235021603,2801.6265787698853
2026-04-22 13:45:00+00:00,2026-04-22 14:15:00+00:00,SHORT,78649.5,78800.0,-0.0019098984771573901,-0.0033098984771573903,2801.6265787698853,2792.3534792232513
2026-04-22 14:20:00+00:00,2026-04-22 14:50:00+00:00,SHORT,79081.7,78951.3,0.0016516510811093177,0.0002516510811093177,2792.3534792232513,2793.0561779951367
2026-04-22 23:20:00+00:00,2026-04-22 23:50:00+00:00,LONG,78234.1,78208.6,-0.0003259448245713781,-0.001725944824571378,2793.0561779951367,2788.235517139989
2026-04-23 00:10:00+00:00,2026-04-23 00:40:00+00:00,LONG,77892.0,78429.2,0.006896728803984953,0.005496728803984953,2788.235517139989,2803.561691619346
2026-04-23 03:15:00+00:00,2026-04-23 03:45:00+00:00,LONG,77661.7,77585.1,-0.0009863291686892373,-0.0023863291686892375,2803.561691619346,2796.8714705784155
2026-04-23 06:05:00+00:00,2026-04-23 06:35:00+00:00,SHORT,78226.6,78213.6,0.00016621150285889286,-0.0012337884971411071,2796.8714705784155,2793.420722730034
2026-04-23 08:40:00+00:00,2026-04-23 09:10:00+00:00,LONG,77734.3,77578.0,-0.0020106954073041416,-0.003410695407304142,2793.420722730034,2783.8932155003504
2026-04-23 10:05:00+00:00,2026-04-23 10:35:00+00:00,LONG,77306.1,77439.1,0.0017204334457436854,0.0003204334457436854,2783.8932155003504,2784.7852679959756
2026-04-23 14:55:00+00:00,2026-04-23 15:25:00+00:00,SHORT,78180.4,78383.1,-0.0025860166285845976,-0.003986016628584598,2784.7852679959756,2773.6850676107065
2026-04-23 15:35:00+00:00,2026-04-23 16:05:00+00:00,SHORT,78562.4,78405.1,0.0020062470426029932,0.0006062470426029933,2773.6850676107065,2775.3666059800576
2026-04-23 17:35:00+00:00,2026-04-23 18:05:00+00:00,LONG,77265.7,77972.0,0.009141184251226564,0.007741184251226564,2775.3666059800576,2796.8512302416502
2026-04-24 03:20:00+00:00,2026-04-24 03:50:00+00:00,LONG,77716.4,77716.4,0.0,-0.0014,2796.8512302416502,2792.935638519312
2026-04-24 11:00:00+00:00,2026-04-24 11:30:00+00:00,SHORT,77956.7,78365.1,-0.005211503590246247,-0.006611503590246247,2792.935638519312,2774.4701345179146
2026-04-24 22:35:00+00:00,2026-04-24 23:05:00+00:00,LONG,77312.6,77352.3,0.0005134997400164654,-0.0008865002599835346,2774.4701345179146,2772.010566022348
2026-04-25 10:20:00+00:00,2026-04-25 10:50:00+00:00,SHORT,77804.7,77790.4,0.00018382731031074684,-0.0012161726896892531,2772.010566022348,2768.6393224764215
2026-04-25 15:45:00+00:00,2026-04-25 16:15:00+00:00,LONG,77500.0,77409.2,-0.0011716129032258715,-0.0025716129032258717,2768.6393224764215,2761.5194538703627
2026-04-25 16:35:00+00:00,2026-04-25 17:05:00+00:00,LONG,77269.7,77366.5,0.001252754960870961,-0.00014724503912903904,2761.5194538703627,2761.112833830322
2026-04-25 21:00:00+00:00,2026-04-25 21:30:00+00:00,SHORT,77509.9,77457.1,0.0006816676586134385,-0.0007183323413865615,2761.112833830322,2759.1294371835643
2026-04-26 04:45:00+00:00,2026-04-26 05:15:00+00:00,SHORT,77734.9,78128.8,-0.005041674772939153,-0.006441674772939153,2759.1294371835643,2741.3560226927852
2026-04-26 05:15:00+00:00,2026-04-26 05:45:00+00:00,SHORT,78128.8,78043.0,0.0010993939238626016,-0.0003006060761373984,2741.3560226927852,2740.531954415508
2026-04-26 12:45:00+00:00,2026-04-26 13:15:00+00:00,LONG,77818.5,77880.7,0.0007992957972717818,-0.0006007042027282182,2740.531954415508,2738.88570535278
2026-04-26 19:10:00+00:00,2026-04-26 19:40:00+00:00,SHORT,78383.1,78170.4,0.002720978784808814,0.001320978784808814,2738.88570535278,2742.503715263567
2026-04-27 00:55:00+00:00,2026-04-27 01:25:00+00:00,SHORT,79291.5,78899.2,0.004972167018170159,0.003572167018170159,2742.503715263567,2752.3003965824405
2026-04-27 05:00:00+00:00,2026-04-27 05:30:00+00:00,LONG,78766.0,77868.4,-0.011395779905035264,-0.012795779905035264,2752.3003965824405,2717.0825664752306
2026-04-27 05:30:00+00:00,2026-04-27 06:00:00+00:00,LONG,77868.4,77750.8,-0.0015102403542385234,-0.0029102403542385236,2717.0825664752306,2709.1752031444767
2026-04-27 06:30:00+00:00,2026-04-27 07:00:00+00:00,LONG,77615.3,77674.2,0.0007588709957957462,-0.0006411290042042537,2709.1752031444767,2707.43827234427
2026-04-27 15:15:00+00:00,2026-04-27 15:45:00+00:00,LONG,76981.5,76810.4,-0.0022226119262420685,-0.0036226119262420687,2707.43827234427,2697.6302741693116
2026-04-27 23:40:00+00:00,2026-04-28 00:10:00+00:00,SHORT,77301.5,77316.0,-0.0001875420352838164,-0.0015875420352838164,2697.6302741693116,2693.347672713414
2026-04-28 02:35:00+00:00,2026-04-28 03:05:00+00:00,LONG,76706.4,76769.3,0.0008200098036148518,-0.0005799901963851482,2693.347672713414,2691.7855574677833
2026-04-28 11:15:00+00:00,2026-04-28 11:45:00+00:00,LONG,76380.5,76149.1,-0.0030295690654027485,-0.004429569065402749,2691.7855574677833,2679.862107431726
2026-04-28 11:50:00+00:00,2026-04-28 12:20:00+00:00,LONG,76174.9,76221.1,0.0006064989911376273,-0.0007935010088623727,2679.862107431726,2677.735634145867
2026-04-29 00:50:00+00:00,2026-04-29 01:20:00+00:00,SHORT,76537.6,76254.2,0.0037165165984300863,0.002316516598430086,2677.735634145867,2683.9386531885734
2026-04-29 03:15:00+00:00,2026-04-29 03:45:00+00:00,SHORT,76834.4,77002.1,-0.0021778626816673086,-0.0035778626816673088,2683.9386531885734,2674.335889241446
2026-04-29 04:30:00+00:00,2026-04-29 05:00:00+00:00,SHORT,77157.6,77239.0,-0.0010538717487279525,-0.0024538717487279527,2674.335889241446,2667.773411956227
2026-04-29 09:45:00+00:00,2026-04-29 10:15:00+00:00,SHORT,77654.4,77736.9,-0.0010612720599869618,-0.002461272059986962,2667.773411956227,2661.207295795003
2026-04-29 10:25:00+00:00,2026-04-29 10:55:00+00:00,SHORT,77881.9,77617.7,0.0034038627787218445,0.0020038627787218443,2661.207295795003,2666.5399900415096
2026-04-29 12:20:00+00:00,2026-04-29 12:50:00+00:00,LONG,77138.3,77160.2,0.00028390566035274567,-0.0011160943396472543,2666.5399900415096,2663.5638798521813
2026-04-29 13:30:00+00:00,2026-04-29 14:00:00+00:00,LONG,76670.3,76718.0,0.0006221444288074807,-0.0007778555711925193,2663.5638798521813,2661.4920118490113
2026-04-29 15:10:00+00:00,2026-04-29 15:40:00+00:00,LONG,76251.2,75982.9,-0.003518633149379946,-0.004918633149379946,2661.4920118490113,2648.401109012721
2026-04-29 15:50:00+00:00,2026-04-29 16:20:00+00:00,LONG,75781.1,75742.3,-0.0005120010134453956,-0.0019120010134453956,2648.401109012721,2643.337363408279
2026-04-29 16:20:00+00:00,2026-04-29 16:50:00+00:00,LONG,75742.3,75809.4,0.000885898632600135,-0.000514101367399865,2643.337363408279,2641.9784200552517
2026-04-29 18:05:00+00:00,2026-04-29 18:35:00+00:00,LONG,75034.8,75325.0,0.0038675387953321927,0.0024675387953321925,2641.9784200552517,2648.4976043031684
2026-04-30 00:50:00+00:00,2026-04-30 01:20:00+00:00,SHORT,76319.3,76273.5,0.000600470674611886,-0.000799529325388114,2648.4976043031684,2646.380052800308
2026-04-30 02:35:00+00:00,2026-04-30 03:05:00+00:00,LONG,75543.1,75810.0,0.0035330824390313875,0.0021330824390313873,2646.380052800308,2652.024999617939
2026-04-30 04:35:00+00:00,2026-04-30 05:05:00+00:00,LONG,75444.1,75601.1,0.002081010973687736,0.0006810109736877358,2652.024999617939,2653.831057745173
2026-04-30 07:30:00+00:00,2026-04-30 08:00:00+00:00,SHORT,76007.8,76166.1,-0.002078352442884679,-0.003478352442884679,2653.831057745173,2644.600098002462
2026-04-30 13:40:00+00:00,2026-04-30 14:10:00+00:00,SHORT,76630.0,76363.8,0.00348594491107046,0.0020859449110704597,2644.600098002462,2650.116588118706
2026-05-01 03:15:00+00:00,2026-05-01 03:45:00+00:00,SHORT,77241.3,77163.1,0.001013437770125858,-0.0003865622298741421,2650.116588118706,2649.0921531409767
2026-05-01 08:15:00+00:00,2026-05-01 08:45:00+00:00,SHORT,77350.5,77358.8,-0.00010729225375782914,-0.0015072922537578291,2649.0921531409767,2645.0991970590567
2026-05-01 13:50:00+00:00,2026-05-01 14:20:00+00:00,SHORT,78777.8,78393.6,0.004900910278390125,0.0035009102783901246,2645.0991970590567,2654.359452025402
2026-05-01 20:40:00+00:00,2026-05-01 21:10:00+00:00,LONG,77987.9,77957.9,-0.00038467505856676354,-0.0017846750585667635,2654.359452025402,2649.6222829149015
2026-05-02 05:10:00+00:00,2026-05-02 05:40:00+00:00,LONG,78093.7,78199.6,0.0013560632931979288,-4.393670680207114e-05,2649.6222829149015,2649.5058672375208
2026-05-02 11:45:00+00:00,2026-05-02 12:15:00+00:00,LONG,78102.8,78146.5,0.000559518992917063,-0.000840481007082937,2649.5058672375208,2647.279007877953
2026-05-02 13:10:00+00:00,2026-05-02 13:40:00+00:00,SHORT,78400.7,78365.8,0.00044534733263734694,-0.000954652667362653,2647.279007877953,2644.7517759118296
2026-05-02 21:35:00+00:00,2026-05-02 22:05:00+00:00,SHORT,78901.4,78748.0,0.0019479859805962008,0.0005479859805962008,2644.7517759118296,2646.2010628071857
2026-05-03 01:15:00+00:00,2026-05-03 01:45:00+00:00,LONG,78266.0,78291.3,0.0003232565865127768,-0.0010767434134872232,2646.2010628071857,2643.3517832420453
2026-05-03 02:15:00+00:00,2026-05-03 02:45:00+00:00,LONG,78125.5,78173.0,0.0006079961088250041,-0.0007920038911749959,2643.3517832420453,2641.2582383439735
2026-05-03 09:35:00+00:00,2026-05-03 10:05:00+00:00,SHORT,78596.7,78474.7,0.0015546411773474933,0.0001546411773474933,2641.2582383439735,2641.6666856276297
2026-05-03 11:40:00+00:00,2026-05-03 12:10:00+00:00,SHORT,78716.5,78854.3,-0.0017475267677222739,-0.003147526767722274,2641.6666856276297,2633.3519690232165
2026-05-03 12:10:00+00:00,2026-05-03 12:40:00+00:00,SHORT,78854.3,78796.3,0.0007360751710423497,-0.0006639248289576503,2633.3519690232165,2631.6036212675976
2026-05-03 20:35:00+00:00,2026-05-03 21:05:00+00:00,SHORT,79033.4,78985.3,0.0006089740749226635,-0.0007910259250773365,2631.6036212675976,2629.5219545786476
2026-05-04 00:20:00+00:00,2026-05-04 00:50:00+00:00,LONG,78351.6,78442.4,0.001158878695521004,-0.000241121304478996,2629.5219545786476,2628.8879208148037
2026-05-04 01:55:00+00:00,2026-05-04 02:25:00+00:00,SHORT,79780.9,79713.6,0.0008442724955337599,-0.00055572750446624,2628.8879208148037,2627.426975491048
2026-05-04 02:40:00+00:00,2026-05-04 03:10:00+00:00,SHORT,80154.6,80378.3,-0.0027830894656890592,-0.0041830894656890594,2627.426975491048,2616.436213388004
2026-05-04 04:15:00+00:00,2026-05-04 04:45:00+00:00,SHORT,80522.5,80310.0,0.0026459967625451775,0.0012459967625451775,2616.436213388004,2619.696284439291
2026-05-04 10:00:00+00:00,2026-05-04 10:30:00+00:00,LONG,79230.6,78956.3,-0.0034620462296133248,-0.004862046229613325,2619.696284439291,2606.959199996801
2026-05-04 14:45:00+00:00,2026-05-04 15:15:00+00:00,SHORT,80022.9,79502.4,0.006546972166878051,0.005146972166878051,2606.959199996801,2620.3771464393712
2026-05-05 02:00:00+00:00,2026-05-05 02:30:00+00:00,SHORT,80490.3,80468.1,0.0002758857236593304,-0.0011241142763406696,2620.3771464393712,2617.431543079662
2026-05-05 02:35:00+00:00,2026-05-05 03:05:00+00:00,SHORT,80715.9,80521.1,0.0024192416646069415,0.0010192416646069415,2617.431543079662,2620.099338362625
2026-05-05 05:20:00+00:00,2026-05-05 05:50:00+00:00,SHORT,81158.6,81023.0,0.001673598854646352,0.00027359885464635207,2620.099338362625,2620.8161945406605
2026-05-05 12:30:00+00:00,2026-05-05 13:00:00+00:00,SHORT,81241.0,81469.8,-0.002808402622812456,-0.004208402622812456,2620.8161945406605,2609.7867447936464
2026-05-05 13:00:00+00:00,2026-05-05 13:30:00+00:00,SHORT,81469.8,81484.5,-0.00018040240781980188,-0.0015804024078198019,2609.7867447936464,2605.6622315382783
2026-05-05 22:35:00+00:00,2026-05-05 23:05:00+00:00,LONG,81003.4,81138.2,0.001664127678591365,0.000264127678591365,2605.6622315382783,2606.3504590546877
2026-05-06 05:35:00+00:00,2026-05-06 06:05:00+00:00,LONG,81069.1,81290.2,0.00272730300447388,0.00132730300447388,2606.3504590546877,2609.8098758497026
2026-05-06 08:50:00+00:00,2026-05-06 09:20:00+00:00,SHORT,81920.0,81717.0,0.0024841832176902834,0.0010841832176902834,2609.8098758497026,2612.639387918461
2026-05-06 11:15:00+00:00,2026-05-06 11:45:00+00:00,SHORT,82538.5,82533.0,6.664001066236658e-05,-0.0013333599893376334,2612.639387918461,2609.1557990920433
2026-05-06 14:00:00+00:00,2026-05-06 14:30:00+00:00,LONG,81411.6,81720.4,0.003793071257658376,0.0023930712576583756,2609.1557990920433,2615.399694841603
2026-05-07 00:40:00+00:00,2026-05-07 01:10:00+00:00,LONG,81039.4,81157.7,0.0014597837595047292,5.9783759504729176e-05,2615.399694841603,2615.556053267968
2026-05-07 07:10:00+00:00,2026-05-07 07:40:00+00:00,SHORT,81659.5,81590.9,0.0008407800379699459,-0.000559219962030054,2615.556053267968,2614.093382111172
2026-05-07 09:35:00+00:00,2026-05-07 10:05:00+00:00,LONG,80930.0,80958.7,0.0003546274558259288,-0.0010453725441740712,2614.093382111172,2611.3606806616062
2026-05-07 10:25:00+00:00,2026-05-07 10:55:00+00:00,LONG,80619.9,80847.5,0.0028231243154606123,0.0014231243154606123,2611.3606806616062,2615.076971542693
2026-05-07 13:45:00+00:00,2026-05-07 14:15:00+00:00,LONG,80331.6,80470.9,0.0017340623117176879,0.0003340623117176879,2615.076971542693,2615.950570201126
2026-05-07 15:20:00+00:00,2026-05-07 15:50:00+00:00,LONG,79835.7,80024.8,0.00236861454211601,0.0009686145421160099,2615.950570201126,2618.4844179648794
2026-05-08 02:15:00+00:00,2026-05-08 02:45:00+00:00,LONG,79385.7,79594.4,0.0026289369496017567,0.0012289369496017567,2618.4844179648794,2621.7023702180727
2026-05-08 10:50:00+00:00,2026-05-08 11:20:00+00:00,SHORT,80211.9,80276.0,-0.0007984951915891436,-0.002198495191589144,2621.7023702180727,2615.9385701633705
2026-05-08 13:10:00+00:00,2026-05-08 13:40:00+00:00,LONG,79686.8,79596.8,-0.0011294216859002448,-0.002529421685900245,2615.9385701633705,2609.3217584150166
2026-05-09 16:15:00+00:00,2026-05-09 16:45:00+00:00,SHORT,80648.6,80629.9,0.00023192388927695262,-0.0011680761107230474,2609.3217584150166,2606.2738720038224
2026-05-09 18:25:00+00:00,2026-05-09 18:55:00+00:00,SHORT,81034.1,80915.5,0.0014657265913207151,6.572659132071516e-05,2606.2738720038224,2606.4451735014773
2026-05-10 15:45:00+00:00,2026-05-10 16:15:00+00:00,SHORT,81342.6,81361.0,-0.0002261525792455199,-0.0016261525792455199,2606.4451735014773,2602.206695959926
2026-05-10 20:40:00+00:00,2026-05-10 21:10:00+00:00,LONG,80800.1,80662.2,-0.0017066810560879553,-0.0031066810560879555,2602.206695959926,2594.122469713562
2026-05-10 22:30:00+00:00,2026-05-10 23:00:00+00:00,SHORT,82010.1,82229.2,-0.0026645036069911088,-0.004064503606991109,2594.122469713562,2583.578649578435
2026-05-10 23:00:00+00:00,2026-05-10 23:30:00+00:00,SHORT,82229.2,82208.0,0.00025788244453095466,-0.0011421175554690453,2583.578649578435,2580.6278990468168
2026-05-11 03:05:00+00:00,2026-05-11 03:35:00+00:00,LONG,81037.9,80620.0,-0.005156846364478773,-0.006556846364478773,2580.6278990468168,2563.7071183888793
2026-05-11 16:10:00+00:00,2026-05-11 16:40:00+00:00,SHORT,81785.6,81580.5,0.002514081183616179,0.0011140811836161792,2563.7071183888793,2566.563296249779
2026-05-12 01:15:00+00:00,2026-05-12 01:45:00+00:00,LONG,81375.8,81159.2,-0.00266172498457784,-0.00406172498457784,2566.563296249779,2556.138621984901
2026-05-12 07:00:00+00:00,2026-05-12 07:30:00+00:00,LONG,80921.9,81079.0,0.001941378044756803,0.000541378044756803,2556.138621984901,2557.5224593141984
2026-05-12 11:15:00+00:00,2026-05-12 11:45:00+00:00,LONG,80542.7,80741.9,0.0024732222783689917,0.0010732222783689917,2557.5224593141984,2560.267249394963
2026-05-12 16:45:00+00:00,2026-05-12 17:15:00+00:00,LONG,79979.2,80335.5,0.004454908276151803,0.003054908276151803,2560.267249394963,2568.0886310043
2026-05-13 01:10:00+00:00,2026-05-13 01:40:00+00:00,SHORT,80955.1,81113.7,-0.0019552800574994533,-0.0033552800574994535,2568.0886310043,2559.4719744348004
2026-05-13 01:45:00+00:00,2026-05-13 02:15:00+00:00,SHORT,81124.2,81045.9,0.0009661191991205964,-0.0004338808008794036,2559.4719744348004,2558.3614686847045
2026-05-13 03:45:00+00:00,2026-05-13 04:15:00+00:00,SHORT,81268.4,81188.3,0.0009865953591834398,-0.0004134046408165602,2558.3614686847045,2557.303830180664
2026-05-13 11:00:00+00:00,2026-05-13 11:30:00+00:00,LONG,80740.8,80666.2,-0.0009239442760042849,-0.002323944276004285,2557.303830180664,2551.360798582512
2026-05-13 12:20:00+00:00,2026-05-13 12:50:00+00:00,LONG,80279.5,80166.9,-0.0014025996674120744,-0.0028025996674120746,2551.360798582512,2544.2103556569564
2026-05-13 13:35:00+00:00,2026-05-13 14:05:00+00:00,LONG,79904.4,79687.2,-0.0027182483067265117,-0.004118248306726512,2544.2103556569564,2533.732665667816
2026-05-13 15:25:00+00:00,2026-05-13 15:55:00+00:00,LONG,79291.7,78835.1,-0.005758484179302359,-0.007158484179302359,2533.732665667816,2515.5949804660513
2026-05-13 15:55:00+00:00,2026-05-13 16:25:00+00:00,LONG,78835.1,79062.5,0.0028845019540788552,0.0014845019540788552,2515.5949804660513,2519.329386130224
2026-05-14 03:20:00+00:00,2026-05-14 03:50:00+00:00,LONG,79075.4,79097.9,0.00028453855434174,-0.00111546144565826,2519.329386130224,2516.519171331082
2026-05-14 05:45:00+00:00,2026-05-14 06:15:00+00:00,SHORT,79826.5,79845.3,-0.0002354553117090985,-0.0016354553117090985,2516.519171331082,2512.403516685311
2026-05-14 14:45:00+00:00,2026-05-14 15:15:00+00:00,SHORT,80690.8,81009.5,-0.003934106493682754,-0.005334106493682754,2512.403516685311,2499.0020887722085
2026-05-14 15:15:00+00:00,2026-05-14 15:45:00+00:00,SHORT,81009.5,81075.0,-0.0008078939253777229,-0.002207893925377723,2499.0020887722085,2493.484557240902
2026-05-14 16:00:00+00:00,2026-05-14 16:30:00+00:00,SHORT,81330.1,81463.3,-0.0016350921212373581,-0.0030350921212373583,2493.484557240902,2485.9166019067934
2026-05-14 16:55:00+00:00,2026-05-14 17:25:00+00:00,SHORT,81880.5,81471.4,0.0050213940106589305,0.0036213940106589303,2485.9166019067934,2494.919085399936
2026-05-15 02:30:00+00:00,2026-05-15 03:00:00+00:00,LONG,80795.9,81230.2,0.0053752727551770185,0.003975272755177018,2494.919085399936,2504.8370692664976
2026-05-15 05:30:00+00:00,2026-05-15 06:00:00+00:00,LONG,80553.6,80427.3,-0.0015679001310928697,-0.00296790013109287,2504.8370692664976,2497.4029630002556
2026-05-15 13:00:00+00:00,2026-05-15 13:30:00+00:00,LONG,80141.8,79716.8,-0.00530310025479841,-0.00670310025479841,2497.4029630002556,2480.6626205626344
2026-05-15 13:30:00+00:00,2026-05-15 14:00:00+00:00,LONG,79716.8,78957.3,-0.00952747726953418,-0.01092747726953418,2480.6626205626344,2453.5552361630535
2026-05-15 14:00:00+00:00,2026-05-15 14:30:00+00:00,LONG,78957.3,79140.8,0.002324040968979535,0.000924040968979535,2453.5552361630535,2455.822421720922
2026-05-16 04:30:00+00:00,2026-05-16 05:00:00+00:00,LONG,78925.7,79014.6,0.0011263758192832096,-0.00027362418071679036,2455.822421720922,2455.150449322793
2026-05-16 06:20:00+00:00,2026-05-16 06:50:00+00:00,LONG,78840.0,78657.7,-0.002312278031456172,-0.003712278031456172,2455.150449322793,2446.036248245852
2026-05-16 06:50:00+00:00,2026-05-16 07:20:00+00:00,LONG,78657.7,78420.0,-0.003021954621098777,-0.004421954621098777,2446.036248245852,2435.2199869545466
2026-05-16 07:50:00+00:00,2026-05-16 08:20:00+00:00,LONG,78352.8,78424.9,0.0009201968532073224,-0.0004798031467926776,2435.2199869545466,2434.0515607416733
2026-05-16 09:15:00+00:00,2026-05-16 09:45:00+00:00,LONG,77973.2,78063.6,0.001159372707545847,-0.0002406272924541529,2434.0515607416733,2433.4658615049184
2026-05-16 10:25:00+00:00,2026-05-16 10:55:00+00:00,LONG,77773.8,77974.0,0.002574131648447109,0.0011741316484471089,2433.4658615049184,2436.3230707883267
2026-05-17 00:55:00+00:00,2026-05-17 01:25:00+00:00,LONG,77955.6,77984.8,0.0003745721923762435,-0.0010254278076237565,2436.3230707883267,2433.824797363185
2026-05-17 01:40:00+00:00,2026-05-17 02:10:00+00:00,LONG,77783.1,77861.2,0.0010040741497829853,-0.0003959258502170147,2433.824797363185,2432.86118321101
2026-05-17 05:05:00+00:00,2026-05-17 05:35:00+00:00,SHORT,78281.4,78204.6,0.0009820394196760063,-0.0004179605803239937,2432.86118321101,2431.8443431390274
2026-05-17 10:00:00+00:00,2026-05-17 10:30:00+00:00,SHORT,78324.1,78480.1,-0.0019877650512677425,-0.0033877650512677427,2431.8443431390274,2423.605825863218
2026-05-17 14:05:00+00:00,2026-05-17 14:35:00+00:00,LONG,78064.8,77977.0,-0.001124706653959362,-0.002524706653959362,2423.605825863218,2417.4869321080864
2026-05-17 19:40:00+00:00,2026-05-17 20:10:00+00:00,SHORT,78381.7,78341.7,0.0005105837631811383,-0.0008894162368188617,2417.4869321080864,2415.3367799783723
2026-05-17 23:40:00+00:00,2026-05-18 00:10:00+00:00,LONG,77249.6,77207.1,-0.000550164661046737,-0.001950164661046737,2415.3367799783723,2410.6264755455322
2026-05-18 11:35:00+00:00,2026-05-18 12:05:00+00:00,SHORT,77169.8,77457.9,-0.0037194398505510096,-0.00511943985055101,2410.6264755455322,2398.285418301831
2026-05-18 12:15:00+00:00,2026-05-18 12:45:00+00:00,SHORT,77452.1,77678.4,-0.002913293785659743,-0.004313293785659743,2398.285418301831,2387.9409087108315
2026-05-18 12:45:00+00:00,2026-05-18 13:15:00+00:00,SHORT,77678.4,77416.6,0.003381703665621849,0.001981703665621849,2387.9409087108315,2392.673099962912
2026-05-18 13:40:00+00:00,2026-05-18 14:10:00+00:00,LONG,76814.2,76693.8,-0.0015674185241790761,-0.0029674185241790763,2392.673099962912,2385.573037483777
2026-05-19 01:25:00+00:00,2026-05-19 01:55:00+00:00,LONG,76765.6,76669.4,-0.0012531654803715764,-0.0026531654803715766,2385.573037483777,2379.24371744982
2026-05-19 22:20:00+00:00,2026-05-19 22:50:00+00:00,LONG,76684.5,76753.4,0.0008984866563646055,-0.0005015133436353945,2379.24371744982,2378.0504949777583
2026-05-20 05:05:00+00:00,2026-05-20 05:35:00+00:00,SHORT,77033.0,77295.2,-0.0033921899419367962,-0.0047921899419367964,2378.0504949777583,2366.6544253143084
2026-05-20 08:35:00+00:00,2026-05-20 09:05:00+00:00,SHORT,77576.0,77423.4,0.001970980349610185,0.0005709803496101852,2366.6544253143084,2368.005738485481
2026-05-20 13:30:00+00:00,2026-05-20 14:00:00+00:00,LONG,77254.6,77204.9,-0.000643327387624959,-0.002043327387624959,2368.005738485481,2363.1671275059803
2026-05-21 00:45:00+00:00,2026-05-21 01:15:00+00:00,SHORT,77950.5,77886.0,0.0008281334257760342,-0.0005718665742239658,2363.1671275059803,2361.815711216455
2026-05-21 07:15:00+00:00,2026-05-21 07:45:00+00:00,LONG,77545.0,77803.4,0.003332258688503398,0.0019322586885033978,2361.815711216455,2366.3793501450964
2026-05-21 08:05:00+00:00,2026-05-21 08:35:00+00:00,SHORT,78120.1,77926.8,0.0024805330130328596,0.0010805330130328596,2366.3793501450964,2368.9363011542873
2026-05-21 10:25:00+00:00,2026-05-21 10:55:00+00:00,LONG,77386.5,77204.9,-0.0023466625315785583,-0.0037466625315785585,2368.9363011542873,2360.060696275056
2026-05-21 13:35:00+00:00,2026-05-21 14:05:00+00:00,LONG,76890.9,77196.0,0.003967959797583465,0.0025679597975834644,2360.060696275056,2366.121237262947
2026-05-21 17:15:00+00:00,2026-05-21 17:45:00+00:00,SHORT,77766.3,77912.6,-0.001877745063057823,-0.003277745063057823,2366.121237262947,2358.365695058912
2026-05-22 07:05:00+00:00,2026-05-22 07:35:00+00:00,LONG,77323.7,77457.0,0.0017239216436875093,0.00032392164368750935,2358.365695058912,2359.1296207512714
2026-05-22 14:20:00+00:00,2026-05-22 14:50:00+00:00,LONG,76818.6,76789.3,-0.00038141804198466023,-0.0017814180419846602,2359.1296207512714,2354.927024681485
2026-05-22 18:45:00+00:00,2026-05-22 19:15:00+00:00,LONG,76339.5,76356.3,0.0002200695576994871,-0.0011799304423005129,2354.927024681485,2352.148374595667
2026-05-22 19:30:00+00:00,2026-05-22 20:00:00+00:00,LONG,75857.4,75886.1,0.0003783414670159857,-0.0010216585329840143,2352.148374595667,2349.745282137917
2026-05-22 22:40:00+00:00,2026-05-22 23:10:00+00:00,LONG,75657.1,75860.5,0.002688445631672254,0.0012884456316722538,2349.745282137917,2352.77280118223
2026-05-23 00:35:00+00:00,2026-05-23 01:05:00+00:00,LONG,75313.7,75499.9,0.0024723257521539477,0.0010723257521539477,2352.77280118223,2355.295740045905
2026-05-23 07:00:00+00:00,2026-05-23 07:30:00+00:00,LONG,75366.8,75281.5,-0.0011317980861600407,-0.002531798086160041,2355.295740045905,2349.332606798916
2026-05-23 07:30:00+00:00,2026-05-23 08:00:00+00:00,LONG,75281.5,74615.6,-0.008845466681721148,-0.010245466681721148,2349.332606798916,2325.2625978516767
2026-05-23 13:00:00+00:00,2026-05-23 13:30:00+00:00,SHORT,74949.1,74961.3,-0.00016275064599990952,-0.0015627506459999095,2325.2625978516767,2321.6287922247648
2026-05-23 13:45:00+00:00,2026-05-23 14:15:00+00:00,SHORT,75144.0,75229.7,-0.0011391777449597518,-0.002539177744959752,2321.6287922247648,2315.73376406349
2026-05-23 14:20:00+00:00,2026-05-23 14:50:00+00:00,SHORT,75296.7,75443.8,-0.001949795741996052,-0.0033497957419960523,2315.73376406349,2307.9765289610336
2026-05-23 14:55:00+00:00,2026-05-23 15:25:00+00:00,SHORT,75538.9,75543.2,-5.6921072975502085e-05,-0.001456921072975502,2307.9765289610336,2304.6139893200575
2026-05-23 18:10:00+00:00,2026-05-23 18:40:00+00:00,SHORT,75694.3,75897.0,-0.002670724798081614,-0.004070724798081614,2304.6139893200575,2295.2325400037266
2026-05-23 18:40:00+00:00,2026-05-23 19:10:00+00:00,SHORT,75897.0,75805.0,0.0012136402611964137,-0.00018635973880358632,2295.2325400037266,2294.804801067078
2026-05-23 19:15:00+00:00,2026-05-23 19:45:00+00:00,SHORT,75958.2,75960.5,-3.0278894951996094e-05,-0.001430278894951996,2294.804801067078,2291.5225901920776
2026-05-23 20:10:00+00:00,2026-05-23 20:40:00+00:00,SHORT,76090.4,76840.0,-0.009755335762623663,-0.011155335762623663,2291.5225901920776,2265.959886290848
2026-05-23 20:40:00+00:00,2026-05-23 21:10:00+00:00,SHORT,76840.0,76976.9,-0.0017784556146064334,-0.0031784556146064336,2265.959886290848,2258.757633367794
2026-05-24 06:50:00+00:00,2026-05-24 07:20:00+00:00,SHORT,77009.0,76891.7,0.0015255222605301544,0.0001255222605301544,2258.757633367794,2259.0411577319237
2026-05-24 10:25:00+00:00,2026-05-24 10:55:00+00:00,SHORT,77231.6,77190.1,0.0005376337120952535,-0.0008623662879047465,2259.0411577319237,2257.0930367945066
2026-05-24 13:50:00+00:00,2026-05-24 14:20:00+00:00,LONG,76784.4,76492.8,-0.003797646396924259,-0.005197646396924259,2257.0930367945066,2245.3614653042887
2026-05-24 21:30:00+00:00,2026-05-24 22:00:00+00:00,LONG,76411.7,76598.8,0.0024485779010283704,0.0010485779010283704,2245.3614653042887,2247.7159017166273
2026-05-25 04:50:00+00:00,2026-05-25 05:20:00+00:00,SHORT,77384.2,77387.1,-3.747394591613329e-05,-0.0014374739459161333,2247.7159017166273,2244.4848686700884
2026-05-25 05:40:00+00:00,2026-05-25 06:10:00+00:00,SHORT,77467.8,77342.6,0.0016187715437545602,0.00021877154375456024,2244.4848686700884,2244.975898089741
2026-05-25 09:30:00+00:00,2026-05-25 10:00:00+00:00,SHORT,77624.4,77561.1,0.0008161307665826012,-0.0005838692334173988,2244.975898089741,2243.6651257330827
2026-05-25 14:25:00+00:00,2026-05-25 14:55:00+00:00,SHORT,77625.7,77717.9,-0.001186341885202724,-0.0025863418852027243,2243.6651257330827,2237.862240642031
2026-05-25 19:05:00+00:00,2026-05-25 19:35:00+00:00,LONG,77439.3,77360.3,-0.0010201538495311357,-0.002420153849531136,2237.862240642031,2232.446269725621
2026-05-25 19:35:00+00:00,2026-05-25 20:05:00+00:00,LONG,77360.3,77457.2,0.0012525804579350819,-0.0001474195420649181,2232.446269725621,2232.1171635188534
2026-05-25 20:40:00+00:00,2026-05-25 21:10:00+00:00,LONG,77269.0,77374.0,0.001358889075826042,-4.111092417395808e-05,2232.1171635188534,2232.0253991193968
2026-05-26 00:35:00+00:00,2026-05-26 01:05:00+00:00,LONG,76971.1,76686.5,-0.0036974916559592286,-0.005097491655959229,2232.0253991193968,2220.6476682714965
2026-05-26 05:30:00+00:00,2026-05-26 06:00:00+00:00,SHORT,76899.9,76873.3,0.0003460239120733899,-0.00105397608792661,2220.6476682714965,2218.3071587294285
2026-05-26 10:25:00+00:00,2026-05-26 10:55:00+00:00,SHORT,77235.8,77439.4,-0.002629152601905327,-0.004029152601905327,2218.3071587294285,2209.369260669009
2026-05-26 14:20:00+00:00,2026-05-26 14:50:00+00:00,SHORT,77791.0,77085.8,0.009148247796610942,0.007748247796610942,2209.369260669009,2226.4880011748874
2026-05-26 17:30:00+00:00,2026-05-26 18:00:00+00:00,LONG,75896.6,75992.4,0.001262243631466875,-0.00013775636853312497,2226.4880011748874,2226.181288273263
2026-05-27 04:30:00+00:00,2026-05-27 05:00:00+00:00,LONG,75349.1,75631.4,0.0037465610073641464,0.0023465610073641462,2226.181288273263,2231.4051584796484
2026-05-27 07:55:00+00:00,2026-05-27 08:25:00+00:00,SHORT,75995.0,76050.0,-0.0007232084155160967,-0.002123208415516097,2231.4051584796484,2226.6674202687386
2026-05-27 13:20:00+00:00,2026-05-27 13:50:00+00:00,LONG,75384.4,75016.6,-0.004878993531818088,-0.006278993531818088,2226.6674202687386,2212.686189939361
2026-05-27 13:50:00+00:00,2026-05-27 14:20:00+00:00,LONG,75016.6,74891.0,-0.0016742960891323877,-0.003074296089132388,2212.686189939361,2205.8837374391533
2026-05-27 20:15:00+00:00,2026-05-27 20:45:00+00:00,SHORT,75399.1,75289.0,0.0014623650201226468,6.236502012264681e-05,2205.8837374391533,2206.021307422827
2026-05-27 21:40:00+00:00,2026-05-27 22:10:00+00:00,LONG,74636.2,74406.6,-0.0030762552219967265,-0.004476255221996727,2206.021307422827,2196.1465930256395
2026-05-27 22:10:00+00:00,2026-05-27 22:40:00+00:00,LONG,74406.6,74630.3,0.0030064537285670045,0.0016064537285670046,2196.1465930256395,2199.674600908485
2026-05-28 03:15:00+00:00,2026-05-28 03:45:00+00:00,LONG,73731.3,73421.4,-0.00420309963339871,-0.0056030996333987105,2199.674600908485,2187.3496049585383
2026-05-28 03:50:00+00:00,2026-05-28 04:20:00+00:00,LONG,73248.0,72905.5,-0.004675895587592849,-0.006075895587592849,2187.3496049585383,2174.059497145248
2026-05-28 04:25:00+00:00,2026-05-28 04:55:00+00:00,LONG,73009.2,73186.8,0.0024325701418452805,0.0010325701418452805,2174.059497145248,2176.304366068595
2026-05-28 13:30:00+00:00,2026-05-28 14:00:00+00:00,LONG,72957.8,72894.0,-0.0008744781229697018,-0.002274478122969702,2176.304366068595,2171.3544093990486
2026-05-29 06:20:00+00:00,2026-05-29 06:50:00+00:00,SHORT,73832.7,73784.0,0.0006600346958689496,-0.0007399653041310504,2171.3544093990486,2169.7476824731216
2026-05-29 07:50:00+00:00,2026-05-29 08:20:00+00:00,LONG,73401.0,73773.3,0.0050721379817713075,0.0036721379817713073,2169.7476824731216,2177.715295348791
2026-05-29 11:50:00+00:00,2026-05-29 12:20:00+00:00,LONG,73424.8,73322.6,-0.001391900284372527,-0.002791900284372527,2177.715295348791,2171.6353313964246
2026-05-29 12:30:00+00:00,2026-05-29 13:00:00+00:00,LONG,73288.6,73248.7,-0.0005444230071254275,-0.0019444230071254274,2171.6353313964246,2167.412753694971
2026-05-29 13:10:00+00:00,2026-05-29 13:40:00+00:00,LONG,73129.2,73266.6,0.0018788664445941183,0.00047886644459411835,2167.412753694971,2168.4506549343005
2026-05-29 15:30:00+00:00,2026-05-29 16:00:00+00:00,SHORT,74043.9,73871.5,0.002333782311175314,0.0009337823111753142,2168.4506549343005,2170.4755157985346
2026-05-29 18:50:00+00:00,2026-05-29 19:20:00+00:00,LONG,73337.7,73324.4,-0.0001813528376265472,-0.0015813528376265472,2170.4755157985346,2167.043228182628
2026-05-30 02:50:00+00:00,2026-05-30 03:20:00+00:00,SHORT,73784.2,73700.0,0.001142469470827745,-0.000257530529172255,2167.043228182628,2166.485148393335
2026-05-30 13:20:00+00:00,2026-05-30 13:50:00+00:00,SHORT,73782.9,73819.1,-0.0004903879890165719,-0.0018903879890165719,2166.485148393335,2162.3896508904295
2026-05-30 14:00:00+00:00,2026-05-30 14:30:00+00:00,SHORT,73920.3,74064.7,-0.0019496467277932972,-0.0033496467277932974,2162.3896508904295,2155.1464094721105
2026-05-30 14:30:00+00:00,2026-05-30 15:00:00+00:00,SHORT,74064.7,73891.7,0.002341264309793978,0.0009412643097939778,2155.1464094721105,2157.174971869727
2026-05-31 01:10:00+00:00,2026-05-31 01:40:00+00:00,SHORT,74151.4,74075.7,0.0010219275686897955,-0.0003780724313102045,2157.174971869727,2156.359403483351
2026-05-31 06:00:00+00:00,2026-05-31 06:30:00+00:00,LONG,74007.5,74082.0,0.0010066547309395268,-0.00039334526906047314,2156.359403483351,2155.5112097135966
2026-05-31 07:20:00+00:00,2026-05-31 07:50:00+00:00,LONG,73890.8,73890.4,-5.413393819098111e-06,-0.001405413393819098,2155.5112097135966,2152.481825388938
2026-05-31 14:15:00+00:00,2026-05-31 14:45:00+00:00,LONG,73581.9,73658.4,0.0010396578506399745,-0.0003603421493600255,2152.481825388938,2151.706195461519
2026-05-31 16:30:00+00:00,2026-05-31 17:00:00+00:00,LONG,73435.6,73500.1,0.0008783205965499086,-0.0005216794034500914,2151.706195461519,2150.583694657071
2026-05-31 21:45:00+00:00,2026-05-31 22:15:00+00:00,SHORT,73840.2,73889.4,-0.0006658600557047922,-0.0020658600557047924,2150.583694657071,2146.140889705829
2026-06-01 06:40:00+00:00,2026-06-01 07:10:00+00:00,LONG,73007.1,73115.8,0.0014888962854298082,8.889628542980824e-05,2146.140889705829,2146.3316736589327
2026-06-01 07:30:00+00:00,2026-06-01 08:00:00+00:00,LONG,72906.9,72834.8,-0.0009889324604391847,-0.002388932460439185,2146.3316736589327,2141.20423225286
2026-06-01 12:00:00+00:00,2026-06-01 12:30:00+00:00,LONG,72323.6,72218.0,-0.0014601043089670362,-0.0028601043089670364,2141.20423225286,2135.080164801815
2026-06-01 13:10:00+00:00,2026-06-01 13:40:00+00:00,LONG,71843.0,71600.4,-0.0033768077613686165,-0.004776807761368617,2135.080164801815,2124.8812972994456
2026-06-01 15:15:00+00:00,2026-06-01 15:45:00+00:00,LONG,71261.4,71168.9,-0.0012980379279665666,-0.002698037927966567,2124.8812972994456,2119.148286966905
2026-06-01 16:05:00+00:00,2026-06-01 16:35:00+00:00,LONG,70900.0,71223.6,0.004564174894217343,0.003164174894217343,2119.148286966905,2125.853642773649
2026-06-01 21:05:00+00:00,2026-06-01 21:35:00+00:00,LONG,71160.2,71101.0,-0.000831925711282433,-0.002231925711282433,2125.853642773649,2121.108895369919
2026-06-01 21:40:00+00:00,2026-06-01 22:10:00+00:00,LONG,71017.6,70978.0,-0.0005576082548551797,-0.00195760825485518,2121.108895369919,2116.9565950868964
2026-06-02 02:05:00+00:00,2026-06-02 02:35:00+00:00,LONG,70261.1,70739.1,0.0068031955093217356,0.005403195509321735,2116.9565950868964,2128.394925454899
2026-06-02 05:55:00+00:00,2026-06-02 06:25:00+00:00,LONG,70270.8,70370.8,0.0014230661953471557,2.306619534715574e-05,2128.394925454899,2128.444019428025
2026-06-02 06:55:00+00:00,2026-06-02 07:25:00+00:00,LONG,70110.7,69916.0,-0.00277703688595321,-0.00417703688595321,2128.444019428025,2119.553430249188
2026-06-02 14:20:00+00:00,2026-06-02 14:50:00+00:00,LONG,68010.2,68105.4,0.0013997900314952627,-2.099685047372759e-07,2119.553430249188,2119.5529852097234
2026-06-02 15:30:00+00:00,2026-06-02 16:00:00+00:00,LONG,67250.9,67442.3,0.0028460585657590354,0.0014460585657590354,2119.5529852097234,2122.617982959566
2026-06-02 19:30:00+00:00,2026-06-02 20:00:00+00:00,LONG,66592.9,67291.3,0.01048760453441755,0.00908760453441755,2122.617982959566,2141.907495766345
2026-06-02 22:50:00+00:00,2026-06-02 23:20:00+00:00,LONG,66575.9,66445.4,-0.001960168769780002,-0.003360168769780002,2141.907495766345,2134.7103250913133
2026-06-03 03:30:00+00:00,2026-06-03 04:00:00+00:00,LONG,66038.1,66494.7,0.006914190444606838,0.005514190444606838,2134.7103250913133,2146.4815243679354
2026-06-03 16:20:00+00:00,2026-06-03 16:50:00+00:00,LONG,65641.0,65951.0,0.0047226580947883345,0.0033226580947883343,2146.4815243679354,2153.61354858019
2026-06-03 19:50:00+00:00,2026-06-03 20:20:00+00:00,LONG,65360.1,65477.8,0.001800792838444254,0.000400792838444254,2153.61354858019,2154.4767014672375
2026-06-04 00:20:00+00:00,2026-06-04 00:50:00+00:00,LONG,64012.8,63181.5,-0.012986465206958675,-0.014386465206958675,2154.4767014672375,2123.481397362376
2026-06-04 01:20:00+00:00,2026-06-04 01:50:00+00:00,LONG,62619.6,62250.2,-0.005899111460309525,-0.007299111460309525,2123.481397362376,2107.981869959134
2026-06-04 02:00:00+00:00,2026-06-04 02:30:00+00:00,LONG,61465.8,63271.3,0.02937405841947882,0.027974058419478823,2107.981869959134,2166.950677936573
2026-06-05 03:00:00+00:00,2026-06-05 03:30:00+00:00,LONG,62595.3,62823.0,0.003637653306238553,0.002237653306238553,2166.950677936573,2171.7995622855133
2026-06-05 06:00:00+00:00,2026-06-05 06:30:00+00:00,LONG,62179.2,61718.1,-0.007415663115639903,-0.008815663115639904,2171.7995622855133,2152.65370898971
2026-06-05 12:00:00+00:00,2026-06-05 12:30:00+00:00,LONG,61661.8,61757.0,0.00154390562714668,0.00014390562714668002,2152.65370898971,2152.963487971732
2026-06-05 13:45:00+00:00,2026-06-05 14:15:00+00:00,LONG,61260.0,60779.0,-0.007851779301338513,-0.009251779301338513,2152.963487971732,2133.0447449371777
2026-06-05 14:20:00+00:00,2026-06-05 14:50:00+00:00,LONG,60547.8,60750.0,0.0033395102712237,0.0019395102712237002,2133.0447449371777,2137.181807128963
2026-06-05 18:45:00+00:00,2026-06-05 19:15:00+00:00,LONG,59781.4,59246.7,-0.008944253563817561,-0.010344253563817562,2137.181807128963,2115.0742566040435
2026-06-05 20:50:00+00:00,2026-06-05 21:20:00+00:00,SHORT,61510.1,61587.2,-0.0012518835082614421,-0.0026518835082614423,2115.0742566040435,2109.465326064207
2026-06-06 04:10:00+00:00,2026-06-06 04:40:00+00:00,LONG,60129.0,59788.9,-0.005656172562324313,-0.007056172562324313,2109.465326064207,2094.5805747092586
2026-06-06 10:15:00+00:00,2026-06-06 10:45:00+00:00,LONG,60527.5,60439.0,-0.0014621453058527578,-0.002862145305852758,2094.5805747092586,2088.585580749624
2026-06-06 21:30:00+00:00,2026-06-06 22:00:00+00:00,SHORT,60995.5,60677.9,0.005234195646190765,0.0038341956461907644,2088.585580749624,2096.593626490031
2026-06-07 01:05:00+00:00,2026-06-07 01:35:00+00:00,SHORT,61328.5,61433.3,-0.0017059151958302987,-0.003105915195830299,2096.593626490031,2090.081784486035
2026-06-07 03:15:00+00:00,2026-06-07 03:45:00+00:00,SHORT,61754.2,61629.8,0.0020185040353852823,0.0006185040353852824,2090.081784486035,2091.3745085040246
2026-06-07 06:35:00+00:00,2026-06-07 07:05:00+00:00,SHORT,62209.5,62193.9,0.0002508284574531672,-0.0011491715425468328,2091.3745085040246,2088.971160434044
2026-06-07 07:55:00+00:00,2026-06-07 08:25:00+00:00,SHORT,62400.1,62528.5,-0.0020534636205890022,-0.0034534636205890024,2088.971160434044,2081.7569745270257
2026-06-07 08:25:00+00:00,2026-06-07 08:55:00+00:00,SHORT,62528.5,62857.1,-0.005227730837089162,-0.006627730837089162,2081.7569745270257,2067.9596496316276
2026-06-07 09:10:00+00:00,2026-06-07 09:40:00+00:00,SHORT,62837.5,62549.0,0.00461238389102947,0.00321238389102947,2067.9596496316276,2074.602729897403
2026-06-07 12:15:00+00:00,2026-06-07 12:45:00+00:00,LONG,62010.0,61858.1,-0.0024496049024350652,-0.0038496049024350654,2074.602729897403,2066.616329057785
2026-06-07 19:00:00+00:00,2026-06-07 19:30:00+00:00,LONG,61856.2,61352.7,-0.008139846935311223,-0.009539846935311224,2066.616329057785,2046.9011256045592
2026-06-07 19:40:00+00:00,2026-06-07 20:10:00+00:00,LONG,61222.7,61586.1,0.00593570685383038,0.00453570685383038,2046.9011256045592,2056.1852690690766
2026-06-07 22:10:00+00:00,2026-06-07 22:40:00+00:00,SHORT,63682.8,63167.9,0.00815129203282039,0.0067512920328203895,2056.1852690690766,2070.067176294145
2026-06-08 00:35:00+00:00,2026-06-08 01:05:00+00:00,SHORT,63835.2,63289.0,0.008630251702507419,0.007230251702507419,2070.067176294145,2085.0342830198506
2026-06-09 00:25:00+00:00,2026-06-09 00:55:00+00:00,LONG,62734.0,62559.4,-0.002783179774922706,-0.004183179774922706,2085.0342830198506,2076.3122097771015
2026-06-09 14:20:00+00:00,2026-06-09 14:50:00+00:00,LONG,61808.8,61338.7,-0.007605713102341483,-0.009005713102341483,2076.3122097771015,2057.6135377049604
2026-06-09 16:00:00+00:00,2026-06-09 16:30:00+00:00,LONG,61034.8,61131.7,0.001587618866613738,0.0001876188666137381,2057.6135377049604,2057.9995848248336
2026-06-10 09:20:00+00:00,2026-06-10 09:50:00+00:00,LONG,60976.3,61315.6,0.00556445701034658,0.004164457010346579,2057.9995848248336,2066.5700356231478
2026-06-10 12:30:00+00:00,2026-06-10 13:00:00+00:00,SHORT,61669.3,61541.7,0.0020733908878045604,0.0006733908878045604,2066.5700356231478,2067.961645054146
2026-06-10 13:35:00+00:00,2026-06-10 14:05:00+00:00,SHORT,62174.3,62220.5,-0.0007425205519080436,-0.0021425205519080438,2067.961645054146,2063.5309947290602
2026-06-10 15:50:00+00:00,2026-06-10 16:20:00+00:00,SHORT,62826.8,62230.9,0.009575628827479532,0.008175628827479532,2063.5309947290602,2080.4016582159647
2026-06-11 01:15:00+00:00,2026-06-11 01:45:00+00:00,SHORT,62199.1,62275.7,-0.0012300142752309506,-0.002630014275230951,2080.4016582159647,2074.9301721566426
2026-06-11 03:55:00+00:00,2026-06-11 04:25:00+00:00,SHORT,62682.4,62624.7,0.0009213616991379237,-0.00047863830086207633,2074.9301721566426,2073.937031104634
2026-06-11 06:20:00+00:00,2026-06-11 06:50:00+00:00,SHORT,62979.2,62810.0,0.0026938385607386817,0.0012938385607386817,2073.937031104634,2076.620370808021
2026-06-11 17:45:00+00:00,2026-06-11 18:15:00+00:00,SHORT,63596.6,63575.0,0.0003397561934721516,-0.0010602438065278484,2076.620370808021,2074.4186469213623
2026-06-12 06:15:00+00:00,2026-06-12 06:45:00+00:00,LONG,63175.2,62984.0,-0.0030265040712177393,-0.0044265040712177395,2074.4186469213623,2065.236224335355
2026-06-12 08:20:00+00:00,2026-06-12 08:50:00+00:00,SHORT,63507.7,63462.5,0.0007122316328540546,-0.0006877683671459454,2065.236224335355,2063.8158201895735
2026-06-12 09:30:00+00:00,2026-06-12 10:00:00+00:00,SHORT,63911.0,63716.7,0.0030494360191284375,0.0016494360191284376,2063.8158201895735,2067.219952340241
2026-06-12 15:10:00+00:00,2026-06-12 15:40:00+00:00,SHORT,64371.7,63908.9,0.007241557905080409,0.005841557905080409,2067.219952340241,2079.295737394374
2026-06-13 01:40:00+00:00,2026-06-13 02:10:00+00:00,SHORT,63760.1,63800.1,-0.0006269582649557348,-0.002026958264955735,2079.295737394374,2075.0810917141753
2026-06-13 07:50:00+00:00,2026-06-13 08:20:00+00:00,SHORT,63847.4,63756.1,0.0014320198381017057,3.201983810170576e-05,2075.0810917141753,2075.14753547478
2026-06-13 12:45:00+00:00,2026-06-13 13:15:00+00:00,SHORT,64080.2,64112.5,-0.0005038019107038716,-0.0019038019107038716,2075.14753547478,2071.196865631751
2026-06-13 13:25:00+00:00,2026-06-13 13:55:00+00:00,SHORT,64229.9,64098.6,0.002048406673468728,0.0006484066734687279,2071.196865631751,2072.539843501494
2026-06-13 21:40:00+00:00,2026-06-13 22:10:00+00:00,SHORT,64579.1,64421.8,0.0024417200388686666,0.0010417200388686666,2072.539843501494,2074.6988497878233
2026-06-14 04:45:00+00:00,2026-06-14 05:15:00+00:00,LONG,64385.4,64356.7,-0.0004457532297695854,-0.0018457532297695854,2074.6988497878233,2070.869467685028
2026-06-14 14:25:00+00:00,2026-06-14 14:55:00+00:00,LONG,64153.7,63984.3,-0.0026405335935416607,-0.004040533593541661,2070.869467685028,2062.5020500330074
2026-06-14 20:35:00+00:00,2026-06-14 21:05:00+00:00,SHORT,64041.3,64032.1,0.0001436779365349139,-0.001256322063465086,2062.5020500330074,2059.910883201609
2026-06-14 21:10:00+00:00,2026-06-14 21:40:00+00:00,SHORT,64109.6,65263.9,-0.01768665372434075,-0.01908665372434075,2059.910883201609,2020.594077470939
2026-06-14 21:40:00+00:00,2026-06-14 22:10:00+00:00,SHORT,65263.9,65126.4,0.002111278989779919,0.0007112789897799189,2020.594077470939,2022.0312835851178
2026-06-15 00:10:00+00:00,2026-06-15 00:40:00+00:00,SHORT,65883.9,65552.4,0.005057023083822942,0.003657023083822942,2022.0312835851178,2029.4258986654006
2026-06-15 11:15:00+00:00,2026-06-15 11:45:00+00:00,SHORT,66243.0,66155.0,0.0013302093568134943,-6.97906431865057e-05,2029.4258986654006,2029.2842637266335
2026-06-15 13:00:00+00:00,2026-06-15 13:30:00+00:00,SHORT,66557.0,66828.2,-0.004058167061210649,-0.005458167061210649,2029.2842637266335,2018.2080912005279
2026-06-15 13:30:00+00:00,2026-06-15 14:00:00+00:00,SHORT,66828.2,66353.2,0.007158660019411345,0.005758660019411345,2018.2080912005279,2029.8302654461768
2026-06-15 15:45:00+00:00,2026-06-15 16:15:00+00:00,SHORT,67197.8,67117.0,0.001203867872521247,-0.00019613212747875293,2029.8302654461768,2029.432150517794
2026-06-15 19:15:00+00:00,2026-06-15 19:45:00+00:00,LONG,66425.2,66624.3,0.0029973564249712314,0.0015973564249712315,2029.432150517794,2032.6738770024667
2026-06-15 22:25:00+00:00,2026-06-15 22:55:00+00:00,LONG,66164.4,66208.1,0.0006604760263828613,-0.0007395239736171387,2032.6738770024667,2031.1706659398783
2026-06-16 02:25:00+00:00,2026-06-16 02:55:00+00:00,LONG,65776.7,65742.8,-0.0005153800661935604,-0.0019153800661935603,2031.1706659398783,2027.2802021353
2026-06-16 02:55:00+00:00,2026-06-16 03:25:00+00:00,LONG,65742.8,65984.3,0.0036734060611960384,0.002273406061196038,2027.2802021353,2031.889033234577
2026-06-16 06:35:00+00:00,2026-06-16 07:05:00+00:00,SHORT,66460.9,66487.4,-0.00039857175946123036,-0.0017985717594612303,2031.889033234577,2028.2345350010423
2026-06-16 08:30:00+00:00,2026-06-16 09:00:00+00:00,SHORT,66620.0,66827.9,-0.003110976104291674,-0.004510976104291674,2028.2345350010423,2019.0852174797535
2026-06-16 13:30:00+00:00,2026-06-16 14:00:00+00:00,LONG,65974.5,66227.1,0.0038287520178250656,0.0024287520178250654,2019.0852174797535,2023.9890747758682
2026-06-16 14:30:00+00:00,2026-06-16 15:00:00+00:00,LONG,65569.1,65667.3,0.0014976566705964256,9.765667059642561e-05,2023.9890747758682,2024.1867308102342
2026-06-17 07:50:00+00:00,2026-06-17 08:20:00+00:00,LONG,65316.6,65348.0,0.00048073537201887007,-0.0009192646279811299,2024.1867308102342,2022.3259675481715
2026-06-17 08:35:00+00:00,2026-06-17 09:05:00+00:00,LONG,64996.6,64967.4,-0.00044925426868480667,-0.0018492542686848067,2022.3259675481715,2018.586172620011
2026-06-17 11:00:00+00:00,2026-06-17 11:30:00+00:00,LONG,64711.5,64731.5,0.00030906407670960867,-0.0010909359232903913,2018.586172620011,2016.3840244500427
2026-06-17 16:15:00+00:00,2026-06-17 16:45:00+00:00,SHORT,65939.5,65941.0,-2.2747607709927564e-05,-0.0014227476077099275,2016.3840244500427,2013.515218903032
2026-06-18 04:10:00+00:00,2026-06-18 04:40:00+00:00,LONG,63929.2,63880.1,-0.0007680371410873077,-0.002168037141087308,2013.515218903032,2009.1498431243058
2026-06-18 07:35:00+00:00,2026-06-18 08:05:00+00:00,SHORT,64455.4,64636.4,-0.0028002797185486816,-0.004200279718548682,2009.1498431243058,2000.7108517867057
2026-06-18 08:05:00+00:00,2026-06-18 08:35:00+00:00,SHORT,64636.4,64585.4,0.0007896521504859866,-0.0006103478495140134,2000.7108517867057,1999.4897222208185
2026-06-18 10:10:00+00:00,2026-06-18 10:40:00+00:00,LONG,64005.7,63995.5,-0.0001593608069281327,-0.0015593608069281327,1999.4897222208185,1996.3717963141319
2026-06-18 15:35:00+00:00,2026-06-18 16:05:00+00:00,LONG,62935.0,62697.1,-0.0037800905696353526,-0.005180090569635353,1996.3717963141319,1986.0304095985591
2026-06-19 03:15:00+00:00,2026-06-19 03:45:00+00:00,LONG,62526.5,62670.9,0.0023094208055784993,0.0009094208055784993,1986.0304095985591,1987.8365469735595
2026-06-19 13:40:00+00:00,2026-06-19 14:10:00+00:00,SHORT,63096.3,63091.4,7.766510174134211e-05,-0.0013223348982586579,1987.8365469735595,1985.2079613354624
2026-06-19 23:55:00+00:00,2026-06-20 00:25:00+00:00,SHORT,63541.0,63621.6,-0.0012668653413305808,-0.002666865341330581,1985.2079613354624,1979.9136790280434
2026-06-20 00:25:00+00:00,2026-06-20 00:55:00+00:00,SHORT,63621.6,63528.5,0.0014654839953720522,6.548399537205222e-05,1979.9136790280434,1980.0433316862377
2026-06-20 05:10:00+00:00,2026-06-20 05:40:00+00:00,SHORT,63812.3,63642.6,0.002666452973322908,0.001266452973322908,1980.0433316862377,1982.55096345096
2026-06-20 08:40:00+00:00,2026-06-20 09:10:00+00:00,LONG,63437.4,63508.7,0.0011239426584317425,-0.00027605734156825753,1982.55096345096,1982.0036657024662
2026-06-20 13:20:00+00:00,2026-06-20 13:50:00+00:00,LONG,63331.2,63376.7,0.0007184452528927743,-0.0006815547471072257,1982.0036657024662,1980.6528216953227
2026-06-20 14:05:00+00:00,2026-06-20 14:35:00+00:00,LONG,63252.5,63410.2,0.0024931820876645805,0.0010931820876645805,1980.6528216953227,1982.8180358818822
2026-06-20 14:45:00+00:00,2026-06-20 15:15:00+00:00,SHORT,63971.9,64229.9,-0.004016820826437506,-0.005416820826437506,1982.8180358818822,1972.0774658500814
2026-06-20 15:15:00+00:00,2026-06-20 15:45:00+00:00,SHORT,64229.9,64150.2,0.0012423967501271616,-0.00015760324987283843,1972.0774658500814,1971.7666600324624
2026-06-20 22:20:00+00:00,2026-06-20 22:50:00+00:00,SHORT,64224.4,64296.4,-0.0011198138620513998,-0.0025198138620514,1971.7666600324624,1966.7981750697818
2026-06-21 03:20:00+00:00,2026-06-21 03:50:00+00:00,SHORT,64411.3,64414.3,-4.657350929837545e-05,-0.0014465735092983754,1966.7981750697818,1963.9530569315896
2026-06-21 04:25:00+00:00,2026-06-21 04:55:00+00:00,SHORT,64529.4,64283.0,0.0038330507288084625,0.0024330507288084623,1963.9530569315896,1968.7314543481025
2026-06-21 08:25:00+00:00,2026-06-21 08:55:00+00:00,LONG,64046.3,64009.4,-0.0005761456945990728,-0.001976145694599073,1968.7314543481025,1964.8409541607707
2026-06-21 11:05:00+00:00,2026-06-21 11:35:00+00:00,SHORT,64445.1,64282.8,0.002524781123410813,0.001124781123410813,1964.8409541607707,1967.0509701765152
2026-06-21 20:45:00+00:00,2026-06-21 21:15:00+00:00,LONG,63735.1,63589.0,-0.002292300474934561,-0.0036923004749345612,1967.0509701765152,1959.788026945112
2026-06-21 21:15:00+00:00,2026-06-21 21:45:00+00:00,LONG,63589.0,63901.7,0.004917517180644371,0.0035175171806443705,1959.788026945112,1966.6816150003124
2026-06-22 01:20:00+00:00,2026-06-22 01:50:00+00:00,SHORT,64354.3,64666.6,-0.004829386422047777,-0.006229386422047777,1966.6816150003124,1954.4303952513385
2026-06-22 11:30:00+00:00,2026-06-22 12:00:00+00:00,SHORT,64609.0,64764.0,-0.0023933049224877934,-0.0037933049224877936,1954.4303952513385,1947.0166448123719
2026-06-22 12:00:00+00:00,2026-06-22 12:30:00+00:00,SHORT,64764.0,64950.0,-0.0028637413394919653,-0.0042637413394919655,1947.0166448123719,1938.7150694552065
2026-06-22 12:35:00+00:00,2026-06-22 13:05:00+00:00,SHORT,65103.8,65057.1,0.0007178309515796233,-0.0006821690484203767,1938.7150694552065,1937.392538041118
2026-06-22 13:40:00+00:00,2026-06-22 14:10:00+00:00,SHORT,65411.8,65301.5,0.0016890883057816275,0.0002890883057816275,1937.392538041118,1937.9526155675742
2026-06-22 22:25:00+00:00,2026-06-22 22:55:00+00:00,LONG,64037.7,63981.6,-0.000876046453885726,-0.002276046453885726,1937.9526155675742,1933.5417453891132
2026-06-23 04:40:00+00:00,2026-06-23 05:10:00+00:00,LONG,63814.0,63621.9,-0.0030103112169742596,-0.00441031121697426,1933.5417453891132,1925.0142245409356
2026-06-23 05:15:00+00:00,2026-06-23 05:45:00+00:00,LONG,63565.2,63390.1,-0.002754651916457407,-0.004154651916457407,1925.0142245409356,1917.016460503739
2026-06-23 06:05:00+00:00,2026-06-23 06:35:00+00:00,LONG,63169.8,62902.8,-0.004226703266434262,-0.005626703266434262,1917.016460503739,1906.2299777236144
2026-06-23 08:15:00+00:00,2026-06-23 08:45:00+00:00,LONG,62402.9,62326.0,-0.0012323145238443134,-0.0026323145238443136,1906.2299777236144,1901.2121808674651
2026-06-23 13:05:00+00:00,2026-06-23 13:35:00+00:00,LONG,62121.1,62337.8,0.0034883477594569445,0.0020883477594569443,1901.2121808674651,1905.182573065632
2026-06-23 14:10:00+00:00,2026-06-23 14:40:00+00:00,SHORT,62744.3,62523.7,0.003528262083018152,0.002128262083018152,1905.182573065632,1909.2373008971144
2026-06-24 00:05:00+00:00,2026-06-24 00:35:00+00:00,SHORT,62861.0,63025.5,-0.0026100546604151953,-0.0040100546604151955,1909.2373008971144,1901.5811549608136
2026-06-24 00:35:00+00:00,2026-06-24 01:05:00+00:00,SHORT,63025.5,62935.6,0.001428444314505617,2.8444314505616944e-05,1901.5811549608136,1901.635244133243
2026-06-24 10:55:00+00:00,2026-06-24 11:25:00+00:00,LONG,62449.1,62385.7,-0.0010152268007065368,-0.002415226800706537,1901.635244133243,1897.0423637264444
2026-06-24 11:45:00+00:00,2026-06-24 12:15:00+00:00,SHORT,63102.0,62811.8,0.004620150990737315,0.003220150990737315,1897.0423637264444,1903.1511265734687
2026-06-24 13:05:00+00:00,2026-06-24 13:35:00+00:00,LONG,62253.9,61849.1,-0.0065024038654606375,-0.007902403865460638,1903.1511265734687,1888.111657754279
2026-06-24 13:40:00+00:00,2026-06-24 14:10:00+00:00,LONG,61498.1,61242.8,-0.0041513477652154185,-0.005551347765215419,1888.111657754279,1877.6300933225275
2026-06-24 14:15:00+00:00,2026-06-24 14:45:00+00:00,LONG,61014.2,61145.7,0.0021552359942440535,0.0007552359942440536,1877.6300933225275,1879.0481471528803
2026-06-24 15:30:00+00:00,2026-06-24 16:00:00+00:00,LONG,60776.6,60292.5,-0.007965236620673055,-0.009365236620673055,1879.0481471528803,1861.4504166331565
2026-06-24 16:00:00+00:00,2026-06-24 16:30:00+00:00,LONG,60292.5,60523.4,0.003829663722685339,0.002429663722685339,1861.4504166331565,1865.9731151820274
2026-06-24 16:45:00+00:00,2026-06-24 17:15:00+00:00,LONG,60082.0,59602.2,-0.007985752804500534,-0.009385752804500535,1865.9731151820274,1848.4595527830852
2026-06-24 17:20:00+00:00,2026-06-24 17:50:00+00:00,LONG,59527.4,59417.8,-0.0018411689406894194,-0.0032411689406894196,1848.4595527830852,1842.4683830924841
2026-06-24 20:00:00+00:00,2026-06-24 20:30:00+00:00,SHORT,60246.4,60709.7,-0.007631399924558968,-0.009031399924558968,1842.4683830924841,1825.8283142764205
2026-06-25 04:50:00+00:00,2026-06-25 05:20:00+00:00,SHORT,61207.9,61688.5,-0.007790755165063112,-0.009190755165063113,1825.8283142764205,1809.047573266466
2026-06-25 05:20:00+00:00,2026-06-25 05:50:00+00:00,SHORT,61688.5,61618.2,0.001140896683122783,-0.00025910331687721707,1809.047573266466,1808.578843039844
2026-06-25 07:15:00+00:00,2026-06-25 07:45:00+00:00,SHORT,61852.1,61846.1,9.701500983894107e-05,-0.001302984990161059,1808.578843039844,1806.2222919538403
2026-06-25 10:30:00+00:00,2026-06-25 11:00:00+00:00,LONG,61542.3,61212.8,-0.005354041041690016,-0.006754041041690017,1806.2222919538403,1794.0229924635687
2026-06-25 13:35:00+00:00,2026-06-25 14:05:00+00:00,LONG,60664.9,59482.0,-0.01949891947402871,-0.020898919474028707,1794.0229924635687,1756.5298504095167
2026-06-25 21:55:00+00:00,2026-06-25 22:25:00+00:00,SHORT,60218.9,59791.3,0.007151542113986498,0.0057515421139864974,1756.5298504095167,1766.6326058186214
2026-06-26 01:25:00+00:00,2026-06-26 01:55:00+00:00,LONG,59298.1,59433.1,0.0022766328094829813,0.0008766328094829813,1766.6326058186214,1768.1812939231843
2026-06-26 02:10:00+00:00,2026-06-26 02:40:00+00:00,LONG,58679.7,58817.4,0.002346637763996906,0.0009466377639969061,1768.1812939231843,1769.8551211096049
2026-06-26 02:50:00+00:00,2026-06-26 03:20:00+00:00,LONG,58504.0,58817.4,0.005356898673595012,0.003956898673595012,1769.8551211096049,1776.8582584907786
2026-06-26 07:25:00+00:00,2026-06-26 07:55:00+00:00,SHORT,60600.0,60528.1,0.0011878780268999023,-0.0002121219731000977,1776.8582584907786,1776.4813478110684
2026-06-26 09:45:00+00:00,2026-06-26 10:15:00+00:00,LONG,59813.5,59744.3,-0.0011569294557248755,-0.0025569294557248757,1776.4813478110684,1771.9390103253045
2026-06-27 02:20:00+00:00,2026-06-27 02:50:00+00:00,SHORT,60299.9,60352.2,-0.0008665798429882132,-0.0022665798429882134,1771.9390103253045,1767.9227690814967
2026-06-27 13:35:00+00:00,2026-06-27 14:05:00+00:00,SHORT,60624.9,60588.0,0.0006090314913844708,-0.0007909685086155292,1767.9227690814967,1766.524397845489
2026-06-27 14:10:00+00:00,2026-06-27 14:40:00+00:00,SHORT,60677.0,60641.4,0.0005870576866628952,-0.0008129423133371048,1766.524397845489,1765.088315414938
2026-06-27 15:10:00+00:00,2026-06-27 15:40:00+00:00,SHORT,60878.4,60795.9,0.0013569994029203336,-4.300059707966638e-05,1765.088315414938,1765.012415563477
2026-06-27 17:00:00+00:00,2026-06-27 17:30:00+00:00,LONG,60433.7,60561.3,0.0021114047294805705,0.0007114047294805705,1765.012415563477,1766.2680537435006
2026-06-27 19:25:00+00:00,2026-06-27 19:55:00+00:00,LONG,60326.0,60180.3,-0.002415210688591962,-0.0038152106885919624,1766.2680537435006,1759.52936898594
2026-06-27 22:15:00+00:00,2026-06-27 22:45:00+00:00,LONG,60011.6,60212.2,0.003342687080497786,0.001942687080497786,1759.52936898594,1762.9475839588254
2026-06-28 05:00:00+00:00,2026-06-28 05:30:00+00:00,LONG,59980.9,59929.8,-0.0008519378668876421,-0.0022519378668876423,1762.9475839588254,1758.9775355371705
2026-06-28 08:35:00+00:00,2026-06-28 09:05:00+00:00,SHORT,60467.6,60411.3,0.0009319448513771533,-0.00046805514862284666,1758.9775355371705,1758.1542370453506
2026-06-28 16:30:00+00:00,2026-06-28 17:00:00+00:00,LONG,59650.0,59687.7,0.0006320201173510842,-0.0007679798826489158,1758.1542370453506,1756.8040099607058
2026-06-28 17:35:00+00:00,2026-06-28 18:05:00+00:00,LONG,59445.7,59677.0,0.0038909458547884412,0.002490945854788441,1756.8040099607058,1761.180113626993
2026-06-28 21:45:00+00:00,2026-06-28 22:15:00+00:00,LONG,59385.0,59352.1,-0.0005540119558811174,-0.0019540119558811176,1761.180113626993,1757.7387466285059
2026-06-29 06:15:00+00:00,2026-06-29 06:45:00+00:00,SHORT,60305.0,60046.7,0.004301651880952662,0.0029016518809526614,1757.7387466285059,1762.8390925688836
2026-06-29 12:05:00+00:00,2026-06-29 12:35:00+00:00,SHORT,60486.8,59908.1,0.009659795586907327,0.008259795586907327,1762.8390925688836,1777.3997831261117
2026-06-29 14:10:00+00:00,2026-06-29 14:40:00+00:00,LONG,59086.1,59320.1,0.003960322309307873,0.002560322309307873,1777.3997831261117,1781.9504994434085
2026-06-29 17:10:00+00:00,2026-06-29 17:40:00+00:00,SHORT,60460.2,60617.4,-0.0025933147908027143,-0.0039933147908027145,1781.9504994434085,1774.834610157503
2026-06-30 00:25:00+00:00,2026-06-30 00:55:00+00:00,LONG,59935.2,59837.1,-0.001636767709125797,-0.0030367677091257973,1774.834610157503,1769.444849724338
2026-06-30 12:20:00+00:00,2026-06-30 12:50:00+00:00,LONG,58855.4,58660.6,-0.003309806746704669,-0.004709806746704669,1769.444849724338,1761.1111064331844
2026-06-30 12:55:00+00:00,2026-06-30 13:25:00+00:00,LONG,58407.3,58512.6,0.001802856834676403,0.0004028568346764029,1761.1111064331844,1761.8205820790354
2026-07-01 06:30:00+00:00,2026-07-01 07:00:00+00:00,LONG,58654.7,58680.2,0.0004347477695734181,-0.0009652522304265819,1761.8205820790354,1760.1199808325723
2026-07-01 13:40:00+00:00,2026-07-01 14:10:00+00:00,SHORT,59018.1,59974.4,-0.015945136591612452,-0.01734513659161245,1760.1199808325723,1729.5904593474052
2026-07-01 14:10:00+00:00,2026-07-01 14:40:00+00:00,SHORT,59974.4,59610.7,0.006101253633995274,0.004701253633995274,1729.5904593474052,1737.7217027797356
2026-07-01 15:20:00+00:00,2026-07-01 15:50:00+00:00,SHORT,60418.3,60104.1,0.0052275967862425166,0.0038275967862425164,1737.7217027797356,1744.373000784679
2026-07-01 21:15:00+00:00,2026-07-01 21:45:00+00:00,SHORT,60505.0,60824.3,-0.005249546645008651,-0.006649546645008652,1744.373000784679,1732.7737111496676
2026-07-01 21:50:00+00:00,2026-07-01 22:20:00+00:00,SHORT,60778.4,60983.0,-0.0033550333699555734,-0.004755033369955574,1732.7737111496676,1724.5343143305693
2026-07-01 22:20:00+00:00,2026-07-01 22:50:00+00:00,SHORT,60983.0,60453.8,0.008753792152023543,0.007353792152023543,1724.5343143305693,1737.2161812371885
2026-07-02 00:00:00+00:00,2026-07-02 00:30:00+00:00,LONG,59916.3,59679.7,-0.003948841967878591,-0.0053488419678785915,1737.2161812371885,1727.9240864197093
2026-07-02 00:35:00+00:00,2026-07-02 01:05:00+00:00,LONG,59634.3,59820.0,0.0031139797063099994,0.0017139797063099994,1727.9240864197093,1730.8857132378769
2026-07-02 03:35:00+00:00,2026-07-02 04:05:00+00:00,SHORT,60794.0,60904.4,-0.0018126769166103562,-0.0032126769166103564,1730.8857132378769,1725.324936661667
2026-07-02 07:35:00+00:00,2026-07-02 08:05:00+00:00,LONG,60119.0,60331.1,0.00352800279445753,0.0021280027944575296,1725.324936661667,1728.99643294823
2026-07-02 09:35:00+00:00,2026-07-02 10:05:00+00:00,SHORT,60931.7,61059.9,-0.002099577627870386,-0.003499577627870386,1728.99643294823,1722.9456757128166
2026-07-02 13:15:00+00:00,2026-07-02 13:45:00+00:00,SHORT,61796.5,61959.9,-0.002637189537103901,-0.004037189537103901,1722.9456757128166,1715.9898174578304
2026-07-03 10:40:00+00:00,2026-07-03 11:10:00+00:00,SHORT,62016.4,62027.8,-0.00018378855932343896,-0.001583788559323439,1715.9898174578304,1713.2720524170252
2026-07-03 20:05:00+00:00,2026-07-03 20:35:00+00:00,SHORT,62408.6,62687.5,-0.004449052841475565,-0.005849052841475565,1713.2720524170252,1703.2510336506148
2026-07-03 20:35:00+00:00,2026-07-03 21:05:00+00:00,SHORT,62687.5,62782.3,-0.0015099797235845758,-0.002909979723584576,1703.2510336506148,1698.2946076785172
2026-07-04 00:05:00+00:00,2026-07-04 00:35:00+00:00,SHORT,62946.2,62695.2,0.004003496280416963,0.0026034962804169625,1698.2946076785172,1702.7161113726602
2026-07-04 15:05:00+00:00,2026-07-04 15:35:00+00:00,SHORT,62860.6,62902.7,-0.0006692876458402885,-0.0020692876458402888,1702.7161113726602,1699.1927019590237
2026-07-04 17:30:00+00:00,2026-07-04 18:00:00+00:00,SHORT,63153.5,63232.9,-0.0012556754474332132,-0.0026556754474332134,1699.1927019590237,1694.6801976199736
2026-07-04 23:10:00+00:00,2026-07-04 23:40:00+00:00,LONG,62999.0,63211.6,0.0033746567405832373,0.001974656740583237,1694.6801976199736,1698.0266092953366
2026-07-05 01:15:00+00:00,2026-07-05 01:45:00+00:00,LONG,62877.6,62848.6,-0.00046121353232309037,-0.0018612135323230904,1698.0266092953366,1694.8662191918716
2026-07-05 02:45:00+00:00,2026-07-05 03:15:00+00:00,LONG,62639.3,62750.8,0.0017800326632002594,0.00038003266320025945,1694.8662191918716,1695.510323714919
2026-07-05 07:50:00+00:00,2026-07-05 08:20:00+00:00,SHORT,63017.9,62947.0,0.001126344384958733,-0.0002736556150412671,1695.510323714919,1695.046337794474
2026-07-05 09:35:00+00:00,2026-07-05 10:05:00+00:00,LONG,62568.3,62665.8,0.0015582970929368667,0.0001582970929368667,1695.046337794474,1695.3146587021402
2026-07-05 21:55:00+00:00,2026-07-05 22:25:00+00:00,SHORT,63093.1,63709.8,-0.009679829476783808,-0.011079829476783808,1695.3146587021402,1676.5308613742286
2026-07-05 22:25:00+00:00,2026-07-05 22:55:00+00:00,SHORT,63709.8,63732.2,-0.0003514706851480698,-0.0017514706851480698,1676.5308613742286,1673.5944667177857
2026-07-06 05:25:00+00:00,2026-07-06 05:55:00+00:00,LONG,63010.6,63115.1,0.0016584511177484274,0.00025845111774842736,1673.5944667177857,1674.0270090783665
2026-07-06 11:55:00+00:00,2026-07-06 12:25:00+00:00,LONG,62489.7,62081.4,-0.006533876782893744,-0.007933876782893744,1674.0270090783665,1660.7454850571028
2026-07-06 12:40:00+00:00,2026-07-06 13:10:00+00:00,LONG,61810.0,61639.8,-0.0027535997411421986,-0.004153599741142199,1660.7454850571028,1653.8474130402665
2026-07-06 15:40:00+00:00,2026-07-06 16:10:00+00:00,SHORT,62912.7,63744.5,-0.013048968930652882,-0.014448968930652882,1653.8474130402665,1629.9510231532072
2026-07-06 16:10:00+00:00,2026-07-06 16:40:00+00:00,SHORT,63744.5,63745.6,-1.7256092969542003e-05,-0.001417256092969542,1629.9510231532072,1627.6409651344015
2026-07-06 21:05:00+00:00,2026-07-06 21:35:00+00:00,SHORT,64431.9,64194.5,0.0036981361331578366,0.0022981361331578364,1627.6409651344015,1631.3815056481847
2026-07-07 02:25:00+00:00,2026-07-07 02:55:00+00:00,LONG,63568.4,63329.2,-0.0037628758943123453,-0.0051628758943123455,1631.3815056481847,1622.9588853982468
2026-07-07 03:40:00+00:00,2026-07-07 04:10:00+00:00,LONG,63215.0,63200.6,-0.000227794036225637,-0.001627794036225637,1622.9588853982468,1620.3170426035563
2026-07-07 04:45:00+00:00,2026-07-07 05:15:00+00:00,LONG,63075.5,62878.8,-0.0031184849902100575,-0.004518484990210058,1620.3170426035563,1612.9956643671705
2026-07-07 12:05:00+00:00,2026-07-07 12:35:00+00:00,SHORT,63786.0,63563.6,0.003498857836875313,0.002098857836875313,1612.9956643671705,1616.3811129581734
2026-07-07 15:45:00+00:00,2026-07-07 16:15:00+00:00,SHORT,63999.9,63866.1,0.002095008149863631,0.0006950081498636308,1616.3811129581734,1617.5045110049648
2026-07-07 19:05:00+00:00,2026-07-07 19:35:00+00:00,LONG,63617.2,63779.1,0.0025449092383820204,0.0011449092383820204,1617.5045110049648,1619.3564068627388
2026-07-08 01:35:00+00:00,2026-07-08 02:05:00+00:00,LONG,63011.8,62826.0,-0.0029486540616202594,-0.00434865406162026,1619.3564068627388,1612.3143860468244
2026-07-08 08:20:00+00:00,2026-07-08 08:50:00+00:00,LONG,62216.9,62145.7,-0.0011443835999543905,-0.0025443835999543907,1612.3143860468244,1608.2120397649965
2026-07-08 09:15:00+00:00,2026-07-08 09:45:00+00:00,LONG,61787.1,62096.7,0.005010754672091666,0.003610754672091666,1608.2120397649965,1614.0188989012918
2026-07-09 01:05:00+00:00,2026-07-09 01:35:00+00:00,SHORT,62627.3,62262.0,0.005867142077029319,0.004467142077029319,1614.0188989012918,1621.2289506376942
2026-07-09 05:10:00+00:00,2026-07-09 05:40:00+00:00,SHORT,62501.9,62381.3,0.0019332716695548147,0.0005332716695548147,1621.2289506376942,1622.0935061069313
2026-07-09 05:55:00+00:00,2026-07-09 06:25:00+00:00,SHORT,62596.2,62821.6,-0.003587937906707306,-0.004987937906707306,1622.0935061069313,1614.0026044195968
2026-07-09 06:25:00+00:00,2026-07-09 06:55:00+00:00,SHORT,62821.6,62960.8,-0.002210899480311612,-0.0036108994803116124,1614.0026044195968,1608.1746032540766
2026-07-09 06:55:00+00:00,2026-07-09 07:25:00+00:00,SHORT,62960.8,62920.2,0.0006452617760275281,-0.0007547382239724719,1608.1746032540766,1606.960852410179
2026-07-09 18:05:00+00:00,2026-07-09 18:35:00+00:00,SHORT,63366.1,63261.3,0.0016566210305510864,0.00025662103055108646,1606.960852410179,1607.3732323601798
2026-07-10 01:45:00+00:00,2026-07-10 02:15:00+00:00,SHORT,63752.9,63956.9,-0.0031896480285942275,-0.004589648028594228,1607.3732323601798,1599.995954973063
2026-07-10 08:15:00+00:00,2026-07-10 08:45:00+00:00,SHORT,64268.3,64243.0,0.00039381722522313645,-0.0010061827747768635,1599.995954973063,1598.3860666034564
2026-07-10 09:25:00+00:00,2026-07-10 09:55:00+00:00,SHORT,64429.8,64391.8,0.0005901372535013216,-0.0008098627464986784,1598.3860666034564,1597.0915932735918
2026-07-11 14:20:00+00:00,2026-07-11 14:50:00+00:00,SHORT,64371.7,64384.6,-0.00020035847081445457,-0.0016003584708144546,1597.0915932735918,1594.5356742136298
2026-07-11 22:45:00+00:00,2026-07-11 23:15:00+00:00,LONG,64157.9,64153.2,-7.325676183300711e-05,-0.001473256761833007,1594.5356742136298,1592.1865137496106
2026-07-11 23:20:00+00:00,2026-07-11 23:50:00+00:00,LONG,63914.7,63896.0,-0.0002925774508837353,-0.0016925774508837353,1592.1865137496106,1589.491614758837
2026-07-12 06:05:00+00:00,2026-07-12 06:35:00+00:00,LONG,63795.0,63745.1,-0.0007821929618309076,-0.002182192961830908,1589.491614758837,1586.023037344221
2026-07-12 14:45:00+00:00,2026-07-12 15:15:00+00:00,SHORT,64190.0,64159.8,0.00047069972163260587,-0.0009293002783673941,1586.023037344221,1584.54914569412
2026-07-12 21:45:00+00:00,2026-07-12 22:15:00+00:00,LONG,63956.9,63701.1,-0.003999568459384428,-0.0053995684593844285,1584.54914569412,1575.9932641046855
2026-07-13 00:10:00+00:00,2026-07-13 00:40:00+00:00,SHORT,64298.8,63787.6,0.008014096783701019,0.006614096783701019,1575.9932641046855,1586.4170360839346
2026-07-13 03:05:00+00:00,2026-07-13 03:35:00+00:00,LONG,63013.1,62880.0,-0.0021122591968971705,-0.0035122591968971707,1586.4170360839346,1580.8451282588346
2026-07-13 08:50:00+00:00,2026-07-13 09:20:00+00:00,SHORT,63205.6,63124.5,0.0012847626515852806,-0.0001152373484147194,1580.8451282588346,1580.6629558579998
2026-07-13 13:20:00+00:00,2026-07-13 13:50:00+00:00,LONG,62540.5,62238.2,-0.00483366778327643,-0.00623366778327643,1580.6629558579998,1570.8096281138494
2026-07-13 13:50:00+00:00,2026-07-13 14:20:00+00:00,LONG,62238.2,62456.4,0.003505885452985469,0.0021058854529854686,1570.8096281138494,1574.1175732591037
2026-07-13 17:35:00+00:00,2026-07-13 18:05:00+00:00,LONG,62089.4,61982.3,-0.0017249321140162532,-0.0031249321140162534,1574.1175732591037,1569.198562703189
2026-07-14 00:10:00+00:00,2026-07-14 00:40:00+00:00,SHORT,62442.6,62315.4,0.0020412289738973577,0.0006412289738973577,1569.198562703189,1570.2047782873924
2026-07-14 05:05:00+00:00,2026-07-14 05:35:00+00:00,SHORT,62848.6,62763.6,0.001354288154280514,-4.571184571948591e-05,1570.2047782873924,1570.1330013288193
2026-07-14 12:20:00+00:00,2026-07-14 12:50:00+00:00,SHORT,63065.5,63813.4,-0.011720108942635865,-0.013120108942635865,1570.1330013288193,1549.5326852969574
2026-07-14 14:55:00+00:00,2026-07-14 15:25:00+00:00,SHORT,64310.2,64501.6,-0.00296736825133026,-0.00436736825133026,1549.5326852969574,1542.765305442793
2026-07-14 15:25:00+00:00,2026-07-14 15:55:00+00:00,SHORT,64501.6,64758.0,-0.003959356372957856,-0.0053593563729578565,1542.765305442793,1534.49707637109
2026-07-14 21:35:00+00:00,2026-07-14 22:05:00+00:00,SHORT,64756.7,64597.0,0.0024722510333297087,0.0010722510333297088,1534.49707637109,1536.1424424468703
2026-07-14 22:20:00+00:00,2026-07-14 22:50:00+00:00,SHORT,65011.3,64918.1,0.0014356550792460343,3.565507924603432e-05,1536.1424424468703,1536.1972137273888
2026-07-15 02:30:00+00:00,2026-07-15 03:00:00+00:00,LONG,64492.3,64553.7,0.0009520516402732326,-0.00044794835972676735,1536.1972137273888,1535.5090767052827
2026-07-15 06:10:00+00:00,2026-07-15 06:40:00+00:00,SHORT,65050.1,65047.1,4.612042658314053e-05,-0.0013538795734168595,1535.5090767052827,1533.4301823315354
2026-07-15 12:50:00+00:00,2026-07-15 13:20:00+00:00,SHORT,65200.0,65501.9,-0.004609026608388467,-0.006009026608388467,1533.4301823315354,1524.2157595637993
2026-07-16 00:25:00+00:00,2026-07-16 00:55:00+00:00,LONG,64570.7,64589.6,0.0002927024176599957,-0.0011072975823400043,1524.2157595637993,1522.52799913827
2026-07-16 01:15:00+00:00,2026-07-16 01:45:00+00:00,LONG,64417.1,64785.1,0.0057127688144917865,0.004312768814491786,1522.52799913827,1529.0943104121438
2026-07-16 05:20:00+00:00,2026-07-16 05:50:00+00:00,SHORT,64932.1,64900.4,0.0004884407492096177,-0.0009115592507903823,1529.0943104121438,1527.7004503481567
2026-07-16 06:05:00+00:00,2026-07-16 06:35:00+00:00,SHORT,64942.0,64665.4,0.0042774033718187,0.0028774033718186997,1527.7004503481567,1532.0962607751173
2026-07-16 07:25:00+00:00,2026-07-16 07:55:00+00:00,LONG,64500.1,64237.5,-0.00407131151734641,-0.00547131151734641,1532.0962607751173,1523.7136848578552
2026-07-16 07:55:00+00:00,2026-07-16 08:25:00+00:00,LONG,64237.5,64153.3,-0.0013107608484140831,-0.0027107608484140833,1523.7136848578552,1519.5832614567498
2026-07-16 14:05:00+00:00,2026-07-16 14:35:00+00:00,SHORT,64613.4,64697.7,-0.0013029829499348056,-0.0027029829499348058,1519.5832614567498,1515.475853810026
2026-07-16 23:20:00+00:00,2026-07-16 23:50:00+00:00,LONG,63762.2,63877.1,0.0018020080862957144,0.0004020080862957144,1515.475853810026,1516.0850873578433
2026-07-17 05:25:00+00:00,2026-07-17 05:55:00+00:00,LONG,63207.5,62844.6,-0.005741407269706955,-0.007141407269706955,1516.0850873578433,1505.258106293492
2026-07-17 05:55:00+00:00,2026-07-17 06:25:00+00:00,LONG,62844.6,62937.5,0.001478249523427566,7.824952342756612e-05,1505.258106293492,1505.3758920229448
2026-07-17 11:35:00+00:00,2026-07-17 12:05:00+00:00,SHORT,63284.7,63273.4,0.00017859005522069538,-0.0012214099447793046,1505.3758920229448,1503.537210937797
2026-07-17 13:05:00+00:00,2026-07-17 13:35:00+00:00,LONG,62859.3,62589.3,-0.004295307138323157,-0.005695307138323157,1503.537210937797,1494.9741047276086
2026-07-17 13:35:00+00:00,2026-07-17 14:05:00+00:00,LONG,62589.3,63361.2,0.012332778925471244,0.010932778925471244,1494.9741047276086,1511.3183261138997
2026-07-17 17:05:00+00:00,2026-07-17 17:35:00+00:00,SHORT,63987.4,64044.7,-0.0008946876166177065,-0.0022946876166177067,1511.3183261138997,1507.8503226661987
2026-07-17 18:45:00+00:00,2026-07-17 19:15:00+00:00,SHORT,64333.9,64068.2,0.004147143200527115,0.0027471432005271145,1507.8503226661987,1511.9926034275236
2026-07-18 11:55:00+00:00,2026-07-18 12:25:00+00:00,SHORT,64061.7,64101.1,-0.0006146540386983146,-0.002014654038698315,1511.9926034275236,1508.9464614225465
2026-07-18 12:30:00+00:00,2026-07-18 13:00:00+00:00,SHORT,64137.4,64167.9,-0.00047531553938962023,-0.0018753155393896202,1508.9464614225465,1506.116710675334
2026-07-18 16:50:00+00:00,2026-07-18 17:20:00+00:00,SHORT,64299.8,64301.7,-2.9548207901131107e-05,-0.001429548207901131,1506.116710675334,1503.963644230698
2026-07-18 17:40:00+00:00,2026-07-18 18:10:00+00:00,SHORT,64444.2,64463.7,-0.00030249582323071955,-0.0017024958232307195,1503.963644230698,1501.4031524081045
2026-07-18 18:20:00+00:00,2026-07-18 18:50:00+00:00,SHORT,64597.6,64490.6,0.001659156528238226,0.0002591565282382259,1501.4031524081045,1501.7922508365684
2026-07-18 20:20:00+00:00,2026-07-18 20:50:00+00:00,SHORT,64676.7,64677.6,-1.391517310478374e-05,-0.0014139151731047837,1501.7922508365684,1499.6688439862594
2026-07-18 21:15:00+00:00,2026-07-18 21:45:00+00:00,SHORT,64798.2,64678.5,0.0018506922702288264,0.00045069227022882644,1499.6688439862594,1500.3447331421469
2026-07-19 12:05:00+00:00,2026-07-19 12:35:00+00:00,LONG,64368.0,64407.8,0.0006183196619438114,-0.0007816803380561886,1500.3447331421469,1499.1719431639435
2026-07-19 22:15:00+00:00,2026-07-19 22:45:00+00:00,SHORT,64817.4,64734.6,0.0012790686896961834,-0.00012093131030381662,1499.1719431639435,1498.990646336486
2026-07-20 05:10:00+00:00,2026-07-20 05:40:00+00:00,LONG,64250.8,64204.8,-0.0007159443929102283,-0.0021159443929102285,1498.990646336486,1495.8188654833455
2026-07-20 06:30:00+00:00,2026-07-20 07:00:00+00:00,LONG,64004.1,63990.1,-0.00021873598722577103,-0.001618735987225771,1495.8188654833455,1493.3975296554165
2026-07-20 11:30:00+00:00,2026-07-20 12:00:00+00:00,SHORT,64814.6,64806.6,0.0001234442171014205,-0.0012765557828985795,1493.3975296554165,1491.4911244027685
2026-07-20 15:40:00+00:00,2026-07-20 16:10:00+00:00,SHORT,65240.7,65561.0,-0.004885526456277378,-0.006285526456277378,1491.4911244027685,1482.116317481032
2026-07-21 04:00:00+00:00,2026-07-21 04:30:00+00:00,SHORT,65696.8,65536.8,0.0024413764480413214,0.0010413764480413214,1482.116317481032,1483.6597585073143
2026-07-21 05:45:00+00:00,2026-07-21 06:15:00+00:00,SHORT,65814.5,65696.3,0.0017991880821293105,0.0003991880821293105,1483.6597585073143,1484.2520178008451
2026-07-21 06:35:00+00:00,2026-07-21 07:05:00+00:00,SHORT,65954.5,65879.6,0.0011369225071189426,-0.0002630774928810574,1484.2520178008451,1483.8615445011985
2026-07-21 07:45:00+00:00,2026-07-21 08:15:00+00:00,SHORT,66193.8,66282.3,-0.0013351980845565103,-0.0027351980845565105,1483.8615445011985,1479.802889246932
2026-07-21 08:20:00+00:00,2026-07-21 08:50:00+00:00,SHORT,66299.5,66234.9,0.0009753166382073797,-0.0004246833617926203,1479.802889246932,1479.1744415811363
2026-07-21 12:35:00+00:00,2026-07-21 13:05:00+00:00,SHORT,66628.5,66582.4,0.0006923751622052166,-0.0007076248377947834,1479.1744415811363,1478.1277410068424
2026-07-21 14:10:00+00:00,2026-07-21 14:40:00+00:00,SHORT,66943.6,66844.6,0.0014810470853292568,8.104708532925679e-05,1478.1277410068424,1478.2475389519952
2026-07-21 18:00:00+00:00,2026-07-21 18:30:00+00:00,LONG,66225.7,66221.5,-6.341948820465237e-05,-0.0014634194882046524,1478.2475389519952,1476.0842426951024
2026-07-21 23:50:00+00:00,2026-07-22 00:20:00+00:00,SHORT,66556.2,66658.1,-0.0015286964374923162,-0.0029286964374923164,1476.0842426951024,1471.7612400320827
2026-07-22 00:20:00+00:00,2026-07-22 00:50:00+00:00,SHORT,66658.1,66661.4,-4.950391080882355e-05,-0.0014495039108088235,1471.7612400320827,1469.6279163588795
2026-07-22 03:10:00+00:00,2026-07-22 03:40:00+00:00,LONG,66185.3,66285.0,0.0015063767936385197,0.00010637679363851974,1469.6279163588795,1469.7842506644633
2026-07-22 05:20:00+00:00,2026-07-22 05:50:00+00:00,LONG,66082.7,65970.6,-0.0016963592589284149,-0.003096359258928415,1469.7842506644633,1465.2332705912913
2026-07-22 06:20:00+00:00,2026-07-22 06:50:00+00:00,LONG,65876.1,65938.2,0.0009426787560282701,-0.00045732124397172987,1465.2332705912913,1464.5631882892758
2026-07-22 07:35:00+00:00,2026-07-22 08:05:00+00:00,LONG,65734.6,66039.9,0.0046444338293683,0.0032444338293682994,1464.5631882892758,1469.3148666426089
2026-07-22 12:45:00+00:00,2026-07-22 13:15:00+00:00,LONG,65683.6,65622.5,-0.0009302169795809556,-0.002330216979580956,1469.3148666426089,1465.8910441920077
2026-07-22 16:35:00+00:00,2026-07-22 17:05:00+00:00,SHORT,66366.0,66194.0,0.002598422817778001,0.0011984228177780011,1465.8910441920077,1467.6478014677436
2026-07-22 21:40:00+00:00,2026-07-22 22:10:00+00:00,SHORT,66127.3,66010.3,0.0017724506630025783,0.00037245066300257827,1467.6478014677436,1468.1944278644544
2026-07-23 00:05:00+00:00,2026-07-23 00:35:00+00:00,SHORT,66211.5,66213.4,-2.8695097970987682e-05,-0.0014286950979709877,1468.1944278644544,1466.0968256824963
2026-07-23 07:25:00+00:00,2026-07-23 07:55:00+00:00,LONG,65437.7,65443.6,9.016209310530598e-05,-0.001309837906894694,1466.0968256824963,1464.1764764850395
2026-07-23 12:15:00+00:00,2026-07-23 12:45:00+00:00,LONG,65430.1,65146.0,-0.004342038297358575,-0.005742038297358575,1464.1764764850395,1455.769119082971
2026-07-23 12:45:00+00:00,2026-07-23 13:15:00+00:00,LONG,65146.0,65031.4,-0.0017591256562182744,-0.0031591256562182746,1455.769119082971,1451.1701615093457
2026-07-23 20:25:00+00:00,2026-07-23 20:55:00+00:00,SHORT,65165.6,65143.5,0.00033925103809284707,-0.001060748961907153,1451.1701615093457,1449.630834266974
2026-07-24 00:10:00+00:00,2026-07-24 00:40:00+00:00,LONG,64929.0,64852.1,-0.0011843706202159243,-0.0025843706202159245,1449.630834266974,1445.8844509287355
2026-07-24 03:45:00+00:00,2026-07-24 04:15:00+00:00,SHORT,65451.0,65392.4,0.0008961286021005321,-0.0005038713978994679,1445.8844509287355,1445.155911109245
2026-07-24 06:15:00+00:00,2026-07-24 06:45:00+00:00,SHORT,65495.9,65449.6,0.0007074145602112836,-0.0006925854397887164,1445.155911109245,1444.1550171669862
2026-07-24 07:05:00+00:00,2026-07-24 07:35:00+00:00,SHORT,65627.2,65487.8,0.002128640754460953,0.0007286407544609531,1444.1550171669862,1445.2072873682532
2026-07-24 09:05:00+00:00,2026-07-24 09:35:00+00:00,LONG,65129.1,65035.4,-0.0014386810196977962,-0.0028386810196977964,1445.2072873682532,1441.104804872072
2026-07-24 13:00:00+00:00,2026-07-24 13:30:00+00:00,LONG,64716.1,64300.1,-0.006428075857475957,-0.007828075857475957,1441.104804872072,1429.8237271409605
2026-07-24 13:30:00+00:00,2026-07-24 14:00:00+00:00,LONG,64300.1,63989.7,-0.004827364187614092,-0.006227364187614092,1429.8237271409605,1420.9196940679622
2026-07-25 00:55:00+00:00,2026-07-25 01:25:00+00:00,LONG,64073.8,64052.2,-0.0003371112685685018,-0.0017371112685685018,1420.9196940679622,1418.4513984556659
2026-07-25 13:40:00+00:00,2026-07-25 14:10:00+00:00,SHORT,64194.6,64173.8,0.000324119812135093,-0.001075880187864907,1418.4513984556659,1416.9253146986182
2026-07-26 00:25:00+00:00,2026-07-26 00:55:00+00:00,SHORT,64472.8,64511.9,-0.0006060897291817469,-0.002006089729181747,1416.9253146986182,1414.0828353777838
2026-07-26 09:15:00+00:00,2026-07-26 09:45:00+00:00,SHORT,64539.9,64546.3,-9.915363080459372e-05,-0.0014991536308045937,1414.0828353777838,1411.9629079608687
2026-07-26 12:05:00+00:00,2026-07-26 12:35:00+00:00,SHORT,64594.9,64540.1,0.0008490845226456489,-0.0005509154773543511,1411.9629079608687,1411.185035741423
2026-07-26 14:05:00+00:00,2026-07-26 14:35:00+00:00,SHORT,64692.6,64665.1,0.00042526803484421727,-0.0009747319651557827,1411.185035741423,1409.8095085783364
2026-07-26 16:30:00+00:00,2026-07-26 17:00:00+00:00,SHORT,64864.0,64714.5,0.0023101468758932597,0.0009101468758932597,1409.8095085783364,1411.0926422981734
2026-07-26 21:25:00+00:00,2026-07-26 21:55:00+00:00,SHORT,64822.5,64857.4,-0.0005381035934218792,-0.0019381035934218792,1411.0926422981734,1408.3577985774841
2026-07-26 22:00:00+00:00,2026-07-26 22:30:00+00:00,SHORT,65172.5,65396.6,-0.0034267836554193742,-0.0048267836554193744,1408.3577985774841,1401.559960174328
2026-07-26 22:30:00+00:00,2026-07-26 23:00:00+00:00,SHORT,65396.6,65422.1,-0.0003897765434004441,-0.001789776543400444,1401.559960174328,1399.0514810334387
2026-07-27 06:00:00+00:00,2026-07-27 06:30:00+00:00,SHORT,65541.8,65551.4,-0.00014644996140422695,-0.001546449961404227,1399.0514810334387,1396.887917924592
2026-07-27 12:30:00+00:00,2026-07-27 13:00:00+00:00,LONG,64881.9,65095.4,0.003290594141047043,0.001890594141047043,1396.887917924592,1399.5288660379197
2026-07-27 13:40:00+00:00,2026-07-27 14:10:00+00:00,SHORT,65670.8,65368.6,0.004623014719605578,0.003223014719605578,1399.5288660379197,1404.0395681736727
2026-07-27 22:25:00+00:00,2026-07-27 22:55:00+00:00,LONG,64604.5,63792.0,-0.012576523307199938,-0.013976523307199938,1404.0395681736727,1384.4159764248625
2026-07-27 22:55:00+00:00,2026-07-27 23:25:00+00:00,LONG,63792.0,63885.8,0.0014704038123902752,7.040381239027519e-05,1384.4159764248625,1384.5134445875367
2026-07-28 00:10:00+00:00,2026-07-28 00:40:00+00:00,LONG,63680.3,63615.5,-0.001017583145808132,-0.002417583145808132,1384.5134445875367,1381.166268218757
2026-07-28 01:05:00+00:00,2026-07-28 01:35:00+00:00,LONG,63212.1,63274.8,0.0009918987029382542,-0.00040810129706174577,1381.166268218757,1380.602612473239
2026-07-28 05:15:00+00:00,2026-07-28 05:45:00+00:00,SHORT,63584.4,63523.0,0.0009665790343655889,-0.0004334209656344111,1380.602612473239,1380.0042303557836
2026-07-28 13:35:00+00:00,2026-07-28 14:05:00+00:00,LONG,62962.2,63200.0,0.00377686929618104,0.00237686929618104,1380.0042303557836,1383.2843200395162
2026-07-28 23:00:00+00:00,2026-07-28 23:30:00+00:00,LONG,63714.0,63808.3,0.0014800514800514808,8.005148005148081e-05,1383.2843200395162,1383.3950539966672
2026-07-29 06:25:00+00:00,2026-07-29 06:55:00+00:00,SHORT,64400.0,64435.6,-0.0005524896175406191,-0.001952489617540619,1383.3950539966672,1380.6939895167818
2026-07-29 07:15:00+00:00,2026-07-29 07:45:00+00:00,SHORT,64483.1,64507.2,-0.00037360170647615654,-0.0017736017064761565,1380.6939895167818,1378.2451883008534
2026-07-29 09:55:00+00:00,2026-07-29 10:25:00+00:00,SHORT,64697.7,64625.5,0.00111720605643284,-0.0002827939435671599,1378.2451883008534,1377.8554289088515
2026-07-29 18:00:00+00:00,2026-07-29 18:30:00+00:00,SHORT,64426.0,63964.5,0.007214939536774212,0.005814939536774212,1377.8554289088515,1385.8675749183726
2026-07-29 20:00:00+00:00,2026-07-29 20:30:00+00:00,LONG,63504.5,63587.1,0.0013006952263225902,-9.930477367740983e-05,1385.8675749183726,1385.7299516524986
2026-07-30 02:25:00+00:00,2026-07-30 02:55:00+00:00,SHORT,64354.0,64190.5,0.0025471058801536106,0.0011471058801536106,1385.7299516524986,1387.319530628344
2026-07-30 09:30:00+00:00,2026-07-30 10:00:00+00:00,SHORT,64602.2,64591.5,0.00016565647182664733,-0.0012343435281733527,1387.319530628344,1385.6071017442043
2026-07-30 11:50:00+00:00,2026-07-30 12:20:00+00:00,SHORT,64854.4,64955.0,-0.001548764529289537,-0.002948764529289537,1385.6071017442043,1381.5212726710495
2026-07-30 13:45:00+00:00,2026-07-30 14:15:00+00:00,SHORT,65134.3,64657.4,0.007375799212464562,0.005975799212464562,1381.5212726710495,1389.77696640428
2026-07-30 23:30:00+00:00,2026-07-31 00:00:00+00:00,SHORT,65065.4,64877.8,0.0028915900354204993,0.0014915900354204993,1389.77696640428,1391.8499438788256
2026-07-31 01:05:00+00:00,2026-07-31 01:35:00+00:00,SHORT,65343.5,64924.3,0.0064567504000812015,0.005056750400081201,1391.8499438788256,1398.8881816393878
2026-07-31 02:40:00+00:00,2026-07-31 03:10:00+00:00,LONG,64230.5,64258.1,0.00042970239995021586,-0.0009702976000497841,1398.8881816393878,1397.530843794005
2026-07-31 07:00:00+00:00,2026-07-31 07:30:00+00:00,LONG,64111.7,63994.1,-0.0018342985757670016,-0.003234298575767002,1397.530843794005,1393.0108117763316
2026-07-31 07:30:00+00:00,2026-07-31 08:00:00+00:00,LONG,63994.1,63949.2,-0.0007016271812557706,-0.002101627181255771,1393.0108117763316,1390.0832223905193
2026-07-31 09:30:00+00:00,2026-07-31 10:00:00+00:00,LONG,63673.8,63664.4,-0.00014762743860119443,-0.0015476274386011944,1390.0832223905193,1387.9318914536086
2026-07-31 13:40:00+00:00,2026-07-31 14:10:00+00:00,LONG,63469.5,62704.0,-0.012060911146298592,-0.013460911146298592,1387.9318914536086,1369.2490635856375
2026-07-31 14:10:00+00:00,2026-07-31 14:40:00+00:00,LONG,62704.0,62689.8,-0.00022646083184485466,-0.0016264608318448546,1369.2490635856375,1367.0220336146754
2026-07-31 17:50:00+00:00,2026-07-31 18:20:00+00:00,SHORT,63249.9,63176.6,0.00116023970900625,-0.00023976029099375003,1367.0220336146754,1366.6942760141012
2026-08-01 02:35:00+00:00,2026-08-01 03:05:00+00:00,SHORT,63082.1,63041.3,0.0006471947754884688,-0.0007528052245115312,1366.6942760141012,1365.6654214228079
2026-08-01 10:00:00+00:00,2026-08-01 10:30:00+00:00,LONG,62995.8,63039.0,0.000685760003047875,-0.000714239996952125,1365.6654214228079,1364.6900085563732
2026-08-01 15:55:00+00:00,2026-08-01 16:25:00+00:00,LONG,63000.1,62950.6,-0.0007857130385506839,-0.002185713038550684,1364.6900085563732,1361.7071878110917
2026-08-01 17:30:00+00:00,2026-08-01 18:00:00+00:00,LONG,62763.2,62704.3,-0.0009384480077496704,-0.0023384480077496706,1361.7071878110917,1358.5229063506165
2026-08-01 18:15:00+00:00,2026-08-01 18:45:00+00:00,LONG,62608.2,62367.2,-0.0038493360294657997,-0.0052493360294658,1358.5229063506165,1351.3915631114558
2026-08-02 00:10:00+00:00,2026-08-02 00:40:00+00:00,SHORT,62928.3,62847.0,0.0012936178337867865,-0.00010638216621321347,1351.3915631114558,1351.2477991495698
2026-08-02 01:10:00+00:00,2026-08-02 01:40:00+00:00,SHORT,63009.8,63020.2,-0.0001650264518360256,-0.0015650264518360256,1351.2477991495698,1349.1330606009155
2026-08-02 02:05:00+00:00,2026-08-02 02:35:00+00:00,SHORT,63392.8,63373.4,0.00030612212694913765,-0.0010938778730508623,1349.1330606009155,1347.6572737981228
2026-08-02 08:40:00+00:00,2026-08-02 09:10:00+00:00,LONG,63222.5,63264.8,0.0006690656016450358,-0.0007309343983549642,1347.6572737981228,1346.6722247395105
2026-08-02 11:50:00+00:00,2026-08-02 12:20:00+00:00,LONG,63047.3,63214.9,0.0026583216093314377,0.0012583216093314377,1346.6722247395105,1348.3667715005865
2026-08-02 17:20:00+00:00,2026-08-02 17:50:00+00:00,SHORT,63344.5,63310.7,0.000533875000592321,-0.000866124999407679,1348.3667715005865,1347.1989173314194
2026-08-02 18:40:00+00:00,2026-08-02 19:10:00+00:00,SHORT,63501.3,63356.9,0.002279151915576705,0.0008791519155767048,1347.1989173314194,1348.383309840254
2026-08-02 21:40:00+00:00,2026-08-02 22:10:00+00:00,SHORT,63702.5,63694.0,0.00013345056049240966,-0.0012665494395075903,1348.383309840254,1346.6755157149346
2026-08-03 03:45:00+00:00,2026-08-03 04:15:00+00:00,LONG,62930.4,62934.0,5.720605621450936e-05,-0.0013427939437854906,1346.6755157149346,1344.8672079881885
2026-08-03 06:35:00+00:00,2026-08-03 07:05:00+00:00,LONG,62703.3,62613.3,-0.0014353311548196412,-0.0028353311548196414,1344.8672079881885,1341.0540640942843
2026-08-03 07:05:00+00:00,2026-08-03 07:35:00+00:00,LONG,62613.3,62641.2,0.00044559223040452345,-0.0009544077695954765,1341.0540640942843,1339.7741516760652
2026-08-03 08:20:00+00:00,2026-08-03 08:50:00+00:00,LONG,62419.9,62483.1,0.0010124976169458844,-0.0003875023830541156,1339.7741516760652,1339.2549859995365
2026-08-03 09:55:00+00:00,2026-08-03 10:25:00+00:00,SHORT,62835.1,62742.2,0.0014806621380825113,8.066213808251136e-05,1339.2549859995365,1339.3630131701448
2026-08-03 13:15:00+00:00,2026-08-03 13:45:00+00:00,SHORT,62954.7,62974.6,-0.00031600041921664435,-0.0017160004192166443,1339.3630131701448,1337.0646656780616
2026-08-03 13:50:00+00:00,2026-08-03 14:20:00+00:00,SHORT,63172.6,63428.5,-0.004034464002774851,-0.0054344640027748515,1337.0646656780616,1329.798435883052
2026-08-03 14:20:00+00:00,2026-08-03 14:50:00+00:00,SHORT,63428.5,63872.2,-0.006946684159931826,-0.008346684159931827,1329.798435883052,1318.699028342365
2026-08-03 21:50:00+00:00,2026-08-03 22:20:00+00:00,LONG,63639.8,63560.3,-0.0012492182564998178,-0.002649218256499818,1318.699028342365,1315.2055068016518
2026-08-04 01:40:00+00:00,2026-08-04 02:10:00+00:00,SHORT,63815.5,63767.2,0.0007574426978134152,-0.0006425573021865848,1315.2055068016518,1314.3604118993806
2026-08-04 04:35:00+00:00,2026-08-04 05:05:00+00:00,SHORT,64028.6,63921.6,0.0016739255588096302,0.00027392555880963025,1314.3604118993806,1314.7204488096872
2026-08-04 07:15:00+00:00,2026-08-04 07:45:00+00:00,LONG,63550.7,63747.5,0.0030967400831147796,0.0016967400831147796,1314.7204488096872,1316.9511876932731
2026-08-04 11:45:00+00:00,2026-08-04 12:15:00+00:00,SHORT,63934.0,63803.9,0.0020390603082256487,0.0006390603082256487,1316.9511876932731,1317.7927989251984
2026-08-04 12:35:00+00:00,2026-08-04 13:05:00+00:00,SHORT,63986.0,63965.3,0.0003236129589010428,-0.0010763870410989572,1317.7927989251984,1316.3743438335819
2026-08-04 23:15:00+00:00,2026-08-04 23:45:00+00:00,SHORT,64497.0,64150.0,0.005409197194076398,0.004009197194076398,1316.3743438335819,1321.6519481592336
2026-08-05 02:00:00+00:00,2026-08-05 02:30:00+00:00,SHORT,64454.5,64497.9,-0.0006728901251048525,-0.0020728901251048527,1321.6519481592336,1318.9123088870688
2026-08-05 05:25:00+00:00,2026-08-05 05:55:00+00:00,SHORT,64436.1,64335.5,0.001563677907220784,0.00016367790722078405,1318.9123088870688,1319.128185693595
2026-08-05 07:15:00+00:00,2026-08-05 07:45:00+00:00,LONG,64123.4,64053.5,-0.001090085678551067,-0.0024900856785510673,1319.128185693595,1315.8434434902265
2026-08-05 12:15:00+00:00,2026-08-05 12:45:00+00:00,SHORT,64449.9,64411.1,0.0006023806455719427,-0.0007976193544280573,1315.8434434902265,1314.7939012923014
2026-08-06 05:05:00+00:00,2026-08-06 05:35:00+00:00,SHORT,64959.6,64862.7,0.0014939248597423127,9.392485974231272e-05,1314.7939012923014,1314.9173931250702
2026-08-06 13:05:00+00:00,2026-08-06 13:35:00+00:00,LONG,64210.1,64334.2,0.001932717750011248,0.000532717750011248,1314.9173931250702,1315.6178729601863
2026-08-06 14:40:00+00:00,2026-08-06 15:10:00+00:00,SHORT,64804.8,64851.2,-0.0007154840619756353,-0.0021154840619756355,1315.6178729601863,1312.834704318289
2026-08-06 23:15:00+00:00,2026-08-06 23:45:00+00:00,LONG,64278.7,64228.5,-0.0007809741018408589,-0.002180974101840859,1312.834704318289,1309.9714458281728
2026-08-07 08:30:00+00:00,2026-08-07 09:00:00+00:00,SHORT,64526.7,64689.0,-0.0025089273292213665,-0.003908927329221367,1309.9714458281728,1304.8508626430755
2026-08-07 09:10:00+00:00,2026-08-07 09:40:00+00:00,SHORT,64728.0,64902.1,-0.0026825017988632016,-0.004082501798863202,1304.8508626430755,1299.523806649087
2026-08-07 11:20:00+00:00,2026-08-07 11:50:00+00:00,SHORT,65141.4,65024.1,0.0018039465367456486,0.00040394653674564866,1299.523806649087,1300.0487447902012
2026-08-07 12:10:00+00:00,2026-08-07 12:40:00+00:00,SHORT,65214.1,65156.4,0.0008855615104579329,-0.0005144384895420671,1300.0487447902012,1299.3799496776003
2026-08-07 17:25:00+00:00,2026-08-07 17:55:00+00:00,LONG,64601.2,64764.1,0.0025216249852944017,0.0011216249852944017,1299.3799496776003,1300.8373666945492
2026-08-08 00:15:00+00:00,2026-08-08 00:45:00+00:00,LONG,64829.8,64904.0,0.0011445353834194094,-0.00025546461658059057,1300.8373666945492,1300.505048775433
2026-08-08 03:15:00+00:00,2026-08-08 03:45:00+00:00,SHORT,64997.9,65033.7,-0.0005504838260778078,-0.0019504838260778078,1300.505048775433,1297.968434712064
2026-08-08 12:05:00+00:00,2026-08-08 12:35:00+00:00,LONG,64921.4,65015.0,0.001441743400481199,4.17434004811991e-05,1297.968434712064,1298.022616328246
2026-08-08 14:20:00+00:00,2026-08-08 14:50:00+00:00,SHORT,65119.8,65154.9,-0.0005387161978607224,-0.0019387161978607224,1298.022616328246,1295.5061188567809
2026-08-08 22:30:00+00:00,2026-08-08 23:00:00+00:00,LONG,64984.2,64945.3,-0.0005986070460203274,-0.0019986070460203276,1295.5061188567809,1292.9169111994713
2026-08-09 01:25:00+00:00,2026-08-09 01:55:00+00:00,LONG,64869.1,64871.3,3.391445233558166e-05,-0.0013660855476644183,1292.9169111994713,1291.150676092751
2026-08-09 02:05:00+00:00,2026-08-09 02:35:00+00:00,LONG,64841.5,64837.6,-6.0146665330051974e-05,-0.001460146665330052,1291.150676092751,1289.2654067386154
2026-08-09 02:40:00+00:00,2026-08-09 03:10:00+00:00,LONG,64780.7,64735.1,-0.0007039133569103351,-0.0021039133569103353,1289.2654067386154,1286.5529040287756
2026-08-09 03:10:00+00:00,2026-08-09 03:40:00+00:00,LONG,64735.1,64803.2,0.0010519795288799205,-0.00034802047112007946,1286.5529040287756,1286.1051572809947
2026-08-09 06:45:00+00:00,2026-08-09 07:15:00+00:00,SHORT,64859.1,64851.2,0.0001218173295174374,-0.0012781826704825626,1286.1051572809947,1284.46127995654
2026-08-09 08:00:00+00:00,2026-08-09 08:30:00+00:00,SHORT,64929.9,64897.5,0.0004992488154398345,-0.0009007511845601655,1284.46127995654,1283.3042999370975
2026-08-09 10:15:00+00:00,2026-08-09 10:45:00+00:00,SHORT,64951.0,64971.1,-0.00030936831914496477,-0.0017093683191449648,1283.3042999370975,1281.1106602229627
2026-08-09 13:00:00+00:00,2026-08-09 13:30:00+00:00,SHORT,64999.3,65124.8,-0.0019270692577942894,-0.0033270692577942896,1281.1106602229627,1276.8483163295023
2026-08-09 13:30:00+00:00,2026-08-09 14:00:00+00:00,SHORT,65124.8,65201.8,-0.001180948992205777,-0.002580948992205777,1276.8483163295023,1273.552835954272
2026-08-09 14:00:00+00:00,2026-08-09 14:30:00+00:00,SHORT,65201.8,65203.4,-2.4538597680479057e-05,-0.001424538597680479,1273.552835954272,1271.73861078327
2026-08-09 14:55:00+00:00,2026-08-09 15:25:00+00:00,SHORT,65264.5,65231.0,0.0005135595039167384,-0.0008864404960832616,1271.73861078327,1270.611290178239
2026-08-09 20:00:00+00:00,2026-08-09 20:30:00+00:00,LONG,65159.9,65159.3,-9.208117262238247e-06,-0.0014092081172622382,1270.611290178239,1268.8207344342347
2026-08-09 21:35:00+00:00,2026-08-09 22:05:00+00:00,SHORT,65243.9,65286.9,-0.0006586313640255526,-0.0020586313640255528,1268.8207344342347,1266.2087002750025
2026-08-09 22:05:00+00:00,2026-08-09 22:35:00+00:00,SHORT,65286.9,64991.7,0.004542118455125976,0.003142118455125976,1266.2087002750025,1270.1872780001775
2026-08-10 09:35:00+00:00,2026-08-10 10:05:00+00:00,LONG,65078.2,65050.9,-0.00041949531486729086,-0.0018194953148672908,1270.1872780001775,1267.8761781988521
2026-08-10 13:30:00+00:00,2026-08-10 14:00:00+00:00,LONG,64685.0,64698.7,0.0002117956249516606,-0.0011882043750483394,1267.8761781988521,1266.3696821768967
2026-08-10 15:20:00+00:00,2026-08-10 15:50:00+00:00,LONG,64386.6,64232.6,-0.0023918020209173774,-0.0037918020209173776,1266.3696821768967,1261.56785905679
2026-08-10 15:50:00+00:00,2026-08-10 16:20:00+00:00,LONG,64232.6,64116.0,-0.0018152776004707327,-0.003215277600470733,1261.56785905679,1257.511568178091
2026-08-10 16:20:00+00:00,2026-08-10 16:50:00+00:00,LONG,64116.0,63847.7,-0.004184602907230661,-0.005584602907230661,1257.511568178091,1250.4888654185675
2026-08-11 05:20:00+00:00,2026-08-11 05:50:00+00:00,LONG,63974.7,64019.7,0.0007034030640238331,-0.0006965969359761669,1250.4888654185675,1249.6177787064446
2026-08-11 06:30:00+00:00,2026-08-11 07:00:00+00:00,LONG,63913.3,63994.7,0.001273600330447655,-0.0001263996695523449,1249.6177787064446,1249.4598274321495
2026-08-11 12:10:00+00:00,2026-08-11 12:40:00+00:00,SHORT,64475.2,64329.2,0.0022695758691231305,0.0008695758691231305,1249.4598274321495,1250.546327547523
2026-08-11 13:35:00+00:00,2026-08-11 14:05:00+00:00,LONG,64119.4,64181.5,0.0009685056316808272,-0.00043149436831917284,1250.546327547523,1250.006723849864
2026-08-11 14:20:00+00:00,2026-08-11 14:50:00+00:00,LONG,63957.8,63759.6,-0.003098918349286661,-0.004498918349286661,1250.006723849864,1244.3830456632043
2026-08-11 14:50:00+00:00,2026-08-11 15:20:00+00:00,LONG,63759.6,63796.9,0.0005850099436006673,-0.0008149900563993327,1244.3830456632043,1243.3688858546368
2026-08-11 15:35:00+00:00,2026-08-11 16:05:00+00:00,LONG,63523.5,63623.7,0.0015773690051712475,0.00017736900517124747,1243.3688858546368,1243.5894209569817
2026-08-11 18:35:00+00:00,2026-08-11 19:05:00+00:00,LONG,63353.6,63267.6,-0.001357460349530215,-0.0027574603495302153,1243.5894209569817,1240.1602724375975
2026-08-12 01:45:00+00:00,2026-08-12 02:15:00+00:00,SHORT,63853.1,63864.1,-0.00017224074245159038,-0.0015722407424515904,1240.1602724375975,1238.2104419301013
2026-08-12 09:15:00+00:00,2026-08-12 09:45:00+00:00,SHORT,63960.8,64064.2,-0.00161400595028105,-0.00301400595028105,1238.2104419301013,1234.478468290424
2026-08-12 10:00:00+00:00,2026-08-12 10:30:00+00:00,SHORT,64139.7,64116.9,0.00035560047351013147,-0.0010443995264898685,1234.478468290424,1233.1891795626796
2026-08-12 12:00:00+00:00,2026-08-12 12:30:00+00:00,SHORT,64268.7,64253.3,0.00023967640572530868,-0.0011603235942746913,1233.1891795626796,1231.7582810614288
2026-08-12 14:30:00+00:00,2026-08-12 15:00:00+00:00,LONG,63587.9,63462.3,-0.0019752185557314617,-0.003375218555731462,1231.7582810614288,1227.6008276550144
2026-08-13 05:05:00+00:00,2026-08-13 05:35:00+00:00,SHORT,63831.9,63939.2,-0.0016781567489113636,-0.0030781567489113638,1227.6008276550144,1223.822079882399
2026-08-13 11:20:00+00:00,2026-08-13 11:50:00+00:00,LONG,63495.1,63465.8,-0.00046145293101351736,-0.0018614529310135174,1223.822079882399,1221.543992684763
2026-08-13 15:55:00+00:00,2026-08-13 16:25:00+00:00,LONG,63416.6,63364.2,-0.0008262820775633006,-0.002226282077563301,1221.543992684763,1218.8244911868937
2026-08-13 16:35:00+00:00,2026-08-13 17:05:00+00:00,LONG,63083.0,63132.4,0.0007830952871614727,-0.0006169047128385273,1218.8244911868937,1218.0725926141577
2026-08-14 06:20:00+00:00,2026-08-14 06:50:00+00:00,LONG,63231.2,63029.8,-0.0031851364516251035,-0.004585136451625104,1218.0725926141577,1212.487563569037
2026-08-14 06:50:00+00:00,2026-08-14 07:20:00+00:00,LONG,63029.8,63106.3,0.001213711609429291,-0.00018628839057070897,1212.487563569037,1212.2616912122328
2026-08-14 07:35:00+00:00,2026-08-14 08:05:00+00:00,LONG,62968.1,62936.1,-0.0005081938314797085,-0.0019081938314797085,1212.2616912122328,1209.9484609309225
2026-08-14 08:20:00+00:00,2026-08-14 08:50:00+00:00,LONG,62774.6,62909.8,0.0021537373396247617,0.0007537373396247617,1209.9484609309225,1210.8604442649475
2026-08-15 02:30:00+00:00,2026-08-15 03:00:00+00:00,SHORT,63123.0,63134.4,-0.0001805671709875778,-0.0015805671709875778,1210.8604442649475,1208.946597998095
2026-08-15 08:50:00+00:00,2026-08-15 09:20:00+00:00,LONG,62963.4,62963.8,6.352897079953124e-06,-0.0013936471029200469,1208.946597998095,1207.26175307421
2026-08-15 21:25:00+00:00,2026-08-15 21:55:00+00:00,SHORT,63146.3,63154.9,-0.0001361731235423047,-0.0015361731235423047,1207.26175307421,1205.4071900160568
2026-08-16 01:35:00+00:00,2026-08-16 02:05:00+00:00,LONG,63005.0,63044.2,0.0006221728434250284,-0.0007778271565749716,1205.4071900160568,1204.4695915689317
2026-08-16 09:40:00+00:00,2026-08-16 10:10:00+00:00,LONG,62989.2,62984.2,-7.937868714003038e-05,-0.0014793786871400304,1204.4695915689317,1202.6877249258564
2026-08-16 13:05:00+00:00,2026-08-16 13:35:00+00:00,SHORT,63059.3,63056.4,4.5990573518395195e-05,-0.0013540094264816048,1202.6877249258564,1201.0592744091932
2026-08-16 14:20:00+00:00,2026-08-16 14:50:00+00:00,SHORT,63095.1,63097.7,-4.120593936063344e-05,-0.0014412059393606334,1201.0592744091932,1199.3283006493905
2026-08-16 15:00:00+00:00,2026-08-16 15:30:00+00:00,SHORT,63112.5,63125.9,-0.00021227420123914875,-0.0016122742012391487,1199.3283006493905,1197.3946545714375
2026-08-16 15:30:00+00:00,2026-08-16 16:00:00+00:00,SHORT,63125.9,63141.3,-0.0002438974173797348,-0.0016438974173797348,1197.3946545714375,1195.4262605912033
2026-08-16 16:05:00+00:00,2026-08-16 16:35:00+00:00,SHORT,63158.0,63318.3,-0.002531653566188674,-0.003931653566188674,1195.4262605912033,1190.7262586706345
2026-08-16 21:35:00+00:00,2026-08-16 22:05:00+00:00,LONG,62995.1,62918.3,-0.0012191424412374419,-0.002619142441237442,1190.7262586706345,1187.6075769906545
2026-08-16 22:20:00+00:00,2026-08-16 22:50:00+00:00,LONG,62865.7,62827.8,-0.0006028724725882784,-0.0020028724725882786,1187.6075769906545,1185.2289504664627
2026-08-17 02:50:00+00:00,2026-08-17 03:20:00+00:00,SHORT,63430.1,63363.6,0.0010494984502142923,-0.00035050154978570765,1185.2289504664627,1184.8135258824734
2026-08-17 06:45:00+00:00,2026-08-17 07:15:00+00:00,SHORT,63687.7,63548.7,0.002187298874721355,0.0007872988747213551,1184.8135258824734,1185.7463282381552
2026-08-17 10:40:00+00:00,2026-08-17 11:10:00+00:00,SHORT,63632.1,63660.3,-0.00044297623479627735,-0.0018429762347962773,1185.7463282381552,1183.5610259347154
2026-08-17 11:45:00+00:00,2026-08-17 12:15:00+00:00,SHORT,63724.8,63599.9,0.001963839565785497,0.0005638395657854968,1183.5610259347154,1184.228364469659
2026-08-17 18:20:00+00:00,2026-08-17 18:50:00+00:00,SHORT,64540.3,64445.5,0.001471010388623073,7.1010388623073e-05,1184.228364469659,1184.3124569860383
2026-08-17 23:25:00+00:00,2026-08-17 23:55:00+00:00,SHORT,64489.7,64532.4,-0.0006616831235163323,-0.0020616831235163325,1184.3124569860383,1181.8707799805002
2026-08-18 01:50:00+00:00,2026-08-18 02:20:00+00:00,LONG,64157.2,64190.3,0.0005159202708349131,-0.0008840797291650869,1181.8707799805002,1180.825911981427
2026-08-18 11:40:00+00:00,2026-08-18 12:10:00+00:00,SHORT,64385.5,64300.1,0.001328147234607835,-7.185276539216508e-05,1180.825911981427,1180.7410663742044
2026-08-18 13:15:00+00:00,2026-08-18 13:45:00+00:00,LONG,64133.3,64240.1,0.0016652815308115798,0.00026528153081157983,1180.7410663742044,1181.0542951717841
2026-08-18 14:20:00+00:00,2026-08-18 14:50:00+00:00,SHORT,64732.9,64750.4,-0.0002702686006572641,-0.001670268600657264,1181.0542951717841,1179.0816172668874
2026-08-18 23:40:00+00:00,2026-08-19 00:10:00+00:00,SHORT,64778.5,64586.4,0.0029743103811328275,0.0015743103811328275,1179.0816172668874,1180.9378576971535
2026-08-19 01:00:00+00:00,2026-08-19 01:30:00+00:00,LONG,64444.7,64473.6,0.0004484464975398339,-0.0009515535024601661,1180.9378576971535,1179.8141321424741
2026-08-19 02:00:00+00:00,2026-08-19 02:30:00+00:00,LONG,64374.1,64377.4,5.1262852606814846e-05,-0.0013487371473931851,1179.8141321424741,1178.2228729954343
2026-08-19 11:20:00+00:00,2026-08-19 11:50:00+00:00,SHORT,64531.4,64511.2,0.00031312392266769074,-0.0010868760773323093,1178.2228729954343,1176.9422907410099
2026-08-19 12:30:00+00:00,2026-08-19 13:00:00+00:00,SHORT,64662.3,64804.4,-0.002192752343976645,-0.003592752343976645,1176.9422907410099,1172.713828567225
2026-08-19 13:30:00+00:00,2026-08-19 14:00:00+00:00,SHORT,65056.2,65142.3,-0.0013217218305157097,-0.00272172183051571,1172.713828567225,1169.5220277390658
2026-08-19 14:05:00+00:00,2026-08-19 14:35:00+00:00,SHORT,65391.3,65499.4,-0.0016503967975278755,-0.0030503967975278757,1169.5220277390658,1165.9545214910124
2026-08-19 14:35:00+00:00,2026-08-19 15:05:00+00:00,SHORT,65499.4,66507.6,-0.01515916977909293,-0.016559169779092928,1165.9545214910124,1146.6472826149418
2026-08-19 15:05:00+00:00,2026-08-19 15:35:00+00:00,SHORT,66507.6,68649.8,-0.03120475223525776,-0.03260475223525776,1146.6472826149418,1109.2611320640501
2026-08-19 20:50:00+00:00,2026-08-19 21:20:00+00:00,SHORT,69112.2,69529.6,-0.0060031986377026,-0.0074031986377026005,1109.2611320640501,1101.049051562297
2026-08-19 21:45:00+00:00,2026-08-19 22:15:00+00:00,SHORT,69833.4,69286.0,0.007900585976964969,0.006500585976964969,1101.049051562297,1108.2065155868336
2026-08-20 03:10:00+00:00,2026-08-20 03:40:00+00:00,LONG,68999.6,69196.8,0.0028579875825367473,0.0014579875825367474,1108.2065155868336,1109.8222669254453
2026-08-20 07:05:00+00:00,2026-08-20 07:35:00+00:00,SHORT,69978.4,69556.8,0.0060612334092424724,0.004661233409242472,1109.8222669254453,1114.9954075543594
2026-08-20 08:05:00+00:00,2026-08-20 08:35:00+00:00,SHORT,70711.5,71439.0,-0.010183513207071782,-0.011583513207071782,1114.9954075543594,1102.0798435251293
2026-08-20 08:45:00+00:00,2026-08-20 09:15:00+00:00,SHORT,71628.4,71890.3,-0.00364305059236103,-0.00504305059236103,1102.0798435251293,1096.5219991174108
2026-08-20 10:15:00+00:00,2026-08-20 10:45:00+00:00,SHORT,72394.3,71877.2,0.007194214577084246,0.005794214577084246,1096.5219991174108,1102.8754828687904
2026-08-20 23:25:00+00:00,2026-08-20 23:55:00+00:00,SHORT,73215.0,73031.7,0.0025098690020908254,0.0011098690020908254,1102.8754828687904,1104.0995301803923
2026-08-21 00:10:00+00:00,2026-08-21 00:40:00+00:00,SHORT,73491.5,73690.6,-0.002701837140693719,-0.004101837140693719,1104.0995301803923,1099.570693720476
2026-08-21 01:15:00+00:00,2026-08-21 01:45:00+00:00,SHORT,74654.5,75585.7,-0.012319790648231077,-0.013719790648231077,1099.570693720476,1084.484813999701
2026-08-21 01:45:00+00:00,2026-08-21 02:15:00+00:00,SHORT,75585.7,74734.2,0.011393712650968446,0.009993712650968446,1084.484813999701,1095.322843605153
2026-08-21 05:10:00+00:00,2026-08-21 05:40:00+00:00,SHORT,75318.6,75287.5,0.0004130831811390845,-0.0009869168188609155,1095.322843605153,1094.2418510687164
2026-08-21 07:10:00+00:00,2026-08-21 07:40:00+00:00,SHORT,75972.1,76585.1,-0.008004167912557425,-0.009404167912557425,1094.2418510687164,1083.9514169643187
2026-08-21 07:40:00+00:00,2026-08-21 08:10:00+00:00,SHORT,76585.1,76895.7,-0.00403923756464919,-0.00543923756464919,1083.9514169643187,1078.0555476989116
2026-08-21 08:10:00+00:00,2026-08-21 08:40:00+00:00,SHORT,76895.7,77661.4,-0.009859466865135058,-0.011259466865135058,1078.0555476989116,1065.9172169808207
2026-08-21 08:50:00+00:00,2026-08-21 09:20:00+00:00,SHORT,78670.3,77657.6,0.013040578127575309,0.011640578127575308,1065.9172169808207,1078.3251096226136
2026-08-21 18:45:00+00:00,2026-08-21 19:15:00+00:00,LONG,76694.2,77106.9,0.005381110957543012,0.003981110957543011,1078.3251096226136,1082.6180415323258
2026-08-21 21:20:00+00:00,2026-08-21 21:50:00+00:00,SHORT,78037.5,78652.9,-0.007824250599787086,-0.009224250599787086,1082.6180415323258,1072.631701413381
2026-08-21 21:50:00+00:00,2026-08-21 22:20:00+00:00,SHORT,78652.9,78528.1,0.0015892400300019371,0.00018924003000193716,1072.631701413381,1072.8346862687374
2026-08-22 05:10:00+00:00,2026-08-22 05:40:00+00:00,LONG,77313.7,77183.9,-0.0016788745073641476,-0.0030788745073641478,1072.8346862687374,1069.5315629025686
2026-08-22 10:20:00+00:00,2026-08-22 10:50:00+00:00,LONG,76607.0,76987.5,0.00496690902920105,0.0035669090292010496,1069.5315629025686,1073.3464846913012
2026-08-23 05:05:00+00:00,2026-08-23 05:35:00+00:00,LONG,76291.1,76241.8,-0.0006462090597724179,-0.002046209059772418,1073.3464846913012,1071.150193390051
2026-08-23 06:05:00+00:00,2026-08-23 06:35:00+00:00,LONG,75919.3,76237.0,0.004184706655619763,0.002784706655619763,1071.150193390051,1074.1330324627527
2026-08-23 10:20:00+00:00,2026-08-23 10:50:00+00:00,SHORT,76840.1,76816.6,0.0003059234592523996,-0.0010940765407476004,1074.1330324627527,1072.957848710293
2026-08-23 11:20:00+00:00,2026-08-23 11:50:00+00:00,SHORT,77273.6,77352.2,-0.001016131409319887,-0.002416131409319887,1072.957848710293,1070.3654415511478
2026-08-23 13:15:00+00:00,2026-08-23 13:45:00+00:00,SHORT,77649.9,77466.5,0.0023674749730528966,0.0009674749730528966,1070.3654415511478,1071.4009933278692
2026-08-23 21:00:00+00:00,2026-08-23 21:30:00+00:00,SHORT,77672.3,77954.5,-0.0036200604198602937,-0.005020060419860294,1071.4009933278692,1066.022495607465
2026-08-23 21:30:00+00:00,2026-08-23 22:00:00+00:00,SHORT,77954.5,77699.7,0.0032792919406381404,0.0018792919406381405,1066.022495607465,1068.025863091999
2026-08-24 07:10:00+00:00,2026-08-24 07:40:00+00:00,SHORT,77751.9,77346.6,0.0052400493363637946,0.0038400493363637943,1068.025863091999,1072.1271350987847
2026-08-24 10:10:00+00:00,2026-08-24 10:40:00+00:00,SHORT,77849.6,77731.9,0.0015141788635040232,0.00011417886350402321,1072.1271350987847,1072.249549356602
2026-08-24 11:30:00+00:00,2026-08-24 12:00:00+00:00,SHORT,78133.8,78209.3,-0.0009653583397370991,-0.0023653583397370993,1072.249549356602,1069.713294942752
2026-08-24 12:50:00+00:00,2026-08-24 13:20:00+00:00,SHORT,79149.6,78996.9,0.001932987243803419,0.000532987243803419,1069.713294942752,1070.2834384834835
2026-08-25 00:40:00+00:00,2026-08-25 01:10:00+00:00,SHORT,79366.6,79647.4,-0.003525538812315099,-0.004925538812315099,1070.2834384834835,1065.011715867055
2026-08-25 02:15:00+00:00,2026-08-25 02:45:00+00:00,SHORT,80853.7,80647.1,0.002561778414846838,0.0011617784148468381,1065.011715867055,1066.2490234901084
2026-08-25 07:45:00+00:00,2026-08-25 08:15:00+00:00,LONG,79894.8,79999.1,0.001305466688695578,-9.453331130442207e-05,1066.2490234901084,1066.1482274392429
2026-08-25 09:50:00+00:00,2026-08-25 10:20:00+00:00,LONG,79099.2,79319.9,0.002790167283613476,0.0013901672836134761,1066.1482274392429,1067.6303518245113
2026-08-25 12:05:00+00:00,2026-08-25 12:35:00+00:00,LONG,78841.8,78905.0,0.0008016052398600593,-0.0005983947601399407,1067.6303518245113,1066.9914874162132
2026-08-25 20:40:00+00:00,2026-08-25 21:10:00+00:00,LONG,78473.2,78290.4,-0.002329457700208537,-0.0037294577002085372,1066.9914874162132,1063.0121877974118
2026-08-26 09:15:00+00:00,2026-08-26 09:45:00+00:00,LONG,78483.2,78433.3,-0.000635804860148359,-0.0020358048601483592,1063.0121877974118,1060.848102419097
2026-08-26 15:00:00+00:00,2026-08-26 15:30:00+00:00,LONG,77656.8,77956.5,0.0038592885619803674,0.002459288561980367,1060.848102419097,1063.4570340233747
2026-08-26 21:10:00+00:00,2026-08-26 21:40:00+00:00,SHORT,78787.3,78713.4,0.000938849039680667,-0.00046115096031933297,1063.4570340233747,1062.9666197908766
2026-08-27 08:00:00+00:00,2026-08-27 08:30:00+00:00,SHORT,79438.1,79859.3,-0.005274276133149125,-0.006674276133149125,1062.9666197908766,1055.8720870500722
2026-08-27 08:30:00+00:00,2026-08-27 09:00:00+00:00,SHORT,79859.3,79750.1,0.0013692772799029918,-3.0722720097008235e-05,1055.8720870500722,1055.8396477874835
2026-08-27 09:20:00+00:00,2026-08-27 09:50:00+00:00,SHORT,80092.0,80071.7,0.0002535227802082929,-0.001146477219791707,1055.8396477874835,1054.6291516835422
2026-08-27 14:35:00+00:00,2026-08-27 15:05:00+00:00,SHORT,80208.3,80319.4,-0.001383227464348491,-0.002783227464348491,1054.6291516835422,1051.693878863874
2026-08-27 15:10:00+00:00,2026-08-27 15:40:00+00:00,SHORT,80676.0,80495.4,0.0022436064669535405,0.0008436064669535405,1051.693878863874,1052.581094621339
2026-08-28 01:10:00+00:00,2026-08-28 01:40:00+00:00,SHORT,80757.4,80843.7,-0.0010674919628864687,-0.002467491962886469,1052.581094621339,1049.9838592300746
2026-08-28 04:05:00+00:00,2026-08-28 04:35:00+00:00,LONG,79646.4,79638.9,-9.41662146688449e-05,-0.0014941662146688449,1049.9838592300746,1048.4150088216654
2026-08-28 14:10:00+00:00,2026-08-28 14:40:00+00:00,LONG,78631.7,79417.0,0.009987066284971702,0.008587066284971702,1048.4150088216654,1057.417817996576
2026-08-28 15:55:00+00:00,2026-08-28 16:25:00+00:00,LONG,78329.9,77529.9,-0.01021321360042593,-0.01161321360042593,1057.417817996576,1045.1377990112856
2026-08-28 16:25:00+00:00,2026-08-28 16:55:00+00:00,LONG,77529.9,77785.9,0.00330195189210869,0.00190195189210869,1045.1377990112856,1047.1256008256294
2026-08-29 06:20:00+00:00,2026-08-29 06:50:00+00:00,LONG,77413.1,77428.8,0.0002028080518672315,-0.0011971919481327685,1047.1256008256294,1045.8719904876373
2026-08-29 14:40:00+00:00,2026-08-29 15:10:00+00:00,SHORT,77922.1,77941.8,-0.0002527526949595016,-0.0016527526949595016,1045.8719904876373,1044.1434227367763
2026-08-30 06:45:00+00:00,2026-08-30 07:15:00+00:00,SHORT,78297.0,78240.0,0.0007285276073618618,-0.0006714723926381381,1044.1434227367763,1043.442309254454
2026-08-30 12:05:00+00:00,2026-08-30 12:35:00+00:00,SHORT,78607.5,78622.8,-0.0001946000396831904,-0.0015946000396831904,1043.442309254454,1041.7784361067097
2026-08-30 12:55:00+00:00,2026-08-30 13:25:00+00:00,SHORT,78791.7,78730.0,0.0007836910961513954,-0.0006163089038486046,1041.7784361067097,1041.1363787806997
2026-08-30 13:45:00+00:00,2026-08-30 14:15:00+00:00,SHORT,78948.6,78798.0,0.001911216020711315,0.0005112160207113149,1041.1363787806997,1041.6686243772776
2026-08-30 16:55:00+00:00,2026-08-30 17:25:00+00:00,SHORT,79346.0,78934.7,0.005210636133411661,0.003810636133411661,1041.6686243772776,1045.6380444763709
2026-08-30 20:40:00+00:00,2026-08-30 21:10:00+00:00,LONG,78473.8,78504.8,0.00039503630511084076,-0.0010049636948891592,1045.6380444763709,1044.5872162036771
2026-08-30 23:20:00+00:00,2026-08-30 23:50:00+00:00,LONG,77973.8,77567.5,-0.0052107246280160835,-0.006610724628016084,1044.5872162036771,1037.6817377674088
2026-08-31 05:20:00+00:00,2026-08-31 05:50:00+00:00,SHORT,78092.5,78000.0,0.001185897435897365,-0.00021410256410263491,1037.6817377674088,1037.4595674466304
2026-08-31 09:05:00+00:00,2026-08-31 09:35:00+00:00,SHORT,78742.3,78644.4,0.0012448438795389372,-0.00015515612046106283,1037.4595674466304,1037.2985992450103
2026-08-31 12:35:00+00:00,2026-08-31 13:05:00+00:00,LONG,77941.5,78040.2,0.0012663343661591941,-0.00013366563384080584,1037.2985992450103,1037.15994807026
2026-08-31 23:00:00+00:00,2026-08-31 23:30:00+00:00,LONG,78435.0,78542.8,0.0013743864346273948,-2.5613565372605137e-05,1037.15994807026,1037.1333827061283
2026-09-01 03:35:00+00:00,2026-09-01 04:05:00+00:00,SHORT,78857.8,78773.7,0.0010676152065982603,-0.00033238479340173973,1037.1333827061283,1036.7886553409876
2026-09-01 05:40:00+00:00,2026-09-01 06:10:00+00:00,SHORT,79171.4,79032.5,0.0017575048239648616,0.00035750482396486164,1036.7886553409876,1037.1593122867039
2026-09-01 08:05:00+00:00,2026-09-01 08:35:00+00:00,LONG,78303.7,77944.9,-0.004582158952897486,-0.005982158952897486,1037.1593122867039,1030.954860421127
2026-09-01 08:50:00+00:00,2026-09-01 09:20:00+00:00,LONG,77902.3,77975.1,0.0009345038593213673,-0.00046549614067863273,1030.954860421127,1030.4749549123871
2026-09-01 16:20:00+00:00,2026-09-01 16:50:00+00:00,LONG,77511.1,77638.6,0.001644925694513466,0.00024492569451346606,1030.4749549123871,1030.7273447063976
2026-09-01 18:15:00+00:00,2026-09-01 18:45:00+00:00,LONG,77089.9,76788.8,-0.003905829427719998,-0.005305829427719998,1030.7273447063976,1025.2584812288987
2026-09-02 01:45:00+00:00,2026-09-02 02:15:00+00:00,LONG,76833.2,77149.9,0.004121916046708973,0.002721916046708973,1025.2584812288987,1028.0491487409802
2026-09-02 03:25:00+00:00,2026-09-02 03:55:00+00:00,SHORT,77650.0,77560.6,0.001152647091435588,-0.000247352908564412,1028.0491487409802,1027.7948577938919
2026-09-02 08:30:00+00:00,2026-09-02 09:00:00+00:00,LONG,77137.9,76998.7,-0.0018045604041592167,-0.003204560404159217,1027.7948577938919,1024.5012270890072
2026-09-02 09:20:00+00:00,2026-09-02 09:50:00+00:00,LONG,76757.2,76688.2,-0.0008989384709187087,-0.002298938470918709,1024.5012270890072,1022.145961804549
2026-09-03 02:30:00+00:00,2026-09-03 03:00:00+00:00,SHORT,77876.2,77710.0,0.0021387208853429485,0.0007387208853429485,1022.145961804549,1022.9010423744029
2026-09-03 05:25:00+00:00,2026-09-03 05:55:00+00:00,LONG,77193.9,77806.2,0.007931973899492073,0.006531973899492073,1022.9010423744029,1029.5826052849557
2026-09-03 07:00:00+00:00,2026-09-03 07:30:00+00:00,SHORT,78139.9,77915.8,0.002876181724374094,0.001476181724374094,1029.5826052849557,1031.1024563106107
2026-09-03 12:10:00+00:00,2026-09-03 12:40:00+00:00,SHORT,78073.2,78311.1,-0.003037883518428486,-0.004437883518428486,1031.1024563106107,1026.5265437139387
2026-09-03 12:50:00+00:00,2026-09-03 13:20:00+00:00,SHORT,78546.3,78580.0,-0.0004288623059301999,-0.0018288623059302,1026.5265437139387,1024.6491680121035
2026-09-03 13:35:00+00:00,2026-09-03 14:05:00+00:00,SHORT,78850.0,78876.2,-0.00033216610333663965,-0.0017321661033366396,1024.6491680121035,1022.8743054554609
2026-09-03 14:20:00+00:00,2026-09-03 14:50:00+00:00,SHORT,79373.7,80249.3,-0.010910998600610955,-0.012310998600610955,1022.8743054554609,1010.2817013123979
2026-09-03 14:55:00+00:00,2026-09-03 15:25:00+00:00,SHORT,80552.6,80753.2,-0.002484112084722212,-0.003884112084722212,1010.2817013123979,1006.3576539473568
2026-09-04 04:25:00+00:00,2026-09-04 04:55:00+00:00,SHORT,81258.8,81070.0,0.002328851609719962,0.0009288516097199619,1006.3576539473568,1007.2924108741797
2026-09-04 12:30:00+00:00,2026-09-04 13:00:00+00:00,LONG,79830.0,79415.0,-0.005198546912188351,-0.006598546912188351,1007.2924108741797,1000.6457446467352
2026-09-04 14:45:00+00:00,2026-09-04 15:15:00+00:00,LONG,78699.0,79245.2,0.006940367730212449,0.005540367730212449,1000.6457446467352,1006.1896900397503
2026-09-05 16:30:00+00:00,2026-09-05 17:00:00+00:00,SHORT,79988.0,80040.0,-0.0006496751624187613,-0.0020496751624187615,1006.1896900397503,1004.127328023394
2026-09-06 07:10:00+00:00,2026-09-06 07:40:00+00:00,LONG,79671.9,79859.4,0.0023534018894992847,0.0009534018894992848,1004.127328023394,1005.0846649152294
2026-09-06 14:20:00+00:00,2026-09-06 14:50:00+00:00,LONG,79648.3,79690.0,0.0005235516640027527,-0.0008764483359972473,1005.0846649152294,1004.2037601331281
2026-09-06 18:30:00+00:00,2026-09-06 19:00:00+00:00,SHORT,79934.3,79906.2,0.00035166232407513043,-0.0010483376759248696,1004.2037601331281,1003.1510154970752
2026-09-06 22:05:00+00:00,2026-09-06 22:35:00+00:00,LONG,79686.2,79952.5,0.0033418584397297835,0.0019418584397297835,1003.1510154970752,1005.0989927628416
2026-09-06 23:00:00+00:00,2026-09-06 23:30:00+00:00,SHORT,80219.0,80216.8,2.7425676416781286e-05,-0.0013725743235832187,1005.0989927628416,1003.719419692716
2026-09-06 23:35:00+00:00,2026-09-07 00:05:00+00:00,SHORT,80450.0,80383.0,0.0008335095729197217,-0.0005664904270802783,1003.719419692716,1003.1508222499855
2026-09-07 07:25:00+00:00,2026-09-07 07:55:00+00:00,LONG,79425.3,79401.2,-0.00030342976356412255,-0.0017034297635641225,1003.1508222499855,1001.4420252820211
2026-09-07 14:05:00+00:00,2026-09-07 14:35:00+00:00,LONG,79147.0,79042.7,-0.0013178010537354679,-0.002717801053735468,1001.4420252820211,998.7203050904546
2026-09-07 14:40:00+00:00,2026-09-07 15:10:00+00:00,LONG,79036.9,79045.5,0.00010880993561235286,-0.0012911900643876471,998.7203050904546,997.4307673554197
2026-09-07 15:30:00+00:00,2026-09-07 16:00:00+00:00,LONG,78847.5,78872.7,0.0003196042994386694,-0.0010803957005613306,997.4307673554197,996.3531474427614
2026-09-07 19:30:00+00:00,2026-09-07 20:00:00+00:00,SHORT,79374.7,79326.4,0.0006088767421690289,-0.0007911232578309711,996.3531474427614,995.5649092948064
2026-09-07 22:35:00+00:00,2026-09-07 23:05:00+00:00,LONG,78875.3,79123.2,0.0031429357479464404,0.0017429357479464404,995.5649092948064,997.3001149646173
2026-09-08 03:00:00+00:00,2026-09-08 03:30:00+00:00,LONG,78919.0,78920.1,1.3938341844266233e-05,-0.0013860616581557338,997.3001149646173,995.9177955135905
2026-09-08 06:50:00+00:00,2026-09-08 07:20:00+00:00,LONG,78281.1,78459.0,0.00227257920494206,0.0008725792049420601,995.9177955135905,996.7868126717873
2026-09-08 10:20:00+00:00,2026-09-08 10:50:00+00:00,SHORT,78876.7,78635.3,0.0030698681126668514,0.0016698681126668515,996.7868126717873,998.4513151853947
2026-09-08 13:35:00+00:00,2026-09-08 14:05:00+00:00,LONG,77889.9,78087.5,0.0025369142854207993,0.0011369142854207993,998.4513151853947,999.5864687489261
2026-09-09 04:00:00+00:00,2026-09-09 04:30:00+00:00,SHORT,78932.9,78920.1,0.00016218935353595754,-0.0012378106464640424,999.5864687489261,998.3491699758473
2026-09-09 04:40:00+00:00,2026-09-09 05:10:00+00:00,SHORT,79195.6,79276.3,-0.001017958708971034,-0.0024179587089710342,998.3491699758473,995.9352029057103
2026-09-09 05:10:00+00:00,2026-09-09 05:40:00+00:00,SHORT,79276.3,78924.1,0.004462515251995258,0.003062515251995258,995.9352029057103,998.9852696546079
2026-09-09 08:05:00+00:00,2026-09-09 08:35:00+00:00,SHORT,79470.9,79626.3,-0.0019516164885221565,-0.0033516164885221567,998.9852696546079,995.6370541530429
2026-09-09 08:40:00+00:00,2026-09-09 09:10:00+00:00,SHORT,79647.0,79537.3,0.0013792271047672333,-2.0772895232766672e-05,995.6370541530429,995.6163718888271
2026-09-09 09:40:00+00:00,2026-09-09 10:10:00+00:00,LONG,79073.2,79000.1,-0.000924459867565619,-0.0023244598675656192,995.6163718888271,993.3021015888803
2026-09-09 12:35:00+00:00,2026-09-09 13:05:00+00:00,SHORT,79527.3,79536.8,-0.00011944156667098582,-0.0015194415666709858,993.3021015888803,991.7928370874646
2026-09-09 13:30:00+00:00,2026-09-09 14:00:00+00:00,SHORT,79657.1,79063.6,0.007506614927728972,0.0061066149277289716,991.7928370874646,997.8493340316375
2026-09-09 15:10:00+00:00,2026-09-09 15:40:00+00:00,LONG,78477.4,78647.4,0.002166228748658794,0.0007662287486587939,997.8493340316375,998.6139148782024
2026-09-09 20:25:00+00:00,2026-09-09 20:55:00+00:00,LONG,78117.2,78320.1,0.0025973793223517117,0.0011973793223517117,998.6139148782024,999.8096345308902
2026-09-10 12:30:00+00:00,2026-09-10 13:00:00+00:00,LONG,77378.3,77032.8,-0.004465076125994005,-0.0058650761259940055,999.8096345308902,993.9456749128643
2026-09-10 22:35:00+00:00,2026-09-10 23:05:00+00:00,LONG,76912.2,76703.6,-0.0027121835027471564,-0.0041121835027471566,993.9456749128643,989.8583879058608
2026-09-10 23:05:00+00:00,2026-09-10 23:35:00+00:00,LONG,76703.6,76759.0,0.0007222607543844184,-0.0006777392456155816,989.8583879058608,989.1875220287753
2026-09-11 06:10:00+00:00,2026-09-11 06:40:00+00:00,SHORT,77403.9,77251.3,0.001975371288249983,0.000575371288249983,989.1875220287753,989.7566721276457
2026-09-11 09:35:00+00:00,2026-09-11 10:05:00+00:00,LONG,76931.9,77091.1,0.002069362644104844,0.0006693626441048441,989.7566721276457,990.4191782707214
2026-09-11 11:05:00+00:00,2026-09-11 11:35:00+00:00,LONG,76815.9,76858.0,0.0005480636170376307,-0.0008519363829623693,990.4191782707214,989.575404138369
2026-09-11 12:35:00+00:00,2026-09-11 13:05:00+00:00,SHORT,77635.6,77567.6,0.0008766546857192914,-0.0005233453142807086,989.575404138369,989.0575144874857
2026-09-11 13:45:00+00:00,2026-09-11 14:15:00+00:00,SHORT,78524.0,79182.6,-0.008317483891663091,-0.009717483891663091,989.0575144874857,979.4463640225252
2026-09-11 18:00:00+00:00,2026-09-11 18:30:00+00:00,LONG,77156.7,77263.1,0.0013790118032523946,-2.09881967476054e-05,979.4463640225252,979.4258072095334
2026-09-12 17:45:00+00:00,2026-09-12 18:15:00+00:00,LONG,77205.6,77141.6,-0.0008289554125607834,-0.0022289554125607836,979.4258072095334,977.242710755352
2026-09-12 18:15:00+00:00,2026-09-12 18:45:00+00:00,LONG,77141.6,77182.2,0.0005263048731163344,-0.0008736951268836655,977.242710755352,976.3888985611826
2026-09-13 06:50:00+00:00,2026-09-13 07:20:00+00:00,LONG,77136.8,77163.7,0.0003487310855518899,-0.00105126891444811,976.3888985611826,975.3624512637131
2026-09-13 07:35:00+00:00,2026-09-13 08:05:00+00:00,LONG,77124.9,77122.3,-3.371155100351242e-05,-0.0014337115510035124,975.3624512637131,973.9640628509212
2026-09-13 08:15:00+00:00,2026-09-13 08:45:00+00:00,LONG,77006.9,76866.0,-0.0018297061691873173,-0.0032297061691873175,973.9640628509212,970.8184451085649
2026-09-13 09:30:00+00:00,2026-09-13 10:00:00+00:00,LONG,76599.3,76790.0,0.0024895788864911506,0.0010895788864911506,970.8184451085649,971.8762283889713
2026-09-13 14:15:00+00:00,2026-09-13 14:45:00+00:00,SHORT,77058.6,77201.0,-0.0018445356925427259,-0.003244535692542726,971.8762283889713,968.7229412772296
2026-09-13 14:45:00+00:00,2026-09-13 15:15:00+00:00,SHORT,77201.0,77016.1,0.0024007967165307065,0.0010007967165307065,968.7229412772296,969.6924360160878
2026-09-13 22:00:00+00:00,2026-09-13 22:30:00+00:00,LONG,77092.0,76849.9,-0.0031404036735329655,-0.004540403673532966,969.6924360160878,965.2896409174032
2026-09-13 23:00:00+00:00,2026-09-13 23:30:00+00:00,LONG,76755.7,76847.2,0.0011920938770670908,-0.00020790612293290918,965.2896409174032,965.0889512906527
2026-09-14 00:25:00+00:00,2026-09-14 00:55:00+00:00,LONG,76474.4,76805.0,0.004323015283545839,0.002923015283545839,965.0889512906527,967.9099210452565
2026-09-14 02:25:00+00:00,2026-09-14 02:55:00+00:00,SHORT,77533.5,77598.3,-0.0008350698404475665,-0.0022350698404475667,967.9099210452565,965.7465747724583
2026-09-14 09:50:00+00:00,2026-09-14 10:20:00+00:00,SHORT,78307.2,77968.1,0.004349214614694841,0.0029492146146948405,965.7465747724583,968.5947686848687
2026-09-14 13:45:00+00:00,2026-09-14 14:15:00+00:00,SHORT,78432.9,78646.2,-0.002712146295688833,-0.004112146295688833,968.5947686848687,964.6117652947976
2026-09-14 23:45:00+00:00,2026-09-15 00:15:00+00:00,LONG,78286.8,78059.8,-0.002899594823137508,-0.004299594823137508,964.6117652947976,960.4643255423986
2026-09-15 01:00:00+00:00,2026-09-15 01:30:00+00:00,LONG,77833.8,77960.1,0.0016226883436245565,0.0002226883436245565,960.4643255423986,960.678209752164
2026-09-15 05:10:00+00:00,2026-09-15 05:40:00+00:00,LONG,77420.7,77463.3,0.0005502404395725247,-0.0008497595604274753,960.678209752164,959.8618642589328
2026-09-15 07:35:00+00:00,2026-09-15 08:05:00+00:00,LONG,77083.8,76775.9,-0.003994354196342309,-0.005394354196342309,959.8618642589328,954.6840293835587
2026-09-15 08:05:00+00:00,2026-09-15 08:35:00+00:00,LONG,76775.9,76875.1,0.0012920721215903264,-0.00010792787840967362,954.6840293835587,954.5809923617157
2026-09-15 13:35:00+00:00,2026-09-15 14:05:00+00:00,LONG,76316.7,76477.9,0.0021122506607333946,0.0007122506607333946,954.5809923617157,955.2608933042488
2026-09-15 14:35:00+00:00,2026-09-15 15:05:00+00:00,LONG,75861.4,76036.6,0.0023094749108243384,0.0009094749108243384,955.2608933042488,956.1296791200007
2026-09-15 17:30:00+00:00,2026-09-15 18:00:00+00:00,SHORT,76930.0,76884.0,0.0005983039384007682,-0.0008016960615992318,956.1296791200007,955.3631537218721
2026-09-15 18:45:00+00:00,2026-09-15 19:15:00+00:00,LONG,75061.6,76158.5,0.01461333091753958,0.01321333091753958,955.3631537218721,967.9866832184233
2026-09-15 22:15:00+00:00,2026-09-15 22:45:00+00:00,LONG,75199.8,75705.3,0.006722092345990305,0.005322092345990305,967.9866832184233,973.1383977362005
2026-09-16 08:05:00+00:00,2026-09-16 08:35:00+00:00,LONG,75536.0,75543.1,9.39949163314413e-05,-0.0013060050836685587,973.1383977362005,971.8674740416441
2026-09-16 11:40:00+00:00,2026-09-16 12:10:00+00:00,SHORT,76235.3,76115.0,0.0015805031859685847,0.00018050318596858476,971.8674740416441,972.0428992170478
2026-09-17 00:15:00+00:00,2026-09-17 00:45:00+00:00,SHORT,76454.5,76411.5,0.0005627425191234714,-0.0008372574808765286,972.0428992170478,971.2290490279454
2026-09-17 01:25:00+00:00,2026-09-17 01:55:00+00:00,SHORT,76623.6,76368.7,0.0033377548655406653,0.0019377548655406653,971.2290490279454,973.1110528432537
2026-09-17 12:10:00+00:00,2026-09-17 12:40:00+00:00,SHORT,76817.0,76869.0,-0.0006764755623203111,-0.0020764755623203113,973.1110528432537,971.0904115226009
2026-09-17 13:35:00+00:00,2026-09-17 14:05:00+00:00,LONG,76023.1,76657.0,0.008338255082994461,0.006938255082994461,971.0904115226009,977.8280845063947
2026-09-17 22:05:00+00:00,2026-09-17 22:35:00+00:00,LONG,76357.6,76432.0,0.0009743627353400175,-0.0004256372646599825,977.8280845063947,977.4118844351977
2026-09-18 02:30:00+00:00,2026-09-18 03:00:00+00:00,SHORT,77024.6,77017.2,9.608243353453894e-05,-0.001303917566465461,977.4118844351977,976.1374199094106
2026-09-18 03:10:00+00:00,2026-09-18 03:40:00+00:00,SHORT,77315.9,77339.5,-0.0003051480808643481,-0.001705148080864348,976.1374199094106,974.4729610611922
2026-09-18 09:00:00+00:00,2026-09-18 09:30:00+00:00,SHORT,78305.0,78103.2,0.002583760972661775,0.001183760972661775,974.4729610611922,975.6265041214106
2026-09-18 13:35:00+00:00,2026-09-18 14:05:00+00:00,SHORT,78953.0,80210.7,-0.015679952923986384,-0.017079952923986383,975.6265041214106,958.9628493596235
2026-09-18 14:05:00+00:00,2026-09-18 14:35:00+00:00,SHORT,80210.7,80641.2,-0.005338462225264462,-0.006738462225264462,958.9628493596235,952.5009144237818
2026-09-18 15:00:00+00:00,2026-09-18 15:30:00+00:00,SHORT,80730.3,80832.9,-0.0012692851549306328,-0.002669285154930633,952.5009144237818,949.9584178728526
2026-09-19 00:50:00+00:00,2026-09-19 01:20:00+00:00,SHORT,81423.7,81305.6,0.0014525444741813054,5.2544474181305404e-05,949.9584178728526,950.0083329384138
2026-09-19 04:35:00+00:00,2026-09-19 05:05:00+00:00,LONG,80934.1,81144.5,0.0025996458847381554,0.0011996458847381554,950.0083329384138,951.1480065254902
2026-09-19 15:10:00+00:00,2026-09-19 15:40:00+00:00,SHORT,81705.8,81907.1,-0.0024576624004513103,-0.0038576624004513105,951.1480065254902,947.4787986234527
2026-09-19 15:40:00+00:00,2026-09-19 16:10:00+00:00,SHORT,81907.1,81763.1,0.0017611856693300343,0.0003611856693300343,947.4787986234527,947.8210143875094
2026-09-19 20:30:00+00:00,2026-09-19 21:00:00+00:00,LONG,81250.2,81190.3,-0.0007372289545132249,-0.002137228954513225,947.8210143875094,945.7953038718643
2026-09-19 21:05:00+00:00,2026-09-19 21:35:00+00:00,LONG,81088.6,81065.2,-0.00028857323964170956,-0.0016885732396417095,945.7953038718643,944.1982592315676
2026-09-20 02:35:00+00:00,2026-09-20 03:05:00+00:00,LONG,80911.4,80442.8,-0.005791520107178871,-0.0071915201071788715,944.1982592315676,937.4080384651405
2026-09-20 16:35:00+00:00,2026-09-20 17:05:00+00:00,SHORT,81354.8,81252.3,0.0012615027513067645,-0.0001384972486932355,937.4080384651405,937.2782100309103
2026-09-20 21:05:00+00:00,2026-09-20 21:35:00+00:00,LONG,80858.2,80921.2,0.000779141756803936,-0.0006208582431960639,937.2782100309103,936.6962931280445
2026-09-21 00:10:00+00:00,2026-09-21 00:40:00+00:00,SHORT,81678.4,81695.7,-0.00021176145133716684,-0.0016117614513371668,936.6962931280445,935.1865621511704
2026-09-21 08:20:00+00:00,2026-09-21 08:50:00+00:00,SHORT,82147.9,83802.4,-0.01974287132588093,-0.021142871325880927,935.1865621511704,915.4140330019153
2026-09-21 09:25:00+00:00,2026-09-21 09:55:00+00:00,SHORT,84445.1,84639.0,-0.0022909060834839234,-0.0036909060834839236,915.4140330019153,912.035325778602
2026-09-21 12:00:00+00:00,2026-09-21 12:30:00+00:00,SHORT,84980.0,85252.3,-0.003194048723612175,-0.004594048723612175,912.035325778602,907.8453910543196
2026-09-21 12:30:00+00:00,2026-09-21 13:00:00+00:00,SHORT,85252.3,85235.6,0.00019592752324149032,-0.0012040724767585097,907.8453910543196,906.7522794057991
2026-09-21 14:30:00+00:00,2026-09-21 15:00:00+00:00,SHORT,85999.9,86012.6,-0.00014765278575479268,-0.0015476527857547927,906.7522794057991,905.3489417145872
2026-09-21 15:05:00+00:00,2026-09-21 15:35:00+00:00,SHORT,86311.5,85980.4,0.0038508776418813007,0.0024508776418813005,905.3489417145872,907.5678411939364
2026-09-21 19:30:00+00:00,2026-09-21 20:00:00+00:00,SHORT,86850.0,86677.1,0.0019947598616012474,0.0005947598616012474,907.5678411939364,908.1076261175585
2026-09-21 20:15:00+00:00,2026-09-21 20:45:00+00:00,SHORT,86997.8,86862.8,0.0015541750899119577,0.00015417508991195776,908.1076261175585,908.2476336924649
2026-09-22 00:55:00+00:00,2026-09-22 01:25:00+00:00,LONG,85903.6,85773.8,-0.0015109960467314387,-0.002910996046731439,908.2476336924649,905.603728421333
2026-09-22 08:45:00+00:00,2026-09-22 09:15:00+00:00,SHORT,86193.8,85928.2,0.003090952679097203,0.001690952679097203,905.603728421333,907.1350614721074
2026-09-23 01:10:00+00:00,2026-09-23 01:40:00+00:00,SHORT,86715.6,86285.0,0.004990438662571872,0.003590438662571872,907.1350614721074,910.3920742689913
2026-09-23 03:40:00+00:00,2026-09-23 04:10:00+00:00,SHORT,86893.2,86847.8,0.0005227535988245879,-0.000877246401175412,910.3920742689913,909.5934360981803
2026-09-23 04:20:00+00:00,2026-09-23 04:50:00+00:00,SHORT,87126.7,87169.7,-0.0004932906732499909,-0.0018932906732499909,909.5934360981803,907.8713113291662
2026-09-23 07:35:00+00:00,2026-09-23 08:05:00+00:00,LONG,86168.9,86200.1,0.0003620795902004037,-0.0010379204097995963,907.8713113291662,906.9290131656662
2026-09-23 08:45:00+00:00,2026-09-23 09:15:00+00:00,LONG,85815.2,85922.1,0.0012457000624599424,-0.00015429993754005763,906.9290131656662,906.7890740755815
2026-09-23 11:25:00+00:00,2026-09-23 11:55:00+00:00,LONG,85510.5,85658.7,0.0017331204939743383,0.00033312049397433833,906.7890740755815,907.0911440998681
2026-09-23 12:15:00+00:00,2026-09-23 12:45:00+00:00,LONG,85291.7,85487.8,0.0022991686178139847,0.0008991686178139848,907.0911440998681,907.9067719901396
2026-09-23 14:10:00+00:00,2026-09-23 14:40:00+00:00,LONG,84879.9,84313.9,-0.00666824536786681,-0.00806824536786681,907.9067719901396,900.5815573825753
2026-09-23 16:00:00+00:00,2026-09-23 16:30:00+00:00,LONG,83912.5,84245.8,0.003971994637270937,0.0025719946372709367,900.5815573825753,902.8978483185883
2026-09-24 02:05:00+00:00,2026-09-24 02:35:00+00:00,LONG,83802.4,84252.5,0.005370967895907519,0.003970967895907519,902.8978483185883,906.4832266875453
2026-09-24 07:50:00+00:00,2026-09-24 08:20:00+00:00,SHORT,84612.2,84124.6,0.005796164261107739,0.004396164261107739,906.4832266875453,910.4682758520026
2026-09-24 08:45:00+00:00,2026-09-24 09:15:00+00:00,LONG,83302.9,83497.4,0.0023348526882016607,0.0009348526882016607,910.4682758520026,911.3194295672051
2026-09-24 09:30:00+00:00,2026-09-24 10:00:00+00:00,LONG,82965.0,83337.1,0.0044850238052192015,0.0030850238052192013,911.3194295672051,914.1308717015787
2026-09-24 13:30:00+00:00,2026-09-24 14:00:00+00:00,SHORT,84138.9,84200.2,-0.0007280267742831859,-0.002128026774283186,914.1308717015787,912.185576731399
2026-09-24 14:25:00+00:00,2026-09-24 14:55:00+00:00,SHORT,84875.5,83669.9,0.01440900491096575,0.01300900491096575,912.185576731399,924.0522033788098
2026-09-24 22:15:00+00:00,2026-09-24 22:45:00+00:00,LONG,84017.3,84246.2,0.0027244388953227006,0.0013244388953227006,924.0522033788098,925.2760540582733
2026-09-25 00:05:00+00:00,2026-09-25 00:35:00+00:00,SHORT,84705.0,84607.3,0.0011547466944341611,-0.00024525330556583887,925.2760540582733,925.0491270474546
2026-09-25 09:20:00+00:00,2026-09-25 09:50:00+00:00,SHORT,84675.8,84582.8,0.0010995143220606796,-0.0003004856779393204,925.0491270474546,924.7711630333866
2026-09-25 11:05:00+00:00,2026-09-25 11:35:00+00:00,SHORT,85090.7,84834.4,0.0030211800873229944,0.0016211800873229944,924.7711630333866,926.2703836282268
2026-09-25 12:15:00+00:00,2026-09-25 12:45:00+00:00,LONG,83999.9,84409.2,0.0048726248483630386,0.0034726248483630383,926.2703836282268,929.4869731787169
2026-09-25 13:45:00+00:00,2026-09-25 14:15:00+00:00,LONG,83757.9,83656.6,-0.001209438154490372,-0.0026094381544903723,929.4869731787169,927.0615344068026
2026-09-26 07:55:00+00:00,2026-09-26 08:25:00+00:00,SHORT,84126.1,84110.3,0.00018784857502596175,-0.0012121514249740382,927.0615344068026,925.9377954468329
2026-09-26 08:30:00+00:00,2026-09-26 09:00:00+00:00,SHORT,84279.9,84211.8,0.000808675268786363,-0.000591324731213637,925.9377954468329,925.3902655288198
2026-09-26 13:20:00+00:00,2026-09-26 13:50:00+00:00,LONG,83959.0,83960.7,2.0247978179899206e-05,-0.0013797520218201008,925.3902655288198,924.1134564389838
2026-09-26 20:45:00+00:00,2026-09-26 21:15:00+00:00,LONG,83833.5,84153.0,0.003811125624004763,0.002411125624004763,924.1134564389838,926.3416100732913
2026-09-27 07:55:00+00:00,2026-09-27 08:25:00+00:00,SHORT,84789.5,84807.0,-0.00020635089084630742,-0.0016063508908463074,926.3416100732913,924.8535804027222
2026-09-27 13:10:00+00:00,2026-09-27 13:40:00+00:00,LONG,84645.1,84795.0,0.001770923538397362,0.00037092353839736207,924.8535804027222,925.1966303652646
2026-09-28 03:30:00+00:00,2026-09-28 04:00:00+00:00,LONG,83264.2,83264.3,1.2009963465953177e-06,-0.0013987990036534047,925.1966303652646,923.9024662405262
2026-09-28 05:20:00+00:00,2026-09-28 05:50:00+00:00,LONG,83068.6,83132.8,0.0007728552064196759,-0.0006271447935803241,923.9024662405262,923.3230456190475
2026-09-28 12:05:00+00:00,2026-09-28 12:35:00+00:00,SHORT,83475.0,83333.1,0.0017028047678533387,0.0003028047678533387,923.3230456190475,923.6026322395298
2026-09-28 12:50:00+00:00,2026-09-28 13:20:00+00:00,SHORT,83585.9,83420.8,0.0019791227128005406,0.0005791227128005407,923.6026322395298,924.1375115014621
2026-09-28 13:35:00+00:00,2026-09-28 14:05:00+00:00,SHORT,83734.1,83465.3,0.0032205000161744657,0.0018205000161744657,924.1375115014621,925.8199038560979
2026-09-28 16:25:00+00:00,2026-09-28 16:55:00+00:00,SHORT,84017.1,83729.4,0.0034360690510144565,0.0020360690510144563,925.8199038560979,927.7049371091524
2026-09-28 19:35:00+00:00,2026-09-28 20:05:00+00:00,LONG,83245.0,83583.2,0.00406270646885698,0.00266270646885698,927.7049371091524,930.1751430463835
2026-09-28 22:00:00+00:00,2026-09-28 22:30:00+00:00,LONG,83194.2,83322.1,0.0015373667875886454,0.00013736678758864544,930.1751430463835,930.3029182176786
2026-09-29 01:05:00+00:00,2026-09-29 01:35:00+00:00,LONG,83044.5,82849.1,-0.002352955343219554,-0.003752955343219554,930.3029182176786,926.8115329099409
2026-09-29 06:05:00+00:00,2026-09-29 06:35:00+00:00,SHORT,83769.6,83866.1,-0.0011506437046673312,-0.0025506437046673314,926.8115329099409,924.4475669081111
2026-09-29 06:55:00+00:00,2026-09-29 07:25:00+00:00,SHORT,84003.0,83994.9,9.643442637585764e-05,-0.0013035655736241423,924.4475669081111,923.242488885269
2026-09-29 07:35:00+00:00,2026-09-29 08:05:00+00:00,SHORT,84142.2,84016.7,0.0014937506471928153,9.375064719281526e-05,923.242488885269,923.3290434661179
2026-09-29 11:45:00+00:00,2026-09-29 12:15:00+00:00,SHORT,84434.2,84273.9,0.0019021310275186831,0.0005021310275186831,923.3290434661179,923.7926756274513
2026-09-29 15:00:00+00:00,2026-09-29 15:30:00+00:00,LONG,83608.1,83180.0,-0.005120317289832088,-0.006520317289832088,923.7926756274513,917.7692542723374
2026-09-29 15:30:00+00:00,2026-09-29 16:00:00+00:00,LONG,83180.0,83059.4,-0.0014498677566723295,-0.0028498677566723297,917.7692542723374,915.1537332665215
2026-09-30 09:30:00+00:00,2026-09-30 10:00:00+00:00,SHORT,83697.8,83770.7,-0.0008702326708502905,-0.0022702326708502907,915.1537332665215,913.0761213624093
2026-09-30 10:35:00+00:00,2026-09-30 11:05:00+00:00,SHORT,83854.6,83696.0,0.0018949531638310368,0.0004949531638310369,913.0761213624093,913.528051277496
2026-09-30 12:30:00+00:00,2026-09-30 13:00:00+00:00,SHORT,84486.4,85241.2,-0.008854872995687546,-0.010254872995687546,913.528051277496,904.1599371336474
2026-09-30 13:05:00+00:00,2026-09-30 13:35:00+00:00,SHORT,85590.9,84238.3,0.01605682925700047,0.014656829257000471,904.1599371336474,917.4120549532355
2026-10-01 04:45:00+00:00,2026-10-01 05:15:00+00:00,SHORT,84116.7,84299.9,-0.002173193562507114,-0.0035731935625071144,917.4120549532355,914.1339641043102
2026-10-01 07:20:00+00:00,2026-10-01 07:50:00+00:00,LONG,83411.8,83539.6,0.0015321573206668049,0.0001321573206668049,914.1339641043102,914.2547735997366
2026-10-01 13:25:00+00:00,2026-10-01 13:55:00+00:00,LONG,83473.3,83940.0,0.005591009340711217,0.004191009340711217,914.2547735997366,918.0864238956829
2026-10-02 02:05:00+00:00,2026-10-02 02:35:00+00:00,SHORT,85114.3,84910.6,0.002398993765207136,0.0009989937652071358,918.0864238956829,919.003586509076
2026-10-02 03:00:00+00:00,2026-10-02 03:30:00+00:00,SHORT,85392.8,85400.4,-8.899255741179335e-05,-0.0014889925574117933,919.003586509076,917.6351970085292
2026-10-02 04:15:00+00:00,2026-10-02 04:45:00+00:00,SHORT,85892.0,86632.0,-0.008541878289777483,-0.009941878289777483,917.6351970085292,908.5121795654544
2026-10-02 12:30:00+00:00,2026-10-02 13:00:00+00:00,SHORT,86830.3,86915.9,-0.0009848600773850746,-0.002384860077385075,908.5121795654544,906.3455051385907
