entry_time,exit_time,direction,entry_price,exit_price,gross_return,net_return,capital_before,capital_after
2025-10-03 07:40:00+00:00,2025-10-03 08:40:00+00:00,LONG,119626.0,119877.8,0.0021048935850065398,0.0007048935850065398,10000.0,10007.048935850065
2025-10-03 15:20:00+00:00,2025-10-03 16:20:00+00:00,SHORT,121399.0,123426.3,-0.016425186528316926,-0.017825186528316925,10007.048935850065,9828.671421970543
2025-10-04 04:20:00+00:00,2025-10-04 05:20:00+00:00,SHORT,122382.0,122736.1,-0.002885051749240919,-0.004285051749240919,9828.671421970543,9786.555056301115
2025-10-04 11:15:00+00:00,2025-10-04 12:15:00+00:00,LONG,122015.9,122084.1,0.0005589435475212845,-0.0008410564524787155,9786.555056301115,9778.324011023475
2025-10-04 13:05:00+00:00,2025-10-04 14:05:00+00:00,SHORT,122469.1,122340.7,0.0010495280801892104,-0.0003504719198107896,9778.324011023475,9774.8969830348
2025-10-04 15:20:00+00:00,2025-10-04 16:20:00+00:00,LONG,121816.9,121616.0,-0.0016491964579626872,-0.0030491964579626874,9774.8969830348,9745.091401777181
2025-10-05 02:25:00+00:00,2025-10-05 03:25:00+00:00,SHORT,122864.9,123834.5,-0.007829805102778309,-0.009229805102778309,9745.091401777181,9655.146107430017
2025-10-05 04:45:00+00:00,2025-10-05 05:45:00+00:00,SHORT,125293.2,125110.2,0.0014627104744457942,6.271047444579418e-05,9655.146107430017,9655.751586223256
2025-10-05 09:25:00+00:00,2025-10-05 10:25:00+00:00,LONG,124017.0,123021.6,-0.008026318972398916,-0.009426318972398916,9655.751586223256,9564.73339185327
2025-10-05 23:10:00+00:00,2025-10-06 00:10:00+00:00,SHORT,123480.1,123533.1,-0.0004290348092940155,-0.0018290348092940155,9564.73339185327,9547.239161537953
2025-10-06 00:15:00+00:00,2025-10-06 01:15:00+00:00,SHORT,124340.0,123565.2,0.006270373859306622,0.004870373859306621,9547.239161537953,9593.737785578855
2025-10-06 12:15:00+00:00,2025-10-06 13:15:00+00:00,SHORT,124674.5,124755.0,-0.0006452647188489591,-0.0020452647188489593,9593.737785578855,9574.116052164123
2025-10-06 14:05:00+00:00,2025-10-06 15:05:00+00:00,SHORT,125285.4,124627.7,0.005277317963823469,0.003877317963823469,9574.116052164123,9611.237944320908
2025-10-06 17:20:00+00:00,2025-10-06 18:20:00+00:00,SHORT,125792.0,125254.8,0.00428885759268316,0.0028888575926831594,9611.237944320908,9639.003442031444
2025-10-06 18:55:00+00:00,2025-10-06 19:55:00+00:00,SHORT,126012.4,125411.0,0.004795432617553441,0.003395432617553441,9639.003442031444,9671.732028719227
2025-10-06 21:20:00+00:00,2025-10-06 22:20:00+00:00,LONG,124770.0,125189.7,0.0033637893724451917,0.0019637893724451915,9671.732028719227,9690.725273290363
2025-10-07 06:25:00+00:00,2025-10-07 07:25:00+00:00,LONG,123891.0,123871.2,-0.00015981790444830057,-0.0015598179044483006,9690.725273290363,9675.609506501996
2025-10-07 12:45:00+00:00,2025-10-07 13:45:00+00:00,SHORT,124913.1,123662.3,0.010114642862052659,0.008714642862052658,9675.609506501996,9759.928987823841
2025-10-07 13:45:00+00:00,2025-10-07 14:45:00+00:00,LONG,123662.3,122841.0,-0.00664147440246543,-0.00804147440246543,9759.928987823841,9681.444768698377
2025-10-07 15:05:00+00:00,2025-10-07 16:05:00+00:00,LONG,121793.0,121669.5,-0.0010140155838184173,-0.0024140155838184175,9681.444768698377,9658.073610152862
2025-10-07 16:20:00+00:00,2025-10-07 17:20:00+00:00,LONG,121040.0,121363.0,0.002668539325842767,0.001268539325842767,9658.073610152862,9670.325256339225
2025-10-08 08:30:00+00:00,2025-10-08 09:30:00+00:00,SHORT,122367.5,122432.1,-0.000527639401758262,-0.001927639401758262,9670.325256339225,9651.684356347288
2025-10-08 13:40:00+00:00,2025-10-08 14:40:00+00:00,LONG,121886.0,122479.7,0.004870944981375969,0.0034709449813759684,9651.684356347288,9685.184821725776
2025-10-08 17:10:00+00:00,2025-10-08 18:10:00+00:00,SHORT,123672.9,123857.3,-0.001488810106469396,-0.002888810106469396,9685.184821725776,9657.206161929751
2025-10-09 01:15:00+00:00,2025-10-09 02:15:00+00:00,LONG,122593.7,122024.3,-0.00464461061212762,-0.00604461061212762,9657.206161929751,9598.832111079846
2025-10-09 02:15:00+00:00,2025-10-09 03:15:00+00:00,LONG,122024.3,121939.0,-0.0006990410926348556,-0.002099041092634856,9598.832111079846,9578.683768037386
2025-10-09 08:20:00+00:00,2025-10-09 09:20:00+00:00,LONG,121522.0,121606.3,0.0006937015519823397,-0.0007062984480176602,9578.683768037386,9571.91835855797
2025-10-09 11:20:00+00:00,2025-10-09 12:20:00+00:00,SHORT,122707.1,123067.2,-0.0029260436574488624,-0.004326043657448863,9571.91835855797,9530.509821853313
2025-10-09 12:30:00+00:00,2025-10-09 13:30:00+00:00,SHORT,123091.1,123244.2,-0.0012422491281536274,-0.0026422491281536276,9530.509821853313,9505.327840585662
2025-10-09 14:30:00+00:00,2025-10-09 15:30:00+00:00,LONG,121491.2,120903.8,-0.0048349180846020134,-0.006234918084602014,9505.327840585662,9446.062900132323
2025-10-09 16:50:00+00:00,2025-10-09 17:50:00+00:00,LONG,120317.3,120689.0,0.0030893312931723482,0.0016893312931723482,9446.062900132323,9462.020429786791
2025-10-10 02:50:00+00:00,2025-10-10 03:50:00+00:00,LONG,120970.4,121226.7,0.00211870011176285,0.0007187001117628501,9462.020429786791,9468.82078492718
2025-10-10 13:35:00+00:00,2025-10-10 14:35:00+00:00,SHORT,122422.9,121340.5,0.008920352231942319,0.007520352231942319,9468.82078492718,9540.029652450969
2025-10-10 14:55:00+00:00,2025-10-10 15:55:00+00:00,LONG,120493.0,119017.0,-0.01224967425493595,-0.01364967425493595,9540.029652450969,9409.811355312584
2025-10-10 17:05:00+00:00,2025-10-10 18:05:00+00:00,LONG,117767.7,117594.0,-0.0014749375253146901,-0.0028749375253146903,9409.811355312584,9382.758735541063
2025-10-10 19:05:00+00:00,2025-10-10 20:05:00+00:00,LONG,117063.1,116623.3,-0.0037569481758128465,-0.005156948175812847,9382.758735541063,9334.372334995724
2025-10-10 20:50:00+00:00,2025-10-10 21:50:00+00:00,LONG,115398.0,112360.8,-0.02631934695575311,-0.027719346955753107,9334.372334995724,9075.629629627794
2025-10-11 07:25:00+00:00,2025-10-11 08:25:00+00:00,LONG,110760.0,110963.0,0.0018327916215239437,0.0004327916215239437,9075.629629627794,9079.557486091551
2025-10-11 19:15:00+00:00,2025-10-11 20:15:00+00:00,LONG,111250.0,110696.0,-0.004979775280898879,-0.0063797752808988795,9079.557486091551,9021.631949680284
2025-10-11 20:20:00+00:00,2025-10-11 21:20:00+00:00,LONG,110607.3,110786.4,0.0016192421295881942,0.00021924212958819426,9021.631949680284,9023.609871481292
2025-10-12 00:20:00+00:00,2025-10-12 01:20:00+00:00,LONG,110078.4,109972.0,-0.0009665838166251772,-0.0023665838166251774,9023.609871481292,9002.254742391906
2025-10-12 04:45:00+00:00,2025-10-12 05:45:00+00:00,SHORT,111723.5,111725.9,-2.1481142689294686e-05,-0.0014214811426892947,9002.254742391906,8989.458207033911
2025-10-12 14:50:00+00:00,2025-10-12 15:50:00+00:00,SHORT,112956.7,113243.9,-0.002536118943271992,-0.003936118943271992,8989.458207033911,8954.074630295454
2025-10-12 20:25:00+00:00,2025-10-12 21:25:00+00:00,SHORT,115238.3,114968.3,0.002348473448767985,0.0009484734487679848,8954.074630295454,8962.567332340575
2025-10-13 11:00:00+00:00,2025-10-13 12:00:00+00:00,LONG,114466.2,114003.2,-0.0040448621514472816,-0.005444862151447282,8962.567332340575,8913.767388692917
2025-10-13 23:40:00+00:00,2025-10-14 00:40:00+00:00,LONG,115200.2,115183.9,-0.00014149280990838342,-0.0015414928099083834,8913.767388692917,8900.026880354051
2025-10-14 01:05:00+00:00,2025-10-14 02:05:00+00:00,LONG,114644.7,114127.1,-0.0045148183910812545,-0.005914818391081255,8900.026880354051,8847.384837681017
2025-10-14 02:15:00+00:00,2025-10-14 03:15:00+00:00,LONG,113958.0,113356.1,-0.005281770476842307,-0.006681770476842307,8847.384837681017,8788.268642875337
2025-10-14 03:25:00+00:00,2025-10-14 04:25:00+00:00,LONG,113333.1,113503.4,0.0015026501525148284,0.00010265015251482838,8788.268642875337,8789.170759991868
2025-10-14 04:50:00+00:00,2025-10-14 05:50:00+00:00,LONG,112871.0,112602.2,-0.0023814797423608036,-0.003781479742360804,8789.170759991868,8755.93468881081
2025-10-14 06:30:00+00:00,2025-10-14 07:30:00+00:00,LONG,112152.2,111995.0,-0.0014016666636944564,-0.0028016666636944566,8755.93468881081,8731.403478483684
2025-10-14 09:50:00+00:00,2025-10-14 10:50:00+00:00,LONG,111119.9,110623.7,-0.00446544678315941,-0.0058654467831594104,8731.403478483684,8680.189896038346
2025-10-15 02:25:00+00:00,2025-10-15 03:25:00+00:00,SHORT,113554.2,112251.0,0.011609696127428792,0.010209696127428792,8680.189896038346,8768.811997205275
2025-10-15 03:40:00+00:00,2025-10-15 04:40:00+00:00,LONG,112009.1,112210.1,0.0017944970542571603,0.00039449705425716034,8768.811997205275,8772.271267707507
2025-10-15 08:10:00+00:00,2025-10-15 09:10:00+00:00,SHORT,112909.9,112959.4,-0.0004382105429030503,-0.0018382105429030503,8772.271267707507,8756.145986178002
2025-10-15 12:25:00+00:00,2025-10-15 13:25:00+00:00,LONG,111475.1,111433.1,-0.0003767657530695523,-0.0017767657530695523,8756.145986178002,8740.588365860884
2025-10-15 13:45:00+00:00,2025-10-15 14:45:00+00:00,LONG,111049.8,111080.0,0.0002719500620442794,-0.0011280499379557206,8740.588365860884,8730.728545697079
2025-10-16 09:30:00+00:00,2025-10-16 10:30:00+00:00,LONG,109658.7,111322.7,0.015174354611170893,0.013774354611170892,8730.728545697079,8850.988696699382
2025-10-16 14:05:00+00:00,2025-10-16 15:05:00+00:00,LONG,110419.1,110411.0,-7.33568739467172e-05,-0.0014733568739467172,8850.988696699382,8837.948031661876
2025-10-16 15:40:00+00:00,2025-10-16 16:40:00+00:00,LONG,109230.6,108088.0,-0.010460438741524913,-0.011860438741524914,8837.948031661876,8733.12609043157
2025-10-17 01:05:00+00:00,2025-10-17 02:05:00+00:00,SHORT,109036.7,108662.2,0.0034464606827397937,0.0020464606827397935,8733.12609043157,8750.998089613046
2025-10-17 06:15:00+00:00,2025-10-17 07:15:00+00:00,LONG,108012.9,106320.2,-0.01567127630125653,-0.01707127630125653,8750.998089613046,8601.607383313494
2025-10-17 07:30:00+00:00,2025-10-17 08:30:00+00:00,LONG,105994.8,105443.3,-0.005203085434379751,-0.006603085434379751,8601.607383313494,8544.810234888484
2025-10-17 10:20:00+00:00,2025-10-17 11:20:00+00:00,LONG,103740.3,106153.8,0.023264825723465332,0.021864825723465334,8544.810234888484,8731.641021514402
2025-10-17 16:00:00+00:00,2025-10-17 17:00:00+00:00,SHORT,107319.9,106444.0,0.008228739994738943,0.006828739994738943,8731.641021514402,8791.26712777772
2025-10-17 21:10:00+00:00,2025-10-17 22:10:00+00:00,SHORT,107409.5,107174.4,0.0021936208646842204,0.0007936208646842204,8791.26712777772,8798.244060797337
2025-10-18 00:00:00+00:00,2025-10-18 01:00:00+00:00,LONG,106371.8,106967.6,0.005601108564488033,0.004201108564488033,8798.244060797337,8835.206439273608
2025-10-18 07:05:00+00:00,2025-10-18 08:05:00+00:00,SHORT,107364.9,106964.9,0.0037395444673906653,0.002339544467390665,8835.206439273608,8855.876797616866
2025-10-18 16:35:00+00:00,2025-10-18 17:35:00+00:00,LONG,106516.0,106862.8,0.0032558488865523927,0.0018558488865523927,8855.876797616866,8872.311966711168
2025-10-18 20:05:00+00:00,2025-10-18 21:05:00+00:00,SHORT,107208.3,106927.6,0.0026251407494417567,0.0012251407494417567,8872.311966711168,8883.181797643345
2025-10-19 03:40:00+00:00,2025-10-19 04:40:00+00:00,SHORT,107249.8,107123.3,0.0011808822170340516,-0.00021911778296594838,8883.181797643345,8881.235334542162
2025-10-19 06:35:00+00:00,2025-10-19 07:35:00+00:00,LONG,106653.4,106793.8,0.0013164137289576328,-8.358627104236723e-05,8881.235334542162,8880.492985198298
2025-10-19 08:15:00+00:00,2025-10-19 09:15:00+00:00,SHORT,107150.0,106345.8,0.0075621228106799165,0.006162122810679916,8880.492985198298,8935.215673592471
2025-10-19 09:45:00+00:00,2025-10-19 10:45:00+00:00,SHORT,107921.9,107597.0,0.00301960091824105,0.00161960091824105,8935.215673592471,8949.687157102102
2025-10-19 14:15:00+00:00,2025-10-19 15:15:00+00:00,SHORT,108421.4,108442.9,-0.00019826102031572646,-0.0015982610203157264,8949.687157102102,8935.383220974885
2025-10-19 16:40:00+00:00,2025-10-19 17:40:00+00:00,SHORT,108900.1,109159.5,-0.0023763392100549785,-0.0037763392100549787,8935.383220974885,8901.640182960651
2025-10-19 23:40:00+00:00,2025-10-20 00:40:00+00:00,LONG,108562.5,107852.6,-0.006539090385722424,-0.007939090385722424,8901.640182960651,8830.969256966948
2025-10-20 00:40:00+00:00,2025-10-20 01:40:00+00:00,LONG,107852.6,108079.1,0.0021000884540567366,0.0007000884540567366,8830.969256966948,8837.15171658188
2025-10-20 03:45:00+00:00,2025-10-20 04:45:00+00:00,SHORT,109308.9,110241.3,-0.008457810276185085,-0.009857810276185085,8837.15171658188,8750.036751577953
2025-10-20 05:20:00+00:00,2025-10-20 06:20:00+00:00,SHORT,110718.5,111157.0,-0.003944870768372688,-0.005344870768372688,8750.036751577953,8703.268935922257
2025-10-21 00:10:00+00:00,2025-10-21 01:10:00+00:00,LONG,110182.0,110135.7,-0.00042021382803003604,-0.001820213828030036,8703.268935922257,8687.427125456028
2025-10-21 01:55:00+00:00,2025-10-21 02:55:00+00:00,LONG,109858.4,109526.0,-0.003025713099772065,-0.004425713099772065,8687.427125456028,8648.979065423582
2025-10-21 04:00:00+00:00,2025-10-21 05:00:00+00:00,LONG,108666.0,107669.4,-0.009171221909336946,-0.010571221909336946,8648.979065423582,8557.54878843378
2025-10-21 10:45:00+00:00,2025-10-21 11:45:00+00:00,SHORT,108586.7,108527.9,0.0005417961648572778,-0.0008582038351427222,8557.54878843378,8550.204667244125
2025-10-21 12:20:00+00:00,2025-10-21 13:20:00+00:00,SHORT,109356.2,108607.0,0.0068982662259338134,0.005498266225933813,8550.204667244125,8597.215968790853
2025-10-21 14:15:00+00:00,2025-10-21 15:15:00+00:00,SHORT,110180.6,112479.9,-0.020441874503800084,-0.021841874503800082,8597.215968790853,8409.436656518457
2025-10-21 20:15:00+00:00,2025-10-21 21:15:00+00:00,LONG,110833.7,110908.2,0.0006721782273801935,-0.0007278217726198065,8409.436656518457,8403.316085424376
2025-10-21 22:25:00+00:00,2025-10-21 23:25:00+00:00,LONG,109629.5,109136.1,-0.004500613429779365,-0.005900613429779366,8403.316085424376,8353.73136567604
2025-10-22 07:05:00+00:00,2025-10-22 08:05:00+00:00,LONG,107669.4,108218.0,0.005095226684647791,0.003695226684647791,8353.73136567604,8384.600296734865
2025-10-22 11:00:00+00:00,2025-10-22 12:00:00+00:00,LONG,107153.1,107475.0,0.003004112806815673,0.001604112806815673,8384.600296734865,8398.050141450887
2025-10-23 01:10:00+00:00,2025-10-23 02:10:00+00:00,SHORT,108320.9,108157.3,0.001512611723850199,0.00011261172385019906,8398.050141450887,8398.995860354296
2025-10-23 03:20:00+00:00,2025-10-23 04:20:00+00:00,SHORT,108648.3,108595.5,0.0004862079920437967,-0.0009137920079562033,8398.995860354296,8391.320925062248
2025-10-23 06:15:00+00:00,2025-10-23 07:15:00+00:00,SHORT,109856.3,109754.9,0.0009238767471886344,-0.00047612325281136555,8391.320925062248,8387.325622048023
2025-10-23 12:00:00+00:00,2025-10-23 13:00:00+00:00,LONG,108719.4,109065.9,0.0031871036815875886,0.0017871036815875886,8387.325622048023,8402.314642545858
2025-10-24 04:30:00+00:00,2025-10-24 05:30:00+00:00,SHORT,111292.3,111246.3,0.0004134968983238174,-0.0009865031016761826,8402.314642545858,8394.025733089728
2025-10-24 19:25:00+00:00,2025-10-24 20:25:00+00:00,SHORT,110940.0,110745.3,0.0017580881536281012,0.00035808815362810124,8394.025733089728,8397.031534265996
2025-10-25 04:15:00+00:00,2025-10-25 05:15:00+00:00,SHORT,111420.9,111125.4,0.002659158032277009,0.0012591580322770092,8397.031534265996,8407.604723969649
2025-10-25 07:20:00+00:00,2025-10-25 08:20:00+00:00,SHORT,111686.1,111696.7,-9.489984932398166e-05,-0.0014948998493239816,8407.604723969649,8395.036196934612
2025-10-25 16:05:00+00:00,2025-10-25 17:05:00+00:00,LONG,111232.8,111437.3,0.0018384864895966135,0.00043848648959661355,8395.036196934612,8398.717306886641
2025-10-26 00:30:00+00:00,2025-10-26 01:30:00+00:00,SHORT,111825.0,111725.0,0.0008950548221078325,-0.0005049451778921675,8398.717306886641,8394.47641508205
2025-10-26 08:00:00+00:00,2025-10-26 09:00:00+00:00,SHORT,111779.2,111737.3,0.000374986687525114,-0.001025013312474886,8394.47641508205,8385.871965005335
2025-10-26 09:20:00+00:00,2025-10-26 10:20:00+00:00,SHORT,112343.3,112357.0,-0.00012193276787375584,-0.0015219327678737558,8385.871965005335,8373.1092316746
2025-10-26 11:30:00+00:00,2025-10-26 12:30:00+00:00,SHORT,112780.0,113584.0,-0.00707846175517679,-0.00847846175517679,8373.1092316746,8302.11814528193
2025-10-26 21:25:00+00:00,2025-10-26 22:25:00+00:00,LONG,113064.0,114398.0,0.01179862732611614,0.01039862732611614,8302.11814528193,8388.448777892101
2025-10-27 05:10:00+00:00,2025-10-27 06:10:00+00:00,SHORT,115480.0,115483.9,-3.377094123069302e-05,-0.001433770941230693,8388.448777892101,8376.421663792358
2025-10-27 13:35:00+00:00,2025-10-27 14:35:00+00:00,LONG,114732.1,114966.0,0.002038662240122724,0.0006386622401227239,8376.421663792358,8381.771368016367
2025-10-27 20:55:00+00:00,2025-10-27 21:55:00+00:00,LONG,114470.0,114310.5,-0.0013933781776884757,-0.002793378177688476,8381.771368016367,8358.357910786577
2025-10-28 13:05:00+00:00,2025-10-28 14:05:00+00:00,SHORT,114819.8,115433.7,-0.005318204302556362,-0.006718204302556362,8358.357910786577,8302.204754708026
2025-10-28 14:15:00+00:00,2025-10-28 15:15:00+00:00,SHORT,115992.2,115187.0,0.006990372177415827,0.0055903721774158265,8302.204754708026,8348.617169179954
2025-10-28 19:15:00+00:00,2025-10-28 20:15:00+00:00,LONG,114103.0,112619.8,-0.012998781802406545,-0.014398781802406545,8348.617169179954,8228.407252209106
2025-10-28 20:15:00+00:00,2025-10-28 21:15:00+00:00,LONG,112619.8,112637.3,0.0001553900823834109,-0.001244609917616589,8228.407252209106,8218.16609493682
2025-10-29 00:55:00+00:00,2025-10-29 01:55:00+00:00,LONG,112430.0,112480.1,0.0004456106021524242,-0.0009543893978475758,8218.16609493682,8210.322764346061
2025-10-29 05:35:00+00:00,2025-10-29 06:35:00+00:00,SHORT,113236.5,113018.0,0.0019333203560494283,0.0005333203560494283,8210.322764346061,8214.701496606023
2025-10-29 08:00:00+00:00,2025-10-29 09:00:00+00:00,SHORT,113574.2,113077.0,0.004397003811561939,0.002997003811561939,8214.701496606023,8239.320988302194
2025-10-29 15:55:00+00:00,2025-10-29 16:55:00+00:00,LONG,111514.5,111115.4,-0.0035789067789391282,-0.004978906778939128,8239.320988302194,8198.29817717968
2025-10-29 18:35:00+00:00,2025-10-29 19:35:00+00:00,LONG,109388.4,110428.6,0.009509234982868486,0.008109234982868486,8198.29817717968,8264.780103558052
2025-10-29 23:10:00+00:00,2025-10-30 00:10:00+00:00,LONG,110590.1,110154.1,-0.003942486714452742,-0.005342486714452742,8264.780103558052,8220.625625656921
2025-10-30 04:10:00+00:00,2025-10-30 05:10:00+00:00,LONG,110002.0,109010.0,-0.00901801785422085,-0.01041801785422085,8220.625625656921,8134.983001115962
2025-10-30 07:10:00+00:00,2025-10-30 08:10:00+00:00,SHORT,111211.1,110841.5,0.003334491142757967,0.0019344911427579671,8134.983001115962,8150.7200536781065
2025-10-30 12:05:00+00:00,2025-10-30 13:05:00+00:00,LONG,109436.4,108551.2,-0.008088716368593984,-0.009488716368593985,8150.7200536781065,8073.380182888945
2025-10-30 13:35:00+00:00,2025-10-30 14:35:00+00:00,LONG,107849.8,108063.8,0.001984241046343982,0.0005842410463439819,8073.380182888945,8078.096982974528
2025-10-30 17:20:00+00:00,2025-10-30 18:20:00+00:00,LONG,106961.5,107330.1,0.0034460997648686487,0.0020460997648686485,8078.096982974528,8094.625575311978
2025-10-31 00:00:00+00:00,2025-10-31 01:00:00+00:00,SHORT,108424.7,109488.4,-0.009715184439630153,-0.011115184439630154,8094.625575311978,8004.652319072638
2025-10-31 01:05:00+00:00,2025-10-31 02:05:00+00:00,SHORT,109923.8,109363.1,0.00512695781300998,0.00372695781300998,8004.652319072638,8034.485320573634
2025-10-31 12:00:00+00:00,2025-10-31 13:00:00+00:00,SHORT,110580.3,109772.0,0.00736344422985824,0.00596344422985824,8034.485320573634,8082.39852569849
2025-10-31 16:55:00+00:00,2025-10-31 17:55:00+00:00,LONG,108829.8,109293.8,0.004263538111803911,0.0028635381118039104,8082.39852569849,8105.542781911615
2025-11-01 04:00:00+00:00,2025-11-01 05:00:00+00:00,SHORT,110359.6,110159.0,0.0018210041848600866,0.00042100418486008665,8105.542781911615,8108.955249343361
2025-11-01 13:40:00+00:00,2025-11-01 14:40:00+00:00,LONG,109782.0,109935.3,0.001396403782040867,-3.5962179591329715e-06,8108.955249343361,8108.926087772864
2025-11-01 15:05:00+00:00,2025-11-01 16:05:00+00:00,SHORT,110330.7,110362.0,-0.0002836121128649838,-0.0016836121128649838,8108.926087772864,8095.273801589163
2025-11-01 21:55:00+00:00,2025-11-01 22:55:00+00:00,LONG,109865.6,110092.7,0.002067071039524526,0.0006670710395245262,8095.273801589163,8100.673924299224
2025-11-02 04:40:00+00:00,2025-11-02 05:40:00+00:00,SHORT,110431.8,110478.2,-0.0004199923604837341,-0.001819992360483734,8100.673924299224,8085.93075964223
2025-11-02 07:50:00+00:00,2025-11-02 08:50:00+00:00,SHORT,111014.1,110798.3,0.0019476833128306836,0.0005476833128306836,8085.93075964223,8090.35928898799
2025-11-02 13:15:00+00:00,2025-11-02 14:15:00+00:00,LONG,110441.5,110446.5,4.5272836750598344e-05,-0.0013547271632494016,8090.35928898799,8079.399059498752
2025-11-02 16:00:00+00:00,2025-11-02 17:00:00+00:00,LONG,109862.8,110149.7,0.00261143899481886,0.00121143899481886,8079.399059498752,8089.186758574131
2025-11-02 22:30:00+00:00,2025-11-02 23:30:00+00:00,LONG,109547.0,110229.8,0.006232941112034096,0.004832941112034096,8089.186758574131,8128.281321822566
2025-11-03 01:00:00+00:00,2025-11-03 02:00:00+00:00,LONG,109525.1,109530.5,4.930376689893379e-05,-0.0013506962331010662,8128.281321822566,8117.302482859594
2025-11-03 02:30:00+00:00,2025-11-03 03:30:00+00:00,LONG,108937.1,108210.1,-0.006673575852487401,-0.008073575852487401,8117.302482859594,8051.766825546643
2025-11-03 15:25:00+00:00,2025-11-03 16:25:00+00:00,LONG,105965.2,106361.1,0.003736132239640977,0.0023361322396409766,8051.766825546643,8070.576817613874
2025-11-04 05:15:00+00:00,2025-11-04 06:15:00+00:00,LONG,106168.0,104905.2,-0.011894356114836913,-0.013294356114836913,8070.576817613874,7963.2836953483675
2025-11-04 14:35:00+00:00,2025-11-04 15:35:00+00:00,LONG,103086.5,104273.4,0.011513631755855513,0.010113631755855513,7963.2836953483675,8043.821414210529
2025-11-04 16:20:00+00:00,2025-11-04 17:20:00+00:00,LONG,102599.1,101184.8,-0.013784721308471526,-0.015184721308471526,8043.821414210529,7921.678227780627
2025-11-04 21:30:00+00:00,2025-11-04 22:30:00+00:00,LONG,99130.0,101596.5,0.02488146877837183,0.02348146877837183,7921.678227780627,8107.690867758565
2025-11-05 01:20:00+00:00,2025-11-05 02:20:00+00:00,LONG,99485.6,101439.5,0.019640028305603963,0.018240028305603964,8107.690867758565,8255.575378679569
2025-11-05 12:25:00+00:00,2025-11-05 13:25:00+00:00,SHORT,102518.0,102511.3,6.535864826595628e-05,-0.0013346413517340437,8255.575378679569,8244.557146396826
2025-11-05 13:50:00+00:00,2025-11-05 14:50:00+00:00,SHORT,103232.0,103283.0,-0.0004937889100820048,-0.0018937889100820047,8244.557146396826,8228.943695504444
2025-11-06 01:15:00+00:00,2025-11-06 02:15:00+00:00,LONG,102992.2,103093.0,0.000978714892972521,-0.0004212851070274791,8228.943695504444,8225.47696407896
2025-11-06 12:40:00+00:00,2025-11-06 13:40:00+00:00,LONG,102454.4,103308.1,0.008332487428553748,0.006932487428553747,8225.47696407896,8282.499979726295
2025-11-06 16:35:00+00:00,2025-11-06 17:35:00+00:00,LONG,100960.0,101253.3,0.002905110935023769,0.0015051109350237692,8282.499979726295,8294.966061015115
2025-11-07 09:00:00+00:00,2025-11-07 10:00:00+00:00,LONG,101373.6,101239.1,-0.0013267754129280274,-0.0027267754129280276,8294.966061015115,8272.347551508867
2025-11-07 11:10:00+00:00,2025-11-07 12:10:00+00:00,LONG,100108.1,100289.2,0.0018090444229785785,0.0004090444229785785,8272.347551508867,8275.731309139752
2025-11-07 12:30:00+00:00,2025-11-07 13:30:00+00:00,LONG,99816.0,100206.2,0.0039091929149635,0.0025091929149634994,8275.731309139752,8296.496715506786
2025-11-07 17:25:00+00:00,2025-11-07 18:25:00+00:00,SHORT,102333.5,102689.1,-0.003462879701935262,-0.004862879701935262,8296.496715506786,8256.151850031776
2025-11-07 19:35:00+00:00,2025-11-07 20:35:00+00:00,SHORT,103189.0,103525.4,-0.0032494440977769434,-0.004649444097776944,8256.151850031776,8217.765333542297
2025-11-07 20:40:00+00:00,2025-11-07 21:40:00+00:00,SHORT,103838.0,103496.1,0.0033035061224528928,0.0019035061224528928,8217.765333542297,8233.407900167575
2025-11-08 06:00:00+00:00,2025-11-08 07:00:00+00:00,LONG,102196.9,102236.3,0.00038553028516519205,-0.001014469714834808,8233.407900167575,8225.055357202973
2025-11-08 11:40:00+00:00,2025-11-08 12:40:00+00:00,LONG,102027.8,101900.5,-0.001247699156504467,-0.0026476991565044673,8225.055357202973,8203.277885071504
2025-11-08 14:15:00+00:00,2025-11-08 15:15:00+00:00,LONG,101506.7,101736.4,0.0022629048131797003,0.0008629048131797003,8203.277885071504,8210.356533042383
2025-11-09 00:15:00+00:00,2025-11-09 01:15:00+00:00,LONG,101686.9,101952.0,0.002607022143461979,0.001207022143461979,8210.356533042383,8220.266615183482
2025-11-09 13:30:00+00:00,2025-11-09 14:30:00+00:00,SHORT,102655.4,103570.6,-0.008836484484979423,-0.010236484484979423,8220.266615183482,8136.119983514763
2025-11-09 14:30:00+00:00,2025-11-09 15:30:00+00:00,SHORT,103570.6,103672.7,-0.0009848301433259543,-0.0023848301433259545,8136.119983514763,8116.71671932836
2025-11-09 18:45:00+00:00,2025-11-09 19:45:00+00:00,SHORT,104310.3,104706.9,-0.003787715995793861,-0.005187715995793861,8116.71671932836,8074.6094981701735
2025-11-10 00:35:00+00:00,2025-11-10 01:35:00+00:00,SHORT,106015.7,105846.9,0.001594756199756464,0.0001947561997564641,8074.6094981701735,8076.182078430554
2025-11-10 13:05:00+00:00,2025-11-10 14:05:00+00:00,SHORT,106558.2,106321.9,0.0022224960238672598,0.0008224960238672598,8076.182078430554,8082.8247060780905
2025-11-10 14:45:00+00:00,2025-11-10 15:45:00+00:00,LONG,105230.0,105202.2,-0.0002641832177135983,-0.0016641832177135983,8082.8247060780905,8069.373404850515
2025-11-11 01:15:00+00:00,2025-11-11 02:15:00+00:00,SHORT,107362.1,106022.7,0.012633143656971546,0.011233143656971546,8069.373404850515,8160.017835528945
2025-11-11 05:10:00+00:00,2025-11-11 06:10:00+00:00,LONG,105375.2,105074.8,-0.0028507656450473817,-0.004250765645047382,8160.017835528945,8125.331512050705
2025-11-11 12:45:00+00:00,2025-11-11 13:45:00+00:00,LONG,104452.0,104505.7,0.000514111745107737,-0.0008858882548922629,8125.331512050705,8118.1333762970735
2025-11-11 14:45:00+00:00,2025-11-11 15:45:00+00:00,LONG,103927.9,103399.9,-0.005080445193254124,-0.006480445193254124,8118.1333762970735,8065.524257880454
2025-11-12 08:30:00+00:00,2025-11-12 09:30:00+00:00,SHORT,103951.9,104563.3,-0.0058471758255526085,-0.007247175825552609,8065.524257880454,8007.071985458335
2025-11-12 14:45:00+00:00,2025-11-12 15:45:00+00:00,LONG,103920.9,102578.9,-0.012913667991712896,-0.014313667991712896,8007.071985458335,7892.46141547274
2025-11-12 15:50:00+00:00,2025-11-12 16:50:00+00:00,LONG,102104.2,101441.4,-0.006491407797132753,-0.007891407797132753,7892.46141547274,7830.178783920109
2025-11-13 05:50:00+00:00,2025-11-13 06:50:00+00:00,SHORT,103082.8,103505.9,-0.004087689687254481,-0.005487689687254481,7830.178783920109,7787.209192558232
2025-11-13 07:00:00+00:00,2025-11-13 08:00:00+00:00,SHORT,103609.7,103449.7,0.0015466453745154318,0.00014664537451543184,7787.209192558232,7788.3511507667035
2025-11-13 13:25:00+00:00,2025-11-13 14:25:00+00:00,LONG,102551.0,102449.8,-0.0009868260670300444,-0.0023868260670300446,7788.3511507667035,7769.761711220871
2025-11-13 14:40:00+00:00,2025-11-13 15:40:00+00:00,LONG,101817.6,101594.1,-0.0021951018291532787,-0.003595101829153279,7769.761711220871,7741.828626680776
2025-11-13 17:40:00+00:00,2025-11-13 18:40:00+00:00,LONG,100034.9,98673.1,-0.013613248976107273,-0.015013248976107273,7741.828626680776,7625.598625978064
2025-11-13 22:35:00+00:00,2025-11-13 23:35:00+00:00,SHORT,99749.7,100492.7,-0.00739357187138967,-0.00879357187138967,7625.598625978064,7558.542376398156
2025-11-14 04:30:00+00:00,2025-11-14 05:30:00+00:00,LONG,97724.3,97150.1,-0.005875713614730382,-0.0072757136147303825,7558.542376398156,7503.54858672268
2025-11-14 06:45:00+00:00,2025-11-14 07:45:00+00:00,LONG,96587.0,97496.0,0.009411204406390095,0.008011204406390094,7503.54858672268,7563.661048224194
2025-11-14 11:50:00+00:00,2025-11-14 12:50:00+00:00,LONG,95865.1,95292.0,-0.005978192272266036,-0.0073781922722660365,7563.661048224194,7507.854902728147
2025-11-14 18:55:00+00:00,2025-11-14 19:55:00+00:00,LONG,95083.7,95776.0,0.007280953517795341,0.005880953517795341,7507.854902728147,7552.008248429443
2025-11-14 20:40:00+00:00,2025-11-14 21:40:00+00:00,LONG,94384.0,95026.0,0.006802000339040548,0.005402000339040548,7552.008248429443,7592.804199547895
2025-11-15 03:25:00+00:00,2025-11-15 04:25:00+00:00,SHORT,96651.2,96081.9,0.005925153436807662,0.004525153436807662,7592.804199547895,7627.162803566486
2025-11-15 20:15:00+00:00,2025-11-15 21:15:00+00:00,LONG,95698.0,95639.7,-0.0006092081339212907,-0.002009208133921291,7627.162803566486,7611.838246022819
2025-11-16 09:55:00+00:00,2025-11-16 10:55:00+00:00,SHORT,96621.7,96449.1,0.0017895449516893702,0.00038954495168937024,7611.838246022819,7614.803399184632
2025-11-16 11:25:00+00:00,2025-11-16 12:25:00+00:00,LONG,95618.0,95825.6,0.002171139325231719,0.0007711393252317191,7614.803399184632,7620.675473539652
2025-11-16 15:50:00+00:00,2025-11-16 16:50:00+00:00,LONG,94706.0,94340.4,-0.0038603678753195148,-0.005260367875319515,7620.675473539652,7580.587917090409
2025-11-16 22:00:00+00:00,2025-11-16 23:00:00+00:00,LONG,93200.8,93066.8,-0.0014377558990910089,-0.002837755899091009,7580.587917090409,7559.076059010108
2025-11-17 13:10:00+00:00,2025-11-17 14:10:00+00:00,LONG,94936.4,94087.5,-0.008941775757243753,-0.010341775757243753,7559.076059010108,7480.901789475876
2025-11-17 19:35:00+00:00,2025-11-17 20:35:00+00:00,LONG,91899.2,91556.1,-0.00373343837595963,-0.00513343837595963,7480.901789475876,7442.499041142996
2025-11-18 03:20:00+00:00,2025-11-18 04:20:00+00:00,LONG,90204.7,89993.4,-0.002342450005376695,-0.003742450005376695,7442.499041142996,7414.645860566455
2025-11-18 08:35:00+00:00,2025-11-18 09:35:00+00:00,SHORT,91260.8,91090.8,0.0018662697001234907,0.0004662697001234907,7414.645860566455,7418.1030852683825
2025-11-19 00:15:00+00:00,2025-11-19 01:15:00+00:00,LONG,92009.0,92312.1,0.0032942429544935425,0.0018942429544935426,7418.1030852683825,7432.154774773358
2025-11-19 04:30:00+00:00,2025-11-19 05:30:00+00:00,LONG,91461.0,90658.4,-0.00877532500191347,-0.01017532500191347,7432.154774773358,7356.530184475517
2025-11-19 05:30:00+00:00,2025-11-19 06:30:00+00:00,LONG,90658.4,91012.2,0.0039025617041554828,0.0025025617041554826,7356.530184475517,7374.940355190649
2025-11-19 07:45:00+00:00,2025-11-19 08:45:00+00:00,SHORT,91998.2,91400.9,0.006534946592429591,0.005134946592429591,7374.940355190649,7412.810280036906
2025-11-19 15:50:00+00:00,2025-11-19 16:50:00+00:00,LONG,90191.9,89495.9,-0.007716879231948748,-0.009116879231948748,7412.810280036906,7345.228583944462
2025-11-19 17:35:00+00:00,2025-11-19 18:35:00+00:00,LONG,89070.6,89093.0,0.00025148589994894444,-0.0011485141000510555,7345.228583944462,7336.792485347704
2025-11-19 21:20:00+00:00,2025-11-19 22:20:00+00:00,SHORT,90470.0,90195.3,0.003045613241488221,0.001645613241488221,7336.792485347704,7348.866008211643
2025-11-19 23:05:00+00:00,2025-11-20 00:05:00+00:00,SHORT,91358.8,91354.4,4.816407310448412e-05,-0.0013518359268955159,7348.866008211643,7338.9315471198015
2025-11-20 06:40:00+00:00,2025-11-20 07:40:00+00:00,LONG,91857.0,92150.9,0.0031995384129679394,0.0017995384129679394,7338.9315471198015,7352.138236348986
2025-11-20 09:45:00+00:00,2025-11-20 10:45:00+00:00,LONG,91494.0,91801.1,0.0033565042516450205,0.0019565042516450203,7352.138236348986,7366.522726067084
2025-11-20 14:05:00+00:00,2025-11-20 15:05:00+00:00,LONG,90630.3,90699.6,0.0007646449366272012,-0.0006353550633727988,7366.522726067084,7361.842368553626
2025-11-20 16:00:00+00:00,2025-11-20 17:00:00+00:00,LONG,89381.0,87652.4,-0.019339680692764705,-0.020739680692764703,7361.842368553626,7209.160108519358
2025-11-20 17:10:00+00:00,2025-11-20 18:10:00+00:00,LONG,87050.5,87696.4,0.007419831017627665,0.006019831017627665,7209.160108519358,7252.558034151666
2025-11-21 02:40:00+00:00,2025-11-21 03:40:00+00:00,LONG,85898.5,86070.1,0.0019977065955751883,0.0005977065955751883,7252.558034151666,7256.89293592347
2025-11-21 07:25:00+00:00,2025-11-21 08:25:00+00:00,LONG,85225.7,84236.9,-0.01160213409804789,-0.01300213409804789,7256.89293592347,7162.537840835416
2025-11-21 09:30:00+00:00,2025-11-21 10:30:00+00:00,LONG,82889.4,82457.5,-0.0052105576828882505,-0.006610557682888251,7162.537840835416,7115.189471282704
2025-11-21 12:20:00+00:00,2025-11-21 13:20:00+00:00,LONG,81102.3,83636.7,0.03124942202625558,0.02984942202625558,7115.189471282704,7327.573764607791
2025-11-22 08:35:00+00:00,2025-11-22 09:35:00+00:00,LONG,83940.1,84186.0,0.002929469943447671,0.0015294699434476712,7327.573764607791,7338.781068439154
2025-11-22 22:50:00+00:00,2025-11-22 23:50:00+00:00,SHORT,85173.7,84725.0,0.005295957509589888,0.003895957509589888,7338.781068439154,7367.372647653975
2025-11-23 01:35:00+00:00,2025-11-23 02:35:00+00:00,SHORT,85708.8,86277.9,-0.006596127165821031,-0.007996127165821031,7367.372647653975,7308.462199085343
2025-11-23 07:00:00+00:00,2025-11-23 08:00:00+00:00,LONG,85735.5,85863.6,0.0014941302027748904,9.41302027748904e-05,7308.462199085343,7309.150146114115
2025-11-23 12:15:00+00:00,2025-11-23 13:15:00+00:00,SHORT,86789.1,86600.0,0.002183602771362647,0.0007836027713626471,7309.150146114115,7314.877616424916
2025-11-23 16:05:00+00:00,2025-11-23 17:05:00+00:00,SHORT,87269.8,86714.7,0.006401452118268258,0.005001452118268258,7314.877616424916,7351.462626574456
2025-11-24 00:05:00+00:00,2025-11-24 01:05:00+00:00,LONG,86378.0,86843.2,0.005385630600384328,0.003985630600384328,7351.462626574456,7380.762840976513
2025-11-24 02:15:00+00:00,2025-11-24 03:15:00+00:00,SHORT,88015.1,87711.1,0.003465923925250136,0.002065923925250136,7380.762840976513,7396.010935516283
2025-11-24 09:20:00+00:00,2025-11-24 10:20:00+00:00,LONG,86045.4,85880.2,-0.0019199166951400226,-0.003319916695140023,7396.010935516283,7371.456795334025
2025-11-24 17:40:00+00:00,2025-11-24 18:40:00+00:00,SHORT,87926.1,88407.5,-0.005445239374487376,-0.006845239374487376,7371.456795334025,7320.997409031272
2025-11-24 18:45:00+00:00,2025-11-24 19:45:00+00:00,SHORT,88655.5,88308.7,0.003927132887246776,0.0025271328872467757,7320.997409031272,7339.4985423510825
2025-11-24 20:50:00+00:00,2025-11-24 21:50:00+00:00,SHORT,89222.2,88753.9,0.005276387854505682,0.0038763878545056817,7339.4985423510825,7367.9492853588135
2025-11-25 00:15:00+00:00,2025-11-25 01:15:00+00:00,LONG,88009.9,87969.9,-0.0004544943239339627,-0.0018544943239339627,7367.9492853588135,7354.285465230083
2025-11-25 07:50:00+00:00,2025-11-25 08:50:00+00:00,LONG,87412.6,87147.2,-0.0030361755627907883,-0.0044361755627907885,7354.285465230083,7321.660563767442
2025-11-25 14:45:00+00:00,2025-11-25 15:45:00+00:00,LONG,86197.0,87016.9,0.009511931969790055,0.008111931969790055,7321.660563767442,7381.053376166617
2025-11-25 17:35:00+00:00,2025-11-25 18:35:00+00:00,SHORT,88016.0,87476.9,0.006162769828377712,0.004762769828377712,7381.053376166617,7416.207634488269
2025-11-25 19:15:00+00:00,2025-11-25 20:15:00+00:00,LONG,86475.1,87051.5,0.00666550255507059,0.00526550255507059,7416.207634488269,7455.257694736601
2025-11-26 03:50:00+00:00,2025-11-26 04:50:00+00:00,LONG,87103.7,87235.0,0.0015073986524107852,0.0001073986524107852,7455.257694736601,7456.05837936639
2025-11-26 09:30:00+00:00,2025-11-26 10:30:00+00:00,LONG,86974.0,86713.5,-0.0029951479752570176,-0.004395147975257018,7456.05837936639,7423.28789947692
2025-11-26 12:15:00+00:00,2025-11-26 13:15:00+00:00,LONG,86433.9,86685.1,0.0029062671012185515,0.0015062671012185515,7423.28789947692,7434.469353822775
2025-11-26 17:25:00+00:00,2025-11-26 18:25:00+00:00,SHORT,88667.1,90342.0,-0.018539549711097725,-0.019939549711097723,7434.469353822775,7286.229382566593
2025-11-27 01:55:00+00:00,2025-11-27 02:55:00+00:00,SHORT,91141.9,91379.0,-0.002594688057431238,-0.003994688057431238,7286.229382566593,7257.12316906835
2025-11-27 13:15:00+00:00,2025-11-27 14:15:00+00:00,LONG,90583.1,90658.9,0.0008368006835710595,-0.0005631993164289405,7257.12316906835,7253.03596226029
2025-11-27 16:35:00+00:00,2025-11-27 17:35:00+00:00,SHORT,91543.8,91341.1,0.0022191543565821537,0.0008191543565821537,7253.03596226029,7258.9773182672225
2025-11-28 05:50:00+00:00,2025-11-28 06:50:00+00:00,SHORT,91683.9,91367.9,0.0034585450688917607,0.0020585450688917605,7258.9773182672225,7273.920250230938
2025-11-28 07:45:00+00:00,2025-11-28 08:45:00+00:00,LONG,90950.1,91176.0,0.0024837795670371587,0.0010837795670371588,7273.920250230938,7281.803576370396
2025-11-28 13:45:00+00:00,2025-11-28 14:45:00+00:00,SHORT,92320.7,92173.8,0.0015937283696667581,0.00019372836966675814,7281.803576370396,7283.214268305479
2025-11-28 16:25:00+00:00,2025-11-28 17:25:00+00:00,LONG,91184.9,90497.2,-0.0075418188757129245,-0.008941818875712925,7283.214268305479,7218.089085485283
2025-11-29 12:05:00+00:00,2025-11-29 13:05:00+00:00,SHORT,90792.1,90620.0,0.0018991392628560089,0.0004991392628560089,7218.089085485283,7221.691917150641
2025-11-29 15:15:00+00:00,2025-11-29 16:15:00+00:00,SHORT,90926.1,91095.0,-0.0018541083484273635,-0.0032541083484273637,7221.691917150641,7198.191749193271
2025-11-29 17:30:00+00:00,2025-11-29 18:30:00+00:00,LONG,90474.9,90359.9,-0.001271070761061921,-0.002671070761061921,7198.191749193271,7178.964869679484
2025-11-30 03:05:00+00:00,2025-11-30 04:05:00+00:00,LONG,90631.6,90935.9,0.003357548581289338,0.0019575485812893378,7178.964869679484,7193.01804217525
2025-11-30 08:20:00+00:00,2025-11-30 09:20:00+00:00,SHORT,91310.9,91416.5,-0.001155152516230773,-0.002555152516230773,7193.01804217525,7174.638784025493
2025-11-30 13:15:00+00:00,2025-11-30 14:15:00+00:00,SHORT,91717.8,91547.8,0.0018569534166850143,0.00045695341668501436,7174.638784025493,7177.917259731334
2025-11-30 21:15:00+00:00,2025-11-30 22:15:00+00:00,LONG,91064.5,91247.0,0.002004074035436343,0.0006040740354363429,7177.917259731334,7182.253253176447
2025-11-30 23:25:00+00:00,2025-12-01 00:25:00+00:00,LONG,90660.9,88377.0,-0.025191675794085322,-0.02659167579408532,7182.253253176447,6991.265103196965
2025-12-01 00:30:00+00:00,2025-12-01 01:30:00+00:00,LONG,87949.9,87360.1,-0.006706090626595218,-0.008106090626595218,6991.265103196965,6934.593274675898
2025-12-01 01:50:00+00:00,2025-12-01 02:50:00+00:00,LONG,87185.6,86773.0,-0.004732432878824078,-0.006132432878824078,6934.593274675898,6892.067346877004
2025-12-01 11:55:00+00:00,2025-12-01 12:55:00+00:00,LONG,86145.8,85432.0,-0.00828595242019925,-0.00968595242019925,6892.067346877004,6825.311110478345
2025-12-01 15:30:00+00:00,2025-12-01 16:30:00+00:00,LONG,84423.1,84799.9,0.004463233404127465,0.0030632334041274644,6825.311110478345,6846.218631465524
2025-12-01 21:30:00+00:00,2025-12-01 22:30:00+00:00,SHORT,86440.2,86305.1,0.0015653767853811562,0.00016537678538115622,6846.218631465524,6847.350837094811
2025-12-02 14:05:00+00:00,2025-12-02 15:05:00+00:00,SHORT,88095.5,90065.6,-0.02187405624344929,-0.02327405624344929,6847.350837094811,6687.985208593637
2025-12-02 15:10:00+00:00,2025-12-02 16:10:00+00:00,SHORT,90654.0,90889.0,-0.002585571411281906,-0.003985571411281906,6687.985208593637,6661.329765947191
2025-12-02 17:20:00+00:00,2025-12-02 18:20:00+00:00,SHORT,91683.0,91996.6,-0.003408821630364711,-0.004808821630364711,6661.329765947191,6629.296619281712
2025-12-02 20:35:00+00:00,2025-12-02 21:35:00+00:00,LONG,90739.2,91404.0,0.007326491747778219,0.0059264917477782186,6629.296619281712,6668.585090989459
2025-12-03 02:10:00+00:00,2025-12-03 03:10:00+00:00,SHORT,92879.1,92762.3,0.0012591322121162651,-0.00014086778788373485,6668.585090989459,6667.645702159377
2025-12-03 05:05:00+00:00,2025-12-03 06:05:00+00:00,SHORT,93505.0,93802.4,-0.0031704945715673727,-0.004570494571567373,6667.645702159377,6637.171263672523
2025-12-03 14:00:00+00:00,2025-12-03 15:00:00+00:00,LONG,91753.1,92924.1,0.012762511566366763,0.011362511566366763,6637.171263672523,6712.586198923959
2025-12-03 21:55:00+00:00,2025-12-03 22:55:00+00:00,SHORT,93699.5,93783.6,-0.0008967452731608594,-0.0022967452731608596,6712.586198923959,6697.169098300896
2025-12-04 00:30:00+00:00,2025-12-04 01:30:00+00:00,LONG,92675.1,93443.6,0.008292410798585559,0.006892410798585559,6697.169098300896,6743.328738913978
2025-12-04 11:30:00+00:00,2025-12-04 12:30:00+00:00,LONG,92770.3,92910.0,0.0015058698743024568,0.00010586987430245679,6743.328738913978,6744.042654279946
2025-12-04 14:50:00+00:00,2025-12-04 15:50:00+00:00,LONG,91978.2,92931.3,0.010362238008571723,0.008962238008571722,6744.042654279946,6804.484369687562
2025-12-04 19:10:00+00:00,2025-12-04 20:10:00+00:00,LONG,91293.0,92001.2,0.007757440329488441,0.006357440329488441,6804.484369687562,6847.743473040788
2025-12-05 04:40:00+00:00,2025-12-05 05:40:00+00:00,LONG,91863.1,92024.9,0.0017613165678056486,0.0003613165678056486,6847.743473040788,6850.21767620968
2025-12-05 09:15:00+00:00,2025-12-05 10:15:00+00:00,LONG,91390.0,91253.9,-0.0014892220155379166,-0.0028892220155379168,6850.21767620968,6830.425876488348
2025-12-05 13:40:00+00:00,2025-12-05 14:40:00+00:00,LONG,90420.1,90215.2,-0.0022660890664797373,-0.0036660890664797375,6830.425876488348,6805.384926863154
2025-12-05 16:05:00+00:00,2025-12-05 17:05:00+00:00,LONG,89491.1,88803.9,-0.0076789758981620215,-0.009078975898162022,6805.384926863154,6743.599001134448
2025-12-06 03:05:00+00:00,2025-12-06 04:05:00+00:00,SHORT,89702.9,89695.3,8.473130699138132e-05,-0.0013152686930086187,6743.599001134448,6734.729356490052
2025-12-06 13:40:00+00:00,2025-12-06 14:40:00+00:00,SHORT,89782.1,90064.0,-0.003129996446970984,-0.004529996446970984,6734.729356490052,6704.221056433841
2025-12-06 14:40:00+00:00,2025-12-06 15:40:00+00:00,SHORT,90064.0,89870.1,0.002157558520575753,0.000757558520575753,6704.221056433841,6709.299896218966
2025-12-06 23:00:00+00:00,2025-12-07 00:00:00+00:00,LONG,89105.1,89308.1,0.002278208542496385,0.000878208542496385,6709.299896218966,6715.192060701995
2025-12-07 12:45:00+00:00,2025-12-07 13:45:00+00:00,SHORT,89529.6,88996.4,0.005991253578796485,0.004591253578796485,6715.192060701995,6746.023210282998
2025-12-07 14:20:00+00:00,2025-12-07 15:20:00+00:00,LONG,88363.8,88809.5,0.005043920700558369,0.0036439207005583684,6746.023210282998,6770.605183905394
2025-12-07 17:15:00+00:00,2025-12-07 18:15:00+00:00,SHORT,90330.9,91499.3,-0.012769496597241803,-0.014169496597241803,6770.605183905394,6674.669116790779
2025-12-07 21:35:00+00:00,2025-12-07 22:35:00+00:00,LONG,90661.4,90102.3,-0.00616690234212125,-0.00756690234212125,6674.669116790779,6624.162547418051
2025-12-08 01:25:00+00:00,2025-12-08 02:25:00+00:00,SHORT,91141.8,91026.1,0.001271064013508072,-0.00012893598649192802,6624.162547418051,6623.308454485317
2025-12-08 09:05:00+00:00,2025-12-08 10:05:00+00:00,SHORT,92098.8,91926.7,0.0018721437841238142,0.00047214378412381423,6623.308454485317,6626.435608402437
2025-12-08 14:20:00+00:00,2025-12-08 15:20:00+00:00,LONG,91268.1,89969.0,-0.014233888949151008,-0.015633888949151006,6626.435608402437,6522.838649971974
2025-12-08 15:20:00+00:00,2025-12-08 16:20:00+00:00,LONG,89969.0,90350.5,0.004240349453700665,0.0028403494537006645,6522.838649971974,6541.365791167998
2025-12-08 21:30:00+00:00,2025-12-08 22:30:00+00:00,SHORT,91199.9,90929.0,0.002979247544787622,0.0015792475447876221,6541.365791167998,6551.696227033258
2025-12-09 15:35:00+00:00,2025-12-09 16:35:00+00:00,SHORT,91595.1,93833.8,-0.023858140669993033,-0.02525814066999303,6551.696227033258,6386.212562103789
2025-12-09 16:40:00+00:00,2025-12-09 17:40:00+00:00,SHORT,94239.0,93796.1,0.004721944729045191,0.003321944729045191,6386.212562103789,6407.427207263032
2025-12-09 20:20:00+00:00,2025-12-09 21:20:00+00:00,LONG,92933.1,93170.1,0.0025502216110298015,0.0011502216110298015,6407.427207263032,6414.797168507926
2025-12-09 21:50:00+00:00,2025-12-09 22:50:00+00:00,LONG,92292.8,92772.5,0.005197588544285203,0.003797588544285203,6414.797168507926,6439.157928748964
2025-12-10 10:00:00+00:00,2025-12-10 11:00:00+00:00,SHORT,93126.4,92310.5,0.008838647824461976,0.007438647824461976,6439.157928748964,6487.056556867019
2025-12-10 20:10:00+00:00,2025-12-10 21:10:00+00:00,SHORT,94269.5,92275.4,0.02161031000678415,0.020210310006784152,6487.056556867019,6618.161980912842
2025-12-11 00:30:00+00:00,2025-12-11 01:30:00+00:00,LONG,91487.6,91063.0,-0.004641066111691683,-0.006041066111691683,6618.161980912842,6578.181226848264
2025-12-11 01:55:00+00:00,2025-12-11 02:55:00+00:00,LONG,90673.8,90070.3,-0.006655726350941471,-0.008055726350941471,6578.181226848264,6525.189198997874
2025-12-11 03:10:00+00:00,2025-12-11 04:10:00+00:00,LONG,89631.9,90052.7,0.004694757112144288,0.0032947571121442875,6525.189198997874,6546.688112519359
2025-12-11 18:40:00+00:00,2025-12-11 19:40:00+00:00,SHORT,91146.1,91370.7,-0.00245811841213861,-0.0038581184121386104,6546.688112519359,6521.430214573919
2025-12-11 21:05:00+00:00,2025-12-11 22:05:00+00:00,SHORT,92245.3,92904.6,-0.007096526974982975,-0.008496526974982975,6521.430214573919,6466.020706840323
2025-12-12 00:55:00+00:00,2025-12-12 01:55:00+00:00,LONG,91577.7,92171.8,0.006487387213262696,0.005087387213262696,6466.020706840323,6498.9158579049945
2025-12-12 15:20:00+00:00,2025-12-12 16:20:00+00:00,LONG,91527.0,90055.5,-0.01607722311449078,-0.017477223114490778,6498.9158579049945,6385.332855454087
2025-12-13 14:25:00+00:00,2025-12-13 15:25:00+00:00,LONG,89964.0,90145.8,0.002020808323329293,0.0006208083233292928,6385.332855454087,6389.29692323798
2025-12-13 21:25:00+00:00,2025-12-13 22:25:00+00:00,LONG,89964.9,90099.8,0.001499473683625574,9.9473683625574e-05,6389.29692323798,6389.932490138712
2025-12-14 10:10:00+00:00,2025-12-14 11:10:00+00:00,LONG,89806.1,89743.0,-0.0007026248773747135,-0.0021026248773747137,6389.932490138712,6376.496859120201
2025-12-14 11:30:00+00:00,2025-12-14 12:30:00+00:00,LONG,89493.3,89472.3,-0.00023465443781822692,-0.001634654437818227,6376.496859120201,6366.073490231707
2025-12-14 22:30:00+00:00,2025-12-14 23:30:00+00:00,LONG,88188.7,87943.1,-0.0027849372992230226,-0.004184937299223023,6366.073490231707,6339.431871832842
2025-12-15 01:30:00+00:00,2025-12-15 02:30:00+00:00,SHORT,89004.7,89666.0,-0.007375147770615431,-0.008775147770615431,6339.431871832842,6283.80242037576
2025-12-15 14:50:00+00:00,2025-12-15 15:50:00+00:00,LONG,88268.1,86908.7,-0.015400807313174392,-0.01680080731317439,6283.80242037576,6178.229466716969
2025-12-15 16:40:00+00:00,2025-12-15 17:40:00+00:00,LONG,86327.0,85845.4,-0.005578787633069626,-0.006978787633069626,6178.229466716969,6135.112915320378
2025-12-15 18:30:00+00:00,2025-12-15 19:30:00+00:00,LONG,85353.1,86280.2,0.01086193705911076,0.00946193705911076,6135.112915320378,6193.162967575677
2025-12-16 04:45:00+00:00,2025-12-16 05:45:00+00:00,LONG,85400.9,86065.9,0.0077868031835730545,0.006386803183573054,6193.162967575677,6232.717480533375
2025-12-16 06:20:00+00:00,2025-12-16 07:20:00+00:00,SHORT,86374.9,86166.3,0.0024209000502515288,0.0010209000502515288,6232.717480533375,6239.080462122455
2025-12-16 10:35:00+00:00,2025-12-16 11:35:00+00:00,SHORT,86766.4,87101.6,-0.003848379363869503,-0.005248379363869503,6239.080462122455,6206.33540097553
2025-12-16 15:50:00+00:00,2025-12-16 16:50:00+00:00,SHORT,87943.7,87648.3,0.0033702878435748485,0.0019702878435748482,6206.33540097553,6218.56366816922
2025-12-17 04:40:00+00:00,2025-12-17 05:40:00+00:00,LONG,86877.0,86493.1,-0.004418891075888887,-0.005818891075888887,6218.56366816922,6182.378523535664
2025-12-17 12:00:00+00:00,2025-12-17 13:00:00+00:00,SHORT,87175.2,87128.8,0.0005325449220003886,-0.0008674550779996114,6182.378523535664,6177.015587891307
2025-12-17 14:00:00+00:00,2025-12-17 15:00:00+00:00,SHORT,87625.1,89597.7,-0.022016190147738035,-0.023416190147738034,6177.015587891307,6032.373416339703
2025-12-17 15:00:00+00:00,2025-12-17 16:00:00+00:00,SHORT,89597.7,87706.3,0.021565155524745583,0.020165155524745584,6032.373416339703,6154.017164463534
2025-12-17 19:05:00+00:00,2025-12-17 20:05:00+00:00,LONG,85386.7,85706.3,0.003742971680601448,0.0023429716806014477,6154.017164463534,6168.435852401807
2025-12-18 09:30:00+00:00,2025-12-18 10:30:00+00:00,SHORT,87251.9,87394.7,-0.001633966361804573,-0.003033966361804573,6168.435852401807,6149.721025520671
2025-12-18 13:05:00+00:00,2025-12-18 14:05:00+00:00,SHORT,87752.4,88852.9,-0.0123856396358476,-0.0137856396358476,6149.721025520671,6064.943187601848
2025-12-18 17:05:00+00:00,2025-12-18 18:05:00+00:00,LONG,86603.5,86539.7,-0.0007366907803957323,-0.0021366907803957325,6064.943187601848,6051.984279409276
2025-12-18 19:40:00+00:00,2025-12-18 20:40:00+00:00,LONG,84698.4,85017.9,0.003772208211725303,0.002372208211725303,6051.984279409276,6066.340846214122
2025-12-19 03:10:00+00:00,2025-12-19 04:10:00+00:00,SHORT,86372.7,87354.0,-0.011233601208874289,-0.012633601208874289,6066.340846214122,5989.701115165948
2025-12-19 07:00:00+00:00,2025-12-19 08:00:00+00:00,SHORT,87760.8,87877.0,-0.0013223027640907326,-0.0027223027640907328,5989.701115165948,5973.395335264055
2025-12-19 17:30:00+00:00,2025-12-19 18:30:00+00:00,LONG,87032.8,87121.6,0.0010203049884640603,-0.00037969501153593973,5973.395335264055,5971.127266853323
2025-12-20 05:40:00+00:00,2025-12-20 06:40:00+00:00,SHORT,88515.1,88310.8,0.002313420329110416,0.0009134203291104161,5971.127266853323,5976.581415886571
2025-12-20 21:15:00+00:00,2025-12-20 22:15:00+00:00,SHORT,88414.7,88168.0,0.0027980673260139532,0.0013980673260139533,5976.581415886571,5984.9370790853845
2025-12-21 01:35:00+00:00,2025-12-21 02:35:00+00:00,LONG,88122.2,87947.1,-0.001987013488088052,-0.003387013488088052,5984.9370790853845,5964.666016473165
2025-12-21 08:30:00+00:00,2025-12-21 09:30:00+00:00,SHORT,88353.3,88858.9,-0.005689919636637342,-0.007089919636637342,5964.666016473165,5922.377013756988
2025-12-21 13:30:00+00:00,2025-12-21 14:30:00+00:00,LONG,88018.9,87991.5,-0.0003112967783055476,-0.0017112967783055476,5922.377013756988,5912.242069053435
2025-12-21 23:00:00+00:00,2025-12-22 00:00:00+00:00,SHORT,88712.1,88759.1,-0.000529523170018642,-0.001929523170018642,5912.242069053435,5900.834260994438
2025-12-22 00:10:00+00:00,2025-12-22 01:10:00+00:00,SHORT,89486.2,88972.1,0.0057782158676706885,0.004378215867670688,5900.834260994438,5926.669387188419
2025-12-22 08:20:00+00:00,2025-12-22 09:20:00+00:00,SHORT,89619.3,89537.6,0.0009124658244132888,-0.00048753417558671116,5926.669387188419,5923.779933314761
2025-12-22 12:20:00+00:00,2025-12-22 13:20:00+00:00,SHORT,90201.8,90032.1,0.0018848832805187232,0.00048488328051872324,5923.779933314761,5926.652275161898
2025-12-22 19:00:00+00:00,2025-12-22 20:00:00+00:00,LONG,88795.8,88168.5,-0.007064523322049099,-0.008464523322049099,5926.652275161898,5876.485988757115
2025-12-23 03:00:00+00:00,2025-12-23 04:00:00+00:00,LONG,88038.9,88086.1,0.0005361266440178092,-0.0008638733559821908,5876.485988757115,5871.409449084625
2025-12-23 05:30:00+00:00,2025-12-23 06:30:00+00:00,LONG,87631.6,87271.0,-0.00411495396637751,-0.0055149539663775105,5871.409449084625,5839.0288962551695
2025-12-23 14:50:00+00:00,2025-12-23 15:50:00+00:00,LONG,86964.4,87385.0,0.004836461816559501,0.0034364618165595006,5839.0288962551695,5859.094496102937
2025-12-24 02:40:00+00:00,2025-12-24 03:40:00+00:00,LONG,87093.9,87315.9,0.002548973004998123,0.001148973004998123,5859.094496102937,5865.826437512692
2025-12-24 05:40:00+00:00,2025-12-24 06:40:00+00:00,LONG,86839.0,87018.9,0.002071649834751499,0.0006716498347514989,5865.826437512692,5869.766218870128
2025-12-24 14:35:00+00:00,2025-12-24 15:35:00+00:00,LONG,86636.6,86906.2,0.0031118488029306945,0.0017118488029306946,5869.766218870128,5879.814371145383
2025-12-24 22:05:00+00:00,2025-12-24 23:05:00+00:00,SHORT,87840.3,87811.0,0.000333671180148265,-0.001066328819851735,5879.814371145383,5873.544555626053
2025-12-25 08:20:00+00:00,2025-12-25 09:20:00+00:00,LONG,87378.6,87483.9,0.0012051005623801014,-0.00019489943761989855,5873.544555626053,5872.399805095326
2025-12-25 10:35:00+00:00,2025-12-25 11:35:00+00:00,LONG,87285.9,87530.7,0.002804576684206861,0.001404576684206861,5872.399805095326,5880.648040941904
2025-12-25 15:25:00+00:00,2025-12-25 16:25:00+00:00,SHORT,88075.4,88419.8,-0.003895055179948481,-0.005295055179948481,5880.648040941904,5849.509685071261
2025-12-25 20:25:00+00:00,2025-12-25 21:25:00+00:00,LONG,87758.9,87959.9,0.0022903659913695584,0.0008903659913695584,5849.509685071261,5854.717889561035
2025-12-25 22:45:00+00:00,2025-12-25 23:45:00+00:00,LONG,87405.0,87160.2,-0.002800755105543229,-0.004200755105543229,5854.717889561035,5830.123653494947
2025-12-25 23:45:00+00:00,2025-12-26 00:45:00+00:00,LONG,87160.2,86972.9,-0.002148916592665029,-0.003548916592665029,5830.123653494947,5809.43303092377
2025-12-26 02:10:00+00:00,2025-12-26 03:10:00+00:00,SHORT,88194.7,89033.1,-0.009416722544761558,-0.010816722544761558,5809.43303092377,5746.594005685895
2025-12-26 06:40:00+00:00,2025-12-26 07:40:00+00:00,SHORT,89248.1,88796.5,0.005085786038864226,0.003685786038864226,5746.594005685895,5767.774721643073
2025-12-26 07:55:00+00:00,2025-12-26 08:55:00+00:00,LONG,88479.9,88741.0,0.0029509527022522075,0.0015509527022522075,5767.774721643073,5776.720267433587
2025-12-26 14:40:00+00:00,2025-12-26 15:40:00+00:00,LONG,88397.0,87028.9,-0.01547676957362809,-0.01687676957362809,5776.720267433587,5679.227890588803
2025-12-26 20:40:00+00:00,2025-12-26 21:40:00+00:00,SHORT,87677.2,87500.0,0.0020251428571427255,0.0006251428571427255,5679.227890588803,5682.77821933869
2025-12-27 07:20:00+00:00,2025-12-27 08:20:00+00:00,SHORT,87710.2,87623.1,0.0009940301130637597,-0.00040596988693624033,5682.77821933869,5680.471182507502
2025-12-27 13:30:00+00:00,2025-12-27 14:30:00+00:00,LONG,87364.1,87478.2,0.001306028448756269,-9.397155124373099e-05,5680.471182507502,5679.937379818686
2025-12-27 22:10:00+00:00,2025-12-27 23:10:00+00:00,SHORT,87863.1,87608.0,0.002911834535658908,0.0015118345356589082,5679.937379818686,5688.524505309876
2025-12-27 23:50:00+00:00,2025-12-28 00:50:00+00:00,SHORT,87871.3,87861.9,0.00010698607701420393,-0.001293013922985796,5688.524505309876,5681.169163923265
2025-12-28 18:00:00+00:00,2025-12-28 19:00:00+00:00,LONG,87660.7,87532.8,-0.0014590346643363894,-0.0028590346643363896,5681.169163923265,5664.92650434965
2025-12-28 22:45:00+00:00,2025-12-28 23:45:00+00:00,SHORT,87822.6,87882.8,-0.000685003208819035,-0.002085003208819035,5664.92650434965,5653.115114410357
2025-12-29 00:30:00+00:00,2025-12-29 01:30:00+00:00,SHORT,88120.7,88054.9,0.00074726108371026,-0.00065273891628974,5653.115114410357,5649.4251061769155
2025-12-29 02:00:00+00:00,2025-12-29 03:00:00+00:00,SHORT,88868.8,89122.9,-0.0028511190726512314,-0.004251119072651232,5649.4251061769155,5625.408727358532
2025-12-29 03:40:00+00:00,2025-12-29 04:40:00+00:00,SHORT,89983.0,90223.0,-0.0026600755904813145,-0.004060075590481315,5625.408727358532,5602.569142698103
2025-12-29 09:30:00+00:00,2025-12-29 10:30:00+00:00,LONG,88717.0,87954.3,-0.008596999447681886,-0.009996999447681886,5602.569142698103,5546.5602620729505
2025-12-29 11:45:00+00:00,2025-12-29 12:45:00+00:00,LONG,87653.3,87358.4,-0.0033643913007269655,-0.004764391300726966,5546.5602620729505,5520.134278611373
2025-12-29 14:30:00+00:00,2025-12-29 15:30:00+00:00,SHORT,87965.0,87768.2,0.002242269979331857,0.0008422699793318568,5520.134278611373,5524.7837219961275
2025-12-29 20:45:00+00:00,2025-12-29 21:45:00+00:00,LONG,87130.9,87308.8,0.0020417555654768105,0.0006417555654768105,5524.7837219961275,5528.329282697774
2025-12-30 08:00:00+00:00,2025-12-30 09:00:00+00:00,SHORT,87717.9,87874.9,-0.001786630767147357,-0.003186630767147357,5528.329282697774,5510.712538514608
2025-12-30 14:50:00+00:00,2025-12-30 15:50:00+00:00,SHORT,88867.1,89018.0,-0.001695162776067738,-0.003095162776067738,5510.712538514608,5493.6559861957885
2025-12-30 15:50:00+00:00,2025-12-30 16:50:00+00:00,SHORT,89018.0,88638.1,0.004285967321050466,0.0028859673210504654,5493.6559861957885,5509.510497845043
2025-12-31 10:10:00+00:00,2025-12-31 11:10:00+00:00,SHORT,88800.1,88876.5,-0.0008596198095108809,-0.002259619809510881,5509.510497845043,5497.061098783404
2025-12-31 14:45:00+00:00,2025-12-31 15:45:00+00:00,LONG,88340.0,88142.7,-0.002233416345936212,-0.0036334163459362124,5497.061098783404,5477.087987132475
2025-12-31 16:40:00+00:00,2025-12-31 17:40:00+00:00,LONG,87459.9,87618.1,0.0018088289604722974,0.00040882896047229737,5477.087987132475,5479.3271793206695
2026-01-01 01:05:00+00:00,2026-01-01 02:05:00+00:00,SHORT,87950.9,88024.9,-0.0008406712191664223,-0.0022406712191664225,5479.3271793206695,5467.0498086095695
2026-01-01 04:05:00+00:00,2026-01-01 05:05:00+00:00,LONG,87705.9,87709.5,4.104626940715228e-05,-0.0013589537305928477,5467.0498086095695,5459.620340876822
2026-01-01 11:55:00+00:00,2026-01-01 12:55:00+00:00,SHORT,88022.1,87941.1,0.000921071035045129,-0.000478928964954871,5459.620340876822,5457.00557055792
2026-01-01 17:20:00+00:00,2026-01-01 18:20:00+00:00,SHORT,88199.9,88166.0,0.0003845019622075174,-0.0010154980377924826,5457.00557055792,5451.4639921087955
2026-01-01 19:50:00+00:00,2026-01-01 20:50:00+00:00,SHORT,88394.1,88264.9,0.0014637755211868164,6.377552118681643e-05,5451.4639921087955,5451.811662066123
2026-01-01 22:05:00+00:00,2026-01-01 23:05:00+00:00,SHORT,88533.3,88623.2,-0.0010144070627103874,-0.0024144070627103876,5451.811662066123,5438.648769484664
2026-01-02 09:45:00+00:00,2026-01-02 10:45:00+00:00,SHORT,89472.9,89747.5,-0.003059695256135364,-0.004459695256135364,5438.648769484664,5414.394053367607
2026-01-02 14:15:00+00:00,2026-01-02 15:15:00+00:00,LONG,88832.1,89139.9,0.0034649636786701077,0.0020649636786701075,5414.394053367607,5425.574580429818
2026-01-02 16:30:00+00:00,2026-01-02 17:30:00+00:00,SHORT,90744.2,90443.7,0.0033225089199138136,0.0019225089199138136,5425.574580429818,5436.005295956351
2026-01-03 07:10:00+00:00,2026-01-03 08:10:00+00:00,LONG,89769.9,89534.0,-0.0026278295954433872,-0.0040278295954433874,5436.005295956351,5414.109992944311
2026-01-03 12:55:00+00:00,2026-01-03 13:55:00+00:00,SHORT,90039.4,90006.1,0.00036997492392165654,-0.0010300250760783434,5414.109992944311,5408.533323886932
2026-01-03 20:45:00+00:00,2026-01-03 21:45:00+00:00,SHORT,90350.0,90514.8,-0.001820696725839288,-0.0032206967258392883,5408.533323886932,5391.114078319097
2026-01-04 00:00:00+00:00,2026-01-04 01:00:00+00:00,SHORT,90937.1,91455.0,-0.005662894319610645,-0.007062894319610645,5391.114078319097,5353.037209318964
2026-01-04 06:05:00+00:00,2026-01-04 07:05:00+00:00,SHORT,91707.1,91346.8,0.003944308941309371,0.002544308941309371,5353.037209318964,5366.656989753796
2026-01-04 18:30:00+00:00,2026-01-04 19:30:00+00:00,LONG,91125.7,91155.9,0.00033141034856254414,-0.0010685896514374558,5366.656989753796,5360.9222356317305
2026-01-05 00:00:00+00:00,2026-01-05 01:00:00+00:00,SHORT,91835.2,92483.0,-0.007004530562373712,-0.008404530562373712,5360.9222356317305,5315.866200859855
2026-01-05 01:00:00+00:00,2026-01-05 02:00:00+00:00,SHORT,92483.0,93045.1,-0.006041156385451885,-0.007441156385451885,5315.866200859855,5276.310009135119
2026-01-05 10:50:00+00:00,2026-01-05 11:50:00+00:00,SHORT,93144.1,93125.9,0.00019543435284941069,-0.0012045656471505893,5276.310009135119,5269.954347354398
2026-01-05 17:55:00+00:00,2026-01-05 18:55:00+00:00,SHORT,94324.0,94451.1,-0.0013456698757347008,-0.002745669875734701,5269.954347354398,5255.48479245637
2026-01-06 07:20:00+00:00,2026-01-06 08:20:00+00:00,LONG,93397.5,93325.0,-0.000776252041007508,-0.002176252041007508,5255.48479245637,5244.047532950303
2026-01-06 14:10:00+00:00,2026-01-06 15:10:00+00:00,SHORT,94104.2,93760.8,0.0036625114120185653,0.002262511412018565,5244.047532950303,5255.912250338771
2026-01-06 16:25:00+00:00,2026-01-06 17:25:00+00:00,LONG,92843.6,92510.0,-0.00359313943018158,-0.00499313943018158,5255.912250338771,5229.66874764003
2026-01-06 17:40:00+00:00,2026-01-06 18:40:00+00:00,LONG,92236.9,91953.8,-0.0030692705413992716,-0.004469270541399272,5229.66874764003,5206.295943164926
2026-01-06 21:15:00+00:00,2026-01-06 22:15:00+00:00,SHORT,93718.0,92987.1,0.007860230074924202,0.006460230074924201,5206.295943164926,5239.9298127959155
2026-01-07 00:55:00+00:00,2026-01-07 01:55:00+00:00,LONG,92706.0,92450.1,-0.0027603391366254337,-0.004160339136625434,5239.9298127959155,5218.129927722571
2026-01-07 09:10:00+00:00,2026-01-07 10:10:00+00:00,LONG,92282.9,91839.0,-0.004810208608528765,-0.006210208608528766,5218.129927722571,5185.724252325007
2026-01-07 14:15:00+00:00,2026-01-07 15:15:00+00:00,LONG,91521.1,91163.2,-0.003910573627283864,-0.0053105736272838645,5185.724252325007,5158.185081872244
2026-01-07 15:15:00+00:00,2026-01-07 16:15:00+00:00,LONG,91163.2,91588.0,0.004659774996928601,0.0032597749969286004,5158.185081872244,5174.999604631661
2026-01-08 06:05:00+00:00,2026-01-08 07:05:00+00:00,LONG,90575.3,89978.1,-0.006593409019898355,-0.007993409019898355,5174.999604631661,5133.633716114028
2026-01-09 07:55:00+00:00,2026-01-09 08:55:00+00:00,LONG,90753.1,90033.2,-0.00793251139630502,-0.00933251139630502,5133.633716114028,5085.724020953939
2026-01-09 15:25:00+00:00,2026-01-09 16:25:00+00:00,SHORT,91681.7,91372.7,0.0033817540687755,0.0019817540687754997,5085.724020953939,5095.8026752251335
2026-01-09 19:30:00+00:00,2026-01-09 20:30:00+00:00,LONG,90291.2,90545.3,0.0028142277431244533,0.0014142277431244534,5095.8026752251335,5103.009300741925
2026-01-10 05:00:00+00:00,2026-01-10 06:00:00+00:00,LONG,90430.2,90605.7,0.001940723342423123,0.000540723342423123,5103.009300741925,5105.768616987438
2026-01-10 17:55:00+00:00,2026-01-10 18:55:00+00:00,LONG,90542.0,90593.0,0.0005632745024408692,-0.0008367254975591308,5105.768616987438,5101.496490200967
2026-01-10 21:05:00+00:00,2026-01-10 22:05:00+00:00,LONG,90504.6,90400.1,-0.0011546374438425877,-0.002554637443842588,5101.496490200967,5088.464016247468
2026-01-10 22:05:00+00:00,2026-01-10 23:05:00+00:00,LONG,90400.1,90528.9,0.0014247771849809077,2.4777184980907677e-05,5088.464016247468,5088.590094061667
2026-01-11 04:55:00+00:00,2026-01-11 05:55:00+00:00,SHORT,90799.1,90777.8,0.00023463886544949908,-0.001165361134550501,5088.590094061667,5082.660048936389
2026-01-11 12:15:00+00:00,2026-01-11 13:15:00+00:00,SHORT,90844.2,90936.9,-0.00101938816915903,-0.0024193881691590303,5082.660048936389,5070.363121346136
2026-01-11 14:50:00+00:00,2026-01-11 15:50:00+00:00,SHORT,91119.0,90808.0,0.003424808386926159,0.002024808386926159,5070.363121346136,5080.6296351189985
2026-01-11 20:00:00+00:00,2026-01-11 21:00:00+00:00,LONG,90638.0,90612.4,-0.00028244224276796626,-0.0016824422427679662,5080.6296351189985,5072.081769201016
2026-01-12 01:00:00+00:00,2026-01-12 02:00:00+00:00,SHORT,91634.0,91506.1,0.0013977210262483553,-2.2789737516447275e-06,5072.081769201016,5072.070210059798
2026-01-12 02:45:00+00:00,2026-01-12 03:45:00+00:00,SHORT,92186.9,91928.9,0.002806516775464507,0.001406516775464507,5072.070210059798,5079.20416189658
2026-01-12 07:45:00+00:00,2026-01-12 08:45:00+00:00,LONG,91511.7,90653.4,-0.009379128570445094,-0.010779128570445095,5079.20416189658,5024.454767199958
2026-01-12 08:50:00+00:00,2026-01-12 09:50:00+00:00,LONG,90770.1,90772.0,2.0932002939177963e-05,-0.001379067997060822,5024.454767199958,5017.5257024278335
2026-01-12 10:50:00+00:00,2026-01-12 11:50:00+00:00,LONG,90439.0,90686.1,0.0027322283528123936,0.0013322283528123936,5017.5257024278335,5024.210192429572
2026-01-12 14:20:00+00:00,2026-01-12 15:20:00+00:00,LONG,90218.4,91238.3,0.011304789266934456,0.009904789266934456,5024.210192429572,5073.973935618371
2026-01-12 16:00:00+00:00,2026-01-12 17:00:00+00:00,SHORT,91789.0,92282.5,-0.005347709479045282,-0.006747709479045282,5073.973935618371,5039.73623359657
2026-01-12 21:50:00+00:00,2026-01-12 22:50:00+00:00,LONG,90964.4,91249.0,0.0031286965010488554,0.0017286965010488555,5039.73623359657,5048.4484079897975
2026-01-13 05:10:00+00:00,2026-01-13 06:10:00+00:00,SHORT,91748.3,91926.1,-0.001934162332569378,-0.003334162332569378,5048.4484079897975,5031.616061469958
2026-01-13 09:20:00+00:00,2026-01-13 10:20:00+00:00,SHORT,92545.2,92245.9,0.0032445886483845054,0.0018445886483845055,5031.616061469958,5040.897323339975
2026-01-13 14:35:00+00:00,2026-01-13 15:35:00+00:00,SHORT,92725.3,93010.9,-0.0030706078534880055,-0.004470607853488006,5040.897323339975,5018.361448177625
2026-01-13 15:55:00+00:00,2026-01-13 16:55:00+00:00,SHORT,93455.9,93392.0,0.000684212780537985,-0.000715787219462015,5018.361448177625,5014.769369190379
2026-01-13 20:00:00+00:00,2026-01-13 21:00:00+00:00,SHORT,94270.8,94475.0,-0.0021614183646466723,-0.0035614183646466725,5014.769369190379,4996.909677464477
2026-01-13 22:10:00+00:00,2026-01-13 23:10:00+00:00,SHORT,95607.1,95727.8,-0.0012608667492619574,-0.0026608667492619576,4996.909677464477,4983.613566654646
2026-01-14 14:15:00+00:00,2026-01-14 15:15:00+00:00,SHORT,95640.5,96897.1,-0.012968396370995672,-0.014368396370995672,4983.613566654646,4912.007031569081
2026-01-14 16:05:00+00:00,2026-01-14 17:05:00+00:00,SHORT,97229.0,97594.6,-0.003746108903566414,-0.005146108903566414,4912.007031569081,4886.729308449542
2026-01-15 09:40:00+00:00,2026-01-15 10:40:00+00:00,SHORT,97079.1,96774.9,0.0031433770533475514,0.0017433770533475514,4886.729308449542,4895.248720191814
2026-01-15 14:35:00+00:00,2026-01-15 15:35:00+00:00,LONG,96201.4,95682.4,-0.005394931882488185,-0.0067949318824881855,4895.248720191814,4861.9858385902735
2026-01-16 20:55:00+00:00,2026-01-16 21:55:00+00:00,SHORT,95567.2,95522.5,0.0004679525766180248,-0.0009320474233819752,4861.9858385902735,4857.454237216896
2026-01-17 02:05:00+00:00,2026-01-17 03:05:00+00:00,LONG,95289.8,95314.4,0.00025815984501997846,-0.0011418401549800215,4857.454237216896,4851.907800917865
2026-01-17 22:10:00+00:00,2026-01-17 23:10:00+00:00,LONG,95190.2,95193.0,2.9414792699355985e-05,-0.001370585207300644,4851.907800917865,4845.25784785874
2026-01-18 01:05:00+00:00,2026-01-18 02:05:00+00:00,LONG,94900.4,95034.8,0.001416221638686599,1.6221638686598908e-05,4845.25784785874,4845.336445880891
2026-01-18 13:20:00+00:00,2026-01-18 14:20:00+00:00,LONG,94959.0,95209.3,0.0026358744300172265,0.0012358744300172266,4845.336445880891,4851.324673299186
2026-01-18 23:00:00+00:00,2026-01-19 00:00:00+00:00,LONG,95032.1,92972.4,-0.021673729192557167,-0.023073729192557166,4851.324673299186,4739.38652156231
2026-01-19 00:00:00+00:00,2026-01-19 01:00:00+00:00,LONG,92972.4,92636.1,-0.0036172025246200556,-0.005017202524620056,4739.38652156231,4715.608059541178
2026-01-19 08:20:00+00:00,2026-01-19 09:20:00+00:00,SHORT,93196.0,93068.7,0.0013678067921869541,-3.2193207813045873e-05,4715.608059541178,4715.456248990952
2026-01-19 22:10:00+00:00,2026-01-19 23:10:00+00:00,LONG,92830.0,92443.3,-0.004165679198534944,-0.005565679198534944,4715.456248990952,4689.211532234342
2026-01-19 23:15:00+00:00,2026-01-20 00:15:00+00:00,LONG,92374.9,92587.0,0.002296078263684276,0.0008960782636842758,4689.211532234342,4693.413432762194
2026-01-20 04:55:00+00:00,2026-01-20 05:55:00+00:00,LONG,92069.5,91632.0,-0.004751845073558525,-0.006151845073558525,4693.413432762194,4664.5402804576825
2026-01-20 06:15:00+00:00,2026-01-20 07:15:00+00:00,LONG,90922.2,91018.2,0.0010558477467548233,-0.0003441522532451767,4664.5402804576825,4662.934968409811
2026-01-20 15:05:00+00:00,2026-01-20 16:05:00+00:00,LONG,89952.1,90525.3,0.006372280358101667,0.004972280358101667,4662.934968409811,4686.12038836434
2026-01-20 22:30:00+00:00,2026-01-20 23:30:00+00:00,LONG,88218.3,88392.5,0.0019746469836756653,0.0005746469836756653,4686.12038836434,4688.8132533106545
2026-01-21 03:40:00+00:00,2026-01-21 04:40:00+00:00,SHORT,89548.5,89568.6,-0.00022440900047571155,-0.0016244090004757115,4688.8132533106545,4681.196702860427
2026-01-21 05:35:00+00:00,2026-01-21 06:35:00+00:00,SHORT,89836.1,89658.9,0.0019763793666887075,0.0005763793666887075,4681.196702860427,4683.894848051366
2026-01-21 07:50:00+00:00,2026-01-21 08:50:00+00:00,LONG,89114.0,89169.6,0.000623919922795535,-0.000776080077204465,4683.894848051366,4680.259770576074
2026-01-21 11:55:00+00:00,2026-01-21 12:55:00+00:00,LONG,88792.2,88734.1,-0.0006543367548049739,-0.002054336754804974,4680.259770576074,4670.644940907344
2026-01-21 14:30:00+00:00,2026-01-21 15:30:00+00:00,SHORT,89937.6,90170.8,-0.0025862030723914353,-0.0039862030723914355,4670.644940907344,4652.02680169385
2026-01-21 16:55:00+00:00,2026-01-21 17:55:00+00:00,LONG,87595.4,87931.8,0.003840384312418399,0.0024403843124183987,4652.02680169385,4663.379534921653
2026-01-21 19:25:00+00:00,2026-01-21 20:25:00+00:00,SHORT,89646.2,89746.1,-0.0011131402924473566,-0.0025131402924473568,4663.379534921653,4651.659807913467
2026-01-22 13:40:00+00:00,2026-01-22 14:40:00+00:00,LONG,89612.1,89489.0,-0.0013736984179592016,-0.0027736984179592018,4651.659807913467,4638.757506463374
2026-01-22 14:45:00+00:00,2026-01-22 15:45:00+00:00,LONG,89099.9,89191.3,0.0010258148437878312,-0.0003741851562121688,4638.757506463374,4637.021752261187
2026-01-23 01:55:00+00:00,2026-01-23 02:55:00+00:00,SHORT,89942.9,89665.1,0.0030981953959789976,0.0016981953959789976,4637.021752261187,4644.896321251931
2026-01-23 04:10:00+00:00,2026-01-23 05:10:00+00:00,SHORT,90074.5,89890.0,0.002052508621648741,0.0006525086216487409,4644.896321251931,4647.927156148212
2026-01-23 05:20:00+00:00,2026-01-23 06:20:00+00:00,LONG,89648.6,89596.9,-0.0005766961224158429,-0.001976696122415843,4647.927156148212,4638.739616561383
2026-01-23 08:30:00+00:00,2026-01-23 09:30:00+00:00,LONG,89215.9,89040.0,-0.0019716216504007678,-0.003371621650400768,4638.739616561383,4623.099541639613
2026-01-23 14:20:00+00:00,2026-01-23 15:20:00+00:00,SHORT,89610.7,89054.2,0.006249003415897292,0.004849003415897292,4623.099541639613,4645.516967109056
2026-01-23 17:25:00+00:00,2026-01-23 18:25:00+00:00,SHORT,90976.2,90873.9,0.0011257357723175598,-0.00027426422768244015,4645.516967109056,4644.242867985887
2026-01-24 03:00:00+00:00,2026-01-24 04:00:00+00:00,SHORT,89825.0,89784.1,0.00045553722763824744,-0.0009444627723617525,4644.242867985887,4639.856553491268
2026-01-24 07:15:00+00:00,2026-01-24 08:15:00+00:00,LONG,89585.1,89609.7,0.00027459923581041323,-0.0011254007641895868,4639.856553491268,4634.634855380239
2026-01-24 13:55:00+00:00,2026-01-24 14:55:00+00:00,LONG,89370.4,89457.3,0.0009723577381326454,-0.0004276422618673546,4634.634855380239,4632.652889647755
2026-01-24 15:35:00+00:00,2026-01-24 16:35:00+00:00,LONG,89362.1,89200.1,-0.0018128490713624767,-0.003212849071362477,4632.652889647755,4617.7688751133055
2026-01-24 22:10:00+00:00,2026-01-24 23:10:00+00:00,SHORT,89481.6,89359.1,0.0013708732518569189,-2.9126748143081102e-05,4617.7688751133055,4617.634374522298
2026-01-25 03:30:00+00:00,2026-01-25 04:30:00+00:00,LONG,88880.0,89041.3,0.0018148064806480235,0.00041480648064802354,4617.634374522298,4619.549799186112
2026-01-25 06:10:00+00:00,2026-01-25 07:10:00+00:00,LONG,88703.4,88723.0,0.00022096109055569357,-0.0011790389094443064,4619.549799186112,4614.103170228756
2026-01-25 08:35:00+00:00,2026-01-25 09:35:00+00:00,LONG,88435.9,88464.4,0.000322267314518232,-0.001077732685481768,4614.103170228756,4609.130400428016
2026-01-25 15:50:00+00:00,2026-01-25 16:50:00+00:00,LONG,88412.9,88019.9,-0.00444505270158535,-0.0058450527015853505,4609.130400428016,4582.1897903290355
2026-01-25 18:25:00+00:00,2026-01-25 19:25:00+00:00,LONG,87537.9,86473.9,-0.01215473526324029,-0.01355473526324029,4582.1897903290355,4520.079420795203
2026-01-25 19:25:00+00:00,2026-01-25 20:25:00+00:00,LONG,86473.9,86496.9,0.0002659762078500716,-0.0011340237921499284,4520.079420795203,4514.953543189614
2026-01-26 01:20:00+00:00,2026-01-26 02:20:00+00:00,SHORT,87615.3,87808.0,-0.0021945608600583144,-0.0035945608600583146,4514.953543189614,4498.724267898283
2026-01-26 15:10:00+00:00,2026-01-26 16:10:00+00:00,SHORT,88712.5,87408.1,0.014923102092369023,0.013523102092369023,4498.724267898283,4559.560975458489
2026-01-26 23:30:00+00:00,2026-01-27 00:30:00+00:00,SHORT,88550.1,88379.9,0.0019257772412053509,0.0005257772412053509,4559.560975458489,4561.958288849273
2026-01-27 20:15:00+00:00,2026-01-27 21:15:00+00:00,SHORT,88877.6,89300.9,-0.004740153794642432,-0.006140153794642432,4561.958288849273,4533.947163350995
2026-01-28 11:45:00+00:00,2026-01-28 12:45:00+00:00,SHORT,89820.6,89934.3,-0.001264256240388839,-0.0026642562403888393,4533.947163350995,4521.8675663274435
2026-01-28 15:10:00+00:00,2026-01-28 16:10:00+00:00,LONG,89100.7,89267.5,0.0018720391646755985,0.0004720391646755985,4521.8675663274435,4524.002064916226
2026-01-28 17:50:00+00:00,2026-01-28 18:50:00+00:00,SHORT,90480.2,89481.1,0.011165486342926023,0.009765486342926023,4524.002064916226,4568.181145296534
2026-01-29 01:50:00+00:00,2026-01-29 02:50:00+00:00,LONG,88551.8,87782.8,-0.008684182591432332,-0.010084182591432332,4568.181145296534,4522.114772516626
2026-01-29 02:50:00+00:00,2026-01-29 03:50:00+00:00,LONG,87782.8,88040.0,0.0029299589441211804,0.0015299589441211804,4522.114772516626,4529.03342245918
2026-01-29 14:55:00+00:00,2026-01-29 15:55:00+00:00,LONG,87008.5,84950.5,-0.02365286150203716,-0.025052861502037158,4529.03342245918,4415.568175388213
2026-01-29 16:10:00+00:00,2026-01-29 17:10:00+00:00,LONG,84779.9,85242.9,0.005461200119367904,0.004061200119367904,4415.568175388213,4433.500681389176
2026-01-29 18:30:00+00:00,2026-01-29 19:30:00+00:00,LONG,83870.0,84092.3,0.0026505305830453185,0.0012505305830453185,4433.500681389176,4439.0449095812055
2026-01-30 01:15:00+00:00,2026-01-30 02:15:00+00:00,LONG,84003.1,81797.2,-0.026259745176070992,-0.02765974517607099,4439.0449095812055,4316.262058557055
2026-01-30 14:35:00+00:00,2026-01-30 15:35:00+00:00,SHORT,83462.6,83166.0,0.0035663612533969324,0.0021663612533969322,4316.262058557055,4325.61264144022
2026-01-31 06:25:00+00:00,2026-01-31 07:25:00+00:00,LONG,83668.0,83709.0,0.0004900320313621087,-0.0009099679686378913,4325.61264144022,4321.676472491774
2026-01-31 07:35:00+00:00,2026-01-31 08:35:00+00:00,LONG,83470.1,82926.0,-0.006518501834788859,-0.00791850183478886,4321.676472491774,4287.455269414984
2026-01-31 08:35:00+00:00,2026-01-31 09:35:00+00:00,LONG,82926.0,83209.2,0.0034150929744591885,0.0020150929744591883,4287.455269414984,4296.09489040669
2026-01-31 13:30:00+00:00,2026-01-31 14:30:00+00:00,LONG,82540.2,81466.0,-0.013014264564418232,-0.014414264564418232,4296.09489040669,4234.169842062523
2026-01-31 14:30:00+00:00,2026-01-31 15:30:00+00:00,LONG,81466.0,81345.9,-0.0014742346500381531,-0.0028742346500381533,4234.169842062523,4221.99984438832
2026-01-31 16:05:00+00:00,2026-01-31 17:05:00+00:00,LONG,80750.5,79510.1,-0.015360895598169555,-0.016760895598169553,4221.99984438832,4151.235345781039
2026-01-31 17:05:00+00:00,2026-01-31 18:05:00+00:00,LONG,79510.1,78840.7,-0.008419056195376529,-0.009819056195376529,4151.235345781039,4110.474132640581
2026-01-31 18:35:00+00:00,2026-01-31 19:35:00+00:00,LONG,77555.1,77321.2,-0.003015920294087815,-0.004415920294087815,4110.474132640581,4092.3226064999308
2026-01-31 23:20:00+00:00,2026-02-01 00:20:00+00:00,SHORT,79201.0,78995.0,0.0026077599848091104,0.0012077599848091104,4092.3226064999308,4097.265149988991
2026-02-01 07:00:00+00:00,2026-02-01 08:00:00+00:00,LONG,78156.2,78491.8,0.004293965162073032,0.002893965162073032,4097.265149988991,4109.1224925928345
2026-02-01 14:25:00+00:00,2026-02-01 15:25:00+00:00,LONG,77854.0,76989.6,-0.011102833508875531,-0.012502833508875532,4109.1224925928345,4057.746818200371
2026-02-01 15:25:00+00:00,2026-02-01 16:25:00+00:00,LONG,76989.6,77540.0,0.007149017529640256,0.005749017529640256,4057.746818200371,4081.0748757890465
2026-02-01 20:25:00+00:00,2026-02-01 21:25:00+00:00,LONG,76692.0,76997.9,0.003988682000730215,0.0025886820007302146,4081.0748757890465,4091.6394808636337
2026-02-02 03:10:00+00:00,2026-02-02 04:10:00+00:00,LONG,75904.0,75530.0,-0.004927276559865135,-0.006327276559865135,4091.6394808636337,4065.7505462849467
2026-02-03 02:50:00+00:00,2026-02-03 03:50:00+00:00,LONG,77965.5,78584.8,0.00794325695339615,0.006543256953396149,4065.7505462849467,4092.3537968176997
2026-02-03 14:55:00+00:00,2026-02-03 15:55:00+00:00,LONG,77206.1,78134.1,0.012019775639489527,0.010619775639489527,4092.3537968176997,4135.813675977317
2026-02-03 17:10:00+00:00,2026-02-03 18:10:00+00:00,LONG,75703.1,74680.1,-0.013513317156100602,-0.014913317156100602,4135.813675977317,4074.1349749289293
2026-02-03 18:15:00+00:00,2026-02-03 19:15:00+00:00,LONG,74747.4,75009.9,0.003511827836152115,0.0021118278361521147,4074.1349749289293,4082.7388465772246
2026-02-03 20:35:00+00:00,2026-02-03 21:35:00+00:00,SHORT,76438.0,76228.6,0.0027470004696399375,0.0013470004696399375,4082.7388465772246,4088.2382977209813
2026-02-04 11:15:00+00:00,2026-02-04 12:15:00+00:00,LONG,75747.5,76249.1,0.006622000726096644,0.005222000726096644,4088.2382977209813,4109.587081080136
2026-02-04 13:40:00+00:00,2026-02-04 14:40:00+00:00,LONG,75357.2,75210.3,-0.0019493824080512034,-0.0033493824080512036,4109.587081080136,4095.8225024064122
2026-02-04 21:45:00+00:00,2026-02-04 22:45:00+00:00,LONG,72237.0,72932.5,0.009628029956947337,0.008228029956947337,4095.8225024064122,4129.523052654551
2026-02-05 11:20:00+00:00,2026-02-05 12:20:00+00:00,LONG,70056.0,69191.0,-0.012347265045106748,-0.013747265045106748,4129.523052654551,4072.753404739831
2026-02-05 12:20:00+00:00,2026-02-05 13:20:00+00:00,LONG,69191.0,69481.3,0.004195632379933922,0.002795632379933922,4072.753404739831,4084.139326033607
2026-02-05 15:10:00+00:00,2026-02-05 16:10:00+00:00,LONG,68007.1,67054.9,-0.014001479257312988,-0.015401479257312988,4084.139326033607,4021.2375389197246
2026-02-05 20:15:00+00:00,2026-02-05 21:15:00+00:00,LONG,64261.9,62966.6,-0.020156578003451497,-0.021556578003451496,4021.2375389197246,3934.5534182415945
2026-02-06 00:05:00+00:00,2026-02-06 01:05:00+00:00,LONG,61429.0,64493.0,0.04987872177635966,0.04847872177635966,3934.5534182415945,4125.295538718753
2026-02-06 05:50:00+00:00,2026-02-06 06:50:00+00:00,SHORT,66817.0,65184.8,0.02503957977933502,0.02363957977933502,4125.295538718753,4222.8157917196295
2026-02-06 11:50:00+00:00,2026-02-06 12:50:00+00:00,SHORT,66523.4,66365.0,0.002386800271227285,0.0009868002712272851,4222.8157917196295,4226.982867488241
2026-02-06 13:15:00+00:00,2026-02-06 14:15:00+00:00,SHORT,67241.3,66907.4,0.004990479378962798,0.0035904793789627975,4226.982867488241,4242.159762309187
2026-02-06 17:25:00+00:00,2026-02-06 18:25:00+00:00,SHORT,70918.2,69556.6,0.01957542490576003,0.018175424905760032,4242.159762309187,4319.262818507274
2026-02-06 22:35:00+00:00,2026-02-06 23:35:00+00:00,SHORT,71246.4,70821.1,0.006005272439993048,0.004605272439993048,4319.262818507274,4339.154200526432
2026-02-07 04:10:00+00:00,2026-02-07 05:10:00+00:00,SHORT,71219.6,70911.6,0.004343436052775651,0.002943436052775651,4339.154200526432,4351.926223438814
2026-02-07 06:50:00+00:00,2026-02-07 07:50:00+00:00,LONG,69377.7,68216.5,-0.016737366617803673,-0.01813736661780367,4351.926223438814,4272.993742030671
2026-02-07 12:15:00+00:00,2026-02-07 13:15:00+00:00,SHORT,69868.9,69139.8,0.010545300969918792,0.009145300969918791,4272.993742030671,4312.071555844121
2026-02-07 23:05:00+00:00,2026-02-08 00:05:00+00:00,LONG,68941.9,69339.8,0.005771526459236176,0.004371526459236176,4312.071555844121,4330.921890744613
2026-02-08 08:20:00+00:00,2026-02-08 09:20:00+00:00,SHORT,70069.9,70437.0,-0.005211749506651375,-0.0066117495066513755,4330.921890744613,4302.286920070137
2026-02-08 11:45:00+00:00,2026-02-08 12:45:00+00:00,SHORT,70978.1,71057.0,-0.001110376176872041,-0.0025103761768720412,4302.286920070137,4291.486561479925
2026-02-08 16:45:00+00:00,2026-02-08 17:45:00+00:00,LONG,70408.1,70776.0,0.005225251071964587,0.003825251071964587,4291.486561479925,4307.902575049547
2026-02-08 23:05:00+00:00,2026-02-09 00:05:00+00:00,SHORT,71926.8,70539.3,0.019669886148572457,0.01826988614857246,4307.902575049547,4386.607464634843
2026-02-09 08:30:00+00:00,2026-02-09 09:30:00+00:00,LONG,69619.7,69849.9,0.0033065353628354277,0.0019065353628354277,4386.607464634843,4394.970686889047
2026-02-09 10:15:00+00:00,2026-02-09 11:15:00+00:00,LONG,69231.1,68704.3,-0.007609296977803326,-0.009009296977803326,4394.970686889047,4355.375090762123
2026-02-09 17:40:00+00:00,2026-02-09 18:40:00+00:00,SHORT,70849.1,70438.0,0.005836338340100555,0.004436338340100555,4355.375090762123,4374.69700826279
2026-02-10 03:15:00+00:00,2026-02-10 04:15:00+00:00,LONG,69571.8,69690.6,0.00170758841944596,0.0003075884194459601,4374.69700826279,4376.042614401116
2026-02-10 06:40:00+00:00,2026-02-10 07:40:00+00:00,LONG,69033.1,68962.1,-0.0010284921291380256,-0.0024284921291380258,4376.042614401116,4365.415429355271
2026-02-10 14:15:00+00:00,2026-02-10 15:15:00+00:00,SHORT,69500.0,68892.2,0.008822479177613696,0.0074224791776136955,4365.415429355271,4397.817634481294
2026-02-11 03:15:00+00:00,2026-02-11 04:15:00+00:00,LONG,68103.5,68149.8,0.0006798475849258967,-0.0007201524150741033,4397.817634481294,4394.650535490767
2026-02-11 04:20:00+00:00,2026-02-11 05:20:00+00:00,LONG,67836.3,67679.0,-0.0023188175062613947,-0.003718817506261395,4394.650535490767,4378.307632145483
2026-02-11 06:10:00+00:00,2026-02-11 07:10:00+00:00,LONG,66917.3,66759.2,-0.002362617738611794,-0.0037626177386117943,4378.307632145483,4361.833734183673
2026-02-11 14:10:00+00:00,2026-02-11 15:10:00+00:00,SHORT,68450.1,66117.1,0.03528587914472947,0.03388587914472947,4361.833734183673,4509.638304949625
2026-02-11 21:25:00+00:00,2026-02-11 22:25:00+00:00,SHORT,68194.5,67566.1,0.009300522007337886,0.007900522007337886,4509.638304949625,4545.266801623014
2026-02-11 23:20:00+00:00,2026-02-12 00:20:00+00:00,LONG,66943.3,67400.0,0.006822191317129578,0.005422191317129578,4545.266801623014,4569.912107808811
2026-02-12 05:10:00+00:00,2026-02-12 06:10:00+00:00,LONG,66809.9,67112.5,0.004529268865841818,0.0031292688658418177,4569.912107808811,4584.2125914874105
2026-02-12 10:55:00+00:00,2026-02-12 11:55:00+00:00,SHORT,68011.3,68078.5,-0.000987095779137248,-0.0023870957791372483,4584.2125914874105,4573.269636959603
2026-02-12 16:20:00+00:00,2026-02-12 17:20:00+00:00,LONG,66285.3,66085.7,-0.003011225716712529,-0.004411225716712529,4573.269636959603,4553.095912327587
2026-02-13 15:05:00+00:00,2026-02-13 16:05:00+00:00,SHORT,68266.3,69043.2,-0.01125237532443446,-0.01265237532443446,4553.095912327587,4495.488433956671
2026-02-14 07:40:00+00:00,2026-02-14 08:40:00+00:00,SHORT,69175.0,69667.0,-0.0070621671666643016,-0.008462167166664302,4495.488433956671,4457.446859332724
2026-02-14 11:10:00+00:00,2026-02-14 12:10:00+00:00,SHORT,70088.8,70488.0,-0.005663375326296682,-0.007063375326296683,4457.446859332724,4425.962239168234
2026-02-14 21:00:00+00:00,2026-02-14 22:00:00+00:00,SHORT,70178.8,69944.4,0.0033512332652794186,0.0019512332652794186,4425.962239168234,4434.59832392017
2026-02-15 04:05:00+00:00,2026-02-15 05:05:00+00:00,SHORT,70267.4,70245.8,0.0003074916934533434,-0.0010925083065466566,4434.59832392017,4429.753488415089
2026-02-15 07:15:00+00:00,2026-02-15 08:15:00+00:00,SHORT,70785.0,70820.1,-0.0004956220056171468,-0.0018956220056171467,4429.753488415089,4421.35635022299
2026-02-15 12:50:00+00:00,2026-02-15 13:50:00+00:00,LONG,69606.4,68839.2,-0.011021974990805372,-0.012421974990805372,4421.35635022299,4366.434372215082
2026-02-15 13:50:00+00:00,2026-02-15 14:50:00+00:00,LONG,68839.2,69114.8,0.004003532870806348,0.0026035328708063476,4366.434372215082,4377.802527631362
2026-02-15 17:45:00+00:00,2026-02-15 18:45:00+00:00,LONG,68294.5,68424.2,0.0018991280410574074,0.0004991280410574074,4377.802527631362,4379.987611631114
2026-02-16 09:00:00+00:00,2026-02-16 10:00:00+00:00,SHORT,68959.5,68922.0,0.0005440933228868516,-0.0008559066771131483,4379.987611631114,4376.238750988647
2026-02-16 12:25:00+00:00,2026-02-16 13:25:00+00:00,SHORT,69508.7,68622.5,0.012914131662355555,0.011514131662355554,4376.238750988647,4426.627340153432
2026-02-16 15:30:00+00:00,2026-02-16 16:30:00+00:00,LONG,67439.9,67671.9,0.0034401000001482718,0.0020401000001482716,4426.627340153432,4435.658102590734
2026-02-16 20:55:00+00:00,2026-02-16 21:55:00+00:00,SHORT,68531.0,68864.8,-0.004847178819948672,-0.006247178819948672,4435.658102590734,4407.947753239696
2026-02-16 21:55:00+00:00,2026-02-16 22:55:00+00:00,SHORT,68864.8,68592.0,0.003977140191276041,0.0025771401912760405,4407.947753239696,4419.307652555614
2026-02-17 05:20:00+00:00,2026-02-17 06:20:00+00:00,LONG,68024.8,68360.1,0.0049290846867613425,0.0035290846867613423,4419.307652555614,4434.903763518335
2026-02-17 14:40:00+00:00,2026-02-17 15:40:00+00:00,LONG,67105.1,67008.9,-0.0014335721129989931,-0.0028335721129989933,4434.903763518335,4422.337143890195
2026-02-18 01:00:00+00:00,2026-02-18 02:00:00+00:00,LONG,67151.1,67239.8,0.0013209016680291175,-7.909833197088253e-05,4422.337143890195,4421.987344398701
2026-02-18 04:50:00+00:00,2026-02-18 05:50:00+00:00,SHORT,67851.7,67656.9,0.0028792333080587262,0.0014792333080587263,4421.987344398701,4428.5284953663495
2026-02-18 07:45:00+00:00,2026-02-18 08:45:00+00:00,SHORT,68177.0,68166.1,0.00015990352976036348,-0.0012400964702396365,4428.5284953663495,4423.036692810891
2026-02-18 10:40:00+00:00,2026-02-18 11:40:00+00:00,LONG,67779.9,67555.3,-0.003313666736008636,-0.004713666736008636,4423.036692810891,4402.187971879843
2026-02-18 14:45:00+00:00,2026-02-18 15:45:00+00:00,LONG,66777.8,67831.9,0.015785186094779968,0.014385186094779968,4402.187971879843,4465.514265079536
2026-02-18 18:40:00+00:00,2026-02-18 19:40:00+00:00,LONG,66347.2,66166.0,-0.002731087370680285,-0.004131087370680285,4465.514265079536,4447.066835495473
2026-02-19 06:15:00+00:00,2026-02-19 07:15:00+00:00,SHORT,67128.4,67179.9,-0.0007665983426590195,-0.0021665983426590197,4447.066835495473,4437.431827859995
2026-02-19 11:50:00+00:00,2026-02-19 12:50:00+00:00,LONG,66515.3,66536.6,0.000320227075575108,-0.001079772924424892,4437.431827859995,4432.64040911829
2026-02-19 13:05:00+00:00,2026-02-19 14:05:00+00:00,LONG,66354.5,65967.3,-0.005835323904181289,-0.007235323904181289,4432.64040911829,4400.568820007557
2026-02-20 00:25:00+00:00,2026-02-20 01:25:00+00:00,SHORT,67393.0,67215.6,0.002639268265105077,0.001239268265105077,4400.568820007557,4406.022305294603
2026-02-20 05:30:00+00:00,2026-02-20 06:30:00+00:00,SHORT,67898.5,67830.0,0.001009877635264722,-0.0003901223647352779,4406.022305294603,4404.303417453785
2026-02-20 09:00:00+00:00,2026-02-20 10:00:00+00:00,SHORT,68179.9,68187.7,-0.00011439013194469716,-0.0015143901319446971,4404.303417453785,4397.633583820303
2026-02-20 11:40:00+00:00,2026-02-20 12:40:00+00:00,LONG,67461.8,67485.3,0.00034834528577665225,-0.0010516547142233477,4397.633583820303,4393.008791730452
2026-02-20 13:35:00+00:00,2026-02-20 14:35:00+00:00,LONG,66549.0,67121.0,0.00859517047588998,0.007195170475889979,4393.008791730452,4424.617238889035
2026-02-21 03:05:00+00:00,2026-02-21 04:05:00+00:00,LONG,67702.9,67687.2,-0.0002318955318013627,-0.0016318955318013627,4424.617238889035,4417.396725786962
2026-02-21 08:55:00+00:00,2026-02-21 09:55:00+00:00,SHORT,68053.0,68141.4,-0.0012973023741806866,-0.002697302374180687,4417.396725786962,4405.481671110799
2026-02-21 14:20:00+00:00,2026-02-21 15:20:00+00:00,SHORT,68502.9,68530.1,-0.0003969058851513996,-0.0017969058851513996,4405.481671110799,4397.565435169054
2026-02-21 20:55:00+00:00,2026-02-21 21:55:00+00:00,LONG,68222.1,68392.9,0.0025035875471437485,0.0011035875471437486,4397.565435169054,4402.418533621056
2026-02-21 22:55:00+00:00,2026-02-21 23:55:00+00:00,LONG,67975.1,67977.1,2.9422538547096977e-05,-0.001370577461452903,4402.418533621056,4396.384678002993
2026-02-22 11:05:00+00:00,2026-02-22 12:05:00+00:00,SHORT,68209.2,68030.1,0.002632658191006554,0.0012326581910065539,4396.384678002993,4401.803917587148
2026-02-22 12:35:00+00:00,2026-02-22 13:35:00+00:00,LONG,67917.9,67648.9,-0.003960664272599668,-0.005360664272599668,4401.803917587148,4378.20732459115
2026-02-22 13:35:00+00:00,2026-02-22 14:35:00+00:00,LONG,67648.9,67598.2,-0.0007494578625816262,-0.0021494578625816264,4378.20732459115,4368.796552433295
2026-02-22 17:30:00+00:00,2026-02-22 18:30:00+00:00,LONG,67302.5,67352.3,0.0007399427955872007,-0.0006600572044127993,4368.796552433295,4365.912896794248
2026-02-23 00:35:00+00:00,2026-02-23 01:35:00+00:00,LONG,67202.0,65371.1,-0.027244724859379232,-0.02864472485937923,4365.912896794248,4240.852523105562
2026-02-23 01:45:00+00:00,2026-02-23 02:45:00+00:00,LONG,64663.7,64786.1,0.0018928703430209914,0.0004928703430209915,4240.852523105562,4242.942713543326
2026-02-23 06:35:00+00:00,2026-02-23 07:35:00+00:00,SHORT,65620.0,65947.6,-0.004967580321346143,-0.0063675803213461436,4242.942713543326,4215.925435015969
2026-02-23 09:30:00+00:00,2026-02-23 10:30:00+00:00,SHORT,66148.0,66292.4,-0.0021782285752212083,-0.0035782285752212085,4215.925435015969,4200.839890153393
2026-02-23 17:15:00+00:00,2026-02-23 18:15:00+00:00,LONG,64781.9,64646.5,-0.002090089978836751,-0.0034900899788367513,4200.839890153393,4186.178580950071
2026-02-23 19:35:00+00:00,2026-02-23 20:35:00+00:00,LONG,64135.0,64229.9,0.0014796912762142789,7.969127621427889e-05,4186.178580950071,4186.5121828636475
2026-02-24 01:10:00+00:00,2026-02-24 02:10:00+00:00,LONG,64329.4,64245.1,-0.001310442814638435,-0.0027104428146384352,4186.5121828636475,4175.164880999208
2026-02-24 04:05:00+00:00,2026-02-24 05:05:00+00:00,LONG,63312.0,63500.0,0.0029694212787465535,0.0015694212787465535,4175.164880999208,4181.717473605724
2026-02-24 05:20:00+00:00,2026-02-24 06:20:00+00:00,LONG,62723.0,63261.9,0.008591744655070732,0.007191744655070732,4181.717473605724,4211.791317895543
2026-02-24 13:30:00+00:00,2026-02-24 14:30:00+00:00,LONG,62701.4,62823.0,0.001939350636508852,0.000539350636508852,4211.791317895543,4214.0629502236925
2026-02-24 16:00:00+00:00,2026-02-24 17:00:00+00:00,SHORT,64306.4,64260.0,0.0007220666044196467,-0.0006779333955803533,4214.0629502236925,4211.206096218658
2026-02-25 01:10:00+00:00,2026-02-25 02:10:00+00:00,SHORT,65602.9,66231.0,-0.00948347450589615,-0.01088347450589615,4211.206096218658,4165.373542031388
2026-02-25 05:30:00+00:00,2026-02-25 06:30:00+00:00,LONG,65031.0,65070.0,0.0005997139825622,-0.0008002860174378,4165.373542031388,4162.040051828295
2026-02-25 08:50:00+00:00,2026-02-25 09:50:00+00:00,SHORT,65581.1,65555.8,0.00038593076432591467,-0.0010140692356740853,4162.040051828295,4157.819455054093
2026-02-25 12:15:00+00:00,2026-02-25 13:15:00+00:00,SHORT,65713.0,66092.0,-0.005734430793439493,-0.0071344307934394936,4157.819455054093,4128.155779900393
2026-02-25 13:45:00+00:00,2026-02-25 14:45:00+00:00,SHORT,66641.0,66784.8,-0.0021531845569651153,-0.0035531845569651156,4128.155779900393,4113.487680534505
2026-02-25 15:00:00+00:00,2026-02-25 16:00:00+00:00,SHORT,67101.5,67439.0,-0.005004522605614015,-0.006404522605614015,4113.487680534505,4087.142755696607
2026-02-25 16:20:00+00:00,2026-02-25 17:20:00+00:00,SHORT,68000.8,68660.3,-0.009605259516780484,-0.011005259516780485,4087.142755696607,4042.1626889880367
2026-02-25 18:25:00+00:00,2026-02-25 19:25:00+00:00,SHORT,69343.7,68970.0,0.005418297810642292,0.004018297810642292,4042.1626889880367,4058.405302471457
2026-02-25 23:40:00+00:00,2026-02-26 00:40:00+00:00,LONG,67692.9,68206.2,0.007582774559813599,0.0061827745598135985,4058.405302471457,4083.49750752899
2026-02-26 07:50:00+00:00,2026-02-26 08:50:00+00:00,LONG,67878.3,68028.7,0.00221573021127508,0.0008157302112750799,4083.49750752899,4086.8285398135476
2026-02-26 14:45:00+00:00,2026-02-26 15:45:00+00:00,LONG,67363.4,67423.1,0.0008862379274205967,-0.0005137620725794033,4086.8285398135476,4084.7288823126564
2026-02-26 19:00:00+00:00,2026-02-26 20:00:00+00:00,SHORT,67760.0,67794.5,-0.0005088908392273384,-0.0019088908392273383,4084.7288823126564,4076.9315807684825
2026-02-27 01:05:00+00:00,2026-02-27 02:05:00+00:00,LONG,66929.4,67420.1,0.007331606140201563,0.005931606140201563,4076.9315807684825,4101.114333166151
2026-02-27 04:00:00+00:00,2026-02-27 05:00:00+00:00,SHORT,67808.1,67808.8,-1.0323143898705034e-05,-0.001410323143898705,4101.114333166151,4095.330436706312
2026-02-27 10:10:00+00:00,2026-02-27 11:10:00+00:00,LONG,66872.4,66701.2,-0.002560099532841642,-0.003960099532841642,4095.330436706312,4079.1125205570793
2026-02-27 11:15:00+00:00,2026-02-27 12:15:00+00:00,LONG,66399.1,65941.0,-0.006899189898658342,-0.008299189898658342,4079.1125205570793,4045.2591911309814
2026-02-27 12:45:00+00:00,2026-02-27 13:45:00+00:00,LONG,65763.8,66153.4,0.005924231872245667,0.004524231872245666,4045.2591911309814,4063.5608816949907
2026-02-27 16:45:00+00:00,2026-02-27 17:45:00+00:00,LONG,65490.1,65431.5,-0.000894791731880118,-0.002294791731880118,4063.5608816949907,4054.2358557816856
2026-02-27 22:30:00+00:00,2026-02-27 23:30:00+00:00,LONG,64995.0,65914.1,0.014141087775982886,0.012741087775982885,4054.2358557816856,4105.891230684737
2026-02-28 04:30:00+00:00,2026-02-28 05:30:00+00:00,LONG,65596.2,65577.9,-0.0002789795750364199,-0.0016789795750364199,4105.891230684737,4098.997523171096
2026-02-28 06:15:00+00:00,2026-02-28 07:15:00+00:00,LONG,64948.7,63788.0,-0.017871027441657805,-0.019271027441657804,4098.997523171096,4020.0056294187784
2026-02-28 07:20:00+00:00,2026-02-28 08:20:00+00:00,LONG,63427.9,63579.0,0.0023822324245323934,0.0009822324245323934,4020.0056294187784,4023.954209294796
2026-02-28 13:45:00+00:00,2026-02-28 14:45:00+00:00,SHORT,64528.4,64747.2,-0.0033792967109002037,-0.004779296710900204,4023.954209294796,4004.7225381775006
2026-02-28 18:55:00+00:00,2026-02-28 19:55:00+00:00,SHORT,65906.5,66358.7,-0.00681447948799474,-0.00821447948799474,4004.7225381775006,3971.8258270325314
2026-02-28 20:20:00+00:00,2026-02-28 21:20:00+00:00,SHORT,66940.8,66546.8,0.0059206453202858,0.0045206453202858,3971.8258270325314,3989.781042870496
2026-02-28 22:35:00+00:00,2026-02-28 23:35:00+00:00,SHORT,67536.5,66774.5,0.011411541831088279,0.010011541831088279,3989.781042870496,4029.724902678077
2026-03-01 02:00:00+00:00,2026-03-01 03:00:00+00:00,SHORT,68013.0,67687.9,0.004802926372365013,0.0034029263723650126,4029.724902678077,4043.4377598227757
2026-03-01 08:50:00+00:00,2026-03-01 09:50:00+00:00,LONG,66519.8,66374.0,-0.002191828598402279,-0.003591828598402279,4043.4377598227757,4028.9144244411846
2026-03-01 13:50:00+00:00,2026-03-01 14:50:00+00:00,SHORT,67145.0,66855.6,0.004328732372456345,0.002928732372456345,4028.9144244411846,4040.7140365419014
2026-03-01 16:45:00+00:00,2026-03-01 17:45:00+00:00,LONG,66097.4,66046.7,-0.0007670498385715652,-0.0021670498385715654,4040.7140365419014,4031.9576078412997
2026-03-01 19:40:00+00:00,2026-03-01 20:40:00+00:00,LONG,65819.9,65256.7,-0.008556682705382346,-0.009956682705382346,4031.9576078412997,3991.8126852584714
2026-03-01 20:40:00+00:00,2026-03-01 21:40:00+00:00,LONG,65256.7,65673.8,0.006391680854226589,0.004991680854226589,3991.8126852584714,4011.738540213135
2026-03-02 00:40:00+00:00,2026-03-02 01:40:00+00:00,SHORT,66643.9,66590.1,0.0008079279051989019,-0.0005920720948010981,4011.738540213135,4009.3633017718366
2026-03-02 07:05:00+00:00,2026-03-02 08:05:00+00:00,LONG,65673.3,65902.9,0.003496093541819789,0.002096093541819789,4009.3633017718366,4017.7673022954896
2026-03-02 13:40:00+00:00,2026-03-02 14:40:00+00:00,LONG,65603.7,66615.1,0.015416813380952687,0.014016813380952687,4017.7673022954896,4074.083596779859
2026-03-02 14:40:00+00:00,2026-03-02 15:40:00+00:00,SHORT,66615.1,69513.6,-0.04169687658242416,-0.04309687658242416,4074.083596779859,3898.5033188229586
2026-03-02 16:45:00+00:00,2026-03-02 17:45:00+00:00,SHORT,69820.4,68948.7,0.01264273293042506,0.01124273293042506,3898.5033188229586,3942.3331504648604
2026-03-03 02:20:00+00:00,2026-03-03 03:20:00+00:00,LONG,68382.0,68329.0,-0.0007750577637389844,-0.0021750577637389846,3942.3331504648604,3933.7583481386964
2026-03-03 08:55:00+00:00,2026-03-03 09:55:00+00:00,LONG,66999.5,66647.0,-0.005261233292785716,-0.006661233292785717,3933.7583481386964,3907.5546660643013
2026-03-03 12:10:00+00:00,2026-03-03 13:10:00+00:00,SHORT,67740.0,66975.1,0.011420662305841933,0.010020662305841933,3907.5546660643013,3946.7109518145485
2026-03-03 16:25:00+00:00,2026-03-03 17:25:00+00:00,SHORT,68825.1,68235.3,0.008643619944515457,0.007243619944515457,3946.7109518145485,3975.2994259803495
2026-03-04 03:30:00+00:00,2026-03-04 04:30:00+00:00,LONG,67531.5,67583.2,0.000765568660550997,-0.000634431339449003,3975.2994259803495,3972.777371440814
2026-03-04 06:35:00+00:00,2026-03-04 07:35:00+00:00,SHORT,68555.4,68781.0,-0.003279975574650096,-0.004679975574650096,3972.777371440814,3954.1848703789487
2026-03-04 07:40:00+00:00,2026-03-04 08:40:00+00:00,SHORT,68964.0,69900.0,-0.013390557939914172,-0.014790557939914172,3954.1848703789487,3895.700269948477
2026-03-04 08:40:00+00:00,2026-03-04 09:40:00+00:00,SHORT,69900.0,71759.0,-0.025906158112571243,-0.02730615811257124,3895.700269948477,3789.3236624180777
2026-03-04 14:30:00+00:00,2026-03-04 15:30:00+00:00,SHORT,72419.1,72837.1,-0.005738833643843644,-0.007138833643843644,3789.3236624180777,3762.272311169395
2026-03-04 23:20:00+00:00,2026-03-05 00:20:00+00:00,LONG,72600.0,72932.0,0.004573002754820976,0.003173002754820976,3762.272311169395,3774.210011577122
2026-03-05 07:50:00+00:00,2026-03-05 08:50:00+00:00,LONG,71812.0,72294.1,0.006713362669191758,0.005313362669191758,3774.210011577122,3794.2637581583253
2026-03-05 10:25:00+00:00,2026-03-05 11:25:00+00:00,SHORT,73172.7,73132.0,0.000556527922113359,-0.000843472077886641,3794.2637581583253,3791.063402622182
2026-03-05 15:25:00+00:00,2026-03-05 16:25:00+00:00,LONG,71273.5,70995.1,-0.0039060800998967915,-0.005306080099896792,3791.063402622182,3770.9477165440817
2026-03-06 01:25:00+00:00,2026-03-06 02:25:00+00:00,LONG,70473.0,71330.1,0.012162104635818016,0.010762104635818016,3770.9477165440817,3811.531050445728
2026-03-06 04:40:00+00:00,2026-03-06 05:40:00+00:00,LONG,70524.7,70207.0,-0.004504804699629994,-0.005904804699629994,3811.531050445728,3789.0247039862707
2026-03-06 05:40:00+00:00,2026-03-06 06:40:00+00:00,LONG,70207.0,70668.0,0.006566296808010685,0.005166296808010685,3789.0247039862707,3808.5999302199484
2026-03-06 12:05:00+00:00,2026-03-06 13:05:00+00:00,LONG,69833.9,69979.3,0.002082083343476482,0.0006820833434764818,3808.5999302199484,3811.197712794317
2026-03-06 13:55:00+00:00,2026-03-06 14:55:00+00:00,LONG,69227.9,68402.3,-0.011925827592632277,-0.013325827592632277,3811.197712794317,3760.4103491521855
2026-03-07 03:10:00+00:00,2026-03-07 04:10:00+00:00,SHORT,68520.9,67948.1,0.008429963457403433,0.007029963457403433,3760.4103491521855,3786.8458964915667
2026-03-07 06:50:00+00:00,2026-03-07 07:50:00+00:00,LONG,67686.1,67834.0,0.002185086746023135,0.0007850867460231349,3786.8458964915667,3789.818899014134
2026-03-07 14:05:00+00:00,2026-03-07 15:05:00+00:00,LONG,67700.1,67999.5,0.004422445461675695,0.0030224454616756945,3789.818899014134,3801.2734199460315
2026-03-07 18:00:00+00:00,2026-03-07 19:00:00+00:00,LONG,67607.3,67527.0,-0.0011877415604528707,-0.002587741560452871,3801.2734199460315,3791.4367067345925
2026-03-07 19:15:00+00:00,2026-03-07 20:15:00+00:00,LONG,67372.5,67248.5,-0.0018405135626553548,-0.003240513562655355,3791.4367067345925,3779.1505046644697
2026-03-08 04:50:00+00:00,2026-03-08 05:50:00+00:00,LONG,66621.0,67227.9,0.00910974017201771,0.0077097401720177105,3779.1505046644697,3808.2867731263823
2026-03-08 09:10:00+00:00,2026-03-08 10:10:00+00:00,SHORT,67767.5,67875.7,-0.001594090374021917,-0.002994090374021917,3808.2867731263823,3796.8844183574497
2026-03-08 10:20:00+00:00,2026-03-08 11:20:00+00:00,SHORT,68096.4,67721.0,0.005543332201237261,0.004143332201237261,3796.8844183574497,3812.616171832406
2026-03-08 12:10:00+00:00,2026-03-08 13:10:00+00:00,LONG,67040.0,66967.9,-0.0010754773269691098,-0.00247547732696911,3812.616171832406,3803.178126942599
2026-03-08 22:00:00+00:00,2026-03-08 23:00:00+00:00,LONG,65770.7,66394.7,0.009487507355098845,0.008087507355098845,3803.178126942599,3833.9363580169984
2026-03-09 03:05:00+00:00,2026-03-09 04:05:00+00:00,SHORT,67112.0,67209.3,-0.0014477163130698356,-0.002847716313069836,3833.9363580169984,3823.018394907002
2026-03-09 05:40:00+00:00,2026-03-09 06:40:00+00:00,SHORT,67920.1,67360.8,0.008303048657379408,0.006903048657379408,3823.018394907002,3849.4088769051014
2026-03-09 13:10:00+00:00,2026-03-09 14:10:00+00:00,SHORT,68471.8,68838.4,-0.00532551599107467,-0.00672551599107467,3849.4088769051014,3823.5196159472916
2026-03-09 19:25:00+00:00,2026-03-09 20:25:00+00:00,SHORT,69362.0,68959.7,0.005833842084579821,0.004433842084579821,3823.5196159472916,3840.472498131695
2026-03-10 00:30:00+00:00,2026-03-10 01:30:00+00:00,SHORT,69069.9,68958.0,0.00162272687722953,0.00022272687722953003,3840.472498131695,3841.3278745782895
2026-03-10 02:30:00+00:00,2026-03-10 03:30:00+00:00,SHORT,70021.1,70085.2,-0.00091460108553576,-0.0023146010855357602,3841.3278745782895,3832.436732909892
2026-03-10 08:05:00+00:00,2026-03-10 09:05:00+00:00,SHORT,70914.0,70727.9,0.0026312105972325917,0.0012312105972325917,3832.436732909892,3837.1552696286735
2026-03-10 13:35:00+00:00,2026-03-10 14:35:00+00:00,LONG,69776.2,70175.4,0.005721148471828474,0.004321148471828474,3837.1552696286735,3853.736187258198
2026-03-10 14:55:00+00:00,2026-03-10 15:55:00+00:00,SHORT,71468.7,71344.1,0.0017464653699463817,0.0003464653699463817,3853.736187258198,3855.0713733919915
2026-03-10 18:15:00+00:00,2026-03-10 19:15:00+00:00,LONG,70229.0,70236.2,0.00010252175027414268,-0.0012974782497258573,3855.0713733919915,3850.0695021338747
2026-03-10 21:40:00+00:00,2026-03-10 22:40:00+00:00,LONG,69744.0,69614.8,-0.0018524891030052837,-0.003252489103005284,3850.0695021338747,3837.5471930323715
2026-03-11 04:50:00+00:00,2026-03-11 05:50:00+00:00,SHORT,70235.3,69567.1,0.009605115061573688,0.008205115061573688,3837.5471930323715,3869.034709305421
2026-03-11 11:55:00+00:00,2026-03-11 12:55:00+00:00,LONG,69175.9,69357.1,0.0026194093607747604,0.0012194093607747604,3869.034709305421,3873.7526464471102
2026-03-11 13:15:00+00:00,2026-03-11 14:15:00+00:00,SHORT,70076.3,70464.9,-0.005514802405168995,-0.006914802405168995,3873.7526464471102,3846.9664123304283
2026-03-12 02:15:00+00:00,2026-03-12 03:15:00+00:00,LONG,69605.7,69420.5,-0.0026607016379405213,-0.0040607016379405215,3846.9664123304283,3831.3450295187763
2026-03-12 08:00:00+00:00,2026-03-12 09:00:00+00:00,SHORT,69883.5,69892.7,-0.00013163034193841572,-0.0015316303419384157,3831.3450295187763,3825.4768252211306
2026-03-12 09:40:00+00:00,2026-03-12 10:40:00+00:00,SHORT,70261.0,70378.8,-0.00167379949643931,-0.00307379949643931,3825.4768252211306,3813.718076482126
2026-03-12 10:50:00+00:00,2026-03-12 11:50:00+00:00,SHORT,70405.9,70419.0,-0.000186029338672844,-0.001586029338672844,3813.718076482126,3807.6694077233983
2026-03-12 23:15:00+00:00,2026-03-13 00:15:00+00:00,SHORT,70589.9,71271.0,-0.009556481598406164,-0.010956481598406164,3807.6694077233983,3765.9507479248628
2026-03-13 00:15:00+00:00,2026-03-13 01:15:00+00:00,SHORT,71271.0,71574.0,-0.004233380836616618,-0.005633380836616618,3765.9507479248628,3744.735713149861
2026-03-13 08:35:00+00:00,2026-03-13 09:35:00+00:00,SHORT,72032.9,71820.4,0.002958769374717951,0.0015587693747179511,3744.735713149861,3750.5728924959312
2026-03-13 10:00:00+00:00,2026-03-13 11:00:00+00:00,SHORT,72180.8,72401.8,-0.003052410299191455,-0.004452410299191455,3750.5728924959312,3733.8738031215144
2026-03-13 12:45:00+00:00,2026-03-13 13:45:00+00:00,SHORT,72745.0,73319.1,-0.007830156125757215,-0.009230156125757215,3733.8738031215144,3699.409564964828
2026-03-13 13:45:00+00:00,2026-03-13 14:45:00+00:00,SHORT,73319.1,72758.0,0.007711866736304085,0.006311866736304085,3699.409564964828,3722.759745141894
2026-03-13 16:25:00+00:00,2026-03-13 17:25:00+00:00,LONG,71387.0,71657.3,0.0037864036869459383,0.002386403686945938,3722.759745141894,3731.6437527233143
2026-03-13 18:05:00+00:00,2026-03-13 19:05:00+00:00,LONG,71027.0,71199.8,0.00243287763808131,0.00103287763808131,3731.6437527233143,3735.4980841087877
2026-03-13 22:00:00+00:00,2026-03-13 23:00:00+00:00,LONG,70791.1,70777.0,-0.00019917758023257903,-0.001599177580232579,3735.4980841087877,3729.524359321679
2026-03-14 00:40:00+00:00,2026-03-14 01:40:00+00:00,LONG,70569.7,70818.1,0.0035199242734489378,0.0021199242734489376,3729.524359321679,3737.430668539424
2026-03-14 03:35:00+00:00,2026-03-14 04:35:00+00:00,SHORT,71150.0,71269.9,-0.0016823371437310053,-0.0030823371437310055,3737.430668539424,3725.9106471676655
2026-03-14 04:35:00+00:00,2026-03-14 05:35:00+00:00,SHORT,71269.9,70999.1,0.0038141328552050435,0.0024141328552050433,3725.9106471676655,3734.905490476551
2026-03-14 06:20:00+00:00,2026-03-14 07:20:00+00:00,LONG,70786.1,70589.8,-0.002773143314859894,-0.004173143314859894,3734.905490476551,3719.319194597336
2026-03-14 12:00:00+00:00,2026-03-14 13:00:00+00:00,SHORT,70780.1,70771.4,0.00012293101450611132,-0.0012770689854938887,3719.319194597336,3714.5693674067634
2026-03-14 13:15:00+00:00,2026-03-14 14:15:00+00:00,SHORT,70915.4,70755.2,0.0022641445434399277,0.0008641445434399277,3714.5693674067634,3717.779292256837
2026-03-14 20:40:00+00:00,2026-03-14 21:40:00+00:00,SHORT,70840.5,70739.5,0.0014277737332042406,2.7773733204240628e-05,3717.779292256837,3717.8825488670122
2026-03-14 23:05:00+00:00,2026-03-15 00:05:00+00:00,SHORT,71012.0,71059.0,-0.0006614221984547752,-0.0020614221984547754,3717.8825488670122,3710.21842324953
2026-03-15 02:05:00+00:00,2026-03-15 03:05:00+00:00,SHORT,71283.1,71453.8,-0.002388956220662819,-0.003788956220662819,3710.21842324953,3696.160568074741
2026-03-15 09:00:00+00:00,2026-03-15 10:00:00+00:00,SHORT,71854.0,71778.5,0.0010518470015394854,-0.0003481529984605146,3696.160568074741,3694.8737386901744
2026-03-15 13:05:00+00:00,2026-03-15 14:05:00+00:00,LONG,71415.1,71609.1,0.0027165123342263175,0.0013165123342263176,3694.8737386901744,3699.7380855405686
2026-03-15 17:50:00+00:00,2026-03-15 18:50:00+00:00,SHORT,71966.7,71397.1,0.007977915069379504,0.006577915069379504,3699.7380855405686,3724.074648446203
2026-03-15 20:35:00+00:00,2026-03-15 21:35:00+00:00,SHORT,71849.0,72088.5,-0.0033223052220534566,-0.004722305222053457,3724.074648446203,3706.488431286529
2026-03-15 21:35:00+00:00,2026-03-15 22:35:00+00:00,SHORT,72088.5,72312.9,-0.003103180760279156,-0.004503180760279156,3706.488431286529,3689.797443894562
2026-03-15 22:45:00+00:00,2026-03-15 23:45:00+00:00,SHORT,72490.3,72694.2,-0.0028049005285152306,-0.004204900528515231,3689.797443894562,3674.282212672616
2026-03-16 03:30:00+00:00,2026-03-16 04:30:00+00:00,SHORT,73719.6,73693.9,0.0003487398549948395,-0.0010512601450051605,3674.282212672616,3670.419586220932
2026-03-16 08:40:00+00:00,2026-03-16 09:40:00+00:00,LONG,72912.0,73197.7,0.003918422207592753,0.002518422207592753,3670.419586220932,3679.663252418054
2026-03-16 13:30:00+00:00,2026-03-16 14:30:00+00:00,SHORT,74308.1,73437.9,0.011849467373113987,0.010449467373113986,3679.663252418054,3718.113773518243
2026-03-16 18:05:00+00:00,2026-03-16 19:05:00+00:00,SHORT,74308.0,74230.5,0.001044045237469815,-0.00035595476253018495,3718.113773518243,3716.79029321293
2026-03-17 00:10:00+00:00,2026-03-17 01:10:00+00:00,SHORT,75408.2,75835.1,-0.005629319404866773,-0.007029319404866773,3716.79029321293,3690.663787081028
2026-03-17 01:10:00+00:00,2026-03-17 02:10:00+00:00,SHORT,75835.1,75238.1,0.007934809624379202,0.006534809624379202,3690.663787081028,3714.781572317193
2026-03-17 03:40:00+00:00,2026-03-17 04:40:00+00:00,LONG,74426.9,74062.0,-0.004902797241319923,-0.006302797241319923,3714.781572317193,3691.3680572710864
2026-03-17 10:05:00+00:00,2026-03-17 11:05:00+00:00,LONG,73665.6,73923.0,0.0034941682413500708,0.0020941682413500706,3691.3680572710864,3699.0984030237573
2026-03-17 15:00:00+00:00,2026-03-17 16:00:00+00:00,SHORT,74681.9,73959.9,0.009762046730728446,0.008362046730728446,3699.0984030237573,3730.0304367314047
2026-03-17 22:35:00+00:00,2026-03-17 23:35:00+00:00,LONG,73965.6,74082.9,0.0015858723514712292,0.0001858723514712292,3730.0304367314047,3730.723746259739
2026-03-17 23:40:00+00:00,2026-03-18 00:40:00+00:00,LONG,73949.0,73723.9,-0.003043989776738143,-0.004443989776738143,3730.723746259739,3714.1444480715268
2026-03-18 05:50:00+00:00,2026-03-18 06:50:00+00:00,LONG,73848.1,74090.0,0.0032756428398292847,0.0018756428398292847,3714.1444480715268,3721.1108565116438
2026-03-18 11:25:00+00:00,2026-03-18 12:25:00+00:00,LONG,73604.9,72813.9,-0.010746567144306995,-0.012146567144306996,3721.1108565116438,3675.9121336416156
2026-03-18 12:30:00+00:00,2026-03-18 13:30:00+00:00,LONG,72382.1,72272.0,-0.0015210943037022862,-0.0029210943037022864,3675.9121336416156,3665.174447647125
2026-03-18 14:00:00+00:00,2026-03-18 15:00:00+00:00,LONG,72018.2,71309.6,-0.009839179540727105,-0.011239179540727106,3665.174447647125,3623.9808939819336
2026-03-18 15:00:00+00:00,2026-03-18 16:00:00+00:00,LONG,71309.6,71353.0,0.0006086137069902797,-0.0007913862930097203,3623.9808939819336,3621.1129251763073
2026-03-18 20:05:00+00:00,2026-03-18 21:05:00+00:00,LONG,70618.5,71352.8,0.010398125137180747,0.008998125137180747,3621.1129251763073,3653.696152412906
2026-03-19 03:15:00+00:00,2026-03-19 04:15:00+00:00,SHORT,71579.8,70874.3,0.009954242934321789,0.008554242934321788,3653.696152412906,3684.950756908843
2026-03-19 04:25:00+00:00,2026-03-19 05:25:00+00:00,LONG,70738.2,70698.1,-0.0005668789989000667,-0.001966878998900067,3684.950756908843,3677.702904653098
2026-03-19 07:00:00+00:00,2026-03-19 08:00:00+00:00,LONG,70449.1,70116.0,-0.004728236414659692,-0.0061282364146596924,3677.702904653098,3655.165071790503
2026-03-19 12:05:00+00:00,2026-03-19 13:05:00+00:00,LONG,69674.2,69398.1,-0.003962729389070718,-0.0053627293890707185,3655.165071790503,3635.5634106381076
2026-03-19 19:10:00+00:00,2026-03-19 20:10:00+00:00,SHORT,70356.0,70286.5,0.0009888100844401837,-0.0004111899155598163,3635.5634106381076,3634.0685036262753
2026-03-19 22:35:00+00:00,2026-03-19 23:35:00+00:00,LONG,70034.1,69730.2,-0.004339314705265163,-0.005739314705265163,3634.0685036262753,3613.211440823472
2026-03-19 23:35:00+00:00,2026-03-20 00:35:00+00:00,LONG,69730.2,70240.1,0.0073124700631865824,0.005912470063186582,3613.211440823472,3634.574445299304
2026-03-20 08:05:00+00:00,2026-03-20 09:05:00+00:00,SHORT,71159.9,70924.0,0.00332609553888652,0.0019260955388865199,3634.574445299304,3641.574982924146
2026-03-20 09:20:00+00:00,2026-03-20 10:20:00+00:00,LONG,70454.5,70307.0,-0.002093549737773981,-0.003493549737773981,3641.574982924146,3628.852959597467
2026-03-20 21:15:00+00:00,2026-03-20 22:15:00+00:00,SHORT,70541.7,70801.3,-0.003666599342102561,-0.005066599342102561,3628.852959597467,3610.4670155797835
2026-03-21 14:10:00+00:00,2026-03-21 15:10:00+00:00,SHORT,71019.5,70644.0,0.0053153841798312396,0.003915384179831239,3610.4670155797835,3624.6033810143867
2026-03-21 23:10:00+00:00,2026-03-22 00:10:00+00:00,LONG,70147.2,68689.6,-0.020779161534601354,-0.022179161534601352,3624.6033810143867,3544.2127171280067
2026-03-22 07:40:00+00:00,2026-03-22 08:40:00+00:00,LONG,68955.1,68743.1,-0.0030744643978473096,-0.00447446439784731,3544.2127171280067,3528.3542635068197
2026-03-22 11:25:00+00:00,2026-03-22 12:25:00+00:00,LONG,68422.4,68659.1,0.003459393415022216,0.002059393415022216,3528.3542635068197,3535.620533042951
2026-03-22 18:35:00+00:00,2026-03-22 19:35:00+00:00,LONG,68463.0,68381.0,-0.0011977272395308214,-0.0025977272395308216,3535.620533042951,3526.435955275621
2026-03-22 19:45:00+00:00,2026-03-22 20:45:00+00:00,LONG,68159.4,68323.0,0.0024002558707971744,0.0010002558707971744,3526.435955275621,3529.9632935428754
2026-03-22 21:05:00+00:00,2026-03-22 22:05:00+00:00,LONG,67850.1,68118.2,0.003951357477733897,0.0025513574777338965,3529.9632935428754,3538.969491787982
2026-03-23 05:00:00+00:00,2026-03-23 06:00:00+00:00,SHORT,68700.2,68745.2,-0.0006545911569099117,-0.002054591156909912,3538.969491787982,3531.6983563655804
2026-03-23 06:40:00+00:00,2026-03-23 07:40:00+00:00,LONG,67818.0,68327.0,0.007505382051962606,0.006105382051962606,3531.6983563655804,3553.2607241234805
2026-03-23 11:05:00+00:00,2026-03-23 12:05:00+00:00,SHORT,71230.9,70075.0,0.01649518373171599,0.01509518373171599,3553.2607241234805,3606.897847600814
2026-03-23 13:40:00+00:00,2026-03-23 14:40:00+00:00,SHORT,71215.4,71386.2,-0.002392619301769816,-0.0037926193017698163,3606.897847600814,3593.2182572044917
2026-03-24 07:05:00+00:00,2026-03-24 08:05:00+00:00,SHORT,70808.0,71139.5,-0.0046598584471355675,-0.006059858447135568,3593.2182572044917,3571.4438631961693
2026-03-24 13:40:00+00:00,2026-03-24 14:40:00+00:00,LONG,70328.0,69847.6,-0.00683084973268111,-0.00823084973268111,3571.4438631961693,3542.0478454294957
2026-03-24 14:45:00+00:00,2026-03-24 15:45:00+00:00,LONG,69633.5,70064.2,0.006185241299087263,0.004785241299087263,3542.0478454294957,3558.9973990627877
2026-03-24 16:35:00+00:00,2026-03-24 17:35:00+00:00,LONG,69403.1,69272.1,-0.0018875237561434277,-0.003287523756143428,3558.9973990627877,3547.2971105653164
2026-03-24 20:35:00+00:00,2026-03-24 21:35:00+00:00,SHORT,70126.7,70199.9,-0.0010427365281147072,-0.0024427365281147074,3547.2971105653164,3538.6319983372628
2026-03-24 22:05:00+00:00,2026-03-24 23:05:00+00:00,SHORT,70516.7,70535.6,-0.0002679498012352344,-0.0016679498012352344,3538.6319983372628,3532.7297377989917
2026-03-24 23:25:00+00:00,2026-03-25 00:25:00+00:00,SHORT,70751.9,70669.0,0.0011730744739559817,-0.00022692552604401824,3532.7297377989917,3531.9280712448704
2026-03-25 00:40:00+00:00,2026-03-25 01:40:00+00:00,SHORT,70925.9,70741.1,0.00261234275407074,0.00121234275407074,3531.9280712448704,3536.209978649943
2026-03-25 05:05:00+00:00,2026-03-25 06:05:00+00:00,SHORT,71215.9,71030.3,0.0026129693947511967,0.0012129693947511967,3536.209978649943,3540.4992931274587
2026-03-25 11:25:00+00:00,2026-03-25 12:25:00+00:00,SHORT,71869.2,71336.6,0.00746601323864593,0.00606601323864593,3540.4992931274587,3561.976008710986
2026-03-25 15:15:00+00:00,2026-03-25 16:15:00+00:00,LONG,70691.1,70936.5,0.003471441242249629,0.0020714412422496286,3561.976008710986,3569.3544327193335
2026-03-25 22:40:00+00:00,2026-03-25 23:40:00+00:00,SHORT,71380.0,71220.5,0.002239523732633142,0.0008395237326331419,3569.3544327193335,3572.3509904757807
2026-03-26 02:15:00+00:00,2026-03-26 03:15:00+00:00,LONG,70939.0,70913.0,-0.0003665120737534888,-0.0017665120737534888,3572.3509904757807,3566.0403893194202
2026-03-26 05:40:00+00:00,2026-03-26 06:40:00+00:00,LONG,70317.2,70000.0,-0.004510987354445217,-0.0059109873544452175,3566.0403893194202,3544.9615696727124
2026-03-26 09:30:00+00:00,2026-03-26 10:30:00+00:00,LONG,69471.0,69618.1,0.002117430294655387,0.0007174302946553869,3544.9615696727124,3547.5048324961845
2026-03-26 18:00:00+00:00,2026-03-26 19:00:00+00:00,LONG,68421.0,68471.6,0.0007395390304147931,-0.0006604609695852069,3547.5048324961845,3545.161844014906
2026-03-26 20:10:00+00:00,2026-03-26 21:10:00+00:00,SHORT,69200.0,68919.0,0.004077250105195995,0.002677250105195995,3545.161844014906,3554.6531289347313
2026-03-27 04:00:00+00:00,2026-03-27 05:00:00+00:00,LONG,68546.0,68576.4,0.00044349779709973447,-0.0009565022029002655,3554.6531289347313,3551.253095386359
2026-03-27 08:35:00+00:00,2026-03-27 09:35:00+00:00,LONG,67686.8,67797.6,0.0016369513701341987,0.00023695137013419868,3551.253095386359,3552.0945696730037
2026-03-27 10:35:00+00:00,2026-03-27 11:35:00+00:00,LONG,66988.0,66715.2,-0.004072371170956046,-0.005472371170956046,3552.0945696730037,3532.6561897534157
2026-03-27 14:20:00+00:00,2026-03-27 15:20:00+00:00,LONG,65913.0,66197.4,0.0043147785717536635,0.0029147785717536633,3532.6561897534157,3542.9531003166817
2026-03-27 23:45:00+00:00,2026-03-28 00:45:00+00:00,SHORT,66377.9,66446.0,-0.0010248923938236398,-0.00242489239382364,3542.9531003166817,3534.36182029205
2026-03-28 06:15:00+00:00,2026-03-28 07:15:00+00:00,SHORT,66486.0,66476.9,0.00013688965640712425,-0.0012631103435928757,3534.36182029205,3529.89753131884
2026-03-28 10:25:00+00:00,2026-03-28 11:25:00+00:00,LONG,66172.0,66323.0,0.002281931934957404,0.0008819319349574041,3529.89753131884,3533.0106606788368
2026-03-28 12:15:00+00:00,2026-03-28 13:15:00+00:00,SHORT,66497.0,66473.1,0.0003595439358174968,-0.0010404560641825032,3533.0106606788368,3529.3347183121123
2026-03-28 13:30:00+00:00,2026-03-28 14:30:00+00:00,SHORT,66619.1,66803.2,-0.002755856006897761,-0.004155856006897761,3529.3347183121123,3514.6673114226624
2026-03-28 15:20:00+00:00,2026-03-28 16:20:00+00:00,SHORT,67245.0,67091.0,0.0022953898436453013,0.0008953898436453013,3514.6673114226624,3517.814308837102
2026-03-28 21:50:00+00:00,2026-03-28 22:50:00+00:00,LONG,66695.5,66762.0,0.0009970687677578471,-0.00040293123224215284,3517.814308837102,3516.3968715828432
2026-03-28 23:10:00+00:00,2026-03-29 00:10:00+00:00,LONG,66389.1,66411.0,0.00032987342801749087,-0.0010701265719825091,3516.3968715828432,3512.6338818529266
2026-03-29 03:15:00+00:00,2026-03-29 04:15:00+00:00,SHORT,67053.0,66865.2,0.0028086358823424806,0.0014086358823424806,3512.6338818529266,3517.5819039804364
2026-03-29 17:20:00+00:00,2026-03-29 18:20:00+00:00,LONG,66202.0,66390.9,0.0028533881151626694,0.0014533881151626695,3517.5819039804364,3522.6943157137925
2026-03-29 20:20:00+00:00,2026-03-29 21:20:00+00:00,SHORT,66721.0,66598.9,0.0018333636141139031,0.00043336361411390315,3522.6943157137925,3524.2209232538685
2026-03-29 22:40:00+00:00,2026-03-29 23:40:00+00:00,LONG,65686.0,66029.3,0.005226380050543433,0.003826380050543433,3524.2209232538685,3537.705931888315
2026-03-30 02:45:00+00:00,2026-03-30 03:45:00+00:00,SHORT,67324.1,67189.7,0.0020003065946121446,0.0006003065946121446,3537.705931888315,3539.829640089026
2026-03-30 05:00:00+00:00,2026-03-30 06:00:00+00:00,SHORT,67620.0,67558.3,0.0009132852662070423,-0.0004867147337929577,3539.829640089026,3538.1067528480776
2026-03-30 08:00:00+00:00,2026-03-30 09:00:00+00:00,SHORT,67777.0,67618.2,0.0023484801429201063,0.0009484801429201063,3538.1067528480776,3541.4625768466854
2026-03-30 12:30:00+00:00,2026-03-30 13:30:00+00:00,SHORT,67928.0,67911.5,0.00024296326837136561,-0.0011570367316286344,3541.4625768466854,3537.3649745615858
2026-03-30 17:20:00+00:00,2026-03-30 18:20:00+00:00,LONG,66854.1,66690.6,-0.002445624127764834,-0.003845624127764834,3537.3649745615858,3523.761598466702
2026-03-30 19:05:00+00:00,2026-03-30 20:05:00+00:00,LONG,66446.4,66644.1,0.002975330491945538,0.0015753304919455381,3523.761598466702,3529.312687559113
2026-03-31 00:45:00+00:00,2026-03-31 01:45:00+00:00,SHORT,67256.0,67906.9,-0.009585182065445452,-0.010985182065445452,3529.312687559113,3490.5425451203896
2026-03-31 07:15:00+00:00,2026-03-31 08:15:00+00:00,LONG,67151.1,67374.0,0.0033193797272121905,0.0019193797272121906,3490.5425451203896,3497.242221718465
2026-03-31 08:40:00+00:00,2026-03-31 09:40:00+00:00,LONG,66849.0,66513.0,-0.005026253197504826,-0.0064262531975048266,3497.242221718465,3474.768057708698
2026-03-31 09:55:00+00:00,2026-03-31 10:55:00+00:00,LONG,66132.0,66363.4,0.003499062481098214,0.002099062481098214,3474.768057708698,3482.0618129691525
2026-03-31 13:45:00+00:00,2026-03-31 14:45:00+00:00,SHORT,67309.9,66908.0,0.006006755544927245,0.0046067555449272445,3482.0618129691525,3498.102820533827
2026-03-31 17:10:00+00:00,2026-03-31 18:10:00+00:00,SHORT,68453.9,67774.9,0.01001845816076452,0.00861845816076452,3498.102820533827,3528.25107333465
2026-04-01 04:50:00+00:00,2026-04-01 05:50:00+00:00,SHORT,68329.1,68514.3,-0.0027030853413082534,-0.004103085341308254,3528.25107333465,3513.7743580751953
2026-04-01 06:20:00+00:00,2026-04-01 07:20:00+00:00,SHORT,68840.1,68888.6,-0.0007040352104702441,-0.0021040352104702443,3513.7743580751953,3506.3812531041576
2026-04-01 18:00:00+00:00,2026-04-01 19:00:00+00:00,LONG,68044.5,68164.0,0.001756203660839617,0.000356203660839617,3506.3812531041576,3507.6302389428124
2026-04-02 00:40:00+00:00,2026-04-02 01:40:00+00:00,SHORT,68529.4,67178.2,0.02011366782676527,0.01871366782676527,3507.6302389428124,3573.2708660935054
2026-04-02 04:20:00+00:00,2026-04-02 05:20:00+00:00,LONG,66414.3,66476.6,0.0009380509920304814,-0.0004619490079695186,3573.2708660935054,3571.6201971617074
2026-04-02 14:35:00+00:00,2026-04-02 15:35:00+00:00,SHORT,66863.1,66924.0,-0.0009099874484489456,-0.002309987448448946,3571.6201971617074,3563.3697993356373
2026-04-03 07:30:00+00:00,2026-04-03 08:30:00+00:00,SHORT,67071.4,67101.6,-0.0004500637838741328,-0.0018500637838741328,3563.3697993356373,3556.777337921336
2026-04-04 06:50:00+00:00,2026-04-04 07:50:00+00:00,SHORT,67043.4,66995.2,0.000719454528085528,-0.000680545471914472,3556.777337921336,3554.3567892094056
2026-04-04 10:45:00+00:00,2026-04-04 11:45:00+00:00,SHORT,67136.8,67124.9,0.00017728145591289213,-0.0012227185440871079,3554.3567892094056,3550.0108112509374
2026-04-04 13:35:00+00:00,2026-04-04 14:35:00+00:00,SHORT,67237.6,67078.2,0.0023763309092970086,0.0009763309092970086,3550.0108112509374,3553.4767965343
2026-04-04 15:10:00+00:00,2026-04-04 16:10:00+00:00,SHORT,67381.9,67332.3,0.0007366449683137155,-0.0006633550316862845,3553.4767965343,3551.1195798213384
2026-04-05 01:30:00+00:00,2026-04-05 02:30:00+00:00,LONG,67118.7,67144.3,0.0003814138235693765,-0.0010185861764306235,3551.1195798213384,3547.5024585064803
2026-04-05 05:50:00+00:00,2026-04-05 06:50:00+00:00,LONG,66981.8,66830.1,-0.002264794317262231,-0.003664794317262231,3547.5024585064803,3534.501591656072
2026-04-05 12:30:00+00:00,2026-04-05 13:30:00+00:00,LONG,66766.9,66811.5,0.0006679956685124999,-0.0007320043314875001,3534.501591656072,3531.9143211813303
2026-04-05 15:25:00+00:00,2026-04-05 16:25:00+00:00,SHORT,67498.2,67318.7,0.002666421068737268,0.001266421068737268,3531.9143211813303,3536.387211890649
2026-04-05 20:35:00+00:00,2026-04-05 21:35:00+00:00,SHORT,67688.6,67470.6,0.0032310369257129157,0.0018310369257129157,3536.387211890649,3542.8624674592393
2026-04-05 22:45:00+00:00,2026-04-05 23:45:00+00:00,SHORT,68142.0,68940.4,-0.011581017806685079,-0.012981017806685079,3542.8624674592393,3496.872506682515
2026-04-06 00:00:00+00:00,2026-04-06 01:00:00+00:00,SHORT,69352.9,68919.8,0.00628411574032417,0.00488411574032417,3496.872506682515,3513.95163673431
2026-04-06 09:10:00+00:00,2026-04-06 10:10:00+00:00,SHORT,69634.9,69814.6,-0.002573960174519496,-0.003973960174519496,3513.95163673431,3499.9873328747403
2026-04-06 16:45:00+00:00,2026-04-06 17:45:00+00:00,SHORT,70227.6,69516.8,0.010224866507088981,0.00882486650708898,3499.9873328747403,3530.874253863862
2026-04-06 21:35:00+00:00,2026-04-06 22:35:00+00:00,LONG,69520.0,69318.7,-0.002895569620253169,-0.004295569620253169,3530.874253863862,3515.707137686031
2026-04-06 22:50:00+00:00,2026-04-06 23:50:00+00:00,LONG,68943.1,68878.2,-0.0009413559877639033,-0.0023413559877639035,3515.707137686031,3507.4756157279853
2026-04-07 09:05:00+00:00,2026-04-07 10:05:00+00:00,SHORT,69207.0,68935.0,0.003945745992601779,0.002545745992601779,3507.4756157279853,3516.404757720873
2026-04-07 10:35:00+00:00,2026-04-07 11:35:00+00:00,LONG,68552.0,68448.4,-0.0015112615240985283,-0.0029112615240985285,3516.404757720873,3506.1675838465635
2026-04-07 14:05:00+00:00,2026-04-07 15:05:00+00:00,LONG,67858.5,67879.4,0.0003079938401231441,-0.0010920061598768559,3506.1675838465635,3502.3388272474426
2026-04-07 17:35:00+00:00,2026-04-07 18:35:00+00:00,SHORT,68714.1,68586.9,0.0018545815600357063,0.0004545815600357063,3502.3388272474426,3503.9309258953062
2026-04-07 20:00:00+00:00,2026-04-07 21:00:00+00:00,SHORT,69365.5,69380.0,-0.00020899394638229651,-0.0016089939463822965,3503.9309258953062,3498.2931222469992
2026-04-07 21:05:00+00:00,2026-04-07 22:05:00+00:00,SHORT,69889.1,70210.0,-0.004570573992308757,-0.005970573992308758,3498.2931222469992,3477.406304313839
2026-04-07 22:05:00+00:00,2026-04-07 23:05:00+00:00,SHORT,70210.0,71446.7,-0.017309406872535682,-0.01870940687253568,3477.406304313839,3412.346094905311
2026-04-07 23:20:00+00:00,2026-04-08 00:20:00+00:00,SHORT,72009.9,71907.9,0.0014184811404587272,1.848114045872721e-05,3412.346094905311,3412.4091589527843
2026-04-08 13:00:00+00:00,2026-04-08 14:00:00+00:00,SHORT,72143.7,71613.4,0.007405038721803425,0.006005038721803425,3412.4091589527843,3432.900808086932
2026-04-09 00:30:00+00:00,2026-04-09 01:30:00+00:00,LONG,70821.9,70808.2,-0.00019344298867995935,-0.0015934429886799593,3432.900808086932,3427.430676363452
2026-04-09 08:40:00+00:00,2026-04-09 09:40:00+00:00,SHORT,71330.0,71281.0,0.0006874202101541105,-0.0007125797898458895,3427.430676363452,3424.988358532378
2026-04-09 09:55:00+00:00,2026-04-09 10:55:00+00:00,SHORT,71537.0,71279.9,0.0036069074170981263,0.002206907417098126,3424.988358532378,3432.5469907442975
2026-04-09 15:30:00+00:00,2026-04-09 16:30:00+00:00,SHORT,72209.4,71933.6,0.003834091439883336,0.0024340914398833357,3432.5469907442975,3440.9021239914655
2026-04-10 07:40:00+00:00,2026-04-10 08:40:00+00:00,LONG,71656.0,71707.0,0.0007117338394551087,-0.0006882661605448913,3440.9021239914655,3438.533867497775
2026-04-10 11:05:00+00:00,2026-04-10 12:05:00+00:00,SHORT,72102.0,72137.8,-0.0004962724119671469,-0.0018962724119671469,3438.533867497775,3432.0134705872247
2026-04-10 14:15:00+00:00,2026-04-10 15:15:00+00:00,SHORT,72749.7,73015.4,-0.0036389583567302264,-0.005038958356730227,3432.0134705872247,3414.7196976291984
2026-04-10 15:20:00+00:00,2026-04-10 16:20:00+00:00,SHORT,73251.2,72750.7,0.006879658889880069,0.005479658889880069,3414.7196976291984,3433.4311967767608
2026-04-11 13:10:00+00:00,2026-04-11 14:10:00+00:00,LONG,72610.1,72709.5,0.0013689555585241209,-3.104444147587911e-05,3433.4311967767608,3433.3246078229113
2026-04-11 16:40:00+00:00,2026-04-11 17:40:00+00:00,SHORT,73123.7,73164.8,-0.0005617455388384762,-0.0019617455388384764,3433.3246078229113,3426.5892985901305
2026-04-11 18:30:00+00:00,2026-04-11 19:30:00+00:00,SHORT,73296.9,73706.2,-0.005553128502079896,-0.006953128502079896,3426.5892985901305,3402.7637828731818
2026-04-12 01:30:00+00:00,2026-04-12 02:30:00+00:00,LONG,72614.0,71897.8,-0.009863111796623247,-0.011263111796623248,3402.7637828731818,3364.4380739691806
2026-04-12 12:55:00+00:00,2026-04-12 13:55:00+00:00,LONG,71081.0,70884.9,-0.0027588244397237505,-0.004158824439723751,3364.4380739691806,3350.4459666812204
2026-04-12 14:45:00+00:00,2026-04-12 15:45:00+00:00,LONG,70764.6,70886.4,0.0017211995828421145,0.0003211995828421145,3350.4459666812204,3351.522128528053
2026-04-12 18:10:00+00:00,2026-04-12 19:10:00+00:00,SHORT,71180.8,71139.9,0.0005749234958161153,-0.0008250765041838846,3351.522128528053,3348.7568663665525
2026-04-12 20:40:00+00:00,2026-04-12 21:40:00+00:00,SHORT,71322.9,71313.0,0.000138824618232114,-0.001261175381767886,3348.7568663665525,3344.533496647165
2026-04-13 07:20:00+00:00,2026-04-13 08:20:00+00:00,LONG,70714.4,70755.1,0.0005755546253665145,-0.0008244453746334855,3344.533496647165,3341.7761114755476
2026-04-13 12:50:00+00:00,2026-04-13 13:50:00+00:00,SHORT,71202.5,71474.2,-0.003801371683768373,-0.005201371683768373,3341.7761114755476,3324.3942918358252
2026-04-13 14:40:00+00:00,2026-04-13 15:40:00+00:00,SHORT,71987.0,71837.2,0.002085270584042842,0.0006852705840428421,3324.3942918358252,3326.67240145378
2026-04-13 19:20:00+00:00,2026-04-13 20:20:00+00:00,SHORT,72780.0,73019.5,-0.003279945767911352,-0.004679945767911352,3326.67240145378,3311.103755027369
2026-04-13 22:10:00+00:00,2026-04-13 23:10:00+00:00,SHORT,73750.1,74659.8,-0.0121846026911403,-0.0135846026911403,3311.103755027369,3266.12372604618
2026-04-14 07:05:00+00:00,2026-04-14 08:05:00+00:00,SHORT,74919.8,74553.0,0.004919989805910019,0.0035199898059100187,3266.12372604618,3277.620448266703
2026-04-14 13:40:00+00:00,2026-04-14 14:40:00+00:00,SHORT,75183.4,75375.0,-0.0025419568822554472,-0.0039419568822554475,3277.620448266703,3264.700209783237
2026-04-14 18:45:00+00:00,2026-04-14 19:45:00+00:00,LONG,73856.9,74156.2,0.0040524311201797225,0.0026524311201797223,3264.700209783237,3273.359602217723
2026-04-15 05:25:00+00:00,2026-04-15 06:25:00+00:00,LONG,74018.5,73930.7,-0.0011861899390017694,-0.0025861899390017696,3273.359602217723,3264.894072547733
2026-04-15 07:15:00+00:00,2026-04-15 08:15:00+00:00,LONG,73638.6,73863.7,0.003056820743468691,0.0016568207434686912,3264.894072547733,3270.3034167723577
2026-04-15 12:35:00+00:00,2026-04-15 13:35:00+00:00,SHORT,74445.6,74122.6,0.004357645306559688,0.0029576453065596874,3270.3034167723577,3279.975814324
2026-04-15 19:05:00+00:00,2026-04-15 20:05:00+00:00,SHORT,74687.1,74770.0,-0.0011087334492442258,-0.002508733449244226,3279.975814324,3271.7472292858934
2026-04-16 02:40:00+00:00,2026-04-16 03:40:00+00:00,SHORT,75192.0,74975.1,0.0028929604628735728,0.0014929604628735728,3271.7472292858934,3276.631818543733
2026-04-16 07:50:00+00:00,2026-04-16 08:50:00+00:00,LONG,74646.8,74688.4,0.00055729113639158,-0.00084270886360842,3276.631818543733,3273.870571867465
2026-04-16 10:45:00+00:00,2026-04-16 11:45:00+00:00,LONG,74285.7,74479.5,0.002608846655547392,0.0012088466555473922,3273.870571867465,3277.8281793589617
2026-04-16 13:15:00+00:00,2026-04-16 14:15:00+00:00,SHORT,74920.0,73590.2,0.018070340887781366,0.016670340887781368,3277.8281793589617,3332.4706924804514
2026-04-16 19:55:00+00:00,2026-04-16 20:55:00+00:00,SHORT,75347.0,75223.1,0.0016471004252682775,0.0002471004252682775,3332.4706924804514,3333.294147405757
2026-04-17 07:00:00+00:00,2026-04-17 08:00:00+00:00,SHORT,74989.5,75085.5,-0.0012785424615937568,-0.002678542461593757,3333.294147405757,3324.365777494949
2026-04-17 08:40:00+00:00,2026-04-17 09:40:00+00:00,SHORT,75344.6,75748.5,-0.005332118787830686,-0.006732118787830687,3324.365777494949,3301.985752186654
2026-04-17 12:45:00+00:00,2026-04-17 13:45:00+00:00,SHORT,76153.8,77046.0,-0.011580095008176916,-0.012980095008176916,3301.985752186654,3259.125663407625
2026-04-17 13:45:00+00:00,2026-04-17 14:45:00+00:00,SHORT,77046.0,77944.3,-0.01152489662489753,-0.01292489662489753,3259.125663407625,3217.0018011205307
2026-04-17 23:15:00+00:00,2026-04-18 00:15:00+00:00,LONG,76929.6,77210.4,0.0036500904723277827,0.0022500904723277825,3217.0018011205307,3224.240346222693
2026-04-18 04:30:00+00:00,2026-04-18 05:30:00+00:00,LONG,76944.9,77161.4,0.002813701752812703,0.0014137017528127029,3224.240346222693,3228.7984604516373
2026-04-18 07:45:00+00:00,2026-04-18 08:45:00+00:00,LONG,76953.2,76668.9,-0.0036944532521064888,-0.005094453252106489,3228.7984604516373,3212.349497634393
2026-04-18 10:05:00+00:00,2026-04-18 11:05:00+00:00,LONG,76259.6,75979.5,-0.0036729801887238622,-0.005072980188723862,3212.349497634393,3196.053312273637
2026-04-18 11:05:00+00:00,2026-04-18 12:05:00+00:00,LONG,75979.5,76187.4,0.0027362643871042813,0.0013362643871042813,3196.053312273637,3200.3240844941147
2026-04-18 18:15:00+00:00,2026-04-18 19:15:00+00:00,LONG,75621.4,75743.5,0.0016146223159052564,0.00021462231590525641,3200.3240844941147,3201.010945460776
2026-04-19 07:05:00+00:00,2026-04-19 08:05:00+00:00,LONG,75240.9,75203.8,-0.0004930828844417201,-0.00189308288444172,3201.010945460776,3194.9511664270135
2026-04-19 11:05:00+00:00,2026-04-19 12:05:00+00:00,SHORT,75445.9,75663.7,-0.0028785269554622017,-0.004278526955462202,3194.9511664270135,3181.2814817400704
2026-04-19 12:10:00+00:00,2026-04-19 13:10:00+00:00,SHORT,75676.8,75765.1,-0.0011654442480772964,-0.0025654442480772966,3181.2814817400704,3173.1200814612257
2026-04-19 13:10:00+00:00,2026-04-19 14:10:00+00:00,SHORT,75765.1,75799.0,-0.00044723545165492595,-0.001847235451654926,3173.1200814612257,3167.2585815543925
2026-04-19 17:00:00+00:00,2026-04-19 18:00:00+00:00,LONG,75164.5,74705.7,-0.006103945346539907,-0.007503945346539908,3167.2585815543925,3143.491646260049
2026-04-19 22:00:00+00:00,2026-04-19 23:00:00+00:00,LONG,73876.0,73926.4,0.0006822242676918222,-0.0007177757323081778,3143.491646260049,3141.2353242416502
2026-04-20 06:40:00+00:00,2026-04-20 07:40:00+00:00,SHORT,74786.7,74937.5,-0.0020123436196830546,-0.003412343619683055,3141.2353242416502,3130.516349925051
2026-04-20 12:20:00+00:00,2026-04-20 13:20:00+00:00,SHORT,75511.1,75006.2,0.006731443534001347,0.0053314435340013466,3130.516349925051,3147.2065210769442
2026-04-21 08:45:00+00:00,2026-04-21 09:45:00+00:00,SHORT,76663.1,76298.3,0.004781233657892736,0.003381233657892736,3147.2065210769442,3157.8479616943487
2026-04-21 10:45:00+00:00,2026-04-21 11:45:00+00:00,SHORT,76731.8,76447.5,0.003718892050099676,0.0023188920500996756,3157.8479616943487,3165.170670228145
2026-04-21 12:40:00+00:00,2026-04-21 13:40:00+00:00,LONG,75841.7,76017.6,0.0023193045514540156,0.0009193045514540156,3165.170670228145,3168.0804260314144
2026-04-21 17:15:00+00:00,2026-04-21 18:15:00+00:00,LONG,75100.0,75465.8,0.004870838881491313,0.0034708388814913126,3168.0804260314144,3179.0763227537755
2026-04-21 19:40:00+00:00,2026-04-21 20:40:00+00:00,LONG,74866.9,75667.3,0.010690972913263597,0.009290972913263596,3179.0763227537755,3208.613034757678
2026-04-21 23:40:00+00:00,2026-04-22 00:40:00+00:00,SHORT,76080.7,76329.9,-0.0032647756645822756,-0.004664775664582276,3208.613034757678,3193.6455747560794
2026-04-22 02:10:00+00:00,2026-04-22 03:10:00+00:00,SHORT,76737.2,77606.0,-0.011195010695049357,-0.012595010695049357,3193.6455747560794,3153.4215745858296
2026-04-22 05:15:00+00:00,2026-04-22 06:15:00+00:00,SHORT,77932.9,77988.4,-0.0007116442958183811,-0.0021116442958183813,3153.4215745858296,3146.762669905545
2026-04-22 13:45:00+00:00,2026-04-22 14:45:00+00:00,SHORT,78649.5,78890.0,-0.0030485486119913308,-0.004448548611991331,3146.762669905545,3132.7641431980705
2026-04-22 23:20:00+00:00,2026-04-23 00:20:00+00:00,LONG,78234.1,78250.2,0.0002057926147291944,-0.0011942073852708056,3132.7641431980705,3129.022973121952
2026-04-23 03:15:00+00:00,2026-04-23 04:15:00+00:00,LONG,77661.7,77838.6,0.0022778280671169604,0.0008778280671169604,3129.022973121952,3131.769717310412
2026-04-23 06:05:00+00:00,2026-04-23 07:05:00+00:00,SHORT,78226.6,78160.1,0.0008508177446036047,-0.0005491822553963953,3131.769717310412,3130.0498049536777
2026-04-23 08:40:00+00:00,2026-04-23 09:40:00+00:00,LONG,77734.3,77724.7,-0.00012349760659069453,-0.0015234976065906945,3130.0498049536777,3125.2811815673213
2026-04-23 10:05:00+00:00,2026-04-23 11:05:00+00:00,LONG,77306.1,77442.1,0.001759240215196467,0.000359240215196467,3125.2811815673213,3126.403908251537
2026-04-23 14:55:00+00:00,2026-04-23 15:55:00+00:00,SHORT,78180.4,78377.1,-0.0025096616231018443,-0.0039096616231018445,3126.403908251537,3114.1807268731304
2026-04-23 17:35:00+00:00,2026-04-23 18:35:00+00:00,LONG,77265.7,78062.6,0.010313761475014172,0.008913761475014171,3114.1807268731304,3141.9397910625635
2026-04-24 03:20:00+00:00,2026-04-24 04:20:00+00:00,LONG,77716.4,77825.0,0.0013973884534024261,-2.611546597573863e-06,3141.9397910625635,3141.9315857403926
2026-04-24 11:00:00+00:00,2026-04-24 12:00:00+00:00,SHORT,77956.7,78212.1,-0.003265479382346337,-0.004665479382346337,3141.9315857403926,3127.2729687063784
2026-04-24 22:35:00+00:00,2026-04-24 23:35:00+00:00,LONG,77312.6,77401.7,0.0011524641520268553,-0.0002475358479731447,3127.2729687063784,3126.4988565402264
2026-04-25 10:20:00+00:00,2026-04-25 11:20:00+00:00,SHORT,77804.7,77676.0,0.0016568824347289457,0.0002568824347289457,3126.4988565402264,3127.3019991786714
2026-04-25 15:45:00+00:00,2026-04-25 16:45:00+00:00,LONG,77500.0,77394.1,-0.0013664516129031634,-0.0027664516129031636,3127.3019991786714,3118.6504695190083
2026-04-25 21:00:00+00:00,2026-04-25 22:00:00+00:00,SHORT,77509.9,77524.6,-0.0001896172311758315,-0.0015896172311758315,3118.6504695190083,3113.6930089946463
2026-04-26 04:45:00+00:00,2026-04-26 05:45:00+00:00,SHORT,77734.9,78043.0,-0.00394782363568813,-0.00534782363568813,3113.6930089946463,3097.041527926868
2026-04-26 12:45:00+00:00,2026-04-26 13:45:00+00:00,LONG,77818.5,77931.8,0.0014559519908505791,5.595199085057915e-05,3097.041527926868,3097.2148135661023
2026-04-26 19:10:00+00:00,2026-04-26 20:10:00+00:00,SHORT,78383.1,78181.8,0.0025747680406438267,0.0011747680406438267,3097.2148135661023,3100.8533225440883
2026-04-27 00:55:00+00:00,2026-04-27 01:55:00+00:00,SHORT,79291.5,79279.2,0.0001551478824206587,-0.0012448521175793413,3100.8533225440883,3096.9932187192167
2026-04-27 05:00:00+00:00,2026-04-27 06:00:00+00:00,LONG,78766.0,77750.8,-0.012888809892593223,-0.014288809892593223,3096.9932187192167,3052.7408713782875
2026-04-27 06:30:00+00:00,2026-04-27 07:30:00+00:00,LONG,77615.3,77614.2,-1.4172463419059866e-05,-0.0014141724634190599,3052.7408713782875,3048.4237693000305
2026-04-27 15:15:00+00:00,2026-04-27 16:15:00+00:00,LONG,76981.5,76827.4,-0.002001779648357127,-0.0034017796483571273,3048.4237693000305,3038.0537033620576
2026-04-27 23:40:00+00:00,2026-04-28 00:40:00+00:00,SHORT,77301.5,77400.4,-0.0012777711743090503,-0.0026777711743090505,3038.0537033620576,3029.918490729192
2026-04-28 02:35:00+00:00,2026-04-28 03:35:00+00:00,LONG,76706.4,76806.5,0.0013049758559913194,-9.502414400868061e-05,3029.918490729192,3029.6305753181946
2026-04-28 11:15:00+00:00,2026-04-28 12:15:00+00:00,LONG,76380.5,76196.2,-0.002412919527890023,-0.003812919527890023,3029.6305753181946,3018.0788377352715
2026-04-29 00:50:00+00:00,2026-04-29 01:50:00+00:00,SHORT,76537.6,76556.7,-0.0002494882877657201,-0.00164948828776572,3018.0788377352715,3013.1005520408735
2026-04-29 03:15:00+00:00,2026-04-29 04:15:00+00:00,SHORT,76834.4,76971.0,-0.0017746943654104452,-0.0031746943654104454,3013.1005520408735,3003.5348786958943
2026-04-29 04:30:00+00:00,2026-04-29 05:30:00+00:00,SHORT,77157.6,77228.2,-0.0009141738380538111,-0.0023141738380538113,3003.5348786958943,2996.5841768579344
2026-04-29 09:45:00+00:00,2026-04-29 10:45:00+00:00,SHORT,77654.4,77652.8,2.060453711894006e-05,-0.00137939546288106,2996.5841768579344,2992.4507022402354
2026-04-29 12:20:00+00:00,2026-04-29 13:20:00+00:00,LONG,77138.3,76930.0,-0.002700344705548363,-0.004100344705548363,2992.4507022402354,2980.1806228466903
2026-04-29 13:30:00+00:00,2026-04-29 14:30:00+00:00,LONG,76670.3,76701.5,0.00040693723645257585,-0.0009930627635474241,2980.1806228466903,2977.2211164414957
2026-04-29 15:10:00+00:00,2026-04-29 16:10:00+00:00,LONG,76251.2,76030.2,-0.002898315042910826,-0.004298315042910826,2977.2211164414957,2964.4240821306234
2026-04-29 16:20:00+00:00,2026-04-29 17:20:00+00:00,LONG,75742.3,76078.2,0.004434774227875193,0.003034774227875193,2964.4240821306234,2973.420439935566
2026-04-29 18:05:00+00:00,2026-04-29 19:05:00+00:00,LONG,75034.8,75405.3,0.0049377089030688825,0.0035377089030688823,2973.420439935566,2983.9395358984925
2026-04-30 00:50:00+00:00,2026-04-30 01:50:00+00:00,SHORT,76319.3,76388.0,-0.0008993559197779666,-0.002299355919777967,2983.9395358984925,2977.078396862365
2026-04-30 02:35:00+00:00,2026-04-30 03:35:00+00:00,LONG,75543.1,75951.7,0.005408832838472266,0.004008832838472266,2977.078396862365,2989.013006502413
2026-04-30 04:35:00+00:00,2026-04-30 05:35:00+00:00,LONG,75444.1,75692.9,0.003297805925181585,0.001897805925181585,2989.013006502413,2994.685573096598
2026-04-30 07:30:00+00:00,2026-04-30 08:30:00+00:00,SHORT,76007.8,76111.2,-0.0013585385593709587,-0.002758538559370959,2994.685573096598,2986.4246174700193
2026-04-30 13:40:00+00:00,2026-04-30 14:40:00+00:00,SHORT,76630.0,76339.5,0.0038053694352202516,0.0024053694352202514,2986.4246174700193,2993.6080719654706
2026-05-01 03:15:00+00:00,2026-05-01 04:15:00+00:00,SHORT,77241.3,77188.2,0.0006879289839638592,-0.0007120710160361408,2993.6080719654706,2991.476410424052
2026-05-01 08:15:00+00:00,2026-05-01 09:15:00+00:00,SHORT,77350.5,77329.5,0.0002715651853433254,-0.0011284348146566746,2991.476410424052,2988.1007242953056
2026-05-01 13:50:00+00:00,2026-05-01 14:50:00+00:00,SHORT,78777.8,78318.3,0.005867083427500308,0.004467083427500308,2988.1007242953056,3001.4488195205067
2026-05-01 20:40:00+00:00,2026-05-01 21:40:00+00:00,LONG,77987.9,78123.6,0.0017400135149172602,0.0003400135149172602,3001.4488195205067,3002.469352683476
2026-05-02 05:10:00+00:00,2026-05-02 06:10:00+00:00,LONG,78093.7,78187.2,0.0011972796781303252,-0.00020272032186967478,3002.469352683476,3001.860691129896
2026-05-02 11:45:00+00:00,2026-05-02 12:45:00+00:00,LONG,78102.8,78214.8,0.0014340074875676123,3.400748756761233e-05,3001.860691129896,3001.9627768700293
2026-05-02 13:10:00+00:00,2026-05-02 14:10:00+00:00,SHORT,78400.7,78314.1,0.001105803424925833,-0.00029419657507416693,3001.9627768700293,3001.079609702574
2026-05-02 21:35:00+00:00,2026-05-02 22:35:00+00:00,SHORT,78901.4,78666.9,0.0029809233616679975,0.0015809233616679976,3001.079609702574,3005.824086567778
2026-05-03 01:15:00+00:00,2026-05-03 02:15:00+00:00,LONG,78266.0,78125.5,-0.0017951600950604218,-0.003195160095060422,3005.824086567778,2996.2199973936054
2026-05-03 02:15:00+00:00,2026-05-03 03:15:00+00:00,LONG,78125.5,78140.0,0.00018559881216750895,-0.001214401187832491,2996.2199973936054,2992.581384269763
2026-05-03 09:35:00+00:00,2026-05-03 10:35:00+00:00,SHORT,78596.7,78448.9,0.0018840289666266496,0.00048402896662664966,2992.581384269763,2994.029880344737
2026-05-03 11:40:00+00:00,2026-05-03 12:40:00+00:00,SHORT,78716.5,78796.3,-0.0010127379077444765,-0.0024127379077444767,2994.029880344737,2986.8060709555098
2026-05-03 20:35:00+00:00,2026-05-03 21:35:00+00:00,SHORT,79033.4,78871.6,0.00205143549769482,0.0006514354976948202,2986.8060709555098,2988.7517824548604
2026-05-04 00:20:00+00:00,2026-05-04 01:20:00+00:00,LONG,78351.6,78427.1,0.000963605082729746,-0.000436394917270254,2988.7517824548604,2987.4475063680147
2026-05-04 01:55:00+00:00,2026-05-04 02:55:00+00:00,SHORT,79780.9,80172.2,-0.0048807441981135735,-0.006280744198113574,2987.4475063680147,2968.684112775225
2026-05-04 04:15:00+00:00,2026-05-04 05:15:00+00:00,SHORT,80522.5,80041.8,0.006005612067694566,0.0046056120676945655,2968.684112775225,2982.3567201501955
2026-05-04 10:00:00+00:00,2026-05-04 11:00:00+00:00,LONG,79230.6,78919.5,-0.003926513241096274,-0.005326513241096275,2982.3567201501955,2966.471157590643
2026-05-04 14:45:00+00:00,2026-05-04 15:45:00+00:00,SHORT,80022.9,79820.6,0.002534433467049624,0.0011344334670496238,2966.471157590643,2969.836421750851
2026-05-05 02:00:00+00:00,2026-05-05 03:00:00+00:00,SHORT,80490.3,80480.6,0.00012052594041289666,-0.0012794740595871033,2969.836421750851,2966.036593088004
2026-05-05 05:20:00+00:00,2026-05-05 06:20:00+00:00,SHORT,81158.6,80809.3,0.0043225222839451405,0.0029225222839451403,2966.036593088004,2974.7049011263002
2026-05-05 12:30:00+00:00,2026-05-05 13:30:00+00:00,SHORT,81241.0,81484.5,-0.0029882983880369363,-0.0043882983880369365,2974.7049011263002,2961.6510084038023
2026-05-05 22:35:00+00:00,2026-05-05 23:35:00+00:00,LONG,81003.4,80848.4,-0.0019134999271634978,-0.003313499927163498,2961.6510084038023,2951.837578003173
2026-05-06 05:35:00+00:00,2026-05-06 06:35:00+00:00,LONG,81069.1,81410.1,0.004206288215855336,0.002806288215855336,2951.837578003173,2960.121285013442
2026-05-06 08:50:00+00:00,2026-05-06 09:50:00+00:00,SHORT,81920.0,81963.1,-0.0005258463869717289,-0.001925846386971729,2960.121285013442,2954.420546131701
2026-05-06 11:15:00+00:00,2026-05-06 12:15:00+00:00,SHORT,82538.5,82272.3,0.003235596914149763,0.0018355969141497632,2954.420546131701,2959.843671369281
2026-05-06 14:00:00+00:00,2026-05-06 15:00:00+00:00,LONG,81411.6,81609.8,0.0024345424976293106,0.0010345424976293106,2959.843671369281,2962.9057554336514
2026-05-07 00:40:00+00:00,2026-05-07 01:40:00+00:00,LONG,81039.4,81282.4,0.0029985414502082808,0.0015985414502082808,2962.9057554336514,2967.6420830967727
2026-05-07 07:10:00+00:00,2026-05-07 08:10:00+00:00,SHORT,81659.5,81515.9,0.0017616195122669431,0.00036161951226694315,2967.6420830967727,2968.715240379445
2026-05-07 09:35:00+00:00,2026-05-07 10:35:00+00:00,LONG,80930.0,80809.6,-0.0014877054244407661,-0.0028877054244407663,2968.715240379445,2960.142465276181
2026-05-07 13:45:00+00:00,2026-05-07 14:45:00+00:00,LONG,80331.6,80221.1,-0.0013755483520806466,-0.002775548352080647,2960.142465276181,2951.9264467347602
2026-05-07 15:20:00+00:00,2026-05-07 16:20:00+00:00,LONG,79835.7,79912.8,0.0009657333749188979,-0.0004342666250811021,2951.9264467347602,2950.644523599249
2026-05-08 02:15:00+00:00,2026-05-08 03:15:00+00:00,LONG,79385.7,79568.7,0.0023052010626598562,0.0009052010626598563,2950.644523599249,2953.3154501575423
2026-05-08 10:50:00+00:00,2026-05-08 11:50:00+00:00,SHORT,80211.9,80255.9,-0.0005482462971569957,-0.0019482462971569957,2953.3154501575423,2947.5616642674363
2026-05-08 13:10:00+00:00,2026-05-08 14:10:00+00:00,LONG,79686.8,79934.2,0.0031046547232413957,0.0017046547232413957,2947.5616642674363,2952.586239180475
2026-05-09 16:15:00+00:00,2026-05-09 17:15:00+00:00,SHORT,80648.6,80738.5,-0.0011134712683539272,-0.0025134712683539274,2952.586239180475,2945.1649985009576
2026-05-09 18:25:00+00:00,2026-05-09 19:25:00+00:00,SHORT,81034.1,80827.0,0.002562262610266375,0.0011622626102663748,2945.1649985009576,2948.58805365978
2026-05-10 15:45:00+00:00,2026-05-10 16:45:00+00:00,SHORT,81342.6,81329.3,0.00016353269977731344,-0.0012364673002226865,2948.58805365978,2944.942220949603
2026-05-10 20:40:00+00:00,2026-05-10 21:40:00+00:00,LONG,80800.1,80836.7,0.000452969736423503,-0.000947030263576497,2944.942220949603,2942.1532715418793
2026-05-10 22:30:00+00:00,2026-05-10 23:30:00+00:00,SHORT,82010.1,82208.0,-0.0024073082911637567,-0.003807308291163757,2942.1532715418793,2930.9515869972633
2026-05-11 03:05:00+00:00,2026-05-11 04:05:00+00:00,LONG,81037.9,80650.1,-0.004785415219298428,-0.006185415219298428,2930.9515869972633,2912.8224344440237
2026-05-11 16:10:00+00:00,2026-05-11 17:10:00+00:00,SHORT,81785.6,81512.4,0.0033516372969022434,0.0019516372969022434,2912.8224344440237,2918.507207346338
2026-05-12 01:15:00+00:00,2026-05-12 02:15:00+00:00,LONG,81375.8,81126.4,-0.003064793218622852,-0.004464793218622852,2918.507207346338,2905.476676158476
2026-05-12 07:00:00+00:00,2026-05-12 08:00:00+00:00,LONG,80921.9,80860.0,-0.0007649350793789145,-0.0021649350793789147,2905.476676158476,2899.1865077799434
2026-05-12 11:15:00+00:00,2026-05-12 12:15:00+00:00,LONG,80542.7,80830.6,0.0035745014756149995,0.0021745014756149993,2899.1865077799434,2905.4907931191938
2026-05-12 16:45:00+00:00,2026-05-12 17:45:00+00:00,LONG,79979.2,80476.6,0.006219116970412442,0.004819116970412441,2905.4907931191938,2919.4926931076916
2026-05-13 01:10:00+00:00,2026-05-13 02:10:00+00:00,SHORT,80955.1,81054.6,-0.0012275675902416738,-0.002627567590241674,2919.4926931076916,2911.8215287273347
2026-05-13 03:45:00+00:00,2026-05-13 04:45:00+00:00,SHORT,81268.4,81231.0,0.0004604153586684756,-0.0009395846413315244,2911.8215287273347,2909.085625940644
2026-05-13 11:00:00+00:00,2026-05-13 12:00:00+00:00,LONG,80740.8,80587.6,-0.0018974298000514755,-0.0032974298000514757,2909.085625940644,2899.4931203067663
2026-05-13 12:20:00+00:00,2026-05-13 13:20:00+00:00,LONG,80279.5,80226.2,-0.0006639303931887941,-0.0020639303931887943,2899.4931203067663,2893.5087683309234
2026-05-13 13:35:00+00:00,2026-05-13 14:35:00+00:00,LONG,79904.4,79800.2,-0.0013040583497279101,-0.0027040583497279103,2893.5087683309234,2885.6845517859074
2026-05-13 15:25:00+00:00,2026-05-13 16:25:00+00:00,LONG,79291.7,79062.5,-0.0028905925840914115,-0.004290592584091412,2885.6845517859074,2873.303255047988
2026-05-14 03:20:00+00:00,2026-05-14 04:20:00+00:00,LONG,79075.4,79309.8,0.002964259428343219,0.0015642594283432189,2873.303255047988,2877.7978467551857
2026-05-14 05:45:00+00:00,2026-05-14 06:45:00+00:00,SHORT,79826.5,79826.3,2.505439936406617e-06,-0.0013974945600635934,2877.7978467551857,2873.776139919383
2026-05-14 14:45:00+00:00,2026-05-14 15:45:00+00:00,SHORT,80690.8,81075.0,-0.0047388220783225465,-0.006138822078322547,2873.776139919383,2856.134539503489
2026-05-14 16:00:00+00:00,2026-05-14 17:00:00+00:00,SHORT,81330.1,82003.3,-0.008209425718233243,-0.009609425718233243,2856.134539503489,2828.6887268048504
2026-05-14 17:00:00+00:00,2026-05-14 18:00:00+00:00,SHORT,82003.3,81499.5,0.006181633016153487,0.004781633016153487,2828.6887268048504,2842.2144782133614
2026-05-15 02:30:00+00:00,2026-05-15 03:30:00+00:00,LONG,80795.9,80975.2,0.0022191720124411507,0.0008191720124411507,2842.2144782133614,2844.5427407672687
2026-05-15 05:30:00+00:00,2026-05-15 06:30:00+00:00,LONG,80553.6,80530.0,-0.00029297262940464197,-0.001692972629404642,2844.5427407672687,2839.7270077639782
2026-05-15 13:00:00+00:00,2026-05-15 14:00:00+00:00,LONG,80141.8,78957.3,-0.014780052357196816,-0.016180052357196814,2839.7270077639782,2793.7800760982113
2026-05-15 14:00:00+00:00,2026-05-15 15:00:00+00:00,LONG,78957.3,79112.3,0.0019630863770669915,0.0005630863770669915,2793.7800760982113,2795.353215599583
2026-05-16 04:30:00+00:00,2026-05-16 05:30:00+00:00,LONG,78925.7,78996.0,0.0008907111371834198,-0.0005092888628165802,2795.353215599583,2793.92957333924
2026-05-16 06:20:00+00:00,2026-05-16 07:20:00+00:00,LONG,78840.0,78420.0,-0.0053272450532724225,-0.006727245053272423,2793.92957333924,2775.1341244378023
2026-05-16 07:50:00+00:00,2026-05-16 08:50:00+00:00,LONG,78352.8,78405.5,0.0006725988094873347,-0.0007274011905126652,2775.1341244378023,2773.115488571854
2026-05-16 09:15:00+00:00,2026-05-16 10:15:00+00:00,LONG,77973.2,77920.9,-0.0006707432810247882,-0.0020707432810247884,2773.115488571854,2767.373078306388
2026-05-16 10:25:00+00:00,2026-05-16 11:25:00+00:00,LONG,77773.8,78148.9,0.004822960945716881,0.0034229609457168807,2767.373078306388,2776.8456882756586
2026-05-17 00:55:00+00:00,2026-05-17 01:55:00+00:00,LONG,77955.6,77723.8,-0.002973487472356151,-0.004373487472356151,2776.8456882756586,2764.701188445319
2026-05-17 05:05:00+00:00,2026-05-17 06:05:00+00:00,SHORT,78281.4,78184.3,0.0012419373198966355,-0.00015806268010336451,2764.701188445319,2764.2641923657884
2026-05-17 10:00:00+00:00,2026-05-17 11:00:00+00:00,SHORT,78324.1,78415.7,-0.001168133422260964,-0.0025681334222609643,2764.2641923657884,2757.165193105415
2026-05-17 14:05:00+00:00,2026-05-17 15:05:00+00:00,LONG,78064.8,78097.9,0.00042400672261999617,-0.0009759932773800038,2757.165193105415,2754.474218412318
2026-05-17 19:40:00+00:00,2026-05-17 20:40:00+00:00,SHORT,78381.7,78287.7,0.0012006994713089636,-0.0001993005286910364,2754.474218412318,2753.925250244323
2026-05-17 23:40:00+00:00,2026-05-18 00:40:00+00:00,LONG,77249.6,77013.8,-0.0030524429899960737,-0.004452442989996074,2753.925250244323,2741.6635550688993
2026-05-18 11:35:00+00:00,2026-05-18 12:35:00+00:00,SHORT,77169.8,77650.9,-0.006195678350154221,-0.007595678350154221,2741.6635550688993,2720.8387605602557
2026-05-18 12:35:00+00:00,2026-05-18 13:35:00+00:00,SHORT,77650.9,77018.4,0.008212323288980361,0.006812323288980361,2720.8387605602557,2739.3739938143804
2026-05-18 13:40:00+00:00,2026-05-18 14:40:00+00:00,LONG,76814.2,76480.2,-0.004348154377706193,-0.005748154377706193,2739.3739938143804,2723.627649199662
2026-05-19 01:25:00+00:00,2026-05-19 02:25:00+00:00,LONG,76765.6,76833.8,0.0008884187709077285,-0.0005115812290922715,2723.627649199662,2722.234292419295
2026-05-19 22:20:00+00:00,2026-05-19 23:20:00+00:00,LONG,76684.5,76885.8,0.0026250415664181848,0.0012250415664181848,2722.234292419295,2725.5691425810373
2026-05-20 05:05:00+00:00,2026-05-20 06:05:00+00:00,SHORT,77033.0,77211.1,-0.0023066631611258215,-0.0037066631611258217,2725.5691425810373,2715.466375847131
2026-05-20 08:35:00+00:00,2026-05-20 09:35:00+00:00,SHORT,77576.0,77535.4,0.000523631786255141,-0.000876368213744859,2715.466375847131,2713.086627429846
2026-05-20 13:30:00+00:00,2026-05-20 14:30:00+00:00,LONG,77254.6,77381.0,0.0016361485270779408,0.0002361485270779408,2713.086627429846,2713.727318840748
2026-05-21 00:45:00+00:00,2026-05-21 01:45:00+00:00,SHORT,77950.5,77915.2,0.0004530566564675542,-0.0009469433435324458,2713.727318840748,2711.1575728200096
2026-05-21 07:15:00+00:00,2026-05-21 08:15:00+00:00,LONG,77545.0,78027.7,0.006224772712618343,0.0048247727126183425,2711.1575728200096,2724.23829189696
2026-05-21 10:25:00+00:00,2026-05-21 11:25:00+00:00,LONG,77386.5,77323.5,-0.0008140954817700274,-0.0022140954817700276,2724.23829189696,2718.2065682036064
2026-05-21 13:35:00+00:00,2026-05-21 14:35:00+00:00,LONG,76890.9,77123.8,0.00302896701690325,0.0016289670169032501,2718.2065682036064,2722.63443704834
2026-05-21 17:15:00+00:00,2026-05-21 18:15:00+00:00,SHORT,77766.3,77820.0,-0.000690053970701543,-0.002090053970701543,2722.63443704834,2716.9439841324183
2026-05-22 07:05:00+00:00,2026-05-22 08:05:00+00:00,LONG,77323.7,77384.2,0.0007824250520862552,-0.0006175749479137448,2716.9439841324183,2715.2660675929333
2026-05-22 14:20:00+00:00,2026-05-22 15:20:00+00:00,LONG,76818.6,76629.0,-0.002468152244378352,-0.0038681522443783523,2715.2660675929333,2704.7630050594894
2026-05-22 18:45:00+00:00,2026-05-22 19:45:00+00:00,LONG,76339.5,75742.5,-0.007820328925392528,-0.009220328925392528,2704.7630050594894,2679.824200487608
2026-05-22 22:40:00+00:00,2026-05-22 23:40:00+00:00,LONG,75657.1,75800.1,0.001890106810861214,0.000490106810861214,2679.824200487608,2681.137600580177
2026-05-23 00:35:00+00:00,2026-05-23 01:35:00+00:00,LONG,75313.7,75478.4,0.0021868531223403487,0.0007868531223403487,2681.137600580177,2683.2472620726176
2026-05-23 07:00:00+00:00,2026-05-23 08:00:00+00:00,LONG,75366.8,74615.6,-0.009967253485619665,-0.011367253485619665,2683.2472620726176,2652.7461102800435
2026-05-23 13:00:00+00:00,2026-05-23 14:00:00+00:00,SHORT,74949.1,75141.9,-0.0025658121500785613,-0.0039658121500785615,2652.7461102800435,2642.225817524821
2026-05-23 14:20:00+00:00,2026-05-23 15:20:00+00:00,SHORT,75296.7,75636.0,-0.004485959067110912,-0.005885959067110912,2642.225817524821,2626.6737845168063
2026-05-23 18:10:00+00:00,2026-05-23 19:10:00+00:00,SHORT,75694.3,75805.0,-0.0014603258360266214,-0.0028603258360266216,2626.6737845168063,2619.1606416281393
2026-05-23 19:15:00+00:00,2026-05-23 20:15:00+00:00,SHORT,75958.2,76143.0,-0.0024270123320594417,-0.003827012332059442,2619.1606416281393,2609.137081552984
2026-05-23 20:30:00+00:00,2026-05-23 21:30:00+00:00,SHORT,76293.4,76835.5,-0.00705533249604684,-0.00845533249604684,2609.137081552984,2587.075960000688
2026-05-24 06:50:00+00:00,2026-05-24 07:50:00+00:00,SHORT,77009.0,76793.2,0.0028101446482240444,0.0014101446482240444,2587.075960000688,2590.724111320232
2026-05-24 10:25:00+00:00,2026-05-24 11:25:00+00:00,SHORT,77231.6,77287.6,-0.0007245664246269268,-0.002124566424626927,2590.724111320232,2585.21994585785
2026-05-24 13:50:00+00:00,2026-05-24 14:50:00+00:00,LONG,76784.4,76496.1,-0.003754668917123616,-0.005154668917123616,2585.21994585785,2571.8939929590083
2026-05-24 21:30:00+00:00,2026-05-24 22:30:00+00:00,LONG,76411.7,76855.1,0.005802776276408128,0.004402776276408128,2571.8939929590083,2583.2174668166444
2026-05-25 04:50:00+00:00,2026-05-25 05:50:00+00:00,SHORT,77384.2,77426.3,-0.0005437428883984241,-0.001943742888398424,2583.2174668166444,2578.196356236333
2026-05-25 06:05:00+00:00,2026-05-25 07:05:00+00:00,SHORT,77579.4,77415.9,0.0021119692466275986,0.0007119692466275986,2578.196356236333,2580.0319527537404
2026-05-25 09:30:00+00:00,2026-05-25 10:30:00+00:00,SHORT,77624.4,77552.0,0.000933567154941084,-0.000466432845058916,2580.0319527537404,2578.8285411096745
2026-05-25 14:25:00+00:00,2026-05-25 15:25:00+00:00,SHORT,77625.7,77607.8,0.0002306469195105798,-0.0011693530804894202,2578.8285411096745,2575.812980011074
2026-05-25 19:05:00+00:00,2026-05-25 20:05:00+00:00,LONG,77439.3,77457.2,0.00023114878362795466,-0.0011688512163720453,2575.812980011074,2572.8022378762416
2026-05-25 20:40:00+00:00,2026-05-25 21:40:00+00:00,LONG,77269.0,77307.8,0.0005021418680195566,-0.0008978581319804434,2572.8022378762416,2570.492226464987
2026-05-26 00:35:00+00:00,2026-05-26 01:35:00+00:00,LONG,76971.1,76660.0,-0.004041776718794576,-0.0054417767187945765,2570.492226464987,2556.504181711168
2026-05-26 05:30:00+00:00,2026-05-26 06:30:00+00:00,SHORT,76899.9,76866.9,0.00042931352766917286,-0.0009706864723308271,2556.504181711168,2554.0226176855235
2026-05-26 10:25:00+00:00,2026-05-26 11:25:00+00:00,SHORT,77235.8,77242.1,-8.156173899986907e-05,-0.001481561738999869,2554.0226176855235,2550.2386754946206
2026-05-26 14:20:00+00:00,2026-05-26 15:20:00+00:00,SHORT,77791.0,76710.2,0.014089390980599692,0.012689390980599692,2550.2386754946206,2582.5996511418184
2026-05-26 17:30:00+00:00,2026-05-26 18:30:00+00:00,LONG,75896.6,76135.1,0.003142433257879773,0.0017424332578797731,2582.5996511418184,2587.0996586657566
2026-05-27 04:30:00+00:00,2026-05-27 05:30:00+00:00,LONG,75349.1,75630.7,0.0037372709163081552,0.002337270916308155,2587.0996586657566,2593.1464114555465
2026-05-27 07:55:00+00:00,2026-05-27 08:55:00+00:00,SHORT,75995.0,75874.8,0.0015841886897889346,0.00018418868978893458,2593.1464114555465,2593.624039695503
2026-05-27 13:20:00+00:00,2026-05-27 14:20:00+00:00,LONG,75384.4,74891.0,-0.006545120741161203,-0.007945120741161204,2593.624039695503,2573.017383542944
2026-05-27 20:15:00+00:00,2026-05-27 21:15:00+00:00,SHORT,75399.1,75159.8,0.003183882873557531,0.0017838828735575309,2573.017383542944,2577.607345186812
2026-05-27 21:40:00+00:00,2026-05-27 22:40:00+00:00,LONG,74636.2,74630.3,-7.905011241182702e-05,-0.001479050112411827,2577.607345186812,2573.79493475316
2026-05-28 03:15:00+00:00,2026-05-28 04:15:00+00:00,LONG,73731.3,72993.6,-0.010005248788506282,-0.011405248788506283,2573.79493475316,2544.440163191703
2026-05-28 04:25:00+00:00,2026-05-28 05:25:00+00:00,LONG,73009.2,72958.5,-0.0006944330303577662,-0.0020944330303577664,2544.440163191703,2539.1110036701457
2026-05-28 13:30:00+00:00,2026-05-28 14:30:00+00:00,LONG,72957.8,72936.8,-0.00028783762668282975,-0.0016878376266828297,2539.1110036701457,2534.8253965798267
2026-05-29 06:20:00+00:00,2026-05-29 07:20:00+00:00,SHORT,73832.7,73811.8,0.0002831525582629446,-0.0011168474417370554,2534.8253965798267,2531.9943833204065
2026-05-29 07:50:00+00:00,2026-05-29 08:50:00+00:00,LONG,73401.0,73705.9,0.0041538943611121315,0.0027538943611121313,2531.9943833204065,2538.967228375
2026-05-29 11:50:00+00:00,2026-05-29 12:50:00+00:00,LONG,73424.8,73327.3,-0.0013278892145432986,-0.0027278892145432988,2538.967228375,2532.041207056637
2026-05-29 13:10:00+00:00,2026-05-29 14:10:00+00:00,LONG,73129.2,73012.9,-0.001590336008051585,-0.002990336008051585,2532.041207056637,2524.4695530613053
2026-05-29 15:30:00+00:00,2026-05-29 16:30:00+00:00,SHORT,74043.9,74066.2,-0.00030108200501721694,-0.001701082005017217,2524.4695530613053,2520.175223332379
2026-05-29 18:50:00+00:00,2026-05-29 19:50:00+00:00,LONG,73337.7,73593.4,0.003486610570006876,0.002086610570006876,2520.175223332379,2525.433847591654
2026-05-30 02:50:00+00:00,2026-05-30 03:50:00+00:00,SHORT,73784.2,73534.8,0.003391591464177335,0.0019915914641773346,2525.433847591654,2530.4634800858616
2026-05-30 13:20:00+00:00,2026-05-30 14:20:00+00:00,SHORT,73782.9,73985.3,-0.0027356785739871547,-0.004135678573987155,2530.4634800858616,2519.9982964890137
2026-05-30 14:20:00+00:00,2026-05-30 15:20:00+00:00,SHORT,73985.3,73887.5,0.0013236339028930288,-7.636609710697114e-05,2519.9982964890137,2519.805854054395
2026-05-31 01:10:00+00:00,2026-05-31 02:10:00+00:00,SHORT,74151.4,74174.0,-0.00030468897457336386,-0.0017046889745733638,2519.805854054395,2515.510368796923
2026-05-31 06:00:00+00:00,2026-05-31 07:00:00+00:00,LONG,74007.5,73988.7,-0.00025402830794185594,-0.001654028307941856,2515.510368796923,2511.3496434380118
2026-05-31 07:20:00+00:00,2026-05-31 08:20:00+00:00,LONG,73890.8,73970.4,0.0010772653699782087,-0.00032273463002179133,2511.3496434380118,2510.5391439399814
2026-05-31 14:15:00+00:00,2026-05-31 15:15:00+00:00,LONG,73581.9,73685.7,0.0014106730051819394,1.0673005181939402e-05,2510.5391439399814,2510.565938937274
2026-05-31 16:30:00+00:00,2026-05-31 17:30:00+00:00,LONG,73435.6,73663.7,0.003106122915860876,0.001706122915860876,2510.565938937274,2514.8492730174744
2026-05-31 21:45:00+00:00,2026-05-31 22:45:00+00:00,SHORT,73840.2,73940.1,-0.0013510936555402031,-0.0027510936555402033,2514.8492730174744,2507.9306871378362
2026-06-01 06:40:00+00:00,2026-06-01 07:40:00+00:00,LONG,73007.1,72946.2,-0.0008341654441829105,-0.0022341654441829107,2507.9306871378362,2502.327555060227
2026-06-01 07:45:00+00:00,2026-06-01 08:45:00+00:00,LONG,72757.7,72812.6,0.0007545593112483484,-0.0006454406887516516,2502.327555060227,2500.712451039607
2026-06-01 12:00:00+00:00,2026-06-01 13:00:00+00:00,LONG,72323.6,72029.0,-0.00407335918012941,-0.00547335918012941,2500.712451039607,2487.0251535888456
2026-06-01 13:10:00+00:00,2026-06-01 14:10:00+00:00,LONG,71843.0,71667.4,-0.0024442186434309177,-0.003844218643430918,2487.0251535888456,2477.4644851267376
2026-06-01 15:15:00+00:00,2026-06-01 16:15:00+00:00,LONG,71261.4,70915.5,-0.004853960208471841,-0.006253960208471842,2477.4644851267376,2461.970520818853
2026-06-01 21:05:00+00:00,2026-06-01 22:05:00+00:00,LONG,71160.2,70919.4,-0.003383914041838021,-0.004783914041838021,2461.970520818853,2450.1926654737163
2026-06-01 22:05:00+00:00,2026-06-01 23:05:00+00:00,LONG,70919.4,71382.2,0.006525717927675645,0.005125717927675645,2450.1926654737163,2462.751661945394
2026-06-02 02:05:00+00:00,2026-06-02 03:05:00+00:00,LONG,70261.1,71018.1,0.010774098327523962,0.009374098327523962,2462.751661945394,2485.837738180743
2026-06-02 05:55:00+00:00,2026-06-02 06:55:00+00:00,LONG,70270.8,70110.7,-0.00227832897875091,-0.00367832897875091,2485.837738180743,2476.6940091919205
2026-06-02 06:55:00+00:00,2026-06-02 07:55:00+00:00,LONG,70110.7,70123.1,0.00017686316068754593,-0.001223136839312454,2476.6940091919205,2473.6646735095733
2026-06-02 14:20:00+00:00,2026-06-02 15:20:00+00:00,LONG,68010.2,67601.2,-0.006013803811781182,-0.007413803811781182,2473.6646735095733,2455.3254089240395
2026-06-02 15:30:00+00:00,2026-06-02 16:30:00+00:00,LONG,67250.9,67796.9,0.008118850454045923,0.0067188504540459226,2455.3254089240395,2471.822373162619
2026-06-02 19:30:00+00:00,2026-06-02 20:30:00+00:00,LONG,66592.9,67187.6,0.008930381467093573,0.007530381467093573,2471.822373162619,2490.43613855143
2026-06-02 22:50:00+00:00,2026-06-02 23:50:00+00:00,LONG,66575.9,66781.4,0.003086702545515685,0.001686702545515685,2490.43613855143,2494.636763525769
2026-06-03 03:30:00+00:00,2026-06-03 04:30:00+00:00,LONG,66038.1,66459.8,0.006385707644526395,0.004985707644526395,2494.636763525769,2507.074293107996
2026-06-03 16:20:00+00:00,2026-06-03 17:20:00+00:00,LONG,65641.0,65821.1,0.0027437120092626,0.0013437120092626,2507.074293107996,2510.4430789437583
2026-06-03 19:50:00+00:00,2026-06-03 20:50:00+00:00,LONG,65360.1,65050.0,-0.004744484785059955,-0.006144484785059955,2510.4430789437583,2495.0176996414293
2026-06-04 00:20:00+00:00,2026-06-04 01:20:00+00:00,LONG,64012.8,62619.6,-0.021764397120575985,-0.023164397120575983,2495.0176996414293,2437.222118824069
2026-06-04 01:20:00+00:00,2026-06-04 02:20:00+00:00,LONG,62619.6,63020.9,0.0064085366243158415,0.005008536624315841,2437.222118824069,2449.429035067792
2026-06-05 03:00:00+00:00,2026-06-05 04:00:00+00:00,LONG,62595.3,62632.7,0.0005974889488506996,-0.0008025110511493004,2449.429035067792,2447.4633411981445
2026-06-05 06:00:00+00:00,2026-06-05 07:00:00+00:00,LONG,62179.2,61679.3,-0.008039665997632506,-0.009439665997632506,2447.4633411981445,2424.3601047157845
2026-06-05 12:00:00+00:00,2026-06-05 13:00:00+00:00,LONG,61661.8,62081.5,0.006806483106234218,0.005406483106234218,2424.3601047157845,2437.4673666653584
2026-06-05 13:45:00+00:00,2026-06-05 14:45:00+00:00,LONG,61260.0,60788.9,-0.007690173032974146,-0.009090173032974146,2437.4673666653584,2415.3103665401427
2026-06-05 18:45:00+00:00,2026-06-05 19:45:00+00:00,LONG,59781.4,60215.9,0.007268146948716581,0.00586814694871658,2415.3103665401427,2429.4837626977587
2026-06-05 20:50:00+00:00,2026-06-05 21:50:00+00:00,SHORT,61510.1,61733.4,-0.0036171667201223556,-0.005017166720122356,2429.4837626977587,2417.294637616474
2026-06-06 04:10:00+00:00,2026-06-06 05:10:00+00:00,LONG,60129.0,59894.0,-0.003908263899283226,-0.005308263899283227,2417.294637616474,2404.462999757684
2026-06-06 10:15:00+00:00,2026-06-06 11:15:00+00:00,LONG,60527.5,60702.0,0.0028829870719919715,0.0014829870719919715,2404.462999757684,2408.0287873014076
2026-06-06 21:30:00+00:00,2026-06-06 22:30:00+00:00,SHORT,60995.5,60514.4,0.007950173842919961,0.006550173842919961,2408.0287873014076,2423.8017944769877
2026-06-07 01:05:00+00:00,2026-06-07 02:05:00+00:00,SHORT,61328.5,61547.4,-0.003556608402629502,-0.004956608402629502,2423.8017944769877,2411.7879581361744
2026-06-07 03:15:00+00:00,2026-06-07 04:15:00+00:00,SHORT,61754.2,61622.8,0.0021323276449625173,0.0007323276449625173,2411.7879581361744,2413.5541771317053
2026-06-07 06:35:00+00:00,2026-06-07 07:35:00+00:00,SHORT,62209.5,62243.0,-0.0005382131324004336,-0.0019382131324004335,2413.5541771317053,2408.876194729829
2026-06-07 07:55:00+00:00,2026-06-07 08:55:00+00:00,SHORT,62400.1,62857.1,-0.00727045950258598,-0.00867045950258598,2408.876194729829,2387.9901312366806
2026-06-07 09:10:00+00:00,2026-06-07 10:10:00+00:00,SHORT,62837.5,62420.6,0.006678884855320311,0.00527888485532031,2387.9901312366806,2400.59605617512
2026-06-07 12:15:00+00:00,2026-06-07 13:15:00+00:00,LONG,62010.0,61666.1,-0.005545879696823075,-0.006945879696823075,2400.59605617512,2383.92180476826
2026-06-07 19:00:00+00:00,2026-06-07 20:00:00+00:00,LONG,61856.2,61497.5,-0.005798933655801641,-0.0071989336558016415,2383.92180476826,2366.7601098551145
2026-06-07 22:10:00+00:00,2026-06-07 23:10:00+00:00,SHORT,63682.8,63017.9,0.010550970438558016,0.009150970438558016,2366.7601098551145,2388.4182616555568
2026-06-08 00:35:00+00:00,2026-06-08 01:35:00+00:00,SHORT,63835.2,63047.8,0.012488936965286523,0.011088936965286523,2388.4182616555568,2414.9032812057944
2026-06-09 00:25:00+00:00,2026-06-09 01:25:00+00:00,LONG,62734.0,62787.3,0.000849619026365378,-0.000550380973634622,2414.9032812057944,2413.574164386651
2026-06-09 14:20:00+00:00,2026-06-09 15:20:00+00:00,LONG,61808.8,61451.4,-0.0057823481446007685,-0.007182348144600769,2413.574164386651,2396.239034465212
2026-06-09 16:00:00+00:00,2026-06-09 17:00:00+00:00,LONG,61034.8,61645.9,0.010012320839914324,0.008612320839914324,2396.239034465212,2416.876213839153
2026-06-10 09:20:00+00:00,2026-06-10 10:20:00+00:00,LONG,60976.3,61276.7,0.00492650423197194,0.0035265042319719397,2416.876213839153,2425.399338035409
2026-06-10 12:30:00+00:00,2026-06-10 13:30:00+00:00,SHORT,61669.3,61772.9,-0.0016771108366290255,-0.0030771108366290257,2425.399338035409,2417.9361154491876
2026-06-10 13:35:00+00:00,2026-06-10 14:35:00+00:00,SHORT,62174.3,61914.3,0.0041993529766144455,0.0027993529766144453,2417.9361154491876,2424.7047721112335
2026-06-10 15:50:00+00:00,2026-06-10 16:50:00+00:00,SHORT,62826.8,62172.0,0.010532072315511787,0.009132072315511787,2424.7047721112335,2446.84735143392
2026-06-11 01:15:00+00:00,2026-06-11 02:15:00+00:00,SHORT,62199.1,62292.5,-0.0014993779347434177,-0.002899377934743418,2446.84735143392,2439.753016213487
2026-06-11 03:55:00+00:00,2026-06-11 04:55:00+00:00,SHORT,62682.4,62720.0,-0.0005994897959183954,-0.0019994897959183956,2439.753016213487,2434.874754953007
2026-06-11 06:20:00+00:00,2026-06-11 07:20:00+00:00,SHORT,62979.2,62777.5,0.0032129345705069756,0.0018129345705069756,2434.874754953007,2439.289023571116
2026-06-11 17:45:00+00:00,2026-06-11 18:45:00+00:00,SHORT,63596.6,63522.8,0.0011617875786331666,-0.00023821242136683337,2439.289023571116,2438.7079546263976
2026-06-12 06:15:00+00:00,2026-06-12 07:15:00+00:00,LONG,63175.2,63034.1,-0.002233471362180106,-0.0036334713621801063,2438.7079546263976,2429.8469791125417
2026-06-12 08:20:00+00:00,2026-06-12 09:20:00+00:00,SHORT,63507.7,63677.6,-0.0026681281957863234,-0.004068128195786324,2429.8469791125417,2419.962050105368
2026-06-12 09:30:00+00:00,2026-06-12 10:30:00+00:00,SHORT,63911.0,63731.9,0.002810209643836048,0.001410209643836048,2419.962050105368,2423.3747039261434
2026-06-12 15:10:00+00:00,2026-06-12 16:10:00+00:00,SHORT,64371.7,63857.4,0.0080538825570724,0.0066538825570724,2423.3747039261434,2439.4995545978477
2026-06-13 01:40:00+00:00,2026-06-13 02:40:00+00:00,SHORT,63760.1,63623.5,0.002147005430383375,0.0007470054303833752,2439.4995545978477,2441.32187401255
2026-06-13 07:50:00+00:00,2026-06-13 08:50:00+00:00,SHORT,63847.4,63812.8,0.0005422109670787378,-0.0008577890329212621,2441.32187401255,2439.2277348831913
2026-06-13 12:45:00+00:00,2026-06-13 13:45:00+00:00,SHORT,64080.2,64155.2,-0.0011690400778112675,-0.0025690400778112677,2439.2277348831913,2432.9612610733675
2026-06-13 21:40:00+00:00,2026-06-13 22:40:00+00:00,SHORT,64579.1,64518.1,0.0009454711158574103,-0.0004545288841425897,2432.9612610733675,2431.85540990621
2026-06-14 04:45:00+00:00,2026-06-14 05:45:00+00:00,LONG,64385.4,64371.7,-0.0002127811584614614,-0.0016127811584614614,2431.85540990621,2427.933359321011
2026-06-14 14:25:00+00:00,2026-06-14 15:25:00+00:00,LONG,64153.7,64065.8,-0.0013701470063299803,-0.0027701470063299805,2427.933359321011,2421.207626994119
2026-06-14 20:35:00+00:00,2026-06-14 21:35:00+00:00,SHORT,64041.3,64999.5,-0.01474165185886045,-0.016141651858860448,2421.207626994119,2382.1253364011623
2026-06-14 21:40:00+00:00,2026-06-14 22:40:00+00:00,SHORT,65263.9,65469.3,-0.0031373483449494977,-0.004537348344949498,2382.1253364011623,2371.3168039485804
2026-06-15 00:10:00+00:00,2026-06-15 01:10:00+00:00,SHORT,65883.9,65516.4,0.005609282561312767,0.004209282561312767,2371.3168039485804,2381.298346418789
2026-06-15 11:15:00+00:00,2026-06-15 12:15:00+00:00,SHORT,66243.0,66293.3,-0.0007587493758796082,-0.0021587493758796084,2381.298346418789,2376.1577200996744
2026-06-15 13:00:00+00:00,2026-06-15 14:00:00+00:00,SHORT,66557.0,66353.2,0.0030714419199073806,0.0016714419199073806,2376.1577200996744,2380.1293297213606
2026-06-15 15:45:00+00:00,2026-06-15 16:45:00+00:00,SHORT,67197.8,67100.0,0.0014575260804770007,5.752608047700073e-05,2380.1293297213606,2380.2662492327277
2026-06-15 19:15:00+00:00,2026-06-15 20:15:00+00:00,LONG,66425.2,66532.0,0.0016078235368504057,0.0002078235368504057,2380.2662492327277,2380.7609245832887
2026-06-15 22:25:00+00:00,2026-06-15 23:25:00+00:00,LONG,66164.4,66229.4,0.0009824014122397084,-0.00041759858776029154,2380.7609245832887,2379.766722183388
2026-06-16 02:25:00+00:00,2026-06-16 03:25:00+00:00,LONG,65776.7,65984.3,0.0031561327947435824,0.0017561327947435825,2379.766722183388,2383.9459085680537
2026-06-16 06:35:00+00:00,2026-06-16 07:35:00+00:00,SHORT,66460.9,66376.6,0.0012700258826150446,-0.00012997411738495542,2383.9459085680537,2383.636057302694
2026-06-16 08:30:00+00:00,2026-06-16 09:30:00+00:00,SHORT,66620.0,66712.8,-0.0013910374021177674,-0.0027910374021177676,2383.636057302694,2376.983239913726
2026-06-16 13:30:00+00:00,2026-06-16 14:30:00+00:00,LONG,65974.5,65569.1,-0.006144798369066784,-0.007544798369066784,2376.983239913726,2359.049380641926
2026-06-16 14:30:00+00:00,2026-06-16 15:30:00+00:00,LONG,65569.1,65859.2,0.004424340123625248,0.0030243401236252476,2359.049380641926,2366.183948337414
2026-06-17 07:50:00+00:00,2026-06-17 08:50:00+00:00,LONG,65316.6,64915.7,-0.00613779651727131,-0.00753779651727131,2366.183948337414,2348.348135212413
2026-06-17 11:00:00+00:00,2026-06-17 12:00:00+00:00,LONG,64711.5,64823.4,0.0017292135091908634,0.0003292135091908634,2348.348135212413,2349.121243142808
2026-06-17 16:15:00+00:00,2026-06-17 17:15:00+00:00,SHORT,65939.5,65940.4,-1.3648688815925958e-05,-0.001413648688815926,2349.121243142808,2345.8004109775698
2026-06-18 04:10:00+00:00,2026-06-18 05:10:00+00:00,LONG,63929.2,63919.5,-0.00015173035170157334,-0.0015517303517015733,2345.8004109775698,2342.160361280822
2026-06-18 07:35:00+00:00,2026-06-18 08:35:00+00:00,SHORT,64455.4,64585.4,-0.0020128388149643905,-0.0034128388149643907,2342.160361280822,2334.166945488972
2026-06-18 10:10:00+00:00,2026-06-18 11:10:00+00:00,LONG,64005.7,64019.4,0.00021404343675657245,-0.0011859565632434275,2334.166945488972,2331.3987248802637
2026-06-18 15:35:00+00:00,2026-06-18 16:35:00+00:00,LONG,62935.0,62699.1,-0.0037483117502185026,-0.005148311750218503,2331.3987248802637,2319.395957430518
2026-06-19 03:15:00+00:00,2026-06-19 04:15:00+00:00,LONG,62526.5,62780.5,0.004062277594300001,0.002662277594300001,2319.395957430518,2325.570833320295
2026-06-19 13:40:00+00:00,2026-06-19 14:40:00+00:00,SHORT,63096.3,63322.7,-0.003575337122390443,-0.004975337122390443,2325.570833320295,2314.0003344225283
2026-06-19 23:55:00+00:00,2026-06-20 00:55:00+00:00,SHORT,63541.0,63528.5,0.0001967620831595518,-0.0012032379168404482,2314.0003344225283,2311.21604148057
2026-06-20 05:10:00+00:00,2026-06-20 06:10:00+00:00,SHORT,63812.3,63681.9,0.0020476775975590833,0.0006476775975590833,2311.21604148057,2312.7129643337557
2026-06-20 08:40:00+00:00,2026-06-20 09:40:00+00:00,LONG,63437.4,63691.0,0.003997641769681648,0.0025976417696816478,2312.7129643337557,2318.720564131193
2026-06-20 13:20:00+00:00,2026-06-20 14:20:00+00:00,LONG,63331.2,63353.8,0.00035685412561270446,-0.0010431458743872955,2318.720564131193,2316.3018003408624
2026-06-20 14:45:00+00:00,2026-06-20 15:45:00+00:00,SHORT,63971.9,64150.2,-0.0027794145614510324,-0.004179414561451033,2316.3018003408624,2306.621014867803
2026-06-20 22:20:00+00:00,2026-06-20 23:20:00+00:00,SHORT,64224.4,64285.9,-0.000956663902971,-0.002356663902971,2306.621014867803,2301.18508438423
2026-06-21 03:20:00+00:00,2026-06-21 04:20:00+00:00,SHORT,64411.3,64495.1,-0.001299323514499462,-0.002699323514499462,2301.18508438423,2294.973441374736
2026-06-21 04:25:00+00:00,2026-06-21 05:25:00+00:00,SHORT,64529.4,64297.5,0.0036066721101131183,0.002206672110113118,2294.973441374736,2300.037695261268
2026-06-21 08:25:00+00:00,2026-06-21 09:25:00+00:00,LONG,64046.3,64045.5,-1.2490963568589919e-05,-0.00141249096356859,2300.037695261268,2296.788912800844
2026-06-21 11:05:00+00:00,2026-06-21 12:05:00+00:00,SHORT,64445.1,64211.2,0.003642666699890329,0.0022426666998903288,2296.788912800844,2301.9398448122597
2026-06-21 20:45:00+00:00,2026-06-21 21:45:00+00:00,LONG,63735.1,63901.7,0.002613944278741176,0.001213944278741176,2301.9398448122597,2304.7342715168757
2026-06-22 01:20:00+00:00,2026-06-22 02:20:00+00:00,SHORT,64354.3,64544.0,-0.0029390803173028335,-0.004339080317302834,2304.7342715168757,2294.7338444027237
2026-06-22 11:30:00+00:00,2026-06-22 12:30:00+00:00,SHORT,64609.0,64950.0,-0.005250192455735214,-0.006650192455735214,2294.7338444027237,2279.4734227027566
2026-06-22 12:35:00+00:00,2026-06-22 13:35:00+00:00,SHORT,65103.8,65295.5,-0.0029358837898476597,-0.00433588378984766,2279.4734227027566,2269.5898908398713
2026-06-22 13:40:00+00:00,2026-06-22 14:40:00+00:00,SHORT,65411.8,64903.6,0.007830074140725785,0.006430074140725784,2269.5898908398713,2284.1835221070132
2026-06-22 22:25:00+00:00,2026-06-22 23:25:00+00:00,LONG,64037.7,64045.6,0.00012336483040464863,-0.0012766351695953514,2284.1835221070132,2281.267453088881
2026-06-23 04:40:00+00:00,2026-06-23 05:40:00+00:00,LONG,63814.0,63445.9,-0.005768326699470361,-0.007168326699470361,2281.267453088881,2264.9145826962717
2026-06-23 06:05:00+00:00,2026-06-23 07:05:00+00:00,LONG,63169.8,63032.8,-0.0021687578558108322,-0.0035687578558108324,2264.9145826962717,2256.831650986534
2026-06-23 08:15:00+00:00,2026-06-23 09:15:00+00:00,LONG,62402.9,62455.5,0.0008429095442679113,-0.0005570904557320887,2256.831650986534,2255.5743916135752
2026-06-23 13:05:00+00:00,2026-06-23 14:05:00+00:00,LONG,62121.1,62573.8,0.007287379006488903,0.005887379006488903,2255.5743916135752,2268.8538129343347
2026-06-23 14:10:00+00:00,2026-06-23 15:10:00+00:00,SHORT,62744.3,62387.1,0.005725542620189206,0.0043255426201892055,2268.8538129343347,2278.667836801161
2026-06-24 00:05:00+00:00,2026-06-24 01:05:00+00:00,SHORT,62861.0,62935.6,-0.001185338663649782,-0.0025853386636497822,2278.667836801161,2272.7767087410634
2026-06-24 10:55:00+00:00,2026-06-24 11:55:00+00:00,LONG,62449.1,62919.7,0.007535737104297668,0.006135737104297668,2272.7767087410634,2286.7218691226694
2026-06-24 13:05:00+00:00,2026-06-24 14:05:00+00:00,LONG,62253.9,61357.0,-0.014407129513171135,-0.015807129513171134,2286.7218691226694,2250.5753603768467
2026-06-24 14:15:00+00:00,2026-06-24 15:15:00+00:00,LONG,61014.2,60985.7,-0.00046710437898067614,-0.0018671043789806761,2250.5753603768467,2246.373301266261
2026-06-24 15:30:00+00:00,2026-06-24 16:30:00+00:00,LONG,60776.6,60523.4,-0.00416607707571659,-0.00556607707571659,2246.373301266261,2233.869814330581
2026-06-24 16:45:00+00:00,2026-06-24 17:45:00+00:00,LONG,60082.0,59395.8,-0.011421057887553654,-0.012821057887553654,2233.869814330581,2205.22924012779
2026-06-24 17:45:00+00:00,2026-06-24 18:45:00+00:00,LONG,59395.8,59468.3,0.0012206250273587571,-0.00017937497264124288,2205.22924012779,2204.8336771931745
2026-06-24 20:00:00+00:00,2026-06-24 21:00:00+00:00,SHORT,60246.4,60766.0,-0.008550834348155179,-0.009950834348155179,2204.8336771931745,2182.8937425061913
2026-06-25 04:50:00+00:00,2026-06-25 05:50:00+00:00,SHORT,61207.9,61618.2,-0.006658746928667081,-0.008058746928667081,2182.8937425061913,2165.302354263163
2026-06-25 07:15:00+00:00,2026-06-25 08:15:00+00:00,SHORT,61852.1,61744.7,0.0017394205494560833,0.0003394205494560833,2165.302354263163,2166.0373023779857
2026-06-25 10:30:00+00:00,2026-06-25 11:30:00+00:00,LONG,61542.3,61262.0,-0.004554590907392186,-0.005954590907392187,2166.0373023779857,2153.1394363521736
2026-06-25 13:35:00+00:00,2026-06-25 14:35:00+00:00,LONG,60664.9,59750.8,-0.015068021211606664,-0.016468021211606662,2153.1394363521736,2117.6814904427792
2026-06-25 21:55:00+00:00,2026-06-25 22:55:00+00:00,SHORT,60218.9,59849.1,0.006178873199429891,0.0047788731994298905,2117.6814904427792,2127.801621762385
2026-06-26 01:25:00+00:00,2026-06-26 02:25:00+00:00,LONG,59298.1,58887.6,-0.006922650135501862,-0.008322650135501862,2127.801621762385,2110.092673306703
2026-06-26 02:50:00+00:00,2026-06-26 03:50:00+00:00,LONG,58504.0,59806.1,0.022256597839463987,0.02085659783946399,2110.092673306703,2154.1020275978603
2026-06-26 07:25:00+00:00,2026-06-26 08:25:00+00:00,SHORT,60600.0,60314.6,0.004731855968538312,0.003331855968538312,2154.1020275978603,2161.279185295353
2026-06-26 09:45:00+00:00,2026-06-26 10:45:00+00:00,LONG,59813.5,59466.1,-0.0058080533658789735,-0.007208053365878974,2161.279185295353,2145.7005695891808
2026-06-27 02:20:00+00:00,2026-06-27 03:20:00+00:00,SHORT,60299.9,60325.5,-0.00042436448931215676,-0.0018243644893121567,2145.7005695891808,2141.7860296653253
2026-06-27 13:35:00+00:00,2026-06-27 14:35:00+00:00,SHORT,60624.9,60618.0,0.00011382757596756221,-0.0012861724240324378,2141.7860296653253,2139.0313235357917
2026-06-27 15:10:00+00:00,2026-06-27 16:10:00+00:00,SHORT,60878.4,60752.1,0.0020789404810699352,0.0006789404810699352,2139.0313235357917,2140.4835984916167
2026-06-27 17:00:00+00:00,2026-06-27 18:00:00+00:00,LONG,60433.7,60495.5,0.0010226082467232889,-0.0003773917532767111,2140.4835984916167,2139.675797633522
2026-06-27 19:25:00+00:00,2026-06-27 20:25:00+00:00,LONG,60326.0,60274.6,-0.0008520372641979135,-0.0022520372641979137,2139.675797633522,2134.857168003949
2026-06-27 22:15:00+00:00,2026-06-27 23:15:00+00:00,LONG,60011.6,60048.2,0.0006098820894626655,-0.0007901179105373345,2134.857168003949,2133.1703791190703
2026-06-28 05:00:00+00:00,2026-06-28 06:00:00+00:00,LONG,59980.9,59960.5,-0.00034010826779862224,-0.0017401082677986222,2133.1703791190703,2129.458431705742
2026-06-28 08:35:00+00:00,2026-06-28 09:35:00+00:00,SHORT,60467.6,60355.0,0.0018656283655040795,0.0004656283655040795,2129.458431705742,2130.4499679547057
2026-06-28 16:30:00+00:00,2026-06-28 17:30:00+00:00,LONG,59650.0,59582.8,-0.001126571668063625,-0.0025265716680636253,2130.4499679547057,2125.0672334254446
2026-06-28 17:35:00+00:00,2026-06-28 18:35:00+00:00,LONG,59445.7,59579.5,0.0022507935813693702,0.0008507935813693703,2125.0672334254446,2126.8752269876213
2026-06-28 21:45:00+00:00,2026-06-28 22:45:00+00:00,LONG,59385.0,59201.0,-0.0030984255283320605,-0.004498425528332061,2126.8752269876213,2117.307637170963
2026-06-29 06:15:00+00:00,2026-06-29 07:15:00+00:00,SHORT,60305.0,60072.3,0.0038736655663258457,0.0024736655663258455,2117.307637170963,2122.5451481663513
2026-06-29 12:05:00+00:00,2026-06-29 13:05:00+00:00,SHORT,60486.8,60099.0,0.006452686400772123,0.005052686400772123,2122.5451481663513,2133.269703171516
2026-06-29 14:10:00+00:00,2026-06-29 15:10:00+00:00,LONG,59086.1,59262.5,0.0029854737408629983,0.0015854737408629983,2133.269703171516,2136.651946268073
2026-06-29 17:10:00+00:00,2026-06-29 18:10:00+00:00,SHORT,60460.2,60521.2,-0.0010079112773705434,-0.0024079112773705436,2136.651946268073,2131.5070779508387
2026-06-30 00:25:00+00:00,2026-06-30 01:25:00+00:00,LONG,59935.2,60037.8,0.0017118487967004992,0.0003118487967004992,2131.5070779508387,2132.171785868256
2026-06-30 12:20:00+00:00,2026-06-30 13:20:00+00:00,LONG,58855.4,58454.0,-0.006820104867182986,-0.008220104867182986,2132.171785868256,2114.64511019357
2026-07-01 06:30:00+00:00,2026-07-01 07:30:00+00:00,LONG,58654.7,58750.9,0.0016401072718810195,0.00024010727188101947,2114.64511019357,2115.152851861975
2026-07-01 13:40:00+00:00,2026-07-01 14:40:00+00:00,SHORT,59018.1,59610.7,-0.009941168280191315,-0.011341168280191315,2115.152851861975,2091.1645474306815
2026-07-01 15:20:00+00:00,2026-07-01 16:20:00+00:00,SHORT,60418.3,59995.0,0.0070555879656637455,0.005655587965663745,2091.1645474306815,2102.991312479353
2026-07-01 21:15:00+00:00,2026-07-01 22:15:00+00:00,SHORT,60505.0,60822.5,-0.005220107690410591,-0.006620107690410592,2102.991312479353,2089.069283518742
2026-07-01 22:20:00+00:00,2026-07-01 23:20:00+00:00,SHORT,60983.0,60214.8,0.012757660907285251,0.01135766090728525,2089.069283518742,2112.796224052773
2026-07-02 00:00:00+00:00,2026-07-02 01:00:00+00:00,LONG,59916.3,59733.6,-0.00304925370892406,-0.00444925370892406,2112.796224052773,2103.3958576167056
2026-07-02 03:35:00+00:00,2026-07-02 04:35:00+00:00,SHORT,60794.0,60815.8,-0.00035845947928014876,-0.0017584594792801487,2103.3958576167056,2099.697121232201
2026-07-02 07:35:00+00:00,2026-07-02 08:35:00+00:00,LONG,60119.0,60470.0,0.005838420466075522,0.004438420466075522,2099.697121232201,2109.016459907638
2026-07-02 09:35:00+00:00,2026-07-02 10:35:00+00:00,SHORT,60931.7,61293.5,-0.005902746620767285,-0.007302746620767285,2109.016459907638,2093.614847081905
2026-07-02 13:15:00+00:00,2026-07-02 14:15:00+00:00,SHORT,61796.5,61868.0,-0.0011556862998641781,-0.0025556862998641783,2093.614847081905,2088.2642243000255
2026-07-03 10:40:00+00:00,2026-07-03 11:40:00+00:00,SHORT,62016.4,61896.6,0.0019354859556099946,0.0005354859556099946,2088.2642243000255,2089.3824604637407
2026-07-03 20:05:00+00:00,2026-07-03 21:05:00+00:00,SHORT,62408.6,62782.3,-0.0059523145854804005,-0.007352314585480401,2089.3824604637407,2074.0206633250264
2026-07-04 00:05:00+00:00,2026-07-04 01:05:00+00:00,SHORT,62946.2,62500.0,0.007139199999999901,0.005739199999999901,2074.0206633250264,2085.923882715981
2026-07-04 15:05:00+00:00,2026-07-04 16:05:00+00:00,SHORT,62860.6,62894.0,-0.000531052246637187,-0.001931052246637187,2085.923882715981,2081.895854715948
2026-07-04 17:30:00+00:00,2026-07-04 18:30:00+00:00,SHORT,63153.5,63124.3,0.00046257938701899093,-0.0009374206129810091,2081.895854715948,2079.944242627658
2026-07-04 23:10:00+00:00,2026-07-05 00:10:00+00:00,LONG,62999.0,63051.2,0.0008285845807076697,-0.0005714154192923303,2079.944242627658,2078.7557304161523
2026-07-05 01:15:00+00:00,2026-07-05 02:15:00+00:00,LONG,62877.6,62751.5,-0.0020054836698601974,-0.0034054836698601976,2078.7557304161523,2071.676561722592
2026-07-05 02:45:00+00:00,2026-07-05 03:45:00+00:00,LONG,62639.3,62773.7,0.00214561784694256,0.0007456178469425602,2071.676561722592,2073.221240740105
2026-07-05 07:50:00+00:00,2026-07-05 08:50:00+00:00,SHORT,63017.9,62924.9,0.0014779522891574803,7.795228915748035e-05,2073.221240740105,2073.3828530817505
2026-07-05 09:35:00+00:00,2026-07-05 10:35:00+00:00,LONG,62568.3,62678.8,0.0017660700386616934,0.00036607003866169345,2073.3828530817505,2074.1418564229384
2026-07-05 21:55:00+00:00,2026-07-05 22:55:00+00:00,SHORT,63093.1,63732.2,-0.010027897985633638,-0.011427897985633638,2074.1418564229384,2050.4387748800045
2026-07-06 05:25:00+00:00,2026-07-06 06:25:00+00:00,LONG,63010.6,63036.2,0.0004062808479843305,-0.0009937191520156695,2050.4387748800045,2048.4012145993706
2026-07-06 11:55:00+00:00,2026-07-06 12:55:00+00:00,LONG,62489.7,61762.9,-0.011630716742119018,-0.013030716742119018,2048.4012145993706,2021.7090785977139
2026-07-06 15:40:00+00:00,2026-07-06 16:40:00+00:00,SHORT,62912.7,63745.6,-0.013065999849401377,-0.014465999849401378,2021.7090785977139,1992.463035371186
2026-07-06 21:05:00+00:00,2026-07-06 22:05:00+00:00,SHORT,64431.9,64338.4,0.0014532534225284444,5.3253422528444375e-05,1992.463035371186,1992.5691408470807
2026-07-07 02:25:00+00:00,2026-07-07 03:25:00+00:00,LONG,63568.4,63293.9,-0.004318183248280594,-0.005718183248280594,1992.5691408470807,1981.1752653648482
2026-07-07 03:40:00+00:00,2026-07-07 04:40:00+00:00,LONG,63215.0,63159.7,-0.0008747923752274733,-0.0022747923752274735,1981.1752653648482,1976.668502977207
2026-07-07 04:45:00+00:00,2026-07-07 05:45:00+00:00,LONG,63075.5,63167.6,0.001460154893738519,6.0154893738518936e-05,1976.668502977207,1976.7874092609597
2026-07-07 12:05:00+00:00,2026-07-07 13:05:00+00:00,SHORT,63786.0,63366.2,0.006624983035119714,0.0052249830351197134,1976.7874092609597,1987.1160899383863
2026-07-07 15:45:00+00:00,2026-07-07 16:45:00+00:00,SHORT,63999.9,64029.5,-0.00046228691462524285,-0.0018622869146252428,1987.1160899383863,1983.4155096462528
2026-07-07 19:05:00+00:00,2026-07-07 20:05:00+00:00,LONG,63617.2,63717.4,0.0015750457423464592,0.00017504574234645924,1983.4155096462528,1983.7626980865202
2026-07-08 01:35:00+00:00,2026-07-08 02:35:00+00:00,LONG,63011.8,62761.1,-0.003978619877546774,-0.005378619877546774,1983.7626980865202,1973.0927926062564
2026-07-08 08:20:00+00:00,2026-07-08 09:20:00+00:00,LONG,62216.9,61834.5,-0.006146240008743642,-0.007546240008743642,1973.0927926062564,1958.2033608337274
2026-07-09 01:05:00+00:00,2026-07-09 02:05:00+00:00,SHORT,62627.3,62030.8,0.009616190666572155,0.008216190666572155,1958.2033608337274,1974.2923330102597
2026-07-09 05:10:00+00:00,2026-07-09 06:10:00+00:00,SHORT,62501.9,62532.2,-0.0004845503596546674,-0.0018845503596546674,1974.2923330102597,1970.5716796840218
2026-07-09 06:25:00+00:00,2026-07-09 07:25:00+00:00,SHORT,62821.6,62920.2,-0.0015670643132094098,-0.00296706431320941,1970.5716796840218,1964.7248667766103
2026-07-09 18:05:00+00:00,2026-07-09 19:05:00+00:00,SHORT,63366.1,63275.3,0.001434999122880365,3.499912288036492e-05,1964.7248667766103,1964.7936304236487
2026-07-10 01:45:00+00:00,2026-07-10 02:45:00+00:00,SHORT,63752.9,63978.0,-0.0035183969489511746,-0.004918396948951175,1964.7936304236487,1955.1299954264543
2026-07-10 08:15:00+00:00,2026-07-10 09:15:00+00:00,SHORT,64268.3,64307.3,-0.0006064630298582285,-0.0020064630298582287,1955.1299954264543,1951.2070993720642
2026-07-10 09:25:00+00:00,2026-07-10 10:25:00+00:00,SHORT,64429.8,64439.4,-0.0001489771785584404,-0.0015489771785584404,1951.2070993720642,1948.184724104496
2026-07-11 14:20:00+00:00,2026-07-11 15:20:00+00:00,SHORT,64371.7,64480.4,-0.0016857835869504845,-0.0030857835869504847,1948.184724104496,1942.1730476585067
2026-07-11 22:45:00+00:00,2026-07-11 23:45:00+00:00,LONG,64157.9,64012.7,-0.002263166344285028,-0.0036631663442850283,1942.1730476585067,1935.0585447155465
2026-07-12 06:05:00+00:00,2026-07-12 07:05:00+00:00,LONG,63795.0,63810.9,0.00024923583352931544,-0.0011507641664706845,1935.0585447155465,1932.831748682265
2026-07-12 14:45:00+00:00,2026-07-12 15:45:00+00:00,SHORT,64190.0,64185.5,7.01092925972091e-05,-0.0013298907074027909,1932.831748682265,1930.2612937007195
2026-07-12 21:45:00+00:00,2026-07-12 22:45:00+00:00,LONG,63956.9,63728.3,-0.0035742820555717536,-0.004974282055571754,1930.2612937007195,1920.6596295848994
2026-07-13 00:10:00+00:00,2026-07-13 01:10:00+00:00,SHORT,64298.8,63859.1,0.006885471295398737,0.005485471295398737,1920.6596295848994,1931.1953528512186
2026-07-13 03:05:00+00:00,2026-07-13 04:05:00+00:00,LONG,63013.1,62798.3,-0.0034088149924380584,-0.004808814992438059,1931.1953528512186,1921.908591685101
2026-07-13 08:50:00+00:00,2026-07-13 09:50:00+00:00,SHORT,63205.6,63115.6,0.0014259549144743922,2.595491447439217e-05,1921.908591685101,1921.9584746582257
2026-07-13 13:20:00+00:00,2026-07-13 14:20:00+00:00,LONG,62540.5,62456.4,-0.0013447286158568827,-0.002744728615856883,1921.9584746582257,1916.6832202343426
2026-07-13 17:35:00+00:00,2026-07-13 18:35:00+00:00,LONG,62089.4,61978.7,-0.0017829130254117809,-0.003182913025411781,1916.6832202343426,1910.5825842470706
2026-07-14 00:10:00+00:00,2026-07-14 01:10:00+00:00,SHORT,62442.6,62505.3,-0.0010031149358534774,-0.0024031149358534776,1910.5825842470706,1905.991234702685
2026-07-14 05:05:00+00:00,2026-07-14 06:05:00+00:00,SHORT,62848.6,62664.1,0.002944269525932741,0.0015442695259327412,1905.991234702685,1908.9345988831312
2026-07-14 12:20:00+00:00,2026-07-14 13:20:00+00:00,SHORT,63065.5,64115.6,-0.01637822932328481,-0.017778229323284808,1908.9345988831312,1874.9971218210344
2026-07-14 14:55:00+00:00,2026-07-14 15:55:00+00:00,SHORT,64310.2,64758.0,-0.006914975755891173,-0.008314975755891173,1874.9971218210344,1859.4065662107269
2026-07-14 21:35:00+00:00,2026-07-14 22:35:00+00:00,SHORT,64756.7,64950.2,-0.0029792056067571293,-0.0043792056067571295,1859.4065662107269,1851.263842550736
2026-07-15 02:30:00+00:00,2026-07-15 03:30:00+00:00,LONG,64492.3,64750.9,0.004009781012616953,0.002609781012616953,1851.263842550736,1856.095235776369
2026-07-15 06:10:00+00:00,2026-07-15 07:10:00+00:00,SHORT,65050.1,64876.7,0.0026727623322395644,0.0012727623322395644,1856.095235776369,1858.4576038775144
2026-07-15 12:50:00+00:00,2026-07-15 13:50:00+00:00,SHORT,65200.0,65031.5,0.0025910520286323013,0.0011910520286323013,1858.4576038775144,1860.6711235767398
2026-07-16 00:25:00+00:00,2026-07-16 01:25:00+00:00,LONG,64570.7,64562.2,-0.0001316386534450098,-0.0015316386534450098,1860.6711235767398,1857.8212477625207
2026-07-16 05:20:00+00:00,2026-07-16 06:20:00+00:00,SHORT,64932.1,64854.4,0.0011980682883505622,-0.00020193171164943776,1857.8212477625207,1857.4460947380214
2026-07-16 07:25:00+00:00,2026-07-16 08:25:00+00:00,LONG,64500.1,64153.3,-0.005376735850021852,-0.006776735850021852,1857.4460947380214,1844.8586731983273
2026-07-16 14:05:00+00:00,2026-07-16 15:05:00+00:00,SHORT,64613.4,64437.9,0.002723552443515409,0.001323552443515409,1844.8586731983273,1847.3004404031794
2026-07-16 23:20:00+00:00,2026-07-17 00:20:00+00:00,LONG,63762.2,63800.1,0.0005943960528338454,-0.0008056039471661545,1847.3004404031794,1845.812247876789
2026-07-17 05:25:00+00:00,2026-07-17 06:25:00+00:00,LONG,63207.5,62937.5,-0.004271644978839584,-0.005671644978839584,1845.812247876789,1835.3434561092379
2026-07-17 11:35:00+00:00,2026-07-17 12:35:00+00:00,SHORT,63284.7,63137.3,0.0023345946057242717,0.0009345946057242717,1835.3434561092379,1837.0587582029689
2026-07-17 13:05:00+00:00,2026-07-17 14:05:00+00:00,LONG,62859.3,63361.2,0.00798449871379403,0.00658449871379403,1837.0587582029689,1849.1548692335202
2026-07-17 17:05:00+00:00,2026-07-17 18:05:00+00:00,SHORT,63987.4,64038.4,-0.0007963971617029886,-0.0021963971617029888,1849.1548692335202,1845.0933907271865
2026-07-17 18:45:00+00:00,2026-07-17 19:45:00+00:00,SHORT,64333.9,64168.4,0.0025791511086454832,0.0011791511086454833,1845.0933907271865,1847.2690346444167
2026-07-18 11:55:00+00:00,2026-07-18 12:55:00+00:00,SHORT,64061.7,64218.4,-0.002440110622500824,-0.003840110622500824,1847.2690346444167,1840.1753172018618
2026-07-18 16:50:00+00:00,2026-07-18 17:50:00+00:00,SHORT,64299.8,64461.5,-0.0025084740504021097,-0.00390847405040211,1840.1753172018618,1832.983039726388
2026-07-18 18:20:00+00:00,2026-07-18 19:20:00+00:00,SHORT,64597.6,64510.8,0.0013455111392199903,-5.448886078000966e-05,1832.983039726388,1832.8831625687242
2026-07-18 20:20:00+00:00,2026-07-18 21:20:00+00:00,SHORT,64676.7,64732.7,-0.0008650960024840781,-0.0022650960024840783,1832.8831625687242,1828.7315062441694
2026-07-19 12:05:00+00:00,2026-07-19 13:05:00+00:00,LONG,64368.0,64379.4,0.00017710663683812022,-0.0012228933631618798,1828.7315062441694,1826.4951626221784
2026-07-19 22:15:00+00:00,2026-07-19 23:15:00+00:00,SHORT,64817.4,64703.6,0.0017587893100230456,0.00035878931002304563,1826.4951626221784,1827.150489561336
2026-07-20 05:10:00+00:00,2026-07-20 06:10:00+00:00,LONG,64250.8,64198.7,-0.0008108848450136819,-0.002210884845013682,1827.150489561336,1823.1108702344054
2026-07-20 06:30:00+00:00,2026-07-20 07:30:00+00:00,LONG,64004.1,64181.4,0.0027701350382240975,0.0013701350382240975,1823.1108702344054,1825.6087783162807
2026-07-20 11:30:00+00:00,2026-07-20 12:30:00+00:00,SHORT,64814.6,64717.3,0.0015034619800269322,0.00010346198002693222,1825.6087783162807,1825.7976594152397
2026-07-20 15:40:00+00:00,2026-07-20 16:40:00+00:00,SHORT,65240.7,65380.3,-0.0021351997467128347,-0.003535199746712835,1825.7976594152397,1819.343099992126
2026-07-21 04:00:00+00:00,2026-07-21 05:00:00+00:00,SHORT,65696.8,65553.1,0.002192116009769096,0.0007921160097690962,1819.343099992126,1820.7842307888927
2026-07-21 05:45:00+00:00,2026-07-21 06:45:00+00:00,SHORT,65814.5,65920.7,-0.0016110265819385683,-0.0030110265819385685,1820.7842307888927,1815.301801070013
2026-07-21 07:45:00+00:00,2026-07-21 08:45:00+00:00,SHORT,66193.8,66266.7,-0.0011001000502514069,-0.002500100050251407,1815.301801070013,1810.7633649459365
2026-07-21 12:35:00+00:00,2026-07-21 13:35:00+00:00,SHORT,66628.5,66407.6,0.0033264264933530185,0.0019264264933530186,1810.7633649459365,1814.2516674653612
2026-07-21 14:10:00+00:00,2026-07-21 15:10:00+00:00,SHORT,66943.6,66679.6,0.003959231909009597,0.002559231909009597,1814.2516674653612,1818.8947582237122
2026-07-21 18:00:00+00:00,2026-07-21 19:00:00+00:00,LONG,66225.7,66368.3,0.0021532426233321633,0.0007532426233321633,1818.8947582237122,1820.2648272829615
2026-07-21 23:50:00+00:00,2026-07-22 00:50:00+00:00,SHORT,66556.2,66661.4,-0.001578124671849035,-0.002978124671849035,1820.2648272829615,1814.8438516915312
2026-07-22 03:10:00+00:00,2026-07-22 04:10:00+00:00,LONG,66185.3,66346.0,0.0024280316021834114,0.0010280316021834114,1814.8438516915312,1816.7095685240981
2026-07-22 05:20:00+00:00,2026-07-22 06:20:00+00:00,LONG,66082.7,65876.1,-0.0031263855744391167,-0.004526385574439117,1816.7095685240981,1808.4864405401852
2026-07-22 06:20:00+00:00,2026-07-22 07:20:00+00:00,LONG,65876.1,65879.7,5.464804382748767e-05,-0.0013453519561725123,1808.4864405401852,1806.053389769693
2026-07-22 07:35:00+00:00,2026-07-22 08:35:00+00:00,LONG,65734.6,65986.8,0.003836640064745156,0.0024366400647451558,1806.053389769693,1810.4540918182745
2026-07-22 12:45:00+00:00,2026-07-22 13:45:00+00:00,LONG,65683.6,65904.3,0.0033600472568493522,0.001960047256849352,1810.4540918182745,1814.0026673945945
2026-07-22 16:35:00+00:00,2026-07-22 17:35:00+00:00,SHORT,66366.0,66138.8,0.003435199912910303,0.0020351999129103026,1814.0026673945945,1817.6945254652949
2026-07-22 21:40:00+00:00,2026-07-22 22:40:00+00:00,SHORT,66127.3,65962.3,0.002501428846477527,0.001101428846477527,1817.6945254652949,1819.6965866497264
2026-07-23 00:05:00+00:00,2026-07-23 01:05:00+00:00,SHORT,66211.5,66034.1,0.002686490767648708,0.0012864907676487082,1819.6965866497264,1822.037609508373
2026-07-23 07:25:00+00:00,2026-07-23 08:25:00+00:00,LONG,65437.7,65591.5,0.002350327105017591,0.0009503271050175911,1822.037609508373,1823.76914123505
2026-07-23 12:15:00+00:00,2026-07-23 13:15:00+00:00,LONG,65430.1,65031.4,-0.006093525762607688,-0.007493525762607688,1823.76914123505,1810.1026801901564
2026-07-23 20:25:00+00:00,2026-07-23 21:25:00+00:00,SHORT,65165.6,65113.0,0.0008078263941149189,-0.0005921736058850811,1810.1026801901564,1809.030785159006
2026-07-24 00:10:00+00:00,2026-07-24 01:10:00+00:00,LONG,64929.0,65039.1,0.0016956983782285828,0.00029569837822858284,1809.030785159006,1809.565712628343
2026-07-24 03:45:00+00:00,2026-07-24 04:45:00+00:00,SHORT,65451.0,65334.6,0.0017815981118733948,0.0003815981118733948,1809.565712628343,1810.2562394875927
2026-07-24 06:15:00+00:00,2026-07-24 07:15:00+00:00,SHORT,65495.9,65729.3,-0.0035509278206218298,-0.00495092782062183,1810.2562394875927,1801.2937915090595
2026-07-24 07:15:00+00:00,2026-07-24 08:15:00+00:00,SHORT,65729.3,65415.4,0.004798564252454396,0.0033985642524543957,1801.2937915090595,1807.41560419705
2026-07-24 09:05:00+00:00,2026-07-24 10:05:00+00:00,LONG,65129.1,65046.3,-0.0012713211145247705,-0.0026713211145247707,1807.41560419705,1802.587416730837
2026-07-24 13:00:00+00:00,2026-07-24 14:00:00+00:00,LONG,64716.1,63989.7,-0.011224409381900391,-0.012624409381900391,1802.587416730837,1779.8308152353648
2026-07-25 00:55:00+00:00,2026-07-25 01:55:00+00:00,LONG,64073.8,64068.2,-8.739921777711768e-05,-0.0014873992177771177,1779.8308152353648,1777.1834962730081
2026-07-25 13:40:00+00:00,2026-07-25 14:40:00+00:00,SHORT,64194.6,64195.7,-1.7135104064536222e-05,-0.0014171351040645362,1777.1834962730081,1774.6649871540756
2026-07-26 00:25:00+00:00,2026-07-26 01:25:00+00:00,SHORT,64472.8,64481.8,-0.0001395742674676903,-0.0015395742674676903,1774.6649871540756,1771.9327586064774
2026-07-26 09:15:00+00:00,2026-07-26 10:15:00+00:00,SHORT,64539.9,64494.9,0.0006977295879209144,-0.0007022704120790855,1771.9327586064774,1770.6883826579144
2026-07-26 12:05:00+00:00,2026-07-26 13:05:00+00:00,SHORT,64594.9,64422.3,0.0026791964894143927,0.0012791964894143927,1770.6883826579144,1772.953441020857
2026-07-26 14:05:00+00:00,2026-07-26 15:05:00+00:00,SHORT,64692.6,64690.3,3.5554016599048666e-05,-0.0013644459834009513,1772.953441020857,1770.5343418194993
2026-07-26 16:30:00+00:00,2026-07-26 17:30:00+00:00,SHORT,64864.0,64753.7,0.0017033775676138507,0.00030337756761385074,1770.5343418194993,1771.0714822214973
2026-07-26 21:25:00+00:00,2026-07-26 22:25:00+00:00,SHORT,64822.5,65222.9,-0.006138948130181343,-0.007538948130181343,1771.0714822214973,1757.7194661821861
2026-07-26 22:30:00+00:00,2026-07-26 23:30:00+00:00,SHORT,65396.6,65378.1,0.0002829693735364458,-0.0011170306264635542,1757.7194661821861,1755.7560397057296
2026-07-27 06:00:00+00:00,2026-07-27 07:00:00+00:00,SHORT,65541.8,65433.9,0.0016489923418900876,0.0002489923418900876,1755.7560397057296,1756.1932095138434
2026-07-27 12:30:00+00:00,2026-07-27 13:30:00+00:00,LONG,64881.9,65095.1,0.003285970355368706,0.0018859703553687059,1756.1932095138434,1759.5053378452862
2026-07-27 13:40:00+00:00,2026-07-27 14:40:00+00:00,SHORT,65670.8,64486.1,0.01837140096858092,0.01697140096858092,1759.5053378452862,1789.3666084402169
2026-07-27 22:25:00+00:00,2026-07-27 23:25:00+00:00,LONG,64604.5,63885.8,-0.01112461206262716,-0.01252461206262716,1789.3666084402169,1766.9554858316844
2026-07-28 00:10:00+00:00,2026-07-28 01:10:00+00:00,LONG,63680.3,63198.6,-0.007564348786045394,-0.008964348786045394,1766.9554858316844,1751.115880567273
2026-07-28 01:15:00+00:00,2026-07-28 02:15:00+00:00,LONG,63198.7,63269.4,0.0011186938971845528,-0.0002813061028154472,1751.115880567273,1750.6232809833325
2026-07-28 05:15:00+00:00,2026-07-28 06:15:00+00:00,SHORT,63584.4,63446.0,0.0021813825930712127,0.0007813825930712128,1750.6232809833325,1751.991187542118
2026-07-28 13:35:00+00:00,2026-07-28 14:35:00+00:00,LONG,62962.2,63231.9,0.004283522494449077,0.0028835224944490766,1751.991187542118,1757.0430935414722
2026-07-28 23:00:00+00:00,2026-07-29 00:00:00+00:00,LONG,63714.0,64038.8,0.005097780707536748,0.0036977807075367474,1757.0430935414722,1763.5402535950805
2026-07-29 06:25:00+00:00,2026-07-29 07:25:00+00:00,SHORT,64400.0,64507.9,-0.001672663348210035,-0.0030726633482100352,1763.5402535950805,1758.121488094766
2026-07-29 07:25:00+00:00,2026-07-29 08:25:00+00:00,SHORT,64507.9,64302.5,0.0031942770498814,0.0017942770498814,1758.121488094766,1761.2760451317577
2026-07-29 09:55:00+00:00,2026-07-29 10:55:00+00:00,SHORT,64697.7,64469.9,0.0035334318806139464,0.002133431880613946,1761.2760451317577,1765.0336075970033
2026-07-29 18:00:00+00:00,2026-07-29 19:00:00+00:00,SHORT,64426.0,64465.3,-0.000609630297229713,-0.002009630297229713,1765.0336075970033,1761.4865425835478
2026-07-29 20:00:00+00:00,2026-07-29 21:00:00+00:00,LONG,63504.5,63331.5,-0.0027242163941137987,-0.004124216394113799,1761.4865425835478,1754.221790906614
2026-07-30 02:25:00+00:00,2026-07-30 03:25:00+00:00,SHORT,64354.0,64264.0,0.0014004730486743,4.730486743000171e-07,1754.221790906614,1754.2226207389065
2026-07-30 09:30:00+00:00,2026-07-30 10:30:00+00:00,SHORT,64602.2,64585.8,0.0002539257855440624,-0.0011460742144559376,1754.2226207389065,1752.2121514268624
2026-07-30 11:50:00+00:00,2026-07-30 12:50:00+00:00,SHORT,64854.4,64906.0,-0.0007949958401379797,-0.00219499584013798,1752.2121514268624,1748.3660530434413
2026-07-30 13:45:00+00:00,2026-07-30 14:45:00+00:00,SHORT,65134.3,64797.4,0.005199282687268436,0.003799282687268436,1748.3660530434413,1755.008589919777
2026-07-30 23:30:00+00:00,2026-07-31 00:30:00+00:00,SHORT,65065.4,64780.0,0.004405680765668496,0.0030056807656684958,1755.008589919777,1760.2835854820817
2026-07-31 01:05:00+00:00,2026-07-31 02:05:00+00:00,SHORT,65343.5,64602.3,0.01147327571928547,0.01007327571928547,1760.2835854820817,1778.015407382775
2026-07-31 02:40:00+00:00,2026-07-31 03:40:00+00:00,LONG,64230.5,64391.7,0.0025097111185494736,0.0011097111185494736,1778.015407382775,1779.9884908492998
2026-07-31 07:00:00+00:00,2026-07-31 08:00:00+00:00,LONG,64111.7,63949.2,-0.0025346387632834144,-0.003934638763283415,1779.9884908492998,1772.984879135006
2026-07-31 09:30:00+00:00,2026-07-31 10:30:00+00:00,LONG,63673.8,63854.8,0.002842613445404485,0.001442613445404485,1772.984879135006,1775.5426109601449
2026-07-31 13:40:00+00:00,2026-07-31 14:40:00+00:00,LONG,63469.5,62689.8,-0.012284640654172452,-0.013684640654172452,1775.5426109601449,1751.2449483629844
2026-07-31 17:50:00+00:00,2026-07-31 18:50:00+00:00,SHORT,63249.9,63139.5,0.0017485092533200408,0.0003485092533200408,1751.2449483629844,1751.8552734323187
2026-08-01 02:35:00+00:00,2026-08-01 03:35:00+00:00,SHORT,63082.1,62993.6,0.0014049046252317954,4.904625231795393e-06,1751.8552734323187,1751.863865625895
2026-08-01 10:00:00+00:00,2026-08-01 11:00:00+00:00,LONG,62995.8,63052.0,0.0008921229669278663,-0.0005078770330721337,1751.863865625895,1750.9741342034747
2026-08-01 15:55:00+00:00,2026-08-01 16:55:00+00:00,LONG,63000.1,62927.6,-0.0011507918241399073,-0.0025507918241399075,1750.9741342034747,1746.507763697668
2026-08-01 17:30:00+00:00,2026-08-01 18:30:00+00:00,LONG,62763.2,62400.8,-0.005774084176714878,-0.007174084176714878,1746.507763697668,1733.9781699856148
2026-08-01 18:30:00+00:00,2026-08-01 19:30:00+00:00,LONG,62400.8,62504.6,0.0016634402123048009,0.0002634402123048009,1733.9781699856148,1734.4349695628475
2026-08-02 00:10:00+00:00,2026-08-02 01:10:00+00:00,SHORT,62928.3,63009.8,-0.001293449590381135,-0.002693449590381135,1734.4349695628475,1729.763356404536
2026-08-02 01:10:00+00:00,2026-08-02 02:10:00+00:00,SHORT,63009.8,63457.4,-0.0070535508861062635,-0.008453550886106264,1729.763356404536,1715.1407138502482
2026-08-02 02:10:00+00:00,2026-08-02 03:10:00+00:00,SHORT,63457.4,63419.6,0.0005960302493235314,-0.0008039697506764685,1715.1407138502482,1713.761792598159
2026-08-02 08:40:00+00:00,2026-08-02 09:40:00+00:00,LONG,63222.5,63262.3,0.0006295227173871432,-0.0007704772826128568,1713.761792598159,1712.4413780691523
2026-08-02 11:50:00+00:00,2026-08-02 12:50:00+00:00,LONG,63047.3,63152.3,0.0016654162826956753,0.00026541628269567533,1712.4413780691523,1712.8958878940534
2026-08-02 17:20:00+00:00,2026-08-02 18:20:00+00:00,SHORT,63344.5,63318.8,0.0004058826130628468,-0.0009941173869371532,1712.8958878940534,1711.193068309885
2026-08-02 18:40:00+00:00,2026-08-02 19:40:00+00:00,SHORT,63501.3,63395.2,0.0016736282873153208,0.0002736282873153208,1711.193068309885,1711.6612991384322
2026-08-02 21:40:00+00:00,2026-08-02 22:40:00+00:00,SHORT,63702.5,63519.3,0.0028841627662772318,0.0014841627662772318,1711.6612991384322,1714.2016831070912
2026-08-03 03:45:00+00:00,2026-08-03 04:45:00+00:00,LONG,62930.4,62928.7,-2.7013970990252822e-05,-0.0014270139709902528,1714.2016831070912,1711.7554933562024
2026-08-03 06:35:00+00:00,2026-08-03 07:35:00+00:00,LONG,62703.3,62641.2,-0.0009903784968255946,-0.002390378496825595,1711.7554933562024,1707.6637498330606
2026-08-03 08:20:00+00:00,2026-08-03 09:20:00+00:00,LONG,62419.9,62647.9,0.003652681276323788,0.002252681276323788,1707.6637498330606,1711.5105719885662
2026-08-03 09:55:00+00:00,2026-08-03 10:55:00+00:00,SHORT,62835.1,62734.5,0.0016035833552510148,0.00020358335525101482,1711.5105719885662,1711.8590070533592
2026-08-03 13:15:00+00:00,2026-08-03 14:15:00+00:00,SHORT,62954.7,63340.6,-0.006092458865246009,-0.007492458865246009,1711.8590070533592,1699.0329738599112
2026-08-03 14:15:00+00:00,2026-08-03 15:15:00+00:00,SHORT,63340.6,63793.7,-0.007102582229906673,-0.008502582229906673,1699.0329738599112,1684.5868062883444
2026-08-03 21:50:00+00:00,2026-08-03 22:50:00+00:00,LONG,63639.8,63632.6,-0.00011313674775859095,-0.001513136747758591,1684.5868062883444,1682.0377960869603
2026-08-04 01:40:00+00:00,2026-08-04 02:40:00+00:00,SHORT,63815.5,63899.5,-0.001314564276715835,-0.002714564276715835,1682.0377960869603,1677.4717963736168
2026-08-04 04:35:00+00:00,2026-08-04 05:35:00+00:00,SHORT,64028.6,63826.6,0.003164824696913149,0.0017648246969131488,1677.4717963736168,1680.4322400282322
2026-08-04 07:15:00+00:00,2026-08-04 08:15:00+00:00,LONG,63550.7,63593.8,0.0006781986665764794,-0.0007218013334235206,1680.4322400282322,1679.219301796652
2026-08-04 11:45:00+00:00,2026-08-04 12:45:00+00:00,SHORT,63934.0,63915.9,0.0002831846222925982,-0.0011168153777074018,1679.219301796652,1677.3439238578624
2026-08-04 23:15:00+00:00,2026-08-05 00:15:00+00:00,SHORT,64497.0,64016.0,0.007513746563359236,0.006113746563359236,1677.3439238578624,1687.5987795079197
2026-08-05 02:00:00+00:00,2026-08-05 03:00:00+00:00,SHORT,64454.5,64395.5,0.0009162130894240228,-0.0004837869105759772,1687.5987795079197,1686.7823413080898
2026-08-05 05:25:00+00:00,2026-08-05 06:25:00+00:00,SHORT,64436.1,64311.2,0.0019421189466219957,0.0005421189466219957,1686.7823413080898,1687.6967779741403
2026-08-05 07:15:00+00:00,2026-08-05 08:15:00+00:00,LONG,64123.4,64197.5,0.001155584388850217,-0.0002444156111497829,1687.6967779741403,1687.2842785347163
2026-08-05 12:15:00+00:00,2026-08-05 13:15:00+00:00,SHORT,64449.9,64210.5,0.0037283621837549408,0.0023283621837549406,1687.2842785347163,1691.2128874421007
2026-08-06 05:05:00+00:00,2026-08-06 06:05:00+00:00,SHORT,64959.6,64844.6,0.0017734707284799978,0.0003734707284799978,1691.2128874421007,1691.8445059511885
2026-08-06 13:05:00+00:00,2026-08-06 14:05:00+00:00,LONG,64210.1,64472.2,0.004081912347122962,0.002681912347122962,1691.8445059511885,1696.3818846211109
2026-08-06 14:40:00+00:00,2026-08-06 15:40:00+00:00,SHORT,64804.8,64750.0,0.00084633204633211,-0.00055366795366789,1696.3818846211109,1695.4426523344134
2026-08-06 23:15:00+00:00,2026-08-07 00:15:00+00:00,LONG,64278.7,64279.7,1.555725302471167e-05,-0.0013844427469752883,1695.4426523344134,1693.0954090514765
2026-08-07 08:30:00+00:00,2026-08-07 09:30:00+00:00,SHORT,64526.7,64917.4,-0.00601841725022878,-0.0074184172502287805,1693.0954090514765,1680.535320862686
2026-08-07 09:30:00+00:00,2026-08-07 10:30:00+00:00,SHORT,64917.4,64874.6,0.0006597343182077609,-0.0007402656817922391,1680.535320862686,1679.2912782376116
2026-08-07 11:20:00+00:00,2026-08-07 12:20:00+00:00,SHORT,65141.4,65107.2,0.0005252875258037193,-0.0008747124741962807,1679.2912782376116,1677.822381208728
2026-08-07 17:25:00+00:00,2026-08-07 18:25:00+00:00,LONG,64601.2,64804.6,0.0031485483241797674,0.0017485483241797674,1677.822381208728,1680.7561347216617
2026-08-08 00:15:00+00:00,2026-08-08 01:15:00+00:00,LONG,64829.8,64937.8,0.0016659005580765829,0.0002659005580765829,1680.7561347216617,1681.2030487158747
2026-08-08 03:15:00+00:00,2026-08-08 04:15:00+00:00,SHORT,64997.9,64993.2,7.231525759632262e-05,-0.0013276847424036774,1681.2030487158747,1678.9709410792123
2026-08-08 12:05:00+00:00,2026-08-08 13:05:00+00:00,LONG,64921.4,65000.1,0.0012122351027550327,-0.00018776489724496733,1678.9709410792123,1678.6556892729834
2026-08-08 14:20:00+00:00,2026-08-08 15:20:00+00:00,SHORT,65119.8,65093.2,0.00040864483540525853,-0.0009913551645947415,1678.6556892729834,1676.9915452858463
2026-08-08 22:30:00+00:00,2026-08-08 23:30:00+00:00,LONG,64984.2,64951.5,-0.0005031992391996143,-0.0019031992391996143,1676.9915452858463,1673.7998962527142
2026-08-09 01:25:00+00:00,2026-08-09 02:25:00+00:00,LONG,64869.1,64850.9,-0.0002805650147759131,-0.001680565014775913,1673.7998962527142,1670.9869667053365
2026-08-09 02:40:00+00:00,2026-08-09 03:40:00+00:00,LONG,64780.7,64803.2,0.00034732566952810906,-0.001052674330471891,1670.9869667053365,1669.2279616189328
2026-08-09 06:45:00+00:00,2026-08-09 07:45:00+00:00,SHORT,64859.1,64823.9,0.0005430095998544271,-0.0008569904001455729,1669.2279616189328,1667.797449280171
2026-08-09 08:00:00+00:00,2026-08-09 09:00:00+00:00,SHORT,64929.9,64834.1,0.0014776174883279758,7.76174883279758e-05,1667.797449280171,1667.9268995292236
2026-08-09 10:15:00+00:00,2026-08-09 11:15:00+00:00,SHORT,64951.0,64976.0,-0.00038475744890420494,-0.001784757448904205,1667.9268995292236,1664.9500545710612
2026-08-09 13:00:00+00:00,2026-08-09 14:00:00+00:00,SHORT,64999.3,65201.8,-0.003105742479502127,-0.004505742479502127,1664.9500545710612,1657.4482183839311
2026-08-09 14:00:00+00:00,2026-08-09 15:00:00+00:00,SHORT,65201.8,65257.5,-0.0008535417384974986,-0.002253541738497499,1657.4482183839311,1653.7130896444046
2026-08-09 20:00:00+00:00,2026-08-09 21:00:00+00:00,LONG,65159.9,65139.5,-0.00031307598691832084,-0.0017130759869183208,1653.7130896444046,1650.8801534612824
2026-08-09 21:35:00+00:00,2026-08-09 22:35:00+00:00,SHORT,65243.9,64991.7,0.003880495509426707,0.0024804955094267066,1650.8801534612824,1654.9751542685447
2026-08-10 09:35:00+00:00,2026-08-10 10:35:00+00:00,LONG,65078.2,65028.7,-0.0007606233731111134,-0.0021606233731111136,1654.9751542685447,1651.399376268314
2026-08-10 13:30:00+00:00,2026-08-10 14:30:00+00:00,LONG,64685.0,64801.4,0.0017994898353559385,0.00039948983535593855,1651.399376268314,1652.0590935332461
2026-08-10 15:20:00+00:00,2026-08-10 16:20:00+00:00,LONG,64386.6,64116.0,-0.004202737836754844,-0.005602737836754844,1652.0590935332461,1642.8030395413525
2026-08-10 16:20:00+00:00,2026-08-10 17:20:00+00:00,LONG,64116.0,63936.5,-0.0027996132010730257,-0.004199613201073026,1642.8030395413525,1635.9039022097318
2026-08-11 05:20:00+00:00,2026-08-11 06:20:00+00:00,LONG,63974.7,63987.0,0.00019226350416645666,-0.0012077364958335433,1635.9039022097318,1633.9281613633566
2026-08-11 06:30:00+00:00,2026-08-11 07:30:00+00:00,LONG,63913.3,64001.6,0.001381559080817274,-1.844091918272602e-05,1633.9281613633566,1633.8980302261825
2026-08-11 12:10:00+00:00,2026-08-11 13:10:00+00:00,SHORT,64475.2,64327.5,0.0022960631145310106,0.0008960631145310107,1633.8980302261825,1635.362105983973
2026-08-11 13:35:00+00:00,2026-08-11 14:35:00+00:00,LONG,64119.4,63945.1,-0.002718366048341081,-0.004118366048341081,1635.362105983973,1628.627086209945
2026-08-11 14:50:00+00:00,2026-08-11 15:50:00+00:00,LONG,63759.6,63484.5,-0.004314644382963473,-0.005714644382963473,1628.627086209945,1619.3200615797932
2026-08-11 18:35:00+00:00,2026-08-11 19:35:00+00:00,LONG,63353.6,63437.1,0.0013179992928578077,-8.200070714219228e-05,1619.3200615797932,1619.1872761896543
2026-08-12 01:45:00+00:00,2026-08-12 02:45:00+00:00,SHORT,63853.1,63780.0,0.0011461273126371907,-0.0002538726873628093,1619.1872761896543,1618.7762087645044
2026-08-12 09:15:00+00:00,2026-08-12 10:15:00+00:00,SHORT,63960.8,64068.7,-0.0016841296920335758,-0.003084129692033576,1618.7762087645044,1613.7836929942964
2026-08-12 12:00:00+00:00,2026-08-12 13:00:00+00:00,SHORT,64268.7,64065.0,0.003179583235776162,0.0017795832357761622,1613.7836929942964,1616.6555554005179
2026-08-12 14:30:00+00:00,2026-08-12 15:30:00+00:00,LONG,63587.9,63470.5,-0.0018462632041630345,-0.0032462632041630347,1616.6555554005179,1611.4074659572154
2026-08-13 05:05:00+00:00,2026-08-13 06:05:00+00:00,SHORT,63831.9,63821.2,0.0001676558886389845,-0.0012323441113610155,1611.4074659572154,1609.4216574555398
2026-08-13 11:20:00+00:00,2026-08-13 12:20:00+00:00,LONG,63495.1,63569.0,0.0011638693379489862,-0.00023613066205101381,1609.4216574555398,1609.0416236540457
2026-08-13 15:55:00+00:00,2026-08-13 16:55:00+00:00,LONG,63416.6,63165.1,-0.003965838597465021,-0.005365838597465021,1609.0416236540457,1600.4077660049152
2026-08-14 06:20:00+00:00,2026-08-14 07:20:00+00:00,LONG,63231.2,63106.3,-0.0019752906792848135,-0.0033752906792848137,1600.4077660049152,1595.0059245892637
2026-08-14 07:35:00+00:00,2026-08-14 08:35:00+00:00,LONG,62968.1,62855.5,-0.0017882070445193188,-0.003188207044519319,1595.0059245892637,1589.9207154644382
2026-08-15 02:30:00+00:00,2026-08-15 03:30:00+00:00,SHORT,63123.0,63084.7,0.0006071202684645449,-0.0007928797315354551,1589.9207154644382,1588.6600995543981
2026-08-15 08:50:00+00:00,2026-08-15 09:50:00+00:00,LONG,62963.4,63046.9,0.001326167265427225,-7.383273457277502e-05,1588.6600995543981,1588.5428044349414
2026-08-15 21:25:00+00:00,2026-08-15 22:25:00+00:00,SHORT,63146.3,63148.2,-3.008795183390145e-05,-0.0014300879518339014,1588.5428044349414,1586.2710485093467
2026-08-16 01:35:00+00:00,2026-08-16 02:35:00+00:00,LONG,63005.0,63120.4,0.0018316006666136975,0.0004316006666136975,1586.2710485093467,1586.955684151313
2026-08-16 09:40:00+00:00,2026-08-16 10:40:00+00:00,LONG,62989.2,63009.1,0.0003159271748172099,-0.00108407282518279,1586.955684151313,1585.2353086193555
2026-08-16 13:05:00+00:00,2026-08-16 14:05:00+00:00,SHORT,63059.3,63058.5,1.2686632254288455e-05,-0.0013873133677457115,1585.2353086193555,1583.0360904846855
2026-08-16 14:20:00+00:00,2026-08-16 15:20:00+00:00,SHORT,63095.1,63106.4,-0.00017906266242417868,-0.0015790626624241787,1583.0360904846855,1580.5363773009312
2026-08-16 15:30:00+00:00,2026-08-16 16:30:00+00:00,SHORT,63125.9,63362.1,-0.003727780487073451,-0.005127780487073451,1580.5363773009312,1572.4317337062978
2026-08-16 21:35:00+00:00,2026-08-16 22:35:00+00:00,LONG,62995.1,62742.3,-0.0040130105357399914,-0.005413010535739992,1572.4317337062978,1563.9201441650139
2026-08-17 02:50:00+00:00,2026-08-17 03:50:00+00:00,SHORT,63430.1,63488.9,-0.0009261461452316766,-0.002326146145231677,1563.9201441650139,1560.2822373502142
2026-08-17 06:45:00+00:00,2026-08-17 07:45:00+00:00,SHORT,63687.7,63528.1,0.0025122740960299428,0.0011122740960299428,1560.2822373502142,1562.0176988653145
2026-08-17 10:40:00+00:00,2026-08-17 11:40:00+00:00,SHORT,63632.1,63691.3,-0.0009294833046272766,-0.0023294833046272768,1562.0176988653145,1558.3790047142754
2026-08-17 11:45:00+00:00,2026-08-17 12:45:00+00:00,SHORT,63724.8,63589.9,0.002121406072348009,0.0007214060723480088,1558.3790047142754,1559.503228791296
2026-08-17 18:20:00+00:00,2026-08-17 19:20:00+00:00,SHORT,64540.3,64364.9,0.0027250877419213726,0.0013250877419213726,1559.503228791296,1561.569707403254
2026-08-17 23:25:00+00:00,2026-08-18 00:25:00+00:00,SHORT,64489.7,64459.6,0.00046695914960692697,-0.000933040850393073,1561.569707403254,1560.1126990755104
2026-08-18 01:50:00+00:00,2026-08-18 02:50:00+00:00,LONG,64157.2,64118.4,-0.000604764547081138,-0.0020047645470811382,1560.1126990755104,1556.9850404469528
2026-08-18 11:40:00+00:00,2026-08-18 12:40:00+00:00,SHORT,64385.5,64251.4,0.0020871140551022016,0.0006871140551022016,1556.9850404469528,1558.0548667518276
2026-08-18 13:15:00+00:00,2026-08-18 14:15:00+00:00,LONG,64133.3,64465.5,0.005179836372056323,0.003779836372056323,1558.0548667518276,1563.9440592068354
2026-08-18 14:20:00+00:00,2026-08-18 15:20:00+00:00,SHORT,64732.9,64765.5,-0.0005033544093692166,-0.0019033544093692166,1563.9440592068354,1560.9673193857373
2026-08-18 23:40:00+00:00,2026-08-19 00:40:00+00:00,SHORT,64778.5,64564.1,0.0033207308705611727,0.0019207308705611727,1560.9673193857373,1563.9655175040184
2026-08-19 01:00:00+00:00,2026-08-19 02:00:00+00:00,LONG,64444.7,64374.1,-0.0010955128971039674,-0.0024955128971039676,1563.9655175040184,1560.0626213844614
2026-08-19 02:00:00+00:00,2026-08-19 03:00:00+00:00,LONG,64374.1,64350.1,-0.0003728207462317945,-0.0017728207462317945,1560.0626213844614,1557.2969100038504
2026-08-19 11:20:00+00:00,2026-08-19 12:20:00+00:00,SHORT,64531.4,64496.3,0.0005442172651763943,-0.0008557827348236056,1557.2969100038504,1555.964202195275
2026-08-19 12:30:00+00:00,2026-08-19 13:30:00+00:00,SHORT,64662.3,65056.2,-0.006054764957067804,-0.007454764957067804,1555.964202195275,1544.3648547862977
2026-08-19 13:30:00+00:00,2026-08-19 14:30:00+00:00,SHORT,65056.2,65363.8,-0.004705968747227174,-0.006105968747227174,1544.3648547862977,1534.9350112486566
2026-08-19 14:35:00+00:00,2026-08-19 15:35:00+00:00,SHORT,65499.4,68649.8,-0.04589088387730189,-0.04729088387730189,1534.9350112486566,1462.3465778724913
2026-08-19 20:50:00+00:00,2026-08-19 21:50:00+00:00,SHORT,69112.2,69757.6,-0.00925203848756273,-0.01065203848756273,1462.3465778724913,1446.7696058428378
2026-08-20 03:10:00+00:00,2026-08-20 04:10:00+00:00,LONG,68999.6,69375.3,0.005444959101212232,0.004044959101212232,1446.7696058428378,1452.621729727349
2026-08-20 07:05:00+00:00,2026-08-20 08:05:00+00:00,SHORT,69978.4,70711.5,-0.010367479122915024,-0.011767479122915024,1452.621729727349,1435.5280338492898
2026-08-20 08:05:00+00:00,2026-08-20 09:05:00+00:00,SHORT,70711.5,71873.9,-0.0161727692528163,-0.017572769252816298,1435.5280338492898,1410.3018309545073
2026-08-20 10:15:00+00:00,2026-08-20 11:15:00+00:00,SHORT,72394.3,71876.8,0.007199819691471987,0.005799819691471987,1410.3018309545073,1418.481327284596
2026-08-20 23:25:00+00:00,2026-08-21 00:25:00+00:00,SHORT,73215.0,73724.3,-0.006908170033489647,-0.008308170033489647,1418.481327284596,1406.6963432281857
2026-08-21 00:30:00+00:00,2026-08-21 01:30:00+00:00,SHORT,73739.3,74768.4,-0.013763836059083712,-0.015163836059083712,1406.6963432281857,1385.365430494561
2026-08-21 01:30:00+00:00,2026-08-21 02:30:00+00:00,SHORT,74768.4,74785.6,-0.00022999080036811836,-0.0016299908003681184,1385.365430494561,1383.1072975877069
2026-08-21 05:10:00+00:00,2026-08-21 06:10:00+00:00,SHORT,75318.6,75292.3,0.0003493053074483665,-0.0010506946925516335,1383.1072975877069,1381.654074090902
2026-08-21 07:10:00+00:00,2026-08-21 08:10:00+00:00,SHORT,75972.1,76895.7,-0.012011074741500427,-0.013411074741500427,1381.654074090902,1363.1246080363703
2026-08-21 08:10:00+00:00,2026-08-21 09:10:00+00:00,SHORT,76895.7,77883.7,-0.012685581193497497,-0.014085581193497497,1363.1246080363703,1343.9242056930195
2026-08-21 18:45:00+00:00,2026-08-21 19:45:00+00:00,LONG,76694.2,77211.9,0.006750184498958145,0.005350184498958145,1343.9242056930195,1351.1144481460929
2026-08-21 21:20:00+00:00,2026-08-21 22:20:00+00:00,SHORT,78037.5,78528.1,-0.006247445182043232,-0.007647445182043232,1351.1144481460929,1340.781874469229
2026-08-22 05:10:00+00:00,2026-08-22 06:10:00+00:00,LONG,77313.7,77181.1,-0.0017150905984320008,-0.003115090598432001,1340.781874469229,1336.605217457522
2026-08-22 10:20:00+00:00,2026-08-22 11:20:00+00:00,LONG,76607.0,76831.5,0.0029305415954155034,0.0015305415954155034,1336.605217457522,1338.6509473394901
2026-08-23 05:05:00+00:00,2026-08-23 06:05:00+00:00,LONG,76291.1,75919.3,-0.004873438710413125,-0.006273438710413125,1338.6509473394901,1330.2530026667193
2026-08-23 06:05:00+00:00,2026-08-23 07:05:00+00:00,LONG,75919.3,76237.3,0.004188658219978381,0.0027886582199783804,1330.2530026667193,1333.9626236372567
2026-08-23 10:20:00+00:00,2026-08-23 11:20:00+00:00,SHORT,76840.1,77273.6,-0.005609936640715629,-0.0070099366407156295,1333.9626236372567,1324.6116301644768
2026-08-23 11:20:00+00:00,2026-08-23 12:20:00+00:00,SHORT,77273.6,77103.5,0.0022061255325633855,0.0008061255325633855,1324.6116301644768,1325.6794334202827
2026-08-23 13:15:00+00:00,2026-08-23 14:15:00+00:00,SHORT,77649.9,77482.6,0.0021591944513992267,0.0007591944513992267,1325.6794334202827,1326.6858818904693
2026-08-23 21:00:00+00:00,2026-08-23 22:00:00+00:00,SHORT,77672.3,77699.7,-0.00035263971418153517,-0.0017526397141815352,1326.6858818904693,1324.3606795256242
2026-08-24 07:10:00+00:00,2026-08-24 08:10:00+00:00,SHORT,77751.9,77254.1,0.006443670950797342,0.005043670950797342,1324.3606795256242,1331.0403190133256
2026-08-24 10:10:00+00:00,2026-08-24 11:10:00+00:00,SHORT,77849.6,77819.7,0.00038422147605299273,-0.0010157785239470073,1331.0403190133256,1329.6882768427645
2026-08-24 11:30:00+00:00,2026-08-24 12:30:00+00:00,SHORT,78133.8,78537.6,-0.005141486370859316,-0.006541486370859316,1329.6882768427645,1320.990139102306
2026-08-24 12:50:00+00:00,2026-08-24 13:50:00+00:00,SHORT,79149.6,78370.7,0.009938663301463535,0.008538663301463535,1320.990139102306,1332.269629124654
2026-08-25 00:40:00+00:00,2026-08-25 01:40:00+00:00,SHORT,79366.6,79702.2,-0.004210674234839118,-0.005610674234839118,1332.269629124654,1324.7946982426658
2026-08-25 02:15:00+00:00,2026-08-25 03:15:00+00:00,SHORT,80853.7,80764.1,0.0011094038068892864,-0.00029059619311071357,1324.7946982426658,1324.4097179467033
2026-08-25 07:45:00+00:00,2026-08-25 08:45:00+00:00,LONG,79894.8,79912.2,0.00021778638910152637,-0.0011822136108984736,1324.4097179467033,1322.8439827517404
2026-08-25 09:50:00+00:00,2026-08-25 10:50:00+00:00,LONG,79099.2,79363.8,0.003345166575641878,0.001945166575641878,1322.8439827517404,1325.417134651778
2026-08-25 12:05:00+00:00,2026-08-25 13:05:00+00:00,LONG,78841.8,78863.0,0.0002688928969150073,-0.0011311071030849927,1325.417134651778,1323.9179459162228
2026-08-25 20:40:00+00:00,2026-08-25 21:40:00+00:00,LONG,78473.2,78585.3,0.0014285131739244505,2.8513173924450555e-05,1323.9179459162228,1323.9556950188764
2026-08-26 09:15:00+00:00,2026-08-26 10:15:00+00:00,LONG,78483.2,78546.1,0.0008014454048765884,-0.0005985545951234115,1323.9556950188764,1323.1632352538832
2026-08-26 15:00:00+00:00,2026-08-26 16:00:00+00:00,LONG,77656.8,78091.6,0.005598994550380709,0.004198994550380709,1323.1632352538832,1328.7191904679783
2026-08-26 21:10:00+00:00,2026-08-26 22:10:00+00:00,SHORT,78787.3,78788.1,-1.0153817645131014e-05,-0.001410153817645131,1328.7191904679783,1326.8454920289616
2026-08-27 08:00:00+00:00,2026-08-27 09:00:00+00:00,SHORT,79438.1,79750.1,-0.003912220799723087,-0.0053122207997230875,1326.8454920289616,1319.7969958081867
2026-08-27 09:20:00+00:00,2026-08-27 10:20:00+00:00,SHORT,80092.0,79809.1,0.0035447085608031337,0.0021447085608031335,1319.7969958081867,1322.6275757236187
2026-08-27 14:35:00+00:00,2026-08-27 15:35:00+00:00,SHORT,80208.3,80437.6,-0.0028506569067202614,-0.004250656906720262,1322.6275757236187,1317.0055396838504
2026-08-28 01:10:00+00:00,2026-08-28 02:10:00+00:00,SHORT,80757.4,80242.0,0.006423070212606685,0.005023070212606685,1317.0055396838504,1323.6209509800742
2026-08-28 04:05:00+00:00,2026-08-28 05:05:00+00:00,LONG,79646.4,79576.3,-0.0008801402197712305,-0.0022801402197712307,1323.6209509800742,1320.6029096140128
2026-08-28 14:10:00+00:00,2026-08-28 15:10:00+00:00,LONG,78631.7,79304.4,0.008555073844263683,0.007155073844263683,1320.6029096140128,1330.0519209512504
2026-08-28 15:55:00+00:00,2026-08-28 16:55:00+00:00,LONG,78329.9,77785.9,-0.00694498524828957,-0.00834498524828957,1330.0519209512504,1318.952657291453
2026-08-29 06:20:00+00:00,2026-08-29 07:20:00+00:00,LONG,77413.1,77506.4,0.0012052223719238864,-0.00019477762807611361,1318.952657291453,1318.6957548213213
2026-08-29 14:40:00+00:00,2026-08-29 15:40:00+00:00,SHORT,77922.1,77831.1,0.0011691984309614156,-0.00023080156903858436,1318.6957548213213,1318.391397772024
2026-08-30 06:45:00+00:00,2026-08-30 07:45:00+00:00,SHORT,78297.0,78149.5,0.0018874081088171568,0.00048740810881715683,1318.391397772024,1319.0339924298928
2026-08-30 12:05:00+00:00,2026-08-30 13:05:00+00:00,SHORT,78607.5,78679.1,-0.0009100256611985769,-0.002310025661198577,1319.0339924298928,1315.9869900593867
2026-08-30 13:45:00+00:00,2026-08-30 14:45:00+00:00,SHORT,78948.6,78760.1,0.0023933438378060945,0.0009933438378060945,1315.9869900593867,1317.2942176265951
2026-08-30 16:55:00+00:00,2026-08-30 17:55:00+00:00,SHORT,79346.0,79021.9,0.004101394676665704,0.0027013946766657037,1317.2942176265951,1320.852749213694
2026-08-30 20:40:00+00:00,2026-08-30 21:40:00+00:00,LONG,78473.8,78644.6,0.002176522610094045,0.0007765226100940449,1320.852749213694,1321.8784212380633
2026-08-30 23:20:00+00:00,2026-08-31 00:20:00+00:00,LONG,77973.8,77976.4,3.3344533676649135e-05,-0.0013666554663233509,1321.8784212380633,1320.0718688678635
2026-08-31 05:20:00+00:00,2026-08-31 06:20:00+00:00,SHORT,78092.5,77993.7,0.0012667689826229012,-0.00013323101737709882,1320.0718688678635,1319.8959943497634
2026-08-31 09:05:00+00:00,2026-08-31 10:05:00+00:00,SHORT,78742.3,78398.2,0.004389131383118583,0.0029891313831185828,1319.8959943497634,1323.8413368889267
2026-08-31 12:35:00+00:00,2026-08-31 13:35:00+00:00,LONG,77941.5,78140.1,0.002548064894825064,0.001148064894825064,1323.8413368889267,1325.361192654127
2026-08-31 23:00:00+00:00,2026-09-01 00:00:00+00:00,LONG,78435.0,78645.8,0.0026875756996238565,0.0012875756996238565,1325.361192654127,1327.067695519013
2026-09-01 03:35:00+00:00,2026-09-01 04:35:00+00:00,SHORT,78857.8,78738.3,0.001517685802208124,0.00011768580220812412,1327.067695519013,1327.2238725453444
2026-09-01 05:40:00+00:00,2026-09-01 06:40:00+00:00,SHORT,79171.4,78877.5,0.003726030870653707,0.002326030870653707,1327.2238725453444,1330.3110362451534
2026-09-01 08:05:00+00:00,2026-09-01 09:05:00+00:00,LONG,78303.7,77876.3,-0.005458235051472582,-0.006858235051472582,1330.3110362451534,1321.187450467016
2026-09-01 16:20:00+00:00,2026-09-01 17:20:00+00:00,LONG,77511.1,77572.6,0.000793434746765298,-0.000606565253234702,1321.187450467016,1320.3860640665532
2026-09-01 18:15:00+00:00,2026-09-01 19:15:00+00:00,LONG,77089.9,77223.1,0.0017278528056206,0.00032785280562059997,1320.3860640665532,1320.8189563421597
2026-09-02 01:45:00+00:00,2026-09-02 02:45:00+00:00,LONG,76833.2,77234.0,0.0052164949527027105,0.0038164949527027103,1320.8189563421597,1325.8598552224735
2026-09-02 03:25:00+00:00,2026-09-02 04:25:00+00:00,SHORT,77650.0,77430.0,0.002841275991217973,0.001441275991217973,1325.8598552224735,1327.7707851995253
2026-09-02 08:30:00+00:00,2026-09-02 09:30:00+00:00,LONG,77137.9,76716.0,-0.005469425535307493,-0.006869425535307493,1327.7707851995253,1318.6497626626406
2026-09-02 09:35:00+00:00,2026-09-02 10:35:00+00:00,LONG,76589.4,76480.3,-0.0014244791054636163,-0.0028244791054636165,1318.6497626626406,1314.9252639605754
2026-09-03 02:30:00+00:00,2026-09-03 03:30:00+00:00,SHORT,77876.2,77700.1,0.002266406349541228,0.0008664063495412279,1314.9252639605754,1316.064523558443
2026-09-03 05:25:00+00:00,2026-09-03 06:25:00+00:00,LONG,77193.9,77740.1,0.007075688623064957,0.005675688623064957,1316.064523558443,1323.5340960020228
2026-09-03 07:00:00+00:00,2026-09-03 08:00:00+00:00,SHORT,78139.9,77849.5,0.0037302744397844645,0.0023302744397844643,1323.5340960020228,1326.6182936761195
2026-09-03 12:10:00+00:00,2026-09-03 13:10:00+00:00,SHORT,78073.2,78547.4,-0.006037118988025059,-0.007437118988025059,1326.6182936761195,1316.7520755743594
2026-09-03 13:35:00+00:00,2026-09-03 14:35:00+00:00,SHORT,78850.0,79670.0,-0.010292456382578141,-0.011692456382578141,1316.7520755743594,1301.356009364037
2026-09-03 14:35:00+00:00,2026-09-03 15:35:00+00:00,SHORT,79670.0,80974.0,-0.016103934596290115,-0.017503934596290113,1301.356009364037,1278.5771588896398
2026-09-04 04:25:00+00:00,2026-09-04 05:25:00+00:00,SHORT,81258.8,81012.8,0.003036557186024913,0.001636557186024913,1278.5771588896398,1280.6696235269078
2026-09-04 12:30:00+00:00,2026-09-04 13:30:00+00:00,LONG,79830.0,79270.0,-0.007014906676687915,-0.008414906676687916,1280.6696235269078,1269.8929081612598
2026-09-04 14:45:00+00:00,2026-09-04 15:45:00+00:00,LONG,78699.0,79395.2,0.008846363994459816,0.007446363994459816,1269.8929081612598,1279.3489929894115
2026-09-05 16:30:00+00:00,2026-09-05 17:30:00+00:00,SHORT,79988.0,80072.6,-0.0010565411888712184,-0.0024565411888712186,1279.3489929894115,1276.206219493192
2026-09-06 07:10:00+00:00,2026-09-06 08:10:00+00:00,LONG,79671.9,79878.5,0.0025931350953096732,0.0011931350953096732,1276.206219493192,1277.7289059225218
2026-09-06 14:20:00+00:00,2026-09-06 15:20:00+00:00,LONG,79648.3,79651.5,4.0176626494137224e-05,-0.0013598233735058628,1277.7289059225218,1275.9914202912444
2026-09-06 18:30:00+00:00,2026-09-06 19:30:00+00:00,SHORT,79934.3,79838.1,0.0012049384942778296,-0.00019506150572217037,1275.9914202912444,1275.7425234835139
2026-09-06 22:05:00+00:00,2026-09-06 23:05:00+00:00,LONG,79686.2,80241.5,0.006968584271806133,0.005568584271806133,1275.7425234835139,1282.8466032346585
2026-09-06 23:05:00+00:00,2026-09-07 00:05:00+00:00,SHORT,80241.5,80383.0,-0.0017603224562406927,-0.003160322456240693,1282.8466032346585,1278.7923943065439
2026-09-07 07:25:00+00:00,2026-09-07 08:25:00+00:00,LONG,79425.3,79475.6,0.000633299465031989,-0.000766700534968011,1278.7923943065439,1277.8119434937162
2026-09-07 14:05:00+00:00,2026-09-07 15:05:00+00:00,LONG,79147.0,79099.7,-0.0005976221461332365,-0.0019976221461332367,1277.8119434937162,1275.2593580567996
2026-09-07 15:30:00+00:00,2026-09-07 16:30:00+00:00,LONG,78847.5,78937.9,0.001146517010685022,-0.000253482989314978,1275.2593580567996,1274.9361015025675
2026-09-07 19:30:00+00:00,2026-09-07 20:30:00+00:00,SHORT,79374.7,79229.9,0.0018275928658246787,0.00042759286582467874,1274.9361015025675,1275.4812550839522
2026-09-07 22:35:00+00:00,2026-09-07 23:35:00+00:00,LONG,78875.3,79036.4,0.00204246449775769,0.00064246449775769,1275.4812550839522,1276.300706507899
2026-09-08 03:00:00+00:00,2026-09-08 04:00:00+00:00,LONG,78919.0,78894.1,-0.00031551337447244254,-0.0017155133744724425,1276.300706507899,1274.111195576036
2026-09-08 06:50:00+00:00,2026-09-08 07:50:00+00:00,LONG,78281.1,78322.5,0.0005288632888398315,-0.0008711367111601685,1274.111195576036,1273.0012705394695
2026-09-08 10:20:00+00:00,2026-09-08 11:20:00+00:00,SHORT,78876.7,78487.3,0.004961312212294233,0.003561312212294233,1273.0012705394695,1277.5348255105077
2026-09-08 13:35:00+00:00,2026-09-08 14:35:00+00:00,LONG,77889.9,78344.5,0.005836443492673649,0.004436443492673648,1277.5348255105077,1283.2025365738077
2026-09-09 04:00:00+00:00,2026-09-09 05:00:00+00:00,SHORT,78932.9,79125.3,-0.0024315863573346475,-0.0038315863573346477,1283.2025365738077,1278.2858352409744
2026-09-09 05:10:00+00:00,2026-09-09 06:10:00+00:00,SHORT,79276.3,79116.4,0.002021072748507269,0.0006210727485072688,1278.2858352409744,1279.0797437380454
2026-09-09 08:05:00+00:00,2026-09-09 09:05:00+00:00,SHORT,79470.9,79501.0,-0.00037861158979135556,-0.0017786115897913555,1279.0797437380454,1276.8047576815657
2026-09-09 09:40:00+00:00,2026-09-09 10:40:00+00:00,LONG,79073.2,79081.7,0.00010749533343790141,-0.0012925046665620986,1276.8047576815657,1275.1544815739735
2026-09-09 12:35:00+00:00,2026-09-09 13:35:00+00:00,SHORT,79527.3,79333.6,0.002441588431635555,0.0010415884316355552,1275.1544815739735,1276.482667730529
2026-09-09 15:10:00+00:00,2026-09-09 16:10:00+00:00,LONG,78477.4,78666.8,0.0024134336764471964,0.0010134336764471964,1276.482667730529,1277.7762982534082
2026-09-09 20:25:00+00:00,2026-09-09 21:25:00+00:00,LONG,78117.2,78284.8,0.0021454942061416293,0.0007454942061416293,1277.7762982534082,1278.7288730805012
2026-09-10 12:30:00+00:00,2026-09-10 13:30:00+00:00,LONG,77378.3,76929.5,-0.005800075731826615,-0.007200075731826615,1278.7288730805012,1269.5219283538484
2026-09-10 22:35:00+00:00,2026-09-10 23:35:00+00:00,LONG,76912.2,76759.0,-0.0019918816520655414,-0.0033918816520655416,1269.5219283538484,1265.21586021817
2026-09-11 06:10:00+00:00,2026-09-11 07:10:00+00:00,SHORT,77403.9,77321.5,0.0010656803088402445,-0.00033431969115975554,1265.21586021817,1264.7928736425315
2026-09-11 09:35:00+00:00,2026-09-11 10:35:00+00:00,LONG,76931.9,77048.4,0.0015143263067725066,0.00011432630677250658,1264.7928736425315,1264.937472740607
2026-09-11 11:05:00+00:00,2026-09-11 12:05:00+00:00,LONG,76815.9,76924.0,0.001407260736383975,7.2607363839751e-06,1264.937472740607,1264.9466571181388
2026-09-11 12:35:00+00:00,2026-09-11 13:35:00+00:00,SHORT,77635.6,77647.8,-0.00015711971234211308,-0.001557119712342113,1264.9466571181388,1262.9769837432789
2026-09-11 13:45:00+00:00,2026-09-11 14:45:00+00:00,SHORT,78524.0,78692.1,-0.002136173770937666,-0.0035361737709376662,1262.9769837432789,1258.510877660068
2026-09-11 18:00:00+00:00,2026-09-11 19:00:00+00:00,LONG,77156.7,77161.1,5.702680389396697e-05,-0.001342973196106033,1258.510877660068,1256.8207312843626
2026-09-12 17:45:00+00:00,2026-09-12 18:45:00+00:00,LONG,77205.6,77182.2,-0.0003030868227176242,-0.0017030868227176242,1256.8207312843626,1254.680256458394
2026-09-13 06:50:00+00:00,2026-09-13 07:50:00+00:00,LONG,77136.8,77138.0,1.5556777050562687e-05,-0.0013844432229494373,1254.680256458394,1252.9432228803719
2026-09-13 08:15:00+00:00,2026-09-13 09:15:00+00:00,LONG,77006.9,76775.8,-0.0030010297778509942,-0.004401029777850994,1252.9432228803719,1247.4289824465188
2026-09-13 09:30:00+00:00,2026-09-13 10:30:00+00:00,LONG,76599.3,76804.9,0.002684097635356819,0.0012840976353568191,1247.4289824465188,1249.030803053154
2026-09-13 14:15:00+00:00,2026-09-13 15:15:00+00:00,SHORT,77058.6,77016.1,0.0005518326687536934,-0.0008481673312463066,1249.030803053154,1247.971415930284
2026-09-13 22:00:00+00:00,2026-09-13 23:00:00+00:00,LONG,77092.0,76755.7,-0.00436232034452344,-0.005762320344523441,1247.971415930284,1240.7802048508852
2026-09-13 23:00:00+00:00,2026-09-14 00:00:00+00:00,LONG,76755.7,76857.3,0.0013236801957379196,-7.631980426208037e-05,1240.7802048508852,1240.6855087485187
2026-09-14 00:25:00+00:00,2026-09-14 01:25:00+00:00,LONG,76474.4,76851.2,0.00492713901645514,0.0035271390164551397,1240.6855087485187,1245.061579013576
2026-09-14 02:25:00+00:00,2026-09-14 03:25:00+00:00,SHORT,77533.5,77810.4,-0.0035586502575490897,-0.00495865025754909,1245.061579013576,1238.887754094136
2026-09-14 09:50:00+00:00,2026-09-14 10:50:00+00:00,SHORT,78307.2,77906.8,0.005139474346270045,0.003739474346270045,1238.887754094136,1243.5205430684791
2026-09-14 13:45:00+00:00,2026-09-14 14:45:00+00:00,SHORT,78432.9,78599.9,-0.0021246846370033268,-0.003524684637003327,1243.5205430684791,1239.1375253145277
2026-09-14 23:45:00+00:00,2026-09-15 00:45:00+00:00,LONG,78286.8,78000.2,-0.0036608981335296553,-0.0050608981335296555,1239.1375253145277,1232.8663765254769
2026-09-15 01:00:00+00:00,2026-09-15 02:00:00+00:00,LONG,77833.8,77941.2,0.0013798632470725103,-2.0136752927489695e-05,1232.8663765254769,1232.8415505998603
2026-09-15 05:10:00+00:00,2026-09-15 06:10:00+00:00,LONG,77420.7,77580.0,0.0020575892493868153,0.0006575892493868153,1232.8415505998603,1233.652253949732
2026-09-15 07:35:00+00:00,2026-09-15 08:35:00+00:00,LONG,77083.8,76875.1,-0.0027074430684527195,-0.00410744306845272,1233.652253949732,1228.5850975503652
2026-09-15 13:35:00+00:00,2026-09-15 14:35:00+00:00,LONG,76316.7,75861.4,-0.005965928820297561,-0.0073659288202975615,1228.5850975503652,1219.535427172131
2026-09-15 14:35:00+00:00,2026-09-15 15:35:00+00:00,LONG,75861.4,76420.9,0.007375292309395709,0.005975292309395709,1219.535427172131,1226.8225078311482
2026-09-15 17:30:00+00:00,2026-09-15 18:30:00+00:00,SHORT,76930.0,76780.3,0.001949718873200501,0.0005497188732005011,1226.8225078311482,1227.4969153177701
2026-09-15 18:45:00+00:00,2026-09-15 19:45:00+00:00,LONG,75061.6,75937.6,0.011670414699393561,0.01027041469939356,1227.4969153177701,1240.10381768031
2026-09-15 22:15:00+00:00,2026-09-15 23:15:00+00:00,LONG,75199.8,75935.2,0.009779281327875866,0.008379281327875866,1240.10381768031,1250.494996444426
2026-09-16 08:05:00+00:00,2026-09-16 09:05:00+00:00,LONG,75536.0,75861.6,0.004310527430629207,0.002910527430629207,1250.494996444426,1254.134596433442
2026-09-16 11:40:00+00:00,2026-09-16 12:40:00+00:00,SHORT,76235.3,75953.0,0.0037167722143958137,0.0023167722143958135,1254.134596433442,1257.0401406195715
2026-09-17 00:15:00+00:00,2026-09-17 01:15:00+00:00,SHORT,76454.5,76357.5,0.001270340176145135,-0.00012965982385486504,1257.0401406195715,1256.8771530163604
2026-09-17 01:25:00+00:00,2026-09-17 02:25:00+00:00,SHORT,76623.6,76182.0,0.005796644876742585,0.004396644876742585,1256.8771530163604,1262.4031955118644
2026-09-17 12:10:00+00:00,2026-09-17 13:10:00+00:00,SHORT,76817.0,76659.2,0.0020584613458005663,0.0006584613458005663,1262.4031955118644,1263.234439218924
2026-09-17 13:35:00+00:00,2026-09-17 14:35:00+00:00,LONG,76023.1,76752.2,0.009590506043557712,0.008190506043557711,1263.234439218924,1273.5809685277768
2026-09-17 22:05:00+00:00,2026-09-17 23:05:00+00:00,LONG,76357.6,76467.9,0.001444518947688156,4.451894768815593e-05,1273.5809685277768,1273.6376670122913
2026-09-18 02:30:00+00:00,2026-09-18 03:30:00+00:00,SHORT,77024.6,77404.2,-0.004904126649458163,-0.006304126649458163,1273.6376670122913,1265.6084938539254
2026-09-18 09:00:00+00:00,2026-09-18 10:00:00+00:00,SHORT,78305.0,78173.8,0.0016783116594050185,0.0002783116594050185,1265.6084938539254,1265.960727454007
2026-09-18 13:35:00+00:00,2026-09-18 14:35:00+00:00,SHORT,78953.0,80641.2,-0.020934708312872252,-0.02233470831287225,1265.960727454007,1237.6858638707702
2026-09-18 15:00:00+00:00,2026-09-18 16:00:00+00:00,SHORT,80730.3,80830.4,-0.001238395455175123,-0.0026383954551751233,1237.6858638707702,1234.420359112599
2026-09-19 00:50:00+00:00,2026-09-19 01:50:00+00:00,SHORT,81423.7,81333.6,0.0011077832531696252,-0.00029221674683037476,1234.420359112599,1234.059640811038
2026-09-19 04:35:00+00:00,2026-09-19 05:35:00+00:00,LONG,80934.1,81121.7,0.002317935209015687,0.0009179352090156869,1234.059640811038,1235.1924276053635
2026-09-19 15:10:00+00:00,2026-09-19 16:10:00+00:00,SHORT,81705.8,81763.1,-0.0007008051309209673,-0.0021008051309209675,1235.1924276053635,1232.5975290157755
2026-09-19 20:30:00+00:00,2026-09-19 21:30:00+00:00,LONG,81250.2,81006.1,-0.0030043002971068544,-0.004404300297106855,1232.5975290157755,1227.1687993525181
2026-09-20 02:35:00+00:00,2026-09-20 03:35:00+00:00,LONG,80911.4,80305.0,-0.007494617569341222,-0.008894617569341222,1227.1687993525181,1216.25360218925
2026-09-20 16:35:00+00:00,2026-09-20 17:35:00+00:00,SHORT,81354.8,81358.1,-4.056141920727452e-05,-0.0014405614192072745,1216.25360218925,1214.5015141739643
2026-09-20 21:05:00+00:00,2026-09-20 22:05:00+00:00,LONG,80858.2,81188.8,0.004088639123799531,0.002688639123799531,1214.5015141739643,1217.7668704608861
2026-09-21 00:10:00+00:00,2026-09-21 01:10:00+00:00,SHORT,81678.4,81799.4,-0.0014792284539983935,-0.0028792284539983937,1217.7668704608861,1214.2606414371187
2026-09-21 08:20:00+00:00,2026-09-21 09:20:00+00:00,SHORT,82147.9,84012.0,-0.022188496881398012,-0.02358849688139801,1214.2606414371187,1185.618058083375
2026-09-21 09:25:00+00:00,2026-09-21 10:25:00+00:00,SHORT,84445.1,84370.0,0.0008901268223302505,-0.0005098731776697495,1185.618058083375,1185.0135432365973
2026-09-21 12:00:00+00:00,2026-09-21 13:00:00+00:00,SHORT,84980.0,85235.6,-0.002998747002426305,-0.004398747002426305,1185.0135432365973,1179.8009684654508
2026-09-21 14:30:00+00:00,2026-09-21 15:30:00+00:00,SHORT,85999.9,85875.9,0.0014439441100471129,4.3944110047112886e-05,1179.8009684654508,1179.8528137690425
2026-09-21 19:30:00+00:00,2026-09-21 20:30:00+00:00,SHORT,86850.0,87029.6,-0.002063665695349659,-0.0034636656953496592,1179.8528137690425,1175.766198052429
2026-09-22 00:55:00+00:00,2026-09-22 01:55:00+00:00,LONG,85903.6,85620.2,-0.0032990468385493132,-0.0046990468385493134,1175.766198052429,1170.2412176165976
2026-09-22 08:45:00+00:00,2026-09-22 09:45:00+00:00,SHORT,86193.8,86041.2,0.0017735689413909128,0.0003735689413909128,1170.2412176165976,1170.6783833894347
2026-09-23 01:10:00+00:00,2026-09-23 02:10:00+00:00,SHORT,86715.6,86385.0,0.003827053307865924,0.002427053307865924,1170.6783833894347,1173.519682232287
2026-09-23 03:40:00+00:00,2026-09-23 04:40:00+00:00,SHORT,86893.2,87148.1,-0.0029249059933608157,-0.004324905993360816,1173.519682232287,1168.444319925274
2026-09-23 07:35:00+00:00,2026-09-23 08:35:00+00:00,LONG,86168.9,86217.6,0.0005651691039343376,-0.0008348308960656624,1168.444319925274,1167.4688665066678
2026-09-23 08:45:00+00:00,2026-09-23 09:45:00+00:00,LONG,85815.2,85850.7,0.00041367962785154866,-0.0009863203721484513,1167.4688665066678,1166.3173681797832
2026-09-23 11:25:00+00:00,2026-09-23 12:25:00+00:00,LONG,85510.5,85493.0,-0.00020465322972029742,-0.0016046532297202974,1166.3173681797832,1164.4458332480547
2026-09-23 14:10:00+00:00,2026-09-23 15:10:00+00:00,LONG,84879.9,84648.7,-0.0027238486378988735,-0.004123848637898874,1164.4458332480547,1159.6438348847078
2026-09-23 16:00:00+00:00,2026-09-23 17:00:00+00:00,LONG,83912.5,83905.7,-8.10367942798429e-05,-0.0014810367942798429,1159.6438348847078,1157.9263596969838
2026-09-24 02:05:00+00:00,2026-09-24 03:05:00+00:00,LONG,83802.4,84343.7,0.006459242217406791,0.005059242217406791,1157.9263596969838,1163.7845896206109
2026-09-24 07:50:00+00:00,2026-09-24 08:50:00+00:00,SHORT,84612.2,83520.7,0.013068616522610599,0.011668616522610599,1163.7845896206109,1177.3643457118174
2026-09-24 09:30:00+00:00,2026-09-24 10:30:00+00:00,LONG,82965.0,83283.2,0.0038353522569758436,0.0024353522569758434,1177.3643457118174,1180.2316426284294
2026-09-24 13:30:00+00:00,2026-09-24 14:30:00+00:00,SHORT,84138.9,84779.6,-0.007557242544197096,-0.008957242544197096,1180.2316426284294,1169.6600215470705
2026-09-24 22:15:00+00:00,2026-09-24 23:15:00+00:00,LONG,84017.3,84344.4,0.0038932457958062994,0.002493245795806299,1169.6600215470705,1172.5762714783154
2026-09-25 00:05:00+00:00,2026-09-25 01:05:00+00:00,SHORT,84705.0,84723.6,-0.0002195374134243977,-0.0016195374134243977,1172.5762714783154,1170.6772403365626
2026-09-25 09:20:00+00:00,2026-09-25 10:20:00+00:00,SHORT,84675.8,84539.0,0.0016181880552170735,0.00021818805521707355,1170.6772403365626,1170.9326681269185
2026-09-25 11:05:00+00:00,2026-09-25 12:05:00+00:00,SHORT,85090.7,84668.3,0.004988880135776919,0.0035888801357769184,1170.9326681269185,1175.1350051198915
2026-09-25 12:15:00+00:00,2026-09-25 13:15:00+00:00,LONG,83999.9,84278.7,0.003319051570299436,0.001919051570299436,1175.1350051198915,1177.3901497967806
2026-09-25 13:45:00+00:00,2026-09-25 14:45:00+00:00,LONG,83757.9,83816.3,0.0006972476626085911,-0.0007027523373914089,1177.3901497967806,1176.5627361169893
2026-09-26 07:55:00+00:00,2026-09-26 08:55:00+00:00,SHORT,84126.1,84212.7,-0.0010283484557553901,-0.0024283484557553903,1176.5627361169893,1173.7056318136404
2026-09-26 13:20:00+00:00,2026-09-26 14:20:00+00:00,LONG,83959.0,83978.5,0.00023225622029809934,-0.0011677437797019006,1173.7056318136404,1172.335044362889
2026-09-26 20:45:00+00:00,2026-09-26 21:45:00+00:00,LONG,83833.5,84158.0,0.003870767652549345,0.002470767652549345,1172.335044362889,1175.2316118684507
2026-09-27 07:55:00+00:00,2026-09-27 08:55:00+00:00,SHORT,84789.5,84791.7,-2.5945935746007898e-05,-0.0014259459357460079,1175.2316118684507,1173.5557951279468
2026-09-27 13:10:00+00:00,2026-09-27 14:10:00+00:00,LONG,84645.1,84992.0,0.004098288028485886,0.0026982880284858856,1173.5557951279468,1176.7223866807008
2026-09-28 03:30:00+00:00,2026-09-28 04:30:00+00:00,LONG,83264.2,83457.7,0.0023239279306113136,0.0009239279306113137,1176.7223866807008,1177.8095933603306
2026-09-28 05:20:00+00:00,2026-09-28 06:20:00+00:00,LONG,83068.6,83100.1,0.0003792046573554142,-0.0010207953426445858,1177.8095933603306,1176.6072908129063
2026-09-28 12:05:00+00:00,2026-09-28 13:05:00+00:00,SHORT,83475.0,83348.5,0.001517723774273172,0.00011772377427317197,1176.6072908129063,1176.745805464018
2026-09-28 13:35:00+00:00,2026-09-28 14:35:00+00:00,SHORT,83734.1,83413.2,0.0038471129269708193,0.002447112926970819,1176.745805464018,1179.6254353363277
2026-09-28 16:25:00+00:00,2026-09-28 17:25:00+00:00,SHORT,84017.1,83911.9,0.0012536958405184873,-0.00014630415948151273,1179.6254353363277,1179.4528512285078
2026-09-28 19:35:00+00:00,2026-09-28 20:35:00+00:00,LONG,83245.0,83558.2,0.0037623881314192698,0.0023623881314192696,1179.4528512285078,1182.2391766458186
2026-09-28 22:00:00+00:00,2026-09-28 23:00:00+00:00,LONG,83194.2,83619.7,0.0051145392347062835,0.0037145392347062833,1182.2391766458186,1186.6306504522763
2026-09-29 01:05:00+00:00,2026-09-29 02:05:00+00:00,LONG,83044.5,82981.6,-0.000757425235867415,-0.002157425235867415,1186.6306504522763,1184.0705835413369
2026-09-29 06:05:00+00:00,2026-09-29 07:05:00+00:00,SHORT,83769.6,84033.5,-0.0031404142395591306,-0.004540414239559131,1184.0705835413369,1178.6944126031829
2026-09-29 07:35:00+00:00,2026-09-29 08:35:00+00:00,SHORT,84142.2,83931.9,0.002505602756520453,0.001105602756520453,1178.6944126031829,1179.997580394852
2026-09-29 11:45:00+00:00,2026-09-29 12:45:00+00:00,SHORT,84434.2,84292.3,0.0016834277864050673,0.0002834277864050673,1179.997580394852,1180.3320244970266
2026-09-29 15:00:00+00:00,2026-09-29 16:00:00+00:00,LONG,83608.1,83059.4,-0.006562761263561923,-0.007962761263561923,1180.3320244970266,1170.93332237422
2026-09-30 09:30:00+00:00,2026-09-30 10:30:00+00:00,SHORT,83697.8,83873.8,-0.002098390677422457,-0.003498390677422457,1170.93332237422,1166.836940155343
2026-09-30 10:35:00+00:00,2026-09-30 11:35:00+00:00,SHORT,83854.6,83900.0,-0.0005411203814064125,-0.0019411203814064125,1166.836940155343,1164.5719691890297
2026-09-30 12:30:00+00:00,2026-09-30 13:30:00+00:00,SHORT,84486.4,85225.5,-0.00867228705023737,-0.01007228705023737,1164.5719691890297,1152.8420660246977
2026-10-01 04:45:00+00:00,2026-10-01 05:45:00+00:00,SHORT,84116.7,84286.0,-0.0020086372588568047,-0.003408637258856805,1152.8420660246977,1148.9124456048685
2026-10-01 07:20:00+00:00,2026-10-01 08:20:00+00:00,LONG,83411.8,83419.7,9.471082029155475e-05,-0.0013052891797084452,1148.9124456048685,1147.4127826211882
2026-10-01 13:25:00+00:00,2026-10-01 14:25:00+00:00,LONG,83473.3,84118.5,0.0077294176700812844,0.006329417670081284,1147.4127826211882,1154.6752373623879
2026-10-02 02:05:00+00:00,2026-10-02 03:05:00+00:00,SHORT,85114.3,85200.1,-0.0010070410715480316,-0.0024070410715480318,1154.6752373623879,1151.8958866417572
2026-10-02 04:15:00+00:00,2026-10-02 05:15:00+00:00,SHORT,85892.0,86498.9,-0.007016274195394301,-0.008416274195394301,1151.8958866417572,1142.2012150152334
2026-10-02 12:30:00+00:00,2026-10-02 13:30:00+00:00,SHORT,86830.3,86901.5,-0.0008193184237326179,-0.002219318423732618,1142.2012150152334,1139.6663068151404
