entry_time,exit_time,direction,entry_price,exit_price,gross_return,net_return,capital_before,capital_after
2025-10-03 07:40:00+00:00,2025-10-03 11:40:00+00:00,LONG,119626.0,120360.4,0.006139133633156657,0.004739133633156657,10000.0,10047.391336331566
2025-10-03 15:20:00+00:00,2025-10-03 19:20:00+00:00,SHORT,121399.0,122588.8,-0.009705617478921402,-0.011105617478921402,10047.391336331566,9935.808851489239
2025-10-04 04:20:00+00:00,2025-10-04 08:20:00+00:00,SHORT,122382.0,122407.5,-0.00020832056859265702,-0.001608320568592657,9935.808851489239,9919.828885747784
2025-10-04 11:15:00+00:00,2025-10-04 15:15:00+00:00,LONG,122015.9,121922.6,-0.0007646544425766733,-0.0021646544425766735,9919.828885747784,9898.355884080649
2025-10-04 15:20:00+00:00,2025-10-04 19:20:00+00:00,LONG,121816.9,121855.4,0.0003160481017001615,-0.0010839518982998385,9898.355884080649,9887.626542430053
2025-10-05 02:25:00+00:00,2025-10-05 06:25:00+00:00,SHORT,122864.9,124985.3,-0.01696519510694461,-0.018365195106944607,9887.626542430053,9706.03835183372
2025-10-05 09:25:00+00:00,2025-10-05 13:25:00+00:00,LONG,124017.0,123302.0,-0.005765338622930716,-0.007165338622930716,9706.03835183372,9636.49130035568
2025-10-05 23:10:00+00:00,2025-10-06 03:10:00+00:00,SHORT,123480.1,124015.0,-0.004313187920816031,-0.005713187920816031,9636.49130035568,9581.43621465944
2025-10-06 12:15:00+00:00,2025-10-06 16:15:00+00:00,SHORT,124674.5,124983.1,-0.0024691338268933993,-0.0038691338268933995,9581.43621465944,9544.36435569108
2025-10-06 17:20:00+00:00,2025-10-06 21:20:00+00:00,SHORT,125792.0,124770.0,0.008191071571691966,0.0067910715716919656,9544.36435569108,9609.180817136883
2025-10-06 21:20:00+00:00,2025-10-07 01:20:00+00:00,LONG,124770.0,124557.4,-0.001703935240843224,-0.003103935240843224,9609.180817136883,9579.354542162937
2025-10-07 06:25:00+00:00,2025-10-07 10:25:00+00:00,LONG,123891.0,124264.7,0.0030163611561775383,0.0016163611561775383,9579.354542162937,9594.83823874614
2025-10-07 12:45:00+00:00,2025-10-07 16:45:00+00:00,SHORT,124913.1,122064.0,0.023341034211561196,0.021941034211561197,9594.83823874614,9805.358912796864
2025-10-08 08:30:00+00:00,2025-10-08 12:30:00+00:00,SHORT,122367.5,122683.6,-0.0025765464984724984,-0.003976546498472499,9805.358912796864,9766.367447145916
2025-10-08 13:40:00+00:00,2025-10-08 17:40:00+00:00,LONG,121886.0,123776.0,0.015506292765370855,0.014106292765370855,9766.367447145916,9904.134685609544
2025-10-09 01:15:00+00:00,2025-10-09 05:15:00+00:00,LONG,122593.7,121891.2,-0.00573031077453412,-0.00713031077453412,9904.134685609544,9833.515127348306
2025-10-09 08:20:00+00:00,2025-10-09 12:20:00+00:00,LONG,121522.0,123067.2,0.012715393097546102,0.011315393097546101,9833.515127348306,9944.785216544919
2025-10-09 12:30:00+00:00,2025-10-09 16:30:00+00:00,SHORT,123091.1,121181.6,0.015757342698891508,0.014357342698891508,9944.785216544919,10087.565905965723
2025-10-09 16:50:00+00:00,2025-10-09 20:50:00+00:00,LONG,120317.3,121144.8,0.006877647686575505,0.005477647686575505,10087.565905965723,10142.822038013714
2025-10-10 02:50:00+00:00,2025-10-10 06:50:00+00:00,LONG,120970.4,121405.1,0.0035934410401223804,0.00219344104012238,10142.822038013714,10165.06972013455
2025-10-10 13:35:00+00:00,2025-10-10 17:35:00+00:00,SHORT,122422.9,117902.1,0.038343676660551385,0.036943676660551386,10165.06972013455,10540.604769107162
2025-10-10 19:05:00+00:00,2025-10-10 23:05:00+00:00,LONG,117063.1,113019.3,-0.03454376314995933,-0.035943763149959326,10540.604769107162,10161.735767829043
2025-10-11 07:25:00+00:00,2025-10-11 11:25:00+00:00,LONG,110760.0,112349.9,0.014354460093896737,0.012954460093896737,10161.735767829043,10293.375568318106
2025-10-11 19:15:00+00:00,2025-10-11 23:15:00+00:00,LONG,111250.0,110971.2,-0.0025060674157303398,-0.00390606741573034,10293.375568318106,10253.168949412824
2025-10-12 00:20:00+00:00,2025-10-12 04:20:00+00:00,LONG,110078.4,111176.9,0.009979251151906343,0.008579251151906343,10253.168949412824,10341.133460932764
2025-10-12 04:45:00+00:00,2025-10-12 08:45:00+00:00,SHORT,111723.5,111478.1,0.002201329229687188,0.0008013292296871878,10341.133460932764,10349.420113443106
2025-10-12 14:50:00+00:00,2025-10-12 18:50:00+00:00,SHORT,112956.7,113749.7,-0.006971446957662275,-0.008371446957662275,10349.420113443106,10262.780491920854
2025-10-12 20:25:00+00:00,2025-10-13 00:25:00+00:00,SHORT,115238.3,115211.1,0.00023608836301369784,-0.0011639116369863021,10262.780491920854,10250.835522278472
2025-10-13 11:00:00+00:00,2025-10-13 15:00:00+00:00,LONG,114466.2,114195.0,-0.0023692583487526786,-0.003769258348752679,10250.835522278472,10212.197474904435
2025-10-13 23:40:00+00:00,2025-10-14 03:40:00+00:00,LONG,115200.2,113498.1,-0.014775147959812496,-0.016175147959812494,10212.197474904435,10047.013669753032
2025-10-14 04:50:00+00:00,2025-10-14 08:50:00+00:00,LONG,112871.0,111774.7,-0.009712858041481032,-0.011112858041481032,10047.013669753032,9935.362633100249
2025-10-14 09:50:00+00:00,2025-10-14 13:50:00+00:00,LONG,111119.9,110983.0,-0.0012320025485983432,-0.0026320025485983434,9935.362633100249,9909.21273332868
2025-10-15 02:25:00+00:00,2025-10-15 06:25:00+00:00,SHORT,113554.2,111950.1,0.014328705378557016,0.012928705378557016,9909.21273332868,10037.326025291331
2025-10-15 08:10:00+00:00,2025-10-15 12:10:00+00:00,SHORT,112909.9,111999.9,0.00812500725447074,0.0067250072544707395,10037.326025291331,10104.827115626904
2025-10-15 12:25:00+00:00,2025-10-15 16:25:00+00:00,LONG,111475.1,110975.1,-0.0044853065841609085,-0.005885306584160909,10104.827115626904,10045.357110071498
2025-10-16 09:30:00+00:00,2025-10-16 13:30:00+00:00,LONG,109658.7,111372.3,0.015626667104388536,0.014226667104388536,10045.357110071498,10188.269061621188
2025-10-16 14:05:00+00:00,2025-10-16 18:05:00+00:00,LONG,110419.1,107841.5,-0.02334378744257115,-0.02474378744257115,10188.269061621188,9936.172697552709
2025-10-17 01:05:00+00:00,2025-10-17 05:05:00+00:00,SHORT,109036.7,108849.1,0.0017234869190465574,0.0003234869190465574,9936.172697552709,9939.386919445755
2025-10-17 06:15:00+00:00,2025-10-17 10:15:00+00:00,LONG,108012.9,104220.9,-0.03510691778482011,-0.03650691778482011,9939.386919445755,9576.530538346033
2025-10-17 10:20:00+00:00,2025-10-17 14:20:00+00:00,LONG,103740.3,105156.1,0.013647541023112497,0.012247541023112497,9576.530538346033,9693.819488973515
2025-10-17 16:00:00+00:00,2025-10-17 20:00:00+00:00,SHORT,107319.9,106407.2,0.008577427091399858,0.007177427091399858,9693.819488973515,9763.396171592813
2025-10-17 21:10:00+00:00,2025-10-18 01:10:00+00:00,SHORT,107409.5,106990.5,0.00391623555362397,0.00251623555362397,9763.396171592813,9787.96317616389
2025-10-18 07:05:00+00:00,2025-10-18 11:05:00+00:00,SHORT,107364.9,106774.7,0.005527526651912806,0.004127526651912806,9787.96317616389,9828.363255041448
2025-10-18 16:35:00+00:00,2025-10-18 20:35:00+00:00,LONG,106516.0,107179.3,0.006227233467272608,0.004827233467272608,9828.363255041448,9875.807059074696
2025-10-19 03:40:00+00:00,2025-10-19 07:40:00+00:00,SHORT,107249.8,106746.2,0.0047177323408233995,0.0033177323408233993,9875.807059074696,9908.572343546319
2025-10-19 08:15:00+00:00,2025-10-19 12:15:00+00:00,SHORT,107150.0,107613.7,-0.004308930926080978,-0.0057089309260809785,9908.572343546319,9852.004988460936
2025-10-19 14:15:00+00:00,2025-10-19 18:15:00+00:00,SHORT,108421.4,109142.1,-0.006603318059667296,-0.008003318059667296,9852.004988460936,9773.156259012854
2025-10-19 23:40:00+00:00,2025-10-20 03:40:00+00:00,LONG,108562.5,109124.9,0.005180426021876849,0.003780426021876849,9773.156259012854,9810.102953250294
2025-10-20 03:45:00+00:00,2025-10-20 07:45:00+00:00,SHORT,109308.9,111135.9,-0.016439332384944882,-0.01783933238494488,9810.102953250294,9635.097265936733
2025-10-21 00:10:00+00:00,2025-10-21 04:10:00+00:00,LONG,110182.0,108311.8,-0.016973734366774962,-0.01837373436677496,9635.097265936733,9458.064548174372
2025-10-21 04:10:00+00:00,2025-10-21 08:10:00+00:00,LONG,108311.8,107808.0,-0.004651386090896881,-0.006051386090896881,9458.064548174372,9400.830147920746
2025-10-21 10:45:00+00:00,2025-10-21 14:45:00+00:00,SHORT,108586.7,110808.1,-0.020047270912505577,-0.021447270912505575,9400.830147920746,9199.20799693584
2025-10-21 14:45:00+00:00,2025-10-21 18:45:00+00:00,SHORT,110808.1,112026.1,-0.010872466327043417,-0.012272466327043418,9199.20799693584,9086.311026557976
2025-10-21 20:15:00+00:00,2025-10-22 00:15:00+00:00,LONG,110833.7,108300.0,-0.02286037549950959,-0.024260375499509587,9086.311026557976,8865.873709148345
2025-10-22 07:05:00+00:00,2025-10-22 11:05:00+00:00,LONG,107669.4,107352.0,-0.0029479127774464375,-0.004347912777446438,8865.873709148345,8827.325663565112
2025-10-23 01:10:00+00:00,2025-10-23 05:10:00+00:00,SHORT,108320.9,108825.2,-0.004634036969378474,-0.006034036969378475,8827.325663565112,8774.061254170418
2025-10-23 06:15:00+00:00,2025-10-23 10:15:00+00:00,SHORT,109856.3,109688.5,0.00152978662302794,0.00012978662302794,8774.061254170418,8775.200009950837
2025-10-23 12:00:00+00:00,2025-10-23 16:00:00+00:00,LONG,108719.4,110020.0,0.011962906344221924,0.010562906344221924,8775.200009950837,8867.891625807762
2025-10-24 04:30:00+00:00,2025-10-24 08:30:00+00:00,SHORT,111292.3,110834.4,0.004131388810694192,0.002731388810694192,8867.891625807762,8892.113285768943
2025-10-24 19:25:00+00:00,2025-10-24 23:25:00+00:00,SHORT,110940.0,111034.0,-0.000846587531747045,-0.0022465875317470452,8892.113285768943,8872.136374930253
2025-10-25 04:15:00+00:00,2025-10-25 08:15:00+00:00,SHORT,111420.9,111589.2,-0.0015082104719811307,-0.002908210471981131,8872.136374930253,8846.334335015836
2025-10-25 16:05:00+00:00,2025-10-25 20:05:00+00:00,LONG,111232.8,111663.8,0.0038747563668271034,0.0024747563668271032,8846.334335015836,8868.226857234496
2025-10-26 00:30:00+00:00,2025-10-26 04:30:00+00:00,SHORT,111825.0,111450.6,0.003359335885136483,0.0019593358851364828,8868.226857234496,8885.602692353406
2025-10-26 08:00:00+00:00,2025-10-26 12:00:00+00:00,SHORT,111779.2,113437.9,-0.014622097200318374,-0.016022097200318372,8885.602692353406,8743.23670233311
2025-10-26 12:05:00+00:00,2025-10-26 16:05:00+00:00,SHORT,113518.4,113518.0,3.5236702549124033e-06,-0.0013964763297450876,8743.23670233311,8731.026979232944
2025-10-26 21:25:00+00:00,2025-10-27 01:25:00+00:00,LONG,113064.0,115157.9,0.01851959951885651,0.017119599518856513,8731.026979232944,8880.498664505743
2025-10-27 05:10:00+00:00,2025-10-27 09:10:00+00:00,SHORT,115480.0,115133.9,0.0030060651120131787,0.0016060651120131787,8880.498664505743,8894.761323588085
2025-10-27 13:35:00+00:00,2025-10-27 17:35:00+00:00,LONG,114732.1,115614.0,0.007686602093049721,0.006286602093049721,8894.761323588085,8950.67914874213
2025-10-27 20:55:00+00:00,2025-10-28 00:55:00+00:00,LONG,114470.0,113971.0,-0.004359220756530058,-0.005759220756530058,8950.67914874213,8899.130211603655
2025-10-28 13:05:00+00:00,2025-10-28 17:05:00+00:00,SHORT,114819.8,115386.4,-0.004910457384925682,-0.006310457384925682,8899.130211603655,8842.972629640426
2025-10-28 19:15:00+00:00,2025-10-28 23:15:00+00:00,LONG,114103.0,112921.8,-0.010352050340481811,-0.011752050340481811,8842.972629640426,8739.04957013739
2025-10-29 00:55:00+00:00,2025-10-29 04:55:00+00:00,LONG,112430.0,112805.4,0.0033389664680245623,0.0019389664680245623,8739.04957013739,8755.994294216289
2025-10-29 05:35:00+00:00,2025-10-29 09:35:00+00:00,SHORT,113236.5,112837.0,0.0035405053306982737,0.0021405053306982735,8755.994294216289,8774.736546678621
2025-10-29 15:55:00+00:00,2025-10-29 19:55:00+00:00,LONG,111514.5,110651.4,-0.007739800653726703,-0.009139800653726703,8774.736546678621,8694.53720385301
2025-10-29 23:10:00+00:00,2025-10-30 03:10:00+00:00,LONG,110590.1,110788.1,0.0017903953428020092,0.0003903953428020092,8694.53720385301,8697.931510685212
2025-10-30 04:10:00+00:00,2025-10-30 08:10:00+00:00,LONG,110002.0,110841.5,0.007631679424010551,0.006231679424010551,8697.931510685212,8752.134231511802
2025-10-30 12:05:00+00:00,2025-10-30 16:05:00+00:00,LONG,109436.4,108044.2,-0.012721544202842883,-0.014121544202842883,8752.134231511802,8628.540581092295
2025-10-30 17:20:00+00:00,2025-10-30 21:20:00+00:00,LONG,106961.5,107654.8,0.00648177147852258,0.00508177147852258,8628.540581092295,8672.388852518563
2025-10-31 00:00:00+00:00,2025-10-31 04:00:00+00:00,SHORT,108424.7,109238.8,-0.007452480254268701,-0.008852480254268701,8672.388852518563,8595.616701444304
2025-10-31 12:00:00+00:00,2025-10-31 16:00:00+00:00,SHORT,110580.3,110267.0,0.002841285243998737,0.0014412852439987368,8595.616701444304,8608.005436959163
2025-10-31 16:55:00+00:00,2025-10-31 20:55:00+00:00,LONG,108829.8,109489.6,0.0060626776857073406,0.00466267768570734,8608.005436959163,8648.14179182852
2025-11-01 04:00:00+00:00,2025-11-01 08:00:00+00:00,SHORT,110359.6,110149.8,0.0019046789009149467,0.0005046789009149468,8648.14179182852,8652.506326522976
2025-11-01 13:40:00+00:00,2025-11-01 17:40:00+00:00,LONG,109782.0,110284.2,0.0045745204131824035,0.0031745204131824033,8652.506326522976,8679.973884481713
2025-11-01 21:55:00+00:00,2025-11-02 01:55:00+00:00,LONG,109865.6,109979.9,0.0010403620423498072,-0.00035963795765019276,8679.973884481713,8676.85223640144
2025-11-02 04:40:00+00:00,2025-11-02 08:40:00+00:00,SHORT,110431.8,110821.7,-0.0035182640222988226,-0.004918264022298823,8676.85223640144,8634.177186220344
2025-11-02 13:15:00+00:00,2025-11-02 17:15:00+00:00,LONG,110441.5,110172.9,-0.002432056790246495,-0.0038320567902464953,8634.177186220344,8601.090528905697
2025-11-02 22:30:00+00:00,2025-11-03 02:30:00+00:00,LONG,109547.0,108937.1,-0.005567473321953065,-0.006967473321953065,8601.090528905697,8541.162660105843
2025-11-03 02:30:00+00:00,2025-11-03 06:30:00+00:00,LONG,108937.1,107427.5,-0.013857537973748224,-0.015257537973748224,8541.162660105843,8410.845546479319
2025-11-03 15:25:00+00:00,2025-11-03 19:25:00+00:00,LONG,105965.2,106939.2,0.00919169689671695,0.00779169689671695,8410.845546479319,8476.380305622586
2025-11-04 05:15:00+00:00,2025-11-04 09:15:00+00:00,LONG,106168.0,103898.5,-0.02137649762640348,-0.022776497626403477,8476.380305622586,8283.31804971108
2025-11-04 14:35:00+00:00,2025-11-04 18:35:00+00:00,LONG,103086.5,100344.8,-0.02659611103296744,-0.02799611103296744,8283.31804971108,8051.4173578699865
2025-11-04 21:30:00+00:00,2025-11-05 01:30:00+00:00,LONG,99130.0,99155.2,0.0002542116412791451,-0.001145788358720855,8051.4173578699865,8042.192137590137
2025-11-05 01:30:00+00:00,2025-11-05 05:30:00+00:00,LONG,99155.2,102016.1,0.028852748015232743,0.027452748015232745,8042.192137590137,8262.972411833483
2025-11-05 12:25:00+00:00,2025-11-05 16:25:00+00:00,SHORT,102518.0,103512.7,-0.009609448888880268,-0.011009448888880268,8262.972411833483,8172.0016393951755
2025-11-06 01:15:00+00:00,2025-11-06 05:15:00+00:00,LONG,102992.2,103565.6,0.005567411901095554,0.004167411901095553,8172.0016393951755,8206.057736282963
2025-11-06 12:40:00+00:00,2025-11-06 16:40:00+00:00,LONG,102454.4,100582.1,-0.018274471374582157,-0.019674471374582156,8206.057736282963,8044.607888252295
2025-11-06 16:40:00+00:00,2025-11-06 20:40:00+00:00,LONG,100582.1,100767.5,0.0018432703234472214,0.00044327032344722143,8044.607888252295,8048.173824192926
2025-11-07 09:00:00+00:00,2025-11-07 13:00:00+00:00,LONG,101373.6,99580.4,-0.017689023572212248,-0.019089023572212246,8048.173824192926,7894.542044349646
2025-11-07 17:25:00+00:00,2025-11-07 21:25:00+00:00,SHORT,102333.5,103427.3,-0.010575544367879663,-0.011975544367879664,7894.542044349646,7800.000605833446
2025-11-08 06:00:00+00:00,2025-11-08 10:00:00+00:00,LONG,102196.9,102325.0,0.0012534626784179714,-0.00014653732158202855,7800.000605833446,7798.857614636329
2025-11-08 11:40:00+00:00,2025-11-08 15:40:00+00:00,LONG,102027.8,101575.1,-0.004437025987034882,-0.005837025987034882,7798.857614636329,7753.335480070513
2025-11-09 00:15:00+00:00,2025-11-09 04:15:00+00:00,LONG,101686.9,102034.3,0.00341636926683786,0.0020163692668378596,7753.335480070513,7768.96906744801
2025-11-09 13:30:00+00:00,2025-11-09 17:30:00+00:00,SHORT,102655.4,103730.1,-0.010360541443611981,-0.011760541443611982,7768.96906744801,7677.601784756148
2025-11-09 18:45:00+00:00,2025-11-09 22:45:00+00:00,SHORT,104310.3,104452.4,-0.0013604282907812015,-0.0027604282907812017,7677.601784756148,7656.408315584155
2025-11-10 00:35:00+00:00,2025-11-10 04:35:00+00:00,SHORT,106015.7,105918.0,0.000922411676957724,-0.000477588323042276,7656.408315584155,7652.751704376189
2025-11-10 13:05:00+00:00,2025-11-10 17:05:00+00:00,SHORT,106558.2,105379.0,0.011190085311115094,0.009790085311115094,7652.751704376189,7727.672796426813
2025-11-11 01:15:00+00:00,2025-11-11 05:15:00+00:00,SHORT,107362.1,105400.5,0.018610917405515126,0.017210917405515128,7727.672796426813,7860.67313466296
2025-11-11 05:15:00+00:00,2025-11-11 09:15:00+00:00,LONG,105400.5,105174.9,-0.0021404073035706794,-0.0035404073035706796,7860.67313466296,7832.843150086018
2025-11-11 12:45:00+00:00,2025-11-11 16:45:00+00:00,LONG,104452.0,103591.1,-0.008242063340098693,-0.009642063340098693,7832.843150086018,7757.318380299831
2025-11-12 08:30:00+00:00,2025-11-12 12:30:00+00:00,SHORT,103951.9,104948.1,-0.009492310961322858,-0.010892310961322859,7757.318380299831,7672.82325627562
2025-11-12 14:45:00+00:00,2025-11-12 18:45:00+00:00,LONG,103920.9,101462.9,-0.023652605010156758,-0.025052605010156756,7672.82325627562,7480.599045923403
2025-11-13 05:50:00+00:00,2025-11-13 09:50:00+00:00,SHORT,103082.8,102651.9,0.004197681679540377,0.002797681679540377,7480.599045923403,7501.527380826169
2025-11-13 13:25:00+00:00,2025-11-13 17:25:00+00:00,LONG,102551.0,100325.0,-0.02170627297637273,-0.02310627297637273,7501.527380826169,7328.195041425066
2025-11-13 17:40:00+00:00,2025-11-13 21:40:00+00:00,LONG,100034.9,98841.9,-0.011925837882578949,-0.01332583788257895,7328.195041425066,7230.540702331117
2025-11-13 22:35:00+00:00,2025-11-14 02:35:00+00:00,SHORT,99749.7,99796.1,-0.00046494802903129795,-0.001864948029031298,7230.540702331117,7217.056119699475
2025-11-14 04:30:00+00:00,2025-11-14 08:30:00+00:00,LONG,97724.3,97009.9,-0.007310361905892515,-0.008710361905892515,7217.056119699475,7154.1929490017565
2025-11-14 11:50:00+00:00,2025-11-14 15:50:00+00:00,LONG,95865.1,96914.9,0.010950804828868677,0.009550804828868676,7154.1929490017565,7222.521249565741
2025-11-14 18:55:00+00:00,2025-11-14 22:55:00+00:00,LONG,95083.7,95176.0,0.0009707236887079862,-0.0004292763112920138,7222.521249565741,7219.420792285499
2025-11-15 03:25:00+00:00,2025-11-15 07:25:00+00:00,SHORT,96651.2,96340.2,0.003228143599452782,0.0018281435994527819,7219.420792285499,7232.618930198672
2025-11-15 20:15:00+00:00,2025-11-16 00:15:00+00:00,LONG,95698.0,95285.0,-0.004315659679408168,-0.005715659679408168,7232.618930198672,7191.279741802812
2025-11-16 09:55:00+00:00,2025-11-16 13:55:00+00:00,SHORT,96621.7,95420.9,0.0125842451706073,0.0111842451706073,7191.279741802812,7271.708777525556
2025-11-16 15:50:00+00:00,2025-11-16 19:50:00+00:00,LONG,94706.0,94048.7,-0.006940426160961355,-0.008340426160961355,7271.708777525556,7211.05962740259
2025-11-16 22:00:00+00:00,2025-11-17 02:00:00+00:00,LONG,93200.8,94919.4,0.018439755881923592,0.017039755881923593,7211.05962740259,7333.934323103525
2025-11-17 13:10:00+00:00,2025-11-17 17:10:00+00:00,LONG,94936.4,93908.2,-0.010830408568262562,-0.012230408568262562,7333.934323103525,7244.2373099191645
2025-11-17 19:35:00+00:00,2025-11-17 23:35:00+00:00,LONG,91899.2,91988.0,0.0009662760938071724,-0.0004337239061928276,7244.2373099191645,7241.095311015719
2025-11-18 03:20:00+00:00,2025-11-18 07:20:00+00:00,LONG,90204.7,90032.8,-0.0019056656693053897,-0.00330566566930539,7241.095311015719,7217.158670837926
2025-11-18 08:35:00+00:00,2025-11-18 12:35:00+00:00,SHORT,91260.8,91520.2,-0.0028343469529130694,-0.00423434695291307,7217.158670837926,7186.598717011374
2025-11-19 00:15:00+00:00,2025-11-19 04:15:00+00:00,LONG,92009.0,91728.6,-0.0030475279592213633,-0.0044475279592213635,7186.598717011374,7154.636118285762
2025-11-19 04:30:00+00:00,2025-11-19 08:30:00+00:00,LONG,91461.0,91856.1,0.004319874044674821,0.0029198740446748205,7154.636118285762,7175.526754586637
2025-11-19 15:50:00+00:00,2025-11-19 19:50:00+00:00,LONG,90191.9,89031.0,-0.01287144410972596,-0.01427144410972596,7175.526754586637,7073.121625550711
2025-11-19 21:20:00+00:00,2025-11-20 01:20:00+00:00,SHORT,90470.0,92281.9,-0.019634402846061882,-0.02103440284606188,7073.121625550711,6924.342735899685
2025-11-20 06:40:00+00:00,2025-11-20 10:40:00+00:00,LONG,91857.0,91802.0,-0.0005987567632298463,-0.0019987567632298465,6924.342735899685,6910.502659025385
2025-11-20 14:05:00+00:00,2025-11-20 18:05:00+00:00,LONG,90630.3,87476.5,-0.03479851661089062,-0.036198516610890616,6910.502659025385,6660.352713733051
2025-11-21 02:40:00+00:00,2025-11-21 06:40:00+00:00,LONG,85898.5,85672.0,-0.0026368330063970546,-0.004036833006397055,6660.352713733051,6633.465982064007
2025-11-21 07:25:00+00:00,2025-11-21 11:25:00+00:00,LONG,85225.7,82935.0,-0.026878042656147128,-0.028278042656147126,6633.465982064007,6445.884548065101
2025-11-21 12:20:00+00:00,2025-11-21 16:20:00+00:00,LONG,81102.3,83093.9,0.024556640193927892,0.023156640193927894,6445.884548065101,6595.149577276244
2025-11-22 08:35:00+00:00,2025-11-22 12:35:00+00:00,LONG,83940.1,83811.7,-0.0015296622234189927,-0.002929662223418993,6595.149577276244,6575.8280167019
2025-11-22 22:50:00+00:00,2025-11-23 02:50:00+00:00,SHORT,85173.7,86069.7,-0.010410167573489892,-0.011810167573489893,6575.8280167019,6498.166385890201
2025-11-23 07:00:00+00:00,2025-11-23 11:00:00+00:00,LONG,85735.5,85919.1,0.00214146998617859,0.0007414699861785902,6498.166385890201,6502.984581230533
2025-11-23 12:15:00+00:00,2025-11-23 16:15:00+00:00,SHORT,86789.1,87070.0,-0.0032261398874467995,-0.0046261398874468,6502.984581230533,6472.900864871851
2025-11-24 00:05:00+00:00,2025-11-24 04:05:00+00:00,LONG,86378.0,87543.7,0.013495334460163377,0.012095334460163377,6472.900864871851,6551.192765759956
2025-11-24 09:20:00+00:00,2025-11-24 13:20:00+00:00,LONG,86045.4,86320.1,0.0031925007031172736,0.0017925007031172736,6551.192765759956,6562.935783398837
2025-11-24 17:40:00+00:00,2025-11-24 21:40:00+00:00,SHORT,87926.1,88760.2,-0.009397229839500088,-0.010797229839500088,6562.935783398837,6492.0742573236
2025-11-25 00:15:00+00:00,2025-11-25 04:15:00+00:00,LONG,88009.9,88056.9,0.0005340308306225339,-0.0008659691693774661,6492.0742573236,6486.4523211714495
2025-11-25 07:50:00+00:00,2025-11-25 11:50:00+00:00,LONG,87412.6,87414.0,1.601599769363027e-05,-0.0013839840023063697,6486.4523211714495,6477.475174927225
2025-11-25 14:45:00+00:00,2025-11-25 18:45:00+00:00,LONG,86197.0,87601.1,0.01628943002656702,0.01488943002656702,6477.475174927225,6573.921088293129
2025-11-25 19:15:00+00:00,2025-11-25 23:15:00+00:00,LONG,86475.1,87706.5,0.01423993727674211,0.01283993727674211,6573.921088293129,6658.329822729065
2025-11-26 03:50:00+00:00,2025-11-26 07:50:00+00:00,LONG,87103.7,87790.0,0.007879114205251891,0.006479114205251891,6658.329822729065,6701.469902066761
2025-11-26 09:30:00+00:00,2025-11-26 13:30:00+00:00,LONG,86974.0,86633.7,-0.003912663554625606,-0.005312663554625606,6701.469902066761,6665.867247155631
2025-11-26 17:25:00+00:00,2025-11-26 21:25:00+00:00,SHORT,88667.1,90270.5,-0.01776217036573402,-0.01916217036573402,6665.867247155631,6538.1347633302685
2025-11-27 01:55:00+00:00,2025-11-27 05:55:00+00:00,SHORT,91141.9,90961.0,0.0019887644155187623,0.0005887644155187623,6538.1347633302685,6541.984184422783
2025-11-27 13:15:00+00:00,2025-11-27 17:15:00+00:00,LONG,90583.1,91480.7,0.009909133160600492,0.008509133160600492,6541.984184422783,6597.650798982579
2025-11-28 05:50:00+00:00,2025-11-28 09:50:00+00:00,SHORT,91683.9,91579.0,0.0011454591118049695,-0.0002545408881950305,6597.650798982579,6595.971427088205
2025-11-28 13:45:00+00:00,2025-11-28 17:45:00+00:00,SHORT,92320.7,90520.4,0.01988833456325878,0.018488334563258782,6595.971427088205,6717.919953601907
2025-11-29 12:05:00+00:00,2025-11-29 16:05:00+00:00,SHORT,90792.1,90971.8,-0.0019753374122529754,-0.0033753374122529756,6717.919953601907,6695.244707049994
2025-11-29 17:30:00+00:00,2025-11-29 21:30:00+00:00,LONG,90474.9,90976.3,0.00554186851823002,0.00414186851823002,6695.244707049994,6722.97553032397
2025-11-30 03:05:00+00:00,2025-11-30 07:05:00+00:00,LONG,90631.6,90895.0,0.0029062711019114396,0.0015062711019114396,6722.97553032397,6733.102154084154
2025-11-30 08:20:00+00:00,2025-11-30 12:20:00+00:00,SHORT,91310.9,91326.8,-0.00017410004511275723,-0.0015741000451127572,6733.102154084154,6722.503577679661
2025-11-30 13:15:00+00:00,2025-11-30 17:15:00+00:00,SHORT,91717.8,91488.0,0.0025118048268626403,0.0011118048268626403,6722.503577679661,6729.977689605927
2025-11-30 21:15:00+00:00,2025-12-01 01:15:00+00:00,LONG,91064.5,87534.1,-0.03876812588879308,-0.04016812588879308,6729.977689605927,6459.647098541067
2025-12-01 01:50:00+00:00,2025-12-01 05:50:00+00:00,LONG,87185.6,85953.7,-0.014129626910866167,-0.015529626910866167,6459.647098541067,6359.331189124865
2025-12-01 11:55:00+00:00,2025-12-01 15:55:00+00:00,LONG,86145.8,84687.0,-0.016934081522256506,-0.018334081522256504,6359.331189124865,6242.738692676421
2025-12-01 21:30:00+00:00,2025-12-02 01:30:00+00:00,SHORT,86440.2,86628.0,-0.0021678902895138075,-0.0035678902895138077,6242.738692676421,6220.465285914849
2025-12-02 14:05:00+00:00,2025-12-02 18:05:00+00:00,SHORT,88095.5,91689.2,-0.03919436531238141,-0.040594365312381406,6220.465285914849,5967.9494456854345
2025-12-02 20:35:00+00:00,2025-12-03 00:35:00+00:00,LONG,90739.2,91159.8,0.004635262378332783,0.0032352623783327827,5967.9494456854345,5987.257328002852
2025-12-03 02:10:00+00:00,2025-12-03 06:10:00+00:00,SHORT,92879.1,93692.1,-0.00867735913700296,-0.01007735913700296,5987.257328002852,5926.921585662914
2025-12-03 14:00:00+00:00,2025-12-03 18:00:00+00:00,LONG,91753.1,93182.1,0.01557440566040813,0.01417440566040813,5926.921585662914,6010.93217653553
2025-12-03 21:55:00+00:00,2025-12-04 01:55:00+00:00,SHORT,93699.5,93188.0,0.0054889041507490965,0.004088904150749096,6010.93217653553,6035.510302062037
2025-12-04 11:30:00+00:00,2025-12-04 15:30:00+00:00,LONG,92770.3,92477.7,-0.003154026665861842,-0.004554026665861842,6035.510302062037,6008.024427204363
2025-12-04 19:10:00+00:00,2025-12-04 23:10:00+00:00,LONG,91293.0,92312.2,0.011164054199117146,0.009764054199117146,6008.024427204363,6066.687103341205
2025-12-05 04:40:00+00:00,2025-12-05 08:40:00+00:00,LONG,91863.1,92020.9,0.0017177735129774163,0.00031777351297741633,6066.687103341205,6068.614935814168
2025-12-05 09:15:00+00:00,2025-12-05 13:15:00+00:00,LONG,91390.0,91069.0,-0.003512419301892944,-0.004912419301892944,6068.614935814168,6038.803354667719
2025-12-05 13:40:00+00:00,2025-12-05 17:40:00+00:00,LONG,90420.1,89037.3,-0.015293059839571077,-0.016693059839571076,6038.803354667719,5937.997248908849
2025-12-06 03:05:00+00:00,2025-12-06 07:05:00+00:00,SHORT,89702.9,89700.8,2.341116244219954e-05,-0.0013765888375578004,5937.997248908849,5929.823068178552
2025-12-06 13:40:00+00:00,2025-12-06 17:40:00+00:00,SHORT,89782.1,89667.0,0.0012836383507868199,-0.00011636164921318012,5929.823068178552,5929.133064186796
2025-12-06 23:00:00+00:00,2025-12-07 03:00:00+00:00,LONG,89105.1,89550.1,0.0049941024700044245,0.0035941024700044243,5929.133064186796,5950.442975977774
2025-12-07 12:45:00+00:00,2025-12-07 16:45:00+00:00,SHORT,89529.6,89389.1,0.001571780004497203,0.00017178000449720302,5950.442975977774,5951.465143098947
2025-12-07 17:15:00+00:00,2025-12-07 21:15:00+00:00,SHORT,90330.9,91226.0,-0.009811895731480114,-0.011211895731480114,5951.465143098947,5884.737936464983
2025-12-07 21:35:00+00:00,2025-12-08 01:35:00+00:00,LONG,90661.4,91632.3,0.010709077953793056,0.009309077953793056,5884.737936464983,5939.519420653179
2025-12-08 01:35:00+00:00,2025-12-08 05:35:00+00:00,SHORT,91632.3,91337.7,0.003225393238498464,0.001825393238498464,5939.519420653179,5950.361379243569
2025-12-08 09:05:00+00:00,2025-12-08 13:05:00+00:00,SHORT,92098.8,91881.3,0.002367184617544593,0.0009671846175445932,5950.361379243569,5956.1164772384045
2025-12-08 14:20:00+00:00,2025-12-08 18:20:00+00:00,LONG,91268.1,90455.1,-0.00890782211966723,-0.01030782211966723,5956.1164772384045,5894.7218880670125
2025-12-08 21:30:00+00:00,2025-12-09 01:30:00+00:00,SHORT,91199.9,90182.0,0.01128717482424424,0.00988717482424424,5894.7218880670125,5953.00403391463
2025-12-09 15:35:00+00:00,2025-12-09 19:35:00+00:00,SHORT,91595.1,93926.0,-0.024816344782062405,-0.026216344782062403,5953.00403391463,5796.938027672516
2025-12-09 20:20:00+00:00,2025-12-10 00:20:00+00:00,LONG,92933.1,92485.9,-0.004812063731867489,-0.006212063731867489,5796.938027672516,5760.927079194928
2025-12-10 10:00:00+00:00,2025-12-10 14:00:00+00:00,SHORT,93126.4,92033.0,0.011880521117425102,0.010480521117425102,5760.927079194928,5821.304597104377
2025-12-10 20:10:00+00:00,2025-12-11 00:10:00+00:00,SHORT,94269.5,92020.0,0.02444577265811776,0.02304577265811776,5821.304597104377,5955.4610594229
2025-12-11 00:30:00+00:00,2025-12-11 04:30:00+00:00,LONG,91487.6,90106.1,-0.015100407049698505,-0.016500407049698504,5955.4610594229,5857.193527773794
2025-12-11 18:40:00+00:00,2025-12-11 22:40:00+00:00,SHORT,91146.1,92390.6,-0.013469985041768329,-0.014869985041768329,5857.193527773794,5770.097147629055
2025-12-12 00:55:00+00:00,2025-12-12 04:55:00+00:00,LONG,91577.7,92397.5,0.008951961012342524,0.007551961012342524,5770.097147629055,5813.672696325378
2025-12-12 15:20:00+00:00,2025-12-12 19:20:00+00:00,LONG,91527.0,90349.9,-0.012860685917816639,-0.014260685917816639,5813.672696325378,5730.765735974095
2025-12-13 14:25:00+00:00,2025-12-13 18:25:00+00:00,LONG,89964.0,90160.0,0.002178649237472685,0.0007786492374726851,5730.765735974095,5735.227992344546
2025-12-13 21:25:00+00:00,2025-12-14 01:25:00+00:00,LONG,89964.9,90428.1,0.005148674649780194,0.0037486746497801936,5735.227992344546,5756.727496130157
2025-12-14 10:10:00+00:00,2025-12-14 14:10:00+00:00,LONG,89806.1,89337.9,-0.005213454319918265,-0.006613454319918265,5756.727496130157,5718.655641802284
2025-12-14 22:30:00+00:00,2025-12-15 02:30:00+00:00,LONG,88188.7,89666.0,0.0167515792839672,0.0153515792839672,5718.655641802284,5806.446037285117
2025-12-15 14:50:00+00:00,2025-12-15 18:50:00+00:00,LONG,88268.1,85984.8,-0.025867782358519165,-0.027267782358519163,5806.446037285117,5648.117130463941
2025-12-16 04:45:00+00:00,2025-12-16 08:45:00+00:00,LONG,85400.9,86314.1,0.010693095740208935,0.009293095740208935,5648.117130463941,5700.605623709256
2025-12-16 10:35:00+00:00,2025-12-16 14:35:00+00:00,SHORT,86766.4,87271.6,-0.0057888247723201225,-0.007188824772320123,5700.605623709256,5659.624968784308
2025-12-16 15:50:00+00:00,2025-12-16 19:50:00+00:00,SHORT,87943.7,87679.0,0.0030189669133999786,0.0016189669133999786,5659.624968784308,5668.787714351022
2025-12-17 04:40:00+00:00,2025-12-17 08:40:00+00:00,LONG,86877.0,86490.3,-0.004451120549742726,-0.005851120549742727,5668.787714351022,5635.618954063454
2025-12-17 12:00:00+00:00,2025-12-17 16:00:00+00:00,SHORT,87175.2,87706.3,-0.006055437294698374,-0.007455437294698374,5635.618954063454,5593.602950334621
2025-12-17 19:05:00+00:00,2025-12-17 23:05:00+00:00,LONG,85386.7,86183.2,0.009328150637043064,0.007928150637043064,5593.602950334621,5637.949877128682
2025-12-18 09:30:00+00:00,2025-12-18 13:30:00+00:00,SHORT,87251.9,88125.5,-0.009913135244622784,-0.011313135244622784,5637.949877128682,5574.166987666321
2025-12-18 13:30:00+00:00,2025-12-18 17:30:00+00:00,SHORT,88125.5,86266.9,0.021544763982477733,0.020144763982477734,5574.166987666321,5686.457266031777
2025-12-18 19:40:00+00:00,2025-12-18 23:40:00+00:00,LONG,84698.4,85479.8,0.00922567604582869,0.00782567604582869,5686.457266031777,5730.95763844419
2025-12-19 03:10:00+00:00,2025-12-19 07:10:00+00:00,SHORT,86372.7,88143.9,-0.02009441379380761,-0.021494413793807607,5730.95763844419,5607.774063528688
2025-12-19 07:10:00+00:00,2025-12-19 11:10:00+00:00,SHORT,88143.9,88341.7,-0.0022390332085527875,-0.0036390332085527877,5607.774063528688,5587.367187485446
2025-12-19 17:30:00+00:00,2025-12-19 21:30:00+00:00,LONG,87032.8,87970.6,0.01077524795249607,0.00937524795249607,5587.367187485446,5639.750140269763
2025-12-20 05:40:00+00:00,2025-12-20 09:40:00+00:00,SHORT,88515.1,88267.9,0.00280056509784421,0.0014005650978442098,5639.750140269763,5647.648977476786
2025-12-20 21:15:00+00:00,2025-12-21 01:15:00+00:00,SHORT,88414.7,88326.2,0.001001967706071305,-0.00039803229392869495,5647.648977476786,5645.401030798977
2025-12-21 01:35:00+00:00,2025-12-21 05:35:00+00:00,LONG,88122.2,88132.9,0.0001214222976728685,-0.0012785777023271315,5645.401030798977,5638.182946920304
2025-12-21 08:30:00+00:00,2025-12-21 12:30:00+00:00,SHORT,88353.3,88802.0,-0.005052814125807936,-0.006452814125807936,5638.182946920304,5601.800800356527
2025-12-21 13:30:00+00:00,2025-12-21 17:30:00+00:00,LONG,88018.9,88349.0,0.003750330894841891,0.002350330894841891,5601.800800356527,5614.966885844355
2025-12-21 23:00:00+00:00,2025-12-22 03:00:00+00:00,SHORT,88712.1,88391.0,0.003632722788519338,0.002232722788519338,5614.966885844355,5627.503550367161
2025-12-22 08:20:00+00:00,2025-12-22 12:20:00+00:00,SHORT,89619.3,90201.8,-0.006457742528419574,-0.007857742528419575,5627.503550367161,5583.284076390609
2025-12-22 12:20:00+00:00,2025-12-22 16:20:00+00:00,SHORT,90201.8,89966.9,0.0026109602531598775,0.0012109602531598775,5583.284076390609,5590.045211489218
2025-12-22 19:00:00+00:00,2025-12-22 23:00:00+00:00,LONG,88795.8,88607.0,-0.002126226690902122,-0.0035262266909021223,5590.045211489218,5570.333444861115
2025-12-23 03:00:00+00:00,2025-12-23 07:00:00+00:00,LONG,88038.9,87465.0,-0.006518709343256157,-0.007918709343256157,5570.333444861115,5526.223593366241
2025-12-23 14:50:00+00:00,2025-12-23 18:50:00+00:00,LONG,86964.4,87929.9,0.01110224413668126,0.00970224413668126,5526.223593366241,5579.840363822968
2025-12-24 02:40:00+00:00,2025-12-24 06:40:00+00:00,LONG,87093.9,87018.9,-0.0008611395287155821,-0.0022611395287155823,5579.840363822968,5567.223566212406
2025-12-24 14:35:00+00:00,2025-12-24 18:35:00+00:00,LONG,86636.6,87454.9,0.009445199834711815,0.008045199834711815,5567.223566212406,5612.0129923271015
2025-12-24 22:05:00+00:00,2025-12-25 02:05:00+00:00,SHORT,87840.3,87634.0,0.0023541091357235366,0.0009541091357235367,5612.0129923271015,5617.3674651928795
2025-12-25 08:20:00+00:00,2025-12-25 12:20:00+00:00,LONG,87378.6,87541.0,0.001858578645114406,0.00045857864511440597,5617.3674651928795,5619.943469954177
2025-12-25 15:25:00+00:00,2025-12-25 19:25:00+00:00,SHORT,88075.4,88107.5,-0.00036432766790572835,-0.0017643276679057283,5619.943469954177,5610.028048198071
2025-12-25 20:25:00+00:00,2025-12-26 00:25:00+00:00,LONG,87758.9,87072.0,-0.007827126365530956,-0.009227126365530957,5610.028048198071,5558.2636104831745
2025-12-26 02:10:00+00:00,2025-12-26 06:10:00+00:00,SHORT,88194.7,89088.5,-0.010032720272537987,-0.011432720272537987,5558.2636104831745,5494.717537423494
2025-12-26 06:40:00+00:00,2025-12-26 10:40:00+00:00,SHORT,89248.1,88747.0,0.00564638804691997,0.00424638804691997,5494.717537423494,5518.05024029561
2025-12-26 14:40:00+00:00,2025-12-26 18:40:00+00:00,LONG,88397.0,87215.0,-0.013371494507732118,-0.014771494507732118,5518.05024029561,5436.540391477693
2025-12-26 20:40:00+00:00,2025-12-27 00:40:00+00:00,SHORT,87677.2,87379.1,0.0034115709591879817,0.0020115709591879815,5436.540391477693,5447.476378247642
2025-12-27 07:20:00+00:00,2025-12-27 11:20:00+00:00,SHORT,87710.2,87510.5,0.002282011872861034,0.0008820118728610339,5447.476378247642,5452.281117090386
2025-12-27 13:30:00+00:00,2025-12-27 17:30:00+00:00,LONG,87364.1,87525.4,0.001846296133079628,0.00044629613307962794,5452.281117090386,5454.714449069406
2025-12-27 22:10:00+00:00,2025-12-28 02:10:00+00:00,SHORT,87863.1,87781.4,0.0009307210866995597,-0.0004692789133004403,5454.714449069406,5452.154666600383
2025-12-28 18:00:00+00:00,2025-12-28 22:00:00+00:00,LONG,87660.7,87577.1,-0.0009536770753597601,-0.0023536770753597603,5452.154666600383,5439.322055150291
2025-12-28 22:45:00+00:00,2025-12-29 02:45:00+00:00,SHORT,87822.6,89219.1,-0.01565247800078684,-0.01705247800078684,5439.322055150291,5346.568135465646
2025-12-29 03:40:00+00:00,2025-12-29 07:40:00+00:00,SHORT,89983.0,89557.7,0.00474889372996401,0.0033488937299640097,5346.568135465646,5364.473223971332
2025-12-29 09:30:00+00:00,2025-12-29 13:30:00+00:00,LONG,88717.0,87344.7,-0.015468286799598774,-0.016868286799598772,5364.473223971332,5273.983751100615
2025-12-29 14:30:00+00:00,2025-12-29 18:30:00+00:00,SHORT,87965.0,87727.0,0.002712961801953684,0.0013129618019536839,5273.983751100615,5280.908290309934
2025-12-29 20:45:00+00:00,2025-12-30 00:45:00+00:00,LONG,87130.9,87212.1,0.00093193115186474,-0.00046806884813526,5280.908290309934,5278.436461649381
2025-12-30 08:00:00+00:00,2025-12-30 12:00:00+00:00,SHORT,87717.9,87966.0,-0.0028204078848647063,-0.0042204078848647065,5278.436461649381,5256.159306786879
2025-12-30 14:50:00+00:00,2025-12-30 18:50:00+00:00,SHORT,88867.1,88211.3,0.007434421667065427,0.006034421667065427,5256.159306786879,5287.8771883933005
2025-12-31 10:10:00+00:00,2025-12-31 14:10:00+00:00,SHORT,88800.1,89134.1,-0.003747162982517316,-0.005147162982517316,5287.8771883933005,5260.659622673105
2025-12-31 14:45:00+00:00,2025-12-31 18:45:00+00:00,LONG,88340.0,87757.1,-0.0065983699343444835,-0.007998369934344484,5260.659622673105,5218.582920912297
2026-01-01 01:05:00+00:00,2026-01-01 05:05:00+00:00,SHORT,87950.9,87709.5,0.0027522674282716153,0.0013522674282716153,5218.582920912297,5225.639840617981
2026-01-01 11:55:00+00:00,2026-01-01 15:55:00+00:00,SHORT,88022.1,88034.0,-0.00013517504600490948,-0.0015351750460049095,5225.639840617981,5217.617568735255
2026-01-01 17:20:00+00:00,2026-01-01 21:20:00+00:00,SHORT,88199.9,88372.0,-0.0019474494183678859,-0.003347449418367886,5217.617568735255,5200.151857839526
2026-01-01 22:05:00+00:00,2026-01-02 02:05:00+00:00,SHORT,88533.3,88473.0,0.0006815638669424029,-0.0007184361330575971,5200.151857839526,5196.415880847468
2026-01-02 09:45:00+00:00,2026-01-02 13:45:00+00:00,SHORT,89472.9,89502.0,-0.0003251323992760069,-0.0017251323992760069,5196.415880847468,5187.4513754513055
2026-01-02 14:15:00+00:00,2026-01-02 18:15:00+00:00,LONG,88832.1,90458.0,0.018303068372806708,0.01690306837280671,5187.4513754513055,5275.135220731168
2026-01-03 07:10:00+00:00,2026-01-03 11:10:00+00:00,LONG,89769.9,89692.1,-0.0008666602057035844,-0.0022666602057035846,5275.135220731168,5263.178281646632
2026-01-03 12:55:00+00:00,2026-01-03 16:55:00+00:00,SHORT,90039.4,90104.1,-0.0007180583347484726,-0.002118058334748473,5263.178281646632,5252.030563019924
2026-01-03 20:45:00+00:00,2026-01-04 00:45:00+00:00,SHORT,90350.0,91275.0,-0.010134209805532701,-0.011534209805532701,5252.030563019924,5191.452540600982
2026-01-04 06:05:00+00:00,2026-01-04 10:05:00+00:00,SHORT,91707.1,91501.4,0.002248053035254216,0.0008480530352542161,5191.452540600982,5195.855167685416
2026-01-04 18:30:00+00:00,2026-01-04 22:30:00+00:00,LONG,91125.7,91252.0,0.0013859975835577298,-1.4002416442270146e-05,5195.855167685416,5195.782413157584
2026-01-05 00:00:00+00:00,2026-01-05 04:00:00+00:00,SHORT,91835.2,92929.0,-0.011770276232392463,-0.013170276232392463,5195.782413157584,5127.3525235328925
2026-01-05 10:50:00+00:00,2026-01-05 14:50:00+00:00,SHORT,93144.1,93452.7,-0.0033022052867385243,-0.0047022052867385245,5127.3525235328925,5103.242659389764
2026-01-05 17:55:00+00:00,2026-01-05 21:55:00+00:00,SHORT,94324.0,94092.9,0.00245608329640179,0.0010560832964017898,5103.242659389764,5108.63210871983
2026-01-06 07:20:00+00:00,2026-01-06 11:20:00+00:00,LONG,93397.5,93766.2,0.003947643138199508,0.002547643138199508,5108.63210871983,5121.647080257196
2026-01-06 14:10:00+00:00,2026-01-06 18:10:00+00:00,SHORT,94104.2,91835.0,0.024709533402297534,0.023309533402297536,5121.647080257196,5241.030283949231
2026-01-06 21:15:00+00:00,2026-01-07 01:15:00+00:00,SHORT,93718.0,92480.0,0.013386678200691948,0.011986678200691948,5241.030283949231,5303.85282740301
2026-01-07 01:20:00+00:00,2026-01-07 05:20:00+00:00,LONG,92574.1,92736.9,0.0017585912258395453,0.0003585912258395453,5303.85282740301,5305.754742490061
2026-01-07 09:10:00+00:00,2026-01-07 13:10:00+00:00,LONG,92282.9,91897.2,-0.004179539221242479,-0.005579539221242479,5305.754742490061,5276.151075806045
2026-01-07 14:15:00+00:00,2026-01-07 18:15:00+00:00,LONG,91521.1,91234.9,-0.0031271477287752036,-0.004527147728775204,5276.151075806045,5252.2651604465345
2026-01-08 06:05:00+00:00,2026-01-08 10:05:00+00:00,LONG,90575.3,89990.4,-0.006457610408135639,-0.007857610408135639,5252.2651604465345,5210.994907055522
2026-01-09 07:55:00+00:00,2026-01-09 11:55:00+00:00,LONG,90753.1,90452.0,-0.0033177930010105383,-0.0047177930010105385,5210.994907055522,5186.410511754714
2026-01-09 15:25:00+00:00,2026-01-09 19:25:00+00:00,SHORT,91681.7,90324.6,0.015024699804925712,0.013624699804925712,5186.410511754714,5257.073798042483
2026-01-09 19:30:00+00:00,2026-01-09 23:30:00+00:00,LONG,90291.2,90701.0,0.0045386482846612175,0.0031386482846612173,5257.073798042483,5273.573903701046
2026-01-10 05:00:00+00:00,2026-01-10 09:00:00+00:00,LONG,90430.2,90644.9,0.0023742068468277644,0.0009742068468277644,5273.573903701046,5278.711455505284
2026-01-10 17:55:00+00:00,2026-01-10 21:55:00+00:00,LONG,90542.0,90505.0,-0.0004086501292217548,-0.0018086501292217548,5278.711455505284,5269.16411334916
2026-01-10 22:05:00+00:00,2026-01-11 02:05:00+00:00,LONG,90400.1,90641.4,0.0026692448349059372,0.0012692448349059372,5269.16411334916,5275.8519726843
2026-01-11 04:55:00+00:00,2026-01-11 08:55:00+00:00,SHORT,90799.1,90787.3,0.00012997412633719563,-0.0012700258736628044,5275.8519726843,5269.1515041733755
2026-01-11 12:15:00+00:00,2026-01-11 16:15:00+00:00,SHORT,90844.2,90952.9,-0.0011951240697107846,-0.0025951240697107848,5269.1515041733755,5255.477402277943
2026-01-11 20:00:00+00:00,2026-01-12 00:00:00+00:00,LONG,90638.0,90929.2,0.0032127805114852137,0.0018127805114852137,5255.477402277943,5265.004429291343
2026-01-12 01:00:00+00:00,2026-01-12 05:00:00+00:00,SHORT,91634.0,92149.9,-0.005598486813333414,-0.0069984868133334144,5265.004429291343,5228.157365220805
2026-01-12 07:45:00+00:00,2026-01-12 11:45:00+00:00,LONG,91511.7,90630.7,-0.009627184283539703,-0.011027184283539703,5228.157365220805,5170.505510491171
2026-01-12 14:20:00+00:00,2026-01-12 18:20:00+00:00,LONG,90218.4,91846.8,0.018049533132930895,0.016649533132930897,5170.505510491171,5256.5920133020945
2026-01-12 21:50:00+00:00,2026-01-13 01:50:00+00:00,LONG,90964.4,91183.9,0.0024130319113850884,0.0010130319113850884,5256.5920133020945,5261.917108756701
2026-01-13 05:10:00+00:00,2026-01-13 09:10:00+00:00,SHORT,91748.3,92426.0,-0.007332352368381145,-0.008732352368381146,5261.917108756701,5215.9681944298245
2026-01-13 09:20:00+00:00,2026-01-13 13:20:00+00:00,SHORT,92545.2,92023.9,0.005664832722803492,0.004264832722803492,5215.9681944298245,5238.21342626653
2026-01-13 14:35:00+00:00,2026-01-13 18:35:00+00:00,SHORT,92725.3,93629.7,-0.009659328183257987,-0.011059328183257987,5238.21342626653,5180.282304891501
2026-01-13 20:00:00+00:00,2026-01-14 00:00:00+00:00,SHORT,94270.8,95469.6,-0.012556876744010737,-0.013956876744010737,5180.282304891501,5107.981743262951
2026-01-14 14:15:00+00:00,2026-01-14 18:15:00+00:00,SHORT,95640.5,96857.0,-0.012559753037983845,-0.013959753037983845,5107.981743262951,5036.67557960447
2026-01-15 09:40:00+00:00,2026-01-15 13:40:00+00:00,SHORT,97079.1,96778.5,0.003106061780250746,0.0017060617802507462,5036.67557960447,5045.268459310355
2026-01-15 14:35:00+00:00,2026-01-15 18:35:00+00:00,LONG,96201.4,95930.1,-0.0028201252788420117,-0.004220125278842012,5045.268459310355,5023.976794346675
2026-01-16 20:55:00+00:00,2026-01-17 00:55:00+00:00,SHORT,95567.2,95465.1,0.0010695007913885668,-0.0003304992086114332,5023.976794346675,5022.316373992061
2026-01-17 02:05:00+00:00,2026-01-17 06:05:00+00:00,LONG,95289.8,95260.3,-0.0003095819279712586,-0.0017095819279712586,5022.316373992061,5013.73031268253
2026-01-17 22:10:00+00:00,2026-01-18 02:10:00+00:00,LONG,95190.2,95010.0,-0.001893052015858765,-0.003293052015858765,5013.73031268253,4997.219837969379
2026-01-18 13:20:00+00:00,2026-01-18 17:20:00+00:00,LONG,94959.0,95229.0,0.0028433323855558967,0.0014433323855558967,4997.219837969379,5004.432487199262
2026-01-18 23:00:00+00:00,2026-01-19 03:00:00+00:00,LONG,95032.1,92599.9,-0.025593457368615513,-0.02699345736861551,5004.432487199262,4869.345552201935
2026-01-19 08:20:00+00:00,2026-01-19 12:20:00+00:00,SHORT,93196.0,93090.4,0.0011343812036472833,-0.00026561879635271664,4869.345552201935,4868.0521624973335
2026-01-19 22:10:00+00:00,2026-01-20 02:10:00+00:00,LONG,92830.0,92479.6,-0.003774641818377611,-0.005174641818377611,4868.0521624973335,4842.861736203232
2026-01-20 04:55:00+00:00,2026-01-20 08:55:00+00:00,LONG,92069.5,91119.1,-0.010322636703794408,-0.011722636703794408,4842.861736203232,4786.090627463014
2026-01-20 15:05:00+00:00,2026-01-20 19:05:00+00:00,LONG,89952.1,89723.1,-0.0025457993754454122,-0.0039457993754454124,4786.090627463014,4767.205674054346
2026-01-20 22:30:00+00:00,2026-01-21 02:30:00+00:00,LONG,88218.3,89019.4,0.00908088231126647,0.007680882311266469,4767.205674054346,4803.822019790358
2026-01-21 03:40:00+00:00,2026-01-21 07:40:00+00:00,SHORT,89548.5,89225.1,0.0036245406281416592,0.002224540628141659,4803.822019790358,4814.508317043743
2026-01-21 07:50:00+00:00,2026-01-21 11:50:00+00:00,LONG,89114.0,88962.6,-0.0016989474156697826,-0.0030989474156697828,4814.508317043743,4799.58840893692
2026-01-21 11:55:00+00:00,2026-01-21 15:55:00+00:00,LONG,88792.2,90279.5,0.016750345187978244,0.015350345187978244,4799.58840893692,4873.263747774321
2026-01-21 16:55:00+00:00,2026-01-21 20:55:00+00:00,LONG,87595.4,90207.4,0.02981891743173737,0.02841891743173737,4873.263747774321,5011.756627845398
2026-01-22 13:40:00+00:00,2026-01-22 17:40:00+00:00,LONG,89612.1,89224.6,-0.004324192826638318,-0.005724192826638318,5011.756627845398,4983.068366507428
2026-01-23 01:55:00+00:00,2026-01-23 05:55:00+00:00,SHORT,89942.9,89620.3,0.0035996308871983906,0.0021996308871983904,4983.068366507428,4994.029277599419
2026-01-23 08:30:00+00:00,2026-01-23 12:30:00+00:00,LONG,89215.9,89149.6,-0.0007431410768706792,-0.0021431410768706794,4994.029277599419,4983.326368315502
2026-01-23 14:20:00+00:00,2026-01-23 18:20:00+00:00,SHORT,89610.7,90897.1,-0.014152266683975734,-0.015552266683975734,4983.326368315502,4905.824347662171
2026-01-24 03:00:00+00:00,2026-01-24 07:00:00+00:00,SHORT,89825.0,89645.4,0.0020034491451876857,0.0006034491451876857,4905.824347662171,4908.784763171208
2026-01-24 07:15:00+00:00,2026-01-24 11:15:00+00:00,LONG,89585.1,89620.9,0.0003996200260980576,-0.0010003799739019424,4908.784763171208,4903.874113197937
2026-01-24 13:55:00+00:00,2026-01-24 17:55:00+00:00,LONG,89370.4,89402.4,0.00035806038688424024,-0.0010419396131157597,4903.874113197937,4898.764572501663
2026-01-24 22:10:00+00:00,2026-01-25 02:10:00+00:00,SHORT,89481.6,89247.9,0.0026185490078758367,0.0012185490078758367,4898.764572501663,4904.7339572113015
2026-01-25 03:30:00+00:00,2026-01-25 07:30:00+00:00,LONG,88880.0,88756.0,-0.0013951395139514267,-0.002795139513951427,4904.7339572113015,4891.024541522081
2026-01-25 08:35:00+00:00,2026-01-25 12:35:00+00:00,LONG,88435.9,88734.1,0.0033719337961168883,0.001971933796116888,4891.024541522081,4900.669318113145
2026-01-25 15:50:00+00:00,2026-01-25 19:50:00+00:00,LONG,88412.9,86516.0,-0.021455013917652255,-0.022855013917652253,4900.669318113145,4788.664452641858
2026-01-25 19:50:00+00:00,2026-01-25 23:50:00+00:00,LONG,86516.0,86638.9,0.0014205464885106434,2.054648851064337e-05,4788.664452641858,4788.762842881015
2026-01-26 01:20:00+00:00,2026-01-26 05:20:00+00:00,SHORT,87615.3,87809.4,-0.0022104694941542657,-0.003610469494154266,4788.762842881015,4771.473160722054
2026-01-26 15:10:00+00:00,2026-01-26 19:10:00+00:00,SHORT,88712.5,88381.9,0.0037405848935132546,0.0023405848935132544,4771.473160722054,4782.6411987218435
2026-01-26 23:30:00+00:00,2026-01-27 03:30:00+00:00,SHORT,88550.1,88718.2,-0.001894763419456158,-0.003294763419456158,4782.6411987218435,4766.883527451911
2026-01-27 20:15:00+00:00,2026-01-28 00:15:00+00:00,SHORT,88877.6,89224.5,-0.00388794557548644,-0.00528794557548644,4766.883527451911,4741.676506794062
2026-01-28 11:45:00+00:00,2026-01-28 15:45:00+00:00,SHORT,89820.6,89383.9,0.004885667329351362,0.0034856673293513617,4741.676506794062,4758.204413680147
2026-01-28 17:50:00+00:00,2026-01-28 21:50:00+00:00,SHORT,90480.2,89460.0,0.011403979432148326,0.010003979432148325,4758.204413680147,4805.8053927685605
2026-01-29 01:50:00+00:00,2026-01-29 05:50:00+00:00,LONG,88551.8,88184.6,-0.004146725419471919,-0.00554672541947192,4805.8053927685605,4779.148909835456
2026-01-29 14:55:00+00:00,2026-01-29 18:55:00+00:00,LONG,87008.5,83477.9,-0.04057764471287295,-0.04197764471287295,4779.148909835456,4578.531494868469
2026-01-30 01:15:00+00:00,2026-01-30 05:15:00+00:00,LONG,84003.1,82961.8,-0.012395971101066494,-0.013795971101066494,4578.531494868469,4515.366206679941
2026-01-30 14:35:00+00:00,2026-01-30 18:35:00+00:00,SHORT,83462.6,82466.0,0.01208498047680262,0.01068498047680262,4515.366206679941,4563.61280644393
2026-01-31 06:25:00+00:00,2026-01-31 10:25:00+00:00,LONG,83668.0,83065.0,-0.0072070564612516375,-0.008607056461251638,4563.61280644393,4524.333533351576
2026-01-31 13:30:00+00:00,2026-01-31 17:30:00+00:00,LONG,82540.2,78594.7,-0.047800950324811464,-0.04920095032481146,4524.333533351576,4301.732023924266
2026-01-31 18:35:00+00:00,2026-01-31 22:35:00+00:00,LONG,77555.1,78202.5,0.008347613503173701,0.006947613503173701,4301.732023924266,4331.618795420717
2026-01-31 23:20:00+00:00,2026-02-01 03:20:00+00:00,SHORT,79201.0,78746.0,0.0057780712671120504,0.00437807126711205,4331.618795420717,4350.582931209031
2026-02-01 07:00:00+00:00,2026-02-01 11:00:00+00:00,LONG,78156.2,78450.1,0.00376041823937201,0.0023604182393720096,4350.582931209031,4360.852126511757
2026-02-01 14:25:00+00:00,2026-02-01 18:25:00+00:00,LONG,77854.0,78162.9,0.0039676830991342005,0.0025676830991342003,4360.852126511757,4372.049412814825
2026-02-01 20:25:00+00:00,2026-02-02 00:25:00+00:00,LONG,76692.0,77951.0,0.016416314609085658,0.015016314609085658,4372.049412814825,4437.70148228412
2026-02-02 03:10:00+00:00,2026-02-02 07:10:00+00:00,LONG,75904.0,76539.9,0.008377687605396256,0.0069776876053962555,4437.70148228412,4468.666376913502
2026-02-03 02:50:00+00:00,2026-02-03 06:50:00+00:00,LONG,77965.5,78575.9,0.007829103898519207,0.006429103898519207,4468.666376913502,4497.395897338498
2026-02-03 14:55:00+00:00,2026-02-03 18:55:00+00:00,LONG,77206.1,73151.6,-0.05251528052835208,-0.05391528052835208,4497.395897338498,4254.917535886433
2026-02-03 18:55:00+00:00,2026-02-03 22:55:00+00:00,LONG,73151.6,75716.3,0.035060067038861664,0.033660067038861666,4254.917535886433,4398.138345389199
2026-02-04 11:15:00+00:00,2026-02-04 15:15:00+00:00,LONG,75747.5,74548.0,-0.015835506122314214,-0.017235506122314212,4398.138345389199,4322.334205010458
2026-02-04 21:45:00+00:00,2026-02-05 01:45:00+00:00,LONG,72237.0,72660.1,0.0058571092376484835,0.004457109237648483,4322.334205010458,4341.599320723814
2026-02-05 11:20:00+00:00,2026-02-05 15:20:00+00:00,LONG,70056.0,67596.5,-0.035107628183167705,-0.036507628183167704,4341.599320723814,4183.097827002536
2026-02-05 15:20:00+00:00,2026-02-05 19:20:00+00:00,LONG,67596.5,65999.9,-0.023619566101795275,-0.025019566101795274,4183.097827002536,4078.4385344095704
2026-02-05 20:15:00+00:00,2026-02-06 00:15:00+00:00,LONG,64261.9,60072.2,-0.06519726307501028,-0.06659726307501028,4078.4385344095704,3806.825690398237
2026-02-06 00:15:00+00:00,2026-02-06 04:15:00+00:00,LONG,60072.2,64739.2,0.0776898465513165,0.0762898465513165,3806.825690398237,4097.247838166328
2026-02-06 05:50:00+00:00,2026-02-06 09:50:00+00:00,SHORT,66817.0,66029.0,0.011934150146147848,0.010534150146147848,4097.247838166328,4140.408862079551
2026-02-06 11:50:00+00:00,2026-02-06 15:50:00+00:00,SHORT,66523.4,68424.7,-0.027786749521737097,-0.029186749521737096,4140.408862079551,4019.563785704455
2026-02-06 17:25:00+00:00,2026-02-06 21:25:00+00:00,SHORT,70918.2,70397.3,0.007399431512288057,0.005999431512288057,4019.563785704455,4043.678883346062
2026-02-06 22:35:00+00:00,2026-02-07 02:35:00+00:00,SHORT,71246.4,70468.0,0.011046148606459694,0.009646148606459693,4043.678883346062,4082.6848107716205
2026-02-07 04:10:00+00:00,2026-02-07 08:10:00+00:00,SHORT,71219.6,68261.1,0.04334093649238002,0.041940936492380024,4082.6848107716205,4253.916435138597
2026-02-07 12:15:00+00:00,2026-02-07 16:15:00+00:00,SHORT,69868.9,69314.6,0.007996872231823993,0.0065968722318239924,4253.916435138597,4281.978978346062
2026-02-07 23:05:00+00:00,2026-02-08 03:05:00+00:00,LONG,68941.9,69290.0,0.005049179091380029,0.003649179091380029,4281.978978346062,4297.6046865035705
2026-02-08 08:20:00+00:00,2026-02-08 12:20:00+00:00,SHORT,70069.9,70791.0,-0.01018632312017076,-0.01158632312017076,4297.6046865035705,4247.811249962981
2026-02-08 16:45:00+00:00,2026-02-08 20:45:00+00:00,LONG,70408.1,70858.6,0.006398411546398863,0.004998411546398863,4247.811249962981,4269.0435587617185
2026-02-08 23:05:00+00:00,2026-02-09 03:05:00+00:00,SHORT,71926.8,70768.7,0.01636457925608359,0.014964579256083589,4269.0435587617185,4332.927999444481
2026-02-09 08:30:00+00:00,2026-02-09 12:30:00+00:00,LONG,69619.7,69023.1,-0.008569413542431126,-0.009969413542431126,4332.927999444481,4289.731248368441
2026-02-09 17:40:00+00:00,2026-02-09 21:40:00+00:00,SHORT,70849.1,70020.5,0.011833677280225219,0.010433677280225219,4289.731248368441,4334.488919832815
2026-02-10 03:15:00+00:00,2026-02-10 07:15:00+00:00,LONG,69571.8,69036.3,-0.007697084163411083,-0.009097084163411083,4334.488919832815,4295.0577093237225
2026-02-10 14:15:00+00:00,2026-02-10 18:15:00+00:00,SHORT,69500.0,69557.4,-0.000825217733842809,-0.0022252177338428093,4295.0577093237225,4285.500270741058
2026-02-11 03:15:00+00:00,2026-02-11 07:15:00+00:00,LONG,68103.5,66841.1,-0.018536492250765257,-0.019936492250765256,4285.500270741058,4200.062427802776
2026-02-11 14:10:00+00:00,2026-02-11 18:10:00+00:00,SHORT,68450.1,66469.0,0.029804871443831038,0.02840487144383104,4200.062427802776,4319.364661120579
2026-02-11 21:25:00+00:00,2026-02-12 01:25:00+00:00,SHORT,68194.5,67808.9,0.00568656916717436,0.00428656916717436,4319.364661120579,4337.87991649872
2026-02-12 05:10:00+00:00,2026-02-12 09:10:00+00:00,LONG,66809.9,67188.9,0.005672811963496338,0.004272811963496338,4337.87991649872,4356.4148617021465
2026-02-12 10:55:00+00:00,2026-02-12 14:55:00+00:00,SHORT,68011.3,67578.7,0.006401425301167496,0.005001425301167496,4356.4148617021465,4378.203145213845
2026-02-12 16:20:00+00:00,2026-02-12 20:20:00+00:00,LONG,66285.3,65607.0,-0.010233038094419222,-0.011633038094419222,4378.203145213845,4327.271341240466
2026-02-13 15:05:00+00:00,2026-02-13 19:05:00+00:00,SHORT,68266.3,69099.6,-0.012059404106536165,-0.013459404106536165,4327.271341240466,4269.028847580078
2026-02-14 07:40:00+00:00,2026-02-14 11:40:00+00:00,SHORT,69175.0,70304.9,-0.01607142603147138,-0.01747142603147138,4269.028847580078,4194.442825843365
2026-02-14 11:40:00+00:00,2026-02-14 15:40:00+00:00,SHORT,70304.9,69872.4,0.006189854649332194,0.0047898546493321936,4194.442825843365,4214.533597314089
2026-02-14 21:00:00+00:00,2026-02-15 01:00:00+00:00,SHORT,70178.8,69809.1,0.005295871168658595,0.0038958711686585944,4214.533597314089,4230.952877245208
2026-02-15 04:05:00+00:00,2026-02-15 08:05:00+00:00,SHORT,70267.4,70908.0,-0.009034241552434263,-0.010434241552434264,4230.952877245208,4186.806092927065
2026-02-15 12:50:00+00:00,2026-02-15 16:50:00+00:00,LONG,69606.4,69025.0,-0.00835268021331359,-0.00975268021331359,4186.806092927065,4145.973511987595
2026-02-15 17:45:00+00:00,2026-02-15 21:45:00+00:00,LONG,68294.5,68726.4,0.006324081734253806,0.004924081734253806,4145.973511987595,4166.388624428673
2026-02-16 09:00:00+00:00,2026-02-16 13:00:00+00:00,SHORT,68959.5,69932.0,-0.013906366184293306,-0.015306366184293306,4166.388624428673,4102.616354477094
2026-02-16 13:00:00+00:00,2026-02-16 17:00:00+00:00,SHORT,69932.0,67882.9,0.03018580526170811,0.02878580526170811,4102.616354477094,4220.713469920571
2026-02-16 20:55:00+00:00,2026-02-17 00:55:00+00:00,SHORT,68531.0,68884.8,-0.005136111304671065,-0.006536111304671065,4220.713469920571,4193.126416896046
2026-02-17 05:20:00+00:00,2026-02-17 09:20:00+00:00,LONG,68024.8,68033.9,0.00013377474097664432,-0.0012662252590233557,4193.126416896046,4187.816974312695
2026-02-17 14:40:00+00:00,2026-02-17 18:40:00+00:00,LONG,67105.1,67976.8,0.012990070799387743,0.011590070799387743,4187.816974312695,4236.354069539856
2026-02-18 01:00:00+00:00,2026-02-18 05:00:00+00:00,LONG,67151.1,67769.9,0.009215038919689889,0.007815038919689888,4236.354069539856,4269.4613414708965
2026-02-18 07:45:00+00:00,2026-02-18 11:45:00+00:00,SHORT,68177.0,67555.9,0.009193867597056649,0.007793867597056648,4269.4613414708965,4302.736957877072
2026-02-18 14:45:00+00:00,2026-02-18 18:45:00+00:00,LONG,66777.8,66521.9,-0.003832111869513599,-0.005232111869513599,4302.736957877072,4280.2245567683685
2026-02-18 19:35:00+00:00,2026-02-18 23:35:00+00:00,LONG,65984.7,66408.4,0.006421185517248684,0.005021185517248684,4280.2245567683685,4301.716358323386
2026-02-19 06:15:00+00:00,2026-02-19 10:15:00+00:00,SHORT,67128.4,66925.9,0.00302573443166243,0.0016257344316624302,4301.716358323386,4308.709806722358
2026-02-19 11:50:00+00:00,2026-02-19 15:50:00+00:00,LONG,66515.3,66297.9,-0.0032684209497665373,-0.0046684209497665375,4308.709806722358,4288.594935594191
2026-02-20 00:25:00+00:00,2026-02-20 04:25:00+00:00,SHORT,67393.0,67226.2,0.002481175494078336,0.001081175494078336,4288.594935594191,4293.231659342584
2026-02-20 05:30:00+00:00,2026-02-20 09:30:00+00:00,SHORT,67898.5,68141.3,-0.0035631841482332005,-0.004963184148233201,4293.231659342584,4271.923560026242
2026-02-20 11:40:00+00:00,2026-02-20 15:40:00+00:00,LONG,67461.8,67229.0,-0.0034508418097353166,-0.004850841809735317,4271.923560026242,4251.201134613273
2026-02-21 03:05:00+00:00,2026-02-21 07:05:00+00:00,LONG,67702.9,67833.0,0.0019216311265839447,0.0005216311265839448,4251.201134613273,4253.418693450456
2026-02-21 08:55:00+00:00,2026-02-21 12:55:00+00:00,SHORT,68053.0,68209.1,-0.0022885509411502136,-0.003688550941150214,4253.418693450456,4237.729741925624
2026-02-21 14:20:00+00:00,2026-02-21 18:20:00+00:00,SHORT,68502.9,68528.8,-0.000377943288077498,-0.001777943288077498,4237.729741925624,4230.195298774281
2026-02-21 20:55:00+00:00,2026-02-22 00:55:00+00:00,LONG,68222.1,67947.9,-0.004019225441609264,-0.0054192254416092645,4230.195298774281,4207.270916788188
2026-02-22 11:05:00+00:00,2026-02-22 15:05:00+00:00,SHORT,68209.2,67356.1,0.012665519529782676,0.011265519529782676,4207.270916788188,4254.668009468352
2026-02-22 17:30:00+00:00,2026-02-22 21:30:00+00:00,LONG,67302.5,67520.9,0.003245050332454147,0.0018450503324541469,4254.668009468352,4262.518086093703
2026-02-23 00:35:00+00:00,2026-02-23 04:35:00+00:00,LONG,67202.0,64680.0,-0.037528644980804104,-0.0389286449808041,4262.518086093703,4096.584032795904
2026-02-23 06:35:00+00:00,2026-02-23 10:35:00+00:00,SHORT,65620.0,66264.0,-0.009718700953760706,-0.011118700953760706,4096.584032795904,4051.0353400032955
2026-02-23 17:15:00+00:00,2026-02-23 21:15:00+00:00,LONG,64781.9,64617.1,-0.0025439204469149823,-0.0039439204469149825,4051.0353400032955,4035.0583788946815
2026-02-24 01:10:00+00:00,2026-02-24 05:10:00+00:00,LONG,64329.4,63500.0,-0.012893016256952494,-0.014293016256952494,4035.0583788946815,3977.3852238873874
2026-02-24 05:20:00+00:00,2026-02-24 09:20:00+00:00,LONG,62723.0,63145.5,0.006735966073051269,0.005335966073051269,3977.3852238873874,3998.6084165015054
2026-02-24 13:30:00+00:00,2026-02-24 17:30:00+00:00,LONG,62701.4,64164.9,0.023340786649101997,0.021940786649101998,3998.6084165015054,4086.341030661268
2026-02-25 01:10:00+00:00,2026-02-25 05:10:00+00:00,SHORT,65602.9,65337.1,0.004068132806628988,0.0026681328066289877,4086.341030661268,4097.2439312242495
2026-02-25 05:30:00+00:00,2026-02-25 09:30:00+00:00,LONG,65031.0,65524.0,0.0075809998308498106,0.00618099983084981,4097.2439312242495,4122.568995270097
2026-02-25 12:15:00+00:00,2026-02-25 16:15:00+00:00,SHORT,65713.0,67829.1,-0.031197524366385565,-0.032597524366385563,4122.568995270097,3988.183451994674
2026-02-25 16:20:00+00:00,2026-02-25 20:20:00+00:00,SHORT,68000.8,68773.9,-0.011241183065087035,-0.012641183065087035,3988.183451994674,3937.768094880859
2026-02-25 23:40:00+00:00,2026-02-26 03:40:00+00:00,LONG,67692.9,68234.7,0.008003793603169607,0.0066037936031696064,3937.768094880859,3963.772302636598
2026-02-26 07:50:00+00:00,2026-02-26 11:50:00+00:00,LONG,67878.3,68002.7,0.0018326917439004387,0.00043269174390043867,3963.772302636598,3965.48739418665
2026-02-26 14:45:00+00:00,2026-02-26 18:45:00+00:00,LONG,67363.4,67253.7,-0.0016284807477057184,-0.0030284807477057186,3965.48739418665,3953.477991958086
2026-02-26 19:00:00+00:00,2026-02-26 23:00:00+00:00,SHORT,67760.0,67461.4,0.004426234854302047,0.0030262348543020467,3953.477991958086,3965.442144853065
2026-02-27 01:05:00+00:00,2026-02-27 05:05:00+00:00,LONG,66929.4,67782.5,0.012746266961903174,0.011346266961903174,3965.442144853065,4010.4351100505496
2026-02-27 10:10:00+00:00,2026-02-27 14:10:00+00:00,LONG,66872.4,66324.0,-0.00820069266244361,-0.00960069266244361,4010.4351100505496,3971.932155116281
2026-02-27 16:45:00+00:00,2026-02-27 20:45:00+00:00,LONG,65490.1,65634.9,0.0022110212077854907,0.0008110212077854907,3971.932155116281,3975.153476329965
2026-02-27 22:30:00+00:00,2026-02-28 02:30:00+00:00,LONG,64995.0,65948.6,0.014671897838295367,0.013271897838295367,3975.153476329965,4027.9113071593606
2026-02-28 04:30:00+00:00,2026-02-28 08:30:00+00:00,LONG,65596.2,63570.0,-0.03088898442287813,-0.03228898442287813,4027.9113071593606,3897.8541417057577
2026-02-28 13:45:00+00:00,2026-02-28 17:45:00+00:00,SHORT,64528.4,65114.9,-0.009007155044390758,-0.010407155044390758,3897.8541417057577,3857.2885693126054
2026-02-28 18:55:00+00:00,2026-02-28 22:55:00+00:00,SHORT,65906.5,67116.8,-0.0180327429198055,-0.0194327429198055,3857.2885693126054,3782.3308721776493
2026-03-01 02:00:00+00:00,2026-03-01 06:00:00+00:00,SHORT,68013.0,67258.5,0.011217912977541822,0.009817912977541822,3782.3308721776493,3819.465467532959
2026-03-01 08:50:00+00:00,2026-03-01 12:50:00+00:00,LONG,66519.8,66347.5,-0.0025902062243121637,-0.003990206224312164,3819.465467532959,3804.225012650864
2026-03-01 13:50:00+00:00,2026-03-01 17:50:00+00:00,SHORT,67145.0,66017.1,0.017084967379663585,0.015684967379663586,3804.225012650864,3863.894157879193
2026-03-01 19:40:00+00:00,2026-03-01 23:40:00+00:00,LONG,65819.9,65747.0,-0.0011075677720566723,-0.0025075677720566725,3863.894157879193,3854.205181414257
2026-03-02 00:40:00+00:00,2026-03-02 04:40:00+00:00,SHORT,66643.9,66818.5,-0.002613048781400451,-0.004013048781400451,3854.205181414257,3838.7380680077154
2026-03-02 07:05:00+00:00,2026-03-02 11:05:00+00:00,LONG,65673.3,66114.0,0.006710489651045259,0.005310489651045259,3838.7380680077154,3859.1236467909434
2026-03-02 13:40:00+00:00,2026-03-02 17:40:00+00:00,LONG,65603.7,68841.3,0.04935087502686586,0.04795087502686586,3859.1236467909434,4044.1720024914384
2026-03-03 02:20:00+00:00,2026-03-03 06:20:00+00:00,LONG,68382.0,67891.3,-0.0071758649937117,-0.0085758649937117,4044.1720024914384,4009.4897293867234
2026-03-03 08:55:00+00:00,2026-03-03 12:55:00+00:00,LONG,66999.5,67389.4,0.0058194464137790725,0.004419446413779072,4009.4897293867234,4027.2094543923454
2026-03-03 16:25:00+00:00,2026-03-03 20:25:00+00:00,SHORT,68825.1,68396.9,0.006260517655040099,0.0048605176550400985,4027.2094543923454,4046.7837770459637
2026-03-04 03:30:00+00:00,2026-03-04 07:30:00+00:00,LONG,67531.5,68756.6,0.01814116375321162,0.01674116375321162,4046.7837770459637,4114.53164693133
2026-03-04 07:40:00+00:00,2026-03-04 11:40:00+00:00,SHORT,68964.0,71100.2,-0.030044922517798778,-0.031444922517798776,4114.53164693133,3985.1505180965437
2026-03-04 14:30:00+00:00,2026-03-04 18:30:00+00:00,SHORT,72419.1,73232.5,-0.011107090431160982,-0.012507090431160982,3985.1505180965437,3935.3078801849224
2026-03-04 23:20:00+00:00,2026-03-05 03:20:00+00:00,LONG,72600.0,72551.2,-0.0006721763085399957,-0.002072176308539996,3935.3078801849224,3927.1532284287928
2026-03-05 07:50:00+00:00,2026-03-05 11:50:00+00:00,LONG,71812.0,72818.9,0.014021333481869291,0.012621333481869291,3927.1532284287928,3976.7191389591917
2026-03-05 15:25:00+00:00,2026-03-05 19:25:00+00:00,LONG,71273.5,71102.4,-0.002400611728061719,-0.003800611728061719,3976.7191389591917,3961.605173560456
2026-03-06 01:25:00+00:00,2026-03-06 05:25:00+00:00,LONG,70473.0,70399.9,-0.0010372766875258455,-0.0024372766875258457,3961.605173560456,3951.9496456257557
2026-03-06 05:30:00+00:00,2026-03-06 09:30:00+00:00,LONG,70316.7,70324.9,0.00011661525640427328,-0.0012833847435957267,3951.9496456257557,3946.8777737431014
2026-03-06 12:05:00+00:00,2026-03-06 16:05:00+00:00,LONG,69833.9,68387.0,-0.020719163615378733,-0.02211916361537873,3946.8777737431014,3859.5761384957764
2026-03-07 03:10:00+00:00,2026-03-07 07:10:00+00:00,SHORT,68520.9,67634.0,0.013113227075139733,0.011713227075139733,3859.5761384957764,3904.7842302197682
2026-03-07 14:05:00+00:00,2026-03-07 18:05:00+00:00,LONG,67700.1,67622.1,-0.001152140100236232,-0.002552140100236232,3904.7842302197682,3894.8186738030545
2026-03-07 19:15:00+00:00,2026-03-07 23:15:00+00:00,LONG,67372.5,67328.6,-0.0006516011725851145,-0.0020516011725851147,3894.8186738030545,3886.828059244874
2026-03-08 04:50:00+00:00,2026-03-08 08:50:00+00:00,LONG,66621.0,67529.1,0.013630837123429718,0.012230837123429717,3886.828059244874,3934.3672201642744
2026-03-08 09:10:00+00:00,2026-03-08 13:10:00+00:00,SHORT,67767.5,66967.9,0.011940048889094612,0.010540048889094612,3934.3672201642744,3975.835643012457
2026-03-08 22:00:00+00:00,2026-03-09 02:00:00+00:00,LONG,65770.7,66183.0,0.0062687488501720345,0.004868748850172034,3975.835643012457,3995.1929882278464
2026-03-09 03:05:00+00:00,2026-03-09 07:05:00+00:00,SHORT,67112.0,67246.7,-0.0020030722697172987,-0.003403072269717299,3995.1929882278464,3981.5970577574394
2026-03-09 13:10:00+00:00,2026-03-09 17:10:00+00:00,SHORT,68471.8,68988.4,-0.007488215410126786,-0.008888215410126786,3981.5970577574394,3946.2077654317645
2026-03-09 19:25:00+00:00,2026-03-09 23:25:00+00:00,SHORT,69362.0,68600.1,0.011106397804084844,0.009706397804084844,3946.2077654317645,3984.511227820614
2026-03-10 00:30:00+00:00,2026-03-10 04:30:00+00:00,SHORT,69069.9,69840.5,-0.011033712530695072,-0.012433712530695072,3984.511227820614,3934.9689606385655
2026-03-10 08:05:00+00:00,2026-03-10 12:05:00+00:00,SHORT,70914.0,70395.2,0.007369820669591132,0.0059698206695911315,3934.9689606385655,3958.460019673985
2026-03-10 13:35:00+00:00,2026-03-10 17:35:00+00:00,LONG,69776.2,70666.0,0.012752199173930334,0.011352199173930334,3958.460019673985,4003.397246239364
2026-03-10 18:15:00+00:00,2026-03-10 22:15:00+00:00,LONG,70229.0,69494.9,-0.010452946788363837,-0.011852946788363837,4003.397246239364,3955.945191707007
2026-03-11 04:50:00+00:00,2026-03-11 08:50:00+00:00,SHORT,70235.3,69534.0,0.010085713463916957,0.008685713463916956,3955.945191707007,3990.3053981211337
2026-03-11 11:55:00+00:00,2026-03-11 15:55:00+00:00,LONG,69175.9,70235.8,0.015321810052344897,0.013921810052344897,3990.3053981211337,4045.8576719246225
2026-03-12 02:15:00+00:00,2026-03-12 06:15:00+00:00,LONG,69605.7,69461.0,-0.002078852737634973,-0.0034788527376349732,4045.8576719246225,4031.7827288865665
2026-03-12 08:00:00+00:00,2026-03-12 12:00:00+00:00,SHORT,69883.5,70348.7,-0.006612773228218849,-0.00801277322821885,4031.7827288865665,3999.4769681745493
2026-03-12 23:15:00+00:00,2026-03-13 03:15:00+00:00,SHORT,70589.9,71225.1,-0.008918204397045604,-0.010318204397045604,3999.4769681745493,3958.209547335648
2026-03-13 08:35:00+00:00,2026-03-13 12:35:00+00:00,SHORT,72032.9,72416.0,-0.005290267344233435,-0.006690267344233435,3958.209547335648,3931.7280672594757
2026-03-13 12:45:00+00:00,2026-03-13 16:45:00+00:00,SHORT,72745.0,71900.9,0.011739769599546035,0.010339769599546035,3931.7280672594757,3972.381229603007
2026-03-13 18:05:00+00:00,2026-03-13 22:05:00+00:00,LONG,71027.0,70851.6,-0.002469483435876385,-0.0038694834358763853,3972.381229603007,3957.010166234072
2026-03-14 00:40:00+00:00,2026-03-14 04:40:00+00:00,LONG,70569.7,71284.9,0.010134661193118344,0.008734661193118344,3957.010166234072,3991.5733093738513
2026-03-14 06:20:00+00:00,2026-03-14 10:20:00+00:00,LONG,70786.1,70459.0,-0.004620963720278537,-0.006020963720278537,3991.5733093738513,3967.5401912912794
2026-03-14 12:00:00+00:00,2026-03-14 16:00:00+00:00,SHORT,70780.1,70539.9,0.0034051650200810357,0.0020051650200810355,3967.5401912912794,3975.495764098622
2026-03-14 20:40:00+00:00,2026-03-15 00:40:00+00:00,SHORT,70840.5,71075.9,-0.0033119524339473294,-0.00471195243394733,3975.495764098622,3956.7634171568307
2026-03-15 02:05:00+00:00,2026-03-15 06:05:00+00:00,SHORT,71283.1,71567.0,-0.0039669121243030014,-0.005366912124303002,3956.7634171568307,3935.5278156002933
2026-03-15 09:00:00+00:00,2026-03-15 13:00:00+00:00,SHORT,71854.0,71622.1,0.003237827430360163,0.0018378274303601629,3935.5278156002933,3942.760636572749
2026-03-15 13:05:00+00:00,2026-03-15 17:05:00+00:00,LONG,71415.1,71504.1,0.0012462350399284894,-0.0001537649600715106,3942.760636572749,3942.154378140895
2026-03-15 17:50:00+00:00,2026-03-15 21:50:00+00:00,SHORT,71966.7,72035.6,-0.0009564715224140707,-0.002356471522414071,3942.154378140895,3932.864803611846
2026-03-15 22:00:00+00:00,2026-03-16 02:00:00+00:00,SHORT,72222.1,72851.9,-0.008644935821852107,-0.010044935821852107,3932.864803611846,3893.359429063544
2026-03-16 03:30:00+00:00,2026-03-16 07:30:00+00:00,SHORT,73719.6,73663.4,0.0007629297588762629,-0.0006370702411237371,3893.359429063544,3890.8790856332894
2026-03-16 08:40:00+00:00,2026-03-16 12:40:00+00:00,LONG,72912.0,73805.7,0.012257241606319802,0.010857241606319802,3890.8790856332894,3933.1232999269864
2026-03-16 13:30:00+00:00,2026-03-16 17:30:00+00:00,SHORT,74308.1,73660.1,0.008797164272109415,0.007397164272109414,3933.1232999269864,3962.2172590790074
2026-03-16 18:05:00+00:00,2026-03-16 22:05:00+00:00,SHORT,74308.0,74875.0,-0.007572621035058402,-0.008972621035058402,3962.2172590790074,3926.665785154724
2026-03-17 00:10:00+00:00,2026-03-17 04:10:00+00:00,SHORT,75408.2,74693.0,0.009575194462667191,0.008175194462667191,3926.665785154724,3958.7670415382654
2026-03-17 10:05:00+00:00,2026-03-17 14:05:00+00:00,LONG,73665.6,73721.3,0.0007561195456222691,-0.0006438804543777309,3958.7670415382654,3956.218068816784
2026-03-17 15:00:00+00:00,2026-03-17 19:00:00+00:00,SHORT,74681.9,74662.0,0.000266534515549921,-0.001133465484450079,3956.218068816784,3951.733832186823
2026-03-17 22:35:00+00:00,2026-03-18 02:35:00+00:00,LONG,73965.6,74315.9,0.004735985376985941,0.0033359853769859404,3951.733832186823,3964.9167584647385
2026-03-18 05:50:00+00:00,2026-03-18 09:50:00+00:00,LONG,73848.1,74122.1,0.0037103188843043977,0.0023103188843043975,3964.9167584647385,3974.076980526514
2026-03-18 11:25:00+00:00,2026-03-18 15:25:00+00:00,LONG,73604.9,71300.9,-0.03130226384384738,-0.032702263843847376,3974.076980526514,3844.1156665735757
2026-03-18 20:05:00+00:00,2026-03-19 00:05:00+00:00,LONG,70618.5,71212.8,0.008415641793581008,0.007015641793581008,3844.1156665735757,3871.0846051033486
2026-03-19 03:15:00+00:00,2026-03-19 07:15:00+00:00,SHORT,71579.8,69843.1,0.024865734768359404,0.023465734768359406,3871.0846051033486,3961.922449712583
2026-03-19 07:15:00+00:00,2026-03-19 11:15:00+00:00,LONG,69843.1,70175.9,0.004764966045321506,0.0033649660453215057,3961.922449712583,3975.2541842300625
2026-03-19 12:05:00+00:00,2026-03-19 16:05:00+00:00,LONG,69674.2,69268.2,-0.005827121086428022,-0.007227121086428022,3975.2541842300625,3946.5245408913024
2026-03-19 19:10:00+00:00,2026-03-19 23:10:00+00:00,SHORT,70356.0,70198.1,0.0022493486290937614,0.0008493486290937614,3946.5245408913024,3949.876516099793
2026-03-19 23:35:00+00:00,2026-03-20 03:35:00+00:00,LONG,69730.2,70609.1,0.012604294839251962,0.011204294839251961,3949.876516099793,3994.1320971648124
2026-03-20 08:05:00+00:00,2026-03-20 12:05:00+00:00,SHORT,71159.9,70673.9,0.006876654606580379,0.005476654606580379,3994.1320971648124,4016.0065791140405
2026-03-20 21:15:00+00:00,2026-03-21 01:15:00+00:00,SHORT,70541.7,70608.9,-0.0009517213835649185,-0.0023517213835649187,4016.0065791140405,4006.5620505654006
2026-03-21 14:10:00+00:00,2026-03-21 18:10:00+00:00,SHORT,71019.5,70381.9,0.009059147309180338,0.007659147309180337,4006.5620505654006,4037.2488995140525
2026-03-21 23:10:00+00:00,2026-03-22 03:10:00+00:00,LONG,70147.2,69308.2,-0.011960562930523277,-0.013360562930523278,4037.2488995140525,3983.3089815259095
2026-03-22 07:40:00+00:00,2026-03-22 11:40:00+00:00,LONG,68955.1,68406.9,-0.00795010086273551,-0.00935010086273551,3983.3089815259095,3946.0646407812023
2026-03-22 11:50:00+00:00,2026-03-22 15:50:00+00:00,LONG,68317.1,68808.4,0.007191464508885526,0.005791464508885525,3946.0646407812023,3968.9181340980545
2026-03-22 18:35:00+00:00,2026-03-22 22:35:00+00:00,LONG,68463.0,68241.0,-0.0032426274045834758,-0.004642627404583476,3968.9181340980545,3950.4919260021425
2026-03-23 05:00:00+00:00,2026-03-23 09:00:00+00:00,SHORT,68700.2,68306.1,0.0057696164764200475,0.004369616476420047,3950.4919260021425,3967.7540606119655
2026-03-23 11:05:00+00:00,2026-03-23 15:05:00+00:00,SHORT,71230.9,71444.9,-0.002995315270929111,-0.004395315270929111,3967.7540606119655,3950.314530598067
2026-03-24 07:05:00+00:00,2026-03-24 11:05:00+00:00,SHORT,70808.0,71178.9,-0.0052108138788320435,-0.006610813878832044,3950.314530598067,3924.1997364734375
2026-03-24 13:40:00+00:00,2026-03-24 17:40:00+00:00,LONG,70328.0,68951.5,-0.019572574223637784,-0.020972574223637783,3924.1997364734375,3841.8991662318685
2026-03-24 20:35:00+00:00,2026-03-25 00:35:00+00:00,SHORT,70126.7,70892.6,-0.010803666391132616,-0.012203666391132616,3841.8991662318685,3795.0139104988043
2026-03-25 00:40:00+00:00,2026-03-25 04:40:00+00:00,SHORT,70925.9,70770.0,0.0022029108379255646,0.0008029108379255646,3795.0139104988043,3798.060968297622
2026-03-25 05:05:00+00:00,2026-03-25 09:05:00+00:00,SHORT,71215.9,71363.9,-0.002073877688859471,-0.0034738776888594714,3798.060968297622,3784.866969038925
2026-03-25 11:25:00+00:00,2026-03-25 15:25:00+00:00,SHORT,71869.2,71013.1,0.012055522150138387,0.010655522150138387,3784.866969038925,3825.1967028628465
2026-03-25 22:40:00+00:00,2026-03-26 02:40:00+00:00,SHORT,71380.0,70870.0,0.00719627486947938,0.00579627486947938,3825.1967028628465,3847.3685943824653
2026-03-26 05:40:00+00:00,2026-03-26 09:40:00+00:00,LONG,70317.2,69510.1,-0.011477988315803156,-0.012877988315803156,3847.3685943824653,3797.82222657742
2026-03-26 18:00:00+00:00,2026-03-26 22:00:00+00:00,LONG,68421.0,68935.0,0.0075123134710104456,0.006112313471010445,3797.82222657742,3821.035706533432
2026-03-27 04:00:00+00:00,2026-03-27 08:00:00+00:00,LONG,68546.0,68591.1,0.0006579523239869101,-0.0007420476760130899,3821.035706533432,3818.200315867436
2026-03-27 08:35:00+00:00,2026-03-27 12:35:00+00:00,LONG,67686.8,66595.9,-0.016116879509742055,-0.017516879509742053,3818.200315867436,3751.3173609903274
2026-03-27 14:20:00+00:00,2026-03-27 18:20:00+00:00,LONG,65913.0,65607.2,-0.004639448970612858,-0.0060394489706128585,3751.3173609903274,3728.661471216052
2026-03-27 23:45:00+00:00,2026-03-28 03:45:00+00:00,SHORT,66377.9,66237.1,0.002125696928156451,0.0007256969281564509,3728.661471216052,3731.3673493918486
2026-03-28 06:15:00+00:00,2026-03-28 10:15:00+00:00,SHORT,66486.0,66298.0,0.0028356813176868556,0.0014356813176868556,3731.3673493918486,3736.724403784797
2026-03-28 10:25:00+00:00,2026-03-28 14:25:00+00:00,LONG,66172.0,66821.3,0.009812307320316904,0.008412307320316904,3736.724403784797,3768.158877840762
2026-03-28 15:20:00+00:00,2026-03-28 19:20:00+00:00,SHORT,67245.0,66872.9,0.005564286878541269,0.004164286878541269,3768.158877840762,3783.850572412013
2026-03-28 21:50:00+00:00,2026-03-29 01:50:00+00:00,LONG,66695.5,66497.0,-0.0029762127879692235,-0.004376212787969224,3783.850572412013,3767.2916371492593
2026-03-29 03:15:00+00:00,2026-03-29 07:15:00+00:00,SHORT,67053.0,66666.1,0.005803549330169133,0.004403549330169133,3767.2916371492593,3783.8810917145793
2026-03-29 17:20:00+00:00,2026-03-29 21:20:00+00:00,LONG,66202.0,66598.9,0.005995287151445483,0.004595287151445483,3783.8810917145793,3801.2691118779326
2026-03-29 22:40:00+00:00,2026-03-30 02:40:00+00:00,LONG,65686.0,67036.0,0.02055232469628221,0.01915232469628221,3801.2691118779326,3874.0722521665666
2026-03-30 02:45:00+00:00,2026-03-30 06:45:00+00:00,SHORT,67324.1,67384.5,-0.0008963485668068705,-0.0022963485668068707,3874.0722521665666,3865.176031902598
2026-03-30 08:00:00+00:00,2026-03-30 12:00:00+00:00,SHORT,67777.0,67786.7,-0.00014309591704564362,-0.0015430959170456436,3865.176031902598,3859.2116945491066
2026-03-30 12:30:00+00:00,2026-03-30 16:30:00+00:00,SHORT,67928.0,67397.8,0.007866725620124138,0.006466725620124137,3859.2116945491066,3884.16815768773
2026-03-30 17:20:00+00:00,2026-03-30 21:20:00+00:00,LONG,66854.1,66968.5,0.0017111889921483936,0.0003111889921483936,3884.16815768773,3885.3768680620556
2026-03-31 00:45:00+00:00,2026-03-31 04:45:00+00:00,SHORT,67256.0,67648.5,-0.005802050304145712,-0.007202050304145712,3885.3768680620556,3857.3941884077085
2026-03-31 07:15:00+00:00,2026-03-31 11:15:00+00:00,LONG,67151.1,66680.2,-0.0070125433537203685,-0.008412543353720369,3857.3941884077085,3824.94369256534
2026-03-31 13:45:00+00:00,2026-03-31 17:45:00+00:00,SHORT,67309.9,67660.2,-0.005177342071114199,-0.0065773420711141995,3824.94369256534,3799.785729496587
2026-04-01 04:50:00+00:00,2026-04-01 08:50:00+00:00,SHORT,68329.1,68631.8,-0.004410491929397131,-0.005810491929397131,3799.785729496587,3777.707105181909
2026-04-01 18:00:00+00:00,2026-04-01 22:00:00+00:00,LONG,68044.5,68266.9,0.003268449323604372,0.0018684493236043721,3777.707105181909,3784.765559467361
2026-04-02 00:40:00+00:00,2026-04-02 04:40:00+00:00,SHORT,68529.4,66292.8,0.03373820384717474,0.03233820384717474,3784.765559467361,3907.1580796431826
2026-04-02 04:50:00+00:00,2026-04-02 08:50:00+00:00,LONG,66306.7,66491.0,0.002779507953193372,0.001379507953193372,3907.1580796431826,3912.5480352884338
2026-04-02 14:35:00+00:00,2026-04-02 18:35:00+00:00,SHORT,66863.1,66687.4,0.0026346806143291435,0.0012346806143291435,3912.5480352884338,3917.3787825002355
2026-04-03 07:30:00+00:00,2026-04-03 11:30:00+00:00,SHORT,67071.4,66949.3,0.0018237681349915214,0.00042376813499152136,3917.3787825002355,3919.0388428009505
2026-04-04 06:50:00+00:00,2026-04-04 10:50:00+00:00,SHORT,67043.4,67160.1,-0.0017376388659339215,-0.0031376388659339217,3919.0388428009505,3906.7423142106736
2026-04-04 10:50:00+00:00,2026-04-04 14:50:00+00:00,SHORT,67160.1,67130.4,0.0004424225090273737,-0.0009575774909726263,3906.7423142106736,3903.0013057075553
2026-04-04 15:10:00+00:00,2026-04-04 19:10:00+00:00,SHORT,67381.9,67496.8,-0.0017023029239906506,-0.003102302923990651,3903.0013057075553,3890.8930133445197
2026-04-05 01:30:00+00:00,2026-04-05 05:30:00+00:00,LONG,67118.7,67094.6,-0.0003590653573444236,-0.0017590653573444236,3890.8930133445197,3884.048678235612
2026-04-05 05:50:00+00:00,2026-04-05 09:50:00+00:00,LONG,66981.8,67028.3,0.0006942184294838061,-0.0007057815705161939,3884.048678235612,3881.307388259526
2026-04-05 12:30:00+00:00,2026-04-05 16:30:00+00:00,LONG,66766.9,67366.7,0.008983493317796798,0.007583493317796798,3881.307388259526,3910.741256902707
2026-04-05 20:35:00+00:00,2026-04-06 00:35:00+00:00,SHORT,67688.6,69238.1,-0.022379296947778737,-0.023779296947778736,3910.741256902707,3817.746579268888
2026-04-06 09:10:00+00:00,2026-04-06 13:10:00+00:00,SHORT,69634.9,69409.5,0.0032473940887054464,0.0018473940887054464,3817.746579268888,3824.7994617316044
2026-04-06 16:45:00+00:00,2026-04-06 20:45:00+00:00,SHORT,70227.6,69903.7,0.004633517253020969,0.0032335172530209687,3824.7994617316044,3837.1670167804587
2026-04-06 21:35:00+00:00,2026-04-07 01:35:00+00:00,LONG,69520.0,68612.8,-0.013049482163406179,-0.014449482163406179,3837.1670167804587,3781.721940413479
2026-04-07 09:05:00+00:00,2026-04-07 13:05:00+00:00,SHORT,69207.0,68581.6,0.009119064005505662,0.007719064005505661,3781.721940413479,3810.9132941225553
2026-04-07 14:05:00+00:00,2026-04-07 18:05:00+00:00,LONG,67858.5,68638.8,0.01149892791617857,0.01009892791617857,3810.9132941225553,3849.3994327747055
2026-04-07 20:00:00+00:00,2026-04-08 00:00:00+00:00,SHORT,69365.5,71893.4,-0.035161781192710295,-0.036561781192710294,3849.3994327747055,3708.6585329902537
2026-04-08 13:00:00+00:00,2026-04-08 17:00:00+00:00,SHORT,72143.7,71686.6,0.006376366015405921,0.004976366015405921,3708.6585329902537,3727.114175276571
2026-04-09 00:30:00+00:00,2026-04-09 04:30:00+00:00,LONG,70821.9,70889.9,0.0009601549803097686,-0.00043984501969023134,3727.114175276571,3725.474822668759
2026-04-09 08:40:00+00:00,2026-04-09 12:40:00+00:00,SHORT,71330.0,71216.4,0.0015951381985048751,0.00019513819850487516,3725.474822668759,3726.2018051142295
2026-04-09 15:30:00+00:00,2026-04-09 19:30:00+00:00,SHORT,72209.4,71860.0,0.0048622321180071815,0.0034622321180071813,3726.2018051142295,3739.102780682072
2026-04-10 07:40:00+00:00,2026-04-10 11:40:00+00:00,LONG,71656.0,72180.8,0.007323880763648649,0.005923880763648649,3739.102780682072,3761.2527797178595
2026-04-10 14:15:00+00:00,2026-04-10 18:15:00+00:00,SHORT,72749.7,72976.5,-0.0031078497872603084,-0.0045078497872603086,3761.2527797178595,3744.2976171749765
2026-04-11 13:10:00+00:00,2026-04-11 17:10:00+00:00,LONG,72610.1,73011.7,0.005530910988966964,0.004130910988966964,3744.2976171749765,3759.7649773477274
2026-04-11 18:30:00+00:00,2026-04-11 22:30:00+00:00,SHORT,73296.9,73322.2,-0.00034505238522575254,-0.0017450523852257525,3759.7649773477274,3753.2039905061188
2026-04-12 01:30:00+00:00,2026-04-12 05:30:00+00:00,LONG,72614.0,71656.5,-0.01318616244801274,-0.01458616244801274,3753.2039905061188,3698.459147400067
2026-04-12 12:55:00+00:00,2026-04-12 16:55:00+00:00,LONG,71081.0,70933.0,-0.0020821316526216105,-0.0034821316526216107,3698.459147400067,3685.5806257369777
2026-04-12 18:10:00+00:00,2026-04-12 22:10:00+00:00,SHORT,71180.8,70943.2,0.003349158199799307,0.001949158199799307,3685.5806257369777,3692.7644054346542
2026-04-13 07:20:00+00:00,2026-04-13 11:20:00+00:00,LONG,70714.4,70862.0,0.0020872693539082388,0.0006872693539082388,3692.7644054346542,3695.3023292417124
2026-04-13 12:50:00+00:00,2026-04-13 16:50:00+00:00,SHORT,71202.5,72080.5,-0.012180825604705903,-0.013580825604705903,3695.3023292417124,3645.1170727516173
2026-04-13 19:20:00+00:00,2026-04-13 23:20:00+00:00,SHORT,72780.0,74617.6,-0.024626897675615433,-0.026026897675615432,3645.1170727516173,3550.2459836834723
2026-04-14 07:05:00+00:00,2026-04-14 11:05:00+00:00,SHORT,74919.8,74431.8,0.0065563374794106455,0.005156337479410645,3550.2459836834723,3568.5522501102664
2026-04-14 13:40:00+00:00,2026-04-14 17:40:00+00:00,SHORT,75183.4,74549.6,0.008501722343245088,0.007101722343245088,3568.5522501102664,3593.8951173579117
2026-04-14 18:45:00+00:00,2026-04-14 22:45:00+00:00,LONG,73856.9,74015.1,0.0021419799639574855,0.0007419799639574855,3593.8951173579117,3596.5617155275554
2026-04-15 05:25:00+00:00,2026-04-15 09:25:00+00:00,LONG,74018.5,73961.7,-0.0007673757236367207,-0.002167375723636721,3596.5617155275554,3588.7666149767597
2026-04-15 12:35:00+00:00,2026-04-15 16:35:00+00:00,SHORT,74445.6,74025.2,0.005679147101257609,0.004279147101257609,3588.7666149767597,3604.1234752343275
2026-04-15 19:05:00+00:00,2026-04-15 23:05:00+00:00,SHORT,74687.1,74776.7,-0.0011982342093190823,-0.0025982342093190825,3604.1234752343275,3594.759118326364
2026-04-16 02:40:00+00:00,2026-04-16 06:40:00+00:00,SHORT,75192.0,74939.9,0.0033640290419389984,0.0019640290419389982,3594.759118326364,3601.8193296335317
2026-04-16 07:50:00+00:00,2026-04-16 11:50:00+00:00,LONG,74646.8,74558.6,-0.0011815643805226372,-0.0025815643805226374,3601.8193296335317,3592.521001147072
2026-04-16 13:15:00+00:00,2026-04-16 17:15:00+00:00,SHORT,74920.0,74107.4,0.010965166771469637,0.009565166771469636,3592.521001147072,3626.884063653051
2026-04-16 19:55:00+00:00,2026-04-16 23:55:00+00:00,SHORT,75347.0,75147.0,0.0026614502242272575,0.0012614502242272575,3626.884063653051,3631.459197368392
2026-04-17 07:00:00+00:00,2026-04-17 11:00:00+00:00,SHORT,74989.5,75330.4,-0.004525397449104185,-0.005925397449104185,3631.459197368392,3609.9413583037795
2026-04-17 12:45:00+00:00,2026-04-17 16:45:00+00:00,SHORT,76153.8,77945.3,-0.02298406703162348,-0.024384067031623477,3609.9413583037795,3521.9163062426705
2026-04-17 23:15:00+00:00,2026-04-18 03:15:00+00:00,LONG,76929.6,77243.6,0.004081653875751323,0.002681653875751323,3521.9163062426705,3531.3608667553776
2026-04-18 04:30:00+00:00,2026-04-18 08:30:00+00:00,LONG,76944.9,76598.2,-0.004505821698384094,-0.005905821698384094,3531.3608667553776,3510.5052791236694
2026-04-18 08:30:00+00:00,2026-04-18 12:30:00+00:00,LONG,76598.2,76188.3,-0.005351300683305804,-0.006751300683305804,3510.5052791236694,3486.8048024339732
2026-04-18 18:15:00+00:00,2026-04-18 22:15:00+00:00,LONG,75621.4,75651.3,0.00039539072273209186,-0.0010046092772679081,3486.8048024339732,3483.301925981426
2026-04-19 07:05:00+00:00,2026-04-19 11:05:00+00:00,LONG,75240.9,75445.9,0.00272458197602643,0.00132458197602643,3483.301925981426,3487.9158449296388
2026-04-19 11:05:00+00:00,2026-04-19 15:05:00+00:00,SHORT,75445.9,75942.8,-0.006543082425193858,-0.007943082425193858,3487.9158449296388,3460.211041881223
2026-04-19 17:00:00+00:00,2026-04-19 21:00:00+00:00,LONG,75164.5,74681.8,-0.006421914600642564,-0.007821914600642564,3460.211041881223,3433.145566611428
2026-04-19 22:00:00+00:00,2026-04-20 02:00:00+00:00,LONG,73876.0,74503.8,0.008498023715415082,0.0070980237154150815,3433.145566611428,3457.514115261708
2026-04-20 06:40:00+00:00,2026-04-20 10:40:00+00:00,SHORT,74786.7,75176.8,-0.005189100892828757,-0.006589100892828758,3457.514115261708,3434.732205917869
2026-04-20 12:20:00+00:00,2026-04-20 16:20:00+00:00,SHORT,75511.1,75431.9,0.0010499536668175935,-0.0003500463331824065,3434.732205917869,3433.5298905037243
2026-04-21 08:45:00+00:00,2026-04-21 12:45:00+00:00,SHORT,76663.1,75776.8,0.011696191974324588,0.010296191974324588,3433.5298905037243,3468.882173405932
2026-04-21 12:45:00+00:00,2026-04-21 16:45:00+00:00,LONG,75776.8,76046.5,0.0035591368334371154,0.002159136833437115,3468.882173405932,3476.371964677386
2026-04-21 17:15:00+00:00,2026-04-21 21:15:00+00:00,LONG,75100.0,75581.3,0.006408788282290301,0.005008788282290301,3476.371964677386,3493.7843758389445
2026-04-21 23:40:00+00:00,2026-04-22 03:40:00+00:00,SHORT,76080.7,77570.5,-0.01920575476502029,-0.020605754765020287,3493.7843758389445,3421.792311788548
2026-04-22 05:15:00+00:00,2026-04-22 09:15:00+00:00,SHORT,77932.9,77987.8,-0.0007039562598253335,-0.0021039562598253337,3421.792311788548,3414.5930104343383
2026-04-22 13:45:00+00:00,2026-04-22 17:45:00+00:00,SHORT,78649.5,78876.2,-0.002874124260550004,-0.004274124260550004,3414.5930104343383,3399.9986156085365
2026-04-22 23:20:00+00:00,2026-04-23 03:20:00+00:00,LONG,78234.1,77678.2,-0.007105597175656286,-0.008505597175656287,3399.9986156085365,3371.0795969863816
2026-04-23 03:30:00+00:00,2026-04-23 07:30:00+00:00,LONG,77613.2,78148.9,0.006902176433905449,0.005502176433905449,3371.0795969863816,3389.6278717017394
2026-04-23 08:40:00+00:00,2026-04-23 12:40:00+00:00,LONG,77734.3,77755.1,0.0002675781476131345,-0.0011324218523868655,3389.6278717017394,3385.789383028365
2026-04-23 14:55:00+00:00,2026-04-23 18:55:00+00:00,SHORT,78180.4,77680.2,0.006439221320233335,0.005039221320233335,3385.789383028365,3402.8511250731412
2026-04-24 03:20:00+00:00,2026-04-24 07:20:00+00:00,LONG,77716.4,77640.9,-0.0009714809229455224,-0.0023714809229455226,3402.8511250731412,3394.7813285464067
2026-04-24 11:00:00+00:00,2026-04-24 15:00:00+00:00,SHORT,77956.7,77853.2,0.001329425123180572,-7.057487681942794e-05,3394.7813285464067,3394.541742272316
2026-04-24 22:35:00+00:00,2026-04-25 02:35:00+00:00,LONG,77312.6,77615.0,0.003911393485667158,0.002511393485667158,3394.541742272316,3403.0667722906833
2026-04-25 10:20:00+00:00,2026-04-25 14:20:00+00:00,SHORT,77804.7,77665.5,0.0017923016010970017,0.00039230160109700167,3403.0667722906833,3404.4018008340927
2026-04-25 15:45:00+00:00,2026-04-25 19:45:00+00:00,LONG,77500.0,77241.0,-0.0033419354838709614,-0.004741935483870962,3404.4018008340927,3388.2583471333633
2026-04-25 21:00:00+00:00,2026-04-26 01:00:00+00:00,SHORT,77509.9,77512.2,-2.9672748290021644e-05,-0.0014296727482900216,3388.2583471333633,3383.4142465103005
2026-04-26 04:45:00+00:00,2026-04-26 08:45:00+00:00,SHORT,77734.9,78030.4,-0.0037869855851052625,-0.005186985585105263,3383.4142465103005,3365.864525585212
2026-04-26 12:45:00+00:00,2026-04-26 16:45:00+00:00,LONG,77818.5,78022.6,0.0026227696498906106,0.0012227696498906106,3365.864525585212,3369.980202572741
2026-04-26 19:10:00+00:00,2026-04-26 23:10:00+00:00,SHORT,78383.1,78353.9,0.00037266811224467844,-0.0010273318877553215,3369.980202572741,3366.5181144495336
2026-04-27 00:55:00+00:00,2026-04-27 04:55:00+00:00,SHORT,79291.5,78923.2,0.004666561923490242,0.003266561923490242,3366.5181144495336,3377.5150543369346
2026-04-27 05:00:00+00:00,2026-04-27 09:00:00+00:00,LONG,78766.0,77818.4,-0.012030571566411963,-0.013430571566411963,3377.5150543369346,3332.1530966830287
2026-04-27 15:15:00+00:00,2026-04-27 19:15:00+00:00,LONG,76981.5,76805.4,-0.0022875625962082147,-0.003687562596208215,3332.1530966830287,3319.8655735588613
2026-04-27 23:40:00+00:00,2026-04-28 03:40:00+00:00,SHORT,77301.5,76794.6,0.006600724530110069,0.005200724530110069,3319.8655735588613,3337.1312798839367
2026-04-28 11:15:00+00:00,2026-04-28 15:15:00+00:00,LONG,76380.5,76009.8,-0.004853332984204095,-0.006253332984204095,3337.1312798839367,3316.2630867788193
2026-04-29 00:50:00+00:00,2026-04-29 04:50:00+00:00,SHORT,76537.6,77283.5,-0.009651477999831681,-0.011051477999831682,3316.2630867788193,3279.6134782336294
2026-04-29 09:45:00+00:00,2026-04-29 13:45:00+00:00,SHORT,77654.4,76609.0,0.013645916276155523,0.012245916276155523,3279.6134782336294,3319.7753503062295
2026-04-29 15:10:00+00:00,2026-04-29 19:10:00+00:00,LONG,76251.2,75564.6,-0.009004448454581593,-0.010404448454581593,3319.7753503062295,3285.2349187931777
2026-04-30 00:50:00+00:00,2026-04-30 04:50:00+00:00,SHORT,76319.3,75480.9,0.011107445724680032,0.009707445724680032,3285.2349187931777,3317.1261584601857
2026-04-30 07:30:00+00:00,2026-04-30 11:30:00+00:00,SHORT,76007.8,76094.8,-0.0011433107124271258,-0.002543310712427126,3317.1261584601857,3308.6896759669016
2026-04-30 13:40:00+00:00,2026-04-30 17:40:00+00:00,SHORT,76630.0,76158.4,0.006192356982289704,0.004792356982289704,3308.6896759669016,3324.546098037751
2026-05-01 03:15:00+00:00,2026-05-01 07:15:00+00:00,SHORT,77241.3,77040.4,0.002607722701336135,0.0012077227013361348,3324.546098037751,3328.5612278319895
2026-05-01 08:15:00+00:00,2026-05-01 12:15:00+00:00,SHORT,77350.5,77691.0,-0.004382747036336232,-0.005782747036336232,3328.5612278319895,3309.3130002564803
2026-05-01 13:50:00+00:00,2026-05-01 17:50:00+00:00,SHORT,78777.8,78528.9,0.003169533764002974,0.0017695337640029742,3309.3130002564803,3315.168941346088
2026-05-01 20:40:00+00:00,2026-05-02 00:40:00+00:00,LONG,77987.9,78322.5,0.004290409153214769,0.002890409153214769,3315.168941346088,3324.751135998608
2026-05-02 05:10:00+00:00,2026-05-02 09:10:00+00:00,LONG,78093.7,78298.9,0.002627612726762818,0.001227612726762818,3324.751135998608,3328.832642806479
2026-05-02 11:45:00+00:00,2026-05-02 15:45:00+00:00,LONG,78102.8,78425.0,0.004125332254413472,0.0027253322544134716,3328.832642806479,3337.9048177774634
2026-05-02 21:35:00+00:00,2026-05-03 01:35:00+00:00,SHORT,78901.4,78204.3,0.008913832103861097,0.007513832103861097,3337.9048177774634,3362.985274156912
2026-05-03 02:15:00+00:00,2026-05-03 06:15:00+00:00,LONG,78125.5,78149.9,0.0003123180011648241,-0.0010876819988351759,3362.985274156912,3359.327415611864
2026-05-03 09:35:00+00:00,2026-05-03 13:35:00+00:00,SHORT,78596.7,78701.9,-0.0013366894573065835,-0.0027366894573065837,3359.327415611864,3350.1339796899183
2026-05-03 20:35:00+00:00,2026-05-04 00:35:00+00:00,SHORT,79033.4,78331.4,0.008961923315554232,0.007561923315554232,3350.1339796899183,3375.4674359411656
2026-05-04 01:55:00+00:00,2026-05-04 05:55:00+00:00,SHORT,79780.9,80028.0,-0.0030876693157395607,-0.004487669315739561,3375.4674359411656,3360.3194543026143
2026-05-04 10:00:00+00:00,2026-05-04 14:00:00+00:00,LONG,79230.6,78609.6,-0.007837880818774567,-0.009237880818774568,3360.3194543026143,3329.2772236707574
2026-05-04 14:45:00+00:00,2026-05-04 18:45:00+00:00,SHORT,80022.9,80157.9,-0.0016841758579004829,-0.003084175857900483,3329.2772236707574,3319.009147233254
2026-05-05 02:00:00+00:00,2026-05-05 06:00:00+00:00,SHORT,80490.3,80944.4,-0.005610023670568842,-0.007010023670568842,3319.009147233254,3295.7428145483145
2026-05-05 12:30:00+00:00,2026-05-05 16:30:00+00:00,SHORT,81241.0,81259.0,-0.00022151392461144948,-0.0016215139246114495,3295.7428145483145,3290.3987216825863
2026-05-05 22:35:00+00:00,2026-05-06 02:35:00+00:00,LONG,81003.4,81165.7,0.002003619601152584,0.0006036196011525842,3290.3987216825863,3292.384870846601
2026-05-06 05:35:00+00:00,2026-05-06 09:35:00+00:00,LONG,81069.1,82022.5,0.011760337785913455,0.010360337785913455,3292.384870846601,3326.495090229803
2026-05-06 11:15:00+00:00,2026-05-06 15:15:00+00:00,SHORT,82538.5,81710.6,0.010132100363967389,0.008732100363967389,3326.495090229803,3355.542379217934
2026-05-07 00:40:00+00:00,2026-05-07 04:40:00+00:00,LONG,81039.4,80883.8,-0.0019200537022731057,-0.003320053702273106,3355.542379217934,3344.4017983186773
2026-05-07 07:10:00+00:00,2026-05-07 11:10:00+00:00,SHORT,81659.5,80954.0,0.008714825703485918,0.007314825703485918,3344.4017983186773,3368.865514555803
2026-05-07 13:45:00+00:00,2026-05-07 17:45:00+00:00,LONG,80331.6,79874.9,-0.005685184908554186,-0.007085184908554186,3368.865514555803,3344.996479453124
2026-05-08 02:15:00+00:00,2026-05-08 06:15:00+00:00,LONG,79385.7,79603.9,0.0027486058572261385,0.0013486058572261385,3344.996479453124,3349.507561297715
2026-05-08 10:50:00+00:00,2026-05-08 14:50:00+00:00,SHORT,80211.9,80184.2,0.00034545459080459473,-0.0010545454091954053,3349.507561297715,3345.9753534758834
2026-05-09 16:15:00+00:00,2026-05-09 20:15:00+00:00,SHORT,80648.6,80823.8,-0.0021676783323724136,-0.003567678332372414,3345.9753534758834,3334.0379897066355
2026-05-10 15:45:00+00:00,2026-05-10 19:45:00+00:00,SHORT,81342.6,81391.9,-0.0006057113791420043,-0.0020057113791420045,3334.0379897066355,3327.3508717721893
2026-05-10 20:40:00+00:00,2026-05-11 00:40:00+00:00,LONG,80800.1,81590.0,0.009775978000027052,0.008375978000027052,3327.3508717721893,3355.2206894725236
2026-05-11 03:05:00+00:00,2026-05-11 07:05:00+00:00,LONG,81037.9,80775.6,-0.0032367571222846614,-0.004636757122284662,3355.2206894725236,3339.663346043775
2026-05-11 16:10:00+00:00,2026-05-11 20:10:00+00:00,SHORT,81785.6,81910.8,-0.0015284919693129284,-0.0029284919693129286,3339.663346043775,3329.883168754677
2026-05-12 01:15:00+00:00,2026-05-12 05:15:00+00:00,LONG,81375.8,81232.8,-0.0017572791911109054,-0.0031572791911109056,3329.883168754677,3319.369797917138
2026-05-12 07:00:00+00:00,2026-05-12 11:00:00+00:00,LONG,80921.9,80663.9,-0.0031882592969270096,-0.00458825929692701,3319.369797917138,3304.139668581906
2026-05-12 11:15:00+00:00,2026-05-12 15:15:00+00:00,LONG,80542.7,80554.7,0.00014898929387774373,-0.0012510107061222563,3304.139668581906,3300.006154481987
2026-05-12 16:45:00+00:00,2026-05-12 20:45:00+00:00,LONG,79979.2,80632.8,0.008172124752435783,0.006772124752435783,3300.006154481987,3322.3542078439446
2026-05-13 01:10:00+00:00,2026-05-13 05:10:00+00:00,SHORT,80955.1,81163.5,-0.0025676566436882986,-0.003967656643688299,3322.3542078439446,3309.172247098507
2026-05-13 11:00:00+00:00,2026-05-13 15:00:00+00:00,LONG,80740.8,79751.5,-0.01225278917226491,-0.013652789172264911,3309.172247098507,3263.992816074161
2026-05-13 15:25:00+00:00,2026-05-13 19:25:00+00:00,LONG,79291.7,79497.6,0.0025967408946965254,0.0011967408946965254,3263.992816074161,3267.8989697571524
2026-05-14 03:20:00+00:00,2026-05-14 07:20:00+00:00,LONG,79075.4,79761.3,0.008673999752135453,0.007273999752135453,3267.8989697571524,3291.6696660531693
2026-05-14 14:45:00+00:00,2026-05-14 18:45:00+00:00,SHORT,80690.8,81569.4,-0.010771196061267974,-0.012171196061267974,3291.6696660531693,3251.606109178708
2026-05-15 02:30:00+00:00,2026-05-15 06:30:00+00:00,LONG,80795.9,80530.0,-0.0032910085784054743,-0.0046910085784054745,3251.606109178708,3236.352797026955
2026-05-15 13:00:00+00:00,2026-05-15 17:00:00+00:00,LONG,80141.8,79257.4,-0.011035439683161674,-0.012435439683161674,3236.352797026955,3196.107327026095
2026-05-16 04:30:00+00:00,2026-05-16 08:30:00+00:00,LONG,78925.7,78460.4,-0.005895418095753335,-0.0072954180957533355,3196.107327026095,3172.790387796539
2026-05-16 09:15:00+00:00,2026-05-16 13:15:00+00:00,LONG,77973.2,77996.9,0.0003039505881508031,-0.0010960494118491969,3172.790387796539,3169.312852758074
2026-05-17 00:55:00+00:00,2026-05-17 04:55:00+00:00,LONG,77955.6,78156.0,0.0025706940874035134,0.0011706940874035134,3169.312852758074,3173.0231485759296
2026-05-17 05:05:00+00:00,2026-05-17 09:05:00+00:00,SHORT,78281.4,78110.7,0.0021853600082959446,0.0007853600082959446,3173.0231485759296,3175.5151140622183
2026-05-17 10:00:00+00:00,2026-05-17 14:00:00+00:00,SHORT,78324.1,78155.9,0.002152108797928376,0.000752108797928376,3175.5151140622183,3177.903446917459
2026-05-17 14:05:00+00:00,2026-05-17 18:05:00+00:00,LONG,78064.8,78131.4,0.0008531373935498632,-0.0005468626064501368,3177.903446917459,3176.165570355431
2026-05-17 19:40:00+00:00,2026-05-17 23:40:00+00:00,SHORT,78381.7,77249.6,0.014655092065201547,0.013255092065201547,3176.165570355431,3218.2659374048153
2026-05-17 23:40:00+00:00,2026-05-18 03:40:00+00:00,LONG,77249.6,77005.7,-0.0031572979018662517,-0.004557297901866252,3218.2659374048153,3203.599340800633
2026-05-18 11:35:00+00:00,2026-05-18 15:35:00+00:00,SHORT,77169.8,76232.4,0.012296608791012797,0.010896608791012797,3203.599340800633,3238.5077095404836
2026-05-19 01:25:00+00:00,2026-05-19 05:25:00+00:00,LONG,76765.6,76821.0,0.0007216774180101027,-0.0006783225819898973,3238.5077095404836,3236.310956629154
2026-05-19 22:20:00+00:00,2026-05-20 02:20:00+00:00,LONG,76684.5,76875.1,0.0024855088055604213,0.0010855088055604213,3236.310956629154,3239.8240006701067
2026-05-20 05:05:00+00:00,2026-05-20 09:05:00+00:00,SHORT,77033.0,77423.4,-0.005042403201099388,-0.006442403201099388,3239.8240006701067,3218.951748157191
2026-05-20 13:30:00+00:00,2026-05-20 17:30:00+00:00,LONG,77254.6,77559.3,0.003944101710448233,0.0025441017104482332,3218.951748157191,3227.141088805528
2026-05-21 00:45:00+00:00,2026-05-21 04:45:00+00:00,SHORT,77950.5,78003.1,-0.0006743321739777208,-0.002074332173977721,3227.141088805528,3220.4469262150533
2026-05-21 07:15:00+00:00,2026-05-21 11:15:00+00:00,LONG,77545.0,77327.2,-0.0028086917273841827,-0.004208691727384183,3220.4469262150533,3206.8930578782124
2026-05-21 13:35:00+00:00,2026-05-21 17:35:00+00:00,LONG,76890.9,77940.0,0.01364400728824866,0.01224400728824866,3206.8930578782124,3246.158279851507
2026-05-22 07:05:00+00:00,2026-05-22 11:05:00+00:00,LONG,77323.7,77318.0,-7.371607928741142e-05,-0.0014737160792874114,3246.158279851507,3241.374364198578
2026-05-22 14:20:00+00:00,2026-05-22 18:20:00+00:00,LONG,76818.6,76897.9,0.0010323020726750176,-0.0003676979273249824,3241.374364198578,3240.182517563178
2026-05-22 18:45:00+00:00,2026-05-22 22:45:00+00:00,LONG,76339.5,75758.2,-0.007614668683970982,-0.009014668683970982,3240.182517563178,3210.973345691751
2026-05-23 00:35:00+00:00,2026-05-23 04:35:00+00:00,LONG,75313.7,75524.4,0.0027976317721742916,0.0013976317721742916,3210.973345691751,3215.4611040592945
2026-05-23 07:00:00+00:00,2026-05-23 11:00:00+00:00,LONG,75366.8,74742.2,-0.008287468752819604,-0.009687468752819605,3215.4611040592945,3184.3114250878134
2026-05-23 13:00:00+00:00,2026-05-23 17:00:00+00:00,SHORT,74949.1,75431.0,-0.006388620063369044,-0.007788620063369044,3184.3114250878134,3159.5100332343595
2026-05-23 18:10:00+00:00,2026-05-23 22:10:00+00:00,SHORT,75694.3,76663.7,-0.012644837126306152,-0.014044837126306152,3159.5100332343595,3115.135229418653
2026-05-24 06:50:00+00:00,2026-05-24 10:50:00+00:00,SHORT,77009.0,77158.2,-0.0019336894847209463,-0.0033336894847209465,3115.135229418653,3104.7503358608565
2026-05-24 13:50:00+00:00,2026-05-24 17:50:00+00:00,LONG,76784.4,76713.6,-0.0009220622939033474,-0.0023220622939033476,3104.7503358608565,3097.5409121739704
2026-05-24 21:30:00+00:00,2026-05-25 01:30:00+00:00,LONG,76411.7,77189.8,0.010182995536023975,0.008782995536023975,3097.5409121739704,3124.746600178246
2026-05-25 04:50:00+00:00,2026-05-25 08:50:00+00:00,SHORT,77384.2,77433.5,-0.0006366753407762715,-0.0020366753407762717,3124.746600178246,3118.3825058314883
2026-05-25 09:30:00+00:00,2026-05-25 13:30:00+00:00,SHORT,77624.4,77328.9,0.0038213397578394925,0.0024213397578394923,3118.3825058314883,3125.933169373009
2026-05-25 14:25:00+00:00,2026-05-25 18:25:00+00:00,SHORT,77625.7,77649.1,-0.0003013557143612955,-0.0017013557143612955,3125.933169373009,3120.614845112585
2026-05-25 19:05:00+00:00,2026-05-25 23:05:00+00:00,LONG,77439.3,77266.0,-0.0022378817990349464,-0.0036378817990349466,3120.614845112585,3109.2624171657517
2026-05-26 00:35:00+00:00,2026-05-26 04:35:00+00:00,LONG,76971.1,76760.0,-0.0027425878024349704,-0.0041425878024349706,3109.2624171657517,3096.3820246018313
2026-05-26 05:30:00+00:00,2026-05-26 09:30:00+00:00,SHORT,76899.9,76724.1,0.0022913269754873955,0.0008913269754873955,3096.3820246018313,3099.141913426773
2026-05-26 10:25:00+00:00,2026-05-26 14:25:00+00:00,SHORT,77235.8,77957.0,-0.009251253896378708,-0.010651253896378709,3099.141913426773,3066.1321660459557
2026-05-26 14:25:00+00:00,2026-05-26 18:25:00+00:00,SHORT,77957.0,76104.0,0.024348260275412592,0.022948260275412594,3066.1321660459557,3136.494565031193
2026-05-27 04:30:00+00:00,2026-05-27 08:30:00+00:00,LONG,75349.1,76006.1,0.008719414034142448,0.007319414034142447,3136.494565031193,3159.4518673684934
2026-05-27 13:20:00+00:00,2026-05-27 17:20:00+00:00,LONG,75384.4,75038.3,-0.0045911355665096965,-0.005991135566509697,3159.4518673684934,3140.5231629152267
2026-05-27 20:15:00+00:00,2026-05-28 00:15:00+00:00,SHORT,75399.1,74516.1,0.011849788166584219,0.010449788166584218,3140.5231629152267,3173.3409646999417
2026-05-28 03:15:00+00:00,2026-05-28 07:15:00+00:00,LONG,73731.3,73290.4,-0.005979821324186729,-0.0073798213241867295,3173.3409646999417,3149.922275379734
2026-05-28 13:30:00+00:00,2026-05-28 17:30:00+00:00,LONG,72957.8,73497.6,0.007398797661113621,0.005998797661113621,3149.922275379734,3168.8180217579716
2026-05-29 06:20:00+00:00,2026-05-29 10:20:00+00:00,SHORT,73832.7,73645.8,0.002537822930839262,0.001137822930839262,3168.8180217579716,3172.423575566784
2026-05-29 11:50:00+00:00,2026-05-29 15:50:00+00:00,LONG,73424.8,73755.9,0.004509375578823471,0.003109375578823471,3172.423575566784,3182.287831958335
2026-05-29 18:50:00+00:00,2026-05-29 22:50:00+00:00,LONG,73337.7,73430.6,0.0012667427530452802,-0.00013325724695471982,3182.287831958335,3181.863769042831
2026-05-30 02:50:00+00:00,2026-05-30 06:50:00+00:00,SHORT,73784.2,73613.0,0.0023256761713283947,0.0009256761713283947,3181.863769042831,3184.809144514247
2026-05-30 13:20:00+00:00,2026-05-30 17:20:00+00:00,SHORT,73782.9,74007.8,-0.0030388688759834803,-0.0044388688759834805,3184.809144514247,3170.6721943267153
2026-05-31 01:10:00+00:00,2026-05-31 05:10:00+00:00,SHORT,74151.4,74180.0,-0.0003855486654085194,-0.0017855486654085194,3170.6721943267153,3165.0108048216875
2026-05-31 06:00:00+00:00,2026-05-31 10:00:00+00:00,LONG,74007.5,73846.2,-0.0021795088335642143,-0.0035795088335642145,3165.0108048216875,3153.6816206875023
2026-05-31 14:15:00+00:00,2026-05-31 18:15:00+00:00,LONG,73581.9,73660.1,0.001062761358431974,-0.00033723864156802604,3153.6816206875023,3152.6180773818037
2026-05-31 21:45:00+00:00,2026-06-01 01:45:00+00:00,SHORT,73840.2,73559.8,0.0038118646325846495,0.0024118646325846493,3152.6180773818037,3160.2217654226874
2026-06-01 06:40:00+00:00,2026-06-01 10:40:00+00:00,LONG,73007.1,72710.4,-0.004063988297028809,-0.005463988297028809,3160.2217654226874,3142.9543506804025
2026-06-01 12:00:00+00:00,2026-06-01 16:00:00+00:00,LONG,72323.6,71140.9,-0.016352891725522678,-0.017752891725522676,3142.9543506804025,3087.157822394513
2026-06-01 16:05:00+00:00,2026-06-01 20:05:00+00:00,LONG,70900.0,71548.3,0.00914386459802552,0.007743864598025519,3087.157822394513,3111.0643545638713
2026-06-01 21:05:00+00:00,2026-06-02 01:05:00+00:00,LONG,71160.2,71261.0,0.001416522157048572,1.6522157048571998e-05,3111.0643545638713,3111.1157560577253
2026-06-02 02:05:00+00:00,2026-06-02 06:05:00+00:00,LONG,70261.1,70408.0,0.002090772845856348,0.0006907728458563479,3111.1157560577253,3113.2648303423257
2026-06-02 06:55:00+00:00,2026-06-02 10:55:00+00:00,LONG,70110.7,69650.2,-0.006568184314234449,-0.007968184314234449,3113.2648303423257,3088.4577623551345
2026-06-02 14:20:00+00:00,2026-06-02 18:20:00+00:00,LONG,68010.2,67403.2,-0.00892513181846255,-0.01032513181846255,3088.4577623551345,3056.569028843064
2026-06-02 19:30:00+00:00,2026-06-02 23:30:00+00:00,LONG,66592.9,66549.8,-0.000647216144663898,-0.002047216144663898,3056.569028843064,3050.311571379937
2026-06-03 03:30:00+00:00,2026-06-03 07:30:00+00:00,LONG,66038.1,67258.7,0.01848326950654222,0.017083269506542223,3050.311571379937,3102.4208660327445
2026-06-03 16:20:00+00:00,2026-06-03 20:20:00+00:00,LONG,65641.0,65477.8,-0.002486250971191706,-0.003886250971191706,3102.4208660327445,3090.3640799290793
2026-06-04 00:20:00+00:00,2026-06-04 04:20:00+00:00,LONG,64012.8,64738.8,0.011341481703659229,0.009941481703659228,3090.3640799290793,3121.0868778873396
2026-06-05 03:00:00+00:00,2026-06-05 07:00:00+00:00,LONG,62595.3,61679.3,-0.014633686554741288,-0.016033686554741286,3121.0868778873396,3071.044349177178
2026-06-05 12:00:00+00:00,2026-06-05 16:00:00+00:00,LONG,61661.8,60249.1,-0.022910456717124772,-0.02431045671712477,3071.044349177178,2996.385858450136
2026-06-05 18:45:00+00:00,2026-06-05 22:45:00+00:00,LONG,59781.4,61838.5,0.03441036844235823,0.03301036844235823,2996.385858450136,3095.2976596330464
2026-06-06 04:10:00+00:00,2026-06-06 08:10:00+00:00,LONG,60129.0,61142.5,0.016855427497546982,0.015455427497546982,3095.2976596330464,3143.1368081948317
2026-06-06 10:15:00+00:00,2026-06-06 14:15:00+00:00,LONG,60527.5,60994.2,0.007710544793688712,0.0063105447936887115,3143.1368081948317,3162.9717138156366
2026-06-06 21:30:00+00:00,2026-06-07 01:30:00+00:00,SHORT,60995.5,61553.3,-0.00906206490959871,-0.01046206490959871,3162.9717138156366,3129.880498438473
2026-06-07 03:15:00+00:00,2026-06-07 07:15:00+00:00,SHORT,61754.2,62139.0,-0.006192568274352661,-0.007592568274352661,3129.880498438473,3106.116667063514
2026-06-07 07:55:00+00:00,2026-06-07 11:55:00+00:00,SHORT,62400.1,62634.1,-0.003735984072573917,-0.005135984072573917,3106.116667063514,3090.1637013339196
2026-06-07 12:15:00+00:00,2026-06-07 16:15:00+00:00,LONG,62010.0,62191.2,0.0029221093372036044,0.0015221093372036045,3090.1637013339196,3094.867268357207
2026-06-07 19:00:00+00:00,2026-06-07 23:00:00+00:00,LONG,61856.2,62866.9,0.016339510024864223,0.014939510024864223,3094.867268357207,3141.103068938454
2026-06-08 00:35:00+00:00,2026-06-08 04:35:00+00:00,SHORT,63835.2,62800.4,0.016477602053490026,0.015077602053490026,3141.103068938454,3188.4633710209037
2026-06-09 00:25:00+00:00,2026-06-09 04:25:00+00:00,LONG,62734.0,62800.1,0.0010536551152484641,-0.00034634488475153587,3188.4633710209037,3187.359063042133
2026-06-09 14:20:00+00:00,2026-06-09 18:20:00+00:00,LONG,61808.8,61805.0,-6.147991871707781e-05,-0.0014614799187170778,3187.359063042133,3182.700801777756
2026-06-10 09:20:00+00:00,2026-06-10 13:20:00+00:00,LONG,60976.3,61536.0,0.009178976093990654,0.007778976093990654,3182.700801777756,3207.45895522911
2026-06-10 13:35:00+00:00,2026-06-10 17:35:00+00:00,SHORT,62174.3,61767.2,0.0065908767112643485,0.005190876711264348,3207.45895522911,3224.108479222145
2026-06-11 01:15:00+00:00,2026-06-11 05:15:00+00:00,SHORT,62199.1,62632.0,-0.006911802273598222,-0.008311802273598222,3224.108479222145,3197.310327034219
2026-06-11 06:20:00+00:00,2026-06-11 10:20:00+00:00,SHORT,62979.2,62835.3,0.002290113996431753,0.000890113996431753,3197.310327034219,3200.1562977072476
2026-06-11 17:45:00+00:00,2026-06-11 21:45:00+00:00,SHORT,63596.6,63552.5,0.0006939144801541008,-0.0007060855198458991,3200.1562977072476,3197.896713684193
2026-06-12 06:15:00+00:00,2026-06-12 10:15:00+00:00,LONG,63175.2,63770.1,0.00941666983246603,0.008016669832466029,3197.896713684193,3223.533195796127
2026-06-12 15:10:00+00:00,2026-06-12 19:10:00+00:00,SHORT,64371.7,63712.8,0.010341720972865565,0.008941720972865564,3223.533195796127,3252.3571301797056
2026-06-13 01:40:00+00:00,2026-06-13 05:40:00+00:00,SHORT,63760.1,63576.1,0.0028941693498028,0.0014941693498027998,3252.3571301797056,3257.2167025182325
2026-06-13 07:50:00+00:00,2026-06-13 11:50:00+00:00,SHORT,63847.4,63908.8,-0.0009607440602859008,-0.002360744060285901,3257.2167025182325,3249.5272475346987
2026-06-13 12:45:00+00:00,2026-06-13 16:45:00+00:00,SHORT,64080.2,63923.1,0.0024576405086735864,0.0010576405086735864,3249.5272475346987,3252.9640791857296
2026-06-13 21:40:00+00:00,2026-06-14 01:40:00+00:00,SHORT,64579.1,64571.0,0.0001254433104644903,-0.0012745566895355097,3252.9640791857296,3248.817992057785
2026-06-14 04:45:00+00:00,2026-06-14 08:45:00+00:00,LONG,64385.4,64465.3,0.0012409645665010238,-0.00015903543349897616,3248.817992057785,3248.3013148800587
2026-06-14 14:25:00+00:00,2026-06-14 18:25:00+00:00,LONG,64153.7,63729.0,-0.00662003906243902,-0.00802003906243902,3248.3013148800587,3222.2498114481486
2026-06-14 20:35:00+00:00,2026-06-15 00:35:00+00:00,SHORT,64041.3,65541.7,-0.022892296049690453,-0.02429229604969045,3222.2498114481486,3143.9739650823913
2026-06-15 11:15:00+00:00,2026-06-15 15:15:00+00:00,SHORT,66243.0,66709.8,-0.006997472635205115,-0.008397472635205116,3143.9739650823913,3117.572529744815
2026-06-15 15:45:00+00:00,2026-06-15 19:45:00+00:00,SHORT,67197.8,66624.3,0.008607970365167139,0.007207970365167139,3117.572529744815,3140.043900150474
2026-06-15 22:25:00+00:00,2026-06-16 02:25:00+00:00,LONG,66164.4,65776.7,-0.005859646577313415,-0.007259646577313416,3140.043900150474,3117.2482911981333
2026-06-16 02:25:00+00:00,2026-06-16 06:25:00+00:00,LONG,65776.7,66331.4,0.0084330773663015,0.0070330773663015,3117.2482911981333,3139.1721396001008
2026-06-16 06:35:00+00:00,2026-06-16 10:35:00+00:00,SHORT,66460.9,66617.3,-0.0023477385003596307,-0.003747738500359631,3139.1721396001008,3127.4073433132653
2026-06-16 13:30:00+00:00,2026-06-16 17:30:00+00:00,LONG,65974.5,65814.2,-0.0024297266368067394,-0.0038297266368067396,3127.4073433132653,3115.430228106434
2026-06-17 07:50:00+00:00,2026-06-17 11:50:00+00:00,LONG,65316.6,64843.4,-0.0072447126764099146,-0.008644712676409915,3115.430228106434,3088.4982289210516
2026-06-17 16:15:00+00:00,2026-06-17 20:15:00+00:00,SHORT,65939.5,64325.1,0.025097512479576478,0.02369751247957648,3088.4982289210516,3161.687954244058
2026-06-18 04:10:00+00:00,2026-06-18 08:10:00+00:00,LONG,63929.2,64541.8,0.009582475613647778,0.008182475613647778,3161.687954244058,3187.5583888276237
2026-06-18 10:10:00+00:00,2026-06-18 14:10:00+00:00,LONG,64005.7,63787.9,-0.003402821936171252,-0.004802821936171252,3187.5583888276237,3172.2491134749357
2026-06-18 15:35:00+00:00,2026-06-18 19:35:00+00:00,LONG,62935.0,62884.3,-0.000805593072217281,-0.0022055930722172813,3172.2491134749357,3165.2524228069083
2026-06-19 03:15:00+00:00,2026-06-19 07:15:00+00:00,LONG,62526.5,62731.8,0.003283407835078078,0.0018834078350780782,3165.2524228069083,3171.2138840200223
2026-06-19 13:40:00+00:00,2026-06-19 17:40:00+00:00,SHORT,63096.3,63100.5,-6.656048684239302e-05,-0.001466560486842393,3171.2138840200223,3166.563107042393
2026-06-19 23:55:00+00:00,2026-06-20 03:55:00+00:00,SHORT,63541.0,63481.6,0.0009357042040527563,-0.00046429579594724365,3166.563107042393,3165.0928851041917
2026-06-20 05:10:00+00:00,2026-06-20 09:10:00+00:00,SHORT,63812.3,63508.7,0.004780447403269328,0.0033804474032693276,3165.0928851041917,3175.792315128748
2026-06-20 13:20:00+00:00,2026-06-20 17:20:00+00:00,LONG,63331.2,63910.2,0.009142413218129475,0.007742413218129475,3175.792315128748,3200.3806115274347
2026-06-20 22:20:00+00:00,2026-06-21 02:20:00+00:00,SHORT,64224.4,64224.4,0.0,-0.0014,3200.3806115274347,3195.9000786712963
2026-06-21 03:20:00+00:00,2026-06-21 07:20:00+00:00,SHORT,64411.3,64213.6,0.0030787870482265056,0.0016787870482265056,3195.9000786712963,3201.2653143307957
2026-06-21 08:25:00+00:00,2026-06-21 12:25:00+00:00,LONG,64046.3,64022.6,-0.0003700447957181163,-0.0017700447957181163,3201.2653143307957,3195.598931321452
2026-06-21 20:45:00+00:00,2026-06-22 00:45:00+00:00,LONG,63735.1,63857.6,0.0019220178520156228,0.0005220178520156228,3195.598931321452,3197.2670910114834
2026-06-22 01:20:00+00:00,2026-06-22 05:20:00+00:00,SHORT,64354.3,64254.4,0.001554757339575108,0.000154757339575108,3197.2670910114834,3197.7618915603994
2026-06-22 11:30:00+00:00,2026-06-22 15:30:00+00:00,SHORT,64609.0,65071.5,-0.007107566292462897,-0.008507566292462897,3197.7618915603994,3170.5567202804377
2026-06-22 22:25:00+00:00,2026-06-23 02:25:00+00:00,LONG,64037.7,64171.6,0.0020909557963513237,0.0006909557963513237,3170.5567202804377,3172.7474348239757
2026-06-23 04:40:00+00:00,2026-06-23 08:40:00+00:00,LONG,63814.0,62389.2,-0.022327388974206386,-0.023727388974206384,3172.7474348239757,3097.466422320992
2026-06-23 13:05:00+00:00,2026-06-23 17:05:00+00:00,LONG,62121.1,62454.2,0.005362107238925162,0.003962107238925162,3097.466422320992,3109.7389164551973
2026-06-24 00:05:00+00:00,2026-06-24 04:05:00+00:00,SHORT,62861.0,62643.8,0.0034672226142091755,0.0020672226142091753,3109.7389164551973,3116.16743906758
2026-06-24 10:55:00+00:00,2026-06-24 14:55:00+00:00,LONG,62449.1,61117.0,-0.021330971943550825,-0.022730971943550823,3116.16743906758,3045.333924438728
2026-06-24 15:30:00+00:00,2026-06-24 19:30:00+00:00,LONG,60776.6,59845.5,-0.015320040936807944,-0.016720040936807942,3045.333924438728,2994.4158165558624
2026-06-24 20:00:00+00:00,2026-06-25 00:00:00+00:00,SHORT,60246.4,61105.7,-0.014062517899312121,-0.015462517899312122,2994.4158165558624,2948.114608394384
2026-06-25 04:50:00+00:00,2026-06-25 08:50:00+00:00,SHORT,61207.9,61773.0,-0.00914800964822815,-0.01054800964822815,2948.114608394384,2917.017867060958
2026-06-25 10:30:00+00:00,2026-06-25 14:30:00+00:00,LONG,61542.3,60049.9,-0.024249987407035545,-0.025649987407035543,2917.017867060958,2842.1963955047468
2026-06-25 21:55:00+00:00,2026-06-26 01:55:00+00:00,SHORT,60218.9,59433.1,0.013221588643365534,0.011821588643365534,2842.1963955047468,2875.79567213606
2026-06-26 02:10:00+00:00,2026-06-26 06:10:00+00:00,LONG,58679.7,59715.3,0.017648351985439792,0.016248351985439793,2875.79567213606,2922.522612455131
2026-06-26 07:25:00+00:00,2026-06-26 11:25:00+00:00,SHORT,60600.0,59424.7,0.019777971113022152,0.018377971113022154,2922.522612455131,2976.232648603985
2026-06-27 02:20:00+00:00,2026-06-27 06:20:00+00:00,SHORT,60299.9,60220.4,0.0013201506466247181,-7.984935337528184e-05,2976.232648603985,2975.9949983515
2026-06-27 13:35:00+00:00,2026-06-27 17:35:00+00:00,SHORT,60624.9,60600.4,0.00040428776047685133,-0.0009957122395231487,2975.9949983515,2973.0317637068815
2026-06-27 19:25:00+00:00,2026-06-27 23:25:00+00:00,LONG,60326.0,59988.2,-0.0055995756390280205,-0.006999575639028021,2973.0317637068815,2952.2218029995825
2026-06-28 05:00:00+00:00,2026-06-28 09:00:00+00:00,LONG,59980.9,60321.0,0.005670138327367624,0.004270138327367624,2952.2218029995825,2964.8281984714613
2026-06-28 16:30:00+00:00,2026-06-28 20:30:00+00:00,LONG,59650.0,59677.2,0.00045599329421630586,-0.0009440067057836941,2964.8281984714613,2962.029380770608
2026-06-28 21:45:00+00:00,2026-06-29 01:45:00+00:00,LONG,59385.0,59557.6,0.0029064578597288726,0.0015064578597288726,2962.029380770608,2966.4915532120176
2026-06-29 06:15:00+00:00,2026-06-29 10:15:00+00:00,SHORT,60305.0,60311.5,-0.00010777380764859235,-0.0015077738076485923,2966.4915532120176,2962.018754947474
2026-06-29 12:05:00+00:00,2026-06-29 16:05:00+00:00,SHORT,60486.8,59794.9,0.011571220956971162,0.010171220956971162,2962.018754947474,2992.146102182737
2026-06-29 17:10:00+00:00,2026-06-29 21:10:00+00:00,SHORT,60460.2,60416.4,0.0007249687171031471,-0.0006750312828968528,2992.146102182737,2990.1263099607663
2026-06-30 00:25:00+00:00,2026-06-30 04:25:00+00:00,LONG,59935.2,59543.6,-0.006533723087601251,-0.007933723087601251,2990.1263099607663,2966.4034758205867
2026-06-30 12:20:00+00:00,2026-06-30 16:20:00+00:00,LONG,58855.4,58321.0,-0.00907988052073394,-0.01047988052073394,2966.4034758205867,2935.315921817697
2026-07-01 06:30:00+00:00,2026-07-01 10:30:00+00:00,LONG,58654.7,58725.8,0.0012121790751637995,-0.00018782092483620046,2935.315921817697,2934.764608066575
2026-07-01 13:40:00+00:00,2026-07-01 17:40:00+00:00,SHORT,59018.1,60156.5,-0.018923973302968133,-0.020323973302968132,2934.764608066575,2875.118530521734
2026-07-01 21:15:00+00:00,2026-07-02 01:15:00+00:00,SHORT,60505.0,59973.7,0.00885888314377814,0.00745888314377814,2875.118530521734,2896.5637036654066
2026-07-02 03:35:00+00:00,2026-07-02 07:35:00+00:00,SHORT,60794.0,60119.0,0.011227731665530039,0.009827731665530038,2896.5637036654066,2925.030354497144
2026-07-02 07:35:00+00:00,2026-07-02 11:35:00+00:00,LONG,60119.0,61299.7,0.019639381892579744,0.018239381892579745,2925.030354497144,2978.381100180205
2026-07-02 13:15:00+00:00,2026-07-02 17:15:00+00:00,SHORT,61796.5,61828.2,-0.0005127110283009717,-0.0019127110283009717,2978.381100180205,2972.6843178034073
2026-07-03 10:40:00+00:00,2026-07-03 14:40:00+00:00,SHORT,62016.4,62061.7,-0.0007299187743808888,-0.002129918774380889,2972.6843178034073,2966.35274166461
2026-07-03 20:05:00+00:00,2026-07-04 00:05:00+00:00,SHORT,62408.6,62946.2,-0.008540626757453151,-0.009940626757453152,2966.35274166461,2936.8653362287746
2026-07-04 00:05:00+00:00,2026-07-04 04:05:00+00:00,SHORT,62946.2,62666.9,0.00445689829878293,0.0030568982987829296,2936.8653362287746,2945.8430348788465
2026-07-04 15:05:00+00:00,2026-07-04 19:05:00+00:00,SHORT,62860.6,63242.0,-0.006030802314917372,-0.007430802314917372,2945.8430348788465,2923.9530576358857
2026-07-04 23:10:00+00:00,2026-07-05 03:10:00+00:00,LONG,62999.0,62764.1,-0.0037286306131844027,-0.005128630613184403,2923.9530576358857,2908.95718247298
2026-07-05 07:50:00+00:00,2026-07-05 11:50:00+00:00,SHORT,63017.9,62675.8,0.005458247042718245,0.004058247042718245,2908.95718247298,2920.7624493561448
2026-07-05 21:55:00+00:00,2026-07-06 01:55:00+00:00,SHORT,63093.1,63574.1,-0.007565974193893377,-0.008965974193893377,2920.7624493561448,2894.5749686087247
2026-07-06 05:25:00+00:00,2026-07-06 09:25:00+00:00,LONG,63010.6,62757.4,-0.0040183715120947205,-0.005418371512094721,2894.5749686087247,2878.8910860591927
2026-07-06 11:55:00+00:00,2026-07-06 15:55:00+00:00,LONG,62489.7,63546.8,0.01691638782071303,0.01551638782071303,2878.8910860591927,2923.561076644081
2026-07-06 16:10:00+00:00,2026-07-06 20:10:00+00:00,SHORT,63744.5,63607.6,0.0021522585351436696,0.0007522585351436696,2923.561076644081,2925.760350417
2026-07-06 21:05:00+00:00,2026-07-07 01:05:00+00:00,SHORT,64431.9,63983.5,0.007008056764634674,0.0056080567646346734,2925.760350417,2942.168180541856
2026-07-07 02:25:00+00:00,2026-07-07 06:25:00+00:00,LONG,63568.4,63167.0,-0.006314458126993938,-0.007714458126993938,2942.168180541856,2919.470947310492
2026-07-07 12:05:00+00:00,2026-07-07 16:05:00+00:00,SHORT,63786.0,63877.3,-0.0014293027413494475,-0.0028293027413494477,2919.470947310492,2911.2108801559766
2026-07-07 19:05:00+00:00,2026-07-07 23:05:00+00:00,LONG,63617.2,63633.5,0.0002562200159705874,-0.0011437799840294126,2911.2108801559766,2907.8810954219657
2026-07-08 01:35:00+00:00,2026-07-08 05:35:00+00:00,LONG,63011.8,62671.5,-0.005400575765174165,-0.006800575765174165,2907.8810954219657,2888.105829716431
2026-07-08 08:20:00+00:00,2026-07-08 12:20:00+00:00,LONG,62216.9,62263.5,0.000748992637048751,-0.000651007362951249,2888.105829716431,2886.225651556303
2026-07-09 01:05:00+00:00,2026-07-09 05:05:00+00:00,SHORT,62627.3,62470.7,0.00250677517620268,0.0011067751762026802,2886.225651556303,2889.420054460365
2026-07-09 05:10:00+00:00,2026-07-09 09:10:00+00:00,SHORT,62501.9,62865.2,-0.0057790319604486,-0.0071790319604486,2889.420054460365,2868.676815542233
2026-07-09 18:05:00+00:00,2026-07-09 22:05:00+00:00,SHORT,63366.1,63288.3,0.0012292951461800872,-0.0001707048538199128,2868.676815542233,2868.187118485779
2026-07-10 01:45:00+00:00,2026-07-10 05:45:00+00:00,SHORT,63752.9,64157.0,-0.00629861121935249,-0.00769861121935249,2868.187118485779,2846.1060609562023
2026-07-10 08:15:00+00:00,2026-07-10 12:15:00+00:00,SHORT,64268.3,64456.6,-0.0029213455255163723,-0.0043213455255163725,2846.1060609562023,2833.8070532645443
2026-07-11 14:20:00+00:00,2026-07-11 18:20:00+00:00,SHORT,64371.7,64374.8,-4.815548941516923e-05,-0.0014481554894151692,2833.8070532645443,2829.703260024416
2026-07-11 22:45:00+00:00,2026-07-12 02:45:00+00:00,LONG,64157.9,64085.4,-0.0011300245176354418,-0.002530024517635442,2829.703260024416,2822.5440413989213
2026-07-12 06:05:00+00:00,2026-07-12 10:05:00+00:00,LONG,63795.0,63911.3,0.0018230268829846352,0.00042302688298463524,2822.5440413989213,2823.738053406841
2026-07-12 14:45:00+00:00,2026-07-12 18:45:00+00:00,SHORT,64190.0,64150.3,0.0006188591479696637,-0.0007811408520303363,2823.738053406841,2821.5323162578925
2026-07-12 21:45:00+00:00,2026-07-13 01:45:00+00:00,LONG,63956.9,63604.1,-0.005516214825921906,-0.006916214825921906,2821.5323162578925,2802.017992620372
2026-07-13 03:05:00+00:00,2026-07-13 07:05:00+00:00,LONG,63013.1,62835.9,-0.0028121136716016126,-0.004212113671601613,2802.017992620372,2790.215574325582
2026-07-13 08:50:00+00:00,2026-07-13 12:50:00+00:00,SHORT,63205.6,62603.6,0.009616060418250694,0.008216060418250693,2790.215574325582,2813.140154064185
2026-07-13 13:20:00+00:00,2026-07-13 17:20:00+00:00,LONG,62540.5,62191.7,-0.00557718598348278,-0.00697718598348278,2813.140154064185,2793.512352011676
2026-07-13 17:35:00+00:00,2026-07-13 21:35:00+00:00,LONG,62089.4,61964.3,-0.0020148366709937804,-0.0034148366709937806,2793.512352011676,2783.9729635911526
2026-07-14 00:10:00+00:00,2026-07-14 04:10:00+00:00,SHORT,62442.6,62567.6,-0.0019978391371892057,-0.003397839137189206,2783.9729635911526,2774.513471298586
2026-07-14 05:05:00+00:00,2026-07-14 09:05:00+00:00,SHORT,62848.6,62695.0,0.0024499561368529488,0.0010499561368529488,2774.513471298586,2777.4265887445567
2026-07-14 12:20:00+00:00,2026-07-14 16:20:00+00:00,SHORT,63065.5,64816.1,-0.02700872159849166,-0.028408721598491657,2777.4265887445567,2698.5234500246643
2026-07-14 21:35:00+00:00,2026-07-15 01:35:00+00:00,SHORT,64756.7,64705.7,0.0007881840394277084,-0.0006118159605722916,2698.5234500246643,2696.8724503079607
2026-07-15 02:30:00+00:00,2026-07-15 06:30:00+00:00,LONG,64492.3,65252.9,0.011793655986838791,0.010393655986838791,2696.8724503079607,2724.9028147968443
2026-07-15 06:30:00+00:00,2026-07-15 10:30:00+00:00,SHORT,65252.9,64631.9,0.009608258460605423,0.008208258460605423,2724.9028147968443,2747.269521380728
2026-07-15 12:50:00+00:00,2026-07-15 16:50:00+00:00,SHORT,65200.0,65071.2,0.0019793702897750176,0.0005793702897750176,2747.269521380728,2748.8612077194202
2026-07-16 00:25:00+00:00,2026-07-16 04:25:00+00:00,LONG,64570.7,64655.2,0.001308643084247274,-9.135691575272594e-05,2748.8612077194202,2748.610080237651
2026-07-16 05:20:00+00:00,2026-07-16 09:20:00+00:00,SHORT,64932.1,64076.6,0.013351207773196538,0.011951207773196538,2748.610080237651,2781.4592903940734
2026-07-16 14:05:00+00:00,2026-07-16 18:05:00+00:00,SHORT,64613.4,64183.5,0.006697983126504603,0.005297983126504603,2781.4592903940734,2796.1954147816405
2026-07-16 23:20:00+00:00,2026-07-17 03:20:00+00:00,LONG,63762.2,63679.4,-0.0012985750178003963,-0.0026985750178003965,2796.1954147816405,2788.649671690423
2026-07-17 05:25:00+00:00,2026-07-17 09:25:00+00:00,LONG,63207.5,62953.4,-0.004020092552307841,-0.0054200925523078414,2788.649671690423,2773.5349323738983
2026-07-17 11:35:00+00:00,2026-07-17 15:35:00+00:00,SHORT,63284.7,63276.8,0.00012484828562753236,-0.0012751517143724676,2773.5349323738983,2769.9982545500097
2026-07-17 17:05:00+00:00,2026-07-17 21:05:00+00:00,SHORT,63987.4,64168.2,-0.002817595008119178,-0.004217595008119178,2769.9982545500097,2758.315523739121
2026-07-18 11:55:00+00:00,2026-07-18 15:55:00+00:00,SHORT,64061.7,64120.4,-0.0009154652809403308,-0.002315465280940331,2758.315523739121,2751.9287399100244
2026-07-18 16:50:00+00:00,2026-07-18 20:50:00+00:00,SHORT,64299.8,64677.6,-0.005841280443306451,-0.0072412804433064516,2751.9287399100244,2732.001252144341
2026-07-18 21:15:00+00:00,2026-07-19 01:15:00+00:00,SHORT,64798.2,64775.4,0.0003519854759677088,-0.0010480145240322912,2732.001252144341,2729.1380751524193
2026-07-19 12:05:00+00:00,2026-07-19 16:05:00+00:00,LONG,64368.0,64543.3,0.0027234029331344445,0.0013234029331344445,2729.1380751524193,2732.749824486005
2026-07-19 22:15:00+00:00,2026-07-20 02:15:00+00:00,SHORT,64817.4,64655.0,0.0025117933647822444,0.0011117933647822444,2732.749824486005,2735.788077608478
2026-07-20 05:10:00+00:00,2026-07-20 09:10:00+00:00,LONG,64250.8,64110.5,-0.002183630398376435,-0.003583630398376435,2735.788077608478,2725.9840242900445
2026-07-20 11:30:00+00:00,2026-07-20 15:30:00+00:00,SHORT,64814.6,64854.8,-0.000619846179465533,-0.002019846179465533,2725.9840242900445,2720.4779558732985
2026-07-20 15:40:00+00:00,2026-07-20 19:40:00+00:00,SHORT,65240.7,65118.5,0.0018765788523997795,0.0004765788523997795,2720.4779558732985,2721.7744781354872
2026-07-21 04:00:00+00:00,2026-07-21 08:00:00+00:00,SHORT,65696.8,66249.9,-0.008348691847081868,-0.009748691847081868,2721.7744781354872,2695.2407374708923
2026-07-21 08:20:00+00:00,2026-07-21 12:20:00+00:00,SHORT,66299.5,66454.5,-0.002332422935993783,-0.0037324229359937833,2695.2407374708923,2685.1809591243314
2026-07-21 12:35:00+00:00,2026-07-21 16:35:00+00:00,SHORT,66628.5,66625.5,4.502780466930645e-05,-0.0013549721953306935,2685.1809591243314,2681.5426135852867
2026-07-21 18:00:00+00:00,2026-07-21 22:00:00+00:00,LONG,66225.7,66359.8,0.0020248936591082956,0.0006248936591082956,2681.5426135852867,2683.2182925611446
2026-07-21 23:50:00+00:00,2026-07-22 03:50:00+00:00,SHORT,66556.2,66290.2,0.004012659488129566,0.002612659488129566,2683.2182925611446,2690.228628291927
2026-07-22 05:20:00+00:00,2026-07-22 09:20:00+00:00,LONG,66082.7,66035.5,-0.0007142565300751746,-0.002114256530075175,2690.228628291927,2684.540794847166
2026-07-22 12:45:00+00:00,2026-07-22 16:45:00+00:00,LONG,65683.6,66196.6,0.0078101687483633775,0.006410168748363377,2684.540794847166,2701.749154354002
2026-07-22 21:40:00+00:00,2026-07-23 01:40:00+00:00,SHORT,66127.3,65780.8,0.005267494466470568,0.003867494466470568,2701.749154354002,2712.198154258257
2026-07-23 07:25:00+00:00,2026-07-23 11:25:00+00:00,LONG,65437.7,65623.2,0.002834757334075011,0.001434757334075011,2712.198154258257,2716.0895004515437
2026-07-23 12:15:00+00:00,2026-07-23 16:15:00+00:00,LONG,65430.1,64767.1,-0.010132951042410188,-0.011532951042410188,2716.0895004515437,2684.7649732160316
2026-07-23 20:25:00+00:00,2026-07-24 00:25:00+00:00,SHORT,65165.6,64877.3,0.0044437730916668805,0.0030437730916668803,2684.7649732160316,2692.9367885989564
2026-07-24 00:30:00+00:00,2026-07-24 04:30:00+00:00,LONG,64830.7,65385.8,0.008562301502220482,0.007162301502220482,2692.9367885989564,2712.2244138053234
2026-07-24 06:15:00+00:00,2026-07-24 10:15:00+00:00,SHORT,65495.9,64969.2,0.008106918355159198,0.006706918355159198,2712.2244138053234,2730.415081509585
2026-07-24 13:00:00+00:00,2026-07-24 17:00:00+00:00,LONG,64716.1,63999.8,-0.011068343117091373,-0.012468343117091373,2730.415081509585,2696.3713294212425
2026-07-25 00:55:00+00:00,2026-07-25 04:55:00+00:00,LONG,64073.8,64180.0,0.001657463737128051,0.00025746373712805097,2696.3713294212425,2697.0655472604
2026-07-25 13:40:00+00:00,2026-07-25 17:40:00+00:00,SHORT,64194.6,64296.0,-0.0015770810003733482,-0.0029770810003733484,2697.0655472604,2689.0361646628894
2026-07-26 00:25:00+00:00,2026-07-26 04:25:00+00:00,SHORT,64472.8,64546.7,-0.0011449074855878205,-0.0025449074855878207,2689.0361646628894,2682.1928163984226
2026-07-26 09:15:00+00:00,2026-07-26 13:15:00+00:00,SHORT,64539.9,64470.8,0.0010718030488221508,-0.00032819695117784916,2682.1928163984226,2681.3125288936094
2026-07-26 14:05:00+00:00,2026-07-26 18:05:00+00:00,SHORT,64692.6,64690.5,3.2462262619770144e-05,-0.0013675377373802298,2681.3125288936094,2677.645732824637
2026-07-26 21:25:00+00:00,2026-07-27 01:25:00+00:00,SHORT,64822.5,65027.3,-0.003149446463254657,-0.004549446463254657,2677.645732824637,2665.463926915589
2026-07-27 06:00:00+00:00,2026-07-27 10:00:00+00:00,SHORT,65541.8,65260.8,0.004305800725703746,0.0029058007257037454,2665.463926915589,2673.2092339287574
2026-07-27 12:30:00+00:00,2026-07-27 16:30:00+00:00,LONG,64881.9,64892.9,0.0001695388082039173,-0.0012304611917960827,2673.2092339287574,2669.919953708857
2026-07-27 22:25:00+00:00,2026-07-28 02:25:00+00:00,LONG,64604.5,63235.9,-0.021184282828595524,-0.022584282828595523,2669.919953708857,2609.6217263445856
2026-07-28 05:15:00+00:00,2026-07-28 09:15:00+00:00,SHORT,63584.4,63451.8,0.002089775230962765,0.0006897752309627649,2609.6217263445856,2611.4217787736
2026-07-28 13:35:00+00:00,2026-07-28 17:35:00+00:00,LONG,62962.2,63549.9,0.009334171931730584,0.007934171931730584,2611.4217787736,2632.1412481526554
2026-07-28 23:00:00+00:00,2026-07-29 03:00:00+00:00,LONG,63714.0,63889.5,0.002754496656935723,0.0013544966569357232,2632.1412481526554,2635.7064746738606
2026-07-29 06:25:00+00:00,2026-07-29 10:25:00+00:00,SHORT,64400.0,64625.5,-0.003489334705340741,-0.004889334705340741,2635.7064746738606,2622.8196235341466
2026-07-29 18:00:00+00:00,2026-07-29 22:00:00+00:00,SHORT,64426.0,63911.3,0.008053348938294125,0.006653348938294125,2622.8196235341466,2640.2701576917243
2026-07-30 02:25:00+00:00,2026-07-30 06:25:00+00:00,SHORT,64354.0,64082.8,0.004232024817891755,0.002832024817891755,2640.2701576917243,2647.747468304246
2026-07-30 09:30:00+00:00,2026-07-30 13:30:00+00:00,SHORT,64602.2,64744.0,-0.0021901643395527692,-0.0035901643395527694,2647.747468304246,2638.2416197633993
2026-07-30 13:45:00+00:00,2026-07-30 17:45:00+00:00,SHORT,65134.3,64904.9,0.0035344018710452563,0.002134401871045256,2638.2416197633993,2643.8726876128917
2026-07-30 23:30:00+00:00,2026-07-31 03:30:00+00:00,SHORT,65065.4,64357.0,0.0110073496278571,0.009607349627857099,2643.8726876128917,2669.273296894331
2026-07-31 07:00:00+00:00,2026-07-31 11:00:00+00:00,LONG,64111.7,64004.3,-0.001675201250317726,-0.0030752012503177262,2669.273296894331,2661.064744314282
2026-07-31 13:40:00+00:00,2026-07-31 17:40:00+00:00,LONG,63469.5,63063.2,-0.0064014999330387345,-0.007801499933038735,2661.064744314282,2640.3044478897027
2026-07-31 17:50:00+00:00,2026-07-31 21:50:00+00:00,SHORT,63249.9,62997.1,0.00401288313271575,0.0026128831327157497,2640.3044478897027,2647.203254846828
2026-08-01 02:35:00+00:00,2026-08-01 06:35:00+00:00,SHORT,63082.1,63070.2,0.00018867864696803238,-0.0012113213530319676,2647.203254846828,2643.996641018416
2026-08-01 10:00:00+00:00,2026-08-01 14:00:00+00:00,LONG,62995.8,63085.4,0.0014223170433584897,2.2317043358489755e-05,2643.996641018416,2644.055647206093
2026-08-01 15:55:00+00:00,2026-08-01 19:55:00+00:00,LONG,63000.1,62530.0,-0.0074618929176302196,-0.00886189291763022,2644.055647206093,2620.6243091922975
2026-08-02 00:10:00+00:00,2026-08-02 04:10:00+00:00,SHORT,62928.3,63540.4,-0.009633241213464205,-0.011033241213464206,2620.6243091922975,2591.710329059111
2026-08-02 08:40:00+00:00,2026-08-02 12:40:00+00:00,LONG,63222.5,63142.7,-0.0012622088655146468,-0.002662208865514647,2591.710329059111,2584.810654844244
2026-08-02 17:20:00+00:00,2026-08-02 21:20:00+00:00,SHORT,63344.5,63525.1,-0.0028429707312542796,-0.00424297073125428,2584.810654844244,2573.8433788899056
2026-08-02 21:40:00+00:00,2026-08-03 01:40:00+00:00,SHORT,63702.5,63222.8,0.007587452627849434,0.0061874526278494334,2573.8433788899056,2589.7689128682905
2026-08-03 03:45:00+00:00,2026-08-03 07:45:00+00:00,LONG,62930.4,62648.6,-0.004477962955900527,-0.005877962955900528,2589.7689128682905,2574.546347134108
2026-08-03 08:20:00+00:00,2026-08-03 12:20:00+00:00,LONG,62419.9,62630.4,0.00337232196783388,0.00197232196783388,2574.546347134108,2579.624181451767
2026-08-03 13:15:00+00:00,2026-08-03 17:15:00+00:00,SHORT,62954.7,63837.0,-0.0138211382113822,-0.0152211382113822,2579.624181451767,2540.359365252466
2026-08-03 21:50:00+00:00,2026-08-04 01:50:00+00:00,LONG,63639.8,63854.5,0.0033736749644091013,0.001973674964409101,2540.359365252466,2545.3732089322666
2026-08-04 04:35:00+00:00,2026-08-04 08:35:00+00:00,SHORT,64028.6,63591.0,0.00688147693856056,0.00548147693856056,2545.3732089322666,2559.3256134770586
2026-08-04 11:45:00+00:00,2026-08-04 15:45:00+00:00,SHORT,63934.0,64142.6,-0.003252128850405156,-0.004652128850405156,2559.3256134770586,2547.4193009530213
2026-08-04 23:15:00+00:00,2026-08-05 03:15:00+00:00,SHORT,64497.0,64131.6,0.005697659188294013,0.004297659188294013,2547.4193009530213,2558.3672409181995
2026-08-05 05:25:00+00:00,2026-08-05 09:25:00+00:00,SHORT,64436.1,64164.0,0.0042406957172245185,0.0028406957172245183,2558.3672409181995,2565.6347837825633
2026-08-05 12:15:00+00:00,2026-08-05 16:15:00+00:00,SHORT,64449.9,64630.0,-0.002786631595234401,-0.004186631595234401,2565.6347837825633,2554.893416134947
2026-08-06 05:05:00+00:00,2026-08-06 09:05:00+00:00,SHORT,64959.6,64847.8,0.0017240368987072596,0.00032403689870725964,2554.893416134947,2555.721295874039
2026-08-06 13:05:00+00:00,2026-08-06 17:05:00+00:00,LONG,64210.1,64734.2,0.008162267306856652,0.006762267306856652,2555.721295874039,2573.003766438565
2026-08-06 23:15:00+00:00,2026-08-07 03:15:00+00:00,LONG,64278.7,64329.9,0.0007965313548656816,-0.0006034686451343184,2573.003766438565,2571.4510393417067
2026-08-07 08:30:00+00:00,2026-08-07 12:30:00+00:00,SHORT,64526.7,65000.5,-0.007289174698656198,-0.008689174698656198,2571.4510393417067,2549.1072520318257
2026-08-07 17:25:00+00:00,2026-08-07 21:25:00+00:00,LONG,64601.2,64996.7,0.00612217729701614,0.00472217729701614,2549.1072520318257,2561.1445884250293
2026-08-08 00:15:00+00:00,2026-08-08 04:15:00+00:00,LONG,64829.8,64993.2,0.002520445844349295,0.001120445844349295,2561.1445884250293,2564.0142122359075
2026-08-08 12:05:00+00:00,2026-08-08 16:05:00+00:00,LONG,64921.4,65091.2,0.002615470399590869,0.001215470399590869,2564.0142122359075,2567.13069561501
2026-08-08 22:30:00+00:00,2026-08-09 02:30:00+00:00,LONG,64984.2,64843.5,-0.002165141680593119,-0.003565141680593119,2567.13069561501,2557.978510972543
2026-08-09 02:40:00+00:00,2026-08-09 06:40:00+00:00,LONG,64780.7,64858.3,0.001197887642461426,-0.000202112357538574,2557.978510972543,2557.4615119051573
2026-08-09 06:45:00+00:00,2026-08-09 10:45:00+00:00,SHORT,64859.1,64971.1,-0.001723843370360023,-0.0031238433703600233,2557.4615119051573,2549.4724027162415
2026-08-09 13:00:00+00:00,2026-08-09 17:00:00+00:00,SHORT,64999.3,65227.4,-0.0034969966609124103,-0.0048969966609124106,2549.4724027162415,2536.987644873052
2026-08-09 20:00:00+00:00,2026-08-10 00:00:00+00:00,LONG,65159.9,64901.1,-0.003971767912473778,-0.005371767912473778,2536.987644873052,2523.359536047981
2026-08-10 09:35:00+00:00,2026-08-10 13:35:00+00:00,LONG,65078.2,64676.1,-0.006178720370262236,-0.007578720370262236,2523.359536047981,2504.2356997306388
2026-08-10 13:35:00+00:00,2026-08-10 17:35:00+00:00,LONG,64676.1,63960.9,-0.011058180688074848,-0.012458180688074848,2504.2356997306388,2473.037478897867
2026-08-11 05:20:00+00:00,2026-08-11 09:20:00+00:00,LONG,63974.7,64200.0,0.0035217046738789115,0.0021217046738789113,2473.037478897867,2478.284534075522
2026-08-11 12:10:00+00:00,2026-08-11 16:10:00+00:00,SHORT,64475.2,63601.5,0.013737097395501552,0.012337097395501552,2478.284534075522,2508.8593717461767
2026-08-11 18:35:00+00:00,2026-08-11 22:35:00+00:00,LONG,63353.6,63684.4,0.0052214870188909135,0.0038214870188909133,2508.8593717461767,2518.4469452675276
2026-08-12 01:45:00+00:00,2026-08-12 05:45:00+00:00,SHORT,63853.1,63850.2,4.541880839847856e-05,-0.0013545811916015214,2518.4469452675276,2515.035504403422
2026-08-12 09:15:00+00:00,2026-08-12 13:15:00+00:00,SHORT,63960.8,64011.4,-0.0007904841950027164,-0.0021904841950027166,2515.035504403422,2509.5263588811554
2026-08-12 14:30:00+00:00,2026-08-12 18:30:00+00:00,LONG,63587.9,63494.5,-0.0014688329068895944,-0.0028688329068895946,2509.5263588811554,2502.3269470820906
2026-08-13 05:05:00+00:00,2026-08-13 09:05:00+00:00,SHORT,63831.9,63675.1,0.002462501040438214,0.0010625010404382142,2502.3269470820906,2504.9856720668818
2026-08-13 11:20:00+00:00,2026-08-13 15:20:00+00:00,LONG,63495.1,63807.1,0.00491376499918883,0.0035137649991888297,2504.9856720668818,2513.7876030448597
2026-08-13 15:55:00+00:00,2026-08-13 19:55:00+00:00,LONG,63416.6,63412.9,-5.834434517137943e-05,-0.0014583443451713794,2513.7876030448597,2510.1216351089975
2026-08-14 06:20:00+00:00,2026-08-14 10:20:00+00:00,LONG,63231.2,62879.7,-0.005558964561798607,-0.006958964561798607,2510.1216351089975,2492.65378760447
2026-08-15 02:30:00+00:00,2026-08-15 06:30:00+00:00,SHORT,63123.0,63060.9,0.0009847623487770907,-0.0004152376512229093,2492.65378760447,2491.6187439003934
2026-08-15 08:50:00+00:00,2026-08-15 12:50:00+00:00,LONG,62963.4,62955.6,-0.00012388149305786467,-0.0015238814930578647,2491.6187439003934,2487.8218122088074
2026-08-15 21:25:00+00:00,2026-08-16 01:25:00+00:00,SHORT,63146.3,63052.4,0.00148923752307617,8.923752307617009e-05,2487.8218122088074,2488.0438192651836
2026-08-16 01:35:00+00:00,2026-08-16 05:35:00+00:00,LONG,63005.0,63072.1,0.001064994841679212,-0.0003350051583207879,2488.0438192651836,2487.2103117516017
2026-08-16 09:40:00+00:00,2026-08-16 13:40:00+00:00,LONG,62989.2,63064.9,0.001201793323299949,-0.00019820667670005106,2487.2103117516017,2486.7173300614554
2026-08-16 14:20:00+00:00,2026-08-16 18:20:00+00:00,SHORT,63095.1,63167.7,-0.0011493215678265445,-0.0025493215678265447,2486.7173300614554,2480.377887938842
2026-08-16 21:35:00+00:00,2026-08-17 01:35:00+00:00,LONG,62995.1,63192.3,0.003130402205886007,0.001730402205886007,2480.377887938842,2484.669939307562
2026-08-17 02:50:00+00:00,2026-08-17 06:50:00+00:00,SHORT,63430.1,63618.2,-0.0029567010698196006,-0.004356701069819601,2484.669939307562,2473.844975124832
2026-08-17 10:40:00+00:00,2026-08-17 14:40:00+00:00,SHORT,63632.1,63620.3,0.0001854753907164497,-0.0012145246092835503,2473.844975124832,2470.8404295229907
2026-08-17 18:20:00+00:00,2026-08-17 22:20:00+00:00,SHORT,64540.3,64324.5,0.003354864787133982,0.001954864787133982,2470.8404295229907,2475.670588473292
2026-08-17 23:25:00+00:00,2026-08-18 03:25:00+00:00,SHORT,64489.7,64112.2,0.005888114898568553,0.0044881148985685525,2475.670588473292,2486.7816825253667
2026-08-18 11:40:00+00:00,2026-08-18 15:40:00+00:00,SHORT,64385.5,64814.9,-0.006625019864259674,-0.008025019864259674,2486.7816825253667,2466.8252101250237
2026-08-18 23:40:00+00:00,2026-08-19 03:40:00+00:00,SHORT,64778.5,64339.7,0.006820050450965676,0.0054200504509656754,2466.8252101250237,2480.195527217615
2026-08-19 11:20:00+00:00,2026-08-19 15:20:00+00:00,SHORT,64531.4,67206.3,-0.0398013281492956,-0.0412013281492956,2480.195527217615,2378.008177426307
2026-08-19 15:20:00+00:00,2026-08-19 19:20:00+00:00,SHORT,67206.3,68368.3,-0.01699618097861144,-0.01839618097861144,2378.008177426307,2334.261908625755
2026-08-19 20:50:00+00:00,2026-08-20 00:50:00+00:00,SHORT,69112.2,69519.9,-0.005864507860339208,-0.007264507860339208,2334.261908625755,2317.304644642453
2026-08-20 03:10:00+00:00,2026-08-20 07:10:00+00:00,LONG,68999.6,69800.1,0.011601516530530542,0.010201516530530542,2317.304644642453,2340.944666281048
2026-08-20 08:05:00+00:00,2026-08-20 12:05:00+00:00,SHORT,70711.5,71670.6,-0.013382056240634266,-0.014782056240634266,2340.944666281048,2306.3406905678685
2026-08-20 23:25:00+00:00,2026-08-21 03:25:00+00:00,SHORT,73215.0,74611.0,-0.018710377826325897,-0.020110377826325895,2306.3406905678685,2259.9593078843195
2026-08-21 05:10:00+00:00,2026-08-21 09:10:00+00:00,SHORT,75318.6,77883.7,-0.03293500437190311,-0.03433500437190311,2259.9593078843195,2182.3635951677884
2026-08-21 18:45:00+00:00,2026-08-21 22:45:00+00:00,LONG,76694.2,78290.8,0.020817741106889498,0.0194177411068895,2182.3635951677884,2224.740166459857
2026-08-22 05:10:00+00:00,2026-08-22 09:10:00+00:00,LONG,77313.7,77367.8,0.0006997466167057986,-0.0007002533832942014,2224.740166459857,2223.182284631343
2026-08-22 10:20:00+00:00,2026-08-22 14:20:00+00:00,LONG,76607.0,77023.4,0.005435534611719417,0.004035534611719417,2223.182284631343,2232.154013689134
2026-08-23 05:05:00+00:00,2026-08-23 09:05:00+00:00,LONG,76291.1,76586.7,0.0038746328208663083,0.002474632820866308,2232.154013689134,2237.6777752726375
2026-08-23 10:20:00+00:00,2026-08-23 14:20:00+00:00,SHORT,76840.1,77433.9,-0.0076684759517471335,-0.009068475951747134,2237.6777752726375,2217.3854481798185
2026-08-23 21:00:00+00:00,2026-08-24 01:00:00+00:00,SHORT,77672.3,77640.2,0.0004134456119382346,-0.0009865543880617654,2217.3854481798185,2215.1978768358927
2026-08-24 07:10:00+00:00,2026-08-24 11:10:00+00:00,SHORT,77751.9,77819.7,-0.0008712446848292421,-0.0022712446848292423,2215.1978768358927,2210.166620432284
2026-08-24 11:30:00+00:00,2026-08-24 15:30:00+00:00,SHORT,78133.8,79810.2,-0.02100483396859043,-0.02240483396859043,2210.166620432284,2160.6482042585785
2026-08-25 00:40:00+00:00,2026-08-25 04:40:00+00:00,SHORT,79366.6,80241.2,-0.010899637592657996,-0.012299637592657996,2160.6482042585785,2134.073014380971
2026-08-25 07:45:00+00:00,2026-08-25 11:45:00+00:00,LONG,79894.8,79090.0,-0.010073246318909379,-0.01147324631890938,2134.073014380971,2109.5882690244407
2026-08-25 12:05:00+00:00,2026-08-25 16:05:00+00:00,LONG,78841.8,79334.6,0.006250491490554566,0.004850491490554566,2109.5882690244407,2119.8208089719174
2026-08-25 20:40:00+00:00,2026-08-26 00:40:00+00:00,LONG,78473.2,78393.7,-0.0010130847219178563,-0.0024130847219178565,2119.8208089719174,2114.705501764584
2026-08-26 09:15:00+00:00,2026-08-26 13:15:00+00:00,LONG,78483.2,78141.9,-0.0043487013781293715,-0.005748701378129372,2114.705501764584,2102.548691332252
2026-08-26 15:00:00+00:00,2026-08-26 19:00:00+00:00,LONG,77656.8,78453.3,0.0102566677998579,0.008856667799857899,2102.548691332252,2121.1702666244078
2026-08-26 21:10:00+00:00,2026-08-27 01:10:00+00:00,SHORT,78787.3,78669.9,0.0014923115448222113,9.23115448222113e-05,2121.1702666244078,2121.3660751285506
2026-08-27 08:00:00+00:00,2026-08-27 12:00:00+00:00,SHORT,79438.1,79436.0,2.643637645416419e-05,-0.0013735636235458358,2121.3660751285506,2118.45224385553
2026-08-27 14:35:00+00:00,2026-08-27 18:35:00+00:00,SHORT,80208.3,80003.8,0.002556128583892203,0.0011561285838922032,2118.45224385553,2120.9014470482616
2026-08-28 01:10:00+00:00,2026-08-28 05:10:00+00:00,SHORT,80757.4,79644.2,0.013977163434374384,0.012577163434374384,2120.9014470482616,2147.5763711759887
2026-08-28 14:10:00+00:00,2026-08-28 18:10:00+00:00,LONG,78631.7,77743.2,-0.011299514063666471,-0.012699514063666472,2147.5763711759887,2120.3031948474413
2026-08-29 06:20:00+00:00,2026-08-29 10:20:00+00:00,LONG,77413.1,77689.1,0.0035652880455634417,0.0021652880455634415,2120.3031948474413,2124.8942620082144
2026-08-29 14:40:00+00:00,2026-08-29 18:40:00+00:00,SHORT,77922.1,78146.6,-0.0028728057266727003,-0.0042728057266727005,2124.8942620082144,2115.815001636932
2026-08-30 06:45:00+00:00,2026-08-30 10:45:00+00:00,SHORT,78297.0,78150.9,0.0018694602365425528,0.0004694602365425528,2115.815001636932,2116.8082926480806
2026-08-30 12:05:00+00:00,2026-08-30 16:05:00+00:00,SHORT,78607.5,78815.1,-0.0026340130254228766,-0.004034013025422877,2116.8082926480806,2108.2690604232153
2026-08-30 16:55:00+00:00,2026-08-30 20:55:00+00:00,SHORT,79346.0,78591.4,0.009601559458159548,0.008201559458159547,2108.2690604232153,2125.5601544760743
2026-08-30 23:20:00+00:00,2026-08-31 03:20:00+00:00,LONG,77973.8,77757.8,-0.0027701612592947455,-0.004170161259294746,2125.5601544760743,2116.6962258655776
2026-08-31 05:20:00+00:00,2026-08-31 09:20:00+00:00,SHORT,78092.5,78763.1,-0.008514139235251128,-0.009914139235251128,2116.6962258655776,2095.7110047636156
2026-08-31 12:35:00+00:00,2026-08-31 16:35:00+00:00,LONG,77941.5,78595.4,0.00838962555249756,0.006989625552497559,2095.7110047636156,2110.3592399531617
2026-08-31 23:00:00+00:00,2026-09-01 03:00:00+00:00,LONG,78435.0,78478.2,0.0005507745266781772,-0.0008492254733218228,2110.3592399531617,2108.5670691287337
2026-09-01 03:35:00+00:00,2026-09-01 07:35:00+00:00,SHORT,78857.8,78559.8,0.003793288679451834,0.0023932886794518337,2108.5670691287337,2113.6134788251443
2026-09-01 08:05:00+00:00,2026-09-01 12:05:00+00:00,LONG,78303.7,78077.0,-0.002895137777652823,-0.004295137777652823,2113.6134788251443,2104.5352177248865
2026-09-01 16:20:00+00:00,2026-09-01 20:20:00+00:00,LONG,77511.1,77388.1,-0.001586869493530596,-0.0029868694935305962,2104.5352177248865,2098.249245685003
2026-09-02 01:45:00+00:00,2026-09-02 05:45:00+00:00,LONG,76833.2,77760.1,0.012063795338473682,0.010663795338473682,2098.249245685003,2120.6245462100946
2026-09-02 08:30:00+00:00,2026-09-02 12:30:00+00:00,LONG,77137.9,76902.9,-0.0030464920616195545,-0.004446492061619555,2120.6245462100946,2111.195205999696
2026-09-03 02:30:00+00:00,2026-09-03 06:30:00+00:00,SHORT,77876.2,77797.5,0.0010116006298401814,-0.0003883993701598186,2111.195205999696,2110.3752191114013
2026-09-03 07:00:00+00:00,2026-09-03 11:00:00+00:00,SHORT,78139.9,77749.9,0.005016083621972589,0.003616083621972589,2110.3752191114013,2118.0065123774466
2026-09-03 12:10:00+00:00,2026-09-03 16:10:00+00:00,SHORT,78073.2,80936.2,-0.035373541134869235,-0.036773541134869234,2118.0065123774466,2040.1199127706138
2026-09-04 04:25:00+00:00,2026-09-04 08:25:00+00:00,SHORT,81258.8,80980.1,0.0034415862662555696,0.0020415862662555694,2040.1199127706138,2044.2849935660406
2026-09-04 12:30:00+00:00,2026-09-04 16:30:00+00:00,LONG,79830.0,79750.0,-0.0010021295252411466,-0.002402129525241147,2044.2849935660406,2039.3743562249883
2026-09-05 16:30:00+00:00,2026-09-05 20:30:00+00:00,SHORT,79988.0,79712.7,0.003453652931088902,0.0020536529310889017,2039.3743562249883,2043.5625233492372
2026-09-06 07:10:00+00:00,2026-09-06 11:10:00+00:00,LONG,79671.9,79979.9,0.0038658548371508505,0.0024658548371508503,2043.5625233492372,2048.601651882458
2026-09-06 14:20:00+00:00,2026-09-06 18:20:00+00:00,LONG,79648.3,79894.1,0.0030860671225876324,0.0016860671225876324,2048.601651882458,2052.055731774976
2026-09-06 18:30:00+00:00,2026-09-06 22:30:00+00:00,SHORT,79934.3,79944.6,-0.00012883922116069257,-0.0015288392211606926,2052.055731774976,2048.9184684882307
2026-09-06 23:00:00+00:00,2026-09-07 03:00:00+00:00,SHORT,80219.0,79986.1,0.0029117559175906305,0.0015117559175906305,2048.9184684882307,2052.0159331076284
2026-09-07 07:25:00+00:00,2026-09-07 11:25:00+00:00,LONG,79425.3,79444.7,0.00024425466444566446,-0.0011557453355543355,2052.0159331076284,2049.6443252644563
2026-09-07 14:05:00+00:00,2026-09-07 18:05:00+00:00,LONG,79147.0,79188.4,0.0005230773118374277,-0.0008769226881625723,2049.6443252644563,2047.8469456529683
2026-09-07 19:30:00+00:00,2026-09-07 23:30:00+00:00,SHORT,79374.7,78999.1,0.004754484544760462,0.003354484544760462,2047.8469456529683,2054.716416582196
2026-09-08 03:00:00+00:00,2026-09-08 07:00:00+00:00,LONG,78919.0,78316.1,-0.007639478452590609,-0.00903947845259061,2054.716416582196,2036.1428518083171
2026-09-08 10:20:00+00:00,2026-09-08 14:20:00+00:00,SHORT,78876.7,78335.4,0.006910030458770811,0.00551003045877081,2036.1428518083171,2047.3620609401892
2026-09-09 04:00:00+00:00,2026-09-09 08:00:00+00:00,SHORT,78932.9,79420.0,-0.006133215814656312,-0.007533215814656312,2047.3620609401892,2031.9388406843873
2026-09-09 08:05:00+00:00,2026-09-09 12:05:00+00:00,SHORT,79470.9,79423.0,0.0006030998577237767,-0.0007969001422762233,2031.9388406843873,2030.3195883331493
2026-09-09 12:35:00+00:00,2026-09-09 16:35:00+00:00,SHORT,79527.3,78814.4,0.009045301366247926,0.007645301366247926,2030.3195883331493,2045.8419934557526
2026-09-09 20:25:00+00:00,2026-09-10 00:25:00+00:00,LONG,78117.2,78329.7,0.0027202715919156795,0.0013202715919156795,2045.8419934557526,2048.54306052126
2026-09-10 12:30:00+00:00,2026-09-10 16:30:00+00:00,LONG,77378.3,76842.0,-0.006930883723214376,-0.008330883723214376,2048.54306052126,2031.4768864820599
2026-09-10 22:35:00+00:00,2026-09-11 02:35:00+00:00,LONG,76912.2,76921.6,0.00012221728152361777,-0.0012777827184763822,2031.4768864820599,2028.881100423529
2026-09-11 06:10:00+00:00,2026-09-11 10:10:00+00:00,SHORT,77403.9,77089.5,0.004078376432588016,0.0026783764325880154,2028.881100423529,2034.3152077474265
2026-09-11 11:05:00+00:00,2026-09-11 15:05:00+00:00,LONG,76815.9,78652.9,0.023914319821807695,0.022514319821807696,2034.3152077474265,2080.116430953019
2026-09-11 18:00:00+00:00,2026-09-11 22:00:00+00:00,LONG,77156.7,77167.9,0.00014515913718438078,-0.0012548408628156192,2080.116430953019,2077.506215856045
2026-09-12 17:45:00+00:00,2026-09-12 21:45:00+00:00,LONG,77205.6,77273.1,0.0008742889116850616,-0.0005257110883149384,2077.506215856045,2076.4140478023264
2026-09-13 06:50:00+00:00,2026-09-13 10:50:00+00:00,LONG,77136.8,76684.2,-0.005867497744267425,-0.007267497744267425,2076.4140478023264,2061.3237133937578
2026-09-13 14:15:00+00:00,2026-09-13 18:15:00+00:00,SHORT,77058.6,77352.4,-0.0037982014779113227,-0.005198201477911323,2061.3237133937578,2050.608537420341
2026-09-13 22:00:00+00:00,2026-09-14 02:00:00+00:00,LONG,77092.0,77039.4,-0.0006823016655425063,-0.0020823016655425065,2050.608537420341,2046.3385518474947
2026-09-14 02:25:00+00:00,2026-09-14 06:25:00+00:00,SHORT,77533.5,77570.8,-0.0004808510418868872,-0.0018808510418868872,2046.3385518474947,2042.489693850199
2026-09-14 09:50:00+00:00,2026-09-14 13:50:00+00:00,SHORT,78307.2,78228.1,0.0010111456113595096,-0.00038885438864049034,2042.489693850199,2041.6954627689925
2026-09-14 23:45:00+00:00,2026-09-15 03:45:00+00:00,LONG,78286.8,77746.2,-0.006905378684529229,-0.008305378684529229,2041.6954627689925,2024.738408792211
2026-09-15 05:10:00+00:00,2026-09-15 09:10:00+00:00,LONG,77420.7,76934.0,-0.006286432439903011,-0.007686432439903012,2024.738408792211,2009.175393804553
2026-09-15 13:35:00+00:00,2026-09-15 17:35:00+00:00,LONG,76316.7,76972.2,0.008589207866692261,0.007189207866692261,2009.175393804553,2023.6197733512572
2026-09-15 17:35:00+00:00,2026-09-15 21:35:00+00:00,SHORT,76972.2,75670.6,0.017200867972501754,0.015800867972501756,2023.6197733512572,2055.594722216524
2026-09-15 22:15:00+00:00,2026-09-16 02:15:00+00:00,LONG,75199.8,75827.5,0.008347096667810305,0.006947096667810305,2055.594722216524,2069.8751374616027
2026-09-16 08:05:00+00:00,2026-09-16 12:05:00+00:00,LONG,75536.0,76180.0,0.008525736072865886,0.007125736072865886,2069.8751374616027,2084.624521394941
2026-09-17 00:15:00+00:00,2026-09-17 04:15:00+00:00,SHORT,76454.5,76289.6,0.002161500387995119,0.0007615003879951189,2084.624521394941,2086.2119637768074
2026-09-17 12:10:00+00:00,2026-09-17 16:10:00+00:00,SHORT,76817.0,76731.5,0.001114275102141793,-0.00028572489785820706,2086.2119637768074,2085.615881076547
2026-09-17 22:05:00+00:00,2026-09-18 02:05:00+00:00,LONG,76357.6,76676.2,0.004172472681173822,0.002772472681173822,2085.615881076547,2091.3981941302536
2026-09-18 02:30:00+00:00,2026-09-18 06:30:00+00:00,SHORT,77024.6,77500.1,-0.00613547595422459,-0.00753547595422459,2091.3981941302536,2075.6385133276763
2026-09-18 09:00:00+00:00,2026-09-18 13:00:00+00:00,SHORT,78305.0,78042.8,0.00335969493662458,0.0019596949366245797,2075.6385133276763,2079.7061316125073
2026-09-18 13:35:00+00:00,2026-09-18 17:35:00+00:00,SHORT,78953.0,80687.6,-0.021497727036124625,-0.022897727036124624,2079.7061316125073,2032.0855882954895
2026-09-19 00:50:00+00:00,2026-09-19 04:50:00+00:00,SHORT,81423.7,81016.3,0.005028617697919957,0.003628617697919957,2032.0855882954895,2039.4592500248664
2026-09-19 15:10:00+00:00,2026-09-19 19:10:00+00:00,SHORT,81705.8,81377.7,0.004031817070278443,0.0026318170702784426,2039.4592500248664,2044.826733693219
2026-09-19 20:30:00+00:00,2026-09-20 00:30:00+00:00,LONG,81250.2,81326.9,0.0009439976763134794,-0.00045600232368652057,2044.826733693219,2043.8942879511187
2026-09-20 02:35:00+00:00,2026-09-20 06:35:00+00:00,LONG,80911.4,80400.1,-0.006319257854888072,-0.007719257854888072,2043.8942879511187,2028.1169409142913
2026-09-20 16:35:00+00:00,2026-09-20 20:35:00+00:00,SHORT,81354.8,81138.9,0.002660869200839633,0.0012608692008396329,2028.1169409142913,2030.674131100791
2026-09-20 21:05:00+00:00,2026-09-21 01:05:00+00:00,LONG,80858.2,81771.7,0.011297555473656296,0.009897555473656295,2030.674131100791,2050.77284096228
2026-09-21 08:20:00+00:00,2026-09-21 12:20:00+00:00,SHORT,82147.9,85230.1,-0.036163280343446846,-0.037563280343446845,2050.77284096228,1973.739085816487
2026-09-21 12:20:00+00:00,2026-09-21 16:20:00+00:00,SHORT,85230.1,85836.7,-0.007066907278588164,-0.008466907278588164,1973.739085816487,1957.0276199847535
2026-09-21 19:30:00+00:00,2026-09-21 23:30:00+00:00,SHORT,86850.0,86437.1,0.004776884000041504,0.0033768840000415034,1957.0276199847535,1963.6362752423192
2026-09-22 00:55:00+00:00,2026-09-22 04:55:00+00:00,LONG,85903.6,85464.2,-0.0051150359239893195,-0.00651503592398932,1963.6362752423192,1950.843114367467
2026-09-22 08:45:00+00:00,2026-09-22 12:45:00+00:00,SHORT,86193.8,86019.7,0.0020239549777552046,0.0006239549777552046,1950.843114367467,1952.060352639496
2026-09-23 01:10:00+00:00,2026-09-23 05:10:00+00:00,SHORT,86715.6,86938.3,-0.0025615867805097725,-0.003961586780509773,1952.060352639496,1944.3270961517221
2026-09-23 07:35:00+00:00,2026-09-23 11:35:00+00:00,LONG,86168.9,85491.7,-0.007858983925755125,-0.009258983925755125,1944.3270961517221,1926.3246028220433
2026-09-23 12:15:00+00:00,2026-09-23 16:15:00+00:00,LONG,85291.7,84288.2,-0.01176550590502945,-0.01316550590502945,1926.3246028220433,1900.9635648885862
2026-09-24 02:05:00+00:00,2026-09-24 06:05:00+00:00,LONG,83802.4,84133.5,0.003950960831670791,0.002550960831670791,1900.9635648885862,1905.8128484850502
2026-09-24 07:50:00+00:00,2026-09-24 11:50:00+00:00,SHORT,84612.2,83431.1,0.014156591486867542,0.012756591486867542,1905.8128484850502,1930.1245244435972
2026-09-24 13:30:00+00:00,2026-09-24 17:30:00+00:00,SHORT,84138.9,84302.8,-0.001944182162395669,-0.003344182162395669,1930.1245244435972,1923.6698364377505
2026-09-24 22:15:00+00:00,2026-09-25 02:15:00+00:00,LONG,84017.3,84856.4,0.009987228820730776,0.008587228820730776,1923.6698364377505,1940.1888294987791
2026-09-25 09:20:00+00:00,2026-09-25 13:20:00+00:00,SHORT,84675.8,84217.4,0.005443055710577793,0.004043055710577793,1940.1888294987791,1948.0331210254833
2026-09-25 13:45:00+00:00,2026-09-25 17:45:00+00:00,LONG,83757.9,83800.4,0.0005074148229600173,-0.0008925851770399827,1948.0331210254833,1946.2943355372731
2026-09-26 07:55:00+00:00,2026-09-26 11:55:00+00:00,SHORT,84126.1,84171.9,-0.0005441245831445674,-0.0019441245831445673,1946.2943355372731,1942.5104968735202
2026-09-26 13:20:00+00:00,2026-09-26 17:20:00+00:00,LONG,83959.0,84061.0,0.0012148786907895115,-0.0001851213092104885,1942.5104968735202,1942.150896787184
2026-09-26 20:45:00+00:00,2026-09-27 00:45:00+00:00,LONG,83833.5,84321.9,0.005825833348243714,0.004425833348243714,1942.150896787184,1950.746532993506
2026-09-27 07:55:00+00:00,2026-09-27 11:55:00+00:00,SHORT,84789.5,84891.9,-0.0012062399357299913,-0.0026062399357299915,1950.746532993506,1945.6624194747317
2026-09-27 13:10:00+00:00,2026-09-27 17:10:00+00:00,LONG,84645.1,84394.0,-0.002966503672392262,-0.004366503672392262,1945.6624194747317,1937.1666773748598
2026-09-28 03:30:00+00:00,2026-09-28 07:30:00+00:00,LONG,83264.2,83013.7,-0.0030084958481556567,-0.004408495848155657,1937.1666773748598,1928.6266861204674
2026-09-28 12:05:00+00:00,2026-09-28 16:05:00+00:00,SHORT,83475.0,83414.9,0.0007204947797097017,-0.0006795052202902983,1928.6266861204674,1927.3161742192574
2026-09-28 16:25:00+00:00,2026-09-28 20:25:00+00:00,SHORT,84017.1,83500.0,0.006192814371257516,0.0047928143712575155,1927.3161742192574,1936.5534428770125
2026-09-28 22:00:00+00:00,2026-09-29 02:00:00+00:00,LONG,83194.2,83031.7,-0.001953261164840847,-0.0033532611648408473,1936.5534428770125,1930.0596734233743
2026-09-29 06:05:00+00:00,2026-09-29 10:05:00+00:00,SHORT,83769.6,84273.7,-0.005981700103353638,-0.007381700103353638,1930.0596734233743,1915.8125517325864
2026-09-29 11:45:00+00:00,2026-09-29 15:45:00+00:00,SHORT,84434.2,83265.5,0.01403582516168167,0.01263582516168167,1915.8125517325864,1940.0204241788344
2026-09-29 15:50:00+00:00,2026-09-29 19:50:00+00:00,LONG,82996.7,83563.7,0.006831596918913663,0.0054315969189136625,1940.0204241788344,1950.5578331374336
2026-09-30 09:30:00+00:00,2026-09-30 13:30:00+00:00,SHORT,83697.8,85225.5,-0.017925386181365854,-0.019325386181365853,1950.5578331374336,1912.8625497429646
2026-10-01 04:45:00+00:00,2026-10-01 08:45:00+00:00,SHORT,84116.7,83496.5,0.007427856257447907,0.006027856257447907,1912.8625497429646,1924.3930102330703
2026-10-01 13:25:00+00:00,2026-10-01 17:25:00+00:00,LONG,83473.3,84923.1,0.01736842798835081,0.01596842798835081,1924.3930102330703,1955.1225414382625
2026-10-02 02:05:00+00:00,2026-10-02 06:05:00+00:00,SHORT,85114.3,85895.3,-0.009092464896216623,-0.010492464896216623,1955.1225414382625,1934.6084868044197
2026-10-02 12:30:00+00:00,2026-10-02 16:30:00+00:00,SHORT,86830.3,85194.6,0.01919957368189995,0.017799573681899952,1934.6084868044197,1969.0436931109239
