entry_time,exit_time,direction,entry_price,exit_price,gross_return,net_return,capital_before,capital_after
2025-10-03 07:40:00+00:00,2025-10-03 07:55:00+00:00,LONG,119626.0,119638.1,0.00010114857974019564,-0.0012988514202598043,10000.0,9987.011485797402
2025-10-03 15:20:00+00:00,2025-10-03 15:35:00+00:00,SHORT,121399.0,121747.1,-0.0028592056812852817,-0.004259205681285282,9987.011485797402,9944.474749738032
2025-10-03 15:45:00+00:00,2025-10-03 16:00:00+00:00,SHORT,121795.0,122738.5,-0.007687074552809481,-0.009087074552809481,9944.474749738032,9854.108566298632
2025-10-03 16:00:00+00:00,2025-10-03 16:15:00+00:00,SHORT,122738.5,123064.9,-0.002652259092560061,-0.004052259092560061,9854.108566298632,9814.177165261774
2025-10-03 16:15:00+00:00,2025-10-03 16:30:00+00:00,SHORT,123064.9,123756.1,-0.0055851792356095276,-0.006985179235609528,9814.177165261774,9745.623378712395
2025-10-04 04:20:00+00:00,2025-10-04 04:35:00+00:00,SHORT,122382.0,122413.5,-0.0002573245597912166,-0.0016573245597912166,9745.623378712395,9729.47171773638
2025-10-04 04:50:00+00:00,2025-10-04 05:05:00+00:00,SHORT,122508.2,122536.1,-0.00022768800378014653,-0.0016276880037801465,9729.47171773638,9713.635173338304
2025-10-04 11:15:00+00:00,2025-10-04 11:30:00+00:00,LONG,122015.9,122119.2,0.0008466109744713624,-0.0005533890255286376,9713.635173338304,9708.259754235389
2025-10-04 13:05:00+00:00,2025-10-04 13:20:00+00:00,SHORT,122469.1,122331.7,0.0011231757590224323,-0.0002768242409775677,9708.259754235389,9705.57227259771
2025-10-04 15:20:00+00:00,2025-10-04 15:35:00+00:00,LONG,121816.9,121816.9,0.0,-0.0014,9705.57227259771,9691.984471416074
2025-10-05 02:25:00+00:00,2025-10-05 02:40:00+00:00,SHORT,122864.9,123673.9,-0.0065413963657651175,-0.007941396365765118,9691.984471416074,9615.016581157719
2025-10-05 02:40:00+00:00,2025-10-05 02:55:00+00:00,SHORT,123673.9,124034.0,-0.002903236209426452,-0.004303236209426452,9615.016581157719,9573.640893651445
2025-10-05 04:45:00+00:00,2025-10-05 05:00:00+00:00,SHORT,125293.2,125414.0,-0.0009632098489802399,-0.00236320984898024,9573.640893651445,9551.016371200969
2025-10-05 09:25:00+00:00,2025-10-05 09:40:00+00:00,LONG,124017.0,122986.4,-0.008310151027681734,-0.009710151027681734,9551.016371200969,9458.274559768748
2025-10-05 09:40:00+00:00,2025-10-05 09:55:00+00:00,LONG,122986.4,123025.0,0.00031385584097098906,-0.001086144159029011,9458.274559768748,9448.001510101163
2025-10-05 23:10:00+00:00,2025-10-05 23:25:00+00:00,SHORT,123480.1,123477.9,1.7816953479243836e-05,-0.0013821830465207562,9448.001510101163,9434.942642590398
2025-10-05 23:30:00+00:00,2025-10-05 23:45:00+00:00,SHORT,123518.4,123518.3,8.095966346211014e-07,-0.0013991904033653789,9434.942642590398,9421.741361388584
2025-10-06 00:15:00+00:00,2025-10-06 00:30:00+00:00,SHORT,124340.0,123788.0,0.004459236759621232,0.003059236759621232,9421.741361388584,9450.564698900987
2025-10-06 12:15:00+00:00,2025-10-06 12:30:00+00:00,SHORT,124674.5,124432.8,0.0019424138973003213,0.0005424138973003213,9450.564698900987,9455.690816531007
2025-10-06 14:05:00+00:00,2025-10-06 14:20:00+00:00,SHORT,125285.4,124659.9,0.005017652027636821,0.0036176520276368206,9455.690816531007,9489.898215586136
2025-10-06 17:20:00+00:00,2025-10-06 17:35:00+00:00,SHORT,125792.0,125220.1,0.004567158147933181,0.003167158147933181,9489.898215586136,9519.954224042685
2025-10-06 18:55:00+00:00,2025-10-06 19:10:00+00:00,SHORT,126012.4,125648.1,0.0028993673601112047,0.0014993673601112047,9519.954224042685,9534.228132675968
2025-10-06 21:20:00+00:00,2025-10-06 21:35:00+00:00,LONG,124770.0,124934.1,0.0013152200048089924,-8.477999519100761e-05,9534.228132675968,9533.41982086073
2025-10-07 06:25:00+00:00,2025-10-07 06:40:00+00:00,LONG,123891.0,123863.9,-0.00021874066719940188,-0.0016187406671994019,9533.41982086073,9517.987686499218
2025-10-07 12:45:00+00:00,2025-10-07 13:00:00+00:00,SHORT,124913.1,124818.2,0.0007603057887393128,-0.0006396942112606872,9517.987686499218,9511.899084873316
2025-10-07 13:40:00+00:00,2025-10-07 13:55:00+00:00,LONG,123791.9,123895.3,0.0008352727440164021,-0.0005647272559835979,9511.899084873316,9506.527456203923
2025-10-07 14:05:00+00:00,2025-10-07 14:20:00+00:00,LONG,123097.6,123135.5,0.00030788577518969795,-0.001092114224810302,9506.527456203923,9496.145242340453
2025-10-07 15:05:00+00:00,2025-10-07 15:20:00+00:00,LONG,121793.0,122327.9,0.00439187802254648,0.00299187802254648,9496.145242340453,9524.556550589921
2025-10-07 15:35:00+00:00,2025-10-07 15:50:00+00:00,LONG,121541.0,121484.1,-0.00046815477904571523,-0.0018681547790457152,9524.556550589921,9506.763204751645
2025-10-07 16:20:00+00:00,2025-10-07 16:35:00+00:00,LONG,121040.0,121795.8,0.006244216787838708,0.004844216787838708,9506.763204751645,9552.81602666611
2025-10-08 08:30:00+00:00,2025-10-08 08:45:00+00:00,SHORT,122367.5,122599.2,-0.0018898981396289205,-0.0032898981396289207,9552.81602666611,9521.388234991766
2025-10-08 13:40:00+00:00,2025-10-08 13:55:00+00:00,LONG,121886.0,122595.8,0.00582347439410591,0.0044234743941059095,9521.388234991766,9563.505852045593
2025-10-08 17:10:00+00:00,2025-10-08 17:25:00+00:00,SHORT,123672.9,123793.1,-0.0009709749574088322,-0.0023709749574088324,9563.505852045593,9540.83101916536
2025-10-08 17:25:00+00:00,2025-10-08 17:40:00+00:00,SHORT,123793.1,123776.0,0.00013815279214068887,-0.0012618472078593111,9540.83101916536,9528.791948183169
2025-10-09 01:15:00+00:00,2025-10-09 01:30:00+00:00,LONG,122593.7,122453.0,-0.001147693560109464,-0.002547693560109464,9528.791948183169,9504.51550630116
2025-10-09 01:30:00+00:00,2025-10-09 01:45:00+00:00,LONG,122453.0,122401.4,-0.0004213861644876138,-0.0018213861644876138,9504.51550630116,9487.204113257827
2025-10-09 02:05:00+00:00,2025-10-09 02:20:00+00:00,LONG,122225.1,122040.0,-0.0015144188877734832,-0.0029144188877734834,9487.204113257827,9459.554426397986
2025-10-09 02:25:00+00:00,2025-10-09 02:40:00+00:00,LONG,122006.9,121692.5,-0.002576903437428446,-0.003976903437428446,9459.554426397986,9421.934691883103
2025-10-09 02:40:00+00:00,2025-10-09 02:55:00+00:00,LONG,121692.5,121617.1,-0.0006195944696673061,-0.0020195944696673063,9421.934691883103,9402.90620468581
2025-10-09 08:20:00+00:00,2025-10-09 08:35:00+00:00,LONG,121522.0,121433.6,-0.0007274402988758366,-0.002127440298875837,9402.90620468581,9382.902083099412
2025-10-09 11:20:00+00:00,2025-10-09 11:35:00+00:00,SHORT,122707.1,122835.5,-0.0010453004221091522,-0.0024453004221091524,9382.902083099412,9359.958068675001
2025-10-09 11:40:00+00:00,2025-10-09 11:55:00+00:00,SHORT,122836.8,122730.3,0.0008677563731205318,-0.0005322436268794682,9359.958068675001,9354.97629064509
2025-10-09 12:05:00+00:00,2025-10-09 12:20:00+00:00,SHORT,123032.8,123067.2,-0.0002795220822444655,-0.0016795220822444655,9354.97629064509,9339.264401386079
2025-10-09 12:30:00+00:00,2025-10-09 12:45:00+00:00,SHORT,123091.1,123345.1,-0.0020592629946386554,-0.0034592629946386556,9339.264401386079,9306.95742964522
2025-10-09 12:50:00+00:00,2025-10-09 13:05:00+00:00,SHORT,123436.5,123321.1,0.0009357684937938426,-0.00046423150620615735,9306.95742964522,9302.636846779458
2025-10-09 14:30:00+00:00,2025-10-09 14:45:00+00:00,LONG,121491.2,121046.7,-0.003658701206342485,-0.005058701206342485,9302.636846779458,9255.577586540488
2025-10-09 14:45:00+00:00,2025-10-09 15:00:00+00:00,LONG,121046.7,121594.4,0.004524699971168111,0.003124699971168111,9255.577586540488,9284.498489558295
2025-10-09 16:50:00+00:00,2025-10-09 17:05:00+00:00,LONG,120317.3,120164.8,-0.0012674818999428572,-0.0026674818999428574,9284.498489558295,9259.732257887352
2025-10-10 02:50:00+00:00,2025-10-10 03:05:00+00:00,LONG,120970.4,120973.0,2.1492861063565627e-05,-0.0013785071389364344,9259.732257887352,9246.967650865214
2025-10-10 13:35:00+00:00,2025-10-10 13:50:00+00:00,SHORT,122422.9,121427.0,0.008201635550577624,0.006801635550577624,9246.967650865214,9309.862154774379
2025-10-10 14:55:00+00:00,2025-10-10 15:10:00+00:00,LONG,120493.0,120421.0,-0.00059754508560661,-0.0019975450856066102,9309.862154774379,9291.265285379435
2025-10-10 15:15:00+00:00,2025-10-10 15:30:00+00:00,LONG,119931.3,118661.8,-0.010585226708957562,-0.011985226708957563,9291.265285379435,9179.907364521096
2025-10-10 15:30:00+00:00,2025-10-10 15:45:00+00:00,LONG,118661.8,119302.5,0.005399378738566218,0.003999378738566218,9179.907364521096,9216.621290856769
2025-10-10 17:05:00+00:00,2025-10-10 17:20:00+00:00,LONG,117767.7,118127.6,0.003056016208179413,0.001656016208179413,9216.621290856769,9231.884165099078
2025-10-10 19:05:00+00:00,2025-10-10 19:20:00+00:00,LONG,117063.1,116526.5,-0.004583852640157371,-0.005983852640157371,9231.884165099078,9176.641930664124
2025-10-10 19:20:00+00:00,2025-10-10 19:35:00+00:00,LONG,116526.5,116454.8,-0.0006153106804031028,-0.002015310680403103,9176.641930664124,9158.148146171021
2025-10-10 20:50:00+00:00,2025-10-10 21:05:00+00:00,LONG,115398.0,114429.9,-0.00838922684968546,-0.00978922684968546,9158.148146171021,9068.496956445128
2025-10-10 21:10:00+00:00,2025-10-10 21:25:00+00:00,LONG,112237.9,108583.0,-0.032563866572699496,-0.033963866572699494,9068.496956445128,8760.495735801494
2025-10-11 07:25:00+00:00,2025-10-11 07:40:00+00:00,LONG,110760.0,110648.1,-0.00101029252437701,-0.00241029252437701,8760.495735801494,8739.380378419655
2025-10-11 07:45:00+00:00,2025-10-11 08:00:00+00:00,LONG,110406.0,110334.4,-0.0006485154792312819,-0.002048515479231282,8739.380378419655,8721.477622435574
2025-10-11 19:15:00+00:00,2025-10-11 19:30:00+00:00,LONG,111250.0,111108.1,-0.0012755056179775126,-0.002675505617977513,8721.477622435574,8698.143260059682
2025-10-11 19:50:00+00:00,2025-10-11 20:05:00+00:00,LONG,110920.0,110832.5,-0.0007888568337540702,-0.0021888568337540704,8698.143260059682,8679.104269743928
2025-10-11 20:20:00+00:00,2025-10-11 20:35:00+00:00,LONG,110607.3,110400.0,-0.0018741981767930183,-0.0032741981767930185,8679.104269743928,8650.687162367736
2025-10-11 20:45:00+00:00,2025-10-11 21:00:00+00:00,LONG,110333.5,109947.0,-0.003503015856471503,-0.004903015856471503,8650.687162367736,8608.272706041273
2025-10-12 00:20:00+00:00,2025-10-12 00:35:00+00:00,LONG,110078.4,109992.5,-0.000780352912106208,-0.0021803529121062083,8608.272706041273,8589.503633578452
2025-10-12 00:40:00+00:00,2025-10-12 00:55:00+00:00,LONG,109745.1,109664.9,-0.0007307843357016175,-0.0021307843357016177,8589.503633578452,8571.201253784571
2025-10-12 04:45:00+00:00,2025-10-12 05:00:00+00:00,SHORT,111723.5,111310.0,0.0037148504177522135,0.0023148504177522133,8571.201253784571,8591.042302587532
2025-10-12 14:50:00+00:00,2025-10-12 15:05:00+00:00,SHORT,112956.7,112880.1,0.0006785961387347772,-0.0007214038612652228,8591.042302587532,8584.844691498152
2025-10-12 15:10:00+00:00,2025-10-12 15:25:00+00:00,SHORT,113224.3,113182.0,0.00037373433938259204,-0.001026265660617408,8584.844691498152,8576.034360189535
2025-10-12 20:25:00+00:00,2025-10-12 20:40:00+00:00,SHORT,115238.3,115109.5,0.0011189345796829286,-0.00028106542031707134,8576.034360189535,8573.623933487435
2025-10-13 11:00:00+00:00,2025-10-13 11:15:00+00:00,LONG,114466.2,114410.9,-0.00048311204530249174,-0.0018831120453024917,8573.623933487435,8557.478838986392
2025-10-13 11:25:00+00:00,2025-10-13 11:40:00+00:00,LONG,113636.6,114092.0,0.004007511664375629,0.002607511664375629,8557.478838986392,8579.792564876696
2025-10-13 23:40:00+00:00,2025-10-13 23:55:00+00:00,LONG,115200.2,115174.9,-0.00021961767427491896,-0.001619617674274919,8579.792564876696,8565.89658119701
2025-10-14 01:05:00+00:00,2025-10-14 01:20:00+00:00,LONG,114644.7,114608.1,-0.00031924720462428446,-0.0017192472046242844,8565.89658119701,8551.169687444686
2025-10-14 01:20:00+00:00,2025-10-14 01:35:00+00:00,LONG,114608.1,114524.9,-0.0007259521796453283,-0.0021259521796453285,8551.169687444686,8532.990309609146
2025-10-14 02:15:00+00:00,2025-10-14 02:30:00+00:00,LONG,113958.0,114094.7,0.0011995647519260633,-0.00020043524807393672,8532.990309609146,8531.279997579628
2025-10-14 02:50:00+00:00,2025-10-14 03:05:00+00:00,LONG,113679.4,113287.0,-0.003451812729483028,-0.004851812729483028,8531.279997579628,8489.887824688587
2025-10-14 03:25:00+00:00,2025-10-14 03:40:00+00:00,LONG,113333.1,113498.1,0.0014558853503521263,5.588535035212631e-05,8489.887824688587,8490.362285044119
2025-10-14 04:50:00+00:00,2025-10-14 05:05:00+00:00,LONG,112871.0,113323.4,0.004008115459241068,0.002608115459241068,8490.362285044119,8512.506130174299
2025-10-14 06:30:00+00:00,2025-10-14 06:45:00+00:00,LONG,112152.2,111818.7,-0.00297363761031888,-0.00437363761031888,8512.506130174299,8475.275513205299
2025-10-14 06:45:00+00:00,2025-10-14 07:00:00+00:00,LONG,111818.7,111765.1,-0.0004793473721299568,-0.0018793473721299568,8475.275513205299,8459.34752644148
2025-10-14 07:00:00+00:00,2025-10-14 07:15:00+00:00,LONG,111765.1,112101.4,0.0030089893893530117,0.0016089893893530118,8459.34752644148,8472.958526852373
2025-10-14 09:50:00+00:00,2025-10-14 10:05:00+00:00,LONG,111119.9,111165.2,0.0004076677534807782,-0.0009923322465192218,8472.958526852373,8464.550536882758
2025-10-14 10:10:00+00:00,2025-10-14 10:25:00+00:00,LONG,110945.0,110378.1,-0.005109739059894536,-0.006509739059894536,8464.550536882758,8409.448521628361
2025-10-14 10:30:00+00:00,2025-10-14 10:45:00+00:00,LONG,110177.8,110332.7,0.001405909357420354,5.90935742035407e-06,8409.448521628361,8409.498216065384
2025-10-15 02:25:00+00:00,2025-10-15 02:40:00+00:00,SHORT,113554.2,113038.7,0.004560385071661344,0.0031603850716613435,8409.498216065384,8436.075468687599
2025-10-15 03:40:00+00:00,2025-10-15 03:55:00+00:00,LONG,112009.1,112027.1,0.00016070122873945714,-0.0012392987712605428,8436.075468687599,8425.620650724994
2025-10-15 08:10:00+00:00,2025-10-15 08:25:00+00:00,SHORT,112909.9,113118.4,-0.0018432014597095092,-0.0032432014597095094,8425.620650724994,8398.294665531605
2025-10-15 08:30:00+00:00,2025-10-15 08:45:00+00:00,SHORT,113288.3,113132.0,0.0013815719690273287,-1.842803097267128e-05,8398.294665531605,8398.13990149739
2025-10-15 12:25:00+00:00,2025-10-15 12:40:00+00:00,LONG,111475.1,111612.8,0.0012352534332777942,-0.00016474656672220574,8398.13990149739,8396.756336781766
2025-10-15 13:45:00+00:00,2025-10-15 14:00:00+00:00,LONG,111049.8,111588.0,0.004846474284510238,0.003446474284510238,8396.756336781766,8425.695541569781
2025-10-16 09:30:00+00:00,2025-10-16 09:45:00+00:00,LONG,109658.7,111634.7,0.018019546100765282,0.016619546100765284,8425.695541569781,8565.726777053913
2025-10-16 14:05:00+00:00,2025-10-16 14:20:00+00:00,LONG,110419.1,110275.0,-0.00130502784391473,-0.0027050278439147302,8565.726777053913,8542.556247618617
2025-10-16 15:40:00+00:00,2025-10-16 15:55:00+00:00,LONG,109230.6,108557.9,-0.0061585306681462,-0.007558530668146201,8542.556247618617,8477.987074236627
2025-10-17 01:05:00+00:00,2025-10-17 01:20:00+00:00,SHORT,109036.7,108871.0,0.0015219847342267112,0.00012198473422671123,8477.987074236627,8479.021259236655
2025-10-17 06:15:00+00:00,2025-10-17 06:30:00+00:00,LONG,108012.9,107700.6,-0.0028913213143983985,-0.004291321314398399,8479.021259236655,8442.635054581657
2025-10-17 06:30:00+00:00,2025-10-17 06:45:00+00:00,LONG,107700.6,106679.9,-0.009477198827118949,-0.010877198827118949,8442.635054581657,8350.802834468168
2025-10-17 06:45:00+00:00,2025-10-17 07:00:00+00:00,LONG,106679.9,106744.9,0.0006092994087920633,-0.0007907005912079366,8350.802834468168,8344.199849729894
2025-10-17 07:00:00+00:00,2025-10-17 07:15:00+00:00,LONG,106744.9,106320.2,-0.003978644412988341,-0.005378644412988342,8344.199849729894,8299.319365827287
2025-10-17 07:30:00+00:00,2025-10-17 07:45:00+00:00,LONG,105994.8,105840.3,-0.0014576186756330989,-0.002857618675633099,8299.319365827287,8275.603075812456
2025-10-17 08:15:00+00:00,2025-10-17 08:30:00+00:00,LONG,104754.1,105443.3,0.006579217424425465,0.005179217424425465,8275.603075812456,8318.464223460333
2025-10-17 10:20:00+00:00,2025-10-17 10:35:00+00:00,LONG,103740.3,104390.7,0.006269501823302992,0.004869501823302992,8318.464223460333,8358.971000163552
2025-10-17 16:00:00+00:00,2025-10-17 16:15:00+00:00,SHORT,107319.9,106949.8,0.003460502029924317,0.002060502029924317,8358.971000163552,8376.194676877467
2025-10-17 21:10:00+00:00,2025-10-17 21:25:00+00:00,SHORT,107409.5,107431.1,-0.00020105909741230388,-0.0016010590974123039,8376.194676877467,8362.783894188356
2025-10-18 00:00:00+00:00,2025-10-18 00:15:00+00:00,LONG,106371.8,106474.4,0.000964541354005366,-0.000435458645994634,8362.783894188356,8359.142247637048
2025-10-18 07:05:00+00:00,2025-10-18 07:20:00+00:00,SHORT,107364.9,107075.3,0.002704638698187045,0.0013046386981870452,8359.142247637048,8370.047908096965
2025-10-18 16:35:00+00:00,2025-10-18 16:50:00+00:00,LONG,106516.0,106689.8,0.0016316797476436662,0.0002316797476436662,8370.047908096965,8371.987078684078
2025-10-18 20:05:00+00:00,2025-10-18 20:20:00+00:00,SHORT,107208.3,107167.9,0.00037697855421270354,-0.0010230214457872964,8371.987078684078,8363.422356358731
2025-10-19 03:40:00+00:00,2025-10-19 03:55:00+00:00,SHORT,107249.8,107274.9,-0.00023397831179516881,-0.0016339783117951688,8363.422356358731,8349.756705616059
2025-10-19 06:35:00+00:00,2025-10-19 06:50:00+00:00,LONG,106653.4,106725.1,0.0006722711137199244,-0.0007277288862800756,8349.756705616059,8343.680346467972
2025-10-19 08:15:00+00:00,2025-10-19 08:30:00+00:00,SHORT,107150.0,106612.8,0.005038794591268658,0.003638794591268658,8343.680346467972,8374.041285383973
2025-10-19 09:45:00+00:00,2025-10-19 10:00:00+00:00,SHORT,107921.9,107245.0,0.006311716163923675,0.004911716163923675,8374.041285383973,8415.172199322758
2025-10-19 14:15:00+00:00,2025-10-19 14:30:00+00:00,SHORT,108421.4,108347.3,0.0006839118279826639,-0.0007160881720173361,8415.172199322758,8409.146194045336
2025-10-19 16:40:00+00:00,2025-10-19 16:55:00+00:00,SHORT,108900.1,108627.0,0.0025141079105563957,0.0011141079105563957,8409.146194045336,8418.514890341146
2025-10-19 23:40:00+00:00,2025-10-19 23:55:00+00:00,LONG,108562.5,108649.8,0.0008041450777203085,-0.0005958549222796915,8418.514890341146,8413.498676805451
2025-10-20 00:00:00+00:00,2025-10-20 00:15:00+00:00,LONG,108358.7,107988.3,-0.003418276520482433,-0.004818276520482433,8413.498676805451,8372.96011367589
2025-10-20 00:15:00+00:00,2025-10-20 00:30:00+00:00,LONG,107988.3,107667.1,-0.00297439630033991,-0.00437439630033991,8372.96011367589,8336.333467931732
2025-10-20 00:40:00+00:00,2025-10-20 00:55:00+00:00,LONG,107852.6,108058.7,0.0019109414144860004,0.0005109414144860004,8336.333467931732,8340.592845945464
2025-10-20 03:45:00+00:00,2025-10-20 04:00:00+00:00,SHORT,109308.9,110271.7,-0.008731161304305624,-0.010131161304305624,8340.592845945464,8256.092954449654
2025-10-20 04:05:00+00:00,2025-10-20 04:20:00+00:00,SHORT,110213.0,109997.0,0.001963689918816014,0.000563689918816014,8256.092954449654,8260.746830816885
2025-10-20 05:20:00+00:00,2025-10-20 05:35:00+00:00,SHORT,110718.5,110731.5,-0.00011740110086111422,-0.0015174011008611142,8260.746830816885,8248.211964481869
2025-10-20 05:45:00+00:00,2025-10-20 06:00:00+00:00,SHORT,110849.9,111184.0,-0.003004928766729087,-0.004404928766729087,8248.211964481869,8211.879178325444
2025-10-21 00:10:00+00:00,2025-10-21 00:25:00+00:00,LONG,110182.0,110336.9,0.0014058557659144544,5.855765914454395e-06,8211.879178325444,8211.92726516763
2025-10-21 01:55:00+00:00,2025-10-21 02:10:00+00:00,LONG,109858.4,109639.1,-0.0019962060252105562,-0.0033962060252105564,8211.92726516763,8184.037868311077
2025-10-21 04:00:00+00:00,2025-10-21 04:15:00+00:00,LONG,108666.0,108224.8,-0.004060147608267561,-0.005460147608267562,8184.037868311077,8139.351813518447
2025-10-21 04:15:00+00:00,2025-10-21 04:30:00+00:00,LONG,108224.8,108017.9,-0.0019117614446966247,-0.003311761444696625,8139.351813518447,8112.396221997616
2025-10-21 04:30:00+00:00,2025-10-21 04:45:00+00:00,LONG,108017.9,107814.4,-0.0018839470124858426,-0.003283947012485843,8112.396221997616,8085.755542660286
2025-10-21 10:45:00+00:00,2025-10-21 11:00:00+00:00,SHORT,108586.7,108341.2,0.0022659893004692844,0.0008659893004692844,8085.755542660286,8092.75772044644
2025-10-21 12:20:00+00:00,2025-10-21 12:35:00+00:00,SHORT,109356.2,109001.6,0.0032531632563190804,0.0018531632563190804,8092.75772044644,8107.754921696263
2025-10-21 14:15:00+00:00,2025-10-21 14:30:00+00:00,SHORT,110180.6,110052.0,0.0011685385090685063,-0.00023146149093149367,8107.754921696263,8105.878288653981
2025-10-21 14:45:00+00:00,2025-10-21 15:00:00+00:00,SHORT,110808.1,112009.9,-0.010729408739763024,-0.012129408739763025,8105.878288653981,8007.5587776961265
2025-10-21 15:00:00+00:00,2025-10-21 15:15:00+00:00,SHORT,112009.9,112479.9,-0.004178524340793355,-0.005578524340793355,8007.5587776961265,7962.888416144416
2025-10-21 20:15:00+00:00,2025-10-21 20:30:00+00:00,LONG,110833.7,110720.1,-0.001024959015173077,-0.002424959015173077,7962.888416144416,7943.57873809287
2025-10-21 22:25:00+00:00,2025-10-21 22:40:00+00:00,LONG,109629.5,109170.0,-0.004191390091170755,-0.005591390091170755,7943.57873809287,7899.163090648262
2025-10-22 07:05:00+00:00,2025-10-22 07:20:00+00:00,LONG,107669.4,107887.0,0.0020210013244246205,0.0006210013244246206,7899.163090648262,7904.0684813894
2025-10-22 11:00:00+00:00,2025-10-22 11:15:00+00:00,LONG,107153.1,108086.0,0.008706234350662756,0.007306234350662756,7904.0684813894,7961.817458038118
2025-10-23 01:10:00+00:00,2025-10-23 01:25:00+00:00,SHORT,108320.9,108200.1,0.0011164499847966525,-0.0002835500152033475,7961.817458038118,7959.559884576845
2025-10-23 03:20:00+00:00,2025-10-23 03:35:00+00:00,SHORT,108648.3,108580.3,0.0006262646170622777,-0.0007737353829377223,7959.559884576845,7953.401291461537
2025-10-23 06:15:00+00:00,2025-10-23 06:30:00+00:00,SHORT,109856.3,109787.6,0.0006257537281078029,-0.000774246271892197,7953.401291461537,7947.243400162761
2025-10-23 12:00:00+00:00,2025-10-23 12:15:00+00:00,LONG,108719.4,109050.1,0.003041775432903515,0.0016417754329035152,7947.243400162761,7960.290989136452
2025-10-24 04:30:00+00:00,2025-10-24 04:45:00+00:00,SHORT,111292.3,111200.9,0.000821935793685169,-0.000578064206314831,7960.290989136452,7955.689429843782
2025-10-24 19:25:00+00:00,2025-10-24 19:40:00+00:00,SHORT,110940.0,110740.9,0.0017978903909938726,0.0003978903909938726,7955.689429843782,7958.854922221648
2025-10-25 04:15:00+00:00,2025-10-25 04:30:00+00:00,SHORT,111420.9,111275.9,0.0013030674207084036,-9.693257929159634e-05,7958.854922221648,7958.083449885829
2025-10-25 07:20:00+00:00,2025-10-25 07:35:00+00:00,SHORT,111686.1,111662.6,0.0002104554255408786,-0.0011895445744591214,7958.083449885829,7948.616954894925
2025-10-25 16:05:00+00:00,2025-10-25 16:20:00+00:00,LONG,111232.8,111258.8,0.0002337440035673488,-0.0011662559964326512,7948.616954894925,7939.346832707933
2025-10-26 00:30:00+00:00,2025-10-26 00:45:00+00:00,SHORT,111825.0,111775.0,0.0004473272198612932,-0.0009526727801387068,7939.346832707933,7931.783233088332
2025-10-26 08:00:00+00:00,2025-10-26 08:15:00+00:00,SHORT,111779.2,111749.9,0.00026219262836035817,-0.0011378073716396418,7931.783233088332,7922.758391655477
2025-10-26 08:40:00+00:00,2025-10-26 08:55:00+00:00,SHORT,111833.9,111773.4,0.0005412736840786359,-0.0008587263159213641,7922.758391655477,7915.954910529876
2025-10-26 09:20:00+00:00,2025-10-26 09:35:00+00:00,SHORT,112343.3,112348.1,-4.27243540389588e-05,-0.0014427243540389588,7915.954910529876,7904.5343695949805
2025-10-26 11:30:00+00:00,2025-10-26 11:45:00+00:00,SHORT,112780.0,113242.9,-0.004087673487697674,-0.005487673487697674,7904.5343695949805,7861.15686590236
2025-10-26 11:45:00+00:00,2025-10-26 12:00:00+00:00,SHORT,113242.9,113437.9,-0.0017190022029673901,-0.0031190022029673903,7861.15686590236,7836.637900319738
2025-10-26 12:05:00+00:00,2025-10-26 12:20:00+00:00,SHORT,113518.4,113554.3,-0.0003161483096634221,-0.001716148309663422,7836.637900319738,7823.18906743366
2025-10-26 21:25:00+00:00,2025-10-26 21:40:00+00:00,LONG,113064.0,113451.3,0.0034254935257906904,0.0020254935257906902,7823.18906743366,7839.034886240783
2025-10-26 22:00:00+00:00,2025-10-26 22:15:00+00:00,SHORT,114804.5,114381.1,0.0037016605016038095,0.0023016605016038093,7839.034886240783,7857.077683209137
2025-10-27 05:10:00+00:00,2025-10-27 05:25:00+00:00,SHORT,115480.0,115555.1,-0.0006499064082848838,-0.002049906408284884,7857.077683209137,7840.971409315935
2025-10-27 05:25:00+00:00,2025-10-27 05:40:00+00:00,SHORT,115555.1,115633.6,-0.0006788684257862387,-0.002078868425786239,7840.971409315935,7824.671061425615
2025-10-27 05:40:00+00:00,2025-10-27 05:55:00+00:00,SHORT,115633.6,115550.0,0.0007234963219386881,-0.0006765036780613119,7824.671061425615,7819.377642672941
2025-10-27 13:35:00+00:00,2025-10-27 13:50:00+00:00,LONG,114732.1,115360.7,0.005478850295601578,0.004078850295601578,7819.377642672941,7851.271713482177
2025-10-27 20:55:00+00:00,2025-10-27 21:10:00+00:00,LONG,114470.0,114408.1,-0.0005407530357298684,-0.0019407530357298684,7851.271713482177,7836.034334069896
2025-10-27 21:20:00+00:00,2025-10-27 21:35:00+00:00,LONG,114249.8,114369.9,0.0010512053412783384,-0.00034879465872166156,7836.034334069896,7833.301167148614
2025-10-28 13:05:00+00:00,2025-10-28 13:20:00+00:00,SHORT,114819.8,115137.1,-0.002755844988279188,-0.004155844988279188,7833.301167148614,7800.747181751438
2025-10-28 13:20:00+00:00,2025-10-28 13:35:00+00:00,SHORT,115137.1,115076.9,0.0005231284471516329,-0.0008768715528483671,7800.747181751438,7793.906928456799
2025-10-28 13:35:00+00:00,2025-10-28 13:50:00+00:00,SHORT,115076.9,115317.7,-0.002088144317828111,-0.0034881443178281114,7793.906928456799,7766.720656290621
2025-10-28 14:15:00+00:00,2025-10-28 14:30:00+00:00,SHORT,115992.2,115567.9,0.0036714347150030857,0.0022714347150030855,7766.720656290621,7784.362255211051
2025-10-28 19:15:00+00:00,2025-10-28 19:30:00+00:00,LONG,114103.0,113935.9,-0.001464466315521995,-0.0028644663155219952,7784.362255211051,7762.064211743178
2025-10-28 19:30:00+00:00,2025-10-28 19:45:00+00:00,LONG,113935.9,113680.0,-0.0022459997244064223,-0.0036459997244064225,7762.064211743178,7733.763727766338
2025-10-28 20:00:00+00:00,2025-10-28 20:15:00+00:00,LONG,113256.9,112619.8,-0.005625264332680735,-0.007025264332680735,7733.763727766338,7679.431993292282
2025-10-28 20:15:00+00:00,2025-10-28 20:30:00+00:00,LONG,112619.8,112616.3,-3.107801647672659e-05,-0.0014310780164767266,7679.431993292282,7668.442126987654
2025-10-28 21:05:00+00:00,2025-10-28 21:20:00+00:00,LONG,112424.6,112627.7,0.0018065441193475529,0.0004065441193475529,7668.442126987654,7671.559687038937
2025-10-29 00:55:00+00:00,2025-10-29 01:10:00+00:00,LONG,112430.0,112295.8,-0.001193631592991129,-0.002593631592991129,7671.559687038937,7651.662487467116
2025-10-29 01:20:00+00:00,2025-10-29 01:35:00+00:00,LONG,112172.6,112623.0,0.004015240798554975,0.002615240798554975,7651.662487467116,7671.673427381113
2025-10-29 05:35:00+00:00,2025-10-29 05:50:00+00:00,SHORT,113236.5,113051.2,0.0016390803458963266,0.00023908034589632658,7671.673427381113,7673.507573717734
2025-10-29 08:00:00+00:00,2025-10-29 08:15:00+00:00,SHORT,113574.2,113375.5,0.0017525832300628874,0.0003525832300628874,7673.507573717734,7676.2131238039865
2025-10-29 15:55:00+00:00,2025-10-29 16:10:00+00:00,LONG,111514.5,111050.8,-0.004158203641678848,-0.005558203641678848,7676.2131238039865,7633.547168064956
2025-10-29 18:35:00+00:00,2025-10-29 18:50:00+00:00,LONG,109388.4,111066.0,0.01533617824193434,0.01393617824193434,7633.547168064956,7739.929642017322
2025-10-29 23:10:00+00:00,2025-10-29 23:25:00+00:00,LONG,110590.1,110468.3,-0.001101364407844807,-0.0025013644078448072,7739.929642017322,7720.569257491557
2025-10-29 23:30:00+00:00,2025-10-29 23:45:00+00:00,LONG,110306.8,109949.1,-0.0032427737909176413,-0.0046427737909176415,7720.569257491557,7684.7244008919115
2025-10-29 23:50:00+00:00,2025-10-30 00:05:00+00:00,LONG,110042.9,109758.9,-0.0025808116652686897,-0.00398081166526869,7684.7244008919115,7654.132960352466
2025-10-30 04:10:00+00:00,2025-10-30 04:25:00+00:00,LONG,110002.0,108382.9,-0.014718823294121997,-0.016118823294121995,7654.132960352466,7530.7573436948305
2025-10-30 04:25:00+00:00,2025-10-30 04:40:00+00:00,LONG,108382.9,108958.0,0.0053061875997044705,0.0039061875997044703,7530.7573436948305,7560.173894647154
2025-10-30 07:10:00+00:00,2025-10-30 07:25:00+00:00,SHORT,111211.1,111271.0,-0.0005383253498215668,-0.0019383253498215668,7560.173894647154,7545.5198179381005
2025-10-30 12:05:00+00:00,2025-10-30 12:20:00+00:00,LONG,109436.4,109004.3,-0.003948412045717831,-0.005348412045717831,7545.5198179381005,7505.163268852638
2025-10-30 12:20:00+00:00,2025-10-30 12:35:00+00:00,LONG,109004.3,108850.2,-0.0014137056978487106,-0.002813705697848711,7505.163268852638,7484.045948199782
2025-10-30 12:40:00+00:00,2025-10-30 12:55:00+00:00,LONG,108500.0,108389.3,-0.0010202764976958711,-0.0024202764976958713,7484.045948199782,7465.932487683679
2025-10-30 13:35:00+00:00,2025-10-30 13:50:00+00:00,LONG,107849.8,108070.8,0.0020491461272993394,0.0006491461272993394,7465.932487683679,7470.7789688447365
2025-10-30 17:20:00+00:00,2025-10-30 17:35:00+00:00,LONG,106961.5,107006.4,0.00041977720955665987,-0.0009802227904433401,7470.7789688447365,7463.45594103711
2025-10-31 00:00:00+00:00,2025-10-31 00:15:00+00:00,SHORT,108424.7,108602.4,-0.0016362437662519325,-0.0030362437662519327,7463.45594103711,7440.795069461441
2025-10-31 00:45:00+00:00,2025-10-31 01:00:00+00:00,SHORT,108910.3,109488.4,-0.005280011398467677,-0.006680011398467677,7440.795069461441,7391.090473583777
2025-10-31 01:05:00+00:00,2025-10-31 01:20:00+00:00,SHORT,109923.8,109791.1,0.0012086589896631583,-0.00019134101033684166,7391.090473583777,7389.67625486507
2025-10-31 12:00:00+00:00,2025-10-31 12:15:00+00:00,SHORT,110580.3,110351.1,0.0020770069351370157,0.0006770069351370157,7389.67625486507,7394.679116938031
2025-10-31 16:55:00+00:00,2025-10-31 17:10:00+00:00,LONG,108829.8,108922.0,0.0008471944265264764,-0.0005528055734735236,7394.679116938031,7390.59129710814
2025-11-01 04:00:00+00:00,2025-11-01 04:15:00+00:00,SHORT,110359.6,110158.4,0.0018264608055309495,0.0004264608055309495,7390.59129710814,7393.743094626054
2025-11-01 13:40:00+00:00,2025-11-01 13:55:00+00:00,LONG,109782.0,109949.1,0.001522107449308585,0.00012210744930858512,7393.743094626054,7394.645925736181
2025-11-01 15:05:00+00:00,2025-11-01 15:20:00+00:00,SHORT,110330.7,110012.9,0.002888752137249373,0.001488752137249373,7394.645925736181,7405.654720662323
2025-11-01 21:55:00+00:00,2025-11-01 22:10:00+00:00,LONG,109865.6,109959.8,0.0008574112370023368,-0.0005425887629976632,7405.654720662323,7401.636495628251
2025-11-02 04:40:00+00:00,2025-11-02 04:55:00+00:00,SHORT,110431.8,110669.9,-0.002151443165666511,-0.0035514431656665114,7401.636495628251,7375.350004281105
2025-11-02 04:55:00+00:00,2025-11-02 05:10:00+00:00,SHORT,110669.9,110512.9,0.001420648630160004,2.0648630160004103e-05,7375.350004281105,7375.502295155643
2025-11-02 07:50:00+00:00,2025-11-02 08:05:00+00:00,SHORT,111014.1,110820.6,0.0017460652622345307,0.00034606526223453075,7375.502295155643,7378.054700291527
2025-11-02 13:15:00+00:00,2025-11-02 13:30:00+00:00,LONG,110441.5,110423.4,-0.00016388766903752128,-0.0015638876690375213,7378.054700291527,7366.516251524257
2025-11-02 16:00:00+00:00,2025-11-02 16:15:00+00:00,LONG,109862.8,109860.2,-2.3665881444867587e-05,-0.0014236658814448676,7366.516251524257,7356.028793671853
2025-11-02 22:30:00+00:00,2025-11-02 22:45:00+00:00,LONG,109547.0,109729.9,0.0016696030014513585,0.00026960300145135855,7356.028793671853,7358.0120011133895
2025-11-03 01:00:00+00:00,2025-11-03 01:15:00+00:00,LONG,109525.1,109716.5,0.0017475446267567474,0.0003475446267567474,7358.0120011133895,7360.569238647988
2025-11-03 02:30:00+00:00,2025-11-03 02:45:00+00:00,LONG,108937.1,108797.6,-0.00128055547650896,-0.00268055547650896,7360.569238647988,7340.838824465107
2025-11-03 02:45:00+00:00,2025-11-03 03:00:00+00:00,LONG,108797.6,109061.1,0.0024219284248916395,0.0010219284248916395,7340.838824465107,7348.340636322376
2025-11-03 03:10:00+00:00,2025-11-03 03:25:00+00:00,LONG,108233.1,108129.8,-0.000954421521697224,-0.0023544215216972243,7348.340636322376,7331.039544979456
2025-11-03 15:25:00+00:00,2025-11-03 15:40:00+00:00,LONG,105965.2,106093.7,0.0012126622702548495,-0.00018733772974515047,7331.039544979456,7329.666164674428
2025-11-04 05:15:00+00:00,2025-11-04 05:30:00+00:00,LONG,106168.0,105423.2,-0.007015296511189817,-0.008415296511189817,7329.666164674428,7267.984850570658
2025-11-04 05:30:00+00:00,2025-11-04 05:45:00+00:00,LONG,105423.2,104576.1,-0.008035233231394878,-0.009435233231394878,7267.984850570658,7199.409718383279
2025-11-04 05:45:00+00:00,2025-11-04 06:00:00+00:00,LONG,104576.1,104627.4,0.0004905518564948252,-0.0009094481435051747,7199.409718383279,7192.862228580562
2025-11-04 06:00:00+00:00,2025-11-04 06:15:00+00:00,LONG,104627.4,104905.2,0.0026551362262658973,0.0012551362262658973,7192.862228580562,7201.890250534193
2025-11-04 14:35:00+00:00,2025-11-04 14:50:00+00:00,LONG,103086.5,104559.0,0.014284120617151563,0.012884120617151563,7201.890250534193,7294.680273193563
2025-11-04 16:20:00+00:00,2025-11-04 16:35:00+00:00,LONG,102599.1,102791.3,0.0018733107795292359,0.0004733107795292359,7294.680273193563,7298.132924000084
2025-11-04 17:00:00+00:00,2025-11-04 17:15:00+00:00,LONG,101800.2,100927.8,-0.008569727760849188,-0.009969727760849189,7298.132924000084,7225.372525585313
2025-11-04 17:15:00+00:00,2025-11-04 17:30:00+00:00,LONG,100927.8,101601.9,0.00667903194164543,0.00527903194164543,7225.372525585313,7263.515497938165
2025-11-04 21:30:00+00:00,2025-11-04 21:45:00+00:00,LONG,99130.0,99549.0,0.004226772924442734,0.002826772924442734,7263.515497938165,7284.047806884007
2025-11-05 01:20:00+00:00,2025-11-05 01:35:00+00:00,LONG,99485.6,99002.7,-0.004853968815587417,-0.006253968815587417,7284.047806884007,7238.493599048506
2025-11-05 01:35:00+00:00,2025-11-05 01:50:00+00:00,LONG,99002.7,100632.6,0.016463187367617316,0.015063187367617316,7238.493599048506,7347.528384390273
2025-11-05 12:25:00+00:00,2025-11-05 12:40:00+00:00,SHORT,102518.0,102710.2,-0.0018712844488667502,-0.0032712844488667504,7347.528384390273,7323.49252904881
2025-11-05 13:50:00+00:00,2025-11-05 14:05:00+00:00,SHORT,103232.0,102748.9,0.004701753498091099,0.003301753498091099,7323.49252904881,7347.67289612484
2025-11-06 01:15:00+00:00,2025-11-06 01:30:00+00:00,LONG,102992.2,103084.8,0.000899097213187039,-0.000500902786812961,7347.67289612484,7343.9924262945815
2025-11-06 12:40:00+00:00,2025-11-06 12:55:00+00:00,LONG,102454.4,102561.3,0.001043391011025463,-0.00035660898897453704,7343.9924262945815,7341.373492580405
2025-11-06 16:35:00+00:00,2025-11-06 16:50:00+00:00,LONG,100960.0,101091.1,0.0012985340729001482,-0.00010146592709985177,7341.373492580405,7340.628593312794
2025-11-07 09:00:00+00:00,2025-11-07 09:15:00+00:00,LONG,101373.6,101400.1,0.000261409282101166,-0.001138590717898834,7340.628593312794,7332.270621732905
2025-11-07 09:20:00+00:00,2025-11-07 09:35:00+00:00,LONG,101074.0,100908.2,-0.001640382294160747,-0.0030403822941607473,7332.270621732905,7309.977715958594
2025-11-07 09:40:00+00:00,2025-11-07 09:55:00+00:00,LONG,100951.0,101008.9,0.0005735455815196744,-0.0008264544184803256,7309.977715958594,7303.936352576247
2025-11-07 11:10:00+00:00,2025-11-07 11:25:00+00:00,LONG,100108.1,99924.9,-0.0018300217464921609,-0.003230021746492161,7303.936352576247,7280.344479322432
2025-11-07 11:25:00+00:00,2025-11-07 11:40:00+00:00,LONG,99924.9,100163.5,0.002387793232717872,0.000987793232717872,7280.344479322432,7287.5359543309605
2025-11-07 12:30:00+00:00,2025-11-07 12:45:00+00:00,LONG,99816.0,99421.9,-0.003948264807245416,-0.0053482648072454165,7287.5359543309605,7248.560282254877
2025-11-07 12:45:00+00:00,2025-11-07 13:00:00+00:00,LONG,99421.9,99580.4,0.0015942161636419705,0.0001942161636419705,7248.560282254877,7249.968069824824
2025-11-07 17:25:00+00:00,2025-11-07 17:40:00+00:00,SHORT,102333.5,102127.2,0.0020200299234680585,0.0006200299234680586,7249.968069824824,7254.463266972303
2025-11-07 19:35:00+00:00,2025-11-07 19:50:00+00:00,SHORT,103189.0,103258.2,-0.0006701646939419881,-0.0020701646939419883,7254.463266972303,7239.445333243519
2025-11-07 20:00:00+00:00,2025-11-07 20:15:00+00:00,SHORT,103392.0,103257.1,0.0013064476922166612,-9.355230778333875e-05,7239.445333243519,7238.768066425523
2025-11-07 20:40:00+00:00,2025-11-07 20:55:00+00:00,SHORT,103838.0,103767.6,0.0006784391274348156,-0.0007215608725651844,7238.768066425523,7233.544854623216
2025-11-08 06:00:00+00:00,2025-11-08 06:15:00+00:00,LONG,102196.9,102334.5,0.0013464204882926989,-5.3579511707301094e-05,7233.544854623216,7233.157284821993
2025-11-08 11:40:00+00:00,2025-11-08 11:55:00+00:00,LONG,102027.8,101860.7,-0.0016377889163542436,-0.003037788916354244,7233.157284821993,7211.184479791914
2025-11-08 11:55:00+00:00,2025-11-08 12:10:00+00:00,LONG,101860.7,101758.6,-0.0010023492868200812,-0.0024023492868200814,7211.184479791914,7193.860695899758
2025-11-08 12:10:00+00:00,2025-11-08 12:25:00+00:00,LONG,101758.6,102007.2,0.002443036755615635,0.0010430367556156352,7193.860695899758,7201.36415702036
2025-11-08 14:15:00+00:00,2025-11-08 14:30:00+00:00,LONG,101506.7,101923.0,0.004101207112436889,0.0027012071124368885,7201.36415702036,7220.816533100551
2025-11-09 00:15:00+00:00,2025-11-09 00:30:00+00:00,LONG,101686.9,101927.9,0.002370020130419981,0.0009700201304199808,7220.816533100551,7227.820870495728
2025-11-09 13:30:00+00:00,2025-11-09 13:45:00+00:00,SHORT,102655.4,102900.0,-0.002377065111759058,-0.003777065111759058,7227.820870495728,7200.520920451735
2025-11-09 13:50:00+00:00,2025-11-09 14:05:00+00:00,SHORT,102870.4,102994.4,-0.001203948952564371,-0.002603948952564371,7200.520920451735,7181.771131543007
2025-11-09 14:05:00+00:00,2025-11-09 14:20:00+00:00,SHORT,102994.4,103270.5,-0.00267356118155726,-0.00407356118155726,7181.771131543007,7152.515747446725
2025-11-09 14:25:00+00:00,2025-11-09 14:40:00+00:00,SHORT,103870.5,103353.2,0.00500516674858642,0.00360516674858642,7152.515747446725,7178.3017593881605
2025-11-09 18:45:00+00:00,2025-11-09 19:00:00+00:00,SHORT,104310.3,104501.6,-0.001830593981336226,-0.003230593981336226,7178.3017593881605,7155.111580928066
2025-11-09 19:00:00+00:00,2025-11-09 19:15:00+00:00,SHORT,104501.6,104340.0,0.001548782825378625,0.00014878282537862512,7155.111580928066,7156.176138644975
2025-11-09 19:25:00+00:00,2025-11-09 19:40:00+00:00,SHORT,104737.4,104681.3,0.0005359123358230633,-0.0008640876641769367,7156.176138644975,7149.992575120895
2025-11-10 00:35:00+00:00,2025-11-10 00:50:00+00:00,SHORT,106015.7,106425.8,-0.0038533889338864258,-0.005253388933886426,7149.992575120895,7112.430883249385
2025-11-10 00:50:00+00:00,2025-11-10 01:05:00+00:00,SHORT,106425.8,106222.0,0.001918623260718233,0.000518623260718233,7112.430883249385,7116.119555345688
2025-11-10 13:05:00+00:00,2025-11-10 13:20:00+00:00,SHORT,106558.2,106092.9,0.004385778878699842,0.0029857788786998418,7116.119555345688,7137.366714812342
2025-11-10 14:45:00+00:00,2025-11-10 15:00:00+00:00,LONG,105230.0,105169.2,-0.0005777820013304069,-0.001977782001330407,7137.366714812342,7123.250559386892
2025-11-11 01:15:00+00:00,2025-11-11 01:30:00+00:00,SHORT,107362.1,106668.5,0.006502388240202217,0.005102388240202217,7123.250559386892,7159.596149273121
2025-11-11 05:10:00+00:00,2025-11-11 05:25:00+00:00,LONG,105375.2,105555.8,0.0017138757506509616,0.00031387575065096166,7159.596149273121,7161.843372888831
2025-11-11 06:05:00+00:00,2025-11-11 06:20:00+00:00,LONG,105000.0,105146.6,0.0013961904761905508,-3.8095238094491748e-06,7161.843372888831,7161.816089675983
2025-11-11 12:45:00+00:00,2025-11-11 13:00:00+00:00,LONG,104452.0,104633.5,0.0017376402558113568,0.00033764025581135685,7161.816089675983,7164.234207092574
2025-11-11 13:25:00+00:00,2025-11-11 13:40:00+00:00,LONG,104348.0,104364.7,0.00016004139993097688,-0.001239958600069023,7164.234207092574,7155.350853274582
2025-11-11 14:45:00+00:00,2025-11-11 15:00:00+00:00,LONG,103927.9,104242.9,0.003030947416430063,0.0016309474164300632,7155.350853274582,7167.02085426238
2025-11-12 08:30:00+00:00,2025-11-12 08:45:00+00:00,SHORT,103951.9,104136.1,-0.0017688390481304106,-0.003168839048130411,7167.02085426238,7144.3097187206295
2025-11-12 08:45:00+00:00,2025-11-12 09:00:00+00:00,SHORT,104136.1,104255.7,-0.0011471794827524473,-0.0025471794827524475,7144.3097187206295,7126.111879586676
2025-11-12 09:05:00+00:00,2025-11-12 09:20:00+00:00,SHORT,104474.9,104953.0,-0.0045553724047907584,-0.005955372404790759,7126.111879586676,7083.673229545534
2025-11-12 09:20:00+00:00,2025-11-12 09:35:00+00:00,SHORT,104953.0,104573.1,0.0036328654309760733,0.002232865430976073,7083.673229545534,7099.490118624117
2025-11-12 14:45:00+00:00,2025-11-12 15:00:00+00:00,LONG,103920.9,104223.0,0.002907018703648623,0.0015070187036486228,7099.490118624117,7110.189183019252
2025-11-12 15:35:00+00:00,2025-11-12 15:50:00+00:00,LONG,102900.8,102104.2,-0.007741436412544989,-0.009141436412544989,7110.189183019252,7045.191840721516
2025-11-12 15:50:00+00:00,2025-11-12 16:05:00+00:00,LONG,102104.2,101922.9,-0.0017756370452929326,-0.003175637045292933,7045.191840721516,7022.818868520926
2025-11-12 16:10:00+00:00,2025-11-12 16:25:00+00:00,LONG,101540.6,101807.2,0.002625550764915552,0.0012255507649155519,7022.818868520926,7031.425689557105
2025-11-13 05:50:00+00:00,2025-11-13 06:05:00+00:00,SHORT,103082.8,103039.0,0.00042508176515698715,-0.0009749182348430128,7031.425689557105,7024.570624435412
2025-11-13 06:20:00+00:00,2025-11-13 06:35:00+00:00,SHORT,103525.8,103383.0,0.0013812715823684485,-1.8728417631551494e-05,7024.570624435412,7024.4390653430755
2025-11-13 07:00:00+00:00,2025-11-13 07:15:00+00:00,SHORT,103609.7,103743.0,-0.0012849059695594356,-0.002684905969559436,7024.4390653430755,7005.57910696373
2025-11-13 07:25:00+00:00,2025-11-13 07:40:00+00:00,SHORT,103912.2,103543.1,0.0035646991446072196,0.0021646991446072194,7005.57910696373,7020.744078064052
2025-11-13 13:25:00+00:00,2025-11-13 13:40:00+00:00,LONG,102551.0,102548.5,-2.4378114304113296e-05,-0.0014243781143041133,7020.744078064052,7010.743883853127
2025-11-13 14:40:00+00:00,2025-11-13 14:55:00+00:00,LONG,101817.6,102876.5,0.010399970142686454,0.008999970142686454,7010.743883853127,7073.840369485826
2025-11-13 17:40:00+00:00,2025-11-13 17:55:00+00:00,LONG,100034.9,99652.9,-0.003818667285117483,-0.005218667285117483,7073.840369485826,7036.924350169447
2025-11-13 18:05:00+00:00,2025-11-13 18:20:00+00:00,LONG,99424.3,99159.1,-0.0026673559683095815,-0.004067355968309582,7036.924350169447,7008.302673915243
2025-11-13 18:25:00+00:00,2025-11-13 18:40:00+00:00,LONG,99091.4,98673.1,-0.004221355233652857,-0.005621355233652857,7008.302673915243,6968.906515000206
2025-11-13 22:35:00+00:00,2025-11-13 22:50:00+00:00,SHORT,99749.7,99891.6,-0.0014205398652139545,-0.0028205398652139547,6968.906515000206,6949.250436357699
2025-11-13 23:15:00+00:00,2025-11-13 23:30:00+00:00,SHORT,100368.7,100286.9,0.0008156598718278563,-0.0005843401281721437,6949.250436357699,6945.189710467018
2025-11-14 04:30:00+00:00,2025-11-14 04:45:00+00:00,LONG,97724.3,97253.7,-0.0048155883439431335,-0.006215588343943134,6945.189710467018,6902.021270256166
2025-11-14 06:45:00+00:00,2025-11-14 07:00:00+00:00,LONG,96587.0,97177.9,0.006117800532162709,0.004717800532162709,6902.021270256166,6934.583629877978
2025-11-14 11:50:00+00:00,2025-11-14 12:05:00+00:00,LONG,95865.1,95960.4,0.0009941052583264387,-0.0004058947416735613,6934.583629877978,6931.768918846915
2025-11-14 12:30:00+00:00,2025-11-14 12:45:00+00:00,LONG,95227.5,95362.5,0.0014176577144207059,1.7657714420705886e-05,6931.768918846915,6931.891318042914
2025-11-14 18:55:00+00:00,2025-11-14 19:10:00+00:00,LONG,95083.7,95401.1,0.0033381115795874106,0.0019381115795874106,6931.891318042914,6945.326096874854
2025-11-14 20:40:00+00:00,2025-11-14 20:55:00+00:00,LONG,94384.0,94373.0,-0.00011654517714865253,-0.0015165451771486525,6945.326096874854,6934.793196078914
2025-11-15 03:25:00+00:00,2025-11-15 03:40:00+00:00,SHORT,96651.2,96309.2,0.0035510626191475048,0.0021510626191475046,6934.793196078914,6949.7103704945175
2025-11-15 20:15:00+00:00,2025-11-15 20:30:00+00:00,LONG,95698.0,95664.3,-0.00035214947020834053,-0.0017521494702083405,6949.7103704945175,6937.533439150754
2025-11-15 20:40:00+00:00,2025-11-15 20:55:00+00:00,LONG,95457.5,95287.5,-0.00178089725794206,-0.0031808972579420603,6937.533439150754,6915.465858057279
2025-11-16 09:55:00+00:00,2025-11-16 10:10:00+00:00,SHORT,96621.7,96508.4,0.0011739910722796676,-0.0002260089277203324,6915.465858057279,6913.902901034013
2025-11-16 11:25:00+00:00,2025-11-16 11:40:00+00:00,LONG,95618.0,95593.7,-0.00025413625049675037,-0.0016541362504967504,6913.902901034013,6902.466363612998
2025-11-16 15:50:00+00:00,2025-11-16 16:05:00+00:00,LONG,94706.0,94608.4,-0.0010305577260153465,-0.0024305577260153467,6902.466363612998,6885.689520664358
2025-11-16 16:05:00+00:00,2025-11-16 16:20:00+00:00,LONG,94608.4,94225.7,-0.004045095361511208,-0.005445095361511209,6885.689520664358,6848.196284594582
2025-11-16 16:20:00+00:00,2025-11-16 16:35:00+00:00,LONG,94225.7,94134.0,-0.0009731952110729747,-0.002373195211072975,6848.196284594582,6831.944177967494
2025-11-16 16:35:00+00:00,2025-11-16 16:50:00+00:00,LONG,94134.0,94340.4,0.002192619032443055,0.000792619032443055,6831.944177967494,6837.359306951539
2025-11-16 22:00:00+00:00,2025-11-16 22:15:00+00:00,LONG,93200.8,93528.4,0.003514991287628444,0.0021149912876284437,6837.359306951539,6851.820262316126
2025-11-17 13:10:00+00:00,2025-11-17 13:25:00+00:00,LONG,94936.4,94582.7,-0.0037256521207882365,-0.005125652120788237,6851.820262316126,6816.700215257326
2025-11-17 13:25:00+00:00,2025-11-17 13:40:00+00:00,LONG,94582.7,93865.7,-0.007580667500504901,-0.008980667500504901,6816.700215257326,6755.48169717348
2025-11-17 13:40:00+00:00,2025-11-17 13:55:00+00:00,LONG,93865.7,93963.9,0.001046175546552064,-0.0003538244534479361,6755.48169717348,6753.0914425542005
2025-11-17 13:55:00+00:00,2025-11-17 14:10:00+00:00,LONG,93963.9,94087.5,0.001315398786129629,-8.460121387037097e-05,6753.0914425542005,6752.520122820783
2025-11-17 19:35:00+00:00,2025-11-17 19:50:00+00:00,LONG,91899.2,91773.9,-0.0013634503891220007,-0.002763450389122001,6752.520122820783,6733.85986845982
2025-11-17 20:00:00+00:00,2025-11-17 20:15:00+00:00,LONG,91593.1,91655.1,0.0006769068849072912,-0.0007230931150927088,6733.85986845982,6728.990660750938
2025-11-18 03:20:00+00:00,2025-11-18 03:35:00+00:00,LONG,90204.7,90670.6,0.005164919344557539,0.003764919344557539,6728.990660750938,6754.324767858946
2025-11-18 08:35:00+00:00,2025-11-18 08:50:00+00:00,SHORT,91260.8,91320.5,-0.0006537414928740048,-0.002053741492874005,6754.324767858946,6740.453130826848
2025-11-19 00:15:00+00:00,2025-11-19 00:30:00+00:00,LONG,92009.0,92127.9,0.0012922648871305231,-0.00010773511286947686,6740.453130826848,6739.726947348007
2025-11-19 04:30:00+00:00,2025-11-19 04:45:00+00:00,LONG,91461.0,91413.7,-0.0005171603196991725,-0.0019171603196991725,6739.726947348007,6726.805810278945
2025-11-19 05:05:00+00:00,2025-11-19 05:20:00+00:00,LONG,91012.8,91023.5,0.0001175658808429958,-0.0012824341191570042,6726.805810278945,6718.179124994899
2025-11-19 05:30:00+00:00,2025-11-19 05:45:00+00:00,LONG,90658.4,90092.3,-0.0062443193349981385,-0.007644319334998139,6718.179124994899,6666.8232184137205
2025-11-19 05:45:00+00:00,2025-11-19 06:00:00+00:00,LONG,90092.3,90534.7,0.004910519544955472,0.0035105195449554715,6666.8232184137205,6690.2272316247245
2025-11-19 07:45:00+00:00,2025-11-19 08:00:00+00:00,SHORT,91998.2,91820.6,0.0019342064852547747,0.0005342064852547747,6690.2272316247245,6693.801194399686
2025-11-19 15:50:00+00:00,2025-11-19 16:05:00+00:00,LONG,90191.9,90068.2,-0.0013715200588966248,-0.002771520058896625,6693.801194399686,6675.2491901191415
2025-11-19 16:15:00+00:00,2025-11-19 16:30:00+00:00,LONG,89742.3,89612.1,-0.001450820850368184,-0.0028508208503681843,6675.2491901191415,6656.219250546546
2025-11-19 17:35:00+00:00,2025-11-19 17:50:00+00:00,LONG,89070.6,89195.3,0.0014000130233768893,1.3023376889279362e-08,6656.219250546546,6656.2193372329975
2025-11-19 21:20:00+00:00,2025-11-19 21:35:00+00:00,SHORT,90470.0,90380.7,0.0009880428011732612,-0.00041195719882673883,6656.2193372329975,6653.477259760055
2025-11-19 23:05:00+00:00,2025-11-19 23:20:00+00:00,SHORT,91358.8,91460.7,-0.001114139734333941,-0.002514139734333941,6653.477259760055,6636.749488209805
2025-11-19 23:25:00+00:00,2025-11-19 23:40:00+00:00,SHORT,91402.3,91292.6,0.0012016308003057752,-0.0001983691996942248,6636.749488209805,6635.432961525258
2025-11-20 06:40:00+00:00,2025-11-20 06:55:00+00:00,LONG,91857.0,91999.0,0.0015458810977933002,0.0001458810977933002,6635.432961525258,6636.400945770019
2025-11-20 09:45:00+00:00,2025-11-20 10:00:00+00:00,LONG,91494.0,91829.7,0.003669093055282291,0.0022690930552822907,6636.400945770019,6651.459557068134
2025-11-20 14:05:00+00:00,2025-11-20 14:20:00+00:00,LONG,90630.3,91328.1,0.007699411786124433,0.0062994117861244325,6651.459557068134,6693.359839796859
2025-11-20 16:00:00+00:00,2025-11-20 16:15:00+00:00,LONG,89381.0,88729.1,-0.007293496380662456,-0.008693496380662457,6693.359839796859,6635.171140255114
2025-11-20 16:20:00+00:00,2025-11-20 16:35:00+00:00,LONG,88661.4,88504.4,-0.0017707818735097636,-0.0031707818735097638,6635.171140255114,6614.1324598759575
2025-11-20 16:55:00+00:00,2025-11-20 17:10:00+00:00,LONG,87881.5,87050.5,-0.009455915067448806,-0.010855915067448806,6614.1324598759575,6542.3299996466885
2025-11-20 17:10:00+00:00,2025-11-20 17:25:00+00:00,LONG,87050.5,87111.9,0.0007053377062737898,-0.0006946622937262102,6542.3299996466885,6537.785289682821
2025-11-21 02:40:00+00:00,2025-11-21 02:55:00+00:00,LONG,85898.5,85446.5,-0.005262024365966789,-0.006662024365966789,6537.785289682821,6494.230404783495
2025-11-21 02:55:00+00:00,2025-11-21 03:10:00+00:00,LONG,85446.5,85787.0,0.00398494964685514,0.00258494964685514,6494.230404783495,6511.017663374935
2025-11-21 07:25:00+00:00,2025-11-21 07:40:00+00:00,LONG,85225.7,84379.7,-0.00992658317854822,-0.01132658317854822,6511.017663374935,6437.270080233722
2025-11-21 09:30:00+00:00,2025-11-21 09:45:00+00:00,LONG,82889.4,82549.0,-0.004106677090194855,-0.005506677090194855,6437.270080233722,6401.822112559503
2025-11-21 09:45:00+00:00,2025-11-21 10:00:00+00:00,LONG,82549.0,81946.8,-0.0072950611152163836,-0.008695061115216384,6401.822112559503,6346.157878042054
2025-11-21 10:00:00+00:00,2025-11-21 10:15:00+00:00,LONG,81946.8,82070.0,0.0015034144103247549,0.00010341441032475488,6346.157878042054,6346.81416221684
2025-11-21 10:20:00+00:00,2025-11-21 10:35:00+00:00,LONG,82200.8,82746.9,0.006643487654621305,0.005243487654621305,6346.81416221684,6380.093603922599
2025-11-21 12:20:00+00:00,2025-11-21 12:35:00+00:00,LONG,81102.3,82986.5,0.02323238675105377,0.02183238675105377,6380.093603922599,6519.3862749913615
2025-11-22 08:35:00+00:00,2025-11-22 08:50:00+00:00,LONG,83940.1,84132.0,0.002286154055094025,0.0008861540550940252,6519.3862749913615,6525.163455575669
2025-11-22 22:50:00+00:00,2025-11-22 23:05:00+00:00,SHORT,85173.7,84911.0,0.0030938276548384547,0.0016938276548384547,6525.163455575669,6536.215957889064
2025-11-23 01:35:00+00:00,2025-11-23 01:50:00+00:00,SHORT,85708.8,85859.5,-0.0017551930770619562,-0.0031551930770619564,6536.215957889064,6515.592934548551
2025-11-23 01:50:00+00:00,2025-11-23 02:05:00+00:00,SHORT,85859.5,85724.5,0.0015748123348633403,0.00017481233486334028,6515.592934548551,6516.7319405624585
2025-11-23 07:00:00+00:00,2025-11-23 07:15:00+00:00,LONG,85735.5,85693.3,-0.0004922115109843306,-0.0018922115109843306,6516.7319405624585,6504.400905370528
2025-11-23 07:25:00+00:00,2025-11-23 07:40:00+00:00,LONG,85526.9,85697.2,0.0019911863986652456,0.0005911863986652456,6504.400905370528,6508.246218717248
2025-11-23 12:15:00+00:00,2025-11-23 12:30:00+00:00,SHORT,86789.1,86718.5,0.0008141284731633114,-0.0005858715268366886,6508.246218717248,6504.433222568059
2025-11-23 16:05:00+00:00,2025-11-23 16:20:00+00:00,SHORT,87269.8,86983.2,0.0032948891280155657,0.0018948891280155657,6504.433222568059,6516.758402365406
2025-11-24 00:05:00+00:00,2025-11-24 00:20:00+00:00,LONG,86378.0,86279.1,-0.001144967468568292,-0.002544967468568292,6516.758402365406,6500.1734642308675
2025-11-24 00:20:00+00:00,2025-11-24 00:35:00+00:00,LONG,86279.1,86876.0,0.006918245554253577,0.005518245554253577,6500.1734642308675,6536.043017551736
2025-11-24 02:15:00+00:00,2025-11-24 02:30:00+00:00,SHORT,88015.1,87340.8,0.007720332307466826,0.006320332307466826,6536.043017551736,6577.352981398561
2025-11-24 09:20:00+00:00,2025-11-24 09:35:00+00:00,LONG,86045.4,86115.3,0.0008123618461883808,-0.0005876381538116192,6577.352981398561,6573.487877835604
2025-11-24 17:40:00+00:00,2025-11-24 17:55:00+00:00,SHORT,87926.1,88365.3,-0.004970276794171391,-0.006370276794171391,6573.487877835604,6531.612940550662
2025-11-24 17:55:00+00:00,2025-11-24 18:10:00+00:00,SHORT,88365.3,88490.4,-0.0014137126739171002,-0.0028137126739171004,6531.612940550662,6513.234858438714
2025-11-24 18:45:00+00:00,2025-11-24 19:00:00+00:00,SHORT,88655.5,88799.9,-0.0016261279573512866,-0.0030261279573512868,6513.234858438714,6493.524976340797
2025-11-24 20:50:00+00:00,2025-11-24 21:05:00+00:00,SHORT,89222.2,89079.0,0.0016075618271420566,0.00020756182714205666,6493.524976340797,6494.872784249479
2025-11-25 00:15:00+00:00,2025-11-25 00:30:00+00:00,LONG,88009.9,88106.5,0.0010976037923007276,-0.0003023962076992724,6494.872784249479,6492.9087593500335
2025-11-25 07:50:00+00:00,2025-11-25 08:05:00+00:00,LONG,87412.6,87461.8,0.0005628479189498936,-0.0008371520810501064,6492.9087593500335,6487.473207270075
2025-11-25 14:45:00+00:00,2025-11-25 15:00:00+00:00,LONG,86197.0,86255.4,0.0006775177790410147,-0.0007224822209589853,6487.473207270075,6482.786123218875
2025-11-25 17:35:00+00:00,2025-11-25 17:50:00+00:00,SHORT,88016.0,87791.1,0.0025617630944365644,0.0011617630944365644,6482.786123218875,6490.3175848859555
2025-11-25 19:15:00+00:00,2025-11-25 19:30:00+00:00,LONG,86475.1,86403.4,-0.0008291404115174927,-0.002229140411517493,6490.3175848859555,6475.849755673904
2025-11-26 03:50:00+00:00,2025-11-26 04:05:00+00:00,LONG,87103.7,87005.0,-0.0011331321172349806,-0.002533132117234981,6475.849755673904,6459.445572671419
2025-11-26 04:05:00+00:00,2025-11-26 04:20:00+00:00,LONG,87005.0,87126.9,0.001401068904085978,1.068904085978076e-06,6459.445572671419,6459.452477199184
2025-11-26 09:30:00+00:00,2025-11-26 09:45:00+00:00,LONG,86974.0,86860.9,-0.001300388621887083,-0.0027003886218870832,6459.452477199184,6442.009445226135
2025-11-26 12:15:00+00:00,2025-11-26 12:30:00+00:00,LONG,86433.9,86472.4,0.00044542708358652483,-0.0009545729164134752,6442.009445226135,6435.860077482443
2025-11-26 17:25:00+00:00,2025-11-26 17:40:00+00:00,SHORT,88667.1,89502.8,-0.009337138056016103,-0.010737138056016103,6435.860077482443,6366.757359321311
2025-11-26 17:40:00+00:00,2025-11-26 17:55:00+00:00,SHORT,89502.8,89823.0,-0.0035647885285505776,-0.004964788528550578,6366.757359321311,6335.147755419688
2025-11-26 18:05:00+00:00,2025-11-26 18:20:00+00:00,SHORT,89771.4,90208.1,-0.004841028688111315,-0.006241028688111315,6335.147755419688,6295.6099165346905
2025-11-27 01:55:00+00:00,2025-11-27 02:10:00+00:00,SHORT,91141.9,91023.0,0.0013062632521450013,-9.373674785499871e-05,6295.6099165346905,6295.019786535351
2025-11-27 02:25:00+00:00,2025-11-27 02:40:00+00:00,SHORT,91464.0,91797.5,-0.0036329965413001153,-0.0050329965413001155,6295.019786535351,6263.336973722303
2025-11-27 02:40:00+00:00,2025-11-27 02:55:00+00:00,SHORT,91797.5,91379.0,0.004579826874883786,0.0031798268748837854,6263.336973722303,6283.253300957798
2025-11-27 13:15:00+00:00,2025-11-27 13:30:00+00:00,LONG,90583.1,90565.0,-0.00019981652206657596,-0.001599816522066576,6283.253300957798,6273.201248514597
2025-11-27 16:35:00+00:00,2025-11-27 16:50:00+00:00,SHORT,91543.8,91442.2,0.0011110843789847724,-0.00028891562101522757,6273.201248514597,6271.388822680129
2025-11-28 05:50:00+00:00,2025-11-28 06:05:00+00:00,SHORT,91683.9,91447.1,0.0025894752266608645,0.0011894752266608645,6271.388822680129,6278.848484321465
2025-11-28 07:45:00+00:00,2025-11-28 08:00:00+00:00,LONG,90950.1,91009.9,0.0006575034002160862,-0.0007424965997839138,6278.848484321465,6274.186460671298
2025-11-28 13:45:00+00:00,2025-11-28 14:00:00+00:00,SHORT,92320.7,92460.0,-0.0015065974475448884,-0.0029065974475448886,6274.186460671298,6255.94992631929
2025-11-28 14:00:00+00:00,2025-11-28 14:15:00+00:00,SHORT,92460.0,92363.8,0.0010415335878342091,-0.00035846641216579086,6255.94992631929,6253.707378394514
2025-11-28 14:25:00+00:00,2025-11-28 14:40:00+00:00,SHORT,92958.0,92002.7,0.010383390922223068,0.008983390922223068,6253.707378394514,6309.8868764878225
2025-11-28 16:25:00+00:00,2025-11-28 16:40:00+00:00,LONG,91184.9,91572.7,0.0042528971353810174,0.0028528971353810172,6309.8868764878225,6327.888334682332
2025-11-29 12:05:00+00:00,2025-11-29 12:20:00+00:00,SHORT,90792.1,90573.6,0.0024124027310385987,0.0010124027310385987,6327.888334682332,6334.294706114071
2025-11-29 15:15:00+00:00,2025-11-29 15:30:00+00:00,SHORT,90926.1,90934.6,-9.347377125978884e-05,-0.0014934737712597888,6334.294706114071,6324.8346031110605
2025-11-29 17:30:00+00:00,2025-11-29 17:45:00+00:00,LONG,90474.9,90528.1,0.0005880083868565755,-0.0008119916131434245,6324.8346031110605,6319.698890458815
2025-11-30 03:05:00+00:00,2025-11-30 03:20:00+00:00,LONG,90631.6,90716.6,0.0009378627322038646,-0.00046213726779613536,6319.698890458815,6316.778322080285
2025-11-30 08:20:00+00:00,2025-11-30 08:35:00+00:00,SHORT,91310.9,90976.4,0.003676777713780721,0.002276777713780721,6316.778322080285,6331.16022218689
2025-11-30 13:15:00+00:00,2025-11-30 13:30:00+00:00,SHORT,91717.8,91785.1,-0.000733234479234679,-0.002133234479234679,6331.16022218689,6317.654372907362
2025-11-30 21:15:00+00:00,2025-11-30 21:30:00+00:00,LONG,91064.5,91122.0,0.0006314205865074474,-0.0007685794134925526,6317.654372907362,6312.7987538147845
2025-11-30 23:25:00+00:00,2025-11-30 23:40:00+00:00,LONG,90660.9,90660.1,-8.824090649728333e-06,-0.0014088240906497283,6312.7987538147845,6303.905130850987
2025-11-30 23:50:00+00:00,2025-12-01 00:05:00+00:00,LONG,90399.2,89144.7,-0.01387733519765666,-0.01527733519765666,6303.905130850987,6207.5982591127495
2025-12-01 00:05:00+00:00,2025-12-01 00:20:00+00:00,LONG,89144.7,88538.4,-0.006801301703859064,-0.008201301703859064,6207.5982591127495,6156.687872933416
2025-12-01 00:20:00+00:00,2025-12-01 00:35:00+00:00,LONG,88538.4,87873.3,-0.007511994795478483,-0.008911994795478483,6156.687872933416,6101.819502652448
2025-12-01 01:50:00+00:00,2025-12-01 02:05:00+00:00,LONG,87185.6,87286.0,0.0011515663137031673,-0.0002484336862968327,6101.819502652448,6100.303605140287
2025-12-01 02:35:00+00:00,2025-12-01 02:50:00+00:00,LONG,86686.1,86773.0,0.0010024675236282032,-0.00039753247637179675,6100.303605140287,6097.878536341516
2025-12-01 11:55:00+00:00,2025-12-01 12:10:00+00:00,LONG,86145.8,85876.2,-0.003129577994516297,-0.004529577994516297,6097.878536341516,6070.257719910071
2025-12-01 12:25:00+00:00,2025-12-01 12:40:00+00:00,LONG,85837.0,85482.0,-0.004135745657467105,-0.005535745657467105,6070.257719910071,6036.654317097373
2025-12-01 12:40:00+00:00,2025-12-01 12:55:00+00:00,LONG,85482.0,85432.0,-0.0005849184623663017,-0.001984918462366302,6036.654317097373,6024.672050492443
2025-12-01 15:30:00+00:00,2025-12-01 15:45:00+00:00,LONG,84423.1,84310.1,-0.0013384962172675596,-0.00273849621726756,6024.672050492443,6008.173508871892
2025-12-01 21:30:00+00:00,2025-12-01 21:45:00+00:00,SHORT,86440.2,86334.2,0.0012277869025252297,-0.00017221309747477028,6008.173508871892,6007.138822701764
2025-12-02 14:05:00+00:00,2025-12-02 14:20:00+00:00,SHORT,88095.5,88552.0,-0.005155163068027879,-0.0065551630680278795,6007.138822701764,5967.761048146674
2025-12-02 14:20:00+00:00,2025-12-02 14:35:00+00:00,SHORT,88552.0,88622.8,-0.0007988914816503545,-0.0021988914816503547,5967.761048146674,5954.638589213379
2025-12-02 14:35:00+00:00,2025-12-02 14:50:00+00:00,SHORT,88622.8,89017.6,-0.00443507800704579,-0.00583507800704579,5954.638589213379,5919.892808541555
2025-12-02 15:00:00+00:00,2025-12-02 15:15:00+00:00,SHORT,90003.5,90596.0,-0.006540023842112275,-0.007940023842112275,5919.892808541555,5872.888718498986
2025-12-02 17:20:00+00:00,2025-12-02 17:35:00+00:00,SHORT,91683.0,91689.7,-7.307254795241303e-05,-0.001473072547952413,5872.888718498986,5864.237527350586
2025-12-02 20:35:00+00:00,2025-12-02 20:50:00+00:00,LONG,90739.2,90947.0,0.00229007970094508,0.0008900797009450802,5864.237527350586,5869.4571661352
2025-12-03 02:10:00+00:00,2025-12-03 02:25:00+00:00,SHORT,92879.1,92803.5,0.0008146244484315002,-0.0005853755515684998,5869.4571661352,5866.021329409166
2025-12-03 05:05:00+00:00,2025-12-03 05:20:00+00:00,SHORT,93505.0,93263.0,0.0025948125194343863,0.0011948125194343863,5866.021329409166,5873.030125132813
2025-12-03 14:00:00+00:00,2025-12-03 14:15:00+00:00,LONG,91753.1,92351.8,0.006525120132180762,0.0051251201321807615,5873.030125132813,5903.130110064035
2025-12-03 21:55:00+00:00,2025-12-03 22:10:00+00:00,SHORT,93699.5,93688.2,0.00012061284131825722,-0.0012793871586817428,5903.130110064035,5895.577721205192
2025-12-04 00:30:00+00:00,2025-12-04 00:45:00+00:00,LONG,92675.1,93006.2,0.003572696441654699,0.002172696441654699,5895.577721205192,5908.387021941552
2025-12-04 11:30:00+00:00,2025-12-04 11:45:00+00:00,LONG,92770.3,92833.4,0.0006801745817357485,-0.0007198254182642515,5908.387021941552,5904.134014782217
2025-12-04 14:50:00+00:00,2025-12-04 15:05:00+00:00,LONG,91978.2,92388.1,0.004456490777162481,0.0030564907771624805,5904.134014782217,5922.17994594553
2025-12-04 19:10:00+00:00,2025-12-04 19:25:00+00:00,LONG,91293.0,91337.5,0.00048744153440027915,-0.0009125584655997208,5922.17994594553,5916.775610501052
2025-12-05 04:40:00+00:00,2025-12-05 04:55:00+00:00,LONG,91863.1,92026.3,0.0017765566369956076,0.00037655663699560763,5916.775610501052,5919.003611626799
2025-12-05 09:15:00+00:00,2025-12-05 09:30:00+00:00,LONG,91390.0,91230.3,-0.0017474559579822024,-0.0031474559579822026,5919.003611626799,5900.3738084440665
2025-12-05 09:30:00+00:00,2025-12-05 09:45:00+00:00,LONG,91230.3,91144.9,-0.0009360925043544466,-0.0023360925043544468,5900.3738084440665,5886.589989417272
2025-12-05 09:45:00+00:00,2025-12-05 10:00:00+00:00,LONG,91144.9,91194.9,0.0005485770460003092,-0.0008514229539996908,5886.589989417272,5881.578011579497
2025-12-05 13:40:00+00:00,2025-12-05 13:55:00+00:00,LONG,90420.1,90472.9,0.0005839409600296719,-0.0008160590399703281,5881.578011579497,5876.778296673857
2025-12-05 16:05:00+00:00,2025-12-05 16:20:00+00:00,LONG,89491.1,89014.0,-0.0053312564042682364,-0.006731256404268237,5876.778296673857,5837.220195127907
2025-12-05 16:20:00+00:00,2025-12-05 16:35:00+00:00,LONG,89014.0,88585.9,-0.004809355831666973,-0.006209355831666973,5837.220195127907,5800.974817868565
2025-12-05 16:40:00+00:00,2025-12-05 16:55:00+00:00,LONG,88391.7,88811.1,0.004744789386333936,0.003344789386333936,5800.974817868565,5820.377856869762
2025-12-06 03:05:00+00:00,2025-12-06 03:20:00+00:00,SHORT,89702.9,89637.8,0.000726256110703094,-0.000673743889296906,5820.377856869762,5816.456412855297
2025-12-06 13:40:00+00:00,2025-12-06 13:55:00+00:00,SHORT,89782.1,89672.8,0.0012188757348940982,-0.0001811242651059018,5816.456412855297,5815.402911461998
2025-12-06 14:15:00+00:00,2025-12-06 14:30:00+00:00,SHORT,90072.9,90019.0,0.0005987624834755678,-0.0008012375165244322,5815.402911461998,5810.74339247563
2025-12-06 14:40:00+00:00,2025-12-06 14:55:00+00:00,SHORT,90064.0,90008.0,0.0006221669184960366,-0.0007778330815039634,5810.74339247563,5806.223604036832
2025-12-06 23:00:00+00:00,2025-12-06 23:15:00+00:00,LONG,89105.1,89145.9,0.0004578862489350577,-0.0009421137510649423,5806.223604036832,5800.753480937711
2025-12-06 23:20:00+00:00,2025-12-06 23:35:00+00:00,LONG,88950.1,89148.1,0.002225967143375973,0.0008259671433759731,5800.753480937711,5805.5447127197895
2025-12-07 12:45:00+00:00,2025-12-07 13:00:00+00:00,SHORT,89529.6,89425.1,0.00116857571308282,-0.00023142428691717994,5805.5447127197895,5804.201168674483
2025-12-07 13:20:00+00:00,2025-12-07 13:35:00+00:00,LONG,88925.9,88932.0,6.859643815815275e-05,-0.0013314035618418472,5804.201168674483,5796.473434564863
2025-12-07 14:20:00+00:00,2025-12-07 14:35:00+00:00,LONG,88363.8,88305.9,-0.000655245700162399,-0.0020552457001623992,5796.473434564863,5784.560257462368
2025-12-07 17:15:00+00:00,2025-12-07 17:30:00+00:00,SHORT,90330.9,90962.1,-0.0069391537794313285,-0.008339153779431329,5784.560257462368,5736.321919929002
2025-12-07 17:30:00+00:00,2025-12-07 17:45:00+00:00,SHORT,90962.1,91080.1,-0.0012955629165976035,-0.0026955629165976037,5736.321919929002,5720.859303283976
2025-12-07 21:35:00+00:00,2025-12-07 21:50:00+00:00,LONG,90661.4,89968.9,-0.007638311343085347,-0.009038311343085347,5720.859303283976,5669.15239575091
2025-12-07 21:50:00+00:00,2025-12-07 22:05:00+00:00,LONG,89968.9,89334.5,-0.007051325513594109,-0.008451325513594109,5669.15239575091,5621.240543468247
2025-12-07 22:05:00+00:00,2025-12-07 22:20:00+00:00,LONG,89334.5,89416.3,0.0009156596835488973,-0.0004843403164511027,5621.240543468247,5618.517950044576
2025-12-08 01:25:00+00:00,2025-12-08 01:40:00+00:00,SHORT,91141.8,91254.0,-0.0012295351436648616,-0.002629535143664862,5618.517950044576,5603.743859639621
2025-12-08 09:05:00+00:00,2025-12-08 09:20:00+00:00,SHORT,92098.8,91987.4,0.0012110354244168064,-0.00018896457558319354,5603.743859639621,5602.684950559508
2025-12-08 14:20:00+00:00,2025-12-08 14:35:00+00:00,LONG,91268.1,91008.4,-0.0028454629821373922,-0.0042454629821373924,5602.684950559508,5578.89895900133
2025-12-08 15:10:00+00:00,2025-12-08 15:25:00+00:00,LONG,90226.7,89980.5,-0.002728682308008601,-0.004128682308008601,5578.89895900133,5555.865457571133
2025-12-08 21:30:00+00:00,2025-12-08 21:45:00+00:00,SHORT,91199.9,91176.0,0.0002621303851890744,-0.0011378696148109256,5555.865457571133,5549.543607082986
2025-12-08 21:50:00+00:00,2025-12-08 22:05:00+00:00,SHORT,91306.1,91100.0,0.002262349066959546,0.0008623490669595459,5549.543607082986,5554.329250834605
2025-12-09 15:35:00+00:00,2025-12-09 15:50:00+00:00,SHORT,91595.1,92818.9,-0.013184814730620498,-0.014584814730620498,5554.329250834605,5473.320387758316
2025-12-09 15:50:00+00:00,2025-12-09 16:05:00+00:00,SHORT,92818.9,93086.3,-0.0028726031650200268,-0.004272603165020027,5473.320387758316,5449.9350617464115
2025-12-09 16:10:00+00:00,2025-12-09 16:25:00+00:00,SHORT,93444.2,93380.0,0.0006875133861641292,-0.0007124866138358708,5449.9350617464115,5446.052055968643
2025-12-09 16:40:00+00:00,2025-12-09 16:55:00+00:00,SHORT,94239.0,94183.0,0.000594587133559088,-0.000805412866440912,5446.052055968643,5441.665735571459
2025-12-09 20:20:00+00:00,2025-12-09 20:35:00+00:00,LONG,92933.1,93117.1,0.001979918887888177,0.0005799188878881768,5441.665735571459,5444.82146031309
2025-12-09 21:50:00+00:00,2025-12-09 22:05:00+00:00,LONG,92292.8,92725.7,0.004690506735086641,0.003290506735086641,5444.82146031309,5462.737681999594
2025-12-10 10:00:00+00:00,2025-12-10 10:15:00+00:00,SHORT,93126.4,92901.1,0.0024251596590352253,0.0010251596590352254,5462.737681999594,5468.3378602990715
2025-12-10 20:10:00+00:00,2025-12-10 20:25:00+00:00,SHORT,94269.5,93588.5,0.0072765350443697585,0.005876535044369758,5468.3378602990715,5500.472739369573
2025-12-11 00:30:00+00:00,2025-12-11 00:45:00+00:00,LONG,91487.6,91205.9,-0.0030791058023165174,-0.004479105802316518,5500.472739369573,5475.83554000718
2025-12-11 00:45:00+00:00,2025-12-11 01:00:00+00:00,LONG,91205.9,91266.1,0.0006600450190175078,-0.0007399549809824922,5475.83554000718,5471.7836682243105
2025-12-11 01:10:00+00:00,2025-12-11 01:25:00+00:00,LONG,90978.7,91088.3,0.001204677578378277,-0.00019532242162172294,5471.7836682243105,5470.714906187643
2025-12-11 01:55:00+00:00,2025-12-11 02:10:00+00:00,LONG,90673.8,90230.0,-0.0048944678617197646,-0.006294467861719765,5470.714906187643,5436.279667030013
2025-12-11 02:15:00+00:00,2025-12-11 02:30:00+00:00,LONG,90245.0,89962.5,-0.003130367333370243,-0.004530367333370243,5436.279667030013,5411.651323211436
2025-12-11 03:10:00+00:00,2025-12-11 03:25:00+00:00,LONG,89631.9,89734.0,0.0011391033772574222,-0.0002608966227425778,5411.651323211436,5410.23944165775
2025-12-11 18:40:00+00:00,2025-12-11 18:55:00+00:00,SHORT,91146.1,90705.9,0.004853047045451309,0.0034530470454513084,5410.23944165775,5428.92125297695
2025-12-11 19:30:00+00:00,2025-12-11 19:45:00+00:00,SHORT,91314.0,91401.3,-0.0009551286469667852,-0.0023551286469667854,5428.92125297695,5416.135445011938
2025-12-11 21:05:00+00:00,2025-12-11 21:20:00+00:00,SHORT,92245.3,92842.9,-0.0064366795953162415,-0.007836679595316242,5416.135445011938,5373.690926884544
2025-12-11 21:25:00+00:00,2025-12-11 21:40:00+00:00,SHORT,93293.9,93179.3,0.0012298868954798703,-0.0001701131045201297,5373.690926884544,5372.77679163824
2025-12-12 00:55:00+00:00,2025-12-12 01:10:00+00:00,LONG,91577.7,91821.3,0.0026600362315281068,0.0012600362315281068,5372.77679163824,5379.546685059617
2025-12-12 15:20:00+00:00,2025-12-12 15:35:00+00:00,LONG,91527.0,90664.9,-0.009419078523277391,-0.010819078523277391,5379.546685059617,5321.34494705432
2025-12-12 15:35:00+00:00,2025-12-12 15:50:00+00:00,LONG,90664.9,90294.9,-0.004080961871683497,-0.005480961871683497,5321.34494705432,5292.17885829344
2025-12-12 15:55:00+00:00,2025-12-12 16:10:00+00:00,LONG,89941.4,89980.5,0.00043472750035022933,-0.0009652724996497707,5292.17885829344,5287.070463578301
2025-12-13 14:25:00+00:00,2025-12-13 14:40:00+00:00,LONG,89964.0,90171.4,0.0023053665910808263,0.0009053665910808263,5287.070463578301,5291.857200540715
2025-12-13 21:25:00+00:00,2025-12-13 21:40:00+00:00,LONG,89964.9,90052.5,0.0009737130814351236,-0.0004262869185648764,5291.857200540715,5289.601351041211
2025-12-14 10:10:00+00:00,2025-12-14 10:25:00+00:00,LONG,89806.1,90000.8,0.0021680041778899817,0.0007680041778899817,5289.601351041211,5293.663786978183
2025-12-14 11:00:00+00:00,2025-12-14 11:15:00+00:00,LONG,89638.1,89654.1,0.00017849552812920777,-0.0012215044718707922,5293.663786978183,5287.197552989809
2025-12-14 11:30:00+00:00,2025-12-14 11:45:00+00:00,LONG,89493.3,89108.0,-0.004305350232922445,-0.005705350232922445,5287.197552989809,5257.032239199352
2025-12-14 22:30:00+00:00,2025-12-14 22:45:00+00:00,LONG,88188.7,88166.0,-0.0002574025923955947,-0.0016574025923955947,5257.032239199352,5248.319220337797
2025-12-15 01:30:00+00:00,2025-12-15 01:45:00+00:00,SHORT,89004.7,89229.9,-0.002523817688913632,-0.003923817688913632,5248.319220337797,5227.72577254397
2025-12-15 02:10:00+00:00,2025-12-15 02:25:00+00:00,SHORT,89527.9,89693.0,-0.0018407233563377812,-0.0032407233563377814,5227.72577254397,5210.784159532358
2025-12-15 14:50:00+00:00,2025-12-15 15:05:00+00:00,LONG,88268.1,87901.9,-0.0041487241710199685,-0.005548724171019969,5210.784159532358,5181.870955516393
2025-12-15 15:05:00+00:00,2025-12-15 15:20:00+00:00,LONG,87901.9,86702.9,-0.013640205729341437,-0.015040205729341437,5181.870955516393,5103.934550282528
2025-12-15 15:20:00+00:00,2025-12-15 15:35:00+00:00,LONG,86702.9,86714.0,0.00012802339944806285,-0.0012719766005519371,5103.934550282528,5097.44246496382
2025-12-15 16:40:00+00:00,2025-12-15 16:55:00+00:00,LONG,86327.0,86400.9,0.0008560473548251402,-0.0005439526451748598,5097.44246496382,5094.669697651377
2025-12-15 17:30:00+00:00,2025-12-15 17:45:00+00:00,LONG,85764.3,85825.5,0.0007135836239553495,-0.0006864163760446505,5094.669697651377,5091.172632940371
2025-12-15 18:30:00+00:00,2025-12-15 18:45:00+00:00,LONG,85353.1,85900.9,0.006418044570144277,0.0050180445701442766,5091.172632940371,5116.720364126764
2025-12-16 04:45:00+00:00,2025-12-16 05:00:00+00:00,LONG,85400.9,85895.8,0.0057950208955643845,0.004395020895564384,5116.720364126764,5139.208457043861
2025-12-16 06:20:00+00:00,2025-12-16 06:35:00+00:00,SHORT,86374.9,86423.6,-0.0005635034874734712,-0.0019635034874734714,5139.208457043861,5129.1176033156025
2025-12-16 06:50:00+00:00,2025-12-16 07:05:00+00:00,SHORT,86545.2,86527.2,0.00020802707125611164,-0.0011919729287438883,5129.1176033156025,5123.003833984107
2025-12-16 10:35:00+00:00,2025-12-16 10:50:00+00:00,SHORT,86766.4,87044.3,-0.0031926272024705993,-0.0045926272024705995,5123.003833984107,5099.475787217791
2025-12-16 10:50:00+00:00,2025-12-16 11:05:00+00:00,SHORT,87044.3,86926.3,0.0013574717893203303,-4.2528210679669684e-05,5099.475787217791,5099.258915637156
2025-12-16 11:30:00+00:00,2025-12-16 11:45:00+00:00,SHORT,87199.9,87014.8,0.0021272243342511654,0.0007272243342511654,5099.258915637156,5102.967220807254
2025-12-16 15:50:00+00:00,2025-12-16 16:05:00+00:00,SHORT,87943.7,87792.9,0.0017176787644559433,0.00031767876445594327,5102.967220807254,5104.588325129019
2025-12-17 04:40:00+00:00,2025-12-17 04:55:00+00:00,LONG,86877.0,86758.0,-0.0013697526387881354,-0.0027697526387881356,5104.588325129019,5090.449878145566
2025-12-17 05:00:00+00:00,2025-12-17 05:15:00+00:00,LONG,86511.9,86571.9,0.0006935462057819919,-0.0007064537942180081,5090.449878145566,5086.8537105148735
2025-12-17 05:25:00+00:00,2025-12-17 05:40:00+00:00,LONG,86424.1,86493.1,0.0007983884124913576,-0.0006016115875086424,5086.8537105148735,5083.793400378667
2025-12-17 12:00:00+00:00,2025-12-17 12:15:00+00:00,SHORT,87175.2,87094.0,0.0009323259926057315,-0.00046767400739426853,5083.793400378667,5081.415842346348
2025-12-17 14:00:00+00:00,2025-12-17 14:15:00+00:00,SHORT,87625.1,87839.1,-0.002436272684943286,-0.003836272684943286,5081.415842346348,5061.922145549516
2025-12-17 14:50:00+00:00,2025-12-17 15:05:00+00:00,SHORT,89301.5,89794.5,-0.005490313994732432,-0.006890313994732432,5061.922145549516,5027.043912549791
2025-12-17 15:05:00+00:00,2025-12-17 15:20:00+00:00,SHORT,89794.5,89739.5,0.0006128850729054669,-0.0007871149270945331,5027.043912549791,5023.087051247063
2025-12-17 19:05:00+00:00,2025-12-17 19:20:00+00:00,LONG,85386.7,85882.4,0.005805353761182852,0.004405353761182852,5023.087051247063,5045.215526681022
2025-12-18 09:30:00+00:00,2025-12-18 09:45:00+00:00,SHORT,87251.9,87326.2,-0.000850832854286554,-0.002250832854286554,5045.215526681022,5033.859589816612
2025-12-18 13:05:00+00:00,2025-12-18 13:20:00+00:00,SHORT,87752.4,87630.9,0.0013864972287171984,-1.3502771282801604e-05,5033.859589816612,5033.791618761901
2025-12-18 13:30:00+00:00,2025-12-18 13:45:00+00:00,SHORT,88125.5,89041.8,-0.010290672470682383,-0.011690672470682383,5033.791618761901,4974.94320966129
2025-12-18 13:45:00+00:00,2025-12-18 14:00:00+00:00,SHORT,89041.8,89057.1,-0.00017179989018289987,-0.0015717998901828999,4974.94320966129,4967.123594470679
2025-12-18 17:05:00+00:00,2025-12-18 17:20:00+00:00,LONG,86603.5,85599.9,-0.011588446194437885,-0.012988446194437885,4967.123594470679,4902.6083769227735
2025-12-18 17:20:00+00:00,2025-12-18 17:35:00+00:00,LONG,85599.9,86144.6,0.006363325190800628,0.004963325190800628,4902.6083769227735,4926.941616580584
2025-12-18 19:40:00+00:00,2025-12-18 19:55:00+00:00,LONG,84698.4,84481.1,-0.002565573847912006,-0.003965573847912006,4926.941616580584,4907.403465755683
2025-12-19 03:10:00+00:00,2025-12-19 03:25:00+00:00,SHORT,86372.7,87144.4,-0.00885541698605985,-0.01025541698605985,4907.403465755683,4857.0759968955235
2025-12-19 03:25:00+00:00,2025-12-19 03:40:00+00:00,SHORT,87144.4,87057.8,0.000994741424662493,-0.00040525857533750694,4857.0759968955235,4855.107625196716
2025-12-19 07:00:00+00:00,2025-12-19 07:15:00+00:00,SHORT,87760.8,87986.3,-0.002562898996775642,-0.003962898996775642,4855.107625196716,4835.867324059586
2025-12-19 07:15:00+00:00,2025-12-19 07:30:00+00:00,SHORT,87986.3,87762.0,0.00255577584831701,0.0011557758483170101,4835.867324059586,4841.4565027184
2025-12-19 17:30:00+00:00,2025-12-19 17:45:00+00:00,LONG,87032.8,87253.5,0.002535825573806605,0.001135825573806605,4841.4565027184,4846.955552828659
2025-12-20 05:40:00+00:00,2025-12-20 05:55:00+00:00,SHORT,88515.1,88300.4,0.0024314725641108037,0.0010314725641108037,4846.955552828659,4851.955054500866
2025-12-20 21:15:00+00:00,2025-12-20 21:30:00+00:00,SHORT,88414.7,88305.9,0.00123208075564607,-0.00016791924435392998,4851.955054500866,4851.140317874475
2025-12-21 01:35:00+00:00,2025-12-21 01:50:00+00:00,LONG,88122.2,88138.2,0.00018156605259522784,-0.0012184339474047721,4851.140317874475,4845.229523827553
2025-12-21 01:55:00+00:00,2025-12-21 02:10:00+00:00,LONG,88025.0,88031.0,6.816245384833053e-05,-0.0013318375461516695,4845.229523827553,4838.776465227997
2025-12-21 02:15:00+00:00,2025-12-21 02:30:00+00:00,LONG,88015.6,87992.7,-0.0002601811497053852,-0.0016601811497053852,4838.776465227997,4830.743219752787
2025-12-21 08:30:00+00:00,2025-12-21 08:45:00+00:00,SHORT,88353.3,88526.9,-0.001960985869831511,-0.003360985869831511,4830.743219752787,4814.507160050413
2025-12-21 08:45:00+00:00,2025-12-21 09:00:00+00:00,SHORT,88526.9,88736.2,-0.0023586766167584816,-0.003758676616758482,4814.507160050413,4796.410984566716
2025-12-21 09:00:00+00:00,2025-12-21 09:15:00+00:00,SHORT,88736.2,88677.0,0.0006675913709304204,-0.0007324086290695796,4796.410984566716,4792.898051773056
2025-12-21 13:30:00+00:00,2025-12-21 13:45:00+00:00,LONG,88018.9,87787.9,-0.0026244363426490835,-0.004024436342649084,4792.898051773056,4773.609338666889
2025-12-21 13:50:00+00:00,2025-12-21 14:05:00+00:00,LONG,87711.9,88059.0,0.003957273756468593,0.002557273756468593,4773.609338666889,4785.816764552295
2025-12-21 23:00:00+00:00,2025-12-21 23:15:00+00:00,SHORT,88712.1,88603.0,0.0012313352821011758,-0.00016866471789882416,4785.816764552295,4785.009566117787
2025-12-22 00:10:00+00:00,2025-12-22 00:25:00+00:00,SHORT,89486.2,89016.3,0.005278808487883646,0.003878808487883646,4785.009566117787,4803.5697018374485
2025-12-22 08:20:00+00:00,2025-12-22 08:35:00+00:00,SHORT,89619.3,89634.6,-0.00017069301363537015,-0.0015706930136353701,4803.5697018374485,4796.024768466262
2025-12-22 12:20:00+00:00,2025-12-22 12:35:00+00:00,SHORT,90201.8,90190.1,0.00012972598988136852,-0.0012702740101186315,4796.024768466262,4789.932502850994
2025-12-22 19:00:00+00:00,2025-12-22 19:15:00+00:00,LONG,88795.8,88855.3,0.0006700767378637895,-0.0007299232621362105,4789.932502850994,4786.436219693101
2025-12-22 19:30:00+00:00,2025-12-22 19:45:00+00:00,LONG,88414.9,88274.9,-0.0015834435146112602,-0.0029834435146112604,4786.436219693101,4772.156157595357
2025-12-22 19:55:00+00:00,2025-12-22 20:10:00+00:00,LONG,88059.1,88161.0,0.001157177395635367,-0.00024282260436463295,4772.156157595357,4770.997370208735
2025-12-23 03:00:00+00:00,2025-12-23 03:15:00+00:00,LONG,88038.9,88229.0,0.002159272776011578,0.0007592727760115782,4770.997370208735,4774.619858626357
2025-12-23 05:30:00+00:00,2025-12-23 05:45:00+00:00,LONG,87631.6,87708.7,0.0008798196084516263,-0.0005201803915483737,4774.619858626357,4772.136194998802
2025-12-23 06:15:00+00:00,2025-12-23 06:30:00+00:00,LONG,87259.9,87271.0,0.0001272061966608451,-0.0012727938033391549,4772.136194998802,4766.062249621117
2025-12-23 14:50:00+00:00,2025-12-23 15:05:00+00:00,LONG,86964.4,87063.0,0.0011337972779665861,-0.00026620272203341385,4766.062249621117,4764.793510876888
2025-12-24 02:40:00+00:00,2025-12-24 02:55:00+00:00,LONG,87093.9,87141.8,0.0005499811123397258,-0.0008500188876602742,4764.793510876888,4760.743346396842
2025-12-24 03:00:00+00:00,2025-12-24 03:15:00+00:00,LONG,86920.0,87139.8,0.0025287620800735766,0.0011287620800735766,4760.743346396842,4766.117092959217
2025-12-24 05:40:00+00:00,2025-12-24 05:55:00+00:00,LONG,86839.0,86955.3,0.0013392600099033647,-6.0739990096635296e-05,4766.117092959217,4765.8275990541915
2025-12-24 14:35:00+00:00,2025-12-24 14:50:00+00:00,LONG,86636.6,87055.6,0.004836293206335496,0.0034362932063354956,4765.8275990541915,4782.204380055387
2025-12-24 22:05:00+00:00,2025-12-24 22:20:00+00:00,SHORT,87840.3,87769.2,0.000810079162166355,-0.000589920837833645,4782.204380055387,4779.383258040813
2025-12-24 22:30:00+00:00,2025-12-24 22:45:00+00:00,SHORT,87947.0,87977.2,-0.00034327075651419126,-0.0017432707565141912,4779.383258040813,4771.051498972897
2025-12-25 08:20:00+00:00,2025-12-25 08:35:00+00:00,LONG,87378.6,87501.6,0.00140766732357811,7.6673235781101e-06,4771.051498972897,4771.088080168547
2025-12-25 10:35:00+00:00,2025-12-25 10:50:00+00:00,LONG,87285.9,87389.9,0.0011914868266238443,-0.00020851317337615568,4771.088080168547,4770.093245452495
2025-12-25 15:25:00+00:00,2025-12-25 15:40:00+00:00,SHORT,88075.4,88519.0,-0.005011353494730031,-0.006411353494730031,4770.093245452495,4739.510491453075
2025-12-25 15:40:00+00:00,2025-12-25 15:55:00+00:00,SHORT,88519.0,88367.1,0.0017189655426057548,0.00031896554260575486,4739.510491453075,4741.022231988666
2025-12-25 15:55:00+00:00,2025-12-25 16:10:00+00:00,SHORT,88367.1,88305.2,0.0007009779718523124,-0.0006990220281476876,4741.022231988666,4737.708153012568
2025-12-25 20:25:00+00:00,2025-12-25 20:40:00+00:00,LONG,87758.9,87808.9,0.0005697427839228553,-0.0008302572160771447,4737.708153012568,4733.774636630862
2025-12-25 22:45:00+00:00,2025-12-25 23:00:00+00:00,LONG,87405.0,87642.0,0.0027115153595331787,0.0013115153595331787,4733.774636630862,4739.983054775372
2025-12-25 23:30:00+00:00,2025-12-25 23:45:00+00:00,LONG,87186.1,87160.2,-0.0002970657019869538,-0.0016970657019869538,4739.983054775372,4731.938992105113
2025-12-25 23:45:00+00:00,2025-12-26 00:00:00+00:00,LONG,87160.2,87251.9,0.0010520856996656391,-0.00034791430033436085,4731.938992105113,4730.29268286145
2025-12-26 02:10:00+00:00,2025-12-26 02:25:00+00:00,SHORT,88194.7,89007.5,-0.009131814734713362,-0.010531814734713362,4730.29268286145,4680.474116684583
2025-12-26 02:25:00+00:00,2025-12-26 02:40:00+00:00,SHORT,89007.5,89216.0,-0.0023370247489239437,-0.003737024748923944,4680.474116684583,4662.983069073835
2025-12-26 06:40:00+00:00,2025-12-26 06:55:00+00:00,SHORT,89248.1,89122.1,0.0014137907432612007,1.3790743261200703e-05,4662.983069073835,4663.047375076172
2025-12-26 07:10:00+00:00,2025-12-26 07:25:00+00:00,SHORT,89365.8,89425.5,-0.0006675948135598242,-0.0020675948135598244,4663.047375076172,4653.406082508081
2025-12-26 07:25:00+00:00,2025-12-26 07:40:00+00:00,SHORT,89425.5,88796.5,0.007083612529773076,0.0056836125297730754,4653.406082508081,4679.854239624747
2025-12-26 07:55:00+00:00,2025-12-26 08:10:00+00:00,LONG,88479.9,88656.9,0.0020004543404772424,0.0006004543404772424,4679.854239624747,4682.66427841573
2025-12-26 14:40:00+00:00,2025-12-26 14:55:00+00:00,LONG,88397.0,87386.4,-0.011432514678100025,-0.012832514678100026,4682.66427841573,4622.573920330346
2025-12-26 14:55:00+00:00,2025-12-26 15:10:00+00:00,LONG,87386.4,86777.0,-0.0069736251865277765,-0.008373625186527777,4622.573920330346,4583.8662189244815
2025-12-26 15:10:00+00:00,2025-12-26 15:25:00+00:00,LONG,86777.0,87006.0,0.002638948108369732,0.001238948108369732,4583.8662189244815,4589.545391305438
2025-12-26 20:40:00+00:00,2025-12-26 20:55:00+00:00,SHORT,87677.2,87583.8,0.0010664072579631423,-0.0003335927420368577,4589.545391305438,4588.01435227365
2025-12-27 07:20:00+00:00,2025-12-27 07:35:00+00:00,SHORT,87710.2,87545.5,0.0018813074344197211,0.00048130743441972116,4588.01435227365,4590.222597690623
2025-12-27 13:30:00+00:00,2025-12-27 13:45:00+00:00,LONG,87364.1,87466.4,0.0011709615276753738,-0.00022903847232462623,4590.222597690623,4589.1712601192185
2025-12-27 22:10:00+00:00,2025-12-27 22:25:00+00:00,SHORT,87863.1,87689.2,0.0019831404551531318,0.0005831404551531318,4589.1712601192185,4591.847391536619
2025-12-27 23:50:00+00:00,2025-12-28 00:05:00+00:00,SHORT,87871.3,87826.9,0.0005055398744577833,-0.0008944601255422167,4591.847391536619,4587.740167142315
2025-12-28 18:00:00+00:00,2025-12-28 18:15:00+00:00,LONG,87660.7,87642.0,-0.00021332250369887618,-0.0016133225036988762,4587.740167142315,4580.338662689541
2025-12-28 18:15:00+00:00,2025-12-28 18:30:00+00:00,LONG,87642.0,87732.9,0.0010371739576915395,-0.00036282604230846046,4580.338662689541,4578.676796540125
2025-12-28 22:45:00+00:00,2025-12-28 23:00:00+00:00,SHORT,87822.6,87793.2,0.0003348778720904111,-0.001065122127909589,4578.676796540125,4573.799946567584
2025-12-29 00:30:00+00:00,2025-12-29 00:45:00+00:00,SHORT,88120.7,88347.0,-0.00256149048637766,-0.00396149048637766,4573.799946567584,4555.6808815926615
2025-12-29 00:45:00+00:00,2025-12-29 01:00:00+00:00,SHORT,88347.0,88071.3,0.0031304181952576116,0.0017304181952576116,4555.6808815926615,4563.564114681956
2025-12-29 02:00:00+00:00,2025-12-29 02:15:00+00:00,SHORT,88868.8,89031.1,-0.0018229584942790478,-0.003222958494279048,4563.564114681956,4548.8559369543555
2025-12-29 02:15:00+00:00,2025-12-29 02:30:00+00:00,SHORT,89031.1,89090.8,-0.0006701028613503857,-0.002070102861350386,4548.8559369543555,4539.439337263396
2025-12-29 03:40:00+00:00,2025-12-29 03:55:00+00:00,SHORT,89983.0,90117.0,-0.0014869558462886623,-0.0028869558462886625,4539.439337263396,4526.33417632981
2025-12-29 09:30:00+00:00,2025-12-29 09:45:00+00:00,LONG,88717.0,88087.8,-0.007092214569924593,-0.008492214569924593,4526.33417632981,4487.895575289235
2025-12-29 09:45:00+00:00,2025-12-29 10:00:00+00:00,LONG,88087.8,88074.2,-0.00015439141402107115,-0.0015543914140210711,4487.895575289235,4480.919628939982
2025-12-29 11:45:00+00:00,2025-12-29 12:00:00+00:00,LONG,87653.3,87592.0,-0.0006993461740745222,-0.0020993461740745224,4480.919628939982,4471.512627460632
2025-12-29 12:00:00+00:00,2025-12-29 12:15:00+00:00,LONG,87592.0,86947.7,-0.007355694583980332,-0.008755694583980332,4471.512627460632,4432.361428566175
2025-12-29 14:30:00+00:00,2025-12-29 14:45:00+00:00,SHORT,87965.0,87951.8,0.00015008220411627526,-0.0012499177958837247,4432.361428566175,4426.8213411388215
2025-12-29 20:45:00+00:00,2025-12-29 21:00:00+00:00,LONG,87130.9,87296.6,0.0019017363530047238,0.0005017363530047238,4426.8213411388215,4429.042438333928
2025-12-30 08:00:00+00:00,2025-12-30 08:15:00+00:00,SHORT,87717.9,88101.9,-0.004358589315326955,-0.005758589315326955,4429.042438333928,4403.537401871408
2025-12-30 08:15:00+00:00,2025-12-30 08:30:00+00:00,SHORT,88101.9,87820.0,0.0032099749487588536,0.0018099749487588536,4403.537401871408,4411.5076942547175
2025-12-30 14:50:00+00:00,2025-12-30 15:05:00+00:00,SHORT,88867.1,88304.5,0.006371136238810138,0.004971136238810138,4411.5076942547175,4433.437900021417
2025-12-30 15:50:00+00:00,2025-12-30 16:05:00+00:00,SHORT,89018.0,89002.5,0.0001741524114491355,-0.0012258475885508645,4433.437900021417,4428.003180862685
2025-12-31 10:10:00+00:00,2025-12-31 10:25:00+00:00,SHORT,88800.1,88763.9,0.0004078234507498557,-0.0009921765492501443,4428.003180862685,4423.609819946629
2025-12-31 14:45:00+00:00,2025-12-31 15:00:00+00:00,LONG,88340.0,88414.1,0.0008388046185194842,-0.0005611953814805158,4423.609819946629,4421.127310546203
2025-12-31 15:10:00+00:00,2025-12-31 15:25:00+00:00,LONG,88201.0,87987.1,-0.002425142572079597,-0.0038251425720795974,4421.127310546203,4404.215868254049
2025-12-31 15:30:00+00:00,2025-12-31 15:45:00+00:00,LONG,87910.0,88142.7,0.0026470253668524624,0.0012470253668524624,4404.215868254049,4409.708037162856
2025-12-31 16:40:00+00:00,2025-12-31 16:55:00+00:00,LONG,87459.9,87656.9,0.002252460842054438,0.0008524608420544379,4409.708037162856,4413.46714058943
2026-01-01 01:05:00+00:00,2026-01-01 01:20:00+00:00,SHORT,87950.9,87939.0,0.00013532107483582578,-0.0012646789251641742,4413.46714058943,4407.885521709822
2026-01-01 04:05:00+00:00,2026-01-01 04:20:00+00:00,LONG,87705.9,87636.1,-0.0007958415568392052,-0.0021958415568392054,4407.885521709822,4398.206503503461
2026-01-01 04:30:00+00:00,2026-01-01 04:45:00+00:00,LONG,87610.1,87608.5,-1.8262734547747073e-05,-0.001418262734547747,4398.206503503461,4391.968691120697
2026-01-01 11:55:00+00:00,2026-01-01 12:10:00+00:00,SHORT,88022.1,88007.0,0.00017157726089966907,-0.001228422739100331,4391.968691120697,4386.573496911108
2026-01-01 17:20:00+00:00,2026-01-01 17:35:00+00:00,SHORT,88199.9,88443.8,-0.002757683410256062,-0.004157683410256062,4386.573496911108,4368.335513055132
2026-01-01 17:40:00+00:00,2026-01-01 17:55:00+00:00,SHORT,88352.0,88323.9,0.0003181471832653937,-0.0010818528167346063,4368.335513055132,4363.609616975891
2026-01-01 19:50:00+00:00,2026-01-01 20:05:00+00:00,SHORT,88394.1,88327.9,0.0007494800623586428,-0.0006505199376413571,4363.609616975891,4360.771001919965
2026-01-01 22:05:00+00:00,2026-01-01 22:20:00+00:00,SHORT,88533.3,88531.0,2.5979600366099476e-05,-0.0013740203996339005,4360.771001919965,4354.779213605195
2026-01-01 22:45:00+00:00,2026-01-01 23:00:00+00:00,SHORT,88612.8,88498.6,0.0012904158935846954,-0.00010958410641530455,4354.779213605195,4354.301999016436
2026-01-02 09:45:00+00:00,2026-01-02 10:00:00+00:00,SHORT,89472.9,89501.7,-0.00032178159744455925,-0.0017217815974445592,4354.301999016436,4346.804841964813
2026-01-02 10:00:00+00:00,2026-01-02 10:15:00+00:00,SHORT,89501.7,89871.2,-0.0041114394822813205,-0.005511439482281321,4346.804841964813,4322.847690137037
2026-01-02 10:15:00+00:00,2026-01-02 10:30:00+00:00,SHORT,89871.2,89602.9,0.00299432272839395,0.00159432272839395,4322.847690137037,4329.739704460807
2026-01-02 14:15:00+00:00,2026-01-02 14:30:00+00:00,LONG,88832.1,88621.9,-0.0023662617454727197,-0.00376626174547272,4329.739704460807,4313.432771444042
2026-01-02 14:30:00+00:00,2026-01-02 14:45:00+00:00,LONG,88621.9,89800.0,0.01329355385068487,0.01189355385068487,4313.432771444042,4364.734816392521
2026-01-02 16:30:00+00:00,2026-01-02 16:45:00+00:00,SHORT,90744.2,90259.1,0.005374527332977941,0.003974527332977941,4364.734816392521,4382.082574221473
2026-01-03 07:10:00+00:00,2026-01-03 07:25:00+00:00,LONG,89769.9,89419.7,-0.003901084884799899,-0.005301084884799899,4382.082574221473,4358.852782523322
2026-01-03 07:25:00+00:00,2026-01-03 07:40:00+00:00,LONG,89419.7,89564.9,0.0016238032558819615,0.00022380325588196152,4358.852782523322,4359.82830796796
2026-01-03 12:55:00+00:00,2026-01-03 13:10:00+00:00,SHORT,90039.4,89920.7,0.0013200520013745276,-7.994799862547238e-05,4359.82830796796,4359.479748420388
2026-01-03 20:45:00+00:00,2026-01-03 21:00:00+00:00,SHORT,90350.0,90332.1,0.00019815768702380332,-0.0012018423129761967,4359.479748420388,4354.240341196174
2026-01-03 21:05:00+00:00,2026-01-03 21:20:00+00:00,SHORT,90353.6,90459.0,-0.0011651687504835584,-0.0025651687504835586,4354.240341196174,4343.070979940843
2026-01-03 21:30:00+00:00,2026-01-03 21:45:00+00:00,SHORT,90580.7,90514.8,0.0007280577319952464,-0.0006719422680047536,4343.070979940843,4340.152686976477
2026-01-04 00:00:00+00:00,2026-01-04 00:15:00+00:00,SHORT,90937.1,91196.9,-0.0028487810440923633,-0.0042487810440923635,4340.152686976477,4321.712328511585
2026-01-04 06:05:00+00:00,2026-01-04 06:20:00+00:00,SHORT,91707.1,91669.1,0.00041453445053996063,-0.0009854655494600394,4321.712328511585,4317.45342989716
2026-01-04 18:30:00+00:00,2026-01-04 18:45:00+00:00,LONG,91125.7,91192.6,0.0007341507390341562,-0.0006658492609658438,4317.45342989716,4314.578656721609
2026-01-04 19:05:00+00:00,2026-01-04 19:20:00+00:00,LONG,90936.0,91137.3,0.0022136447611507126,0.0008136447611507126,4314.578656721609,4318.089191042223
2026-01-05 00:00:00+00:00,2026-01-05 00:15:00+00:00,SHORT,91835.2,91927.0,-0.0009986184690026212,-0.0023986184690026214,4318.089191042223,4307.731742557789
2026-01-05 00:45:00+00:00,2026-01-05 01:00:00+00:00,SHORT,92284.4,92483.0,-0.0021474216883103914,-0.0035474216883103916,4307.731742557789,4292.450401546817
2026-01-05 01:00:00+00:00,2026-01-05 01:15:00+00:00,SHORT,92483.0,92845.0,-0.003898971403952789,-0.005298971403952789,4292.450401546817,4269.704829616136
2026-01-05 01:30:00+00:00,2026-01-05 01:45:00+00:00,SHORT,92928.0,93200.0,-0.002918454935622372,-0.004318454935622372,4269.704829616136,4251.266301721029
2026-01-05 10:50:00+00:00,2026-01-05 11:05:00+00:00,SHORT,93144.1,93036.7,0.001154383162773387,-0.00024561683722661306,4251.266301721029,4250.222119137792
2026-01-05 17:55:00+00:00,2026-01-05 18:10:00+00:00,SHORT,94324.0,94215.9,0.0011473647229396366,-0.00025263527706036334,4250.222119137792,4249.148363095156
2026-01-06 07:20:00+00:00,2026-01-06 07:35:00+00:00,LONG,93397.5,93292.0,-0.0011295805562246963,-0.0025295805562246965,4249.148363095156,4238.399800015357
2026-01-06 14:10:00+00:00,2026-01-06 14:25:00+00:00,SHORT,94104.2,94321.4,-0.002302764802049162,-0.003702764802049162,4238.399800015357,4222.706002418848
2026-01-06 16:25:00+00:00,2026-01-06 16:40:00+00:00,LONG,92843.6,92551.1,-0.003150459482398338,-0.004550459482398338,4222.706002418848,4203.490749848761
2026-01-06 16:40:00+00:00,2026-01-06 16:55:00+00:00,LONG,92551.1,92685.1,0.0014478488100087006,4.7848810008700596e-05,4203.490749848761,4203.691881879024
2026-01-06 17:40:00+00:00,2026-01-06 17:55:00+00:00,LONG,92236.9,91593.0,-0.006980937130367515,-0.008380937130367515,4203.691881879024,4168.46100450156
2026-01-06 17:55:00+00:00,2026-01-06 18:10:00+00:00,LONG,91593.0,91835.0,0.002642123306366262,0.001242123306366262,4168.46100450156,4173.63874706693
2026-01-06 21:15:00+00:00,2026-01-06 21:30:00+00:00,SHORT,93718.0,93750.0,-0.0003413333333333046,-0.0017413333333333046,4173.63874706693,4166.371050795371
2026-01-07 00:55:00+00:00,2026-01-07 01:10:00+00:00,LONG,92706.0,92797.1,0.0009826764179234893,-0.00041732358207651073,4166.371050795371,4164.632325904194
2026-01-07 01:20:00+00:00,2026-01-07 01:35:00+00:00,LONG,92574.1,92581.0,7.453488610731362e-05,-0.0013254651138926864,4164.632325904194,4159.112251044018
2026-01-07 09:10:00+00:00,2026-01-07 09:25:00+00:00,LONG,92282.9,91955.9,-0.0035434517120723763,-0.0049434517120723765,4159.112251044018,4138.551880465893
2026-01-07 14:15:00+00:00,2026-01-07 14:30:00+00:00,LONG,91521.1,91646.0,0.0013647126181830505,-3.5287381816949534e-05,4138.551880465893,4138.405841805518
2026-01-07 15:15:00+00:00,2026-01-07 15:30:00+00:00,LONG,91163.2,91217.9,0.0006000228162239551,-0.0007999771837760448,4138.405841805518,4135.095211554869
2026-01-08 06:05:00+00:00,2026-01-08 06:20:00+00:00,LONG,90575.3,90205.0,-0.004088311051688498,-0.005488311051688498,4135.095211554869,4112.400522805508
2026-01-08 06:20:00+00:00,2026-01-08 06:35:00+00:00,LONG,90205.0,90381.0,0.0019511113574635086,0.0005511113574635086,4112.400522805508,4114.666913440065
2026-01-08 06:45:00+00:00,2026-01-08 07:00:00+00:00,LONG,90228.1,89893.1,-0.0037128123057007523,-0.0051128123057007525,4114.666913440065,4093.6293938111694
2026-01-08 07:00:00+00:00,2026-01-08 07:15:00+00:00,LONG,89893.1,90108.5,0.002396179462049952,0.0009961794620499521,4093.6293938111694,4097.7073833385275
2026-01-09 07:55:00+00:00,2026-01-09 08:10:00+00:00,LONG,90753.1,90683.9,-0.0007625083881432904,-0.0021625083881432906,4097.7073833385275,4088.8460567499014
2026-01-09 08:45:00+00:00,2026-01-09 09:00:00+00:00,LONG,89902.4,90188.1,0.0031778906903487947,0.0017778906903487947,4088.8460567499014,4096.1155780884665
2026-01-09 15:25:00+00:00,2026-01-09 15:40:00+00:00,SHORT,91681.7,91231.6,0.004933597569263259,0.0035335975692632592,4096.1155780884665,4110.589602138621
2026-01-09 19:30:00+00:00,2026-01-09 19:45:00+00:00,LONG,90291.2,90520.1,0.0025351307768641806,0.0011351307768641807,4110.589602138621,4115.2556589070655
2026-01-10 05:00:00+00:00,2026-01-10 05:15:00+00:00,LONG,90430.2,90537.1,0.0011821272097154445,-0.0002178727902845555,4115.2556589070655,4114.359056673925
2026-01-10 17:55:00+00:00,2026-01-10 18:10:00+00:00,LONG,90542.0,90532.0,-0.00011044598087073254,-0.0015104459808707325,4114.359056673925,4108.144539572912
2026-01-10 21:05:00+00:00,2026-01-10 21:20:00+00:00,LONG,90504.6,90567.9,0.0006994119635905793,-0.0007005880364094207,4108.144539572912,4105.266422656648
2026-01-10 22:05:00+00:00,2026-01-10 22:20:00+00:00,LONG,90400.1,90423.4,0.0002577430777177536,-0.0011422569222822464,4105.266422656648,4100.577153667556
2026-01-11 04:55:00+00:00,2026-01-11 05:10:00+00:00,SHORT,90799.1,90786.0,0.00014429537593918518,-0.0012557046240608148,4100.577153667556,4095.4280399743775
2026-01-11 12:15:00+00:00,2026-01-11 12:30:00+00:00,SHORT,90844.2,90823.1,0.00023231975125259652,-0.0011676802487474035,4095.4280399743775,4090.6458895419332
2026-01-11 12:45:00+00:00,2026-01-11 13:00:00+00:00,SHORT,90987.7,90932.9,0.0006026421680163097,-0.0007973578319836903,4090.6458895419332,4087.3841810040353
2026-01-11 14:50:00+00:00,2026-01-11 15:05:00+00:00,SHORT,91119.0,91076.0,0.0004721331635118009,-0.0009278668364881991,4087.3841810040353,4083.5916327744953
2026-01-11 20:00:00+00:00,2026-01-11 20:15:00+00:00,LONG,90638.0,90440.9,-0.0021745846113110368,-0.003574584611311037,4083.5916327744953,4068.9944889651015
2026-01-11 20:15:00+00:00,2026-01-11 20:30:00+00:00,LONG,90440.9,90608.1,0.0018487210985296265,0.00044872109852962653,4068.9944889651015,4070.8203326421008
2026-01-12 01:00:00+00:00,2026-01-12 01:15:00+00:00,SHORT,91634.0,91449.3,0.002019698346515497,0.0006196983465154972,4070.8203326421008,4073.3430132712006
2026-01-12 02:45:00+00:00,2026-01-12 03:00:00+00:00,SHORT,92186.9,92169.5,0.00018878262331889495,-0.001211217376681105,4073.3430132712006,4068.409309432344
2026-01-12 07:45:00+00:00,2026-01-12 08:00:00+00:00,LONG,91511.7,91353.0,-0.0017342044787714839,-0.003134204478771484,4068.409309432344,4055.6580827532457
2026-01-12 08:35:00+00:00,2026-01-12 08:50:00+00:00,LONG,90791.0,90770.1,-0.0002301990285380473,-0.0016301990285380473,4055.6580827532457,4049.046552886659
2026-01-12 08:50:00+00:00,2026-01-12 09:05:00+00:00,LONG,90770.1,90797.0,0.0002963530942456938,-0.0011036469057543062,4049.046552886659,4044.5778351873105
2026-01-12 10:50:00+00:00,2026-01-12 11:05:00+00:00,LONG,90439.0,90511.0,0.0007961167195569274,-0.0006038832804430726,4044.5778351873105,4042.1353822561905
2026-01-12 14:20:00+00:00,2026-01-12 14:35:00+00:00,LONG,90218.4,90968.1,0.008309834800883209,0.006909834800883209,4042.1353822561905,4070.065869990385
2026-01-12 16:00:00+00:00,2026-01-12 16:15:00+00:00,SHORT,91789.0,91630.6,0.0017286801570652877,0.0003286801570652877,4070.065869990385,4071.4036198797994
2026-01-12 16:20:00+00:00,2026-01-12 16:35:00+00:00,SHORT,91840.1,92063.7,-0.0024287531350575264,-0.0038287531350575266,4071.4036198797994,4055.8152205061
2026-01-12 16:35:00+00:00,2026-01-12 16:50:00+00:00,SHORT,92063.7,92136.0,-0.0007847095597812714,-0.0021847095597812716,4055.8152205061,4046.9544422211543
2026-01-12 21:50:00+00:00,2026-01-12 22:05:00+00:00,LONG,90964.4,91314.1,0.0038443610907126224,0.0024443610907126222,4046.9544422211543,4056.846660195606
2026-01-13 05:10:00+00:00,2026-01-13 05:25:00+00:00,SHORT,91748.3,92090.5,-0.003715909892985647,-0.005115909892985647,4056.846660195606,4036.0921982323857
2026-01-13 05:25:00+00:00,2026-01-13 05:40:00+00:00,SHORT,92090.5,91940.9,0.001627132212105975,0.00022713221210597504,4036.0921982323857,4037.0089247816336
2026-01-13 09:20:00+00:00,2026-01-13 09:35:00+00:00,SHORT,92545.2,92375.1,0.0018414053137694175,0.00044140531376941753,4037.0089247816336,4038.7908819727663
2026-01-13 14:35:00+00:00,2026-01-13 14:50:00+00:00,SHORT,92725.3,92433.9,0.0031525230461986187,0.0017525230461986187,4038.7908819727663,4045.8689560722
2026-01-13 15:55:00+00:00,2026-01-13 16:10:00+00:00,SHORT,93455.9,93292.3,0.001753628112930894,0.00035362811293089395,4045.8689560722,4047.299689076301
2026-01-13 20:00:00+00:00,2026-01-13 20:15:00+00:00,SHORT,94270.8,94430.5,-0.0016911908758292515,-0.0030911908758292517,4047.299689076301,4034.788713205682
2026-01-13 22:10:00+00:00,2026-01-13 22:25:00+00:00,SHORT,95607.1,95325.2,0.0029572453034456547,0.0015572453034456547,4034.788713205682,4041.071868979717
2026-01-13 22:40:00+00:00,2026-01-13 22:55:00+00:00,SHORT,95577.1,95755.0,-0.001857866429951338,-0.0032578664299513383,4041.071868979717,4027.906596596747
2026-01-13 23:00:00+00:00,2026-01-13 23:15:00+00:00,SHORT,95858.1,95601.0,0.0026893024131546817,0.0012893024131546817,4027.906596596747,4033.0997862917006
2026-01-14 14:15:00+00:00,2026-01-14 14:30:00+00:00,SHORT,95640.5,95534.0,0.0011147863587832596,-0.0002852136412167404,4033.0997862917006,4031.9494912162622
2026-01-14 14:45:00+00:00,2026-01-14 15:00:00+00:00,SHORT,96602.2,96369.5,0.0024146643907045906,0.0010146643907045906,4031.9494912162622,4036.0405667901186
2026-01-14 15:10:00+00:00,2026-01-14 15:25:00+00:00,SHORT,96950.6,96745.7,0.0021179235873016733,0.0007179235873016733,4036.0405667901186,4038.9381355123232
2026-01-14 16:05:00+00:00,2026-01-14 16:20:00+00:00,SHORT,97229.0,97195.1,0.000348783014781473,-0.001051216985218527,4038.9381355123232,4034.692335142026
2026-01-15 09:40:00+00:00,2026-01-15 09:55:00+00:00,SHORT,97079.1,97036.9,0.00043488611033537516,-0.0009651138896646248,4034.692335142026,4030.798397528857
2026-01-15 14:35:00+00:00,2026-01-15 14:50:00+00:00,LONG,96201.4,96322.5,0.0012588174392473839,-0.0001411825607526161,4030.798397528857,4030.2293190892165
2026-01-16 20:55:00+00:00,2026-01-16 21:10:00+00:00,SHORT,95567.2,95424.0,0.0015006706908116119,0.00010067069081161188,4030.2293190892165,4030.635045058898
2026-01-17 02:05:00+00:00,2026-01-17 02:20:00+00:00,LONG,95289.8,95259.7,-0.0003158785095572769,-0.001715878509557277,4030.635045058898,4023.7189650052132
2026-01-17 22:10:00+00:00,2026-01-17 22:25:00+00:00,LONG,95190.2,95175.9,-0.0001502255484283621,-0.001550225548428362,4023.7189650052132,4017.481293065967
2026-01-17 22:35:00+00:00,2026-01-17 22:50:00+00:00,LONG,95085.5,95136.5,0.0005363593818195067,-0.0008636406181804933,4017.481293065967,4014.011633038495
2026-01-18 01:05:00+00:00,2026-01-18 01:20:00+00:00,LONG,94900.4,95006.2,0.0011148530459303974,-0.00028514695406960263,4014.011633038495,4012.867049847734
2026-01-18 13:20:00+00:00,2026-01-18 13:35:00+00:00,LONG,94959.0,94987.0,0.00029486409924284196,-0.001105135900757158,4012.867049847734,4008.432286405982
2026-01-18 23:00:00+00:00,2026-01-18 23:15:00+00:00,LONG,95032.1,95159.0,0.0013353382699108352,-6.466173008916483e-05,4008.432286405982,4008.173094239398
2026-01-18 23:20:00+00:00,2026-01-18 23:35:00+00:00,LONG,94948.5,94525.3,-0.0044571530882531185,-0.005857153088253119,4008.173094239398,3984.696610822221
2026-01-18 23:35:00+00:00,2026-01-18 23:50:00+00:00,LONG,94525.3,93746.1,-0.008243295710248955,-0.009643295710248955,3984.696610822221,3946.2710030884355
2026-01-19 00:00:00+00:00,2026-01-19 00:15:00+00:00,LONG,92972.4,92786.9,-0.001995215784469373,-0.003395215784469373,3946.2710030884355,3932.872561488956
2026-01-19 00:15:00+00:00,2026-01-19 00:30:00+00:00,LONG,92786.9,92553.9,-0.0025111303427530762,-0.003911130342753076,3932.872561488956,3917.4905842795356
2026-01-19 08:20:00+00:00,2026-01-19 08:35:00+00:00,SHORT,93196.0,93060.6,0.0014549659039377882,5.4965903937788255e-05,3917.4905842795356,3917.705912690668
2026-01-19 22:10:00+00:00,2026-01-19 22:25:00+00:00,LONG,92830.0,92977.2,0.0015856942798664342,0.0001856942798664342,3917.705912690668,3918.4334082688533
2026-01-19 23:00:00+00:00,2026-01-19 23:15:00+00:00,LONG,92531.8,92374.9,-0.0016956332849896727,-0.003095633284989673,3918.4334082688533,3906.303375385201
2026-01-19 23:15:00+00:00,2026-01-19 23:30:00+00:00,LONG,92374.9,92676.5,0.0032649561731596943,0.0018649561731596943,3906.303375385201,3913.58845997936
2026-01-20 04:55:00+00:00,2026-01-20 05:10:00+00:00,LONG,92069.5,91426.3,-0.0069860268601437125,-0.008386026860143713,3913.58845997936,3880.769002034425
2026-01-20 05:10:00+00:00,2026-01-20 05:25:00+00:00,LONG,91426.3,91734.0,0.0033655523629414485,0.0019655523629414483,3880.769002034425,3888.3968567164034
2026-01-20 06:15:00+00:00,2026-01-20 06:30:00+00:00,LONG,90922.2,91050.0,0.0014055973128674903,5.597312867490359e-06,3888.3968567164034,3888.418621290163
2026-01-20 15:05:00+00:00,2026-01-20 15:20:00+00:00,LONG,89952.1,90625.0,0.007480648033786785,0.006080648033786785,3888.418621290163,3912.062726334251
2026-01-20 22:30:00+00:00,2026-01-20 22:45:00+00:00,LONG,88218.3,88445.8,0.002578830015994349,0.001178830015994349,3912.062726334251,3916.674383300506
2026-01-21 03:40:00+00:00,2026-01-21 03:55:00+00:00,SHORT,89548.5,89431.2,0.0013116227893621435,-8.837721063785649e-05,3916.674383300506,3916.3282385435336
2026-01-21 05:35:00+00:00,2026-01-21 05:50:00+00:00,SHORT,89836.1,89996.1,-0.0017778548181531795,-0.0031778548181531797,3916.3282385435336,3903.882715981209
2026-01-21 07:50:00+00:00,2026-01-21 08:05:00+00:00,LONG,89114.0,89286.0,0.0019301119913819331,0.0005301119913819331,3903.882715981209,3905.952211021899
2026-01-21 11:55:00+00:00,2026-01-21 12:10:00+00:00,LONG,88792.2,88380.6,-0.004635542311148821,-0.006035542311148822,3905.952211021899,3882.3776711869514
2026-01-21 12:10:00+00:00,2026-01-21 12:25:00+00:00,LONG,88380.6,88353.0,-0.00031228572786345943,-0.0017122857278634594,3882.3776711869514,3875.729931310402
2026-01-21 14:30:00+00:00,2026-01-21 14:45:00+00:00,SHORT,89937.6,89566.1,0.004147774660278936,0.0027477746602789354,3875.729931310402,3886.3795638057413
2026-01-21 15:05:00+00:00,2026-01-21 15:20:00+00:00,SHORT,90137.9,90286.0,-0.0016403429103073464,-0.0030403429103073466,3886.3795638057413,3874.5636372521612
2026-01-21 16:55:00+00:00,2026-01-21 17:10:00+00:00,LONG,87595.4,87320.1,-0.0031428590999069694,-0.00454285909990697,3874.5636372521612,3856.9620405745018
2026-01-21 17:10:00+00:00,2026-01-21 17:25:00+00:00,LONG,87320.1,87773.8,0.005195825474318072,0.003795825474318072,3856.9620405745018,3871.602395341592
2026-01-21 19:25:00+00:00,2026-01-21 19:40:00+00:00,SHORT,89646.2,90051.5,-0.004500757899646324,-0.005900757899646324,3871.602395341592,3848.7570069229905
2026-01-21 19:40:00+00:00,2026-01-21 19:55:00+00:00,SHORT,90051.5,90358.0,-0.0033920626839903933,-0.0047920626839903935,3848.7570069229905,3830.3135220903687
2026-01-22 13:40:00+00:00,2026-01-22 13:55:00+00:00,LONG,89612.1,89607.0,-5.6911957202254726e-05,-0.0014569119572022547,3830.3135220903687,3824.733092520202
2026-01-22 14:45:00+00:00,2026-01-22 15:00:00+00:00,LONG,89099.9,89314.2,0.0024051654378960396,0.0010051654378960397,3824.733092520202,3828.57758203398
2026-01-22 15:25:00+00:00,2026-01-22 15:40:00+00:00,LONG,88664.1,89156.0,0.005547904958151051,0.004147904958151051,3828.57758203398,3844.4581579691644
2026-01-23 01:55:00+00:00,2026-01-23 02:10:00+00:00,SHORT,89942.9,89948.8,-6.55928706109199e-05,-0.0014655928706109199,3844.4581579691644,3838.823747501483
2026-01-23 04:10:00+00:00,2026-01-23 04:25:00+00:00,SHORT,90074.5,89987.1,0.0009712503236574133,-0.0004287496763425867,3838.823747501483,3837.1778530622055
2026-01-23 05:20:00+00:00,2026-01-23 05:35:00+00:00,LONG,89648.6,89635.6,-0.00014501063039462636,-0.0015450106303946263,3837.1778530622055,3831.24937248851
2026-01-23 08:30:00+00:00,2026-01-23 08:45:00+00:00,LONG,89215.9,89254.4,0.00043153742774548753,-0.0009684625722545125,3831.24937248851,3827.538950866281
2026-01-23 14:20:00+00:00,2026-01-23 14:35:00+00:00,SHORT,89610.7,88665.0,0.010665989962217237,0.009265989962217237,3827.538950866281,3863.0048883650034
2026-01-23 14:35:00+00:00,2026-01-23 14:50:00+00:00,LONG,88665.0,88924.1,0.002922235380364402,0.001522235380364402,3863.0048883650034,3868.885291080593
2026-01-23 17:25:00+00:00,2026-01-23 17:40:00+00:00,SHORT,90976.2,90829.9,0.001610703083456011,0.000210703083456011,3868.885291080593,3869.700477140961
2026-01-24 03:00:00+00:00,2026-01-24 03:15:00+00:00,SHORT,89825.0,89830.9,-6.567895902187537e-05,-0.0014656789590218754,3869.700477140961,3864.028738573899
2026-01-24 03:25:00+00:00,2026-01-24 03:40:00+00:00,SHORT,89933.1,89827.3,0.0011778156529251849,-0.00022218434707481512,3864.028738573899,3863.1702118715407
2026-01-24 07:15:00+00:00,2026-01-24 07:30:00+00:00,LONG,89585.1,89613.6,0.0003181332609998311,-0.001081866739000169,3863.1702118715407,3858.9907765122207
2026-01-24 13:55:00+00:00,2026-01-24 14:10:00+00:00,LONG,89370.4,89482.0,0.0012487355992589766,-0.0001512644007410234,3858.9907765122207,3858.4070485849466
2026-01-24 15:35:00+00:00,2026-01-24 15:50:00+00:00,LONG,89362.1,89300.0,-0.0006949254773557234,-0.0020949254773557236,3858.4070485849466,3850.323973356857
2026-01-24 15:50:00+00:00,2026-01-24 16:05:00+00:00,LONG,89300.0,89336.9,0.0004132138857781964,-0.0009867861142218036,3850.323973356857,3846.5245271246936
2026-01-24 22:10:00+00:00,2026-01-24 22:25:00+00:00,SHORT,89481.6,89399.8,0.0009149908612771096,-0.0004850091387228904,3846.5245271246936,3844.6589275767165
2026-01-25 03:30:00+00:00,2026-01-25 03:45:00+00:00,LONG,88880.0,88901.5,0.0002418991899189038,-0.0011581008100810962,3844.6589275767165,3840.2064249582045
2026-01-25 06:10:00+00:00,2026-01-25 06:25:00+00:00,LONG,88703.4,88783.5,0.000903009354771056,-0.000496990645228944,3840.2064249582045,3838.2978782892524
2026-01-25 08:35:00+00:00,2026-01-25 08:50:00+00:00,LONG,88435.9,88304.1,-0.0014903449843332028,-0.002890344984333203,3838.2978782892524,3827.2038732683623
2026-01-25 15:50:00+00:00,2026-01-25 16:05:00+00:00,LONG,88412.9,88070.1,-0.003877262254716074,-0.005277262254716074,3827.2038732683623,3807.00671472686
2026-01-25 16:05:00+00:00,2026-01-25 16:20:00+00:00,LONG,88070.1,87932.1,-0.0015669336131104439,-0.002966933613110444,3807.00671472686,3795.7115785396
2026-01-25 16:20:00+00:00,2026-01-25 16:35:00+00:00,LONG,87932.1,87979.9,0.0005436012559689729,-0.0008563987440310271,3795.7115785396,3792.4609359110345
2026-01-25 18:25:00+00:00,2026-01-25 18:40:00+00:00,LONG,87537.9,87069.8,-0.00534739809842355,-0.0067473980984235505,3792.4609359110345,3766.871692203723
2026-01-25 18:40:00+00:00,2026-01-25 18:55:00+00:00,LONG,87069.8,87419.5,0.004016317942616032,0.002616317942616032,3766.871692203723,3776.7270261995677
2026-01-25 19:20:00+00:00,2026-01-25 19:35:00+00:00,LONG,86744.6,86644.0,-0.0011597263691343063,-0.0025597263691343065,3776.7270261995677,3767.0596384415826
2026-01-25 19:50:00+00:00,2026-01-25 20:05:00+00:00,LONG,86516.0,86677.8,0.0018701743030191675,0.00047017430301916755,3767.0596384415826,3768.830813081518
2026-01-26 01:20:00+00:00,2026-01-26 01:35:00+00:00,SHORT,87615.3,87649.2,-0.00038676907490309276,-0.0017867690749030927,3768.830813081518,3762.0967827361624
2026-01-26 15:10:00+00:00,2026-01-26 15:25:00+00:00,SHORT,88712.5,88493.9,0.0024702267613927464,0.0010702267613927465,3762.0967827361624,3766.123079391996
2026-01-26 23:30:00+00:00,2026-01-26 23:45:00+00:00,SHORT,88550.1,88493.8,0.0006362027622275335,-0.0007637972377724665,3766.123079391996,3763.246524986845
2026-01-27 20:15:00+00:00,2026-01-27 20:30:00+00:00,SHORT,88877.6,89112.0,-0.0026303977017685387,-0.004030397701768539,3763.246524986845,3748.0791448413497
2026-01-27 20:45:00+00:00,2026-01-27 21:00:00+00:00,SHORT,89418.0,89415.4,2.9077765127727417e-05,-0.0013709222348722726,3748.0791448413497,3742.940819803626
2026-01-27 21:05:00+00:00,2026-01-27 21:20:00+00:00,SHORT,89479.1,89250.1,0.0025658234556600323,0.0011658234556600324,3742.940819803626,3747.3044280045
2026-01-28 11:45:00+00:00,2026-01-28 12:00:00+00:00,SHORT,89820.6,89934.0,-0.0012609246780972416,-0.002660924678097242,3747.3044280045,3737.33313317568
2026-01-28 15:10:00+00:00,2026-01-28 15:25:00+00:00,LONG,89100.7,89267.0,0.0018664275364841387,0.00046642753648413874,3737.33313317568,3739.0763282620073
2026-01-28 17:50:00+00:00,2026-01-28 18:05:00+00:00,SHORT,90480.2,89728.0,0.008383113409415,0.006983113409414999,3739.0763282620073,3765.1867223087197
2026-01-29 01:50:00+00:00,2026-01-29 02:05:00+00:00,LONG,88551.8,88685.0,0.0015042043188280285,0.00010420431882802853,3765.1867223087197,3765.579071026378
2026-01-29 02:30:00+00:00,2026-01-29 02:45:00+00:00,LONG,88298.7,87847.8,-0.005106530447220536,-0.006506530447220537,3765.579071026378,3741.078216149329
2026-01-29 02:45:00+00:00,2026-01-29 03:00:00+00:00,LONG,87847.8,87994.0,0.0016642420185821738,0.0002642420185821738,3741.078216149329,3742.0667662088376
2026-01-29 14:55:00+00:00,2026-01-29 15:10:00+00:00,LONG,87008.5,85364.2,-0.018898153628668535,-0.020298153628668533,3742.0667662088376,3666.109720099596
2026-01-29 15:10:00+00:00,2026-01-29 15:25:00+00:00,LONG,85364.2,85479.9,0.0013553691125787193,-4.4630887421280704e-05,3666.109720099596,3665.9460983694044
2026-01-29 15:35:00+00:00,2026-01-29 15:50:00+00:00,LONG,85126.9,84818.9,-0.003618127759850265,-0.005018127759850265,3665.9460983694044,3647.549912487062
2026-01-29 16:10:00+00:00,2026-01-29 16:25:00+00:00,LONG,84779.9,84517.0,-0.003100970866915298,-0.004500970866915298,3647.549912487062,3631.1323965953384
2026-01-29 18:30:00+00:00,2026-01-29 18:45:00+00:00,LONG,83870.0,83893.9,0.00028496482651707566,-0.0011150351734829243,3631.1323965953384,3627.0835562535613
2026-01-29 18:50:00+00:00,2026-01-29 19:05:00+00:00,LONG,83576.3,83604.2,0.00033382669488823957,-0.0010661733051117604,3627.0835562535613,3623.216456590474
2026-01-30 01:15:00+00:00,2026-01-30 01:30:00+00:00,LONG,84003.1,83760.1,-0.0028927503865928683,-0.0042927503865928685,3623.216456590474,3607.662892745736
2026-01-30 01:35:00+00:00,2026-01-30 01:50:00+00:00,LONG,82897.8,82457.9,-0.00530653406966175,-0.00670653406966175,3607.662892745736,3583.4679786436823
2026-01-30 14:35:00+00:00,2026-01-30 14:50:00+00:00,SHORT,83462.6,83147.1,0.0037944799036888632,0.002394479903688863,3583.4679786436823,3592.048520704057
2026-01-31 06:25:00+00:00,2026-01-31 06:40:00+00:00,LONG,83668.0,83770.0,0.0012191040780227258,-0.00018089592197727418,3592.048520704057,3591.3987337751173
2026-01-31 07:35:00+00:00,2026-01-31 07:50:00+00:00,LONG,83470.1,83556.9,0.0010398933270714394,-0.00036010667292856054,3591.3987337751173,3590.1054471259376
2026-01-31 08:10:00+00:00,2026-01-31 08:25:00+00:00,LONG,83350.5,83098.1,-0.0030281761957036135,-0.004428176195703614,3590.1054471259376,3574.207827644909
2026-01-31 08:30:00+00:00,2026-01-31 08:45:00+00:00,LONG,82961.9,82832.5,-0.0015597521271811798,-0.00295975212718118,3574.207827644909,3563.629058424049
2026-01-31 13:30:00+00:00,2026-01-31 13:45:00+00:00,LONG,82540.2,82683.6,0.0017373352620906335,0.0003373352620906335,3563.629058424049,3564.8311961664663
2026-01-31 14:15:00+00:00,2026-01-31 14:30:00+00:00,LONG,82273.0,81466.0,-0.009808807263622321,-0.011208807263622321,3564.8311961664663,3524.8736903612885
2026-01-31 14:30:00+00:00,2026-01-31 14:45:00+00:00,LONG,81466.0,81099.9,-0.004493899295411663,-0.005893899295411663,3524.8736903612885,3504.0984398012533
2026-01-31 16:05:00+00:00,2026-01-31 16:20:00+00:00,LONG,80750.5,81764.1,0.012552244258549505,0.011152244258549505,3504.0984398012533,3543.1770015079187
2026-01-31 17:05:00+00:00,2026-01-31 17:20:00+00:00,LONG,79510.1,79016.7,-0.006205500936359187,-0.0076055009363591875,3543.1770015079187,3516.229365505264
2026-01-31 18:35:00+00:00,2026-01-31 18:50:00+00:00,LONG,77555.1,77919.0,0.004692147905166699,0.003292147905166699,3516.229365505264,3527.8053126449977
2026-01-31 23:20:00+00:00,2026-01-31 23:35:00+00:00,SHORT,79201.0,78913.2,0.0036470451077894595,0.0022470451077894592,3527.8053126449977,3535.73245031401
2026-02-01 07:00:00+00:00,2026-02-01 07:15:00+00:00,LONG,78156.2,78012.0,-0.0018450231715462229,-0.003245023171546223,3535.73245031401,3524.2589165843533
2026-02-01 14:25:00+00:00,2026-02-01 14:40:00+00:00,LONG,77854.0,77898.1,0.0005664448840136949,-0.0008335551159863051,3524.2589165843533,3521.3212525343743
2026-02-01 15:25:00+00:00,2026-02-01 15:40:00+00:00,LONG,76989.6,77174.0,0.0023951286927064164,0.0009951286927064164,3521.3212525343743,3524.825420349008
2026-02-01 20:25:00+00:00,2026-02-01 20:40:00+00:00,LONG,76692.0,77427.9,0.00959552495697058,0.00819552495697058,3524.825420349008,3553.713215050442
2026-02-02 03:10:00+00:00,2026-02-02 03:25:00+00:00,LONG,75904.0,75097.7,-0.010622628583473848,-0.012022628583473848,3553.713215050442,3510.9882409737083
2026-02-02 03:25:00+00:00,2026-02-02 03:40:00+00:00,LONG,75097.7,74651.2,-0.005945588213753572,-0.007345588213753572,3510.9882409737083,3485.1979671321847
2026-02-03 02:50:00+00:00,2026-02-03 03:05:00+00:00,LONG,77965.5,78006.0,0.0005194605306193534,-0.0008805394693806466,3485.1979671321847,3482.1291127635195
2026-02-03 14:55:00+00:00,2026-02-03 15:10:00+00:00,LONG,77206.1,77178.9,-0.0003523037687438446,-0.0017523037687438446,3482.1291127635195,3476.0273647959716
2026-02-03 17:10:00+00:00,2026-02-03 17:25:00+00:00,LONG,75703.1,75904.4,0.0026590720855550476,0.0012590720855550476,3476.0273647959716,3480.4039338196117
2026-02-03 18:05:00+00:00,2026-02-03 18:20:00+00:00,LONG,74871.2,74380.2,-0.0065579288164206995,-0.0079579288164207,3480.4039338196117,3452.707127061885
2026-02-03 18:20:00+00:00,2026-02-03 18:35:00+00:00,LONG,74380.2,74199.9,-0.002424032202118398,-0.003824032202118398,3452.707127061885,3439.503863823517
2026-02-03 18:45:00+00:00,2026-02-03 19:00:00+00:00,LONG,73296.1,73155.1,-0.001923703989707537,-0.003323703989707537,3439.503863823517,3428.071971108712
2026-02-03 20:35:00+00:00,2026-02-03 20:50:00+00:00,SHORT,76438.0,76466.7,-0.0003753267762306445,-0.0017753267762306445,3428.071971108712,3421.9860231475573
2026-02-04 11:15:00+00:00,2026-02-04 11:30:00+00:00,LONG,75747.5,75999.9,0.00333212317238174,0.0019321231723817402,3421.9860231475573,3428.5977216384467
2026-02-04 13:40:00+00:00,2026-02-04 13:55:00+00:00,LONG,75357.2,74873.1,-0.00642407095805031,-0.00782407095805031,3428.5977216384467,3401.772129777738
2026-02-04 13:55:00+00:00,2026-02-04 14:10:00+00:00,LONG,74873.1,75352.0,0.006396155628656919,0.004996155628656919,3401.772129777738,3418.767912751335
2026-02-04 21:45:00+00:00,2026-02-04 22:00:00+00:00,LONG,72237.0,72324.1,0.0012057532843281482,-0.00019424671567185177,3418.767912751335,3418.103828312639
2026-02-05 11:20:00+00:00,2026-02-05 11:35:00+00:00,LONG,70056.0,70572.3,0.007369818430969621,0.005969818430969621,3418.103828312639,3438.509287545867
2026-02-05 12:15:00+00:00,2026-02-05 12:30:00+00:00,LONG,69466.0,69612.9,0.002114703596003631,0.0007147035960036309,3438.509287545867,3440.966802498568
2026-02-05 15:10:00+00:00,2026-02-05 15:25:00+00:00,LONG,68007.1,66844.1,-0.017101155614634322,-0.01850115561463432,3440.966802498568,3377.3049402207516
2026-02-05 15:25:00+00:00,2026-02-05 15:40:00+00:00,LONG,66844.1,67519.1,0.010098123843390816,0.008698123843390816,3377.3049402207516,3406.681156847687
2026-02-05 20:15:00+00:00,2026-02-05 20:30:00+00:00,LONG,64261.9,63729.5,-0.008284846853267691,-0.009684846853267691,3406.681156847687,3373.687971565704
2026-02-05 20:35:00+00:00,2026-02-05 20:50:00+00:00,LONG,63674.6,62551.7,-0.017634975327681657,-0.019034975327681655,3373.687971565704,3309.469904263655
2026-02-05 20:50:00+00:00,2026-02-05 21:05:00+00:00,LONG,62551.7,63952.0,0.02238628206747384,0.02098628206747384,3309.469904263655,3378.923373168347
2026-02-06 00:05:00+00:00,2026-02-06 00:20:00+00:00,LONG,61429.0,61059.8,-0.006010190626576928,-0.007410190626576928,3378.923373168347,3353.8849068605737
2026-02-06 05:50:00+00:00,2026-02-06 06:05:00+00:00,SHORT,66817.0,66490.0,0.004918032786885185,0.0035180327868851845,3353.8849068605737,3365.6839839263484
2026-02-06 11:50:00+00:00,2026-02-06 12:05:00+00:00,SHORT,66523.4,66365.8,0.002374717098264423,0.0009747170982644228,3365.6839839263484,3368.964573652836
2026-02-06 13:15:00+00:00,2026-02-06 13:30:00+00:00,SHORT,67241.3,67008.2,0.0034786787288720866,0.0020786787288720864,3368.964573652836,3375.9675686504115
2026-02-06 17:25:00+00:00,2026-02-06 17:40:00+00:00,SHORT,70918.2,71079.0,-0.002262271556999984,-0.0036622715569999843,3375.9675686504115,3363.6038586463887
2026-02-06 22:35:00+00:00,2026-02-06 22:50:00+00:00,SHORT,71246.4,71561.8,-0.004407379356025309,-0.00580737935602531,3363.6038586463887,3344.0701350358386
2026-02-06 23:00:00+00:00,2026-02-06 23:15:00+00:00,SHORT,71645.6,70730.9,0.012932113121705058,0.011532113121705058,3344.0701350358386,3382.634330119987
2026-02-07 04:10:00+00:00,2026-02-07 04:25:00+00:00,SHORT,71219.6,71152.9,0.0009374178705296998,-0.00046258212947030016,3382.634330119987,3381.069583928341
2026-02-07 06:50:00+00:00,2026-02-07 07:05:00+00:00,LONG,69377.7,68521.0,-0.012348348244464624,-0.013748348244464624,3381.069583928341,3334.5854618497274
2026-02-07 07:05:00+00:00,2026-02-07 07:20:00+00:00,LONG,68521.0,67800.9,-0.010509186964580253,-0.011909186964580253,3334.5854618497274,3294.873260135188
2026-02-07 12:15:00+00:00,2026-02-07 12:30:00+00:00,SHORT,69868.9,69594.4,0.0039442828733347035,0.0025442828733347033,3294.873260135188,3303.256349740758
2026-02-07 23:05:00+00:00,2026-02-07 23:20:00+00:00,LONG,68941.9,68960.0,0.00026253990679125927,-0.0011374600932087407,3303.256349740758,3299.49902746529
2026-02-08 08:20:00+00:00,2026-02-08 08:35:00+00:00,SHORT,70069.9,70457.9,-0.005506834577811759,-0.006906834577811759,3299.49902746529,3276.7099334929367
2026-02-08 08:35:00+00:00,2026-02-08 08:50:00+00:00,SHORT,70457.9,70570.6,-0.0015969823127479632,-0.0029969823127479634,3276.7099334929367,3266.889691778253
2026-02-08 11:45:00+00:00,2026-02-08 12:00:00+00:00,SHORT,70978.1,71017.1,-0.0005491635113232807,-0.0019491635113232807,3266.889691778253,3260.521989595521
2026-02-08 16:45:00+00:00,2026-02-08 17:00:00+00:00,LONG,70408.1,70642.5,0.0033291624117111063,0.0019291624117111063,3260.521989595521,3266.812066060406
2026-02-08 23:05:00+00:00,2026-02-08 23:20:00+00:00,SHORT,71926.8,70364.1,0.022208768391836164,0.020808768391836166,3266.812066060406,3334.7904017227124
2026-02-09 08:30:00+00:00,2026-02-09 08:45:00+00:00,LONG,69619.7,69881.0,0.0037532480030795234,0.0023532480030795232,3334.7904017227124,3342.637990576255
2026-02-09 10:15:00+00:00,2026-02-09 10:30:00+00:00,LONG,69231.1,68718.7,-0.007401297971576515,-0.008801297971576515,3342.637990576255,3313.2184376100818
2026-02-09 10:30:00+00:00,2026-02-09 10:45:00+00:00,LONG,68718.7,68459.0,-0.0037791751008094954,-0.005179175100809496,3313.2184376100818,3296.058699174469
2026-02-09 17:40:00+00:00,2026-02-09 17:55:00+00:00,SHORT,70849.1,70615.5,0.003308055596859205,0.0019080555968592052,3296.058699174469,3302.347762423005
2026-02-10 03:15:00+00:00,2026-02-10 03:30:00+00:00,LONG,69571.8,69430.7,-0.0020281205890892995,-0.0034281205890892997,3302.347762423005,3291.0269160663097
2026-02-10 03:30:00+00:00,2026-02-10 03:45:00+00:00,LONG,69430.7,69507.2,0.0011018180718327386,-0.0002981819281672614,3291.0269160663097,3290.0455913148267
2026-02-10 06:40:00+00:00,2026-02-10 06:55:00+00:00,LONG,69033.1,68919.4,-0.0016470359870845996,-0.0030470359870846,3290.0455913148267,3280.0207039989414
2026-02-10 14:15:00+00:00,2026-02-10 14:30:00+00:00,SHORT,69500.0,69117.0,0.005541328472011164,0.004141328472011164,3280.0207039989414,3293.6043471291982
2026-02-11 03:15:00+00:00,2026-02-11 03:30:00+00:00,LONG,68103.5,68332.0,0.003355187325174258,0.001955187325174258,3293.6043471291982,3300.043960602844
2026-02-11 04:20:00+00:00,2026-02-11 04:35:00+00:00,LONG,67836.3,67477.6,-0.005287729430997867,-0.0066877294309978675,3300.043960602844,3277.974159483934
2026-02-11 06:10:00+00:00,2026-02-11 06:25:00+00:00,LONG,66917.3,67118.1,0.0030007187976801575,0.0016007187976801575,3277.974159483934,3283.2212743393293
2026-02-11 14:10:00+00:00,2026-02-11 14:25:00+00:00,SHORT,68450.1,68003.3,0.0065702693839857496,0.005170269383985749,3283.2212743393293,3300.1964127748965
2026-02-11 15:05:00+00:00,2026-02-11 15:20:00+00:00,LONG,65952.4,66168.2,0.003272056816734592,0.001872056816734592,3300.1964127748965,3306.3745679659946
2026-02-11 21:25:00+00:00,2026-02-11 21:40:00+00:00,SHORT,68194.5,67990.1,0.003006320037770127,0.0016063200377701271,3306.3745679659946,3311.6856636868915
2026-02-11 23:20:00+00:00,2026-02-11 23:35:00+00:00,LONG,66943.3,67066.5,0.0018403634120218726,0.0004403634120218726,3311.6856636868915,3313.1440088852964
2026-02-12 05:10:00+00:00,2026-02-12 05:25:00+00:00,LONG,66809.9,66876.7,0.000999851818368258,-0.0004001481816317419,3313.1440088852964,3311.818260334657
2026-02-12 10:55:00+00:00,2026-02-12 11:10:00+00:00,SHORT,68011.3,67909.1,0.0015049529444506327,0.00010495294445063267,3311.818260334657,3312.1658454125645
2026-02-12 11:25:00+00:00,2026-02-12 11:40:00+00:00,SHORT,68213.0,68094.1,0.0017461130993727814,0.0003461130993727814,3312.1658454125645,3313.312229398957
2026-02-12 16:20:00+00:00,2026-02-12 16:35:00+00:00,LONG,66285.3,66364.7,0.0011978523141631392,-0.0002021476858368608,3313.312229398957,3312.642450999329
2026-02-12 16:50:00+00:00,2026-02-12 17:05:00+00:00,LONG,65640.0,65948.0,0.0046922608165753665,0.0032922608165753663,3312.642450999329,3323.548533940078
2026-02-13 15:05:00+00:00,2026-02-13 15:20:00+00:00,SHORT,68266.3,68329.9,-0.0009307784732597302,-0.0023307784732597304,3323.548533940078,3315.8020785623366
2026-02-13 15:25:00+00:00,2026-02-13 15:40:00+00:00,SHORT,68897.6,68731.3,0.0024195672131910317,0.0010195672131910318,3315.8020785623366,3319.182761647069
2026-02-14 07:40:00+00:00,2026-02-14 07:55:00+00:00,SHORT,69175.0,69208.7,-0.0004869330011977313,-0.0018869330011977313,3319.182761647069,3312.919686157111
2026-02-14 08:00:00+00:00,2026-02-14 08:15:00+00:00,SHORT,69387.9,69595.1,-0.002977221097462457,-0.004377221097462457,3312.919686157111,3298.4183042126656
2026-02-14 11:10:00+00:00,2026-02-14 11:25:00+00:00,SHORT,70088.8,70195.4,-0.0015186180291014706,-0.002918618029101471,3298.4183042126656,3288.7914810824723
2026-02-14 11:40:00+00:00,2026-02-14 11:55:00+00:00,SHORT,70304.9,70511.0,-0.0029229481924807343,-0.0043229481924807345,3288.7914810824723,3274.574205893881
2026-02-14 11:55:00+00:00,2026-02-14 12:10:00+00:00,SHORT,70511.0,70488.0,0.00032629667461137046,-0.0010737033253886295,3274.574205893881,3271.058284679781
2026-02-14 21:00:00+00:00,2026-02-14 21:15:00+00:00,SHORT,70178.8,70224.6,-0.0006521931061195252,-0.0020521931061195254,3271.058284679781,3264.345441418246
2026-02-14 21:15:00+00:00,2026-02-14 21:30:00+00:00,SHORT,70224.6,69946.1,0.0039816372892842455,0.0025816372892842453,3264.345441418246,3272.772797334916
2026-02-15 04:05:00+00:00,2026-02-15 04:20:00+00:00,SHORT,70267.4,70204.3,0.000898805343832132,-0.000501194656167868,3272.772797334916,3271.1325010980404
2026-02-15 07:15:00+00:00,2026-02-15 07:30:00+00:00,SHORT,70785.0,70767.1,0.00025294239837436727,-0.0011470576016256327,3271.1325010980404,3267.3803236967315
2026-02-15 12:50:00+00:00,2026-02-15 13:05:00+00:00,LONG,69606.4,69450.0,-0.002246919823464477,-0.0036469198234644774,3267.3803236967315,3255.464449623444
2026-02-15 13:25:00+00:00,2026-02-15 13:40:00+00:00,LONG,69053.9,68922.1,-0.001908653964511564,-0.0033086539645115643,3255.464449623444,3244.6932442658713
2026-02-15 13:40:00+00:00,2026-02-15 13:55:00+00:00,LONG,68922.1,68934.1,0.00017410961070551956,-0.0012258903892944804,3244.6932442658713,3240.7156060015172
2026-02-15 17:45:00+00:00,2026-02-15 18:00:00+00:00,LONG,68294.5,68488.3,0.0028377102109247154,0.0014377102109247154,3240.7156060015172,3245.3748159189686
2026-02-16 09:00:00+00:00,2026-02-16 09:15:00+00:00,SHORT,68959.5,68823.8,0.001971701649720048,0.0005717016497200479,3245.3748159189686,3247.2302020551892
2026-02-16 12:25:00+00:00,2026-02-16 12:40:00+00:00,SHORT,69508.7,69436.0,0.0010470073160895321,-0.00035299268391046786,3247.2302020551892,3246.083953550891
2026-02-16 12:50:00+00:00,2026-02-16 13:05:00+00:00,SHORT,69725.1,69747.0,-0.0003139919996557605,-0.0017139919996557605,3246.083953550891,3240.5201916242936
2026-02-16 15:30:00+00:00,2026-02-16 15:45:00+00:00,LONG,67439.9,67485.9,0.0006820887931329178,-0.0007179112068670822,3240.5201916242936,3238.1937858626475
2026-02-16 20:55:00+00:00,2026-02-16 21:10:00+00:00,SHORT,68531.0,68575.8,-0.0006532916859883775,-0.0020532916859883777,3238.1937858626475,3231.5448294845164
2026-02-16 21:55:00+00:00,2026-02-16 22:10:00+00:00,SHORT,68864.8,68747.3,0.0017091580323882472,0.00030915803238824716,3231.5448294845164,3232.543887525574
2026-02-17 05:20:00+00:00,2026-02-17 05:35:00+00:00,LONG,68024.8,68057.0,0.00047335677576398894,-0.000926643224236011,3232.543887525574,3229.5484726351533
2026-02-17 14:40:00+00:00,2026-02-17 14:55:00+00:00,LONG,67105.1,66879.0,-0.0033693415254578696,-0.00476934152545787,3229.5484726351533,3214.1456529961356
2026-02-18 01:00:00+00:00,2026-02-18 01:15:00+00:00,LONG,67151.1,67149.9,-1.787014658005681e-05,-0.0014178701465800568,3214.1456529961356,3209.5884118279923
2026-02-18 01:20:00+00:00,2026-02-18 01:35:00+00:00,LONG,67157.0,66959.7,-0.0029378918057686443,-0.0043378918057686445,3209.5884118279923,3195.6655645564338
2026-02-18 04:50:00+00:00,2026-02-18 05:05:00+00:00,SHORT,67851.7,67760.5,0.00134591686897223,-5.408313102776992e-05,3195.6655645564338,3195.492732956985
2026-02-18 07:45:00+00:00,2026-02-18 08:00:00+00:00,SHORT,68177.0,68131.8,0.000663420018258698,-0.000736579981741302,3195.492732956985,3193.1389969780894
2026-02-18 08:10:00+00:00,2026-02-18 08:25:00+00:00,SHORT,68230.2,68289.8,-0.0008727511282798917,-0.002272751128279892,3193.1389969780894,3185.881786719953
2026-02-18 10:40:00+00:00,2026-02-18 10:55:00+00:00,LONG,67779.9,67800.3,0.00030097418261187947,-0.0010990258173881205,3185.881786719953,3182.3804203852014
2026-02-18 11:05:00+00:00,2026-02-18 11:20:00+00:00,LONG,67182.9,67397.3,0.003191288259363656,0.001791288259363656,3182.3804203852014,3188.080981069066
2026-02-18 14:45:00+00:00,2026-02-18 15:00:00+00:00,LONG,66777.8,67484.0,0.01057537085678173,0.00917537085678173,3188.080981069066,3217.332806391827
2026-02-18 15:35:00+00:00,2026-02-18 15:50:00+00:00,SHORT,68108.4,67850.7,0.0037980448248875476,0.0023980448248875474,3217.332806391827,3225.048114678136
2026-02-18 18:40:00+00:00,2026-02-18 18:55:00+00:00,LONG,66347.2,66370.3,0.0003481684230834947,-0.0010518315769165053,3225.048114678136,3221.6559072340424
2026-02-18 19:35:00+00:00,2026-02-18 19:50:00+00:00,LONG,65984.7,66152.9,0.002549075770595266,0.001149075770595266,3221.6559072340424,3225.35783397824
2026-02-19 06:15:00+00:00,2026-02-19 06:30:00+00:00,SHORT,67128.4,67137.0,-0.00012809628073950918,-0.0015280962807395092,3225.35783397824,3220.4291766680835
2026-02-19 11:50:00+00:00,2026-02-19 12:05:00+00:00,LONG,66515.3,66541.0,0.0003863772695904544,-0.0010136227304095456,3220.4291766680835,3217.1648764529386
2026-02-19 13:05:00+00:00,2026-02-19 13:20:00+00:00,LONG,66354.5,66182.0,-0.0025996729686758036,-0.003999672968675804,3217.1648764529386,3204.2972690608167
2026-02-19 13:40:00+00:00,2026-02-19 13:55:00+00:00,LONG,65968.6,65920.0,-0.0007367141336940275,-0.0021367141336940277,3204.2972690608167,3197.4506017974572
2026-02-20 00:25:00+00:00,2026-02-20 00:40:00+00:00,SHORT,67393.0,67281.9,0.001651261334772114,0.0002512613347721139,3197.4506017974572,3198.2539975035324
2026-02-20 05:30:00+00:00,2026-02-20 05:45:00+00:00,SHORT,67898.5,67975.9,-0.0011386388411186443,-0.0025386388411186445,3198.2539975035324,3190.134785681707
2026-02-20 05:45:00+00:00,2026-02-20 06:00:00+00:00,SHORT,67975.9,67760.2,0.003183284582985335,0.0017832845829853351,3190.134785681707,3195.823703862658
2026-02-20 09:00:00+00:00,2026-02-20 09:15:00+00:00,SHORT,68179.9,68112.5,0.0009895393650209972,-0.00041046063497900283,3195.823703862658,3194.51194403589
2026-02-20 11:40:00+00:00,2026-02-20 11:55:00+00:00,LONG,67461.8,67327.8,-0.001986309289108812,-0.003386309289108812,3194.51194403589,3183.6943385656323
2026-02-20 13:35:00+00:00,2026-02-20 13:50:00+00:00,LONG,66549.0,66959.9,0.006174397812138244,0.0047743978121382435,3183.6943385656323,3198.8945618501966
2026-02-21 03:05:00+00:00,2026-02-21 03:20:00+00:00,LONG,67702.9,67819.9,0.0017281386764820272,0.00032813867648202725,3198.8945618501966,3199.9442428779275
2026-02-21 03:40:00+00:00,2026-02-21 03:55:00+00:00,LONG,67620.0,67673.8,0.0007956225968648312,-0.0006043774031351688,3199.9442428779275,3198.01026888624
2026-02-21 08:55:00+00:00,2026-02-21 09:10:00+00:00,SHORT,68053.0,67994.9,0.0008544758503947758,-0.0005455241496052242,3198.01026888624,3196.265677053877
2026-02-21 09:15:00+00:00,2026-02-21 09:30:00+00:00,SHORT,68119.0,68207.9,-0.0013033680849284801,-0.0027033680849284803,3196.265677053877,3187.6249944315773
2026-02-21 14:20:00+00:00,2026-02-21 14:35:00+00:00,SHORT,68502.9,68532.9,-0.0004377459585104271,-0.001837745958510427,3187.6249944315773,3181.7669494808138
2026-02-21 20:55:00+00:00,2026-02-21 21:10:00+00:00,LONG,68222.1,68302.0,0.0011711747366320857,-0.00022882526336791427,3181.7669494808138,3181.0388808206235
2026-02-21 22:55:00+00:00,2026-02-21 23:10:00+00:00,LONG,67975.1,67952.9,-0.0003265901778741753,-0.0017265901778741753,3181.0388808206235,3175.5465303335627
2026-02-21 23:10:00+00:00,2026-02-21 23:25:00+00:00,LONG,67952.9,68076.1,0.0018130204891919632,0.00041302048919196325,3175.5465303335627,3176.858096114973
2026-02-22 11:05:00+00:00,2026-02-22 11:20:00+00:00,SHORT,68209.2,68220.0,-0.00015831134564647797,-0.001558311345646478,3176.858096114973,3171.907562100288
2026-02-22 12:35:00+00:00,2026-02-22 12:50:00+00:00,LONG,67917.9,67948.1,0.00044465450197983536,-0.0009553454980201646,3171.907562100288,3168.8772944906996
2026-02-22 13:35:00+00:00,2026-02-22 13:50:00+00:00,LONG,67648.9,67628.9,-0.00029564412725113787,-0.0016956441272511379,3168.8772944906996,3163.504006316317
2026-02-22 13:50:00+00:00,2026-02-22 14:05:00+00:00,LONG,67628.9,67586.0,-0.0006343441930889426,-0.002034344193088943,3163.504006316317,3157.0683503112537
2026-02-22 14:05:00+00:00,2026-02-22 14:20:00+00:00,LONG,67586.0,67616.0,0.00044387890983332845,-0.0009561210901666715,3157.0683503112537,3154.0498106784235
2026-02-22 17:30:00+00:00,2026-02-22 17:45:00+00:00,LONG,67302.5,67353.0,0.0007503435979347994,-0.0006496564020652006,3154.0498106784235,3152.0007620264837
2026-02-23 00:35:00+00:00,2026-02-23 00:50:00+00:00,LONG,67202.0,67150.7,-0.0007633701377935953,-0.0021633701377935955,3152.0007620264837,3145.181817703613
2026-02-23 00:55:00+00:00,2026-02-23 01:10:00+00:00,LONG,66735.0,65479.6,-0.018811717989061227,-0.020211717989061226,3145.181817703613,3081.6122897798646
2026-02-23 01:10:00+00:00,2026-02-23 01:25:00+00:00,LONG,65479.6,65048.1,-0.006589838667310111,-0.00798983866731011,3081.6122897798646,3056.9907047493234
2026-02-23 01:45:00+00:00,2026-02-23 02:00:00+00:00,LONG,64663.7,64582.9,-0.0012495418604254738,-0.002649541860425474,3056.9907047493234,3048.8910799101586
2026-02-23 06:35:00+00:00,2026-02-23 06:50:00+00:00,SHORT,65620.0,65800.1,-0.0027370779071764773,-0.0041370779071764775,3048.8910799101586,3036.277579982075
2026-02-23 09:30:00+00:00,2026-02-23 09:45:00+00:00,SHORT,66148.0,66312.9,-0.0024866956504691062,-0.0038866956504691064,3036.277579982075,3024.476493118342
2026-02-23 17:15:00+00:00,2026-02-23 17:30:00+00:00,LONG,64781.9,64565.2,-0.0033450701507674596,-0.00474507015076746,3024.476493118342,3010.1251399891485
2026-02-23 17:35:00+00:00,2026-02-23 17:50:00+00:00,LONG,64368.0,64488.1,0.0018658339547601432,0.00046583395476014326,3010.1251399891485,3011.527358487432
2026-02-23 17:50:00+00:00,2026-02-23 18:05:00+00:00,LONG,64488.1,64820.0,0.005146685977722942,0.003746685977722942,3011.527358487432,3022.8106058130056
2026-02-23 19:35:00+00:00,2026-02-23 19:50:00+00:00,LONG,64135.0,64251.0,0.0018086848054883475,0.00040868480548834755,3022.8106058130056,3024.04598257747
2026-02-24 01:10:00+00:00,2026-02-24 01:25:00+00:00,LONG,64329.4,64432.3,0.0015995796634198367,0.00019957966341983672,3024.04598257747,3024.649520656839
2026-02-24 04:05:00+00:00,2026-02-24 04:20:00+00:00,LONG,63312.0,63286.0,-0.0004106646449330009,-0.001810664644933001,3024.649520656839,3019.172894706472
2026-02-24 05:20:00+00:00,2026-02-24 05:35:00+00:00,LONG,62723.0,62964.9,0.003856639510227522,0.0024566395102275217,3019.172894706472,3026.589914127816
2026-02-24 13:30:00+00:00,2026-02-24 13:45:00+00:00,LONG,62701.4,62937.9,0.003771845604723323,0.0023718456047233227,3026.589914127816,3033.7685181129395
2026-02-24 16:00:00+00:00,2026-02-24 16:15:00+00:00,SHORT,64306.4,64146.0,0.0025005456302809037,0.0011005456302809037,3033.7685181129395,3037.1073187988322
2026-02-25 01:10:00+00:00,2026-02-25 01:25:00+00:00,SHORT,65602.9,65946.0,-0.005202741637097108,-0.006602741637097108,3037.1073187988322,3017.054083848667
2026-02-25 01:25:00+00:00,2026-02-25 01:40:00+00:00,SHORT,65946.0,65805.6,0.002133557022502508,0.000733557022502508,3017.054083848667,3019.2672650591435
2026-02-25 05:30:00+00:00,2026-02-25 05:45:00+00:00,LONG,65031.0,64945.3,-0.0013178330334763233,-0.0027178330334763235,3019.2672650591435,3011.0614007492723
2026-02-25 08:50:00+00:00,2026-02-25 09:05:00+00:00,SHORT,65581.1,65531.9,0.0007507793914109939,-0.0006492206085890061,3011.0614007492723,3009.106557634179
2026-02-25 12:15:00+00:00,2026-02-25 12:30:00+00:00,SHORT,65713.0,65790.9,-0.0011840543297020334,-0.0025840543297020336,3009.106557634179,3001.3308628053896
2026-02-25 12:45:00+00:00,2026-02-25 13:00:00+00:00,SHORT,66011.0,66115.0,-0.0015730167133025663,-0.0029730167133025665,3001.3308628053896,2992.4078559881186
2026-02-25 13:00:00+00:00,2026-02-25 13:15:00+00:00,SHORT,66115.0,66092.0,0.0003479997579132199,-0.00105200024208678,2992.4078559881186,2989.259842199197
2026-02-25 13:45:00+00:00,2026-02-25 14:00:00+00:00,SHORT,66641.0,66299.0,0.005158448845382191,0.0037584488453821906,2989.259842199197,3000.4948224016575
2026-02-25 15:00:00+00:00,2026-02-25 15:15:00+00:00,SHORT,67101.5,66841.6,0.0038882971083875617,0.0024882971083875615,3000.4948224016575,3007.9609449919712
2026-02-25 16:20:00+00:00,2026-02-25 16:35:00+00:00,SHORT,68000.8,67877.1,0.001822411387640166,0.000422411387640166,3007.9609449919712,3009.2315419487127
2026-02-25 17:00:00+00:00,2026-02-25 17:15:00+00:00,SHORT,68193.2,68292.0,-0.0014467287530018913,-0.0028467287530018915,3009.2315419487127,3000.665075993807
2026-02-25 18:25:00+00:00,2026-02-25 18:40:00+00:00,SHORT,69343.7,69473.4,-0.0018669015767185382,-0.0032669015767185384,3000.665075993807,2990.8621985258387
2026-02-25 23:40:00+00:00,2026-02-25 23:55:00+00:00,LONG,67692.9,67989.9,0.004387461609710819,0.0029874616097108186,2990.8621985258387,2999.7972845238696
2026-02-26 07:50:00+00:00,2026-02-26 08:05:00+00:00,LONG,67878.3,67890.1,0.00017384053519320375,-0.0012261594648067962,2999.7972845238696,2996.1190546909493
2026-02-26 14:45:00+00:00,2026-02-26 15:00:00+00:00,LONG,67363.4,67537.5,0.002584489500233156,0.0011844895002331558,2996.1190546909493,2999.667926252679
2026-02-26 15:15:00+00:00,2026-02-26 15:30:00+00:00,LONG,66962.0,66812.6,-0.0022311161554313674,-0.0036311161554313676,2999.667926252679,2988.7757835847337
2026-02-26 19:00:00+00:00,2026-02-26 19:15:00+00:00,SHORT,67760.0,67547.9,0.003139993989450529,0.0017399939894505291,2988.7757835847337,2993.9762354839863
2026-02-27 01:05:00+00:00,2026-02-27 01:20:00+00:00,LONG,66929.4,67071.0,0.0021156621753670724,0.0007156621753670724,2993.9762354839863,2996.11891102967
2026-02-27 04:00:00+00:00,2026-02-27 04:15:00+00:00,SHORT,67808.1,68147.5,-0.0049803734546387535,-0.006380373454638754,2996.11891102967,2977.0025534627953
2026-02-27 04:15:00+00:00,2026-02-27 04:30:00+00:00,SHORT,68147.5,67844.5,0.004466095261959291,0.0030660952619592906,2977.0025534627953,2986.1303268868082
2026-02-27 10:10:00+00:00,2026-02-27 10:25:00+00:00,LONG,66872.4,66782.3,-0.0013473421022722754,-0.0027473421022722756,2986.1303268868082,2977.92640531688
2026-02-27 11:15:00+00:00,2026-02-27 11:30:00+00:00,LONG,66399.1,66463.6,0.0009713987087174303,-0.0004286012912825697,2977.92640531688,2976.6500622142166
2026-02-27 11:35:00+00:00,2026-02-27 11:50:00+00:00,LONG,66118.5,66040.3,-0.0011827249559502873,-0.0025827249559502875,2976.6500622142166,2968.962193813405
2026-02-27 12:45:00+00:00,2026-02-27 13:00:00+00:00,LONG,65763.8,66165.1,0.0061021412996207225,0.004702141299620722,2968.962193813405,2982.9226735619472
2026-02-27 16:45:00+00:00,2026-02-27 17:00:00+00:00,LONG,65490.1,65629.9,0.002134673790389563,0.000734673790389563,2982.9226735619472,2985.1141486689717
2026-02-27 22:30:00+00:00,2026-02-27 22:45:00+00:00,LONG,64995.0,65536.3,0.00832833294868851,0.00692833294868851,2985.1141486689717,3005.796013380791
2026-02-28 04:30:00+00:00,2026-02-28 04:45:00+00:00,LONG,65596.2,65666.5,0.001071708422134332,-0.00032829157786566795,3005.796013380791,3004.809235864816
2026-02-28 06:15:00+00:00,2026-02-28 06:30:00+00:00,LONG,64948.7,64107.2,-0.012956379419449493,-0.014356379419449493,3004.809235864816,2961.6710543916747
2026-02-28 06:30:00+00:00,2026-02-28 06:45:00+00:00,LONG,64107.2,63771.6,-0.005234981406144645,-0.0066349814061446456,2961.6710543916747,2942.0204220146693
2026-02-28 06:50:00+00:00,2026-02-28 07:05:00+00:00,LONG,63397.0,63662.7,0.004191050049686895,0.002791050049686895,2942.0204220146693,2950.231748259713
2026-02-28 07:20:00+00:00,2026-02-28 07:35:00+00:00,LONG,63427.9,64208.9,0.012313193405425693,0.010913193405425693,2950.231748259713,2982.4281979192983
2026-02-28 13:45:00+00:00,2026-02-28 14:00:00+00:00,SHORT,64528.4,64808.6,-0.004323500276197878,-0.005723500276197878,2982.4281979192983,2965.358269304767
2026-02-28 18:55:00+00:00,2026-02-28 19:10:00+00:00,SHORT,65906.5,65756.6,0.002279619080061801,0.000879619080061801,2965.358269304767,2967.966655017666
2026-02-28 19:30:00+00:00,2026-02-28 19:45:00+00:00,SHORT,66276.1,66537.7,-0.003931605691209539,-0.005331605691209539,2967.966655017666,2952.142627108454
2026-02-28 20:20:00+00:00,2026-02-28 20:35:00+00:00,SHORT,66940.8,66723.4,0.003258227248611467,0.0018582272486114672,2952.142627108454,2957.628378979934
2026-02-28 22:35:00+00:00,2026-02-28 22:50:00+00:00,SHORT,67536.5,67270.1,0.0039601546600940285,0.0025601546600940283,2957.628378979934,2965.2003650572055
2026-03-01 02:00:00+00:00,2026-03-01 02:15:00+00:00,SHORT,68013.0,67777.5,0.0034746044041165103,0.00207460440411651,2965.2003650572055,2971.351982793641
2026-03-01 08:50:00+00:00,2026-03-01 09:05:00+00:00,LONG,66519.8,66603.2,0.0012537620377690573,-0.00014623796223094273,2971.351982793641,2970.9174583346066
2026-03-01 13:50:00+00:00,2026-03-01 14:05:00+00:00,SHORT,67145.0,67056.9,0.0013138096154161616,-8.61903845838384e-05,2970.9174583346066,2970.661393816306
2026-03-01 16:45:00+00:00,2026-03-01 17:00:00+00:00,LONG,66097.4,66125.9,0.0004311818619189278,-0.0009688181380810722,2970.661393816306,2967.7833631758795
2026-03-01 17:15:00+00:00,2026-03-01 17:30:00+00:00,LONG,65828.7,66062.5,0.003551642368754049,0.0021516423687540486,2967.7833631758795,2974.168971601372
2026-03-01 19:40:00+00:00,2026-03-01 19:55:00+00:00,LONG,65819.9,65960.1,0.0021300548922136286,0.0007300548922136287,2974.168971601372,2976.3402782093594
2026-03-01 20:05:00+00:00,2026-03-01 20:20:00+00:00,LONG,65585.1,65433.3,-0.002314550103605928,-0.003714550103605928,2976.3402782093594,2965.2845131205704
2026-03-01 20:20:00+00:00,2026-03-01 20:35:00+00:00,LONG,65433.3,65187.3,-0.00375955362177971,-0.00515955362177971,2965.2845131205704,2949.984968671292
2026-03-01 20:35:00+00:00,2026-03-01 20:50:00+00:00,LONG,65187.3,65309.5,0.0018745982729764243,0.00047459827297642435,2949.984968671292,2951.3850264427297
2026-03-01 20:55:00+00:00,2026-03-01 21:10:00+00:00,LONG,65290.4,65514.1,0.003426231115140954,0.002026231115140954,2951.3850264427297,2957.365214616069
2026-03-02 00:40:00+00:00,2026-03-02 00:55:00+00:00,SHORT,66643.9,66511.1,0.0019966592042528486,0.0005966592042528486,2957.365214616069,2959.1297537917067
2026-03-02 01:10:00+00:00,2026-03-02 01:25:00+00:00,SHORT,66924.4,66565.9,0.005385640395457747,0.003985640395457747,2959.1297537917067,2970.92378087382
2026-03-02 07:05:00+00:00,2026-03-02 07:20:00+00:00,LONG,65673.3,65754.8,0.0012409913922399873,-0.00015900860776001265,2970.92378087382,2970.451378419662
2026-03-02 13:40:00+00:00,2026-03-02 13:55:00+00:00,LONG,65603.7,65449.1,-0.0023565744005291656,-0.0037565744005291658,2970.451378419662,2959.2926568134744
2026-03-02 14:40:00+00:00,2026-03-02 14:55:00+00:00,SHORT,66615.1,67169.4,-0.008252269634684617,-0.009652269634684617,2959.2926568134744,2930.728766161969
2026-03-02 14:55:00+00:00,2026-03-02 15:10:00+00:00,SHORT,67169.4,68426.8,-0.018375841044736996,-0.019775841044736994,2930.728766161969,2872.771139937112
2026-03-02 15:10:00+00:00,2026-03-02 15:25:00+00:00,SHORT,68426.8,68552.1,-0.0018278068797309421,-0.0032278068797309423,2872.771139937112,2863.4983894877305
2026-03-02 15:30:00+00:00,2026-03-02 15:45:00+00:00,SHORT,68864.1,69274.9,-0.005929997733666759,-0.007329997733666759,2863.4983894877305,2842.508952782427
2026-03-02 16:45:00+00:00,2026-03-02 17:00:00+00:00,SHORT,69820.4,69570.2,0.003596367410184209,0.002196367410184209,2842.508952782427,2848.752146809475
2026-03-03 02:20:00+00:00,2026-03-03 02:35:00+00:00,LONG,68382.0,68400.1,0.0002646895381825942,-0.0011353104618174058,2848.752146809475,2845.5179286940775
2026-03-03 08:55:00+00:00,2026-03-03 09:10:00+00:00,LONG,66999.5,67090.0,0.001350756348927895,-4.9243651072104896e-05,2845.5179286940775,2845.3778050020774
2026-03-03 12:10:00+00:00,2026-03-03 12:25:00+00:00,SHORT,67740.0,67572.9,0.0024728848399284686,0.0010728848399284687,2845.3778050020774,2848.4305677129328
2026-03-03 16:25:00+00:00,2026-03-03 16:40:00+00:00,SHORT,68825.1,67728.4,0.0161926163913515,0.0147926163913515,2848.4305677129328,2890.5663084185094
2026-03-04 03:30:00+00:00,2026-03-04 03:45:00+00:00,LONG,67531.5,67597.6,0.000978802484766561,-0.0004211975152334389,2890.5663084185094,2889.348809071786
2026-03-04 06:35:00+00:00,2026-03-04 06:50:00+00:00,SHORT,68555.4,68493.9,0.0008978901770815284,-0.0005021098229184716,2889.348809071786,2887.8980386529133
2026-03-04 07:40:00+00:00,2026-03-04 07:55:00+00:00,SHORT,68964.0,69490.9,-0.0075822877527848,-0.0089822877527848,2887.8980386529133,2861.95810746903
2026-03-04 07:55:00+00:00,2026-03-04 08:10:00+00:00,SHORT,69490.9,69417.9,0.0010516019643349583,-0.00034839803566504165,2861.95810746903,2860.961006886232
2026-03-04 08:40:00+00:00,2026-03-04 08:55:00+00:00,SHORT,69900.0,71022.4,-0.01580346482236583,-0.01720346482236583,2860.961006886232,2811.7425648461044
2026-03-04 08:55:00+00:00,2026-03-04 09:10:00+00:00,SHORT,71022.4,71081.5,-0.0008314399667987971,-0.0022314399667987973,2811.7425648461044,2805.4683301105574
2026-03-04 09:15:00+00:00,2026-03-04 09:30:00+00:00,SHORT,71195.1,71484.0,-0.004041463824072444,-0.0054414638240724445,2805.4683301105574,2790.20247568268
2026-03-04 09:30:00+00:00,2026-03-04 09:45:00+00:00,SHORT,71484.0,71829.4,-0.004808615970619212,-0.006208615970619212,2790.20247568268,2772.8791800308954
2026-03-04 14:30:00+00:00,2026-03-04 14:45:00+00:00,SHORT,72419.1,71656.0,0.010649492017416717,0.009249492017416717,2772.8791800308954,2798.526903871852
2026-03-04 15:25:00+00:00,2026-03-04 15:40:00+00:00,SHORT,72970.4,72693.5,0.003809143871185139,0.0024091438711851387,2798.526903871852,2805.2689578106615
2026-03-04 23:20:00+00:00,2026-03-04 23:35:00+00:00,LONG,72600.0,72703.7,0.0014283746556473798,2.8374655647379768e-05,2805.2689578106615,2805.3485563513373
2026-03-05 07:50:00+00:00,2026-03-05 08:05:00+00:00,LONG,71812.0,71892.0,0.0011140199409569451,-0.00028598005904305487,2805.3485563513373,2804.5462826055555
2026-03-05 10:25:00+00:00,2026-03-05 10:40:00+00:00,SHORT,73172.7,73299.6,-0.0017312509208782245,-0.0031312509208782247,2804.5462826055555,2795.764544475501
2026-03-05 15:25:00+00:00,2026-03-05 15:40:00+00:00,LONG,71273.5,71459.3,0.0026068594919570476,0.0012068594919570476,2795.764544475501,2799.1386394532783
2026-03-06 01:25:00+00:00,2026-03-06 01:40:00+00:00,LONG,70473.0,71159.8,0.009745576320009164,0.008345576320009164,2799.1386394532783,2822.499064599122
2026-03-06 04:40:00+00:00,2026-03-06 04:55:00+00:00,LONG,70524.7,70622.6,0.0013881661318659866,-1.18338681340134e-05,2822.499064599122,2822.4656635173833
2026-03-06 05:30:00+00:00,2026-03-06 05:45:00+00:00,LONG,70316.7,70167.1,-0.0021275173607406828,-0.003527517360740683,2822.4656635173833,2812.5093668892314
2026-03-06 12:05:00+00:00,2026-03-06 12:20:00+00:00,LONG,69833.9,70105.7,0.003892092522399526,0.002492092522399526,2812.5093668892314,2819.5184004516345
2026-03-06 13:55:00+00:00,2026-03-06 14:10:00+00:00,LONG,69227.9,68827.5,-0.00578379526173689,-0.007183795261736891,2819.5184004516345,2799.26355752609
2026-03-06 14:35:00+00:00,2026-03-06 14:50:00+00:00,LONG,68642.7,68352.1,-0.00423351645550063,-0.00563351645550063,2799.26355752609,2783.493860211484
2026-03-07 03:10:00+00:00,2026-03-07 03:25:00+00:00,SHORT,68520.9,68231.5,0.004241442735393397,0.002841442735393397,2783.493860211484,2791.4029986195937
2026-03-07 04:00:00+00:00,2026-03-07 04:15:00+00:00,LONG,67907.2,68022.0,0.001690542387257965,0.00029054238725796503,2791.4029986195937,2792.2140195106117
2026-03-07 06:50:00+00:00,2026-03-07 07:05:00+00:00,LONG,67686.1,67455.0,-0.003414290378674578,-0.004814290378674578,2792.2140195106117,2778.7714904212817
2026-03-07 07:05:00+00:00,2026-03-07 07:20:00+00:00,LONG,67455.0,67717.4,0.0038900007412348003,0.0024900007412348,2778.7714904212817,2785.6906334921528
2026-03-07 14:05:00+00:00,2026-03-07 14:20:00+00:00,LONG,67700.1,67794.0,0.0013869994283610687,-1.3000571638931277e-05,2785.6906334921528,2785.6544179215084
2026-03-07 18:00:00+00:00,2026-03-07 18:15:00+00:00,LONG,67607.3,67616.7,0.0001390382399533152,-0.0012609617600466848,2785.6544179215084,2782.1418142238044
2026-03-07 19:15:00+00:00,2026-03-07 19:30:00+00:00,LONG,67372.5,67225.1,-0.002187836283349953,-0.0035878362833499534,2782.1418142238044,2772.159944877307
2026-03-07 19:50:00+00:00,2026-03-07 20:05:00+00:00,LONG,67029.0,67193.1,0.002448194065255427,0.0010481940652554268,2772.159944877307,2775.0657064794664
2026-03-08 04:50:00+00:00,2026-03-08 05:05:00+00:00,LONG,66621.0,66918.0,0.004458053766830172,0.003058053766830172,2775.0657064794664,2783.5520066163667
2026-03-08 09:10:00+00:00,2026-03-08 09:25:00+00:00,SHORT,67767.5,67850.0,-0.0012159174649962745,-0.0026159174649962747,2783.5520066163667,2776.2704643075335
2026-03-08 09:25:00+00:00,2026-03-08 09:40:00+00:00,SHORT,67850.0,67745.2,0.0015469730696788808,0.00014697306967888083,2776.2704643075335,2776.678501299931
2026-03-08 10:20:00+00:00,2026-03-08 10:35:00+00:00,SHORT,68096.4,67955.4,0.002074890295693965,0.0006748902956939652,2776.678501299931,2778.5524546747206
2026-03-08 12:10:00+00:00,2026-03-08 12:25:00+00:00,LONG,67040.0,67424.9,0.0057413484486872335,0.004341348448687233,2778.5524546747206,2790.6151190634187
2026-03-08 22:00:00+00:00,2026-03-08 22:15:00+00:00,LONG,65770.7,65778.0,0.00011099167258366016,-0.0012890083274163398,2790.6151190634187,2787.017992936332
2026-03-08 22:15:00+00:00,2026-03-08 22:30:00+00:00,LONG,65778.0,66060.2,0.004290188208823542,0.002890188208823542,2787.017992936332,2795.0729994772955
2026-03-09 03:05:00+00:00,2026-03-09 03:20:00+00:00,SHORT,67112.0,67144.0,-0.00047658763255098435,-0.0018765876325509843,2795.0729994772955,2789.827800054399
2026-03-09 05:40:00+00:00,2026-03-09 05:55:00+00:00,SHORT,67920.1,67913.0,0.00010454552147609597,-0.001295454478523904,2789.827800054399,2786.2137051365085
2026-03-09 13:10:00+00:00,2026-03-09 13:25:00+00:00,SHORT,68471.8,68769.9,-0.004334745288272823,-0.0057347452882728234,2786.2137051365085,2770.2354792188557
2026-03-09 13:25:00+00:00,2026-03-09 13:40:00+00:00,SHORT,68769.9,69227.4,-0.006608654954541104,-0.008008654954541105,2770.2354792188557,2748.049619122964
2026-03-09 13:40:00+00:00,2026-03-09 13:55:00+00:00,SHORT,69227.4,68975.0,0.003659296846683535,0.002259296846683535,2748.049619122964,2754.2582789619782
2026-03-09 19:25:00+00:00,2026-03-09 19:40:00+00:00,SHORT,69362.0,68957.8,0.005861555908106109,0.004461555908106108,2754.2582789619782,2766.546556258931
2026-03-10 00:30:00+00:00,2026-03-10 00:45:00+00:00,SHORT,69069.9,69232.4,-0.0023471669334010903,-0.0037471669334010905,2766.546556258931,2756.179844483603
2026-03-10 00:45:00+00:00,2026-03-10 01:00:00+00:00,SHORT,69232.4,69096.3,0.0019697147314687857,0.0005697147314687857,2756.179844483603,2757.7500807435827
2026-03-10 02:30:00+00:00,2026-03-10 02:45:00+00:00,SHORT,70021.1,70566.4,-0.0077274736985305514,-0.009127473698530552,2757.7500807435827,2732.578789414475
2026-03-10 02:45:00+00:00,2026-03-10 03:00:00+00:00,SHORT,70566.4,70053.9,0.007315795408963766,0.005915795408963765,2732.578789414475,2748.7441664715247
2026-03-10 08:05:00+00:00,2026-03-10 08:20:00+00:00,SHORT,70914.0,70869.0,0.0006349743893663273,-0.0007650256106336727,2748.7441664715247,2746.6413067870944
2026-03-10 13:35:00+00:00,2026-03-10 13:50:00+00:00,LONG,69776.2,70164.1,0.005559202134825414,0.004159202134825414,2746.6413067870944,2758.065143173883
2026-03-10 14:10:00+00:00,2026-03-10 14:25:00+00:00,LONG,69491.9,69801.0,0.004448000414436937,0.0030480004144369365,2758.065143173883,2766.4717268733207
2026-03-10 14:55:00+00:00,2026-03-10 15:10:00+00:00,SHORT,71468.7,71195.0,0.0038443710934756847,0.0024443710934756845,2766.4717268733207,2773.2340103934075
2026-03-10 18:15:00+00:00,2026-03-10 18:30:00+00:00,LONG,70229.0,70370.3,0.002011989349129273,0.0006119893491292729,2773.2340103934075,2774.9312000704113
2026-03-10 18:40:00+00:00,2026-03-10 18:55:00+00:00,LONG,70044.9,70012.9,-0.0004568498206151128,-0.0018568498206151128,2774.9312000704113,2769.7785695693415
2026-03-10 21:40:00+00:00,2026-03-10 21:55:00+00:00,LONG,69744.0,69757.9,0.0001993002982334513,-0.0012006997017665487,2769.7785695693415,2766.4528972669004
2026-03-10 22:10:00+00:00,2026-03-10 22:25:00+00:00,LONG,69605.1,69604.3,-1.1493410684071392e-05,-0.0014114934106840714,2766.4528972669004,2762.5480672314407
2026-03-11 04:50:00+00:00,2026-03-11 05:05:00+00:00,SHORT,70235.3,70010.4,0.0032123798749901233,0.0018123798749901234,2762.5480672314407,2767.5548537521836
2026-03-11 11:55:00+00:00,2026-03-11 12:10:00+00:00,LONG,69175.9,69153.0,-0.0003310401454841294,-0.0017310401454841294,2767.5548537521836,2762.7641051955093
2026-03-11 13:15:00+00:00,2026-03-11 13:30:00+00:00,SHORT,70076.3,70722.9,-0.009142724633746546,-0.010542724633746546,2762.7641051955093,2733.637044006434
2026-03-11 13:30:00+00:00,2026-03-11 13:45:00+00:00,SHORT,70722.9,70337.9,0.005473578255819511,0.004073578255819511,2733.637044006434,2744.772728428201
2026-03-12 02:15:00+00:00,2026-03-12 02:30:00+00:00,LONG,69605.7,69613.0,0.00010487646845014353,-0.0012951235315498565,2744.772728428201,2741.2179086788574
2026-03-12 02:35:00+00:00,2026-03-12 02:50:00+00:00,LONG,69420.0,69261.8,-0.002278882166522611,-0.0036788821665226113,2741.2179086788574,2731.1332910000665
2026-03-12 02:55:00+00:00,2026-03-12 03:10:00+00:00,LONG,69280.1,69363.2,0.0011994786381657185,-0.00020052136183428145,2731.1332910000665,2730.5856404332044
2026-03-12 08:00:00+00:00,2026-03-12 08:15:00+00:00,SHORT,69883.5,70008.9,-0.0017912008330368545,-0.0031912008330368547,2730.5856404332044,2721.8717932627756
2026-03-12 08:15:00+00:00,2026-03-12 08:30:00+00:00,SHORT,70008.9,69807.8,0.0028807669057038243,0.0014807669057038243,2721.8717932627756,2725.9022509358074
2026-03-12 09:40:00+00:00,2026-03-12 09:55:00+00:00,SHORT,70261.0,69948.6,0.004466136563133327,0.003066136563133327,2725.9022509358074,2734.260239494929
2026-03-12 10:50:00+00:00,2026-03-12 11:05:00+00:00,SHORT,70405.9,70475.0,-0.0009804895352962806,-0.0023804895352962808,2734.260239494929,2727.7513616080346
2026-03-12 11:40:00+00:00,2026-03-12 11:55:00+00:00,SHORT,70679.8,70424.0,0.0036322844484835137,0.0022322844484835135,2727.7513616080346,2733.840478551882
2026-03-12 23:15:00+00:00,2026-03-12 23:30:00+00:00,SHORT,70589.9,70539.1,0.000720167963583096,-0.000679832036416904,2733.840478551882,2731.981926212109
2026-03-13 00:10:00+00:00,2026-03-13 00:25:00+00:00,SHORT,71119.7,71481.0,-0.005054490004336887,-0.006454490004336887,2731.981926212109,2714.348376177344
2026-03-13 00:30:00+00:00,2026-03-13 00:45:00+00:00,SHORT,71941.5,71326.1,0.00862797769680368,0.007227977696803679,2714.348376177344,2733.967625701709
2026-03-13 08:35:00+00:00,2026-03-13 08:50:00+00:00,SHORT,72032.9,71843.0,0.0026432637835278605,0.0012432637835278605,2733.967625701709,2737.3666686360816
2026-03-13 10:00:00+00:00,2026-03-13 10:15:00+00:00,SHORT,72180.8,72484.3,-0.004187113623225991,-0.005587113623225991,2737.3666686360816,2722.0726900299805
2026-03-13 10:15:00+00:00,2026-03-13 10:30:00+00:00,SHORT,72484.3,72403.1,0.0011214989413437237,-0.00027850105865627624,2722.0726900299805,2721.314589904068
2026-03-13 12:45:00+00:00,2026-03-13 13:00:00+00:00,SHORT,72745.0,72815.1,-0.0009627124044326862,-0.0023627124044326864,2721.314589904068,2714.884906166138
2026-03-13 13:15:00+00:00,2026-03-13 13:30:00+00:00,SHORT,73232.5,73065.7,0.002282876917623522,0.000882876917623522,2714.884906166138,2717.2818153837966
2026-03-13 13:45:00+00:00,2026-03-13 14:00:00+00:00,SHORT,73319.1,73369.9,-0.0006923820258715185,-0.0020923820258715187,2717.2818153837966,2711.5962237540602
2026-03-13 14:20:00+00:00,2026-03-13 14:35:00+00:00,SHORT,73819.9,73470.6,0.004754282665446974,0.0033542826654469737,2711.5962237540602,2720.69168396309
2026-03-13 16:25:00+00:00,2026-03-13 16:40:00+00:00,LONG,71387.0,71831.1,0.006221020634008978,0.004821020634008978,2720.69168396309,2733.8081947102523
2026-03-13 18:05:00+00:00,2026-03-13 18:20:00+00:00,LONG,71027.0,70971.3,-0.0007842088219972565,-0.0021842088219972567,2733.8081947102523,2727.836986733718
2026-03-13 22:00:00+00:00,2026-03-13 22:15:00+00:00,LONG,70791.1,70834.1,0.0006074209893616178,-0.0007925790106383822,2727.836986733718,2725.6749603935896
2026-03-14 00:40:00+00:00,2026-03-14 00:55:00+00:00,LONG,70569.7,70635.8,0.000936662618659323,-0.000463337381340677,2725.6749603935896,2724.412053295055
2026-03-14 03:35:00+00:00,2026-03-14 03:50:00+00:00,SHORT,71150.0,71094.8,0.0007764280931938927,-0.0006235719068061073,2724.412053295055,2722.7131864760563
2026-03-14 04:05:00+00:00,2026-03-14 04:20:00+00:00,SHORT,71193.8,71135.5,0.0008195626656171129,-0.0005804373343828871,2722.7131864760563,2721.132822091809
2026-03-14 04:35:00+00:00,2026-03-14 04:50:00+00:00,SHORT,71269.9,71089.7,0.0025348257201815994,0.0011348257201815994,2721.132822091809,2724.220833606349
2026-03-14 06:20:00+00:00,2026-03-14 06:35:00+00:00,LONG,70786.1,70535.6,-0.0035388303635883744,-0.004938830363588375,2724.220833606349,2710.766369036214
2026-03-14 06:35:00+00:00,2026-03-14 06:50:00+00:00,LONG,70535.6,70619.9,0.0011951411769375309,-0.00020485882306246913,2710.766369036214,2710.2110446282563
2026-03-14 12:00:00+00:00,2026-03-14 12:15:00+00:00,SHORT,70780.1,70733.7,0.0006559815194173702,-0.0007440184805826298,2710.2110446282563,2708.194597524774
2026-03-14 13:15:00+00:00,2026-03-14 13:30:00+00:00,SHORT,70915.4,70912.2,4.512622651664522e-05,-0.0013548737734833548,2708.194597524774,2704.5253356910985
2026-03-14 20:40:00+00:00,2026-03-14 20:55:00+00:00,SHORT,70840.5,70803.8,0.0005183337617471473,-0.0008816662382528527,2704.5253356910985,2702.14084701212
2026-03-14 23:05:00+00:00,2026-03-14 23:20:00+00:00,SHORT,71012.0,70995.1,0.00023804459744392048,-0.0011619554025560795,2702.14084701212,2699.001079856467
2026-03-15 02:05:00+00:00,2026-03-15 02:20:00+00:00,SHORT,71283.1,71222.7,0.0008480442330887072,-0.0005519557669112927,2699.001079856467,2697.511350645541
2026-03-15 02:45:00+00:00,2026-03-15 03:00:00+00:00,SHORT,71611.2,71443.0,0.0023543244264658814,0.0009543244264658814,2697.511350645541,2700.0856516181307
2026-03-15 09:00:00+00:00,2026-03-15 09:15:00+00:00,SHORT,71854.0,71862.0,-0.00011132448303696751,-0.0015113244830369675,2700.0856516181307,2696.0049460665437
2026-03-15 13:05:00+00:00,2026-03-15 13:20:00+00:00,LONG,71415.1,71406.9,-0.00011482165536436106,-0.001514821655364361,2696.0049460665437,2691.920979391273
2026-03-15 17:50:00+00:00,2026-03-15 18:05:00+00:00,SHORT,71966.7,71766.8,0.002785410524086318,0.001385410524086318,2691.920979391273,2695.65039504613
2026-03-15 20:35:00+00:00,2026-03-15 20:50:00+00:00,SHORT,71849.0,71772.9,0.001060288771945972,-0.00033971122805402806,2695.65039504613,2694.7346523400247
2026-03-15 21:35:00+00:00,2026-03-15 21:50:00+00:00,SHORT,72088.5,72035.6,0.0007343591224338031,-0.0006656408775661969,2694.7346523400247,2692.940926801233
2026-03-15 22:00:00+00:00,2026-03-15 22:15:00+00:00,SHORT,72222.1,71796.5,0.005927865564477441,0.004527865564477441,2692.940926801233,2705.1342012908685
2026-03-15 22:45:00+00:00,2026-03-15 23:00:00+00:00,SHORT,72490.3,72936.0,-0.006110836898102434,-0.007510836898102434,2705.1342012908685,2684.816379517494
2026-03-15 23:00:00+00:00,2026-03-15 23:15:00+00:00,SHORT,72936.0,72884.2,0.0007107164515767206,-0.0006892835484232794,2684.816379517494,2682.9657797565555
2026-03-16 03:30:00+00:00,2026-03-16 03:45:00+00:00,SHORT,73719.6,73644.0,0.001026560208571059,-0.000373439791428941,2682.9657797565555,2681.9638535753525
2026-03-16 03:50:00+00:00,2026-03-16 04:05:00+00:00,SHORT,73754.9,73671.7,0.0011293346020249118,-0.0002706653979750882,2681.9638535753525,2681.2379387615697
2026-03-16 08:40:00+00:00,2026-03-16 08:55:00+00:00,LONG,72912.0,73138.5,0.003106484529295628,0.0017064845292956278,2681.2379387615697,2685.8134298234268
2026-03-16 13:30:00+00:00,2026-03-16 13:45:00+00:00,SHORT,74308.1,74184.0,0.001672867464682426,0.000272867464682426,2685.8134298234268,2686.5463009246323
2026-03-16 18:05:00+00:00,2026-03-16 18:20:00+00:00,SHORT,74308.0,74199.4,0.0014636236950704706,6.362369507047065e-05,2686.5463009246323,2686.717228927275
2026-03-17 00:10:00+00:00,2026-03-17 00:25:00+00:00,SHORT,75408.2,75079.9,0.004372674976924618,0.0029726749769246174,2686.717228927275,2694.703966003779
2026-03-17 01:10:00+00:00,2026-03-17 01:25:00+00:00,SHORT,75835.1,75928.7,-0.0012327354478608443,-0.0026327354478608445,2694.703966003779,2687.6095233509895
2026-03-17 03:40:00+00:00,2026-03-17 03:55:00+00:00,LONG,74426.9,74465.6,0.0005199732892275932,-0.0008800267107724068,2687.6095233509895,2685.2443551823144
2026-03-17 10:05:00+00:00,2026-03-17 10:20:00+00:00,LONG,73665.6,73752.0,0.0011728676614322087,-0.00022713233856779132,2685.2443551823144,2684.634449352296
2026-03-17 15:00:00+00:00,2026-03-17 15:15:00+00:00,SHORT,74681.9,74238.0,0.005979417548964028,0.004579417548964028,2684.634449352296,2696.928511462213
2026-03-17 22:35:00+00:00,2026-03-17 22:50:00+00:00,LONG,73965.6,74262.1,0.004008620223455273,0.0026086202234552724,2696.928511462213,2703.963773718426
2026-03-17 23:40:00+00:00,2026-03-17 23:55:00+00:00,LONG,73949.0,73904.2,-0.0006058229320207165,-0.0020058229320207167,2703.963773718426,2698.5401011737486
2026-03-18 00:20:00+00:00,2026-03-18 00:35:00+00:00,LONG,73686.0,73594.0,-0.0012485411068587915,-0.0026485411068587917,2698.5401011737486,2691.392906787283
2026-03-18 00:35:00+00:00,2026-03-18 00:50:00+00:00,LONG,73594.0,73799.6,0.0027937060086420384,0.0013937060086420385,2691.392906787283,2695.143917253089
2026-03-18 05:50:00+00:00,2026-03-18 06:05:00+00:00,LONG,73848.1,74066.9,0.0029628385835247517,0.0015628385835247517,2695.143917253089,2699.355992155124
2026-03-18 11:25:00+00:00,2026-03-18 11:40:00+00:00,LONG,73604.9,73119.4,-0.006596028253553765,-0.007996028253553765,2699.355992155124,2677.7718653754523
2026-03-18 11:40:00+00:00,2026-03-18 11:55:00+00:00,LONG,73119.4,72948.5,-0.002337273008257701,-0.003737273008257701,2677.7718653754523,2667.764300860713
2026-03-18 12:30:00+00:00,2026-03-18 12:45:00+00:00,LONG,72382.1,72379.0,-4.2828268315031615e-05,-0.0014428282683150316,2667.764300860713,2663.9151751142294
2026-03-18 14:00:00+00:00,2026-03-18 14:15:00+00:00,LONG,72018.2,71931.9,-0.0011983082054258798,-0.00259830820542588,2663.9151751142294,2656.993502456172
2026-03-18 14:25:00+00:00,2026-03-18 14:40:00+00:00,LONG,71651.0,71493.0,-0.0022051332151680203,-0.0036051332151680205,2656.993502456172,2647.4146869279816
2026-03-18 14:40:00+00:00,2026-03-18 14:55:00+00:00,LONG,71493.0,71186.0,-0.00429412669771867,-0.00569412669771867,2647.4146869279816,2632.339972279213
2026-03-18 14:55:00+00:00,2026-03-18 15:10:00+00:00,LONG,71186.0,71073.0,-0.0015873907790857622,-0.0029873907790857624,2632.339972279213,2624.476144118607
2026-03-18 20:05:00+00:00,2026-03-18 20:20:00+00:00,LONG,70618.5,70879.1,0.0036902511381580183,0.002290251138158018,2624.476144118607,2630.486853594743
2026-03-19 03:15:00+00:00,2026-03-19 03:30:00+00:00,SHORT,71579.8,71371.9,0.0029129111036698685,0.0015129111036698685,2630.486853594743,2634.466546363604
2026-03-19 04:25:00+00:00,2026-03-19 04:40:00+00:00,LONG,70738.2,70797.0,0.0008312340432750087,-0.0005687659567249913,2634.466546363604,2632.9681514779013
2026-03-19 07:00:00+00:00,2026-03-19 07:15:00+00:00,LONG,70449.1,69843.1,-0.008601955170470577,-0.010001955170470577,2632.9681514779013,2606.6333220615425
2026-03-19 07:15:00+00:00,2026-03-19 07:30:00+00:00,LONG,69843.1,69975.9,0.001901404720007882,0.0005014047200078821,2606.6333220615425,2607.940300312554
2026-03-19 12:05:00+00:00,2026-03-19 12:20:00+00:00,LONG,69674.2,69699.2,0.00035881287478001234,-0.0010411871252199876,2607.940300312554,2605.224946448526
2026-03-19 12:50:00+00:00,2026-03-19 13:05:00+00:00,LONG,69314.1,69398.1,0.0012118746402247638,-0.00018812535977523622,2605.224946448526,2604.7348375681804
2026-03-19 19:10:00+00:00,2026-03-19 19:25:00+00:00,SHORT,70356.0,70283.9,0.0010258394881332844,-0.0003741605118667156,2604.7348375681804,2603.760248648079
2026-03-19 22:35:00+00:00,2026-03-19 22:50:00+00:00,LONG,70034.1,70159.2,0.0017862726871622492,0.0003862726871622492,2603.760248648079,2604.7660101160504
2026-03-19 23:35:00+00:00,2026-03-19 23:50:00+00:00,LONG,69730.2,69929.0,0.0028509885243410693,0.0014509885243410693,2604.7660101160504,2608.5454957053225
2026-03-20 08:05:00+00:00,2026-03-20 08:20:00+00:00,SHORT,71159.9,71249.9,-0.001263159667592495,-0.002663159667592495,2608.5454957053225,2601.5985225500804
2026-03-20 09:20:00+00:00,2026-03-20 09:35:00+00:00,LONG,70454.5,70684.4,0.003263098879418447,0.0018630988794184468,2601.5985225500804,2606.44555784214
2026-03-20 21:15:00+00:00,2026-03-20 21:30:00+00:00,SHORT,70541.7,70544.2,-3.543877455547406e-05,-0.001435438774555474,2606.44555784214,2602.7041648246454
2026-03-20 22:00:00+00:00,2026-03-20 22:15:00+00:00,SHORT,70867.9,70801.3,0.0009406606940831619,-0.0004593393059168381,2602.7041648246454,2601.508640500068
2026-03-21 14:10:00+00:00,2026-03-21 14:25:00+00:00,SHORT,71019.5,70923.4,0.0013549829816394965,-4.50170183605035e-05,2601.508640500068,2601.3915283378337
2026-03-21 23:10:00+00:00,2026-03-21 23:25:00+00:00,LONG,70147.2,70125.0,-0.00031647735048578873,-0.0017164773504857887,2601.3915283378337,2596.9262986996964
2026-03-21 23:45:00+00:00,2026-03-22 00:00:00+00:00,LONG,69580.6,68449.0,-0.016263153810113784,-0.017663153810113782,2596.9262986996964,2551.0563900522343
2026-03-22 00:00:00+00:00,2026-03-22 00:15:00+00:00,LONG,68449.0,68900.0,0.006588847170886369,0.005188847170886369,2551.0563900522343,2564.2934317845284
2026-03-22 07:40:00+00:00,2026-03-22 07:55:00+00:00,LONG,68955.1,68923.0,-0.00046552031684399253,-0.0018655203168439925,2564.2934317845284,2559.5096902891846
2026-03-22 08:00:00+00:00,2026-03-22 08:15:00+00:00,LONG,68849.1,68830.0,-0.0002774182959546234,-0.0016774182959546234,2559.5096902891846,2555.2163219060203
2026-03-22 08:25:00+00:00,2026-03-22 08:40:00+00:00,LONG,68630.0,68743.1,0.0016479673612124213,0.0002479673612124213,2555.2163219060203,2555.84993215469
2026-03-22 11:25:00+00:00,2026-03-22 11:40:00+00:00,LONG,68422.4,68406.9,-0.0002265340005612737,-0.0016265340005612737,2555.84993215469,2551.6927553397086
2026-03-22 11:50:00+00:00,2026-03-22 12:05:00+00:00,LONG,68317.1,68308.1,-0.00013173861302662182,-0.0015317386130266218,2551.6927553397086,2547.7842290177746
2026-03-22 18:35:00+00:00,2026-03-22 18:50:00+00:00,LONG,68463.0,68532.0,0.0010078436527758416,-0.00039215634722415834,2547.7842290177746,2546.785099261008
2026-03-22 19:45:00+00:00,2026-03-22 20:00:00+00:00,LONG,68159.4,68304.0,0.00212149754839408,0.0007214975483940801,2546.785099261008,2548.622598466411
2026-03-22 21:05:00+00:00,2026-03-22 21:20:00+00:00,LONG,67850.1,67668.0,-0.002683857503526288,-0.004083857503526288,2548.622598466411,2538.2143869440074
2026-03-23 05:00:00+00:00,2026-03-23 05:15:00+00:00,SHORT,68700.2,68823.1,-0.0017857376375084444,-0.0031857376375084446,2538.2143869440074,2530.1283018394547
2026-03-23 05:15:00+00:00,2026-03-23 05:30:00+00:00,SHORT,68823.1,68684.4,0.0020193814024729306,0.0006193814024729306,2530.1283018394547,2531.6954162554844
2026-03-23 06:40:00+00:00,2026-03-23 06:55:00+00:00,LONG,67818.0,67879.0,0.0008994662184080848,-0.0005005337815919152,2531.6954162554844,2530.4282171749473
2026-03-23 11:05:00+00:00,2026-03-23 11:20:00+00:00,SHORT,71230.9,70556.0,0.009565451556210691,0.008165451556210691,2530.4282171749473,2551.090306198758
2026-03-23 13:40:00+00:00,2026-03-23 13:55:00+00:00,SHORT,71215.4,71488.0,-0.0038132273948076056,-0.005213227394807606,2551.090306198758,2537.7908923278546
2026-03-23 14:00:00+00:00,2026-03-23 14:15:00+00:00,SHORT,71558.6,71550.1,0.00011879787729163205,-0.001281202122708368,2537.7908923278546,2534.5394692496143
2026-03-24 07:05:00+00:00,2026-03-24 07:20:00+00:00,SHORT,70808.0,70928.9,-0.0017045238259720819,-0.003104523825972082,2534.5394692496143,2526.670931079462
2026-03-24 07:20:00+00:00,2026-03-24 07:35:00+00:00,SHORT,70928.9,70868.9,0.0008466337138011149,-0.0005533662861988851,2526.670931079462,2525.272756569884
2026-03-24 07:35:00+00:00,2026-03-24 07:50:00+00:00,SHORT,70868.9,71023.0,-0.002169719668276504,-0.0035697196682765043,2525.272756569884,2516.258240742994
2026-03-24 07:50:00+00:00,2026-03-24 08:05:00+00:00,SHORT,71023.0,71139.5,-0.0016376274784051237,-0.003037627478405124,2516.258240742994,2508.6147855681497
2026-03-24 13:40:00+00:00,2026-03-24 13:55:00+00:00,LONG,70328.0,70108.0,-0.0031281992947332915,-0.004528199294733292,2508.6147855681497,2497.2552778653826
2026-03-24 14:10:00+00:00,2026-03-24 14:25:00+00:00,LONG,69872.0,70005.3,0.0019077742157087574,0.0005077742157087574,2497.2552778653826,2498.523319705525
2026-03-24 14:45:00+00:00,2026-03-24 15:00:00+00:00,LONG,69633.5,69996.8,0.0052173163778928,0.0038173163778928,2498.523319705525,2508.060973694384
2026-03-24 16:35:00+00:00,2026-03-24 16:50:00+00:00,LONG,69403.1,69520.0,0.0016843628022378265,0.00028436280223782654,2508.060973694384,2508.774172941047
2026-03-24 17:05:00+00:00,2026-03-24 17:20:00+00:00,LONG,69165.0,69192.7,0.00040049157811017366,-0.0009995084218898263,2508.774172941047,2506.2666320265726
2026-03-24 20:35:00+00:00,2026-03-24 20:50:00+00:00,SHORT,70126.7,70067.5,0.0008448995611374244,-0.0005551004388625756,2506.2666320265726,2504.875402319228
2026-03-24 22:05:00+00:00,2026-03-24 22:20:00+00:00,SHORT,70516.7,70433.5,0.0011812560784285608,-0.00021874392157143915,2504.875402319228,2504.327476050677
2026-03-24 23:25:00+00:00,2026-03-24 23:40:00+00:00,SHORT,70751.9,70663.0,0.00125808414587536,-0.00014191585412464,2504.327476050677,2503.9720722779057
2026-03-25 00:40:00+00:00,2026-03-25 00:55:00+00:00,SHORT,70925.9,70838.0,0.0012408594257318217,-0.00015914057426817826,2503.9720722779057,2503.573588724372
2026-03-25 05:05:00+00:00,2026-03-25 05:20:00+00:00,SHORT,71215.9,71113.9,0.001434318747811636,3.4318747811635944e-05,2503.573588724372,2503.659508234991
2026-03-25 11:25:00+00:00,2026-03-25 11:40:00+00:00,SHORT,71869.2,71805.8,0.0008829370329415109,-0.000517062967058489,2503.659508234991,2502.3649586211586
2026-03-25 15:15:00+00:00,2026-03-25 15:30:00+00:00,LONG,70691.1,70967.1,0.0039043104436060627,0.0025043104436060625,2502.3649586211586,2508.6316573207473
2026-03-25 22:40:00+00:00,2026-03-25 22:55:00+00:00,SHORT,71380.0,71375.5,6.304684380498138e-05,-0.0013369531561950186,2508.6316573207473,2505.277734308762
2026-03-26 02:15:00+00:00,2026-03-26 02:30:00+00:00,LONG,70939.0,70812.0,-0.0017902705141036312,-0.0031902705141036315,2505.277734308762,2497.2852206233565
2026-03-26 02:30:00+00:00,2026-03-26 02:45:00+00:00,LONG,70812.0,70897.7,0.0012102468508161657,-0.0001897531491838343,2497.2852206233565,2496.811352888333
2026-03-26 05:40:00+00:00,2026-03-26 05:55:00+00:00,LONG,70317.2,70023.1,-0.0041824759802721045,-0.005582475980272105,2496.811352888333,2482.8729634835636
2026-03-26 05:55:00+00:00,2026-03-26 06:10:00+00:00,LONG,70023.1,70074.4,0.0007326153797817536,-0.0006673846202182464,2482.8729634835636,2481.215932253779
2026-03-26 09:30:00+00:00,2026-03-26 09:45:00+00:00,LONG,69471.0,69414.9,-0.0008075312000691559,-0.002207531200069156,2481.215932253779,2475.7385706692203
2026-03-26 18:00:00+00:00,2026-03-26 18:15:00+00:00,LONG,68421.0,68328.5,-0.001351924116864689,-0.002751924116864689,2475.7385706692203,2468.9255259895435
2026-03-26 18:20:00+00:00,2026-03-26 18:35:00+00:00,LONG,68325.9,68327.6,2.488075532136591e-05,-0.001375119244678634,2468.9255259895435,2465.530458985077
2026-03-26 20:10:00+00:00,2026-03-26 20:25:00+00:00,SHORT,69200.0,69175.3,0.0003570638652814484,-0.0010429361347185516,2465.530458985077,2462.9590681781524
2026-03-27 04:00:00+00:00,2026-03-27 04:15:00+00:00,LONG,68546.0,68504.1,-0.0006112683453446399,-0.00201126834534464,2462.9590681781524,2458.005396568446
2026-03-27 08:35:00+00:00,2026-03-27 08:50:00+00:00,LONG,67686.8,67972.1,0.004215002038802318,0.0028150020388023177,2458.005396568446,2464.924686771173
2026-03-27 10:35:00+00:00,2026-03-27 10:50:00+00:00,LONG,66988.0,66643.0,-0.005150176150952368,-0.006550176150952368,2464.924686771173,2448.778995873991
2026-03-27 10:50:00+00:00,2026-03-27 11:05:00+00:00,LONG,66643.0,66408.1,-0.0035247512867067066,-0.004924751286706707,2448.778995873991,2436.7193683632004
2026-03-27 14:20:00+00:00,2026-03-27 14:35:00+00:00,LONG,65913.0,65806.1,-0.001621834842898906,-0.003021834842898906,2436.7193683632004,2429.356004873514
2026-03-27 23:45:00+00:00,2026-03-28 00:00:00+00:00,SHORT,66377.9,66457.9,-0.0012037696045165136,-0.002603769604516514,2429.356004873514,2423.0305215494745
2026-03-28 00:00:00+00:00,2026-03-28 00:15:00+00:00,SHORT,66457.9,66333.7,0.001872351459363708,0.0004723514593637081,2423.0305215494745,2424.175043552411
2026-03-28 00:35:00+00:00,2026-03-28 00:50:00+00:00,SHORT,66482.9,66438.8,0.0006637687616271037,-0.0007362312383728962,2424.175043552411,2422.3902901580636
2026-03-28 06:15:00+00:00,2026-03-28 06:30:00+00:00,SHORT,66486.0,66456.5,0.0004438993928359558,-0.0009561006071640442,2422.3902901580636,2420.0742413308553
2026-03-28 10:25:00+00:00,2026-03-28 10:40:00+00:00,LONG,66172.0,66194.0,0.00033246690443089477,-0.0010675330955691052,2420.0742413308553,2417.4907319845006
2026-03-28 12:15:00+00:00,2026-03-28 12:30:00+00:00,SHORT,66497.0,66383.1,0.0017157981474200668,0.00031579814742006677,2417.4907319845006,2418.2541710790665
2026-03-28 13:30:00+00:00,2026-03-28 13:45:00+00:00,SHORT,66619.1,66846.5,-0.003401823580890473,-0.004801823580890473,2418.2541710790665,2406.6421411757924
2026-03-28 15:20:00+00:00,2026-03-28 15:35:00+00:00,SHORT,67245.0,67080.1,0.0024582551308061085,0.0010582551308061085,2406.6421411757924,2409.188982569706
2026-03-28 21:50:00+00:00,2026-03-28 22:05:00+00:00,LONG,66695.5,66626.6,-0.0010330532044889873,-0.0024330532044889875,2409.188982569706,2403.327297595445
2026-03-28 23:10:00+00:00,2026-03-28 23:25:00+00:00,LONG,66389.1,66392.0,4.3681869463352285e-05,-0.0013563181305366477,2403.327297595445,2400.067621208103
2026-03-29 03:15:00+00:00,2026-03-29 03:30:00+00:00,SHORT,67053.0,66930.0,0.0018377409233527597,0.00043774092335275975,2400.067621208103,2401.1182290247193
2026-03-29 17:20:00+00:00,2026-03-29 17:35:00+00:00,LONG,66202.0,66307.8,0.001598139029032497,0.00019813902903249706,2401.1182290247193,2401.59398425921
2026-03-29 20:20:00+00:00,2026-03-29 20:35:00+00:00,SHORT,66721.0,66651.1,0.0010487448819298528,-0.00035125511807014716,2401.59398425921,2400.750412080713
2026-03-29 22:40:00+00:00,2026-03-29 22:55:00+00:00,LONG,65686.0,65861.9,0.002677891788204434,0.001277891788204434,2400.750412080713,2403.8183113178393
2026-03-30 02:45:00+00:00,2026-03-30 03:00:00+00:00,SHORT,67324.1,66998.9,0.004853811032718536,0.0034538110327185356,2403.8183113178393,2412.1206455221195
2026-03-30 05:00:00+00:00,2026-03-30 05:15:00+00:00,SHORT,67620.0,67661.0,-0.0006059620756417861,-0.0020059620756417863,2412.1206455221195,2407.2820229853296
2026-03-30 08:00:00+00:00,2026-03-30 08:15:00+00:00,SHORT,67777.0,67872.9,-0.0014129350595007972,-0.0028129350595007974,2407.2820229853296,2400.5104949847682
2026-03-30 08:15:00+00:00,2026-03-30 08:30:00+00:00,SHORT,67872.9,67749.3,0.0018243730931535307,0.0004243730931535307,2400.5104949847682,2401.529207048672
2026-03-30 12:30:00+00:00,2026-03-30 12:45:00+00:00,SHORT,67928.0,67861.0,0.0009873123001429285,-0.0004126876998570715,2401.529207048672,2400.538125484076
2026-03-30 13:20:00+00:00,2026-03-30 13:35:00+00:00,SHORT,68041.0,67880.9,0.0023585426828460765,0.0009585426828460765,2400.538125484076,2402.8391437391515
2026-03-30 17:20:00+00:00,2026-03-30 17:35:00+00:00,LONG,66854.1,66925.8,0.0010724847092398182,-0.0003275152907601818,2402.8391437391515,2402.05217717834
2026-03-30 18:05:00+00:00,2026-03-30 18:20:00+00:00,LONG,66732.4,66690.6,-0.0006263823869663288,-0.002026382386966329,2402.05217717834,2397.184700953932
2026-03-30 19:05:00+00:00,2026-03-30 19:20:00+00:00,LONG,66446.4,66260.0,-0.0028052686074789834,-0.004205268607478984,2397.184700953932,2387.1038953846814
2026-03-31 00:45:00+00:00,2026-03-31 01:00:00+00:00,SHORT,67256.0,67143.4,0.0016770077178100973,0.0002770077178100973,2387.1038953846814,2387.7651415869173
2026-03-31 01:20:00+00:00,2026-03-31 01:35:00+00:00,SHORT,67798.4,68199.9,-0.005887105406312876,-0.007287105406312876,2387.7651415869173,2370.3652453146537
2026-03-31 01:35:00+00:00,2026-03-31 01:50:00+00:00,SHORT,68199.9,67973.2,0.0033351379661394898,0.0019351379661394898,2370.3652453146537,2374.9522290944797
2026-03-31 07:15:00+00:00,2026-03-31 07:30:00+00:00,LONG,67151.1,67327.2,0.0026224440105968583,0.0012224440105968583,2374.9522290944797,2377.8554752223895
2026-03-31 08:40:00+00:00,2026-03-31 08:55:00+00:00,LONG,66849.0,66769.0,-0.0011967269517868528,-0.002596726951786853,2377.8554752223895,2371.6808338224255
2026-03-31 09:25:00+00:00,2026-03-31 09:40:00+00:00,LONG,66435.0,66513.0,0.0011740799277488723,-0.00022592007225112772,2371.6808338224255,2371.145023517092
2026-03-31 09:55:00+00:00,2026-03-31 10:10:00+00:00,LONG,66132.0,66382.0,0.0037803181515756457,0.0023803181515756455,2371.145023517092,2376.789103056588
2026-03-31 13:45:00+00:00,2026-03-31 14:00:00+00:00,SHORT,67309.9,67333.6,-0.0003519788040444727,-0.0017519788040444727,2376.789103056588,2372.625018926349
2026-03-31 14:00:00+00:00,2026-03-31 14:15:00+00:00,SHORT,67333.6,67731.2,-0.005870263630350481,-0.007270263630350481,2372.625018926349,2355.3754095427894
2026-03-31 14:15:00+00:00,2026-03-31 14:30:00+00:00,SHORT,67731.2,67494.4,0.0035084392186610636,0.0021084392186610634,2355.3754095427894,2360.341575430939
2026-03-31 17:10:00+00:00,2026-03-31 17:25:00+00:00,SHORT,68453.9,68029.6,0.006236990956877353,0.004836990956877353,2360.341575430939,2371.75852628644
2026-04-01 04:50:00+00:00,2026-04-01 05:05:00+00:00,SHORT,68329.1,68228.7,0.0014715215151397398,7.152151513973985e-05,2371.75852628644,2371.9281580497855
2026-04-01 05:25:00+00:00,2026-04-01 05:40:00+00:00,SHORT,68587.8,68507.5,0.0011721344378352594,-0.0002278655621647406,2371.9281580497855,2371.387677306637
2026-04-01 06:20:00+00:00,2026-04-01 06:35:00+00:00,SHORT,68840.1,68971.0,-0.0018978991170200965,-0.0032978991170200967,2371.387677306637,2363.5670799795353
2026-04-01 06:35:00+00:00,2026-04-01 06:50:00+00:00,SHORT,68971.0,69138.7,-0.0024255590573730723,-0.0038255590573730725,2363.5670799795353,2354.525114529011
2026-04-01 07:10:00+00:00,2026-04-01 07:25:00+00:00,SHORT,69178.2,68894.6,0.004116432927979696,0.002716432927979696,2354.525114529011,2360.9210240798725
2026-04-01 18:00:00+00:00,2026-04-01 18:15:00+00:00,LONG,68044.5,68062.0,0.0002571846365246877,-0.0011428153634753123,2360.9210240798725,2358.2229272616023
2026-04-02 00:40:00+00:00,2026-04-02 00:55:00+00:00,SHORT,68529.4,68599.5,-0.00102187333726933,-0.0024218733372693303,2358.2229272616023,2352.5116100307305
2026-04-02 01:15:00+00:00,2026-04-02 01:30:00+00:00,LONG,67594.7,67329.6,-0.003921905119779967,-0.005321905119779967,2352.5116100307305,2339.9917664489662
2026-04-02 01:30:00+00:00,2026-04-02 01:45:00+00:00,LONG,67329.6,67105.6,-0.003326917135999641,-0.004726917135999641,2339.9917664489662,2328.9308192700405
2026-04-02 04:20:00+00:00,2026-04-02 04:35:00+00:00,LONG,66414.3,66300.1,-0.0017195092020844127,-0.003119509202084413,2328.9308192700405,2321.6656981483097
2026-04-02 04:35:00+00:00,2026-04-02 04:50:00+00:00,LONG,66300.1,66306.7,9.954736116513097e-05,-0.001300452638834869,2321.6656981483097,2318.6464818646605
2026-04-02 04:50:00+00:00,2026-04-02 05:05:00+00:00,LONG,66306.7,66341.4,0.0005233256971015621,-0.0008766743028984379,2318.6464818646605,2316.613784076504
2026-04-02 14:35:00+00:00,2026-04-02 14:50:00+00:00,SHORT,66863.1,66871.3,-0.0001226236068387898,-0.0015226236068387898,2316.613784076504,2313.086453240941
2026-04-03 07:30:00+00:00,2026-04-03 07:45:00+00:00,SHORT,67071.4,67035.7,0.0005325520580823362,-0.0008674479419176638,2313.086453240941,2311.0799711575996
2026-04-03 08:05:00+00:00,2026-04-03 08:20:00+00:00,SHORT,67275.2,67169.4,0.0015751220049606829,0.0001751220049606829,2311.0799711575996,2311.484692115773
2026-04-04 06:50:00+00:00,2026-04-04 07:05:00+00:00,SHORT,67043.4,66994.5,0.0007299106643081643,-0.0006700893356918357,2311.484692115773,2309.9357908739717
2026-04-04 10:45:00+00:00,2026-04-04 11:00:00+00:00,SHORT,67136.8,67174.9,-0.0005671761327518121,-0.0019671761327518123,2309.9357908739717,2305.3917403179753
2026-04-04 11:00:00+00:00,2026-04-04 11:15:00+00:00,SHORT,67174.9,67126.5,0.0007210267182109487,-0.0006789732817890513,2305.3917403179753,2303.8264409222425
2026-04-04 13:35:00+00:00,2026-04-04 13:50:00+00:00,SHORT,67237.6,67190.2,0.0007054600224438712,-0.0006945399775561288,2303.8264409222425,2302.226341357671
2026-04-04 15:10:00+00:00,2026-04-04 15:25:00+00:00,SHORT,67381.9,67329.5,0.0007782621287844016,-0.0006217378712155984,2302.226341357671,2300.794960053139
2026-04-05 01:30:00+00:00,2026-04-05 01:45:00+00:00,LONG,67118.7,67108.1,-0.0001579291613215128,-0.0015579291613215128,2300.794960053139,2297.2104844906507
2026-04-05 01:55:00+00:00,2026-04-05 02:10:00+00:00,LONG,67088.2,66994.1,-0.001402631163155199,-0.0028026311631551993,2297.2104844906507,2290.7722507984904
2026-04-05 05:50:00+00:00,2026-04-05 06:05:00+00:00,LONG,66981.8,66705.9,-0.004119029348270908,-0.005519029348270909,2290.7722507984904,2278.129411516129
2026-04-05 06:05:00+00:00,2026-04-05 06:20:00+00:00,LONG,66705.9,66745.9,0.0005996471076772369,-0.000800352892322763,2278.129411516129,2276.3061040525367
2026-04-05 12:30:00+00:00,2026-04-05 12:45:00+00:00,LONG,66766.9,66704.0,-0.0009420835773413794,-0.0023420835773413796,2276.3061040525367,2270.9748049092336
2026-04-05 12:45:00+00:00,2026-04-05 13:00:00+00:00,LONG,66704.0,66853.9,0.0022472415447347682,0.0008472415447347682,2270.9748049092336,2272.8988691109985
2026-04-05 15:25:00+00:00,2026-04-05 15:40:00+00:00,SHORT,67498.2,67446.5,0.0007665334746798091,-0.0006334665253201908,2272.8988691109985,2271.4590637619785
2026-04-05 20:35:00+00:00,2026-04-05 20:50:00+00:00,SHORT,67688.6,67637.1,0.0007614164415683522,-0.0006385835584316478,2271.4590637619785,2270.0085473502095
2026-04-05 22:45:00+00:00,2026-04-05 23:00:00+00:00,SHORT,68142.0,68328.6,-0.002730920873543541,-0.004130920873543541,2270.0085473502095,2260.6313216588383
2026-04-05 23:00:00+00:00,2026-04-05 23:15:00+00:00,SHORT,68328.6,68885.5,-0.008084429959860806,-0.009484429959860806,2260.6313216588383,2239.1905222234977
2026-04-05 23:15:00+00:00,2026-04-05 23:30:00+00:00,SHORT,68885.5,69044.0,-0.0022956375644516136,-0.003695637564451614,2239.1905222234977,2230.9152856156047
2026-04-05 23:30:00+00:00,2026-04-05 23:45:00+00:00,SHORT,69044.0,68940.4,0.0015027473005668757,0.00010274730056687568,2230.9152856156047,2231.144506138995
2026-04-06 00:00:00+00:00,2026-04-06 00:15:00+00:00,SHORT,69352.9,69216.5,0.0019706283906293365,0.0005706283906293365,2231.144506138995,2232.4176605377943
2026-04-06 09:10:00+00:00,2026-04-06 09:25:00+00:00,SHORT,69634.9,69929.0,-0.00420569434712359,-0.00560569434712359,2232.4176605377943,2219.903409477699
2026-04-06 16:45:00+00:00,2026-04-06 17:00:00+00:00,SHORT,70227.6,69581.3,0.009288415134526051,0.007888415134526051,2219.903409477699,2237.4149291302087
2026-04-06 21:35:00+00:00,2026-04-06 21:50:00+00:00,LONG,69520.0,69514.8,-7.479861910242303e-05,-0.001474798619102423,2237.4149291302087,2234.1151926823686
2026-04-06 22:50:00+00:00,2026-04-06 23:05:00+00:00,LONG,68943.1,68629.6,-0.0045472280764862205,-0.005947228076486221,2234.1151926823686,2220.8284000823437
2026-04-06 23:05:00+00:00,2026-04-06 23:20:00+00:00,LONG,68629.6,68620.0,-0.00013988133400177905,-0.001539881334001779,2220.8284000823437,2217.408587883036
2026-04-07 09:05:00+00:00,2026-04-07 09:20:00+00:00,SHORT,69207.0,69044.4,0.0023550063437440816,0.0009550063437440816,2217.408587883036,2219.526227151137
2026-04-07 09:40:00+00:00,2026-04-07 09:55:00+00:00,SHORT,69180.6,69140.2,0.0005843199759330009,-0.0008156800240669991,2219.526227151137,2217.715803944757
2026-04-07 10:35:00+00:00,2026-04-07 10:50:00+00:00,LONG,68552.0,68272.2,-0.004081573112381887,-0.005481573112381887,2217.715803944757,2205.5592326229494
2026-04-07 10:50:00+00:00,2026-04-07 11:05:00+00:00,LONG,68272.2,68310.5,0.00056098968540641,-0.00083901031459359,2205.5592326229494,2203.7087456773315
2026-04-07 11:05:00+00:00,2026-04-07 11:20:00+00:00,LONG,68310.5,68306.0,-6.587567065097222e-05,-0.0014658756706509722,2203.7087456773315,2200.4783826418425
2026-04-07 14:05:00+00:00,2026-04-07 14:20:00+00:00,LONG,67858.5,68089.7,0.0034070897529416833,0.002007089752941683,2200.4783826418425,2204.8949402552125
2026-04-07 17:35:00+00:00,2026-04-07 17:50:00+00:00,SHORT,68714.1,68758.5,-0.0006457383450771959,-0.002045738345077196,2204.8949402552125,2200.384302129066
2026-04-07 20:00:00+00:00,2026-04-07 20:15:00+00:00,SHORT,69365.5,69379.2,-0.00019746552280797136,-0.0015974655228079713,2200.384302129066,2196.8692640694867
2026-04-07 21:05:00+00:00,2026-04-07 21:20:00+00:00,SHORT,69889.1,69740.5,0.0021307561603374214,0.0007307561603374214,2196.8692640694867,2198.4746398176612
2026-04-07 22:00:00+00:00,2026-04-07 22:15:00+00:00,SHORT,70074.9,70220.7,-0.0020763108314215684,-0.0034763108314215686,2198.4746398176612,2190.8320586146574
2026-04-07 22:30:00+00:00,2026-04-07 22:45:00+00:00,SHORT,70855.1,71015.3,-0.002255851907969064,-0.0036558519079690644,2190.8320586146574,2182.8227010531314
2026-04-07 22:55:00+00:00,2026-04-07 23:10:00+00:00,SHORT,71511.9,71485.2,0.00037350388611900875,-0.0010264961138809912,2182.8227010531314,2180.5820420332093
2026-04-07 23:20:00+00:00,2026-04-07 23:35:00+00:00,SHORT,72009.9,72074.0,-0.0008893637095208629,-0.002289363709520863,2180.5820420332093,2175.5898966405457
2026-04-08 13:00:00+00:00,2026-04-08 13:15:00+00:00,SHORT,72143.7,72600.0,-0.006285123966942141,-0.007685123966942141,2175.5898966405457,2158.8702185836364
2026-04-08 13:15:00+00:00,2026-04-08 13:30:00+00:00,SHORT,72600.0,72115.5,0.006718389250577106,0.005318389250577106,2158.8702185836364,2170.3519307475426
2026-04-09 00:30:00+00:00,2026-04-09 00:45:00+00:00,LONG,70821.9,70742.4,-0.0011225341313915171,-0.0025225341313915173,2170.3519307475426,2164.8771439251004
2026-04-09 00:45:00+00:00,2026-04-09 01:00:00+00:00,LONG,70742.4,70851.0,0.0015351472384312892,0.0001351472384312892,2164.8771439251004,2165.169721092645
2026-04-09 01:05:00+00:00,2026-04-09 01:20:00+00:00,LONG,70575.5,70547.7,-0.00039390440025222073,-0.0017939044002522207,2165.169721092645,2161.285613602684
2026-04-09 08:40:00+00:00,2026-04-09 08:55:00+00:00,SHORT,71330.0,71250.0,0.0011228070175439697,-0.00027719298245603026,2161.285613602684,2160.6865203975103
2026-04-09 09:55:00+00:00,2026-04-09 10:10:00+00:00,SHORT,71537.0,71374.8,0.0022725107460896954,0.0008725107460896954,2160.6865203975103,2162.571742605488
2026-04-09 15:30:00+00:00,2026-04-09 15:45:00+00:00,SHORT,72209.4,72113.4,0.0013312366356321714,-6.876336436782856e-05,2162.571742605488,2162.4230368967796
2026-04-10 07:40:00+00:00,2026-04-10 07:55:00+00:00,LONG,71656.0,71485.4,-0.00238081947080504,-0.0037808194708050403,2162.4230368967796,2154.247305774763
2026-04-10 07:55:00+00:00,2026-04-10 08:10:00+00:00,LONG,71485.4,71610.6,0.0017514065809243196,0.00035140658092431957,2154.247305774763,2155.0043224549504
2026-04-10 11:05:00+00:00,2026-04-10 11:20:00+00:00,SHORT,72102.0,72184.5,-0.0011429046401928433,-0.0025429046401928435,2155.0043224549504,2149.5243519637443
2026-04-10 11:20:00+00:00,2026-04-10 11:35:00+00:00,SHORT,72184.5,72234.8,-0.0006963402681257058,-0.002096340268125706,2149.5243519637443,2145.018217507406
2026-04-10 11:35:00+00:00,2026-04-10 11:50:00+00:00,SHORT,72234.8,72143.7,0.0012627575242190048,-0.0001372424757809952,2145.018217507406,2144.72382989664
2026-04-10 14:15:00+00:00,2026-04-10 14:30:00+00:00,SHORT,72749.7,73065.7,-0.004324874736025275,-0.005724874736025275,2144.72382989664,2132.4455546271133
2026-04-10 15:20:00+00:00,2026-04-10 15:35:00+00:00,SHORT,73251.2,72725.9,0.007223011334339002,0.005823011334339002,2132.4455546271133,2144.8628092615677
2026-04-11 13:10:00+00:00,2026-04-11 13:25:00+00:00,LONG,72610.1,72616.1,8.263313230538749e-05,-0.0013173668676946125,2144.8628092615677,2142.037238060896
2026-04-11 16:40:00+00:00,2026-04-11 16:55:00+00:00,SHORT,73123.7,73043.1,0.0011034580952888895,-0.0002965419047111105,2142.037238060896,2141.4020342583594
2026-04-11 18:30:00+00:00,2026-04-11 18:45:00+00:00,SHORT,73296.9,73559.6,-0.003571253786045725,-0.004971253786045725,2141.4020342583594,2130.7565812881066
2026-04-11 19:05:00+00:00,2026-04-11 19:20:00+00:00,SHORT,73713.2,73531.0,0.002477866478084012,0.001077866478084012,2130.7565812881066,2133.053252380034
2026-04-12 01:30:00+00:00,2026-04-12 01:45:00+00:00,LONG,72614.0,71410.1,-0.016579447489464716,-0.017979447489464714,2133.053252380034,2094.7021334366354
2026-04-12 01:45:00+00:00,2026-04-12 02:00:00+00:00,LONG,71410.1,71429.1,0.00026606880539303823,-0.0011339311946069618,2094.7021334366354,2092.326885344122
2026-04-12 12:55:00+00:00,2026-04-12 13:10:00+00:00,LONG,71081.0,70989.5,-0.0012872638257762636,-0.002687263825776264,2092.326885344122,2086.7042509934377
2026-04-12 14:45:00+00:00,2026-04-12 15:00:00+00:00,LONG,70764.6,70787.0,0.0003165424520168436,-0.0010834575479831564,2086.7042509934377,2084.4433955222903
2026-04-12 18:10:00+00:00,2026-04-12 18:25:00+00:00,SHORT,71180.8,71094.0,0.0012209187835823254,-0.00017908121641767457,2084.4433955222903,2084.0701108634667
2026-04-12 20:40:00+00:00,2026-04-12 20:55:00+00:00,SHORT,71322.9,71342.1,-0.00026912580369808925,-0.0016691258036980892,2084.0701108634667,2080.5915356647088
2026-04-13 07:20:00+00:00,2026-04-13 07:35:00+00:00,LONG,70714.4,70791.8,0.0010945436855860358,-0.0003054563144139642,2080.5915356647088,2079.956005842424
2026-04-13 12:50:00+00:00,2026-04-13 13:05:00+00:00,SHORT,71202.5,71094.8,0.0015148787253076446,0.00011487872530764457,2079.956005842424,2080.194948537071
2026-04-13 14:40:00+00:00,2026-04-13 14:55:00+00:00,SHORT,71987.0,72394.6,-0.005630254190229778,-0.007030254190229778,2080.194948537071,2065.5706492836234
2026-04-13 14:55:00+00:00,2026-04-13 15:10:00+00:00,SHORT,72394.6,71945.8,0.006238029183079474,0.004838029183079474,2065.5706492836234,2075.56394036457
2026-04-13 19:20:00+00:00,2026-04-13 19:35:00+00:00,SHORT,72780.0,73138.0,-0.004894856299051065,-0.006294856299051065,2075.56394036457,2062.498563620483
2026-04-13 19:35:00+00:00,2026-04-13 19:50:00+00:00,SHORT,73138.0,73441.0,-0.004125760814803758,-0.0055257608148037585,2062.498563620483,2051.10168987704
2026-04-13 22:10:00+00:00,2026-04-13 22:25:00+00:00,SHORT,73750.1,74134.5,-0.005185170197411382,-0.006585170197411382,2051.10168987704,2037.5948361570015
2026-04-13 22:50:00+00:00,2026-04-13 23:05:00+00:00,SHORT,74641.3,74757.3,-0.001551687928804224,-0.0029516879288042242,2037.5948361570015,2031.5804920753233
2026-04-14 07:05:00+00:00,2026-04-14 07:20:00+00:00,SHORT,74919.8,74624.4,0.003958490788535718,0.0025584907885357177,2031.5804920753233,2036.7782720504667
2026-04-14 13:40:00+00:00,2026-04-14 13:55:00+00:00,SHORT,75183.4,75522.9,-0.004495325258961236,-0.005895325258961236,2036.7782720504667,2024.7708016563442
2026-04-14 13:55:00+00:00,2026-04-14 14:10:00+00:00,SHORT,75522.9,75564.6,-0.0005518457055289083,-0.0019518457055289083,2024.7708016563442,2020.818761462451
2026-04-14 14:25:00+00:00,2026-04-14 14:40:00+00:00,SHORT,75844.2,75375.0,0.006224875621890558,0.0048248756218905575,2020.818761462451,2030.56896064089
2026-04-14 18:45:00+00:00,2026-04-14 19:00:00+00:00,LONG,73856.9,74199.6,0.004640053942150502,0.0032400539421505014,2030.56896064089,2037.148113606623
2026-04-15 05:25:00+00:00,2026-04-15 05:40:00+00:00,LONG,74018.5,73956.8,-0.0008335753899362253,-0.0022335753899362255,2037.148113606623,2032.5979897144161
2026-04-15 07:15:00+00:00,2026-04-15 07:30:00+00:00,LONG,73638.6,73621.9,-0.00022678323596603267,-0.0016267832359660327,2032.5979897144161,2029.2913933792906
2026-04-15 12:35:00+00:00,2026-04-15 12:50:00+00:00,SHORT,74445.6,74333.7,0.0015053737403090128,0.00010537374030901285,2029.2913933792906,2029.5052274035877
2026-04-15 19:05:00+00:00,2026-04-15 19:20:00+00:00,SHORT,74687.1,74649.0,0.0005103886187358686,-0.0008896113812641314,2029.5052274035877,2027.6997564549545
2026-04-15 19:30:00+00:00,2026-04-15 19:45:00+00:00,SHORT,74949.9,75032.9,-0.0011061814217496746,-0.002506181421749675,2027.6997564549545,2022.6179729964408
2026-04-15 19:50:00+00:00,2026-04-15 20:05:00+00:00,SHORT,75063.7,74770.0,0.003928046007757091,0.002528046007757091,2022.6179729964408,2027.7312442882921
2026-04-16 02:40:00+00:00,2026-04-16 02:55:00+00:00,SHORT,75192.0,74879.5,0.004173371884160559,0.002773371884160559,2027.7312442882921,2033.354897109835
2026-04-16 07:50:00+00:00,2026-04-16 08:05:00+00:00,LONG,74646.8,74533.9,-0.0015124559927552905,-0.0029124559927552907,2033.354897109835,2027.4328404543494
2026-04-16 10:45:00+00:00,2026-04-16 11:00:00+00:00,LONG,74285.7,74380.3,0.0012734617833580764,-0.00012653821664192363,2027.4328404543494,2027.1762927183572
2026-04-16 13:15:00+00:00,2026-04-16 13:30:00+00:00,SHORT,74920.0,74802.1,0.0015761589581040347,0.00017615895810403474,2027.1762927183572,2027.5333979819754
2026-04-16 13:50:00+00:00,2026-04-16 14:05:00+00:00,LONG,73431.9,73950.0,0.007055516744085333,0.005655516744085333,2027.5333979819754,2039.0001470634545
2026-04-16 19:55:00+00:00,2026-04-16 20:10:00+00:00,SHORT,75347.0,75417.1,-0.000929497421672365,-0.0023294974216723652,2039.0001470634545,2034.2503014780807
2026-04-17 07:00:00+00:00,2026-04-17 07:15:00+00:00,SHORT,74989.5,75003.2,-0.00018265887322133079,-0.0015826588732213308,2034.2503014780807,2031.0307771880932
2026-04-17 08:40:00+00:00,2026-04-17 08:55:00+00:00,SHORT,75344.6,75779.3,-0.005736395031360808,-0.007136395031360808,2031.0307771880932,2016.5365392412273
2026-04-17 09:25:00+00:00,2026-04-17 09:40:00+00:00,SHORT,76283.6,75748.5,0.007064166287121365,0.005664166287121365,2016.5365392412273,2027.9585375235456
2026-04-17 12:45:00+00:00,2026-04-17 13:00:00+00:00,SHORT,76153.8,76187.6,-0.00044364174747602014,-0.0018436417474760201,2027.9585375235456,2024.2197085016169
2026-04-17 13:00:00+00:00,2026-04-17 13:15:00+00:00,SHORT,76187.6,76812.8,-0.008139268455257365,-0.009539268455257365,2024.2197085016169,2004.9101332897972
2026-04-17 13:15:00+00:00,2026-04-17 13:30:00+00:00,SHORT,76812.8,76525.0,0.00376086246324725,0.0023608624632472496,2004.9101332897972,2009.6434503656649
2026-04-17 13:45:00+00:00,2026-04-17 14:00:00+00:00,SHORT,77046.0,77311.6,-0.003435448238039429,-0.004835448238039429,2009.6434503656649,1999.925923484507
2026-04-17 23:15:00+00:00,2026-04-17 23:30:00+00:00,LONG,76929.6,77026.3,0.0012569934069590616,-0.0001430065930409384,1999.925923484507,1999.6399208918554
2026-04-18 04:30:00+00:00,2026-04-18 04:45:00+00:00,LONG,76944.9,77053.4,0.0014100999546429183,1.0099954642918277e-05,1999.6399208918554,1999.6601171643583
2026-04-18 07:45:00+00:00,2026-04-18 08:00:00+00:00,LONG,76953.2,77001.3,0.0006250552283726396,-0.0007749447716273604,1999.6601171643583,1998.11049101153
2026-04-18 08:10:00+00:00,2026-04-18 08:25:00+00:00,LONG,76804.5,76684.0,-0.0015689184878490137,-0.002968918487849014,1998.11049101153,1992.178263834001
2026-04-18 08:30:00+00:00,2026-04-18 08:45:00+00:00,LONG,76598.2,76668.9,0.0009229981905578555,-0.0004770018094421445,1992.178263834001,1991.227991197421
2026-04-18 10:05:00+00:00,2026-04-18 10:20:00+00:00,LONG,76259.6,76334.0,0.0009756148734059167,-0.0004243851265940833,1991.227991197421,1990.3829436542992
2026-04-18 10:50:00+00:00,2026-04-18 11:05:00+00:00,LONG,76150.0,75979.5,-0.002239001969796428,-0.0036390019697964283,1990.3829436542992,1983.139936201692
2026-04-18 11:05:00+00:00,2026-04-18 11:20:00+00:00,LONG,75979.5,76079.5,0.0013161444863416527,-8.385551365834728e-05,1983.139936201692,1982.9736389836855
2026-04-18 18:15:00+00:00,2026-04-18 18:30:00+00:00,LONG,75621.4,75641.7,0.000268442530817925,-0.001131557469182075,1982.9736389836855,1980.7297903513024
2026-04-18 18:40:00+00:00,2026-04-18 18:55:00+00:00,LONG,75573.9,75653.2,0.0010493040586763147,-0.0003506959413236853,1980.7297903513024,1980.0351564529674
2026-04-19 07:05:00+00:00,2026-04-19 07:20:00+00:00,LONG,75240.9,75000.0,-0.0032017160879255213,-0.0046017160879255215,1980.0351564529674,1970.9235968188598
2026-04-19 07:20:00+00:00,2026-04-19 07:35:00+00:00,LONG,75000.0,75051.4,0.0006853333333332046,-0.0007146666666667954,1970.9235968188598,1969.5150434216664
2026-04-19 07:35:00+00:00,2026-04-19 07:50:00+00:00,LONG,75051.4,75234.3,0.002436996511724132,0.0010369965117241321,1969.5150434216664,1971.5574236514828
2026-04-19 11:05:00+00:00,2026-04-19 11:20:00+00:00,SHORT,75445.9,75396.0,0.000661838824340677,-0.000738161175659323,1971.5574236514828,1970.1020965057605
2026-04-19 11:50:00+00:00,2026-04-19 12:05:00+00:00,SHORT,75611.8,75663.7,-0.0006859299769902405,-0.0020859299769902407,1970.1020965057605,1965.992601484928
2026-04-19 12:10:00+00:00,2026-04-19 12:25:00+00:00,SHORT,75676.8,75519.7,0.002080251907780495,0.0006802519077804949,1965.992601484928,1967.3299717027703
2026-04-19 13:10:00+00:00,2026-04-19 13:25:00+00:00,SHORT,75765.1,76051.9,-0.0037711089400789266,-0.005171108940078927,1967.3299717027703,1957.156694098013
2026-04-19 13:25:00+00:00,2026-04-19 13:40:00+00:00,SHORT,76051.9,76043.5,0.00011046309020490419,-0.0012895369097950958,1957.156694098013,1954.6328683027211
2026-04-19 17:00:00+00:00,2026-04-19 17:15:00+00:00,LONG,75164.5,75296.8,0.0017601394275224003,0.0003601394275224003,1954.6328683027211,1955.336808664928
2026-04-19 17:50:00+00:00,2026-04-19 18:05:00+00:00,LONG,74812.9,74888.3,0.0010078475770891604,-0.0003921524229108396,1955.336808664928,1954.5700185978033
2026-04-19 22:00:00+00:00,2026-04-19 22:15:00+00:00,LONG,73876.0,74048.6,0.0023363473929287615,0.0009363473929287615,1954.5700185978033,1956.400175139014
2026-04-20 06:40:00+00:00,2026-04-20 06:55:00+00:00,SHORT,74786.7,74786.7,0.0,-0.0014,1956.400175139014,1953.6612148938195
2026-04-20 07:20:00+00:00,2026-04-20 07:35:00+00:00,SHORT,75380.7,74938.0,0.0059075502415328884,0.004507550241532888,1953.6612148938195,1962.4674409748875
2026-04-20 12:20:00+00:00,2026-04-20 12:35:00+00:00,SHORT,75511.1,75255.0,0.003403096139791506,0.002003096139791506,1962.4674409748875,1966.3984519303706
2026-04-21 08:45:00+00:00,2026-04-21 09:00:00+00:00,SHORT,76663.1,76415.4,0.00324149320686673,0.0018414932068667302,1966.3984519303706,1970.0195613215935
2026-04-21 10:45:00+00:00,2026-04-21 11:00:00+00:00,SHORT,76731.8,76683.6,0.0006285568231017002,-0.0007714431768982997,1970.0195613215935,1968.499803172656
2026-04-21 12:40:00+00:00,2026-04-21 12:55:00+00:00,LONG,75841.7,76018.5,0.002331171374059471,0.0009311713740594708,1968.499803172656,1970.332813839212
2026-04-21 17:15:00+00:00,2026-04-21 17:30:00+00:00,LONG,75100.0,75338.8,0.00317976031957401,0.0017797603195740099,1970.332813839212,1973.8395339976373
2026-04-21 19:40:00+00:00,2026-04-21 19:55:00+00:00,LONG,74866.9,75025.9,0.0021237689820201577,0.0007237689820201578,1973.8395339976373,1975.2681378278298
2026-04-21 23:40:00+00:00,2026-04-21 23:55:00+00:00,SHORT,76080.7,76329.7,-0.0032621640069331326,-0.004662164006933133,1975.2681378278298,1966.0591138116072
2026-04-22 02:10:00+00:00,2026-04-22 02:25:00+00:00,SHORT,76737.2,77240.0,-0.006509580528223702,-0.007909580528223702,1966.0591138116072,1950.5084109276663
2026-04-22 02:25:00+00:00,2026-04-22 02:40:00+00:00,SHORT,77240.0,77251.0,-0.00014239297873164247,-0.0015423929787316425,1950.5084109276663,1947.4999604496945
2026-04-22 02:40:00+00:00,2026-04-22 02:55:00+00:00,SHORT,77251.0,77605.2,-0.00456412714611909,-0.00596412714611909,1947.4999604496945,1935.8848230685107
2026-04-22 02:55:00+00:00,2026-04-22 03:10:00+00:00,SHORT,77605.2,77606.0,-1.0308481303011874e-05,-0.0014103084813030119,1935.8848230685107,1933.1546282837114
2026-04-22 05:15:00+00:00,2026-04-22 05:30:00+00:00,SHORT,77932.9,78188.3,-0.0032664733726146533,-0.0046664733726146535,1933.1546282837114,1924.1336136856787
2026-04-22 05:30:00+00:00,2026-04-22 05:45:00+00:00,SHORT,78188.3,78087.7,0.0012882950836048401,-0.00011170491639515986,1924.1336136856787,1923.918678501229
2026-04-22 13:45:00+00:00,2026-04-22 14:00:00+00:00,SHORT,78649.5,78872.2,-0.0028235550675649312,-0.0042235550675649314,1923.918678501229,1915.7929020170623
2026-04-22 14:00:00+00:00,2026-04-22 14:15:00+00:00,SHORT,78872.2,78800.0,0.0009162436548222352,-0.00048375634517776474,1915.7929020170623,1914.866125044665
2026-04-22 14:20:00+00:00,2026-04-22 14:35:00+00:00,SHORT,79081.7,78850.0,0.002938490805326488,0.001538490805326488,1914.866125044665,1917.8121289714773
2026-04-22 23:20:00+00:00,2026-04-22 23:35:00+00:00,LONG,78234.1,78268.2,0.0004358713144267945,-0.0009641286855732055,1917.8121289714773,1915.9631112843956
2026-04-23 00:10:00+00:00,2026-04-23 00:25:00+00:00,LONG,77892.0,78440.1,0.00703666615313514,0.00563666615313514,1915.9631112843956,1926.7627557044277
2026-04-23 03:15:00+00:00,2026-04-23 03:30:00+00:00,LONG,77661.7,77613.2,-0.0006245034553711282,-0.0020245034553711284,1926.7627557044277,1922.8620178478238
2026-04-23 03:30:00+00:00,2026-04-23 03:45:00+00:00,LONG,77613.2,77585.1,-0.0003620518159280772,-0.0017620518159280772,1922.8620178478238,1919.473835337496
2026-04-23 06:05:00+00:00,2026-04-23 06:20:00+00:00,SHORT,78226.6,78300.8,-0.000947627610445867,-0.002347627610445867,1919.473835337496,1914.9676255641293
2026-04-23 06:20:00+00:00,2026-04-23 06:35:00+00:00,SHORT,78300.8,78213.6,0.001114895619176215,-0.00028510438082378505,1914.9676255641293,1914.4216599049453
2026-04-23 08:40:00+00:00,2026-04-23 08:55:00+00:00,LONG,77734.3,77853.1,0.001528282881559484,0.000128282881559484,1914.4216599049453,1914.6672474319976
2026-04-23 10:05:00+00:00,2026-04-23 10:20:00+00:00,LONG,77306.1,77321.2,0.0001953274062460597,-0.0012046725937539403,1914.6672474319976,1912.3607002728581
2026-04-23 14:55:00+00:00,2026-04-23 15:10:00+00:00,SHORT,78180.4,78111.4,0.0008833537742249931,-0.0005166462257750069,1912.3607002728581,1911.3726863347417
2026-04-23 15:15:00+00:00,2026-04-23 15:30:00+00:00,SHORT,78388.5,78501.0,-0.0014331027630221094,-0.0028331027630221096,1911.3726863347417,1905.9575710959218
2026-04-23 15:35:00+00:00,2026-04-23 15:50:00+00:00,SHORT,78562.4,78297.5,0.0033832497844759057,0.0019832497844759055,1905.9575710959218,1909.737561038018
2026-04-23 17:35:00+00:00,2026-04-23 17:50:00+00:00,LONG,77265.7,77670.1,0.005233887740614618,0.0038338877406146176,1909.737561038018,1917.0592804610728
2026-04-24 03:20:00+00:00,2026-04-24 03:35:00+00:00,LONG,77716.4,77678.7,-0.0004850970966230328,-0.0018850970966230328,1917.0592804610728,1913.4454375774214
2026-04-24 03:40:00+00:00,2026-04-24 03:55:00+00:00,LONG,77643.6,77736.1,0.001191340947611863,-0.00020865905238813694,1913.4454375774214,1913.0461798656202
2026-04-24 11:00:00+00:00,2026-04-24 11:15:00+00:00,SHORT,77956.7,78108.1,-0.0019383393015578454,-0.0033383393015578456,1913.0461798656202,1906.6597826176796
2026-04-24 11:20:00+00:00,2026-04-24 11:35:00+00:00,SHORT,78250.3,78276.9,-0.0003398192825724289,-0.0017398192825724289,1906.6597826176796,1903.342539162576
2026-04-24 22:35:00+00:00,2026-04-24 22:50:00+00:00,LONG,77312.6,77304.3,-0.00010735636881964439,-0.0015073563688196444,1903.342539162576,1900.473523664124
2026-04-24 22:50:00+00:00,2026-04-24 23:05:00+00:00,LONG,77304.3,77352.3,0.0006209227688498409,-0.0007790772311501591,1900.473523664124,1898.9929080134336
2026-04-25 10:20:00+00:00,2026-04-25 10:35:00+00:00,SHORT,77804.7,77844.7,-0.0005138435885808645,-0.0019138435885808645,1898.9929080134336,1895.3585326116718
2026-04-25 15:45:00+00:00,2026-04-25 16:00:00+00:00,LONG,77500.0,77404.6,-0.0012309677419354292,-0.0026309677419354294,1895.3585326116718,1890.3719054529686
2026-04-25 16:35:00+00:00,2026-04-25 16:50:00+00:00,LONG,77269.7,77386.0,0.001505117788732191,0.00010511778873219095,1890.3719054529686,1890.570617167551
2026-04-25 21:00:00+00:00,2026-04-25 21:15:00+00:00,SHORT,77509.9,77487.9,0.0002839152951621404,-0.0011160847048378596,1890.570617167551,1888.4605802183146
2026-04-26 04:45:00+00:00,2026-04-26 05:00:00+00:00,SHORT,77734.9,77722.2,0.0001634024770271747,-0.0012365975229728253,1888.4605802183146,1886.1253145425849
2026-04-26 05:05:00+00:00,2026-04-26 05:20:00+00:00,SHORT,77797.6,78048.5,-0.00321466780271229,-0.00461466780271229,1886.1253145425849,1877.4214727816848
2026-04-26 12:45:00+00:00,2026-04-26 13:00:00+00:00,LONG,77818.5,77819.9,1.7990580645887988e-05,-0.001382009419354112,1877.4214727816848,1874.826858622203
2026-04-26 13:00:00+00:00,2026-04-26 13:15:00+00:00,LONG,77819.9,77880.7,0.000781291160744324,-0.000618708839255676,1874.826858622203,1873.6668866726995
2026-04-26 19:10:00+00:00,2026-04-26 19:25:00+00:00,SHORT,78383.1,78195.8,0.0023952693111395362,0.0009952693111395362,1873.6668866726995,1875.5316898243032
2026-04-27 00:55:00+00:00,2026-04-27 01:10:00+00:00,SHORT,79291.5,79120.0,0.0021675935288170134,0.0007675935288170134,1875.5316898243032,1876.9713358125034
2026-04-27 05:00:00+00:00,2026-04-27 05:15:00+00:00,LONG,78766.0,78024.7,-0.009411421171571566,-0.010811421171571566,1876.9713358125034,1856.6786081740672
2026-04-27 05:15:00+00:00,2026-04-27 05:30:00+00:00,LONG,78024.7,77868.4,-0.0020032118034417623,-0.0034032118034417625,1856.6786081740672,1850.3599376195316
2026-04-27 05:30:00+00:00,2026-04-27 05:45:00+00:00,LONG,77868.4,77784.5,-0.001077458892182137,-0.0024774588921821373,1850.3599376195316,1845.7757469383387
2026-04-27 06:30:00+00:00,2026-04-27 06:45:00+00:00,LONG,77615.3,77712.8,0.0012561956212242542,-0.00014380437877574577,1845.7757469383387,1845.5103163036908
2026-04-27 15:15:00+00:00,2026-04-27 15:30:00+00:00,LONG,76981.5,77044.8,0.000822275481771717,-0.0005777245182282829,1845.5103163036908,1844.444119745319
2026-04-27 23:40:00+00:00,2026-04-27 23:55:00+00:00,SHORT,77301.5,77371.2,-0.0009008519966084982,-0.0023008519966084984,1844.444119745319,1840.2003268097703
2026-04-28 02:35:00+00:00,2026-04-28 02:50:00+00:00,LONG,76706.4,76847.6,0.0018407851235360262,0.0004407851235360262,1840.2003268097703,1841.0114597381541
2026-04-28 11:15:00+00:00,2026-04-28 11:30:00+00:00,LONG,76380.5,76293.3,-0.0011416526469452126,-0.002541652646945213,1841.0114597381541,1836.3322480884542
2026-04-28 11:30:00+00:00,2026-04-28 11:45:00+00:00,LONG,76293.3,76149.1,-0.0018900742267013992,-0.0032900742267013994,1836.3322480884542,1830.2905786873578
2026-04-28 11:50:00+00:00,2026-04-28 12:05:00+00:00,LONG,76174.9,76221.1,0.0006064989911376273,-0.0007935010088623727,1830.2905786873578,1828.838241266658
2026-04-29 00:50:00+00:00,2026-04-29 01:05:00+00:00,SHORT,76537.6,76349.6,0.0024623573666398,0.0010623573666398002,1828.838241266658,1830.7811210446603
2026-04-29 03:15:00+00:00,2026-04-29 03:30:00+00:00,SHORT,76834.4,76802.9,0.000410140762913791,-0.000989859237086209,1830.7811210446603,1828.9689054409112
2026-04-29 03:35:00+00:00,2026-04-29 03:50:00+00:00,SHORT,77000.3,76976.5,0.00030918527082945957,-0.0010908147291705404,1828.9689054409112,1826.9738392196614
2026-04-29 04:30:00+00:00,2026-04-29 04:45:00+00:00,SHORT,77157.6,77294.3,-0.0017685650817718113,-0.0031685650817718115,1826.9738392196614,1821.1849537073995
2026-04-29 09:45:00+00:00,2026-04-29 10:00:00+00:00,SHORT,77654.4,77700.6,-0.0005945900031661955,-0.0019945900031661957,1821.1849537073995,1817.552436404818
2026-04-29 10:05:00+00:00,2026-04-29 10:20:00+00:00,SHORT,77778.8,77747.7,0.00040001183314752886,-0.0009999881668524711,1817.552436404818,1815.7349054757794
2026-04-29 10:25:00+00:00,2026-04-29 10:40:00+00:00,SHORT,77881.9,77566.9,0.004061010559916589,0.002661010559916589,1815.7349054757794,1820.5665952332595
2026-04-29 12:20:00+00:00,2026-04-29 12:35:00+00:00,LONG,77138.3,77098.6,-0.0005146600326945139,-0.0019146600326945139,1820.5665952332595,1817.0808291365076
2026-04-29 13:30:00+00:00,2026-04-29 13:45:00+00:00,LONG,76670.3,76609.0,-0.0007995273267484837,-0.002199527326748484,1817.0808291365076,1813.0841101979113
2026-04-29 15:10:00+00:00,2026-04-29 15:25:00+00:00,LONG,76251.2,76231.0,-0.00026491386365068426,-0.0016649138636506842,1813.0841101979113,1810.0654813268782
2026-04-29 15:35:00+00:00,2026-04-29 15:50:00+00:00,LONG,76039.3,75781.1,-0.0033956125319406505,-0.004795612531940651,1810.0654813268782,1801.3851086209938
2026-04-29 15:50:00+00:00,2026-04-29 16:05:00+00:00,LONG,75781.1,76043.4,0.0034612852017190665,0.0020612852017190663,1801.3851086209938,1805.0982770879912
2026-04-29 16:20:00+00:00,2026-04-29 16:35:00+00:00,LONG,75742.3,75880.5,0.0018246079139396798,0.0004246079139396798,1805.0982770879912,1805.8647361018816
2026-04-29 18:05:00+00:00,2026-04-29 18:20:00+00:00,LONG,75034.8,75348.5,0.00418072680942716,0.0027807268094271597,1805.8647361018816,1810.8863525877591
2026-04-30 00:50:00+00:00,2026-04-30 01:05:00+00:00,SHORT,76319.3,76280.5,0.0005086489994166055,-0.0008913510005833945,1810.8863525877591,1809.2722172254373
2026-04-30 02:35:00+00:00,2026-04-30 02:50:00+00:00,LONG,75543.1,75726.7,0.0024304006586968185,0.0010304006586968186,1809.2722172254373,1811.136492509828
2026-04-30 04:35:00+00:00,2026-04-30 04:50:00+00:00,LONG,75444.1,75480.9,0.0004877783683547854,-0.0009122216316452146,1811.136492509828,1809.4843346234986
2026-04-30 07:30:00+00:00,2026-04-30 07:45:00+00:00,SHORT,76007.8,76180.3,-0.002264364934241536,-0.0036643649342415364,1809.4843346234986,1802.8537236786449
2026-04-30 07:50:00+00:00,2026-04-30 08:05:00+00:00,SHORT,76145.4,76119.3,0.0003428828168412501,-0.0010571171831587499,1802.8537236786449,1800.9478960286226
2026-04-30 13:40:00+00:00,2026-04-30 13:55:00+00:00,SHORT,76630.0,76410.2,0.0028765793048572963,0.0014765793048572963,1800.9478960286226,1803.6071384210247
2026-05-01 03:15:00+00:00,2026-05-01 03:30:00+00:00,SHORT,77241.3,77232.8,0.0001100568670306945,-0.0012899431329693055,1803.6071384210247,1801.2805877782441
2026-05-01 08:15:00+00:00,2026-05-01 08:30:00+00:00,SHORT,77350.5,77412.9,-0.0008060672058531893,-0.0022060672058531895,1801.2805877782441,1797.3068417450067
2026-05-01 13:50:00+00:00,2026-05-01 14:05:00+00:00,SHORT,78777.8,78644.2,0.0016987902477234584,0.00029879024772345845,1797.3068417450067,1797.8438595014866
2026-05-01 20:40:00+00:00,2026-05-01 20:55:00+00:00,LONG,77987.9,77875.6,-0.0014399669692348738,-0.002839966969234874,1797.8438595014866,1792.7380423246607
2026-05-01 20:55:00+00:00,2026-05-01 21:10:00+00:00,LONG,77875.6,77957.9,0.0010568136874706813,-0.0003431863125293187,1792.7380423246607,1792.1227991665844
2026-05-02 05:10:00+00:00,2026-05-02 05:25:00+00:00,LONG,78093.7,78109.6,0.00020360157093346487,-0.0011963984290665351,1792.1227991665844,1789.9787062649673
2026-05-02 11:45:00+00:00,2026-05-02 12:00:00+00:00,LONG,78102.8,78138.7,0.0004596506143184076,-0.0009403493856815924,1789.9787062649673,1788.295500888148
2026-05-02 13:10:00+00:00,2026-05-02 13:25:00+00:00,SHORT,78400.7,78306.8,0.0011991295775077848,-0.00020087042249221517,1788.295500888148,1787.9362852153436
2026-05-02 21:35:00+00:00,2026-05-02 21:50:00+00:00,SHORT,78901.4,78726.2,0.002225434480515931,0.000825434480515931,1787.9362852153436,1789.4121094741258
2026-05-03 01:15:00+00:00,2026-05-03 01:30:00+00:00,LONG,78266.0,78235.4,-0.00039097436945811914,-0.0017909743694581191,1789.4121094741258,1786.2073182496597
2026-05-03 02:15:00+00:00,2026-05-03 02:30:00+00:00,LONG,78125.5,78168.9,0.0005555164446946481,-0.0008444835553053519,1786.2073182496597,1784.6988955430318
2026-05-03 09:35:00+00:00,2026-05-03 09:50:00+00:00,SHORT,78596.7,78529.0,0.0008621018986616491,-0.0005378981013383509,1784.6988955430318,1783.7389093956585
2026-05-03 11:40:00+00:00,2026-05-03 11:55:00+00:00,SHORT,78716.5,78655.2,0.0007793508884346156,-0.0006206491115653843,1783.7389093956585,1782.6318334262776
2026-05-03 12:10:00+00:00,2026-05-03 12:25:00+00:00,SHORT,78854.3,78778.4,0.0009634620657439363,-0.00043653793425606365,1782.6318334262776,1781.8536470081747
2026-05-03 20:35:00+00:00,2026-05-03 20:50:00+00:00,SHORT,79033.4,78874.9,0.0020095112640396984,0.0006095112640396984,1781.8536470081747,1782.9397068768963
2026-05-04 00:20:00+00:00,2026-05-04 00:35:00+00:00,LONG,78351.6,78331.4,-0.0002578122208098943,-0.0016578122208098943,1782.9397068768963,1779.9839276418686
2026-05-04 01:55:00+00:00,2026-05-04 02:10:00+00:00,SHORT,79780.9,79942.7,-0.002023949653939705,-0.0034239496539397053,1779.9839276418686,1773.889352288801
2026-05-04 02:10:00+00:00,2026-05-04 02:25:00+00:00,SHORT,79942.7,79713.6,0.002874039059834077,0.001474039059834077,1773.889352288801,1776.5041344818985
2026-05-04 02:40:00+00:00,2026-05-04 02:55:00+00:00,SHORT,80154.6,80172.2,-0.00021952746712694537,-0.0016195274671269454,1776.5041344818985,1773.6270372406407
2026-05-04 04:15:00+00:00,2026-05-04 04:30:00+00:00,SHORT,80522.5,80404.7,0.0014650884836333589,6.508848363335888e-05,1773.6270372406407,1773.7424799350256
2026-05-04 10:00:00+00:00,2026-05-04 10:15:00+00:00,LONG,79230.6,78396.2,-0.010531284629928472,-0.011931284629928473,1773.7424799350256,1752.5794535467257
2026-05-04 10:15:00+00:00,2026-05-04 10:30:00+00:00,LONG,78396.2,78956.3,0.007144478941581323,0.005744478941581322,1752.5794535467257,1762.6471093110729
2026-05-04 14:45:00+00:00,2026-05-04 15:00:00+00:00,SHORT,80022.9,80104.2,-0.001014928056206843,-0.002414928056206843,1762.6471093110729,1758.3904433536059
2026-05-05 02:00:00+00:00,2026-05-05 02:15:00+00:00,SHORT,80490.3,80400.0,0.0011231343283581996,-0.0002768656716418004,1758.3904433536059,1757.9036054024982
2026-05-05 02:35:00+00:00,2026-05-05 02:50:00+00:00,SHORT,80715.9,80543.0,0.002146679413481012,0.0007466794134810119,1757.9036054024982,1759.2161958355362
2026-05-05 05:20:00+00:00,2026-05-05 05:35:00+00:00,SHORT,81158.6,81231.0,-0.0008912853467271109,-0.002291285346727111,1759.2161958355362,1755.1853295442932
2026-05-05 05:35:00+00:00,2026-05-05 05:50:00+00:00,SHORT,81231.0,81023.0,0.002567172284413166,0.0011671722844131662,1755.1853295442932,1757.2339332149456
2026-05-05 12:30:00+00:00,2026-05-05 12:45:00+00:00,SHORT,81241.0,81237.6,4.1852541187825665e-05,-0.0013581474588121743,1757.2339332149456,1754.8473504140113
2026-05-05 13:00:00+00:00,2026-05-05 13:15:00+00:00,SHORT,81469.8,81560.0,-0.0011059342815105122,-0.0025059342815105124,1754.8473504140113,1750.449818279791
2026-05-05 13:15:00+00:00,2026-05-05 13:30:00+00:00,SHORT,81560.0,81484.5,0.0009265565843810109,-0.00047344341561898914,1750.449818279791,1749.621079338955
2026-05-05 22:35:00+00:00,2026-05-05 22:50:00+00:00,LONG,81003.4,81219.2,0.0026640857050446165,0.0012640857050446165,1749.621079338955,1751.832750334592
2026-05-06 05:35:00+00:00,2026-05-06 05:50:00+00:00,LONG,81069.1,81234.0,0.0020340672340015686,0.0006340672340015687,1751.832750334592,1752.9435300810298
2026-05-06 08:50:00+00:00,2026-05-06 09:05:00+00:00,SHORT,81920.0,81854.9,0.0007953097493247352,-0.0006046902506752648,1752.9435300810298,1751.8835422184056
2026-05-06 11:15:00+00:00,2026-05-06 11:30:00+00:00,SHORT,82538.5,82694.2,-0.0018828406345305915,-0.0032828406345305917,1751.8835422184056,1746.1323877390457
2026-05-06 14:00:00+00:00,2026-05-06 14:15:00+00:00,LONG,81411.6,81435.0,0.0002874283271669942,-0.0011125716728330058,1746.1323877390457,1744.1896903074312
2026-05-06 14:15:00+00:00,2026-05-06 14:30:00+00:00,LONG,81435.0,81720.4,0.0035046355989438727,0.0021046355989438725,1744.1896903074312,1747.860574020963
2026-05-07 00:40:00+00:00,2026-05-07 00:55:00+00:00,LONG,81039.4,81023.3,-0.00019866879567209672,-0.0015986687956720967,1747.860574020963,1745.0663238620903
2026-05-07 07:10:00+00:00,2026-05-07 07:25:00+00:00,SHORT,81659.5,81568.0,0.0011217634366418316,-0.00027823656335816834,1745.0663238620903,1744.580782605307
2026-05-07 09:35:00+00:00,2026-05-07 09:50:00+00:00,LONG,80930.0,80941.3,0.0001396268380082777,-0.0012603731619917223,1744.580782605307,1742.3819598079847
2026-05-07 10:25:00+00:00,2026-05-07 10:40:00+00:00,LONG,80619.9,80886.8,0.003310597011408012,0.001910597011408012,1742.3819598079847,1745.710949573125
2026-05-07 13:45:00+00:00,2026-05-07 14:00:00+00:00,LONG,80331.6,80440.2,0.0013518963894656455,-4.810361053435449e-05,1745.710949573125,1745.6269745735012
2026-05-07 15:20:00+00:00,2026-05-07 15:35:00+00:00,LONG,79835.7,79970.2,0.0016847099731072124,0.0002847099731072124,1745.6269745735012,1746.123971982487
2026-05-08 02:15:00+00:00,2026-05-08 02:30:00+00:00,LONG,79385.7,79635.9,0.0031517011250137283,0.0017517011250137284,1746.123971982487,1749.182659308622
2026-05-08 10:50:00+00:00,2026-05-08 11:05:00+00:00,SHORT,80211.9,80221.7,-0.00012216146005383788,-0.0015221614600538379,1749.182659308622,1746.5201208780281
2026-05-08 11:05:00+00:00,2026-05-08 11:20:00+00:00,SHORT,80221.7,80276.0,-0.0006764163635457621,-0.0020764163635457623,1746.5201208780281,1742.8936179197751
2026-05-08 13:10:00+00:00,2026-05-08 13:25:00+00:00,LONG,79686.8,79613.7,-0.0009173413915479767,-0.002317341391547977,1742.8936179197751,1738.8547383979048
2026-05-08 13:25:00+00:00,2026-05-08 13:40:00+00:00,LONG,79613.7,79596.8,-0.0002122750230173498,-0.0016122750230173498,1738.8547383979048,1736.0512263345306
2026-05-09 16:15:00+00:00,2026-05-09 16:30:00+00:00,SHORT,80648.6,80625.3,0.0002889911727461669,-0.001111008827253833,1736.0512263345306,1734.1224580975081
2026-05-09 18:25:00+00:00,2026-05-09 18:40:00+00:00,SHORT,81034.1,80903.9,0.0016093167325681446,0.00020931673256814457,1734.1224580975081,1734.48543894431
2026-05-10 15:45:00+00:00,2026-05-10 16:00:00+00:00,SHORT,81342.6,81417.3,-0.0009174954217346931,-0.0023174954217346933,1734.48543894431,1730.4657768804911
2026-05-10 20:40:00+00:00,2026-05-10 20:55:00+00:00,LONG,80800.1,80733.3,-0.0008267316500846222,-0.0022267316500846224,1730.4657768804911,1726.6124939657232
2026-05-10 22:30:00+00:00,2026-05-10 22:45:00+00:00,SHORT,82010.1,81986.2,0.00029151247405057035,-0.0011084875259494296,1726.6124939657232,1724.6985655540138
2026-05-10 23:00:00+00:00,2026-05-10 23:15:00+00:00,SHORT,82229.2,82268.7,-0.00048013399992952177,-0.0018801339999295218,1724.6985655540138,1721.4559011412862
2026-05-10 23:15:00+00:00,2026-05-10 23:30:00+00:00,SHORT,82268.7,82208.0,0.0007383709614636746,-0.0006616290385363253,1721.4559011412862,1720.3169359285314
2026-05-11 03:05:00+00:00,2026-05-11 03:20:00+00:00,LONG,81037.9,80680.8,-0.0044065801310250174,-0.005806580131025018,1720.3169359285314,1710.3277777893031
2026-05-11 16:10:00+00:00,2026-05-11 16:25:00+00:00,SHORT,81785.6,81774.0,0.000141854379142492,-0.001258145620857508,1710.3277777893031,1708.1759363854467
2026-05-12 01:15:00+00:00,2026-05-12 01:30:00+00:00,LONG,81375.8,81151.3,-0.0027588054433873577,-0.004158805443387358,1708.1759363854467,1701.0719650029437
2026-05-12 01:30:00+00:00,2026-05-12 01:45:00+00:00,LONG,81151.3,81159.2,9.734902583202754e-05,-0.0013026509741679724,1701.0719650029437,1698.856061950603
2026-05-12 07:00:00+00:00,2026-05-12 07:15:00+00:00,LONG,80921.9,81045.1,0.001522455602253725,0.00012245560225372502,1698.856061950603,1699.0640963928113
2026-05-12 11:15:00+00:00,2026-05-12 11:30:00+00:00,LONG,80542.7,80675.0,0.001642606965001292,0.000242606965001292,1699.0640963928113,1699.4763011765797
2026-05-12 16:45:00+00:00,2026-05-12 17:00:00+00:00,LONG,79979.2,80106.0,0.0015854122071738974,0.00018541220717389743,1699.4763011765797,1699.7914048286204
2026-05-13 01:10:00+00:00,2026-05-13 01:25:00+00:00,SHORT,80955.1,81062.1,-0.0013199756729717071,-0.0027199756729717074,1699.7914048286204,1695.1680135583604
2026-05-13 01:25:00+00:00,2026-05-13 01:40:00+00:00,SHORT,81062.1,81113.7,-0.0006361440792368445,-0.0020361440792368447,1695.1680135583604,1691.716407244242
2026-05-13 01:45:00+00:00,2026-05-13 02:00:00+00:00,SHORT,81124.2,80974.7,0.0018462556823304332,0.00044625568233043326,1691.716407244242,1692.4713453038662
2026-05-13 03:45:00+00:00,2026-05-13 04:00:00+00:00,SHORT,81268.4,81222.3,0.0005675781158620552,-0.0008324218841379448,1692.4713453038662,1691.062495117759
2026-05-13 11:00:00+00:00,2026-05-13 11:15:00+00:00,LONG,80740.8,80630.1,-0.0013710540395933668,-0.002771054039593367,1691.062495117759,1686.3764695594582
2026-05-13 11:15:00+00:00,2026-05-13 11:30:00+00:00,LONG,80630.1,80666.2,0.0004477236168625165,-0.0009522763831374835,1686.3764695594582,1684.770573074418
2026-05-13 12:20:00+00:00,2026-05-13 12:35:00+00:00,LONG,80279.5,79938.2,-0.004251396682839359,-0.005651396682839359,1684.770573074418,1675.2492662463999
2026-05-13 12:35:00+00:00,2026-05-13 12:50:00+00:00,LONG,79938.2,80166.9,0.0028609600916706945,0.0014609600916706946,1675.2492662463999,1677.6967385679864
2026-05-13 13:35:00+00:00,2026-05-13 13:50:00+00:00,LONG,79904.4,79740.2,-0.0020549556720280693,-0.0034549556720280695,1677.6967385679864,1671.900370705128
2026-05-13 14:00:00+00:00,2026-05-13 14:15:00+00:00,LONG,79648.6,79714.2,0.0008236177409268741,-0.0005763822590731259,1671.900370705128,1670.9367169925158
2026-05-13 15:25:00+00:00,2026-05-13 15:40:00+00:00,LONG,79291.7,79252.7,-0.000491854759073096,-0.001891854759073096,1670.9367169925158,1667.7755474123637
2026-05-13 15:45:00+00:00,2026-05-13 16:00:00+00:00,LONG,79184.5,78912.8,-0.0034312270709545567,-0.004831227070954557,1667.7755474123637,1659.7181450394291
2026-05-13 16:00:00+00:00,2026-05-13 16:15:00+00:00,LONG,78912.8,78912.3,-6.336107703730498e-06,-0.0014063361077037305,1659.7181450394291,1657.3840234834493
2026-05-14 03:20:00+00:00,2026-05-14 03:35:00+00:00,LONG,79075.4,79172.2,0.0012241480915682335,-0.00017585190843176653,1657.3840234834493,1657.0925693399154
2026-05-14 05:45:00+00:00,2026-05-14 06:00:00+00:00,SHORT,79826.5,79885.4,-0.0007373061911186696,-0.0021373061911186698,1657.0925693399154,1653.5508551322084
2026-05-14 14:45:00+00:00,2026-05-14 15:00:00+00:00,SHORT,80690.8,81024.1,-0.004113590894560981,-0.005513590894560981,1653.5508551322084,1644.4338521936581
2026-05-14 15:00:00+00:00,2026-05-14 15:15:00+00:00,SHORT,81024.1,81009.5,0.00018022577598930667,-0.0012197742240106933,1644.4338521936581,1642.4280141676618
2026-05-14 15:15:00+00:00,2026-05-14 15:30:00+00:00,SHORT,81009.5,80940.0,0.0008586607363478826,-0.0005413392636521173,1642.4280141676618,1641.5389033958706
2026-05-14 16:00:00+00:00,2026-05-14 16:15:00+00:00,SHORT,81330.1,81463.4,-0.0016363176592185669,-0.003036317659218567,1641.5389033958706,1636.5546698351955
2026-05-14 16:55:00+00:00,2026-05-14 17:10:00+00:00,SHORT,81880.5,81717.5,0.0019946767828189493,0.0005946767828189493,1636.5546698351955,1637.5278909011602
2026-05-15 02:30:00+00:00,2026-05-15 02:45:00+00:00,LONG,80795.9,81103.5,0.0038071238763353055,0.0024071238763353053,1637.5278909011602,1641.4696233855132
2026-05-15 05:30:00+00:00,2026-05-15 05:45:00+00:00,LONG,80553.6,80396.2,-0.0019539784689946993,-0.0033539784689946995,1641.4696233855132,1635.9641696111694
2026-05-15 13:00:00+00:00,2026-05-15 13:15:00+00:00,LONG,80141.8,80141.9,1.2477882951333896e-06,-0.0013987522117048666,1635.9641696111694,1633.675861110656
2026-05-15 13:30:00+00:00,2026-05-15 13:45:00+00:00,LONG,79716.8,79126.2,-0.0074087268932020445,-0.008808726893202045,1633.675861110656,1619.2852566181155
2026-05-15 13:45:00+00:00,2026-05-15 14:00:00+00:00,LONG,79126.2,78957.3,-0.0021345647838515447,-0.003534564783851545,1619.2852566181155,1613.5617879750632
2026-05-15 14:00:00+00:00,2026-05-15 14:15:00+00:00,LONG,78957.3,79228.8,0.003438567428217576,0.002038567428217576,1613.5617879750632,1616.8511424794456
2026-05-16 04:30:00+00:00,2026-05-16 04:45:00+00:00,LONG,78925.7,79005.3,0.0010085434782334257,-0.00039145652176657427,1616.8511424794456,1616.2182155549963
2026-05-16 06:20:00+00:00,2026-05-16 06:35:00+00:00,LONG,78840.0,78815.8,-0.0003069507864028598,-0.0017069507864028598,1616.2182155549963,1613.459410600956
2026-05-16 06:40:00+00:00,2026-05-16 06:55:00+00:00,LONG,78747.9,78649.9,-0.0012444776305146066,-0.002644477630514607,1613.459410600956,1609.1926532818786
2026-05-16 07:05:00+00:00,2026-05-16 07:20:00+00:00,LONG,78453.8,78420.0,-0.00043082680507511295,-0.001830826805075113,1609.1926532818786,1606.2465002377203
2026-05-16 07:50:00+00:00,2026-05-16 08:05:00+00:00,LONG,78352.8,78459.1,0.0013566841261576368,-4.33158738423632e-05,1606.2465002377203,1606.1769242669563
2026-05-16 09:15:00+00:00,2026-05-16 09:30:00+00:00,LONG,77973.2,78154.3,0.0023225928908907623,0.0009225928908907623,1606.1769242669563,1607.6587716787976
2026-05-16 10:25:00+00:00,2026-05-16 10:40:00+00:00,LONG,77773.8,77910.2,0.0017538039802607042,0.0003538039802607042,1607.6587716787976,1608.2275677511186
2026-05-17 00:55:00+00:00,2026-05-17 01:10:00+00:00,LONG,77955.6,78050.5,0.0012173596252225138,-0.00018264037477748614,1608.2275677511186,1607.9338404654172
2026-05-17 01:40:00+00:00,2026-05-17 01:55:00+00:00,LONG,77783.1,77723.8,-0.0007623764031005065,-0.0021623764031005067,1607.9338404654172,1604.456882271048
2026-05-17 05:05:00+00:00,2026-05-17 05:20:00+00:00,SHORT,78281.4,78208.4,0.0009334035730177437,-0.0004665964269822563,1604.456882271048,1603.7082484225334
2026-05-17 10:00:00+00:00,2026-05-17 10:15:00+00:00,SHORT,78324.1,78431.6,-0.0013706210251990258,-0.002770621025199026,1603.7082484225334,1599.264980631169
2026-05-17 10:15:00+00:00,2026-05-17 10:30:00+00:00,SHORT,78431.6,78480.1,-0.0006179910576057379,-0.002017991057605738,1599.264980631169,1596.0376782015135
2026-05-17 14:05:00+00:00,2026-05-17 14:20:00+00:00,LONG,78064.8,77995.2,-0.0008915670058721181,-0.0022915670058721183,1596.0376782015135,1592.3802509180182
2026-05-17 19:40:00+00:00,2026-05-17 19:55:00+00:00,SHORT,78381.7,78412.7,-0.0003953441215517328,-0.0017953441215517328,1592.3802509180182,1589.5213803952574
2026-05-17 23:40:00+00:00,2026-05-17 23:55:00+00:00,LONG,77249.6,77455.5,0.002665385969635947,0.0012653859696359472,1589.5213803952574,1591.5327384484458
2026-05-18 11:35:00+00:00,2026-05-18 11:50:00+00:00,SHORT,77169.8,77302.2,-0.0017127584984644173,-0.0031127584984644175,1591.5327384484458,1586.5786813912562
2026-05-18 12:15:00+00:00,2026-05-18 12:30:00+00:00,SHORT,77452.1,77568.7,-0.001503183629479321,-0.0029031836294793213,1586.5786813912562,1581.9725521365604
2026-05-18 12:35:00+00:00,2026-05-18 12:50:00+00:00,SHORT,77650.9,77616.6,0.0004419157757489245,-0.0009580842242510755,1581.9725521365604,1580.4568891911601
2026-05-18 13:40:00+00:00,2026-05-18 13:55:00+00:00,LONG,76814.2,76932.6,0.0015413816716181028,0.00014138167161810281,1580.4568891911601,1580.6803368280741
2026-05-19 01:25:00+00:00,2026-05-19 01:40:00+00:00,LONG,76765.6,76857.7,0.0011997561407712798,-0.0002002438592287202,1580.6803368280741,1580.3638152972208
2026-05-19 22:20:00+00:00,2026-05-19 22:35:00+00:00,LONG,76684.5,76725.6,0.0005359622870333425,-0.0008640377129666575,1580.3638152972208,1578.998321360596
2026-05-20 05:05:00+00:00,2026-05-20 05:20:00+00:00,SHORT,77033.0,77158.0,-0.0016200523600923278,-0.003020052360092328,1578.998321360596,1574.2296637535892
2026-05-20 08:35:00+00:00,2026-05-20 08:50:00+00:00,SHORT,77576.0,77492.6,0.001076231795035909,-0.00032376820496409094,1574.2296637535892,1573.7199782411546
2026-05-20 13:30:00+00:00,2026-05-20 13:45:00+00:00,LONG,77254.6,77190.0,-0.000836196161781988,-0.002236196161781988,1573.7199782411546,1570.2008316660922
2026-05-21 00:45:00+00:00,2026-05-21 01:00:00+00:00,SHORT,77950.5,77984.0,-0.00042957529749687584,-0.0018295752974968758,1570.2008316660922,1567.3280310123669
2026-05-21 01:10:00+00:00,2026-05-21 01:25:00+00:00,SHORT,78130.0,77884.7,0.003149527442488642,0.0017495274424886422,1567.3280310123669,1570.0701144140046
2026-05-21 07:15:00+00:00,2026-05-21 07:30:00+00:00,LONG,77545.0,77659.2,0.0014726932748725385,7.269327487253855e-05,1570.0701144140046,1570.1842479524007
2026-05-21 08:05:00+00:00,2026-05-21 08:20:00+00:00,SHORT,78120.1,78000.2,0.0015371755457038727,0.00013717554570387273,1570.1842479524007,1570.399638833469
2026-05-21 10:25:00+00:00,2026-05-21 10:40:00+00:00,LONG,77386.5,77356.7,-0.0003850800850278002,-0.0017850800850278002,1570.399638833469,1567.5963497126527
2026-05-21 13:35:00+00:00,2026-05-21 13:50:00+00:00,LONG,76890.9,77084.7,0.0025204543060362017,0.0011204543060362017,1567.5963497126527,1569.3527697928148
2026-05-21 17:15:00+00:00,2026-05-21 17:30:00+00:00,SHORT,77766.3,77936.6,-0.0021851094351049705,-0.0035851094351049707,1569.3527697928148,1563.7264683708224
2026-05-21 17:30:00+00:00,2026-05-21 17:45:00+00:00,SHORT,77936.6,77912.6,0.00030803746762408935,-0.0010919625323759106,1563.7264683708224,1562.018937656477
2026-05-22 07:05:00+00:00,2026-05-22 07:20:00+00:00,LONG,77323.7,77452.7,0.0016683112680846435,0.0002683112680846435,1562.018937656477,1562.4380449384116
2026-05-22 14:20:00+00:00,2026-05-22 14:35:00+00:00,LONG,76818.6,76817.0,-2.0828288982199794e-05,-0.0014208282889821998,1562.4380449384116,1560.2180887643813
2026-05-22 14:45:00+00:00,2026-05-22 15:00:00+00:00,LONG,76807.8,76837.9,0.00039188728228101155,-0.0010081127177189884,1560.2180887643813,1558.6452130666828
2026-05-22 18:45:00+00:00,2026-05-22 19:00:00+00:00,LONG,76339.5,76393.1,0.0007021266840889773,-0.0006978733159110227,1558.6452130666828,1557.5574761635112
2026-05-22 19:30:00+00:00,2026-05-22 19:45:00+00:00,LONG,75857.4,75742.5,-0.0015146841310141879,-0.002914684131014188,1557.5574761635112,1553.017688104595
2026-05-22 22:40:00+00:00,2026-05-22 22:55:00+00:00,LONG,75657.1,75734.3,0.0010203933272621146,-0.00037960667273788536,1553.017688104595,1552.4281522273106
2026-05-23 00:35:00+00:00,2026-05-23 00:50:00+00:00,LONG,75313.7,75369.2,0.0007369177188214504,-0.0006630822811785496,1552.4281522273106,1551.398764626766
2026-05-23 07:00:00+00:00,2026-05-23 07:15:00+00:00,LONG,75366.8,75313.0,-0.0007138421692310937,-0.002113842169231094,1551.398764626766,1548.119352496805
2026-05-23 07:15:00+00:00,2026-05-23 07:30:00+00:00,LONG,75313.0,75281.5,-0.0004182544846175196,-0.0018182544846175196,1548.119352496805,1545.3044775414046
2026-05-23 07:30:00+00:00,2026-05-23 07:45:00+00:00,LONG,75281.5,75039.9,-0.0032092878064332586,-0.004609287806433259,1545.3044775414046,1538.1817244558463
2026-05-23 07:45:00+00:00,2026-05-23 08:00:00+00:00,LONG,75039.9,74615.6,-0.005654325232309576,-0.007054325232309576,1538.1817244558463,1527.33089030514
2026-05-23 13:00:00+00:00,2026-05-23 13:15:00+00:00,SHORT,74949.1,74950.0,-1.200800533684987e-05,-0.0014120080053368499,1527.33089030514,1525.174286861231
2026-05-23 13:45:00+00:00,2026-05-23 14:00:00+00:00,SHORT,75144.0,75141.9,2.7947124041416416e-05,-0.0013720528759585836,1525.174286861231,1523.0816670946049
2026-05-23 14:20:00+00:00,2026-05-23 14:35:00+00:00,SHORT,75296.7,75411.0,-0.001515693996896994,-0.0029156939968969942,1523.0816670946049,1518.6408270210734
2026-05-23 14:35:00+00:00,2026-05-23 14:50:00+00:00,SHORT,75411.0,75443.8,-0.00043476070929626687,-0.0018347607092962669,1518.6408270210734,1515.854484500122
2026-05-23 14:55:00+00:00,2026-05-23 15:10:00+00:00,SHORT,75538.9,75636.3,-0.001287741468051884,-0.002687741468051884,1515.854484500122,1511.7802595425987
2026-05-23 18:10:00+00:00,2026-05-23 18:25:00+00:00,SHORT,75694.3,75831.6,-0.0018105908354828504,-0.0032105908354828506,1511.7802595425987,1506.9265516960475
2026-05-23 18:30:00+00:00,2026-05-23 18:45:00+00:00,SHORT,75875.4,75786.2,0.0011769952841018672,-0.00022300471589813283,1506.9265516960475,1506.5904999685072
2026-05-23 19:15:00+00:00,2026-05-23 19:30:00+00:00,SHORT,75958.2,75924.1,0.0004491327523143962,-0.0009508672476856038,1506.5904999685072,1505.157932406413
2026-05-23 20:10:00+00:00,2026-05-23 20:25:00+00:00,SHORT,76090.4,76000.0,0.001189473684210407,-0.00021052631578959299,1505.157932406413,1504.8410570522221
2026-05-23 20:30:00+00:00,2026-05-23 20:45:00+00:00,SHORT,76293.4,76837.1,-0.007076008855097515,-0.008476008855097516,1504.8410570522221,1492.0860109271332
2026-05-23 20:55:00+00:00,2026-05-23 21:10:00+00:00,SHORT,77292.1,76976.9,0.004094734913980824,0.002694734913980824,1492.0860109271332,1496.1067871954408
2026-05-24 06:50:00+00:00,2026-05-24 07:05:00+00:00,SHORT,77009.0,76935.5,0.0009553457116675546,-0.00044465428833244543,1496.1067871954408,1495.441536896711
2026-05-24 10:25:00+00:00,2026-05-24 10:40:00+00:00,SHORT,77231.6,77194.2,0.0004844923582343341,-0.0009155076417656659,1495.441536896711,1494.0724487418684
2026-05-24 13:50:00+00:00,2026-05-24 14:05:00+00:00,LONG,76784.4,76747.1,-0.00048577575653374616,-0.0018857757565337461,1494.0724487418684,1491.254963139526
2026-05-24 14:10:00+00:00,2026-05-24 14:25:00+00:00,LONG,76514.1,76420.1,-0.0012285317346737434,-0.0026285317346737436,1491.254963139526,1487.335152144424
2026-05-24 21:30:00+00:00,2026-05-24 21:45:00+00:00,LONG,76411.7,76158.8,-0.0033097025717264694,-0.00470970257172647,1487.335152144424,1480.3302459533502
2026-05-24 21:55:00+00:00,2026-05-24 22:10:00+00:00,LONG,76145.4,76984.1,0.011014453926304402,0.009614453926304401,1480.3302459533502,1494.5628128987835
2026-05-25 04:50:00+00:00,2026-05-25 05:05:00+00:00,SHORT,77384.2,77401.6,-0.00022480155448989514,-0.0016248015544898951,1494.5628128987835,1492.1344449171029
2026-05-25 05:40:00+00:00,2026-05-25 05:55:00+00:00,SHORT,77467.8,77414.3,0.0006910867888749728,-0.0007089132111250272,1492.1344449171029,1491.0766510963265
2026-05-25 06:05:00+00:00,2026-05-25 06:20:00+00:00,SHORT,77579.4,77235.5,0.0044526157013289325,0.0030526157013289323,1491.0766510963265,1495.628335093348
2026-05-25 09:30:00+00:00,2026-05-25 09:45:00+00:00,SHORT,77624.4,77612.4,0.0001546144688220341,-0.0012453855311779659,1495.628335093348,1493.765701204803
2026-05-25 14:25:00+00:00,2026-05-25 14:40:00+00:00,SHORT,77625.7,77581.8,0.000565854362750029,-0.000834145637249971,1493.765701204803,1492.5196830620694
2026-05-25 14:45:00+00:00,2026-05-25 15:00:00+00:00,SHORT,77711.4,77709.0,3.088445353816027e-05,-0.0013691155464618397,1492.5196830620694,1490.4762511605888
2026-05-25 19:05:00+00:00,2026-05-25 19:20:00+00:00,LONG,77439.3,77508.9,0.000898768454776766,-0.000501231545223234,1490.4762511605888,1489.7291774461012
2026-05-25 19:35:00+00:00,2026-05-25 19:50:00+00:00,LONG,77360.3,77416.7,0.0007290561179311705,-0.0006709438820688295,1489.7291774461012,1488.7296527685544
2026-05-25 20:40:00+00:00,2026-05-25 20:55:00+00:00,LONG,77269.0,77284.4,0.0001993037311209811,-0.0012006962688790189,1488.7296527685544,1486.9421406291058
2026-05-26 00:35:00+00:00,2026-05-26 00:50:00+00:00,LONG,76971.1,76725.5,-0.003190807978579069,-0.004590807978579069,1486.9421406291058,1480.1158747862203
2026-05-26 00:50:00+00:00,2026-05-26 01:05:00+00:00,LONG,76725.5,76686.5,-0.0005083055828896121,-0.0019083055828896121,1480.1158747862203,1477.2913613990422
2026-05-26 05:30:00+00:00,2026-05-26 05:45:00+00:00,SHORT,76899.9,76891.9,0.00010404216829074109,-0.001295957831709259,1477.2913613990422,1475.3768540895207
2026-05-26 10:25:00+00:00,2026-05-26 10:40:00+00:00,SHORT,77235.8,77513.5,-0.003582601740341973,-0.004982601740341973,1475.3768540895207,1468.025638808674
2026-05-26 10:40:00+00:00,2026-05-26 10:55:00+00:00,SHORT,77513.5,77439.4,0.0009568772485324395,-0.0004431227514675605,1468.025638808674,1467.3751232483803
2026-05-26 14:20:00+00:00,2026-05-26 14:35:00+00:00,SHORT,77791.0,76929.7,0.011195936029907871,0.009795936029907871,1467.3751232483803,1481.7494360875994
2026-05-26 17:30:00+00:00,2026-05-26 17:45:00+00:00,LONG,75896.6,76129.3,0.0030660134973108377,0.0016660134973108377,1481.7494360875994,1484.218050647754
2026-05-27 04:30:00+00:00,2026-05-27 04:45:00+00:00,LONG,75349.1,75499.9,0.002001351044670585,0.0006013510446705851,1484.218050647754,1485.1105867230297
2026-05-27 07:55:00+00:00,2026-05-27 08:10:00+00:00,SHORT,75995.0,75924.5,0.0009285540240633328,-0.0004714459759366672,1485.1105867230297,1484.410437313098
2026-05-27 13:20:00+00:00,2026-05-27 13:35:00+00:00,LONG,75384.4,74962.6,-0.005595322109083423,-0.006995322109083423,1484.410437313098,1474.0265081620078
2026-05-27 13:35:00+00:00,2026-05-27 13:50:00+00:00,LONG,74962.6,75016.6,0.0007203592191307173,-0.0006796407808692827,1474.0265081620078,1473.0246996349786
2026-05-27 13:50:00+00:00,2026-05-27 14:05:00+00:00,LONG,75016.6,75024.4,0.00010397698642683473,-0.0012960230135731653,1473.0246996349786,1471.11562572469
2026-05-27 20:15:00+00:00,2026-05-27 20:30:00+00:00,SHORT,75399.1,75235.4,0.002175837438227468,0.0007758374382274681,1471.11562572469,1472.2569723030886
2026-05-27 21:40:00+00:00,2026-05-27 21:55:00+00:00,LONG,74636.2,74477.7,-0.002123634375812311,-0.0035236343758123113,1472.2569723030886,1467.069277025452
2026-05-27 21:55:00+00:00,2026-05-27 22:10:00+00:00,LONG,74477.7,74406.6,-0.0009546481698547993,-0.0023546481698547995,1467.069277025452,1463.6148450372539
2026-05-27 22:10:00+00:00,2026-05-27 22:25:00+00:00,LONG,74406.6,74605.7,0.002675837896100486,0.0012758378961004858,1463.6148450372539,1465.4821803218476
2026-05-28 03:15:00+00:00,2026-05-28 03:30:00+00:00,LONG,73731.3,73680.5,-0.0006889882587178819,-0.002088988258717882,1465.4821803218476,1462.4208052537952
2026-05-28 03:30:00+00:00,2026-05-28 03:45:00+00:00,LONG,73680.5,73421.4,-0.0035165342254736,-0.0049165342254736,1462.4208052537952,1455.2307633127202
2026-05-28 03:50:00+00:00,2026-05-28 04:05:00+00:00,LONG,73248.0,73203.5,-0.0006075251201398402,-0.0020075251201398404,1455.2307633127202,1452.3093509997698
2026-05-28 04:25:00+00:00,2026-05-28 04:40:00+00:00,LONG,73009.2,73194.1,0.002532557540693592,0.0011325575406935919,1452.3093509997698,1453.9541749066643
2026-05-28 13:30:00+00:00,2026-05-28 13:45:00+00:00,LONG,72957.8,72901.3,-0.0007744202813133594,-0.0021744202813133596,1453.9541749066643,1450.7926674606472
2026-05-28 13:45:00+00:00,2026-05-28 14:00:00+00:00,LONG,72901.3,72894.0,-0.00010013538853215209,-0.001500135388532152,1450.7926674606472,1448.6162820387665
2026-05-29 06:20:00+00:00,2026-05-29 06:35:00+00:00,SHORT,73832.7,73684.4,0.0020126376817888314,0.0006126376817888314,1448.6162820387665,1449.503758959596
2026-05-29 07:50:00+00:00,2026-05-29 08:05:00+00:00,LONG,73401.0,73713.8,0.004261522322584144,0.0028615223225841434,1449.503758959596,1453.6515463225285
2026-05-29 11:50:00+00:00,2026-05-29 12:05:00+00:00,LONG,73424.8,73378.1,-0.0006360248853247708,-0.002036024885324771,1453.6515463225285,1450.691875599625
2026-05-29 12:10:00+00:00,2026-05-29 12:25:00+00:00,LONG,73373.9,73335.5,-0.0005233468576699707,-0.0019233468576699707,1450.691875599625,1447.9016919392432
2026-05-29 12:30:00+00:00,2026-05-29 12:45:00+00:00,LONG,73288.6,73250.4,-0.0005212270394032714,-0.0019212270394032714,1447.9016919392432,1445.1199440582918
2026-05-29 13:10:00+00:00,2026-05-29 13:25:00+00:00,LONG,73129.2,73069.1,-0.0008218331391562916,-0.002221833139156292,1445.1199440582918,1441.9091286765274
2026-05-29 13:25:00+00:00,2026-05-29 13:40:00+00:00,LONG,73069.1,73266.6,0.0027029209337463556,0.0013029209337463556,1441.9091286765274,1443.7878222648399
2026-05-29 15:30:00+00:00,2026-05-29 15:45:00+00:00,SHORT,74043.9,73863.9,0.0024369143790132775,0.0010369143790132775,1443.7878222648399,1445.2849066179904
2026-05-29 18:50:00+00:00,2026-05-29 19:05:00+00:00,LONG,73337.7,73471.3,0.0018217097072856792,0.00042170970728567917,1445.2849066179904,1445.8943972929046
2026-05-30 02:50:00+00:00,2026-05-30 03:05:00+00:00,SHORT,73784.2,73796.0,-0.00015990026559709047,-0.0015599002655970905,1445.8943972929046,1443.638946238542
2026-05-30 13:20:00+00:00,2026-05-30 13:35:00+00:00,SHORT,73782.9,73687.4,0.0012960153296222021,-0.00010398467037779787,1443.638946238542,1443.488829918573
2026-05-30 14:00:00+00:00,2026-05-30 14:15:00+00:00,SHORT,73920.3,74019.5,-0.0013401873830544142,-0.0027401873830544144,1443.488829918573,1439.5334000392502
2026-05-30 14:15:00+00:00,2026-05-30 14:30:00+00:00,SHORT,74019.5,74064.7,-0.0006102772305834891,-0.0020102772305834894,1439.5334000392502,1436.6395388224869
2026-05-30 14:30:00+00:00,2026-05-30 14:45:00+00:00,SHORT,74064.7,73996.5,0.0009216652138952508,-0.0004783347861047492,1436.6395388224869,1435.9523441559747
2026-05-31 01:10:00+00:00,2026-05-31 01:25:00+00:00,SHORT,74151.4,74108.3,0.0005815812803693365,-0.0008184187196306634,1435.9523441559747,1434.77713387702
2026-05-31 06:00:00+00:00,2026-05-31 06:15:00+00:00,LONG,74007.5,74033.5,0.000351315745025893,-0.001048684254974107,1434.77713387702,1433.2725056873264
2026-05-31 07:20:00+00:00,2026-05-31 07:35:00+00:00,LONG,73890.8,73838.9,-0.0007023878480136858,-0.002102387848013686,1433.2725056873264,1430.2592109884774
2026-05-31 07:35:00+00:00,2026-05-31 07:50:00+00:00,LONG,73838.9,73890.4,0.0006974643446746587,-0.0007025356553253413,1430.2592109884774,1429.2544028964005
2026-05-31 14:15:00+00:00,2026-05-31 14:30:00+00:00,LONG,73581.9,73685.2,0.0014038778558314036,3.877855831403579e-06,1429.2544028964005,1429.2599453389212
2026-05-31 16:30:00+00:00,2026-05-31 16:45:00+00:00,LONG,73435.6,73453.1,0.0002383040378235446,-0.0011616959621764554,1429.2599453389212,1427.5995798315205
2026-05-31 21:45:00+00:00,2026-05-31 22:00:00+00:00,SHORT,73840.2,73720.1,0.0016291350662844817,0.0002291350662844817,1427.5995798315205,1427.9266929558728
2026-06-01 06:40:00+00:00,2026-06-01 06:55:00+00:00,LONG,73007.1,73136.9,0.001777909271837741,0.00037790927183774096,1427.9266929558728,1428.4663196926454
2026-06-01 07:30:00+00:00,2026-06-01 07:45:00+00:00,LONG,72906.9,72757.7,-0.0020464455353333966,-0.0034464455353333968,1428.4663196926454,1423.5431883227666
2026-06-01 07:45:00+00:00,2026-06-01 08:00:00+00:00,LONG,72757.7,72834.8,0.0010596816556873723,-0.0003403183443126277,1423.5431883227666,1423.058730461859
2026-06-01 12:00:00+00:00,2026-06-01 12:15:00+00:00,LONG,72323.6,72097.4,-0.0031276097981849382,-0.004527609798184938,1423.058730461859,1416.6156758104275
2026-06-01 13:10:00+00:00,2026-06-01 13:25:00+00:00,LONG,71843.0,71827.4,-0.00021714015283336163,-0.0016171401528333616,1416.6156758104275,1414.3248097199414
2026-06-01 15:15:00+00:00,2026-06-01 15:30:00+00:00,LONG,71261.4,71388.1,0.0017779611402528595,0.00037796114025285947,1414.3248097199414,1414.859369537711
2026-06-01 16:05:00+00:00,2026-06-01 16:20:00+00:00,LONG,70900.0,70930.4,0.00042877291960508046,-0.0009712270803949195,1414.859369537711,1413.4852198030655
2026-06-01 21:05:00+00:00,2026-06-01 21:20:00+00:00,LONG,71160.2,71222.0,0.000868462989142893,-0.000531537010857107,1413.4852198030655,1412.7339000944407
2026-06-01 21:40:00+00:00,2026-06-01 21:55:00+00:00,LONG,71017.6,71036.9,0.00027176361915892677,-0.0011282363808410732,1412.7339000944407,1411.1400023119068
2026-06-01 22:00:00+00:00,2026-06-01 22:15:00+00:00,LONG,70900.1,71180.0,0.003947808254149088,0.0025478082541490876,1411.1400023119068,1414.7353164575568
2026-06-02 02:05:00+00:00,2026-06-02 02:20:00+00:00,LONG,70261.1,70541.1,0.003985135444790844,0.0025851354447908436,1414.7353164575568,1418.3925988691285
2026-06-02 05:55:00+00:00,2026-06-02 06:10:00+00:00,LONG,70270.8,70309.0,0.0005436112866226139,-0.000856388713377386,1418.3925988691285,1417.177903456319
2026-06-02 06:55:00+00:00,2026-06-02 07:10:00+00:00,LONG,70110.7,70052.8,-0.0008258368551447015,-0.0022258368551447017,1417.177903456319,1414.0234966485093
2026-06-02 14:20:00+00:00,2026-06-02 14:35:00+00:00,LONG,68010.2,68099.7,0.0013159790737271582,-8.402092627284182e-05,1414.0234966485093,1413.9046890845493
2026-06-02 15:30:00+00:00,2026-06-02 15:45:00+00:00,LONG,67250.9,67171.8,-0.0011761924375731647,-0.002576192437573165,1413.9046890845493,1410.2621985170806
2026-06-02 19:30:00+00:00,2026-06-02 19:45:00+00:00,LONG,66592.9,67147.9,0.008334221816439946,0.006934221816439946,1410.2621985170806,1420.0412694209383
2026-06-02 22:50:00+00:00,2026-06-02 23:05:00+00:00,LONG,66575.9,66469.5,-0.001598175916510236,-0.0029981759165102363,1420.0412694209383,1415.78373588651
2026-06-03 03:30:00+00:00,2026-06-03 03:45:00+00:00,LONG,66038.1,65698.7,-0.005139457373849465,-0.0065394573738494655,1415.78373588651,1406.5252784950908
2026-06-03 16:20:00+00:00,2026-06-03 16:35:00+00:00,LONG,65641.0,65898.2,0.003918282780579263,0.002518282780579263,1406.5252784950908,1410.0673068843744
2026-06-03 19:50:00+00:00,2026-06-03 20:05:00+00:00,LONG,65360.1,65388.1,0.00042839591738697,-0.00097160408261303,1410.0673068843744,1408.6972797322464
2026-06-04 00:20:00+00:00,2026-06-04 00:35:00+00:00,LONG,64012.8,63124.0,-0.013884723055389014,-0.015284723055389015,1408.6972797322464,1387.1657319426592
2026-06-04 00:35:00+00:00,2026-06-04 00:50:00+00:00,LONG,63124.0,63181.5,0.0009109055192952908,-0.0004890944807047091,1387.1657319426592,1386.4872768393434
2026-06-04 01:20:00+00:00,2026-06-04 01:35:00+00:00,LONG,62619.6,62810.5,0.0030485662635979516,0.0016485662635979516,1386.4872768393434,1388.7729929888485
2026-06-04 02:00:00+00:00,2026-06-04 02:15:00+00:00,LONG,61465.8,62533.6,0.01737226229870914,0.01597226229870914,1388.7729929888485,1410.9548395062297
2026-06-05 03:00:00+00:00,2026-06-05 03:15:00+00:00,LONG,62595.3,62775.1,0.0028724201337799737,0.0014724201337799738,1410.9548395062297,1413.0323578197729
2026-06-05 06:00:00+00:00,2026-06-05 06:15:00+00:00,LONG,62179.2,61838.5,-0.005479324275642017,-0.006879324275642017,1413.0323578197729,1403.3116500183557
2026-06-05 06:15:00+00:00,2026-06-05 06:30:00+00:00,LONG,61838.5,61718.1,-0.0019470071233940178,-0.003347007123394018,1403.3116500183557,1398.6147559294025
2026-06-05 12:00:00+00:00,2026-06-05 12:15:00+00:00,LONG,61661.8,62331.9,0.010867344125536471,0.009467344125536471,1398.6147559294025,1411.8559231228392
2026-06-05 13:45:00+00:00,2026-06-05 14:00:00+00:00,LONG,61260.0,60596.5,-0.010830884753509684,-0.012230884753509684,1411.8559231228392,1394.5876760385638
2026-06-05 14:00:00+00:00,2026-06-05 14:15:00+00:00,LONG,60596.5,60779.0,0.0030117250996344325,0.0016117250996344325,1394.5876760385638,1396.835367999676
2026-06-05 14:20:00+00:00,2026-06-05 14:35:00+00:00,LONG,60547.8,60883.3,0.00554107663697101,0.004141076636971009,1396.835367999676,1402.6197703077942
2026-06-05 18:45:00+00:00,2026-06-05 19:00:00+00:00,LONG,59781.4,59416.9,-0.006097214183675814,-0.0074972141836758145,1402.6197703077942,1392.1040294715385
2026-06-05 20:50:00+00:00,2026-06-05 21:05:00+00:00,SHORT,61510.1,61837.7,-0.005297739081498776,-0.006697739081498776,1392.1040294715385,1382.7800799078352
2026-06-06 04:10:00+00:00,2026-06-06 04:25:00+00:00,LONG,60129.0,59962.3,-0.002772372731959627,-0.004172372731959627,1382.7800799078352,1377.010606008131
2026-06-06 04:25:00+00:00,2026-06-06 04:40:00+00:00,LONG,59962.3,59788.9,-0.0028918170250307185,-0.004291817025030719,1377.010606008131,1371.1007284456175
2026-06-06 10:15:00+00:00,2026-06-06 10:30:00+00:00,LONG,60527.5,60369.4,-0.002612035851472405,-0.004012035851472405,1371.1007284456175,1365.5998231671138
2026-06-06 10:30:00+00:00,2026-06-06 10:45:00+00:00,LONG,60369.4,60439.0,0.0011529019668905516,-0.0002470980331094484,1365.5998231671138,1365.2623861367947
2026-06-06 21:30:00+00:00,2026-06-06 21:45:00+00:00,SHORT,60995.5,60864.0,0.0021605546792848873,0.0007605546792848873,1365.2623861367947,1366.3007428330227
2026-06-07 01:05:00+00:00,2026-06-07 01:20:00+00:00,SHORT,61328.5,61493.0,-0.002675101231034427,-0.004075101231034427,1366.3007428330227,1360.7329289939407
2026-06-07 01:20:00+00:00,2026-06-07 01:35:00+00:00,SHORT,61493.0,61433.3,0.0009717856602200481,-0.0004282143397799519,1360.7329289939407,1360.150243641135
2026-06-07 03:15:00+00:00,2026-06-07 03:30:00+00:00,SHORT,61754.2,61610.1,0.0023389022254467484,0.0009389022254467484,1360.150243641135,1361.4272917318315
2026-06-07 06:35:00+00:00,2026-06-07 06:50:00+00:00,SHORT,62209.5,62064.7,0.0023330492212159104,0.0009330492212159104,1361.4272917318315,1362.6975704061238
2026-06-07 07:55:00+00:00,2026-06-07 08:10:00+00:00,SHORT,62400.1,62380.9,0.00030778651798857304,-0.001092213482011427,1362.6975704061238,1361.209213747822
2026-06-07 08:25:00+00:00,2026-06-07 08:40:00+00:00,SHORT,62528.5,62555.3,-0.00042842093315842433,-0.0018284209331584243,1361.209213747822,1358.7203503269975
2026-06-07 08:45:00+00:00,2026-06-07 09:00:00+00:00,SHORT,62762.6,62830.0,-0.0010727359541620185,-0.0024727359541620187,1358.7203503269975,1355.3605936650924
2026-06-07 09:10:00+00:00,2026-06-07 09:25:00+00:00,SHORT,62837.5,62695.2,0.0022697112378620155,0.0008697112378620155,1355.3605936650924,1356.5393660047582
2026-06-07 12:15:00+00:00,2026-06-07 12:30:00+00:00,LONG,62010.0,61793.1,-0.003497822931785244,-0.004897822931785244,1356.5393660047582,1349.8952763900706
2026-06-07 12:30:00+00:00,2026-06-07 12:45:00+00:00,LONG,61793.1,61858.1,0.0010518973801281195,-0.0003481026198718805,1349.8952763900706,1349.4253743078066
2026-06-07 19:00:00+00:00,2026-06-07 19:15:00+00:00,LONG,61856.2,61288.9,-0.00917127143277463,-0.01057127143277463,1349.4253743078066,1335.1602323977254
2026-06-07 19:15:00+00:00,2026-06-07 19:30:00+00:00,LONG,61288.9,61352.7,0.001040971529918,-0.00035902847008199997,1335.1602323977254,1334.6808718621733
2026-06-07 19:40:00+00:00,2026-06-07 19:55:00+00:00,LONG,61222.7,61334.9,0.0018326535745729622,0.0004326535745729622,1334.6808718621733,1335.2583263122985
2026-06-07 22:10:00+00:00,2026-06-07 22:25:00+00:00,SHORT,63682.8,63002.0,0.010806006158534665,0.009406006158534664,1335.2583263122985,1347.8177743528265
2026-06-08 00:35:00+00:00,2026-06-08 00:50:00+00:00,SHORT,63835.2,63708.2,0.001993463949695684,0.0005934639496956841,1347.8177743528265,1348.6176556126638
2026-06-09 00:25:00+00:00,2026-06-09 00:40:00+00:00,LONG,62734.0,62719.8,-0.00022635253610481243,-0.0016263525361048124,1348.6176556126638,1346.4243278682225
2026-06-09 00:45:00+00:00,2026-06-09 01:00:00+00:00,LONG,62455.7,62641.1,0.002968504075688827,0.001568504075688827,1346.4243278682225,1348.5361999140903
2026-06-09 14:20:00+00:00,2026-06-09 14:35:00+00:00,LONG,61808.8,61427.1,-0.006175496045870532,-0.007575496045870532,1348.5361999140903,1338.320369263928
2026-06-09 14:45:00+00:00,2026-06-09 15:00:00+00:00,LONG,61224.8,61430.5,0.0033597496439350394,0.001959749643935039,1338.320369263928,1340.9431421310637
2026-06-09 16:00:00+00:00,2026-06-09 16:15:00+00:00,LONG,61034.8,60877.8,-0.002572303014018229,-0.003972303014018229,1340.9431421310637,1335.6165096459495
2026-06-09 16:15:00+00:00,2026-06-09 16:30:00+00:00,LONG,60877.8,61131.7,0.004170650056342318,0.0027706500563423175,1335.6165096459495,1339.3170356036517
2026-06-10 09:20:00+00:00,2026-06-10 09:35:00+00:00,LONG,60976.3,61372.8,0.006502526391401142,0.005102526391401142,1339.3170356036517,1346.1509361242724
2026-06-10 12:30:00+00:00,2026-06-10 12:45:00+00:00,SHORT,61669.3,61780.6,-0.001801536404631765,-0.003201536404631765,1346.1509361242724,1341.8411848961416
2026-06-10 13:35:00+00:00,2026-06-10 13:50:00+00:00,SHORT,62174.3,62219.4,-0.0007248543058917534,-0.0021248543058917536,1341.8411848961416,1338.9899678765921
2026-06-10 15:50:00+00:00,2026-06-10 16:05:00+00:00,SHORT,62826.8,62469.5,0.00571959116048637,0.00431959116048637,1338.9899678765921,1344.7738571058117
2026-06-11 01:15:00+00:00,2026-06-11 01:30:00+00:00,SHORT,62199.1,62181.7,0.00027982509323476457,-0.0011201749067652354,1344.7738571058117,1343.267475175808
2026-06-11 01:40:00+00:00,2026-06-11 01:55:00+00:00,SHORT,62257.3,62208.6,0.0007828499596520544,-0.0006171500403479456,1343.267475175808,1342.438477599305
2026-06-11 03:55:00+00:00,2026-06-11 04:10:00+00:00,SHORT,62682.4,62668.0,0.0002297823450565506,-0.0011702176549434494,1342.438477599305,1340.867532392143
2026-06-11 06:20:00+00:00,2026-06-11 06:35:00+00:00,SHORT,62979.2,62965.1,0.00022393357590155816,-0.0011760664240984418,1340.867532392143,1339.290583108133
2026-06-11 17:45:00+00:00,2026-06-11 18:00:00+00:00,SHORT,63596.6,63515.1,0.001283159437676984,-0.00011684056232301606,1339.290583108133,1339.1340996432887
2026-06-12 06:15:00+00:00,2026-06-12 06:30:00+00:00,LONG,63175.2,62940.8,-0.0037103167065556386,-0.005110316706555639,1339.1340996432887,1332.2907002815632
2026-06-12 06:30:00+00:00,2026-06-12 06:45:00+00:00,LONG,62940.8,62984.0,0.0006863592455133016,-0.0007136407544866984,1332.2907002815632,1331.3399233410187
2026-06-12 08:20:00+00:00,2026-06-12 08:35:00+00:00,SHORT,63507.7,63498.9,0.00013858507785169394,-0.001261414922148306,1331.3399233410187,1329.6605512952647
2026-06-12 09:30:00+00:00,2026-06-12 09:45:00+00:00,SHORT,63911.0,63836.9,0.0011607706514571436,-0.00023922934854285634,1329.6605512952647,1329.3424574677952
2026-06-12 15:10:00+00:00,2026-06-12 15:25:00+00:00,SHORT,64371.7,64136.0,0.003675003118373432,0.002275003118373432,1329.3424574677952,1332.3667157039206
2026-06-13 01:40:00+00:00,2026-06-13 01:55:00+00:00,SHORT,63760.1,63840.5,-0.001259388632607883,-0.002659388632607883,1332.3667157039206,1328.8234348057126
2026-06-13 07:50:00+00:00,2026-06-13 08:05:00+00:00,SHORT,63847.4,63822.9,0.0003838747534192777,-0.0010161252465807223,1328.8234348057126,1327.4731837653585
2026-06-13 12:45:00+00:00,2026-06-13 13:00:00+00:00,SHORT,64080.2,64110.2,-0.0004679442584799576,-0.0018679442584799576,1327.4731837653585,1324.9935378534578
2026-06-13 13:05:00+00:00,2026-06-13 13:20:00+00:00,SHORT,64150.4,64205.1,-0.0008519572432719169,-0.002251957243271917,1324.9935378534578,1322.0097090586003
2026-06-13 13:25:00+00:00,2026-06-13 13:40:00+00:00,SHORT,64229.9,64160.9,0.0010754213235786292,-0.0003245786764213708,1322.0097090586003,1321.5806128970178
2026-06-13 21:40:00+00:00,2026-06-13 21:55:00+00:00,SHORT,64579.1,64471.7,0.0016658471856645374,0.0002658471856645374,1321.5806128970178,1321.931951383585
2026-06-14 04:45:00+00:00,2026-06-14 05:00:00+00:00,LONG,64385.4,64380.0,-8.386994567088912e-05,-0.0014838699456708891,1321.931951383585,1319.970376290705
2026-06-14 14:25:00+00:00,2026-06-14 14:40:00+00:00,LONG,64153.7,63942.0,-0.003299887613652741,-0.004699887613652741,1319.970376290705,1313.7666638687879
2026-06-14 14:40:00+00:00,2026-06-14 14:55:00+00:00,LONG,63942.0,63984.3,0.0006615370179225977,-0.0007384629820774023,1313.7666638687879,1312.7964958204334
2026-06-14 20:35:00+00:00,2026-06-14 20:50:00+00:00,SHORT,64041.3,64046.0,-7.338475470752837e-05,-0.0014733847547075284,1312.7964958204334,1310.8622414774582
2026-06-14 20:50:00+00:00,2026-06-14 21:05:00+00:00,SHORT,64046.0,64032.1,0.00021707862150388557,-0.0011829213784961144,1310.8622414774582,1309.3115945077511
2026-06-14 21:10:00+00:00,2026-06-14 21:25:00+00:00,SHORT,64109.6,64788.6,-0.01048023880744453,-0.011880238807444531,1309.3115945077511,1293.7566600916432
2026-06-14 21:25:00+00:00,2026-06-14 21:40:00+00:00,SHORT,64788.6,65263.9,-0.0072827397688461915,-0.008682739768846192,1293.7566600916432,1282.523307687856
2026-06-14 21:40:00+00:00,2026-06-14 21:55:00+00:00,SHORT,65263.9,65315.8,-0.0007946010000643433,-0.0021946010000643435,1282.523307687856,1279.7086807541984
2026-06-15 00:10:00+00:00,2026-06-15 00:25:00+00:00,SHORT,65883.9,65761.4,0.0018627948918361614,0.00046279489183616144,1279.7086807541984,1280.3009233946898
2026-06-15 11:15:00+00:00,2026-06-15 11:30:00+00:00,SHORT,66243.0,66249.1,-9.207672255173716e-05,-0.0014920767225517371,1280.3009233946898,1278.390616189031
2026-06-15 13:00:00+00:00,2026-06-15 13:15:00+00:00,SHORT,66557.0,66823.7,-0.00399109896638461,-0.00539109896638461,1278.390616189031,1271.4986858594586
2026-06-15 13:15:00+00:00,2026-06-15 13:30:00+00:00,SHORT,66823.7,66828.2,-6.733684282977936e-05,-0.0014673368428297793,1271.4986858594586,1269.6329689920874
2026-06-15 13:30:00+00:00,2026-06-15 13:45:00+00:00,SHORT,66828.2,66605.1,0.0033495933494580576,0.0019495933494580577,1269.6329689920874,1272.108236984687
2026-06-15 15:45:00+00:00,2026-06-15 16:00:00+00:00,SHORT,67197.8,67160.8,0.0005509166061155035,-0.0008490833938844965,1272.108236984687,1271.0281110054398
2026-06-15 19:15:00+00:00,2026-06-15 19:30:00+00:00,LONG,66425.2,66679.4,0.003826860890144168,0.002426860890144168,1271.0281110054398,1274.1127194183125
2026-06-15 22:25:00+00:00,2026-06-15 22:40:00+00:00,LONG,66164.4,66295.7,0.001984450852724473,0.0005844508527244731,1274.1127194183125,1274.8573756836436
2026-06-16 02:25:00+00:00,2026-06-16 02:40:00+00:00,LONG,65776.7,65880.1,0.0015719852166498072,0.00017198521664980719,1274.8573756836436,1275.076632305598
2026-06-16 02:55:00+00:00,2026-06-16 03:10:00+00:00,LONG,65742.8,65810.1,0.0010236862439689798,-0.0003763137560310202,1275.076632305598,1274.5968034288678
2026-06-16 06:35:00+00:00,2026-06-16 06:50:00+00:00,SHORT,66460.9,66513.7,-0.0007938214232556806,-0.002193821423255681,1274.5968034288678,1271.8005656554924
2026-06-16 08:30:00+00:00,2026-06-16 08:45:00+00:00,SHORT,66620.0,66634.3,-0.00021460419033447753,-0.0016146041903344775,1271.8005656554924,1269.7471111329153
2026-06-16 08:50:00+00:00,2026-06-16 09:05:00+00:00,SHORT,66985.2,66772.1,0.003191452717527188,0.0017914527175271879,1269.7471111329153,1272.0218030457265
2026-06-16 13:30:00+00:00,2026-06-16 13:45:00+00:00,LONG,65974.5,66206.0,0.0035089314811025396,0.0021089314811025394,1272.0218030457265,1274.7044098708184
2026-06-16 14:30:00+00:00,2026-06-16 14:45:00+00:00,LONG,65569.1,65667.6,0.001502231996473924,0.00010223199647392393,1274.7044098708184,1274.8347254475534
2026-06-17 07:50:00+00:00,2026-06-17 08:05:00+00:00,LONG,65316.6,65441.6,0.0019137554618580133,0.0005137554618580133,1274.8347254475534,1275.4896787507182
2026-06-17 08:35:00+00:00,2026-06-17 08:50:00+00:00,LONG,64996.6,64915.7,-0.0012446804909795883,-0.0026446804909795885,1275.4896787507182,1272.1164160808805
2026-06-17 11:00:00+00:00,2026-06-17 11:15:00+00:00,LONG,64711.5,64635.6,-0.0011728981711133235,-0.0025728981711133237,1272.1164160808805,1268.8433900805028
2026-06-17 16:15:00+00:00,2026-06-17 16:30:00+00:00,SHORT,65939.5,66000.5,-0.0009242354224588967,-0.002324235422458897,1268.8433900805028,1265.8942993277249
2026-06-18 04:10:00+00:00,2026-06-18 04:25:00+00:00,LONG,63929.2,63936.2,0.00010949613009381132,-0.0012905038699061887,1265.8942993277249,1264.2606578355503
2026-06-18 04:25:00+00:00,2026-06-18 04:40:00+00:00,LONG,63936.2,63880.1,-0.000877437195203945,-0.0022774371952039452,1264.2606578355503,1261.3813835889628
2026-06-18 07:35:00+00:00,2026-06-18 07:50:00+00:00,SHORT,64455.4,64470.0,-0.00022646192027298007,-0.00162646192027298,1261.3813835889628,1259.329794801614
2026-06-18 08:05:00+00:00,2026-06-18 08:20:00+00:00,SHORT,64636.4,64582.1,0.0008407902499298903,-0.0005592097500701097,1259.329794801614,1258.6255653018072
2026-06-18 10:10:00+00:00,2026-06-18 10:25:00+00:00,LONG,64005.7,63958.2,-0.0007421214048123348,-0.002142121404812335,1258.6255653018072,1255.9294365377302
2026-06-18 10:25:00+00:00,2026-06-18 10:40:00+00:00,LONG,63958.2,63995.5,0.000583193398188131,-0.000816806601811869,1255.9294365377302,1254.9035850825564
2026-06-18 15:35:00+00:00,2026-06-18 15:50:00+00:00,LONG,62935.0,62530.2,-0.006432033049972197,-0.007832033049972197,1254.9035850825564,1245.0751387296614
2026-06-18 15:55:00+00:00,2026-06-18 16:10:00+00:00,LONG,62373.0,62641.6,0.004306350504224454,0.002906350504224454,1245.0751387296614,1248.6937634869055
2026-06-19 03:15:00+00:00,2026-06-19 03:30:00+00:00,LONG,62526.5,62737.9,0.003380966470216684,0.001980966470216684,1248.6937634869055,1251.1673839639416
2026-06-19 13:40:00+00:00,2026-06-19 13:55:00+00:00,SHORT,63096.3,63210.3,-0.0018035035429352364,-0.0032035035429352366,1251.1673839639416,1247.1592648166081
2026-06-19 23:55:00+00:00,2026-06-20 00:10:00+00:00,SHORT,63541.0,63526.1,0.0002345492640032365,-0.0011654507359967635,1247.1592648166081,1245.7057621335225
2026-06-20 00:25:00+00:00,2026-06-20 00:40:00+00:00,SHORT,63621.6,63608.5,0.00020594731836154345,-0.0011940526816384565,1245.7057621335225,1244.2183238277146
2026-06-20 05:10:00+00:00,2026-06-20 05:25:00+00:00,SHORT,63812.3,63636.6,0.002760989744895248,0.001360989744895248,1244.2183238277146,1245.9116922068547
2026-06-20 08:40:00+00:00,2026-06-20 08:55:00+00:00,LONG,63437.4,63405.3,-0.0005060106498689931,-0.0019060106498689931,1245.9116922068547,1243.5369712527122
2026-06-20 08:55:00+00:00,2026-06-20 09:10:00+00:00,LONG,63405.3,63508.7,0.0016307784995890362,0.00023077849958903622,1243.5369712527122,1243.8239528491213
2026-06-20 13:20:00+00:00,2026-06-20 13:35:00+00:00,LONG,63331.2,63449.6,0.0018695366580769868,0.0004695366580769868,1243.8239528491213,1244.4079737911782
2026-06-20 14:05:00+00:00,2026-06-20 14:20:00+00:00,LONG,63252.5,63353.8,0.0016015177265720215,0.00020151772657202153,1244.4079737911782,1244.6587440569847
2026-06-20 14:45:00+00:00,2026-06-20 15:00:00+00:00,SHORT,63971.9,64031.6,-0.0009323521511253041,-0.0023323521511253043,1244.6587440569847,1241.7557615578664
2026-06-20 15:15:00+00:00,2026-06-20 15:30:00+00:00,SHORT,64229.9,64150.1,0.001243957530853379,-0.00015604246914662097,1241.7557615578664,1241.561994922756
2026-06-20 22:20:00+00:00,2026-06-20 22:35:00+00:00,SHORT,64224.4,64262.6,-0.0005944359549722167,-0.001994435954972217,1241.561994922756,1239.085779039755
2026-06-20 22:40:00+00:00,2026-06-20 22:55:00+00:00,SHORT,64283.5,64273.9,0.00014936078252603124,-0.0012506392174739687,1239.085779039755,1237.5361297706736
2026-06-21 03:20:00+00:00,2026-06-21 03:35:00+00:00,SHORT,64411.3,64420.0,-0.00013505122632717637,-0.0015350512263271764,1237.5361297706736,1235.636448417045
2026-06-21 04:25:00+00:00,2026-06-21 04:40:00+00:00,SHORT,64529.4,64488.4,0.0006357732553452511,-0.0007642267446547489,1235.636448417045,1234.6921419964945
2026-06-21 08:25:00+00:00,2026-06-21 08:40:00+00:00,LONG,64046.3,63975.4,-0.001107011646262146,-0.002507011646262146,1234.6921419964945,1231.596754416961
2026-06-21 08:40:00+00:00,2026-06-21 08:55:00+00:00,LONG,63975.4,64009.4,0.0005314542777379305,-0.0008685457222620695,1231.596754416961,1230.5270563243603
2026-06-21 11:05:00+00:00,2026-06-21 11:20:00+00:00,SHORT,64445.1,64328.3,0.001815686097720537,0.0004156860977205369,1230.5270563243603,1231.038569314543
2026-06-21 20:45:00+00:00,2026-06-21 21:00:00+00:00,LONG,63735.1,63821.0,0.0013477659876584003,-5.223401234159971e-05,1231.038569314543,1230.9742672307207
2026-06-21 21:05:00+00:00,2026-06-21 21:20:00+00:00,LONG,63555.2,63700.0,0.002278334424248518,0.0008783344242485182,1230.9742672307207,1232.0554743049934
2026-06-22 01:20:00+00:00,2026-06-22 01:35:00+00:00,SHORT,64354.3,64524.8,-0.0026423948621305815,-0.004042394862130582,1232.0554743049934,1227.0750195858031
2026-06-22 11:30:00+00:00,2026-06-22 11:45:00+00:00,SHORT,64609.0,64770.7,-0.0024964991886763377,-0.003896499188676338,1227.0750195858031,1222.293722767542
2026-06-22 11:45:00+00:00,2026-06-22 12:00:00+00:00,SHORT,64770.7,64764.0,0.00010345253535914978,-0.0012965474646408502,1222.293722767542,1220.7089609402415
2026-06-22 12:00:00+00:00,2026-06-22 12:15:00+00:00,SHORT,64764.0,64732.7,0.00048352687281694173,-0.0009164731271830583,1220.7089609402415,1219.5902139814282
2026-06-22 12:35:00+00:00,2026-06-22 12:50:00+00:00,SHORT,65103.8,65109.5,-8.754482832762367e-05,-0.0014875448283276237,1219.5902139814282,1217.776018865941
2026-06-22 13:00:00+00:00,2026-06-22 13:15:00+00:00,SHORT,65134.0,65081.0,0.0008143697853444376,-0.0005856302146555624,1217.776018865941,1217.0628524346102
2026-06-22 13:40:00+00:00,2026-06-22 13:55:00+00:00,SHORT,65411.8,65579.9,-0.00256328539689743,-0.00396328539689743,1217.0628524346102,1212.2392850044498
2026-06-22 22:25:00+00:00,2026-06-22 22:40:00+00:00,LONG,64037.7,63847.0,-0.002977933311158809,-0.004377933311158809,1212.2392850044498,1206.9321822575334
2026-06-22 22:40:00+00:00,2026-06-22 22:55:00+00:00,LONG,63847.0,63981.6,0.0021081648315504076,0.0007081648315504076,1206.9321822575334,1207.7868891830744
2026-06-23 04:40:00+00:00,2026-06-23 04:55:00+00:00,LONG,63814.0,63622.3,-0.0030040429999685925,-0.004404042999968593,1207.7868891830744,1202.467743788314
2026-06-23 04:55:00+00:00,2026-06-23 05:10:00+00:00,LONG,63622.3,63621.9,-6.2871037356249104e-06,-0.001406287103735625,1202.467743788314,1200.7767289075664
2026-06-23 05:15:00+00:00,2026-06-23 05:30:00+00:00,LONG,63565.2,63449.6,-0.0018186051487291133,-0.0032186051487291135,1200.7767289075664,1196.9119027454306
2026-06-23 06:05:00+00:00,2026-06-23 06:20:00+00:00,LONG,63169.8,62662.1,-0.008037068345950193,-0.009437068345950194,1196.9119027454306,1185.6165633151406
2026-06-23 06:20:00+00:00,2026-06-23 06:35:00+00:00,LONG,62662.1,62902.8,0.0038412373667655597,0.0024412373667655595,1185.6165633151406,1188.5109347721616
2026-06-23 08:15:00+00:00,2026-06-23 08:30:00+00:00,LONG,62402.9,62335.3,-0.00108328298845084,-0.00248328298845084,1188.5109347721616,1185.5595257862542
2026-06-23 13:05:00+00:00,2026-06-23 13:20:00+00:00,LONG,62121.1,62117.9,-5.151228809530117e-05,-0.0014515122880953012,1185.5595257862542,1183.838671566307
2026-06-23 14:10:00+00:00,2026-06-23 14:25:00+00:00,SHORT,62744.3,62579.0,0.002641461193052086,0.001241461193052086,1183.838671566307,1185.3083613358908
2026-06-24 00:05:00+00:00,2026-06-24 00:20:00+00:00,SHORT,62861.0,62849.7,0.00017979401651890825,-0.0012202059834810917,1185.3083613358908,1183.8620409811188
2026-06-24 00:35:00+00:00,2026-06-24 00:50:00+00:00,SHORT,63025.5,62988.1,0.0005937629488745877,-0.0008062370511254123,1183.8620409811188,1182.907567540259
2026-06-24 10:55:00+00:00,2026-06-24 11:10:00+00:00,LONG,62449.1,62381.5,-0.001082481572993066,-0.002482481572993066,1182.907567540259,1179.9710213012863
2026-06-24 11:45:00+00:00,2026-06-24 12:00:00+00:00,SHORT,63102.0,62942.0,0.002542022814654654,0.0011420228146546542,1179.9710213012863,1181.3185751282438
2026-06-24 13:05:00+00:00,2026-06-24 13:20:00+00:00,LONG,62253.9,61822.7,-0.006926473682773326,-0.008326473682773327,1181.3185751282438,1171.4823571014672
2026-06-24 13:20:00+00:00,2026-06-24 13:35:00+00:00,LONG,61822.7,61849.1,0.0004270276128348627,-0.0009729723871651373,1171.4823571014672,1170.3425371159565
2026-06-24 13:40:00+00:00,2026-06-24 13:55:00+00:00,LONG,61498.1,61337.1,-0.0026179670591449655,-0.004017967059144966,1170.3425371159565,1165.6401393539086
2026-06-24 14:15:00+00:00,2026-06-24 14:30:00+00:00,LONG,61014.2,61327.6,0.0051365092060537965,0.0037365092060537963,1165.6401393539086,1169.9955644655502
2026-06-24 15:30:00+00:00,2026-06-24 15:45:00+00:00,LONG,60776.6,60437.1,-0.005586031466057628,-0.0069860314660576284,1169.9955644655502,1161.821938637046
2026-06-24 15:45:00+00:00,2026-06-24 16:00:00+00:00,LONG,60437.1,60292.5,-0.0023925701266275246,-0.0037925701266275248,1161.821938637046,1157.4156474601107
2026-06-24 16:00:00+00:00,2026-06-24 16:15:00+00:00,LONG,60292.5,60535.5,0.00403035203383495,0.0026303520338349495,1157.4156474601107,1160.4600580623996
2026-06-24 16:45:00+00:00,2026-06-24 17:00:00+00:00,LONG,60082.0,60001.2,-0.0013448287340634968,-0.002744828734063497,1160.4600580623996,1157.274793950297
2026-06-24 17:20:00+00:00,2026-06-24 17:35:00+00:00,LONG,59527.4,59481.1,-0.0007777930835212166,-0.0021777930835212168,1157.274793950297,1154.7544889082985
2026-06-24 17:45:00+00:00,2026-06-24 18:00:00+00:00,LONG,59395.8,59457.9,0.0010455284717101332,-0.0003544715282898668,1154.7544889082985,1154.3451613198156
2026-06-24 20:00:00+00:00,2026-06-24 20:15:00+00:00,SHORT,60246.4,60734.8,-0.0080415182070247,-0.0094415182070247,1154.3451613198156,1143.4463904620238
2026-06-25 04:50:00+00:00,2026-06-25 05:05:00+00:00,SHORT,61207.9,61693.4,-0.007869561411755543,-0.009269561411755544,1143.4463904620238,1132.847143924586
2026-06-25 05:05:00+00:00,2026-06-25 05:20:00+00:00,SHORT,61693.4,61688.5,7.943133647270173e-05,-0.0013205686635272983,1132.847143924586,1131.3511414857528
2026-06-25 05:20:00+00:00,2026-06-25 05:35:00+00:00,SHORT,61688.5,61573.8,0.0018628052840656828,0.0004628052840656828,1131.3511414857528,1131.874736772166
2026-06-25 07:15:00+00:00,2026-06-25 07:30:00+00:00,SHORT,61852.1,61853.0,-1.4550628102183438e-05,-0.0014145506281021834,1131.874736772166,1130.273642652332
2026-06-25 10:30:00+00:00,2026-06-25 10:45:00+00:00,LONG,61542.3,61340.0,-0.003287169962773673,-0.004687169962773673,1130.273642652332,1124.9758579847773
2026-06-25 10:45:00+00:00,2026-06-25 11:00:00+00:00,LONG,61340.0,61212.8,-0.0020736876426474815,-0.0034736876426474817,1124.9758579847773,1121.068043248619
2026-06-25 13:35:00+00:00,2026-06-25 13:50:00+00:00,LONG,60664.9,58804.7,-0.030663530311597076,-0.032063530311597074,1121.068043248619,1085.1226440625542
2026-06-25 13:50:00+00:00,2026-06-25 14:05:00+00:00,LONG,58804.7,59482.0,0.011517786843568745,0.010117786843568745,1085.1226440625542,1096.1016836743088
2026-06-25 21:55:00+00:00,2026-06-25 22:10:00+00:00,SHORT,60218.9,59888.0,0.005525313919316099,0.004125313919316099,1096.1016836743088,1100.6234472069561
2026-06-26 01:25:00+00:00,2026-06-26 01:40:00+00:00,LONG,59298.1,59312.7,0.0002462136223588818,-0.0011537863776411182,1100.6234472069561,1099.3535628666564
2026-06-26 02:10:00+00:00,2026-06-26 02:25:00+00:00,LONG,58679.7,58887.6,0.003542962898583246,0.002142962898583246,1099.3535628666564,1101.7094367643049
2026-06-26 02:50:00+00:00,2026-06-26 03:05:00+00:00,LONG,58504.0,58742.8,0.004081772186517174,0.002681772186517174,1101.7094367643049,1104.6639704894428
2026-06-26 07:25:00+00:00,2026-06-26 07:40:00+00:00,SHORT,60600.0,60590.8,0.00015183823286690767,-0.0012481617671330923,1104.6639704894428,1103.2851711559485
2026-06-26 09:45:00+00:00,2026-06-26 10:00:00+00:00,LONG,59813.5,59722.4,-0.001523067534921041,-0.002923067534921041,1103.2851711559485,1100.0601940903828
2026-06-27 02:20:00+00:00,2026-06-27 02:35:00+00:00,SHORT,60299.9,60296.3,5.970515603781479e-05,-0.0013402948439621852,1100.0601940903828,1098.5857890841955
2026-06-27 02:35:00+00:00,2026-06-27 02:50:00+00:00,SHORT,60296.3,60352.2,-0.000926229698337333,-0.0023262296983373332,1098.5857890841955,1096.0302261954566
2026-06-27 13:35:00+00:00,2026-06-27 13:50:00+00:00,SHORT,60624.9,60560.4,0.0010650524104860448,-0.00033494758951395517,1096.0302261954566,1095.6631135131581
2026-06-27 14:10:00+00:00,2026-06-27 14:25:00+00:00,SHORT,60677.0,60602.2,0.0012342786235484127,-0.00016572137645158732,1095.6631135131581,1095.4815387138594
2026-06-27 15:10:00+00:00,2026-06-27 15:25:00+00:00,SHORT,60878.4,60811.8,0.0010951821850364585,-0.0003048178149635415,1095.4815387138594,1095.147616424896
2026-06-27 17:00:00+00:00,2026-06-27 17:15:00+00:00,LONG,60433.7,60612.0,0.0029503406212096905,0.0015503406212096906,1095.147616424896,1096.8454682608603
2026-06-27 19:25:00+00:00,2026-06-27 19:40:00+00:00,LONG,60326.0,60202.0,-0.0020554984583761593,-0.0034554984583761595,1096.8454682608603,1093.0553204362081
2026-06-27 22:15:00+00:00,2026-06-27 22:30:00+00:00,LONG,60011.6,60182.9,0.0028544481400263333,0.0014544481400263333,1093.0553204362081,1094.6451127139624
2026-06-28 05:00:00+00:00,2026-06-28 05:15:00+00:00,LONG,59980.9,60023.6,0.0007118932860292748,-0.0006881067139707252,1094.6451127139624,1093.8918800624888
2026-06-28 05:25:00+00:00,2026-06-28 05:40:00+00:00,LONG,59835.8,59921.0,0.0014238967307196315,2.3896730719631535e-05,1093.8918800624888,1093.918020502183
2026-06-28 08:35:00+00:00,2026-06-28 08:50:00+00:00,SHORT,60467.6,60392.1,0.0012501635147643686,-0.00014983648523563139,1093.918020502183,1093.754111670855
2026-06-28 16:30:00+00:00,2026-06-28 16:45:00+00:00,LONG,59650.0,59700.9,0.0008533109807209449,-0.0005466890192790551,1093.754111670855,1093.1561683082134
2026-06-28 17:35:00+00:00,2026-06-28 17:50:00+00:00,LONG,59445.7,59586.5,0.0023685481035635725,0.0009685481035635725,1093.1561683082134,1094.214942641927
2026-06-28 21:45:00+00:00,2026-06-28 22:00:00+00:00,LONG,59385.0,59791.9,0.006851898627599606,0.005451898627599606,1094.214942641927,1100.1804915860155
2026-06-29 06:15:00+00:00,2026-06-29 06:30:00+00:00,SHORT,60305.0,60129.8,0.0029136967027996175,0.0015136967027996175,1100.1804915860155,1101.8458311686136
2026-06-29 12:05:00+00:00,2026-06-29 12:20:00+00:00,SHORT,60486.8,60430.2,0.000936617783823479,-0.00046338221617652094,1101.8458311686136,1101.3352554054818
2026-06-29 14:10:00+00:00,2026-06-29 14:25:00+00:00,LONG,59086.1,59507.7,0.00713534993847964,0.00573534993847964,1101.3352554054818,1107.651798494817
2026-06-29 17:10:00+00:00,2026-06-29 17:25:00+00:00,SHORT,60460.2,60550.1,-0.0014847209170587572,-0.0028847209170587574,1107.651798494817,1104.4565321828813
2026-06-30 00:25:00+00:00,2026-06-30 00:40:00+00:00,LONG,59935.2,59773.7,-0.002694576809621041,-0.004094576809621041,1104.4565321828813,1099.934250078971
2026-06-30 00:40:00+00:00,2026-06-30 00:55:00+00:00,LONG,59773.7,59837.1,0.0010606671495991815,-0.00033933285040081847,1099.934250078971,1099.5610062546382
2026-06-30 12:20:00+00:00,2026-06-30 12:35:00+00:00,LONG,58855.4,58864.9,0.00016141254668222693,-0.001238587453317773,1099.5610062546382,1098.1991037881337
2026-06-30 12:35:00+00:00,2026-06-30 12:50:00+00:00,LONG,58864.9,58660.6,-0.0034706590854652886,-0.004870659085465289,1098.1991037881337,1092.8501503456182
2026-06-30 12:55:00+00:00,2026-06-30 13:10:00+00:00,LONG,58407.3,58466.0,0.0010050113598814026,-0.00039498864011859743,1092.8501503456182,1092.41848695088
2026-06-30 13:10:00+00:00,2026-06-30 13:25:00+00:00,LONG,58466.0,58512.6,0.000797044436082528,-0.000602955563917472,1092.41848695088,1091.7598071460466
2026-07-01 06:30:00+00:00,2026-07-01 06:45:00+00:00,LONG,58654.7,58687.4,0.0005575000809825426,-0.0008424999190174574,1091.7598071460466,1090.8399995969396
2026-07-01 13:40:00+00:00,2026-07-01 13:55:00+00:00,SHORT,59018.1,59495.0,-0.008015799647029143,-0.009415799647029143,1090.8399995969396,1080.5688687137695
2026-07-01 14:10:00+00:00,2026-07-01 14:25:00+00:00,SHORT,59974.4,59783.5,0.003193188756094978,0.0017931887560949779,1080.5688687137695,1082.5065326593333
2026-07-01 15:20:00+00:00,2026-07-01 15:35:00+00:00,SHORT,60418.3,60174.1,0.0040582243855746825,0.0026582243855746823,1082.5065326593333,1085.3840779219922
2026-07-01 21:15:00+00:00,2026-07-01 21:30:00+00:00,SHORT,60505.0,60713.0,-0.0034259549025743574,-0.004825954902574358,1085.3840779219922,1080.1460633099684
2026-07-01 21:30:00+00:00,2026-07-01 21:45:00+00:00,SHORT,60713.0,60824.3,-0.0018298607628859376,-0.0032298607628859378,1080.1460633099684,1076.657341921898
2026-07-01 21:50:00+00:00,2026-07-01 22:05:00+00:00,SHORT,60778.4,60817.6,-0.0006445502617662413,-0.0020445502617662415,1076.657341921898,1074.4560618716391
2026-07-01 22:20:00+00:00,2026-07-01 22:35:00+00:00,SHORT,60983.0,60514.6,0.0077402808578426185,0.006340280857842618,1074.4560618716391,1081.2684150733169
2026-07-02 00:00:00+00:00,2026-07-02 00:15:00+00:00,LONG,59916.3,59769.8,-0.0024450775498486843,-0.0038450775498486845,1081.2684150733169,1077.1108541651581
2026-07-02 00:15:00+00:00,2026-07-02 00:30:00+00:00,LONG,59769.8,59679.7,-0.0015074502507956833,-0.0029074502507956835,1077.1108541651581,1073.9792079420808
2026-07-02 00:35:00+00:00,2026-07-02 00:50:00+00:00,LONG,59634.3,59731.2,0.0016249037885913697,0.00022490378859136976,1073.9792079420808,1074.2207499348153
2026-07-02 03:35:00+00:00,2026-07-02 03:50:00+00:00,SHORT,60794.0,60984.5,-0.0031237445580434287,-0.004523744558043429,1074.2207499348153,1069.3612496631604
2026-07-02 03:50:00+00:00,2026-07-02 04:05:00+00:00,SHORT,60984.5,60904.4,0.0013151759150404896,-8.48240849595104e-05,1069.3612496631604,1069.2705420736665
2026-07-02 07:35:00+00:00,2026-07-02 07:50:00+00:00,LONG,60119.0,60128.9,0.0001646733977611614,-0.0012353266022388386,1069.2705420736665,1067.9496437280527
2026-07-02 09:35:00+00:00,2026-07-02 09:50:00+00:00,SHORT,60931.7,61302.8,-0.006053557096902695,-0.0074535570969026955,1067.9496437280527,1059.989620081909
2026-07-02 09:50:00+00:00,2026-07-02 10:05:00+00:00,SHORT,61302.8,61059.9,0.003978060887751322,0.002578060887751322,1059.989620081909,1062.7223378628644
2026-07-02 13:15:00+00:00,2026-07-02 13:30:00+00:00,SHORT,61796.5,61986.2,-0.003060358595945556,-0.004460358595945556,1062.7223378628644,1057.9822151480744
2026-07-02 13:30:00+00:00,2026-07-02 13:45:00+00:00,SHORT,61986.2,61959.9,0.00042446808338936215,-0.0009755319166106378,1057.9822151480744,1056.950119729991
2026-07-03 10:40:00+00:00,2026-07-03 10:55:00+00:00,SHORT,62016.4,61915.1,0.0016361113847833675,0.0002361113847833675,1056.950119729991,1057.1996776864073
2026-07-03 20:05:00+00:00,2026-07-03 20:20:00+00:00,SHORT,62408.6,62617.6,-0.0033377197465249697,-0.00473771974652497,1057.1996776864073,1052.1909618974125
2026-07-03 20:20:00+00:00,2026-07-03 20:35:00+00:00,SHORT,62617.6,62687.5,-0.0011150548354935674,-0.0025150548354935676,1052.1909618974125,1049.5446439308298
2026-07-03 20:35:00+00:00,2026-07-03 20:50:00+00:00,SHORT,62687.5,62811.5,-0.001974160782659218,-0.003374160782659218,1049.5446439308298,1046.0033115536285
2026-07-04 00:05:00+00:00,2026-07-04 00:20:00+00:00,SHORT,62946.2,62760.7,0.0029556713038574323,0.0015556713038574323,1046.0033115536285,1047.6305488891521
2026-07-04 15:05:00+00:00,2026-07-04 15:20:00+00:00,SHORT,62860.6,62898.2,-0.0005977913517397626,-0.001997791351739763,1047.6305488891521,1045.5376016387631
2026-07-04 17:30:00+00:00,2026-07-04 17:45:00+00:00,SHORT,63153.5,63235.2,-0.0012920019229795132,-0.0026920019229795134,1045.5376016387631,1042.7230124046043
2026-07-04 17:45:00+00:00,2026-07-04 18:00:00+00:00,SHORT,63235.2,63232.9,3.6373470139627884e-05,-0.001363626529860372,1042.7230124046043,1041.3011276415934
2026-07-04 23:10:00+00:00,2026-07-04 23:25:00+00:00,LONG,62999.0,63098.3,0.0015762154954841456,0.00017621549548414565,1041.3011276415934,1041.484621035749
2026-07-05 01:15:00+00:00,2026-07-05 01:30:00+00:00,LONG,62877.6,62818.9,-0.0009335598050815852,-0.0023335598050815854,1041.484621035749,1039.0542543864892
2026-07-05 02:45:00+00:00,2026-07-05 03:00:00+00:00,LONG,62639.3,62753.2,0.0018183472676098766,0.00041834726760987665,1039.0542543864892,1039.4889398947103
2026-07-05 07:50:00+00:00,2026-07-05 08:05:00+00:00,SHORT,63017.9,62986.8,0.0004937542469216627,-0.0009062457530783373,1039.4889398947103,1038.5469074575587
2026-07-05 09:35:00+00:00,2026-07-05 09:50:00+00:00,LONG,62568.3,62585.9,0.00028129260344300633,-0.0011187073965569937,1038.5469074575587,1037.3850773505146
2026-07-05 09:50:00+00:00,2026-07-05 10:05:00+00:00,LONG,62585.9,62665.8,0.0012766453785917342,-0.00012335462140826577,1037.3850773505146,1037.2571111070436
2026-07-05 21:55:00+00:00,2026-07-05 22:10:00+00:00,SHORT,63093.1,63217.0,-0.001959915845421323,-0.003359915845421323,1037.2571111070436,1033.7720145036592
2026-07-05 22:15:00+00:00,2026-07-05 22:30:00+00:00,SHORT,63380.1,63636.4,-0.0040275691271034475,-0.005427569127103448,1033.7720145036592,1028.1611454332756
2026-07-05 22:30:00+00:00,2026-07-05 22:45:00+00:00,SHORT,63636.4,63568.2,0.001072863475763075,-0.00032713652423692493,1028.1611454332756,1027.8247963698032
2026-07-06 05:25:00+00:00,2026-07-06 05:40:00+00:00,LONG,63010.6,63105.7,0.001509269868879226,0.00010926986887922611,1027.8247963698032,1027.9371066505332
2026-07-06 11:55:00+00:00,2026-07-06 12:10:00+00:00,LONG,62489.7,61996.0,-0.007900502002729959,-0.009300502002729959,1027.9371066505332,1018.3767755314495
2026-07-06 12:15:00+00:00,2026-07-06 12:30:00+00:00,LONG,62097.8,62174.6,0.0012367587901664923,-0.00016324120983350772,1018.3767755314495,1018.2105344745455
2026-07-06 12:40:00+00:00,2026-07-06 12:55:00+00:00,LONG,61810.0,61762.9,-0.0007620126193171872,-0.0021620126193171874,1018.2105344745455,1016.00915044989
2026-07-06 15:40:00+00:00,2026-07-06 15:55:00+00:00,SHORT,62912.7,63546.8,-0.009978472558807128,-0.011378472558807128,1016.00915044989,1004.4485182119989
2026-07-06 16:10:00+00:00,2026-07-06 16:25:00+00:00,SHORT,63744.5,63470.1,0.004323295536008409,0.002923295536008409,1004.4485182119989,1007.3848180814383
2026-07-06 21:05:00+00:00,2026-07-06 21:20:00+00:00,SHORT,64431.9,64271.5,0.002495662929914433,0.0010956629299144329,1007.3848180814383,1008.4885722827687
2026-07-07 02:25:00+00:00,2026-07-07 02:40:00+00:00,LONG,63568.4,63604.0,0.0005600266799226095,-0.0008399733200773905,1008.4885722827687,1007.6414687884483
2026-07-07 02:50:00+00:00,2026-07-07 03:05:00+00:00,LONG,63352.7,63392.2,0.0006234935527609231,-0.0007765064472390769,1007.6414687884483,1006.8590286914286
2026-07-07 03:40:00+00:00,2026-07-07 03:55:00+00:00,LONG,63215.0,63191.0,-0.0003796567270426543,-0.0017796567270426543,1006.8590286914286,1005.0671652478344
2026-07-07 04:45:00+00:00,2026-07-07 05:00:00+00:00,LONG,63075.5,63094.1,0.00029488470166705305,-0.001105115298332947,1005.0671652478344,1003.9564501476669
2026-07-07 05:10:00+00:00,2026-07-07 05:25:00+00:00,LONG,62820.9,62944.2,0.0019627225970972884,0.0005627225970972884,1003.9564501476669,1004.5213991286665
2026-07-07 12:05:00+00:00,2026-07-07 12:20:00+00:00,SHORT,63786.0,63761.7,0.0003811065263317204,-0.0010188934736682796,1004.5213991286665,1003.4978988309342
2026-07-07 15:45:00+00:00,2026-07-07 16:00:00+00:00,SHORT,63999.9,63931.6,0.0010683292769146924,-0.0003316707230853076,1003.4978988309342,1003.1650679572144
2026-07-07 19:05:00+00:00,2026-07-07 19:20:00+00:00,LONG,63617.2,63589.1,-0.00044170444470992276,-0.0018417044447099227,1003.1650679572144,1001.31753439278
2026-07-08 01:35:00+00:00,2026-07-08 01:50:00+00:00,LONG,63011.8,63111.5,0.0015822433258532165,0.0001822433258532165,1001.31753439278,1001.5000178304828
2026-07-08 08:20:00+00:00,2026-07-08 08:35:00+00:00,LONG,62216.9,61988.1,-0.003677457411089269,-0.005077457411089269,1001.5000178304828,996.4149441427434
2026-07-08 08:35:00+00:00,2026-07-08 08:50:00+00:00,LONG,61988.1,62145.7,0.0025424234651489908,0.0011424234651489908,996.4149441427434,997.5532719559571
2026-07-08 09:15:00+00:00,2026-07-08 09:30:00+00:00,LONG,61787.1,62161.7,0.006062754199501086,0.004662754199501086,997.5532719559571,1002.2046176639958
2026-07-09 01:05:00+00:00,2026-07-09 01:20:00+00:00,SHORT,62627.3,62449.4,0.0028487063126307888,0.0014487063126307888,1002.2046176639958,1003.6565178201533
2026-07-09 05:10:00+00:00,2026-07-09 05:25:00+00:00,SHORT,62501.9,62308.6,0.0031023004850052605,0.0017023004850052605,1003.6565178201533,1005.3650427972173
2026-07-09 05:55:00+00:00,2026-07-09 06:10:00+00:00,SHORT,62596.2,62532.2,0.001023472706861428,-0.000376527293138572,1005.3650427972173,1004.9864954190367
2026-07-09 06:25:00+00:00,2026-07-09 06:40:00+00:00,SHORT,62821.6,62852.2,-0.0004868564664403108,-0.0018868564664403108,1004.9864954190367,1003.0902301514701
2026-07-09 06:45:00+00:00,2026-07-09 07:00:00+00:00,SHORT,62813.3,62948.5,-0.0021477874770645666,-0.003547787477064567,1003.0902301514701,999.531479194573
2026-07-09 07:00:00+00:00,2026-07-09 07:15:00+00:00,SHORT,62948.5,63093.3,-0.002295013892124831,-0.003695013892124831,999.531479194573,995.8381964933329
2026-07-09 07:15:00+00:00,2026-07-09 07:30:00+00:00,SHORT,63093.3,62851.3,0.003850357908269153,0.002450357908269153,995.8381964933329,998.2783564934668
2026-07-09 18:05:00+00:00,2026-07-09 18:20:00+00:00,SHORT,63366.1,63270.0,0.0015188873083609167,0.00011888730836091669,998.2783564934668,998.3970391202653
2026-07-10 01:45:00+00:00,2026-07-10 02:00:00+00:00,SHORT,63752.9,63814.8,-0.0009699944213568124,-0.0023699944213568126,998.3970391202653,996.0308437072512
2026-07-10 02:00:00+00:00,2026-07-10 02:15:00+00:00,SHORT,63814.8,63956.9,-0.0022218087493296457,-0.003621808749329646,996.0308437072512,992.4234104829101
2026-07-10 08:15:00+00:00,2026-07-10 08:30:00+00:00,SHORT,64268.3,64318.6,-0.0007820443852943892,-0.0021820443852943894,992.4234104829101,990.2578985522312
2026-07-10 09:25:00+00:00,2026-07-10 09:40:00+00:00,SHORT,64429.8,64473.5,-0.0006777978549326047,-0.002077797854932605,990.2578985522312,988.2003428147893
2026-07-11 14:20:00+00:00,2026-07-11 14:35:00+00:00,SHORT,64371.7,64489.7,-0.0018297495569059574,-0.0032297495569059576,988.2003428147893,985.008703195449
2026-07-11 14:35:00+00:00,2026-07-11 14:50:00+00:00,SHORT,64489.7,64384.6,0.0016323779288835993,0.00023237792888359935,985.008703195449,985.2375974778298
2026-07-11 22:45:00+00:00,2026-07-11 23:00:00+00:00,LONG,64157.9,64234.4,0.0011923706979186655,-0.00020762930208133453,985.2375974778298,985.0330332830813
2026-07-11 23:20:00+00:00,2026-07-11 23:35:00+00:00,LONG,63914.7,63856.6,-0.0009090240586281384,-0.0023090240586281386,985.0330332830813,982.7585683106872
2026-07-11 23:35:00+00:00,2026-07-11 23:50:00+00:00,LONG,63856.6,63896.0,0.0006170074823903526,-0.0007829925176096474,982.7585683106872,981.9890757050832
2026-07-12 06:05:00+00:00,2026-07-12 06:20:00+00:00,LONG,63795.0,63779.8,-0.0002382631867701157,-0.0016382631867701157,981.9890757050832,980.3803191525452
2026-07-12 06:20:00+00:00,2026-07-12 06:35:00+00:00,LONG,63779.8,63745.1,-0.0005440594043882863,-0.0019440594043882862,980.3803191525452,978.4744015732196
2026-07-12 14:45:00+00:00,2026-07-12 15:00:00+00:00,SHORT,64190.0,64173.0,0.0002649089180808417,-0.0011350910819191583,978.4744015732196,977.3637440061076
2026-07-12 21:45:00+00:00,2026-07-12 22:00:00+00:00,LONG,63956.9,63738.6,-0.003413236101186934,-0.004813236101186934,977.3637440061076,972.6594615494662
2026-07-12 22:00:00+00:00,2026-07-12 22:15:00+00:00,LONG,63738.6,63701.1,-0.0005883405032429678,-0.001988340503242968,972.6594615494662,970.7254833462049
2026-07-13 00:10:00+00:00,2026-07-13 00:25:00+00:00,SHORT,64298.8,64186.3,0.0017527104693679796,0.0003527104693679796,970.7254833462049,971.0678683870633
2026-07-13 03:05:00+00:00,2026-07-13 03:20:00+00:00,LONG,63013.1,62997.6,-0.00024598059768521363,-0.0016459805976852136,971.0678683870633,969.4695095166627
2026-07-13 03:30:00+00:00,2026-07-13 03:45:00+00:00,LONG,62762.4,62834.3,0.0011455903534600687,-0.00025440964653993133,969.4695095166627,969.2228671214153
2026-07-13 08:50:00+00:00,2026-07-13 09:05:00+00:00,SHORT,63205.6,63153.5,0.0008249740711123721,-0.0005750259288876279,969.2228671214153,968.6655388419498
2026-07-13 13:20:00+00:00,2026-07-13 13:35:00+00:00,LONG,62540.5,62566.1,0.00040933475108118067,-0.0009906652489188193,968.6655388419498,967.7059155547939
2026-07-13 13:40:00+00:00,2026-07-13 13:55:00+00:00,LONG,62336.3,62325.1,-0.00017967059321777334,-0.0015796705932177733,967.7059155547939,966.1772589771092
2026-07-13 17:35:00+00:00,2026-07-13 17:50:00+00:00,LONG,62089.4,62023.8,-0.0010565410520958496,-0.00245654105209585,966.1772589771092,963.8038048768306
2026-07-14 00:10:00+00:00,2026-07-14 00:25:00+00:00,SHORT,62442.6,62376.5,0.001059693955255625,-0.00034030604474437494,963.8038048768306,963.4758166160834
2026-07-14 05:05:00+00:00,2026-07-14 05:20:00+00:00,SHORT,62848.6,62858.4,-0.00015590597278969387,-0.0015559059727896939,963.4758166160834,961.9767388383721
2026-07-14 12:20:00+00:00,2026-07-14 12:35:00+00:00,SHORT,63065.5,63440.0,-0.005903215636822168,-0.007303215636822168,961.9767388383721,954.9512152770285
2026-07-14 12:35:00+00:00,2026-07-14 12:50:00+00:00,SHORT,63440.0,63813.4,-0.005851435591897602,-0.007251435591897603,954.9512152770285,948.0264480460428
2026-07-14 14:55:00+00:00,2026-07-14 15:10:00+00:00,SHORT,64310.2,64212.9,0.0015152718534747756,0.00011527185347477557,948.0264480460428,948.1357288118521
2026-07-14 15:25:00+00:00,2026-07-14 15:40:00+00:00,SHORT,64501.6,64785.7,-0.004385226986819646,-0.005785226986819646,948.1357288118521,942.650548406362
2026-07-14 21:35:00+00:00,2026-07-14 21:50:00+00:00,SHORT,64756.7,64662.0,0.0014645386780489655,6.453867804896555e-05,942.650548406362,942.7113858266182
2026-07-14 22:20:00+00:00,2026-07-14 22:35:00+00:00,SHORT,65011.3,64950.2,0.0009407207368108406,-0.0004592792631891594,942.7113858266182,942.2784180359357
2026-07-15 02:30:00+00:00,2026-07-15 02:45:00+00:00,LONG,64492.3,64527.8,0.0005504533099300879,-0.0008495466900699121,942.2784180359357,941.477908524769
2026-07-15 06:10:00+00:00,2026-07-15 06:25:00+00:00,SHORT,65050.1,64989.3,0.0009355386194342952,-0.0004644613805657048,941.477908524769,941.0406283956034
2026-07-15 06:30:00+00:00,2026-07-15 06:45:00+00:00,SHORT,65252.9,64972.3,0.004318763534614023,0.0029187635346140228,941.0406283956034,943.7873034663547
2026-07-15 12:50:00+00:00,2026-07-15 13:05:00+00:00,SHORT,65200.0,65310.4,-0.001690389279502269,-0.0030903892795022692,943.7873034663547,940.870633301592
2026-07-15 13:15:00+00:00,2026-07-15 13:30:00+00:00,SHORT,65535.0,65460.0,0.0011457378551786856,-0.00025426214482131434,940.870633301592,940.6314055163693
2026-07-16 00:25:00+00:00,2026-07-16 00:40:00+00:00,LONG,64570.7,64526.6,-0.0006829723078733974,-0.0020829723078733976,940.6314055163693,938.6720963467627
2026-07-16 01:15:00+00:00,2026-07-16 01:30:00+00:00,LONG,64417.1,64627.8,0.003270870622862576,0.0018708706228625761,938.6720963467627,940.4282303963187
2026-07-16 05:20:00+00:00,2026-07-16 05:35:00+00:00,SHORT,64932.1,64931.7,6.160319227843658e-06,-0.0013938396807721563,940.4282303963187,939.117424211874
2026-07-16 06:05:00+00:00,2026-07-16 06:20:00+00:00,SHORT,64942.0,64854.4,0.0013507179158236404,-4.928208417635956e-05,939.117424211874,939.0711425479225
2026-07-16 07:25:00+00:00,2026-07-16 07:40:00+00:00,LONG,64500.1,64237.1,-0.00407751305811932,-0.00547751305811932,939.0711425479225,933.9273681021133
2026-07-16 07:40:00+00:00,2026-07-16 07:55:00+00:00,LONG,64237.1,64237.5,6.226931166031235e-06,-0.0013937730688339688,933.9273681021133,932.6256852882057
2026-07-16 07:55:00+00:00,2026-07-16 08:10:00+00:00,LONG,64237.5,63946.9,-0.004523837322436219,-0.00592383732243622,932.6256852882057,927.1009624458328
2026-07-16 08:10:00+00:00,2026-07-16 08:25:00+00:00,LONG,63946.9,64153.3,0.00322767796406076,0.00182767796406076,927.1009624458328,928.7954044453545
2026-07-16 14:05:00+00:00,2026-07-16 14:20:00+00:00,SHORT,64613.4,64624.5,-0.0001717614836478365,-0.0015717614836478365,928.7954044453545,927.3355596024583
2026-07-16 14:25:00+00:00,2026-07-16 14:40:00+00:00,SHORT,64765.7,64744.1,0.0003336211330453587,-0.0010663788669546413,927.3355596024583,926.3466685591227
2026-07-16 23:20:00+00:00,2026-07-16 23:35:00+00:00,LONG,63762.2,63767.6,8.468967507391234e-05,-0.0013153103249260876,926.3466685591227,925.1282352215061
2026-07-17 05:25:00+00:00,2026-07-17 05:40:00+00:00,LONG,63207.5,62977.5,-0.0036388086856781188,-0.005038808685678119,925.1282352215061,920.466691034506
2026-07-17 05:40:00+00:00,2026-07-17 05:55:00+00:00,LONG,62977.5,62844.6,-0.002110277480052436,-0.003510277480052436,920.466691034506,917.2355975378292
2026-07-17 05:55:00+00:00,2026-07-17 06:10:00+00:00,LONG,62844.6,62837.7,-0.00010979463629334774,-0.0015097946362933477,917.2355975378292,915.8507601524493
2026-07-17 06:10:00+00:00,2026-07-17 06:25:00+00:00,LONG,62837.7,62937.5,0.0015882185375977187,0.0001882185375977187,915.8507601524493,916.0231402431829
2026-07-17 11:35:00+00:00,2026-07-17 11:50:00+00:00,SHORT,63284.7,63349.3,-0.0010197429174435557,-0.002419742917443556,916.0231402431829,913.8065997373651
2026-07-17 13:05:00+00:00,2026-07-17 13:20:00+00:00,LONG,62859.3,62858.7,-9.545126974153106e-06,-0.001409545126974153,913.8065997373651,912.5185480977085
2026-07-17 13:30:00+00:00,2026-07-17 13:45:00+00:00,LONG,62715.4,62763.5,0.0007669567602215377,-0.0006330432397784623,912.5185480977085,911.9408843996629
2026-07-17 17:05:00+00:00,2026-07-17 17:20:00+00:00,SHORT,63987.4,64006.5,-0.0002984071930194343,-0.0016984071930194343,911.9408843996629,910.39203744199
2026-07-17 17:25:00+00:00,2026-07-17 17:40:00+00:00,SHORT,64030.6,64035.4,-7.495853855843393e-05,-0.001474958538558434,910.39203744199,909.0492469329295
2026-07-17 18:45:00+00:00,2026-07-17 19:00:00+00:00,SHORT,64333.9,64223.7,0.0017158774720236192,0.0003158774720236192,909.0492469329295,909.3363951109956
2026-07-18 11:55:00+00:00,2026-07-18 12:10:00+00:00,SHORT,64061.7,64133.5,-0.0011195397101358973,-0.0025195397101358975,909.3363951109956,907.0452859536416
2026-07-18 12:30:00+00:00,2026-07-18 12:45:00+00:00,SHORT,64137.4,64213.4,-0.0011835535885033055,-0.0025835535885033057,907.0452859536416,904.7018858501812
2026-07-18 12:45:00+00:00,2026-07-18 13:00:00+00:00,SHORT,64213.4,64167.9,0.0007090772800730782,-0.0006909227199269217,904.7018858501812,904.0768067624866
2026-07-18 16:50:00+00:00,2026-07-18 17:05:00+00:00,SHORT,64299.8,64289.2,0.00016487994873171097,-0.001235120051268289,904.0768067624866,902.9601633705677
2026-07-18 17:40:00+00:00,2026-07-18 17:55:00+00:00,SHORT,64444.2,64488.5,-0.0006869441838467383,-0.0020869441838467385,902.9601633705677,901.0757359093762
2026-07-18 18:20:00+00:00,2026-07-18 18:35:00+00:00,SHORT,64597.6,64490.0,0.0016684757326717037,0.0002684757326717037,901.0757359093762,901.3176528777672
2026-07-18 20:20:00+00:00,2026-07-18 20:35:00+00:00,SHORT,64676.7,64599.5,0.0011950556892854625,-0.00020494431071453752,901.3176528777672,901.1329329526633
2026-07-18 21:15:00+00:00,2026-07-18 21:30:00+00:00,SHORT,64798.2,64710.2,0.0013599092569640536,-4.009074303594636e-05,901.1329329526633,901.096805863807
2026-07-19 12:05:00+00:00,2026-07-19 12:20:00+00:00,LONG,64368.0,64433.0,0.0010098185433755624,-0.00039018145662443756,901.096805863807,900.7452145995355
2026-07-19 22:15:00+00:00,2026-07-19 22:30:00+00:00,SHORT,64817.4,64753.1,0.0009930026516105084,-0.0004069973483894916,900.7452145995355,900.378613685619
2026-07-20 05:10:00+00:00,2026-07-20 05:25:00+00:00,LONG,64250.8,64190.0,-0.000946291719324921,-0.002346291719324921,900.378613685619,898.2660628000713
2026-07-20 06:30:00+00:00,2026-07-20 06:45:00+00:00,LONG,64004.1,63872.7,-0.0020529934801052363,-0.0034529934801052365,898.2660628000713,895.1643559418228
2026-07-20 06:45:00+00:00,2026-07-20 07:00:00+00:00,LONG,63872.7,63990.1,0.0018380309584533627,0.00043803095845336274,895.1643559418228,895.5564656426292
2026-07-20 11:30:00+00:00,2026-07-20 11:45:00+00:00,SHORT,64814.6,64957.1,-0.002193755570984557,-0.003593755570984557,895.5564656426292,892.3380546050947
2026-07-20 11:45:00+00:00,2026-07-20 12:00:00+00:00,SHORT,64957.1,64806.6,0.002322294334219155,0.0009222943342191549,892.3380546050947,893.161052937065
2026-07-20 15:40:00+00:00,2026-07-20 15:55:00+00:00,SHORT,65240.7,65598.6,-0.005455909120011815,-0.006855909120011815,893.161052937065,887.0376219285945
2026-07-21 04:00:00+00:00,2026-07-21 04:15:00+00:00,SHORT,65696.8,65625.8,0.0010818915731312106,-0.00031810842686878934,887.0376219285945,886.7554477861094
2026-07-21 05:45:00+00:00,2026-07-21 06:00:00+00:00,SHORT,65814.5,65770.1,0.0006750787972040762,-0.0007249212027959238,886.7554477861094,886.1126199603144
2026-07-21 06:35:00+00:00,2026-07-21 06:50:00+00:00,SHORT,65954.5,65919.2,0.0005355040716514825,-0.0008644959283485175,886.1126199603144,885.3465792083006
2026-07-21 07:45:00+00:00,2026-07-21 08:00:00+00:00,SHORT,66193.8,66249.9,-0.0008467937310092655,-0.0022467937310092657,885.3465792083006,883.357388064365
2026-07-21 08:20:00+00:00,2026-07-21 08:35:00+00:00,SHORT,66299.5,66345.9,-0.000699364994671825,-0.002099364994671825,883.357388064365,881.5028984860779
2026-07-21 12:35:00+00:00,2026-07-21 12:50:00+00:00,SHORT,66628.5,66513.7,0.0017259602157149168,0.00032596021571491677,881.5028984860779,881.7902333610217
2026-07-21 14:10:00+00:00,2026-07-21 14:25:00+00:00,SHORT,66943.6,66736.6,0.003101746268164618,0.001701746268164618,881.7902333610217,883.2908165999478
2026-07-21 18:00:00+00:00,2026-07-21 18:15:00+00:00,LONG,66225.7,66257.3,0.00047715614934995543,-0.0009228438506500446,883.2908165999478,882.4756771015129
2026-07-21 23:50:00+00:00,2026-07-22 00:05:00+00:00,SHORT,66556.2,66632.8,-0.0011495839886663806,-0.0025495839886663808,882.4756771015129,880.2257312447874
2026-07-22 00:05:00+00:00,2026-07-22 00:20:00+00:00,SHORT,66632.8,66658.1,-0.00037954877201729076,-0.0017795487720172907,880.2257312447874,878.6593266256527
2026-07-22 00:20:00+00:00,2026-07-22 00:35:00+00:00,SHORT,66658.1,66722.3,-0.000962197046564639,-0.002362197046564639,878.6593266256527,876.5837601593612
2026-07-22 00:35:00+00:00,2026-07-22 00:50:00+00:00,SHORT,66722.3,66661.4,0.000913572172201782,-0.000486427827798218,876.5837601593612,876.1573654250237
2026-07-22 03:10:00+00:00,2026-07-22 03:25:00+00:00,LONG,66185.3,66280.7,0.0014414076841835488,4.1407684183548824e-05,876.1573654250237,876.1936450725062
2026-07-22 05:20:00+00:00,2026-07-22 05:35:00+00:00,LONG,66082.7,66019.4,-0.0009578906430881551,-0.0023578906430881553,876.1936450725062,874.1276762752565
2026-07-22 05:40:00+00:00,2026-07-22 05:55:00+00:00,LONG,65975.8,65979.8,6.0628290979414245e-05,-0.0013393717090205857,874.1276762752565,872.9568943955816
2026-07-22 06:20:00+00:00,2026-07-22 06:35:00+00:00,LONG,65876.1,65964.9,0.0013479850810838023,-5.201491891619766e-05,872.9568943955816,872.9114876135022
2026-07-22 07:35:00+00:00,2026-07-22 07:50:00+00:00,LONG,65734.6,65831.9,0.001480194600712359,8.019460071235899e-05,872.9114876135022,872.9814904017086
2026-07-22 12:45:00+00:00,2026-07-22 13:00:00+00:00,LONG,65683.6,65653.2,-0.0004628248147179326,-0.0018628248147179326,872.9814904017086,871.3552788185989
2026-07-22 16:35:00+00:00,2026-07-22 16:50:00+00:00,SHORT,66366.0,66158.4,0.0031379235289850094,0.0017379235289850094,871.3552788185989,872.869627659763
2026-07-22 21:40:00+00:00,2026-07-22 21:55:00+00:00,SHORT,66127.3,66070.0,0.000867261994853985,-0.000532738005146015,872.869627659763,872.404616835571
2026-07-23 00:05:00+00:00,2026-07-23 00:20:00+00:00,SHORT,66211.5,66284.3,-0.0010982992956100057,-0.002498299295610006,872.404616835571,870.2250889958439
2026-07-23 00:20:00+00:00,2026-07-23 00:35:00+00:00,SHORT,66284.3,66213.4,0.0010707802348166595,-0.00032921976518334047,870.2250889958439,869.938593696388
2026-07-23 07:25:00+00:00,2026-07-23 07:40:00+00:00,LONG,65437.7,65397.4,-0.0006158529410416058,-0.002015852941041606,869.938593696388,868.1849254237596
2026-07-23 07:40:00+00:00,2026-07-23 07:55:00+00:00,LONG,65397.4,65443.6,0.0007064501035209947,-0.0006935498964790053,868.1849254237596,867.5827958586074
2026-07-23 12:15:00+00:00,2026-07-23 12:30:00+00:00,LONG,65430.1,65286.6,-0.002193180202995304,-0.0035931802029953042,867.5827958586074,864.465414532069
2026-07-23 12:30:00+00:00,2026-07-23 12:45:00+00:00,LONG,65286.6,65146.0,-0.002153581286205686,-0.003553581286205686,864.465414532069,861.3934664124158
2026-07-23 12:45:00+00:00,2026-07-23 13:00:00+00:00,LONG,65146.0,65118.5,-0.00042212875694591645,-0.0018221287569459164,861.3934664124158,859.8238966062205
2026-07-23 13:00:00+00:00,2026-07-23 13:15:00+00:00,LONG,65118.5,65031.4,-0.0013375615224552329,-0.002737561522455233,859.8238966062205,857.4700757907838
2026-07-23 20:25:00+00:00,2026-07-23 20:40:00+00:00,SHORT,65165.6,65122.3,0.0006649028059511064,-0.0007350971940488936,857.4700757907838,856.8397519440891
2026-07-24 00:10:00+00:00,2026-07-24 00:25:00+00:00,LONG,64929.0,64877.3,-0.0007962543701581781,-0.0021962543701581783,856.8397519440891,854.9579138943567
2026-07-24 00:30:00+00:00,2026-07-24 00:45:00+00:00,LONG,64830.7,64928.7,0.0015116295211989872,0.0001116295211989872,854.9579138943567,855.0533524369299
2026-07-24 03:45:00+00:00,2026-07-24 04:00:00+00:00,SHORT,65451.0,65450.1,1.3750933917533459e-05,-0.0013862490660824665,855.0533524369299,853.8680355256636
2026-07-24 06:15:00+00:00,2026-07-24 06:30:00+00:00,SHORT,65495.9,65450.0,0.0007012987012986471,-0.0006987012987013529,853.8680355256636,853.2714368203223
2026-07-24 07:05:00+00:00,2026-07-24 07:20:00+00:00,SHORT,65627.2,65650.5,-0.00035490971127416504,-0.001754909711274165,853.2714368203223,851.7740224894934
2026-07-24 09:05:00+00:00,2026-07-24 09:20:00+00:00,LONG,65129.1,64969.4,-0.0024520529225798837,-0.003852052922579884,851.7740224894934,848.4929438767851
2026-07-24 09:20:00+00:00,2026-07-24 09:35:00+00:00,LONG,64969.4,65035.4,0.001015862852358218,-0.00038413714764178194,848.4929438767851,848.1670062175302
2026-07-24 13:00:00+00:00,2026-07-24 13:15:00+00:00,LONG,64716.1,64489.9,-0.0034952662475025154,-0.0048952662475025156,848.1670062175302,844.0150028997483
2026-07-24 13:15:00+00:00,2026-07-24 13:30:00+00:00,LONG,64489.9,64300.1,-0.0029430965158885325,-0.004343096515888533,844.0150028997483,840.3493642812967
2026-07-24 13:30:00+00:00,2026-07-24 13:45:00+00:00,LONG,64300.1,64280.6,-0.00030326546926051634,-0.0017032654692605163,840.3493642812967,838.9180262270014
2026-07-24 13:50:00+00:00,2026-07-24 14:05:00+00:00,LONG,64009.0,64183.1,0.002719930009842386,0.0013199300098423862,838.9180262270014,840.0253393056161
2026-07-25 00:55:00+00:00,2026-07-25 01:10:00+00:00,LONG,64073.8,64021.8,-0.0008115641650721095,-0.0022115641650721097,840.0253393056161,838.1675693674553
2026-07-25 01:10:00+00:00,2026-07-25 01:25:00+00:00,LONG,64021.8,64052.2,0.00047483825821825754,-0.0009251617417817424,838.1675693674553,837.3921287990744
2026-07-25 13:40:00+00:00,2026-07-25 13:55:00+00:00,SHORT,64194.6,64177.2,0.00027112432452658375,-0.0011288756754734162,837.3921287990744,836.4468171940402
2026-07-26 00:25:00+00:00,2026-07-26 00:40:00+00:00,SHORT,64472.8,64425.3,0.0007372879908980057,-0.0006627120091019943,836.4468171940402,835.8924938433106
2026-07-26 09:15:00+00:00,2026-07-26 09:30:00+00:00,SHORT,64539.9,64523.3,0.0002572714042834434,-0.0011427285957165566,835.8924938433106,834.9372955876511
2026-07-26 12:05:00+00:00,2026-07-26 12:20:00+00:00,SHORT,64594.9,64574.9,0.0003097178625131036,-0.0010902821374868964,834.9372955876511,834.0269783683502
2026-07-26 14:05:00+00:00,2026-07-26 14:20:00+00:00,SHORT,64692.6,64656.4,0.0005598827030270925,-0.0008401172969729075,834.0269783683502,833.326297877681
2026-07-26 16:30:00+00:00,2026-07-26 16:45:00+00:00,SHORT,64864.0,64821.8,0.0006510155534094064,-0.0007489844465905936,833.326297877681,832.7021494416357
2026-07-26 21:25:00+00:00,2026-07-26 21:40:00+00:00,SHORT,64822.5,64791.7,0.0004753695303565397,-0.0009246304696434603,832.7021494416357,831.9322076621244
2026-07-26 21:45:00+00:00,2026-07-26 22:00:00+00:00,SHORT,64886.5,65172.5,-0.004388353983658777,-0.005788353983658777,831.9322076621244,827.1166895537693
2026-07-26 22:00:00+00:00,2026-07-26 22:15:00+00:00,SHORT,65172.5,65197.2,-0.00037885062548692616,-0.0017788506254869261,827.1166895537693,825.645372513206
2026-07-26 22:20:00+00:00,2026-07-26 22:35:00+00:00,SHORT,65216.8,65419.8,-0.0031030360838767423,-0.0045030360838767425,825.645372513206,821.9274616082932
2026-07-26 22:35:00+00:00,2026-07-26 22:50:00+00:00,SHORT,65419.8,65431.4,-0.00017728491213697684,-0.0015772849121369768,821.9274616082932,820.6310478242275
2026-07-27 06:00:00+00:00,2026-07-27 06:15:00+00:00,SHORT,65541.8,65582.6,-0.0006221162320494411,-0.0020221162320494413,820.6310478242275,818.9716364618985
2026-07-27 06:15:00+00:00,2026-07-27 06:30:00+00:00,SHORT,65582.6,65551.4,0.00047596237456426493,-0.000924037625435735,818.9716364618985,818.2148758556431
2026-07-27 12:30:00+00:00,2026-07-27 12:45:00+00:00,LONG,64881.9,65087.1,0.0031626694039477155,0.0017626694039477155,818.2148758556431,819.6571181831687
2026-07-27 13:40:00+00:00,2026-07-27 13:55:00+00:00,SHORT,65670.8,65222.1,0.006879569961715459,0.005479569961715459,819.6571181831687,824.1484867068714
2026-07-27 22:25:00+00:00,2026-07-27 22:40:00+00:00,LONG,64604.5,64218.2,-0.005979459635164774,-0.007379459635164775,824.1484867068714,818.066716215836
2026-07-27 22:40:00+00:00,2026-07-27 22:55:00+00:00,LONG,64218.2,63792.0,-0.0066367478378402955,-0.008036747837840296,818.066716215836,811.4921203030793
2026-07-27 22:55:00+00:00,2026-07-27 23:10:00+00:00,LONG,63792.0,63796.5,7.054176072229801e-05,-0.001329458239277702,811.4921203030793,810.4132754176335
2026-07-27 23:10:00+00:00,2026-07-27 23:25:00+00:00,LONG,63796.5,63885.8,0.0013997633098994378,-2.3669010056222815e-07,810.4132754176335,810.4130836008338
2026-07-28 00:10:00+00:00,2026-07-28 00:25:00+00:00,LONG,63680.3,63703.3,0.0003611792029873939,-0.001038820797012606,810.4130836008338,809.5712096354182
2026-07-28 01:05:00+00:00,2026-07-28 01:20:00+00:00,LONG,63212.1,63206.8,-8.38447069468895e-05,-0.0014838447069468895,809.5712096354182,808.3699316811042
2026-07-28 05:15:00+00:00,2026-07-28 05:30:00+00:00,SHORT,63584.4,63480.0,0.0016446124763704884,0.00024461247637048837,808.3699316811042,808.567669051916
2026-07-28 13:35:00+00:00,2026-07-28 13:50:00+00:00,LONG,62962.2,63009.9,0.000757597415592226,-0.0006424025844077739,808.567669051916,808.0482430916485
2026-07-28 13:50:00+00:00,2026-07-28 14:05:00+00:00,LONG,63009.9,63200.0,0.0030169862196258723,0.0016169862196258723,808.0482430916485,809.3548459655206
2026-07-28 23:00:00+00:00,2026-07-28 23:15:00+00:00,LONG,63714.0,63630.0,-0.0013183915622939635,-0.0027183915622939637,809.3548459655206,807.1547025813462
2026-07-28 23:20:00+00:00,2026-07-28 23:35:00+00:00,LONG,63590.8,63811.2,0.003465910163105157,0.0020659101631051568,807.1547025813462,808.822211684607
2026-07-29 06:25:00+00:00,2026-07-29 06:40:00+00:00,SHORT,64400.0,64463.3,-0.0009819540730927612,-0.0023819540730927614,808.822211684607,806.895634323077
2026-07-29 06:50:00+00:00,2026-07-29 07:05:00+00:00,SHORT,64416.0,64459.4,-0.0006732920256782293,-0.0020732920256782295,806.895634323077,805.2227040388805
2026-07-29 07:15:00+00:00,2026-07-29 07:30:00+00:00,SHORT,64483.1,64440.8,0.0006564164318256793,-0.0007435835681743207,805.2227040388805,804.6239536674362
2026-07-29 09:55:00+00:00,2026-07-29 10:10:00+00:00,SHORT,64697.7,64664.0,0.0005211555115673949,-0.0008788444884326051,804.6239536674362,803.9168143404949
2026-07-29 18:00:00+00:00,2026-07-29 18:15:00+00:00,SHORT,64426.0,64243.2,0.0028454373381152642,0.0014454373381152642,803.9168143404949,805.0788257206813
2026-07-29 20:00:00+00:00,2026-07-29 20:15:00+00:00,LONG,63504.5,63641.2,0.0021526033588170623,0.0007526033588170623,805.0788257206813,805.6847307490311
2026-07-30 02:25:00+00:00,2026-07-30 02:40:00+00:00,SHORT,64354.0,64319.4,0.0005379403414833561,-0.0008620596585166439,805.6847307490311,804.9901824451696
2026-07-30 09:30:00+00:00,2026-07-30 09:45:00+00:00,SHORT,64602.2,64597.0,8.04990943852335e-05,-0.0013195009056147665,804.9901824451696,803.9279971704223
2026-07-30 09:45:00+00:00,2026-07-30 10:00:00+00:00,SHORT,64597.0,64591.5,8.51505229015892e-05,-0.0013148494770984108,803.9279971704223,802.870952863718
2026-07-30 11:50:00+00:00,2026-07-30 12:05:00+00:00,SHORT,64854.4,64905.2,-0.0007826799701717846,-0.002182679970171785,802.870952863718,801.1185425162697
2026-07-30 12:10:00+00:00,2026-07-30 12:25:00+00:00,SHORT,64985.3,64877.9,0.0016554173300924457,0.00025541733009244575,801.1185425162697,801.3231620754867
2026-07-30 13:45:00+00:00,2026-07-30 14:00:00+00:00,SHORT,65134.3,64906.9,0.003503479599241466,0.0021034795992414656,801.3231620754867,803.0087289993121
2026-07-30 23:30:00+00:00,2026-07-30 23:45:00+00:00,SHORT,65065.4,64892.7,0.002661316295977878,0.001261316295977878,803.0087289993121,804.0215769950114
2026-07-31 01:05:00+00:00,2026-07-31 01:20:00+00:00,SHORT,65343.5,65111.0,0.0035708252061863455,0.0021708252061863453,804.0215769950114,805.7669673006698
2026-07-31 02:40:00+00:00,2026-07-31 02:55:00+00:00,LONG,64230.5,64297.0,0.0010353336810393632,-0.0003646663189606368,805.7669673006698,805.4731312267642
2026-07-31 07:00:00+00:00,2026-07-31 07:15:00+00:00,LONG,64111.7,64073.0,-0.000603633970086559,-0.002003633970086559,805.4731312267642,803.8592578990463
2026-07-31 07:20:00+00:00,2026-07-31 07:35:00+00:00,LONG,63980.2,63994.4,0.00022194366382111141,-0.0011780563361788886,803.8592578990463,802.9122664068823
2026-07-31 07:35:00+00:00,2026-07-31 07:50:00+00:00,LONG,63994.4,63993.6,-1.250109384576259e-05,-0.0014125010938457626,802.9122664068823,801.7781519523204
2026-07-31 09:30:00+00:00,2026-07-31 09:45:00+00:00,LONG,63673.8,63722.0,0.0007569832489970896,-0.0006430167510029104,801.7781519523204,801.2625951700269
2026-07-31 13:40:00+00:00,2026-07-31 13:55:00+00:00,LONG,63469.5,63278.3,-0.003012470556724045,-0.004412470556724045,801.2625951700269,797.7270475606349
2026-07-31 14:00:00+00:00,2026-07-31 14:15:00+00:00,LONG,63023.3,62617.1,-0.006445235333598864,-0.007845235333598865,797.7270475606349,791.4686911405447
2026-07-31 14:15:00+00:00,2026-07-31 14:30:00+00:00,LONG,62617.1,62750.1,0.002124020435312346,0.000724020435312346,791.4686911405447,792.0417306468403
2026-07-31 17:50:00+00:00,2026-07-31 18:05:00+00:00,SHORT,63249.9,63223.2,0.00042231332801900834,-0.0009776866719809916,792.0417306468403,791.2673620031342
2026-07-31 18:05:00+00:00,2026-07-31 18:20:00+00:00,SHORT,63223.2,63176.6,0.0007376148763940105,-0.0006623851236059895,791.2673620031342,790.7432382737484
2026-08-01 02:35:00+00:00,2026-08-01 02:50:00+00:00,SHORT,63082.1,63068.1,0.00022198226995895354,-0.0011780177300410464,790.7432382737484,789.8117287191519
2026-08-01 10:00:00+00:00,2026-08-01 10:15:00+00:00,LONG,62995.8,63064.4,0.001088961486321205,-0.00031103851367879506,789.8117287191519,789.566066852965
2026-08-01 15:55:00+00:00,2026-08-01 16:10:00+00:00,LONG,63000.1,62951.2,-0.000776189244144132,-0.0021761892441441322,789.566066852965,787.8478216707384
2026-08-01 16:15:00+00:00,2026-08-01 16:30:00+00:00,LONG,62936.5,62967.8,0.0004973266705330381,-0.0009026733294669618,787.8478216707384,787.1366524544377
2026-08-01 17:30:00+00:00,2026-08-01 17:45:00+00:00,LONG,62763.2,62800.1,0.0005879241338873076,-0.0008120758661126924,787.1366524544377,786.4974377756467
2026-08-01 17:50:00+00:00,2026-08-01 18:05:00+00:00,LONG,62717.0,62736.6,0.00031251494810025093,-0.001087485051899749,786.4974377756467,785.6421335687083
2026-08-01 18:15:00+00:00,2026-08-01 18:30:00+00:00,LONG,62608.2,62400.8,-0.0033126651141542895,-0.00471266511415429,785.6421335687083,781.9396652936293
2026-08-01 18:30:00+00:00,2026-08-01 18:45:00+00:00,LONG,62400.8,62367.2,-0.0005384546351970831,-0.0019384546351970831,781.9396652936293,780.4239107249965
2026-08-02 00:10:00+00:00,2026-08-02 00:25:00+00:00,SHORT,62928.3,62883.6,0.0007108371658111068,-0.0006891628341888932,780.4239107249965,779.8860715708125
2026-08-02 01:10:00+00:00,2026-08-02 01:25:00+00:00,SHORT,63009.8,62985.6,0.0003842148046537819,-0.001015785195346218,779.8860715708125,779.0938748452542
2026-08-02 02:05:00+00:00,2026-08-02 02:20:00+00:00,SHORT,63392.8,63527.8,-0.002125053913404895,-0.0035250539134048953,779.0938748452542,776.3475269328211
2026-08-02 08:40:00+00:00,2026-08-02 08:55:00+00:00,LONG,63222.5,63193.4,-0.00046027917276281194,-0.001860279172762812,776.3475269328211,774.9033037976421
2026-08-02 11:50:00+00:00,2026-08-02 12:05:00+00:00,LONG,63047.3,63132.4,0.00134978024435628,-5.021975564371991e-05,774.9033037976421,774.864388343078
2026-08-02 17:20:00+00:00,2026-08-02 17:35:00+00:00,SHORT,63344.5,63313.5,0.0004896270147756177,-0.0009103729852243823,774.864388343078,774.158972736718
2026-08-02 18:40:00+00:00,2026-08-02 18:55:00+00:00,SHORT,63501.3,63381.3,0.0018933029142664815,0.0004933029142664815,774.158972736718,774.5408676140746
2026-08-02 21:40:00+00:00,2026-08-02 21:55:00+00:00,SHORT,63702.5,63579.0,0.0019424652794162167,0.0005424652794162167,774.5408676140746,774.9610291422441
2026-08-03 03:45:00+00:00,2026-08-03 04:00:00+00:00,LONG,62930.4,62944.6,0.00022564611062381168,-0.0011743538893761883,774.9610291422441,774.050950643556
2026-08-03 04:05:00+00:00,2026-08-03 04:20:00+00:00,LONG,62870.5,62953.2,0.0013154022951940014,-8.459770480599856e-05,774.050950643556,773.9854677097287
2026-08-03 06:35:00+00:00,2026-08-03 06:50:00+00:00,LONG,62703.3,62662.5,-0.0006506834568515973,-0.0020506834568515975,773.9854677097287,772.3982685152529
2026-08-03 07:05:00+00:00,2026-08-03 07:20:00+00:00,LONG,62613.3,62648.1,0.0005557924594294938,-0.0008442075405705061,772.3982685152529,771.7462040726488
2026-08-03 08:20:00+00:00,2026-08-03 08:35:00+00:00,LONG,62419.9,62393.5,-0.0004229420425216901,-0.00182294204252169,771.7462040726488,770.3393554710882
2026-08-03 09:55:00+00:00,2026-08-03 10:10:00+00:00,SHORT,62835.1,62784.5,0.000805931400265969,-0.000594068599734031,770.3393554710882,769.8817210488635
2026-08-03 13:15:00+00:00,2026-08-03 13:30:00+00:00,SHORT,62954.7,62702.6,0.004020566930238889,0.002620566930238889,769.8817210488635,771.8992476272394
2026-08-03 13:50:00+00:00,2026-08-03 14:05:00+00:00,SHORT,63172.6,63285.6,-0.001785556271884925,-0.003185556271884925,771.8992476272394,769.4403191376973
2026-08-03 14:15:00+00:00,2026-08-03 14:30:00+00:00,SHORT,63340.6,63746.5,-0.006367408406736108,-0.007767408406736108,769.4403191376973,763.4637619343455
2026-08-03 14:30:00+00:00,2026-08-03 14:45:00+00:00,SHORT,63746.5,63722.9,0.0003703535149843784,-0.0010296464850156216,763.4637619343455,762.677664155433
2026-08-03 21:50:00+00:00,2026-08-03 22:05:00+00:00,LONG,63639.8,63501.5,-0.0021731683631941445,-0.0035731683631941447,762.677664155433,759.9524884545581
2026-08-03 22:05:00+00:00,2026-08-03 22:20:00+00:00,LONG,63501.5,63560.3,0.0009259623788415716,-0.00047403762115842837,759.9524884545581,759.5922423847377
2026-08-04 01:40:00+00:00,2026-08-04 01:55:00+00:00,SHORT,63815.5,63845.7,-0.0004730154105914153,-0.0018730154105914153,759.5922423847377,758.1695144089854
2026-08-04 04:35:00+00:00,2026-08-04 04:50:00+00:00,SHORT,64028.6,64142.6,-0.0017772899757727556,-0.003177289975772756,758.1695144089854,755.7605900109172
2026-08-04 04:50:00+00:00,2026-08-04 05:05:00+00:00,SHORT,64142.6,63921.6,0.0034573602663261482,0.002057360266326148,755.7605900109172,757.3154618196609
2026-08-04 07:15:00+00:00,2026-08-04 07:30:00+00:00,LONG,63550.7,63689.8,0.0021888035851691523,0.0007888035851691523,757.3154618196609,757.9128349710481
2026-08-04 11:45:00+00:00,2026-08-04 12:00:00+00:00,SHORT,63934.0,63871.1,0.0009847959405739903,-0.00041520405942600965,757.9128349710481,757.5981464852771
2026-08-04 12:35:00+00:00,2026-08-04 12:50:00+00:00,SHORT,63986.0,63945.2,0.000638046327167574,-0.000761953672832426,757.5981464852771,757.0208917950316
2026-08-04 23:15:00+00:00,2026-08-04 23:30:00+00:00,SHORT,64497.0,64189.3,0.004793633829937249,0.003393633829937249,757.0208917950316,759.5899435033964
2026-08-05 02:00:00+00:00,2026-08-05 02:15:00+00:00,SHORT,64454.5,64360.2,0.0014651912206613549,6.519122066135489e-05,759.5899435033964,759.6394620990154
2026-08-05 05:25:00+00:00,2026-08-05 05:40:00+00:00,SHORT,64436.1,64363.4,0.001129523921980402,-0.0002704760780195979,759.6394620990154,759.433997796598
2026-08-05 07:15:00+00:00,2026-08-05 07:30:00+00:00,LONG,64123.4,64073.1,-0.000784425030488145,-0.0021844250304881453,759.433997796598,757.7750711628074
2026-08-05 07:30:00+00:00,2026-08-05 07:45:00+00:00,LONG,64073.1,64053.5,-0.00030590060415369713,-0.0017059006041536971,757.7750711628074,756.4823822110982
2026-08-05 12:15:00+00:00,2026-08-05 12:30:00+00:00,SHORT,64449.9,64431.1,0.0002917845574574862,-0.0011082154425425138,756.4823822110982,755.6440367531205
2026-08-06 05:05:00+00:00,2026-08-06 05:20:00+00:00,SHORT,64959.6,64982.4,-0.00035086423400798594,-0.001750864234007986,755.6440367531205,754.3210066355281
2026-08-06 05:20:00+00:00,2026-08-06 05:35:00+00:00,SHORT,64982.4,64862.7,0.0018454365914462034,0.00044543659144620344,754.3210066355281,754.65700881358
2026-08-06 13:05:00+00:00,2026-08-06 13:20:00+00:00,LONG,64210.1,64216.0,9.188585596353605e-05,-0.001308114144036464,754.65700881358,753.6698313064547
2026-08-06 14:40:00+00:00,2026-08-06 14:55:00+00:00,SHORT,64804.8,64771.9,0.0005079363118882796,-0.0008920636881117204,753.6698313064547,752.997509817121
2026-08-06 15:05:00+00:00,2026-08-06 15:20:00+00:00,SHORT,64921.5,64801.4,0.0018533550201076388,0.00045335502010763877,752.997509817121,753.3388850183251
2026-08-06 23:15:00+00:00,2026-08-06 23:30:00+00:00,LONG,64278.7,64255.0,-0.0003687068966857776,-0.0017687068966857776,753.3388850183251,752.0064493368516
2026-08-07 08:30:00+00:00,2026-08-07 08:45:00+00:00,SHORT,64526.7,64600.2,-0.0011377673753332207,-0.002537767375333221,752.0064493368516,750.0980319036844
2026-08-07 09:10:00+00:00,2026-08-07 09:25:00+00:00,SHORT,64728.0,64829.1,-0.0015594848609652434,-0.0029594848609652436,750.0980319036844,747.8781281340256
2026-08-07 09:25:00+00:00,2026-08-07 09:40:00+00:00,SHORT,64829.1,64902.1,-0.0011247710012465273,-0.0025247710012465275,747.8781281340256,745.9899071236463
2026-08-07 11:20:00+00:00,2026-08-07 11:35:00+00:00,SHORT,65141.4,65081.9,0.0009142326822051405,-0.00048576731779485945,745.9899071236463,745.6275296073608
2026-08-07 12:10:00+00:00,2026-08-07 12:25:00+00:00,SHORT,65214.1,65123.7,0.0013881275173246443,-1.1872482675355641e-05,745.6275296073608,745.6186771574332
2026-08-07 17:25:00+00:00,2026-08-07 17:40:00+00:00,LONG,64601.2,64683.2,0.0012693262663852067,-0.00013067373361479325,745.6186771574332,745.5212443810362
2026-08-08 00:15:00+00:00,2026-08-08 00:30:00+00:00,LONG,64829.8,64885.9,0.0008653427898899224,-0.0005346572101100776,745.5212443810362,745.1226460724378
2026-08-08 03:15:00+00:00,2026-08-08 03:30:00+00:00,SHORT,64997.9,65056.0,-0.0008930767338908296,-0.00229307673389083,745.1226460724378,743.4140226688339
2026-08-08 03:30:00+00:00,2026-08-08 03:45:00+00:00,SHORT,65056.0,65033.7,0.0003428991430596273,-0.0010571008569403727,743.4140226688339,742.6281590684092
2026-08-08 12:05:00+00:00,2026-08-08 12:20:00+00:00,LONG,64921.4,64984.9,0.0009781058325915026,-0.00042189416740849735,742.6281590684092,742.314848579545
2026-08-08 14:20:00+00:00,2026-08-08 14:35:00+00:00,SHORT,65119.8,65143.4,-0.00036227768277363737,-0.0017622776827736374,742.314848579545,741.0066836883018
2026-08-08 22:30:00+00:00,2026-08-08 22:45:00+00:00,LONG,64984.2,64974.7,-0.00014618938141885973,-0.0015461893814188597,741.0066836883018,739.8609470224226
2026-08-09 01:25:00+00:00,2026-08-09 01:40:00+00:00,LONG,64869.1,64887.4,0.0002821065807911971,-0.0011178934192088029,739.8609470224226,739.0338613386167
2026-08-09 01:50:00+00:00,2026-08-09 02:05:00+00:00,LONG,64871.8,64841.5,-0.0004670750618913644,-0.0018670750618913644,739.0338613386167,737.6540296462181
2026-08-09 02:05:00+00:00,2026-08-09 02:20:00+00:00,LONG,64841.5,64840.7,-1.2337777503645952e-05,-0.001412337777503646,737.6540296462181,736.6122129934209
2026-08-09 02:40:00+00:00,2026-08-09 02:55:00+00:00,LONG,64780.7,64822.1,0.0006390792319317384,-0.0007609207680682616,736.6122129934209,736.0517094625416
2026-08-09 03:10:00+00:00,2026-08-09 03:25:00+00:00,LONG,64735.1,64780.0,0.000693595900832733,-0.000706404099167267,736.0517094625416,735.5317595177781
2026-08-09 06:45:00+00:00,2026-08-09 07:00:00+00:00,SHORT,64859.1,64852.0,0.0001094800468759427,-0.0012905199531240573,735.5317595177781,734.5825411059641
2026-08-09 08:00:00+00:00,2026-08-09 08:15:00+00:00,SHORT,64929.9,64919.8,0.00015557657294085203,-0.001244423427059148,734.5825411059641,733.6684093827032
2026-08-09 08:15:00+00:00,2026-08-09 08:30:00+00:00,SHORT,64919.8,64897.5,0.0003436187834662263,-0.0010563812165337737,733.6684093827032,732.8933758558671
2026-08-09 10:15:00+00:00,2026-08-09 10:30:00+00:00,SHORT,64951.0,64938.3,0.00019557025668981431,-0.0012044297433101857,732.8933758558671,732.0106572753114
2026-08-09 13:00:00+00:00,2026-08-09 13:15:00+00:00,SHORT,64999.3,65044.1,-0.0006887634697073652,-0.0020887634697073654,732.0106572753114,730.4816601549583
2026-08-09 13:15:00+00:00,2026-08-09 13:30:00+00:00,SHORT,65044.1,65124.8,-0.0012391592757291514,-0.0026391592757291516,730.4816601549583,728.5538027058103
2026-08-09 13:30:00+00:00,2026-08-09 13:45:00+00:00,SHORT,65124.8,65209.8,-0.001303485058994247,-0.0027034850589942473,728.5538027058103,726.5841683855217
2026-08-09 14:00:00+00:00,2026-08-09 14:15:00+00:00,SHORT,65201.8,65205.7,-5.9810722068731614e-05,-0.0014598107220687316,726.5841683855217,725.5234930260272
2026-08-09 14:55:00+00:00,2026-08-09 15:10:00+00:00,SHORT,65264.5,65248.6,0.00024368338937552636,-0.0011563166106244736,725.5234930260272,724.6845581596428
2026-08-09 20:00:00+00:00,2026-08-09 20:15:00+00:00,LONG,65159.9,65117.3,-0.0006537763256235785,-0.0020537763256235787,724.6845581596428,723.1962181705496
2026-08-09 21:35:00+00:00,2026-08-09 21:50:00+00:00,SHORT,65243.9,65194.5,0.0007577326308201293,-0.0006422673691798707,723.1962181705496,722.7317328381044
2026-08-09 22:05:00+00:00,2026-08-09 22:20:00+00:00,SHORT,65286.9,65216.6,0.0010779464124164306,-0.00032205358758356935,722.7317328381044,722.4989744906835
2026-08-10 09:35:00+00:00,2026-08-10 09:50:00+00:00,LONG,65078.2,64963.9,-0.0017563485160928538,-0.003156348516092854,722.4989744906835,720.2185159246712
2026-08-10 09:50:00+00:00,2026-08-10 10:05:00+00:00,LONG,64963.9,65050.9,0.001339205312488989,-6.079468751101088e-05,720.2185159246712,720.174730465056
2026-08-10 13:30:00+00:00,2026-08-10 13:45:00+00:00,LONG,64685.0,64565.9,-0.001841230578959574,-0.003241230578959574,720.174730465056,717.8404781064787
2026-08-10 13:45:00+00:00,2026-08-10 14:00:00+00:00,LONG,64565.9,64698.7,0.002056813271401614,0.0006568132714016141,717.8404781064787,718.3119652592483
2026-08-10 15:20:00+00:00,2026-08-10 15:35:00+00:00,LONG,64386.6,64290.8,-0.001487887231193974,-0.002887887231193974,718.3119652592483,716.2375613067622
2026-08-10 15:35:00+00:00,2026-08-10 15:50:00+00:00,LONG,64290.8,64232.6,-0.0009052617170731692,-0.0023052617170731694,716.2375613067622,714.5864462763519
2026-08-10 15:50:00+00:00,2026-08-10 16:05:00+00:00,LONG,64232.6,64239.9,0.00011364945526115555,-0.0012863505447388444,714.5864462763519,713.6672376119213
2026-08-10 16:15:00+00:00,2026-08-10 16:30:00+00:00,LONG,64084.2,64083.9,-4.681341110535087e-06,-0.001404681341110535,713.6672376119213,712.664762559486
2026-08-11 05:20:00+00:00,2026-08-11 05:35:00+00:00,LONG,63974.7,64043.3,0.0010722988931561872,-0.0003277011068438128,712.664762559486,712.4312215279867
2026-08-11 06:30:00+00:00,2026-08-11 06:45:00+00:00,LONG,63913.3,63943.4,0.0004709504907429718,-0.0009290495092570282,712.4312215279867,711.7693376512468
2026-08-11 12:10:00+00:00,2026-08-11 12:25:00+00:00,SHORT,64475.2,64318.7,0.0024331959445698104,0.0010331959445698104,711.7693376512468,712.5047348443771
2026-08-11 13:35:00+00:00,2026-08-11 13:50:00+00:00,LONG,64119.4,64105.9,-0.0002105447025393392,-0.0016105447025393392,712.5047348443771,711.3572141181394
2026-08-11 14:20:00+00:00,2026-08-11 14:35:00+00:00,LONG,63957.8,63945.1,-0.00019856843105925392,-0.001598568431059254,711.3572141181394,710.2200609324439
2026-08-11 14:50:00+00:00,2026-08-11 15:05:00+00:00,LONG,63759.6,63815.0,0.000868888763417619,-0.000531111236582381,710.2200609324439,709.8428550776365
2026-08-11 15:35:00+00:00,2026-08-11 15:50:00+00:00,LONG,63523.5,63484.5,-0.0006139460199768854,-0.0020139460199768856,709.8428550776365,708.4132698848439
2026-08-11 18:35:00+00:00,2026-08-11 18:50:00+00:00,LONG,63353.6,63373.7,0.000317266895645929,-0.001082733104354071,708.4132698848439,707.6462473859759
2026-08-12 01:45:00+00:00,2026-08-12 02:00:00+00:00,SHORT,63853.1,63833.3,0.0003101829295992786,-0.0010898170704007214,707.6462473859759,706.8750424257697
2026-08-12 02:05:00+00:00,2026-08-12 02:20:00+00:00,SHORT,63874.8,63815.8,0.0009245359299734357,-0.0004754640700265643,706.8750424257697,706.5389487410978
2026-08-12 09:15:00+00:00,2026-08-12 09:30:00+00:00,SHORT,63960.8,64000.3,-0.000617184606947152,-0.0020171846069471523,706.5389487410978,705.1137292494886
2026-08-12 09:30:00+00:00,2026-08-12 09:45:00+00:00,SHORT,64000.3,64064.2,-0.000997436946063357,-0.002397436946063357,705.1137292494886,703.4232635438094
2026-08-12 10:00:00+00:00,2026-08-12 10:15:00+00:00,SHORT,64139.7,64068.7,0.0011081854322001483,-0.0002918145677998517,703.4232635438094,703.217994388178
2026-08-12 12:00:00+00:00,2026-08-12 12:15:00+00:00,SHORT,64268.7,64309.0,-0.0006266618980236283,-0.0020266618980236285,703.217994388178,701.7928092729469
2026-08-12 12:15:00+00:00,2026-08-12 12:30:00+00:00,SHORT,64309.0,64253.3,0.0008668815453836132,-0.0005331184546163868,701.7928092729469,701.4186705750064
2026-08-12 14:30:00+00:00,2026-08-12 14:45:00+00:00,LONG,63587.9,63615.2,0.00042932696314856855,-0.0009706730368514314,701.4186705750064,700.7378223839352
2026-08-12 14:55:00+00:00,2026-08-12 15:10:00+00:00,LONG,63370.2,63500.0,0.002048281368845384,0.0006482813688453838,700.7378223839352,701.192097658632
2026-08-13 05:05:00+00:00,2026-08-13 05:20:00+00:00,SHORT,63831.9,63957.8,-0.001968485470106862,-0.0033684854701068623,701.192097658632,698.8301422659151
2026-08-13 05:30:00+00:00,2026-08-13 05:45:00+00:00,SHORT,63926.8,63891.0,0.000560329310857588,-0.000839670689142412,698.8301422659151,698.2433550787653
2026-08-13 11:20:00+00:00,2026-08-13 11:35:00+00:00,LONG,63495.1,63463.9,-0.0004913764999188164,-0.0018913764999188164,698.2433550787653,696.9227140057449
2026-08-13 15:55:00+00:00,2026-08-13 16:10:00+00:00,LONG,63416.6,63466.2,0.0007821296001362388,-0.0006178703998637612,696.9227140057449,696.4921060897681
2026-08-13 16:35:00+00:00,2026-08-13 16:50:00+00:00,LONG,63083.0,63061.5,-0.0003408208233597332,-0.0017408208233597332,696.4921060897681,695.2796381281813
2026-08-14 06:20:00+00:00,2026-08-14 06:35:00+00:00,LONG,63231.2,63208.1,-0.0003653259783145124,-0.0017653259783145124,695.2796381281813,694.0522429208006
2026-08-14 06:45:00+00:00,2026-08-14 07:00:00+00:00,LONG,63164.4,63035.0,-0.00204862232523384,-0.00344862232523384,694.0522429208006,691.6587188609853
2026-08-14 07:00:00+00:00,2026-08-14 07:15:00+00:00,LONG,63035.0,63095.7,0.0009629570873324056,-0.0004370429126675944,691.6587188609853,691.3564343199224
2026-08-14 07:35:00+00:00,2026-08-14 07:50:00+00:00,LONG,62968.1,62985.2,0.0002715660786969387,-0.0011284339213030613,691.3564343199224,690.5762842677248
2026-08-14 07:55:00+00:00,2026-08-14 08:10:00+00:00,LONG,62923.5,62911.9,-0.000184350838716818,-0.001584350838716818,690.5762842677248,689.4821691525473
2026-08-14 08:20:00+00:00,2026-08-14 08:35:00+00:00,LONG,62774.6,62855.5,0.0012887378015948858,-0.00011126219840511416,689.4821691525473,689.4054558506463
2026-08-15 02:30:00+00:00,2026-08-15 02:45:00+00:00,SHORT,63123.0,63137.2,-0.0002249070278693699,-0.0016249070278693699,689.4054558506463,688.2852360803831
2026-08-15 02:45:00+00:00,2026-08-15 03:00:00+00:00,SHORT,63137.2,63134.4,4.4349831470613665e-05,-0.0013556501685293863,688.2852360803831,687.3521620840945
2026-08-15 08:50:00+00:00,2026-08-15 09:05:00+00:00,LONG,62963.4,62946.5,-0.00026840990162546596,-0.001668409901625466,687.3521620840945,686.2053769309698
2026-08-15 21:25:00+00:00,2026-08-15 21:40:00+00:00,SHORT,63146.3,63161.9,-0.0002469843370765945,-0.0016469843370765945,686.2053769309698,685.0752074231468
2026-08-16 01:35:00+00:00,2026-08-16 01:50:00+00:00,LONG,63005.0,63047.3,0.0006713752876756907,-0.0007286247123243093,685.0752074231468,684.5760446972176
2026-08-16 09:40:00+00:00,2026-08-16 09:55:00+00:00,LONG,62989.2,62986.1,-4.9214786026818835e-05,-0.0014492147860268188,684.5760446972176,683.5839469710827
2026-08-16 13:05:00+00:00,2026-08-16 13:20:00+00:00,SHORT,63059.3,63061.4,-3.330087819175542e-05,-0.0014333008781917554,683.5839469710827,682.6041654995713
2026-08-16 14:20:00+00:00,2026-08-16 14:35:00+00:00,SHORT,63095.1,63092.0,4.913459709632306e-05,-0.001350865402903677,682.6041654995713,681.68205914852
2026-08-16 15:00:00+00:00,2026-08-16 15:15:00+00:00,SHORT,63112.5,63105.8,0.00010617090663611606,-0.001293829093363884,681.68205914852,680.8000790679695
2026-08-16 15:30:00+00:00,2026-08-16 15:45:00+00:00,SHORT,63125.9,63132.9,-0.00011087721299041231,-0.0015108772129904123,680.8000790679695,679.7714737419036
2026-08-16 15:55:00+00:00,2026-08-16 16:10:00+00:00,SHORT,63146.6,63211.8,-0.0010314529882079482,-0.0024314529882079484,679.7714737419036,678.1186413607753
2026-08-16 16:10:00+00:00,2026-08-16 16:25:00+00:00,SHORT,63211.8,63318.7,-0.0016882848194924582,-0.0030882848194924584,678.1186413607753,676.024417854846
2026-08-16 21:35:00+00:00,2026-08-16 21:50:00+00:00,LONG,62995.1,62928.5,-0.0010572250857605603,-0.0024572250857605605,676.024417854846,674.3632736967064
2026-08-16 22:00:00+00:00,2026-08-16 22:15:00+00:00,LONG,62869.8,62911.3,0.0006600943537278248,-0.0007399056462721752,674.3632736967064,673.8643085028597
2026-08-16 22:20:00+00:00,2026-08-16 22:35:00+00:00,LONG,62865.7,62742.3,-0.0019629145941267856,-0.003362914594126786,673.8643085028597,671.5981603853343
2026-08-17 02:50:00+00:00,2026-08-17 03:05:00+00:00,SHORT,63430.1,63384.1,0.0007257340563326942,-0.0006742659436673058,671.5981603853343,671.1453246179568
2026-08-17 06:45:00+00:00,2026-08-17 07:00:00+00:00,SHORT,63687.7,63576.1,0.001755376627380345,0.00035537662738034507,671.1453246179568,671.3838339799016
2026-08-17 10:40:00+00:00,2026-08-17 10:55:00+00:00,SHORT,63632.1,63688.0,-0.0008777163672906152,-0.0022777163672906154,671.3838339799016,669.8546120325113
2026-08-17 10:55:00+00:00,2026-08-17 11:10:00+00:00,SHORT,63688.0,63660.3,0.0004351220462359695,-0.0009648779537640305,669.8546120325113,669.2082840851341
2026-08-17 11:45:00+00:00,2026-08-17 12:00:00+00:00,SHORT,63724.8,63616.6,0.0017008139385004117,0.00030081393850041175,669.2082840851341,669.4095912647468
2026-08-17 18:20:00+00:00,2026-08-17 18:35:00+00:00,SHORT,64540.3,64451.7,0.0013746728170087597,-2.5327182991240335e-05,669.4095912647468,669.3926370055328
2026-08-17 23:25:00+00:00,2026-08-17 23:40:00+00:00,SHORT,64489.7,64481.0,0.0001349234658269971,-0.0012650765341730029,669.3926370055328,668.545804088309
2026-08-18 01:50:00+00:00,2026-08-18 02:05:00+00:00,LONG,64157.2,64243.8,0.0013498095303412505,-5.019046965874948e-05,668.545804088309,668.5122494604134
2026-08-18 11:40:00+00:00,2026-08-18 11:55:00+00:00,SHORT,64385.5,64356.1,0.0004568331517913471,-0.0009431668482086529,668.5122494604134,667.8817308691009
2026-08-18 13:15:00+00:00,2026-08-18 13:30:00+00:00,LONG,64133.3,64110.0,-0.00036330580213406183,-0.0017633058021340618,667.8817308691009,666.7040511379201
2026-08-18 14:20:00+00:00,2026-08-18 14:35:00+00:00,SHORT,64732.9,64781.1,-0.0007440441733777003,-0.0021440441733777005,666.7040511379201,665.2746082017106
2026-08-18 23:40:00+00:00,2026-08-18 23:55:00+00:00,SHORT,64778.5,64730.8,0.0007368980454436347,-0.0006631019545563653,665.2746082017106,664.8334633086954
2026-08-19 01:00:00+00:00,2026-08-19 01:15:00+00:00,LONG,64444.7,64515.0,0.0010908577431503197,-0.0003091422568496803,664.8334633086954,664.6279351914189
2026-08-19 02:00:00+00:00,2026-08-19 02:15:00+00:00,LONG,64374.1,64359.5,-0.00022679928729096854,-0.0016267992872909685,664.6279351914189,663.5467189401359
2026-08-19 11:20:00+00:00,2026-08-19 11:35:00+00:00,SHORT,64531.4,64500.0,0.0004868217054263546,-0.0009131782945736454,663.5467189401359,662.9407824789643
2026-08-19 12:30:00+00:00,2026-08-19 12:45:00+00:00,SHORT,64662.3,64986.7,-0.004991790627928427,-0.006391790627928428,662.9407824789643,658.7034037986436
2026-08-19 12:45:00+00:00,2026-08-19 13:00:00+00:00,SHORT,64986.7,64804.4,0.0028130805932928826,0.0014130805932928826,658.7034037986436,659.6342047952875
2026-08-19 13:30:00+00:00,2026-08-19 13:45:00+00:00,SHORT,65056.2,65063.0,-0.00010451408634715165,-0.0015045140863471516,659.6342047952875,658.6417758423366
2026-08-19 14:05:00+00:00,2026-08-19 14:20:00+00:00,SHORT,65391.3,65428.7,-0.0005716145972638476,-0.0019716145972638478,658.6417758423366,657.3431881027182
2026-08-19 14:35:00+00:00,2026-08-19 14:50:00+00:00,SHORT,65499.4,65763.8,-0.004020448939994314,-0.005420448939994315,657.3431881027182,653.7800929155543
2026-08-19 14:50:00+00:00,2026-08-19 15:05:00+00:00,SHORT,65763.8,66507.6,-0.011183684270669847,-0.012583684270669847,653.7800929155543,645.5531306438558
2026-08-19 15:05:00+00:00,2026-08-19 15:20:00+00:00,SHORT,66507.6,67206.3,-0.010396346771061604,-0.011796346771061604,645.5531306438558,637.9379620556364
2026-08-19 15:20:00+00:00,2026-08-19 15:35:00+00:00,SHORT,67206.3,68649.8,-0.021027009547005204,-0.022427009547005203,637.9379620556364,623.6309212902177
2026-08-19 20:50:00+00:00,2026-08-19 21:05:00+00:00,SHORT,69112.2,69628.7,-0.007417918186035322,-0.008817918186035322,623.6309212902177,618.1317948479987
2026-08-19 21:05:00+00:00,2026-08-19 21:20:00+00:00,SHORT,69628.7,69529.6,0.0014252922496316156,2.529224963161562e-05,618.1317948479987,618.1474287916592
2026-08-19 21:45:00+00:00,2026-08-19 22:00:00+00:00,SHORT,69833.4,69520.0,0.004508055235903363,0.003108055235903363,618.1474287916592,620.0686651442753
2026-08-20 03:10:00+00:00,2026-08-20 03:25:00+00:00,LONG,68999.6,68978.3,-0.0003086974417243482,-0.0017086974417243482,620.0686651442753,619.0091554024499
2026-08-20 07:05:00+00:00,2026-08-20 07:20:00+00:00,SHORT,69978.4,69637.1,0.0049011231082281,0.0035011231082281,619.0091554024499,621.1763826606341
2026-08-20 08:05:00+00:00,2026-08-20 08:20:00+00:00,SHORT,70711.5,71162.4,-0.0063362112576303975,-0.007736211257630398,621.1763826606341,616.3708309361208
2026-08-20 08:45:00+00:00,2026-08-20 09:00:00+00:00,SHORT,71628.4,71614.5,0.0001940947713101604,-0.0012059052286898396,616.3708309361208,615.627546128283
2026-08-20 10:15:00+00:00,2026-08-20 10:30:00+00:00,SHORT,72394.3,71880.4,0.007149375907758104,0.005749375907758104,615.627546128283,619.1670203101452
2026-08-20 23:25:00+00:00,2026-08-20 23:40:00+00:00,SHORT,73215.0,73111.1,0.0014211248360371798,2.1124836037179776e-05,619.1670203101452,619.1801001119288
2026-08-21 00:10:00+00:00,2026-08-21 00:25:00+00:00,SHORT,73491.5,73724.3,-0.0031577105513379555,-0.004557710551337956,619.1801001119288,616.3580564364702
2026-08-21 00:30:00+00:00,2026-08-21 00:45:00+00:00,SHORT,73739.3,73769.9,-0.0004148033276443197,-0.0018148033276443197,616.3580564364702,615.2394877846289
2026-08-21 01:15:00+00:00,2026-08-21 01:30:00+00:00,SHORT,74654.5,74768.4,-0.0015233708358075582,-0.0029233708358075584,615.2394877846289,613.4409146090021
2026-08-21 01:30:00+00:00,2026-08-21 01:45:00+00:00,SHORT,74768.4,75585.7,-0.01081289185652845,-0.01221289185652845,613.4409146090021,605.9490270585125
2026-08-21 01:45:00+00:00,2026-08-21 02:00:00+00:00,SHORT,75585.7,75067.9,0.006897755232263103,0.005497755232263103,605.9490270585125,609.2803864925081
2026-08-21 05:10:00+00:00,2026-08-21 05:25:00+00:00,SHORT,75318.6,75205.8,0.0014998843174329757,9.988431743297569e-05,609.2803864925081,609.3412440480382
2026-08-21 07:10:00+00:00,2026-08-21 07:25:00+00:00,SHORT,75972.1,76411.3,-0.005747840960695583,-0.007147840960695583,609.3412440480382,604.9857697447904
2026-08-21 07:30:00+00:00,2026-08-21 07:45:00+00:00,SHORT,76379.1,76447.8,-0.0008986524138039353,-0.0022986524138039355,604.9857697447904,603.5951177448496
2026-08-21 08:10:00+00:00,2026-08-21 08:25:00+00:00,SHORT,76895.7,77244.4,-0.004514243103707183,-0.005914243103707183,603.5951177448496,600.0253094822958
2026-08-21 08:50:00+00:00,2026-08-21 09:05:00+00:00,SHORT,78670.3,77843.2,0.01062520554139601,0.00922520554139601,600.0253094822958,605.5606662923097
2026-08-21 18:45:00+00:00,2026-08-21 19:00:00+00:00,LONG,76694.2,76899.6,0.002678168622920696,0.0012781686229206958,605.5606662923097,606.3346749352395
2026-08-21 21:20:00+00:00,2026-08-21 21:35:00+00:00,SHORT,78037.5,78024.5,0.00016661433267750603,-0.001233385667322494,606.3346749352395,605.5868304375738
2026-08-21 21:50:00+00:00,2026-08-21 22:05:00+00:00,SHORT,78652.9,78728.3,-0.0009577242236910033,-0.0023577242236910035,605.5868304375738,604.1590236979029
2026-08-22 05:10:00+00:00,2026-08-22 05:25:00+00:00,LONG,77313.7,77305.7,-0.00010347454590842187,-0.0015034745459084219,604.1590236979029,603.2506859840922
2026-08-22 10:20:00+00:00,2026-08-22 10:35:00+00:00,LONG,76607.0,77077.3,0.006139125667367296,0.004739125667367295,603.2506859840922,606.1095667938963
2026-08-23 05:05:00+00:00,2026-08-23 05:20:00+00:00,LONG,76291.1,76284.0,-9.306459075841822e-05,-0.0014930645907584182,606.1095667938963,605.2046060615965
2026-08-23 06:05:00+00:00,2026-08-23 06:20:00+00:00,LONG,75919.3,76276.7,0.0047076303390574115,0.0033076303390574113,605.2046060615965,607.206399177943
2026-08-23 10:20:00+00:00,2026-08-23 10:35:00+00:00,SHORT,76840.1,76820.3,0.00025774437225578595,-0.001142255627744214,607.206399177943,606.5128142512797
2026-08-23 11:20:00+00:00,2026-08-23 11:35:00+00:00,SHORT,77273.6,77376.1,-0.001324698453398443,-0.002724698453398443,606.5128142512797,604.8602497243229
2026-08-23 13:15:00+00:00,2026-08-23 13:30:00+00:00,SHORT,77649.9,77388.6,0.0033764663012381124,0.0019764663012381122,604.8602497243229,606.0557356248614
2026-08-23 21:00:00+00:00,2026-08-23 21:15:00+00:00,SHORT,77672.3,77970.3,-0.0038219681083694335,-0.005221968108369434,606.0557356248614,602.890931901534
2026-08-23 21:15:00+00:00,2026-08-23 21:30:00+00:00,SHORT,77970.3,77954.5,0.00020268233392561896,-0.001197317666074381,602.890931901534,602.1690799380523
2026-08-23 21:30:00+00:00,2026-08-23 21:45:00+00:00,SHORT,77954.5,77796.1,0.0020360917835211545,0.0006360917835211545,602.1690799380523,602.5521147420914
2026-08-24 07:10:00+00:00,2026-08-24 07:25:00+00:00,SHORT,77751.9,77596.1,0.002007832867888748,0.0006078328678887481,602.5521147420914,602.9183657220474
2026-08-24 10:10:00+00:00,2026-08-24 10:25:00+00:00,SHORT,77849.6,77856.5,-8.86245849736067e-05,-0.0014886245849736067,602.9183657220474,602.0208466201015
2026-08-24 10:25:00+00:00,2026-08-24 10:40:00+00:00,SHORT,77856.5,77731.9,0.001602945508857978,0.00020294550885797806,602.0208466201015,602.1430240471618
2026-08-24 11:30:00+00:00,2026-08-24 11:45:00+00:00,SHORT,78133.8,78203.3,-0.0008887092999911861,-0.0022887092999911863,602.1430240471618,600.7648937081003
2026-08-24 12:50:00+00:00,2026-08-24 13:05:00+00:00,SHORT,79149.6,79230.0,-0.0010147671336614428,-0.002414767133661443,600.7648937081003,599.3141863877164
2026-08-24 13:05:00+00:00,2026-08-24 13:20:00+00:00,SHORT,79230.0,78996.9,0.002950748700265571,0.0015507487002655708,599.3141863877164,600.2435720833079
2026-08-25 00:40:00+00:00,2026-08-25 00:55:00+00:00,SHORT,79366.6,79739.5,-0.004676477780773625,-0.006076477780773625,600.2435720833079,596.5962053544915
2026-08-25 00:55:00+00:00,2026-08-25 01:10:00+00:00,SHORT,79739.5,79647.4,0.0011563465976291987,-0.00024365340237080132,596.5962053544915,596.4508426592155
2026-08-25 02:15:00+00:00,2026-08-25 02:30:00+00:00,SHORT,80853.7,80876.8,-0.00028561960908446427,-0.0016856196090844643,596.4508426592155,595.4454534229742
2026-08-25 02:40:00+00:00,2026-08-25 02:55:00+00:00,SHORT,80824.8,80653.8,0.0021201728870803294,0.0007201728870803294,595.4454534229742,595.8742770942646
2026-08-25 07:45:00+00:00,2026-08-25 08:00:00+00:00,LONG,79894.8,79864.8,-0.00037549377431322917,-0.0017754937743132292,595.8742770942646,594.8163060250104
2026-08-25 09:50:00+00:00,2026-08-25 10:05:00+00:00,LONG,79099.2,79232.7,0.0016877541112931826,0.00028775411129318266,594.8163060250104,594.9874668625332
2026-08-25 12:05:00+00:00,2026-08-25 12:20:00+00:00,LONG,78841.8,78891.2,0.0006265711843209676,-0.0007734288156790324,594.9874668625332,594.5272864106939
2026-08-25 20:40:00+00:00,2026-08-25 20:55:00+00:00,LONG,78473.2,78197.9,-0.0035082040747669296,-0.00490820407476693,594.5272864106939,591.6092251609729
2026-08-25 20:55:00+00:00,2026-08-25 21:10:00+00:00,LONG,78197.9,78290.4,0.001182896215883078,-0.00021710378411692196,591.6092251609729,591.480784559472
2026-08-26 09:15:00+00:00,2026-08-26 09:30:00+00:00,LONG,78483.2,78560.7,0.0009874724781864241,-0.00041252752181357585,591.480784559472,591.2367824572174
2026-08-26 15:00:00+00:00,2026-08-26 15:15:00+00:00,LONG,77656.8,77785.3,0.0016547166506990507,0.00025471665069905073,591.2367824572174,591.3873803102149
2026-08-26 21:10:00+00:00,2026-08-26 21:25:00+00:00,SHORT,78787.3,78746.2,0.0005219299470959893,-0.0008780700529040107,591.3873803102149,590.8681007618992
2026-08-27 08:00:00+00:00,2026-08-27 08:15:00+00:00,SHORT,79438.1,79521.4,-0.0010475167690707776,-0.002447516769070778,590.8681007618992,589.4219411769755
2026-08-27 08:30:00+00:00,2026-08-27 08:45:00+00:00,SHORT,79859.3,79798.5,0.0007619190836920531,-0.0006380809163079469,589.4219411769755,589.0458422846573
2026-08-27 09:20:00+00:00,2026-08-27 09:35:00+00:00,SHORT,80092.0,80280.1,-0.0023430464087613734,-0.0037430464087613736,589.0458422846573,586.8410163600979
2026-08-27 14:35:00+00:00,2026-08-27 14:50:00+00:00,SHORT,80208.3,80057.6,0.0018823946758332877,0.0004823946758332877,586.8410163600979,587.1241053419506
2026-08-27 15:10:00+00:00,2026-08-27 15:25:00+00:00,SHORT,80676.0,80606.7,0.0008597300224424398,-0.0005402699775575602,587.1241053419506,586.8068998147339
2026-08-28 01:10:00+00:00,2026-08-28 01:25:00+00:00,SHORT,80757.4,81126.3,-0.00454723067611873,-0.00594723067611873,586.8068998147339,583.3170238191976
2026-08-28 01:30:00+00:00,2026-08-28 01:45:00+00:00,SHORT,81157.3,80720.0,0.005417492566897941,0.004017492566897941,583.3170238191976,585.6604956265362
2026-08-28 04:05:00+00:00,2026-08-28 04:20:00+00:00,LONG,79646.4,79855.8,0.002629120713554034,0.001229120713554034,585.6604956265362,586.380343072821
2026-08-28 14:10:00+00:00,2026-08-28 14:25:00+00:00,LONG,78631.7,78944.9,0.003983126398132031,0.0025831263981320306,586.380343072821,587.8950376163581
2026-08-28 15:55:00+00:00,2026-08-28 16:10:00+00:00,LONG,78329.9,77825.7,-0.006436877871668356,-0.007836877871668356,587.8950376163581,583.2877760051988
2026-08-28 16:15:00+00:00,2026-08-28 16:30:00+00:00,LONG,77648.4,77683.3,0.0004494619335364547,-0.0009505380664635453,583.2877760051988,582.7333387704031
2026-08-29 06:20:00+00:00,2026-08-29 06:35:00+00:00,LONG,77413.1,77421.7,0.00011109230866601649,-0.0012889076913339835,582.7333387704031,581.9822492880652
2026-08-29 14:40:00+00:00,2026-08-29 14:55:00+00:00,SHORT,77922.1,78010.1,-0.0011280590590192485,-0.0025280590590192487,581.9822492880652,580.5109637905641
2026-08-30 06:45:00+00:00,2026-08-30 07:00:00+00:00,SHORT,78297.0,78268.5,0.0003641311638782341,-0.001035868836121766,580.5109637905641,579.9096305741465
2026-08-30 12:05:00+00:00,2026-08-30 12:20:00+00:00,SHORT,78607.5,78533.6,0.0009409985025516932,-0.00045900149744830684,579.9096305741465,579.6434511853283
2026-08-30 12:55:00+00:00,2026-08-30 13:10:00+00:00,SHORT,78791.7,78635.0,0.0019927513193869206,0.0005927513193869206,579.6434511853283,579.9870356057924
2026-08-30 13:45:00+00:00,2026-08-30 14:00:00+00:00,SHORT,78948.6,78888.1,0.000766909077541511,-0.0006330909224584889,579.9870356057924,579.6198510784068
2026-08-30 16:55:00+00:00,2026-08-30 17:10:00+00:00,SHORT,79346.0,79177.7,0.002125598495535952,0.0007255984955359519,579.6198510784068,580.040422370332
2026-08-30 20:40:00+00:00,2026-08-30 20:55:00+00:00,LONG,78473.8,78591.4,0.0014985893380974336,9.858933809743357e-05,580.040422370332,580.0976081716432
2026-08-30 23:20:00+00:00,2026-08-30 23:35:00+00:00,LONG,77973.8,77533.6,-0.005645486047877624,-0.007045486047877624,580.0976081716432,576.0105385668627
2026-08-30 23:35:00+00:00,2026-08-30 23:50:00+00:00,LONG,77533.6,77567.5,0.0004372297945665071,-0.0009627702054334929,576.0105385668627,575.4559727823148
2026-08-31 05:20:00+00:00,2026-08-31 05:35:00+00:00,SHORT,78092.5,77887.4,0.0026332885678557183,0.0012332885678557183,575.4559727823148,576.1656760548515
2026-08-31 09:05:00+00:00,2026-08-31 09:20:00+00:00,SHORT,78742.3,78763.1,-0.0002640830541205119,-0.001664083054120512,576.1656760548515,575.2068885169627
2026-08-31 12:35:00+00:00,2026-08-31 12:50:00+00:00,LONG,77941.5,77842.3,-0.001272749433870235,-0.002672749433870235,575.2068885169627,573.6695046313208
2026-08-31 23:00:00+00:00,2026-08-31 23:15:00+00:00,LONG,78435.0,78561.5,0.0016128004079811742,0.0002128004079811742,573.6695046313208,573.7915817359527
2026-09-01 03:35:00+00:00,2026-09-01 03:50:00+00:00,SHORT,78857.8,78701.0,0.001992350796050868,0.000592350796050868,573.7915817359527,574.1314676361612
2026-09-01 05:40:00+00:00,2026-09-01 05:55:00+00:00,SHORT,79171.4,79175.4,-5.0520742553850084e-05,-0.00145052074255385,574.1314676361612,573.2986780334021
2026-09-01 08:05:00+00:00,2026-09-01 08:20:00+00:00,LONG,78303.7,78106.1,-0.002523507829131799,-0.003923507829131799,573.2986780334021,571.0493361817072
2026-09-01 08:25:00+00:00,2026-09-01 08:40:00+00:00,LONG,77894.8,77969.6,0.0009602694916734933,-0.0004397305083265067,571.0493361817072,570.7982283668285
2026-09-01 08:50:00+00:00,2026-09-01 09:05:00+00:00,LONG,77902.3,77876.3,-0.000333751378329028,-0.001733751378329028,570.7982283668285,569.8086061516498
2026-09-01 16:20:00+00:00,2026-09-01 16:35:00+00:00,LONG,77511.1,77564.3,0.0006863533093970364,-0.0007136466906029636,569.8086061516498,569.4019641255926
2026-09-01 18:15:00+00:00,2026-09-01 18:30:00+00:00,LONG,77089.9,76937.1,-0.0019821014166575557,-0.003382101416657556,569.4019641255926,567.4761889360759
2026-09-01 18:30:00+00:00,2026-09-01 18:45:00+00:00,LONG,76937.1,76788.8,-0.001927548607888796,-0.003327548607888796,567.4761889360759,565.5878843335717
2026-09-02 01:45:00+00:00,2026-09-02 02:00:00+00:00,LONG,76833.2,76993.1,0.0020811315941546837,0.0006811315941546838,565.5878843335717,565.9731241108623
2026-09-02 03:25:00+00:00,2026-09-02 03:40:00+00:00,SHORT,77650.0,77539.9,0.0014199141345294652,1.9914134529465258e-05,565.9731241108623,565.9843949757958
2026-09-02 08:30:00+00:00,2026-09-02 08:45:00+00:00,LONG,77137.9,76857.0,-0.0036415302983358044,-0.005041530298335805,565.9843949757958,563.1309675001401
2026-09-02 08:45:00+00:00,2026-09-02 09:00:00+00:00,LONG,76857.0,76998.7,0.0018436837243192006,0.0004436837243192006,563.1309675001401,563.3808195450799
2026-09-02 09:20:00+00:00,2026-09-02 09:35:00+00:00,LONG,76757.2,76589.4,-0.002186114136524031,-0.0035861141365240313,563.3808195450799,561.3604716238628
2026-09-02 09:35:00+00:00,2026-09-02 09:50:00+00:00,LONG,76589.4,76688.2,0.0012899957435363874,-0.00011000425646361263,561.3604716238628,561.2987195825739
2026-09-03 02:30:00+00:00,2026-09-03 02:45:00+00:00,SHORT,77876.2,77827.6,0.0006244571334590443,-0.0007755428665409557,561.2987195825739,560.8634083646031
2026-09-03 05:25:00+00:00,2026-09-03 05:40:00+00:00,LONG,77193.9,77482.8,0.00374252369682071,0.0023425236968207096,560.8634083646031,562.1772441893768
2026-09-03 07:00:00+00:00,2026-09-03 07:15:00+00:00,SHORT,78139.9,77964.4,0.0022510273919891244,0.0008510273919891244,562.1772441893768,562.6556724233349
2026-09-03 12:10:00+00:00,2026-09-03 12:25:00+00:00,SHORT,78073.2,77961.7,0.0014301894391732795,3.0189439173279467e-05,562.6556724233349,562.672658682533
2026-09-03 12:30:00+00:00,2026-09-03 12:45:00+00:00,SHORT,78291.6,78357.0,-0.0008346414487536702,-0.0022346414487536704,562.672658682533,561.4152870373606
2026-09-03 12:50:00+00:00,2026-09-03 13:05:00+00:00,SHORT,78546.3,78524.1,0.00028271575223404177,-0.0011172842477659582,561.4152870373606,560.7880265806988
2026-09-03 13:35:00+00:00,2026-09-03 13:50:00+00:00,SHORT,78850.0,78782.8,0.000852978061201215,-0.000547021938798785,560.7880265806988,560.4812632271435
2026-09-03 14:20:00+00:00,2026-09-03 14:35:00+00:00,SHORT,79373.7,79670.0,-0.003719091251412121,-0.005119091251412121,560.4812632271435,557.612108495977
2026-09-03 14:35:00+00:00,2026-09-03 14:50:00+00:00,SHORT,79670.0,80249.3,-0.007218754556114537,-0.008618754556114537,557.612108495977,552.8061865953327
2026-09-03 14:55:00+00:00,2026-09-03 15:10:00+00:00,SHORT,80552.6,80562.8,-0.0001266093035494631,-0.001526609303549463,552.8061865953327,551.9622675278166
2026-09-04 04:25:00+00:00,2026-09-04 04:40:00+00:00,SHORT,81258.8,81037.1,0.002735783980423845,0.0013357839804238449,551.9622675278166,552.6995698825787
2026-09-04 12:30:00+00:00,2026-09-04 12:45:00+00:00,LONG,79830.0,79449.4,-0.004767631216334833,-0.0061676312163348335,552.6995698825787,549.290722762116
2026-09-04 12:45:00+00:00,2026-09-04 13:00:00+00:00,LONG,79449.4,79415.0,-0.00043297998474489674,-0.0018329799847448967,549.290722762116,548.2838838614871
2026-09-04 14:45:00+00:00,2026-09-04 15:00:00+00:00,LONG,78699.0,78990.8,0.0037077980660491505,0.0023077980660491503,548.2838838614871,549.5492123483085
2026-09-05 16:30:00+00:00,2026-09-05 16:45:00+00:00,SHORT,79988.0,79991.7,-4.6254798935385644e-05,-0.0014462547989353856,549.5492123483085,548.7544241626987
2026-09-05 16:45:00+00:00,2026-09-05 17:00:00+00:00,SHORT,79991.7,80040.0,-0.0006034482758621174,-0.0020034482758621176,548.7544241626987,547.6550230577383
2026-09-06 07:10:00+00:00,2026-09-06 07:25:00+00:00,LONG,79671.9,79823.2,0.0018990384313666286,0.0004990384313666287,547.6550230577383,547.928323961375
2026-09-06 14:20:00+00:00,2026-09-06 14:35:00+00:00,LONG,79648.3,79674.6,0.0003302016489994397,-0.0010697983510005603,547.928323961375,547.3421511439346
2026-09-06 18:30:00+00:00,2026-09-06 18:45:00+00:00,SHORT,79934.3,79926.4,9.884093365908342e-05,-0.0013011590663409166,547.3421511439346,546.6299719415832
2026-09-06 22:05:00+00:00,2026-09-06 22:20:00+00:00,LONG,79686.2,79729.9,0.0005484011033276559,-0.0008515988966723441,546.6299719415832,546.1644624605898
2026-09-06 23:00:00+00:00,2026-09-06 23:15:00+00:00,SHORT,80219.0,80259.6,-0.000505858489202593,-0.001905858489202593,546.1644624605898,545.1235502833085
2026-09-06 23:35:00+00:00,2026-09-06 23:50:00+00:00,SHORT,80450.0,80408.0,0.0005223360859616388,-0.0008776639140383612,545.1235502833085,544.6451150145324
2026-09-07 07:25:00+00:00,2026-09-07 07:40:00+00:00,LONG,79425.3,79288.5,-0.0017223730977409257,-0.003122373097740926,544.6451150145324,542.9445297595951
2026-09-07 07:40:00+00:00,2026-09-07 07:55:00+00:00,LONG,79288.5,79401.2,0.0014213915006588973,2.1391500658897314e-05,542.9445297595951,542.9561441578611
2026-09-07 14:05:00+00:00,2026-09-07 14:20:00+00:00,LONG,79147.0,79083.8,-0.0007985141572011134,-0.0021985141572011136,542.9561441578611,541.7624473881907
2026-09-07 14:20:00+00:00,2026-09-07 14:35:00+00:00,LONG,79083.8,79042.7,-0.000519701885847712,-0.001919701885847712,541.7624473881907,540.7224249962582
2026-09-07 14:40:00+00:00,2026-09-07 14:55:00+00:00,LONG,79036.9,79198.9,0.0020496755313024195,0.0006496755313024195,540.7224249962582,541.0737191250047
2026-09-07 15:30:00+00:00,2026-09-07 15:45:00+00:00,LONG,78847.5,78852.2,5.960873838728453e-05,-0.0013403912616127155,541.0737191250047,540.3484686400012
2026-09-07 19:30:00+00:00,2026-09-07 19:45:00+00:00,SHORT,79374.7,79372.7,2.5197580528324437e-05,-0.0013748024194716755,540.3484686400012,539.6055962579571
2026-09-07 22:35:00+00:00,2026-09-07 22:50:00+00:00,LONG,78875.3,78939.3,0.0008114073734108995,-0.0005885926265891005,539.6055962579571,539.2879883827335
2026-09-08 03:00:00+00:00,2026-09-08 03:15:00+00:00,LONG,78919.0,78869.6,-0.0006259582610017578,-0.002025958261001758,539.2879883827335,538.1954134276104
2026-09-08 03:20:00+00:00,2026-09-08 03:35:00+00:00,LONG,78798.7,78932.6,0.0016992666122666034,0.0002992666122666034,538.1954134276104,538.3564773457243
2026-09-08 06:50:00+00:00,2026-09-08 07:05:00+00:00,LONG,78281.1,78409.4,0.0016389652163804058,0.00023896521638040583,538.3564773457243,538.485125817823
2026-09-08 10:20:00+00:00,2026-09-08 10:35:00+00:00,SHORT,78876.7,78730.4,0.001858240273134637,0.00045824027313463704,538.485125817823,538.7318813889567
2026-09-08 13:35:00+00:00,2026-09-08 13:50:00+00:00,LONG,77889.9,77836.1,-0.0006907185655647963,-0.0020907185655647965,538.7318813889567,537.6055446426752
2026-09-08 13:50:00+00:00,2026-09-08 14:05:00+00:00,LONG,77836.1,78087.5,0.003229863777861386,0.001829863777861386,537.6055446426752,538.5892895555943
2026-09-09 04:00:00+00:00,2026-09-09 04:15:00+00:00,SHORT,78932.9,78835.7,0.0012329439581306723,-0.00016705604186932773,538.5892895555943,538.4993149606879
2026-09-09 04:40:00+00:00,2026-09-09 04:55:00+00:00,SHORT,79195.6,79169.0,0.0003359900971340313,-0.0010640099028659687,538.4993149606879,537.9263463568832
2026-09-09 05:10:00+00:00,2026-09-09 05:25:00+00:00,SHORT,79276.3,79127.5,0.0018805093046032617,0.0004805093046032617,537.9263463568832,538.1848249714989
2026-09-09 08:05:00+00:00,2026-09-09 08:20:00+00:00,SHORT,79470.9,79570.0,-0.0012454442629132867,-0.002645444262913287,538.1848249714989,536.761087013891
2026-09-09 08:40:00+00:00,2026-09-09 08:55:00+00:00,SHORT,79647.0,79699.6,-0.0006599782182094005,-0.0020599782182094007,536.761087013891,535.65537086626
2026-09-09 09:40:00+00:00,2026-09-09 09:55:00+00:00,LONG,79073.2,78950.6,-0.0015504621034685417,-0.002950462103468542,535.65537086626,534.0749399939997
2026-09-09 12:35:00+00:00,2026-09-09 12:50:00+00:00,SHORT,79527.3,79610.0,-0.001038814219319173,-0.002438814219319173,534.0749399939997,532.7724304361603
2026-09-09 12:50:00+00:00,2026-09-09 13:05:00+00:00,SHORT,79610.0,79536.8,0.0009203287031913643,-0.0004796712968086357,532.7724304361603,532.5168747935492
2026-09-09 13:30:00+00:00,2026-09-09 13:45:00+00:00,SHORT,79657.1,79303.8,0.0044550198098955995,0.0030550198098955993,532.5168747935492,534.1437243951472
2026-09-09 15:10:00+00:00,2026-09-09 15:25:00+00:00,LONG,78477.4,78379.3,-0.001250041413196512,-0.0026500414131965123,534.1437243951472,532.728221404901
2026-09-09 20:25:00+00:00,2026-09-09 20:40:00+00:00,LONG,78117.2,78283.3,0.002126292289022169,0.0007262922890221692,532.728221404901,533.1151378042518
2026-09-10 12:30:00+00:00,2026-09-10 12:45:00+00:00,LONG,77378.3,77042.9,-0.004334548574988162,-0.005734548574988162,533.1151378042518,530.0579631504519
2026-09-10 12:45:00+00:00,2026-09-10 13:00:00+00:00,LONG,77042.9,77032.8,-0.0001310957920845901,-0.00153109579208459,530.0579631504519,529.2463936335113
2026-09-10 22:35:00+00:00,2026-09-10 22:50:00+00:00,LONG,76912.2,76915.3,4.030569922597316e-05,-0.0013596943007740268,529.2463936335113,528.5267803283826
2026-09-10 22:55:00+00:00,2026-09-10 23:10:00+00:00,LONG,76830.0,76517.8,-0.004063516855394966,-0.0054635168553949665,528.5267803283826,525.639165355531
2026-09-10 23:10:00+00:00,2026-09-10 23:25:00+00:00,LONG,76517.8,76736.9,0.0028633860356674923,0.0014633860356674923,525.639165355531,526.4083783699122
2026-09-11 06:10:00+00:00,2026-09-11 06:25:00+00:00,SHORT,77403.9,77278.5,0.0016227023040042976,0.00022270230400429762,526.4083783699122,526.5256107286223
2026-09-11 09:35:00+00:00,2026-09-11 09:50:00+00:00,LONG,76931.9,77022.9,0.0011828643254618854,-0.00021713567453811463,526.5256107286223,526.4112832349751
2026-09-11 11:05:00+00:00,2026-09-11 11:20:00+00:00,LONG,76815.9,76822.1,8.07124566659656e-05,-0.0013192875433340344,526.4112832349751,525.7167953863328
2026-09-11 12:35:00+00:00,2026-09-11 12:50:00+00:00,SHORT,77635.6,77934.0,-0.0038288808478968983,-0.0052288808478968985,525.7167953863328,522.9678849035195
2026-09-11 12:50:00+00:00,2026-09-11 13:05:00+00:00,SHORT,77934.0,77567.6,0.0047236217183461715,0.0033236217183461713,522.9678849035195,524.7060323237823
2026-09-11 13:45:00+00:00,2026-09-11 14:00:00+00:00,SHORT,78524.0,79539.4,-0.012766000246418718,-0.014166000246418719,524.7060323237823,517.2730465405863
2026-09-11 14:00:00+00:00,2026-09-11 14:15:00+00:00,SHORT,79539.4,79182.6,0.004506040468486683,0.0031060404684866826,517.2730465405863,518.8797175563986
2026-09-11 18:00:00+00:00,2026-09-11 18:15:00+00:00,LONG,77156.7,77240.0,0.0010796210828094566,-0.0003203789171905434,518.8797175563986,518.7134794343358
2026-09-12 17:45:00+00:00,2026-09-12 18:00:00+00:00,LONG,77205.6,77192.8,-0.00016579108251213448,-0.0015657910825121345,518.7134794343358,517.9012824938587
2026-09-12 18:15:00+00:00,2026-09-12 18:30:00+00:00,LONG,77141.6,77169.3,0.00035907992574690795,-0.001040920074253092,517.9012824938587,517.3621886524295
2026-09-13 06:50:00+00:00,2026-09-13 07:05:00+00:00,LONG,77136.8,77171.2,0.0004459609421183508,-0.0009540390578816492,517.3621886524295,516.868604917384
2026-09-13 07:35:00+00:00,2026-09-13 07:50:00+00:00,LONG,77124.9,77138.0,0.00016985435313365826,-0.0012301456468663417,516.868604917384,516.2327812530431
2026-09-13 08:15:00+00:00,2026-09-13 08:30:00+00:00,LONG,77006.9,76907.4,-0.0012920920073395958,-0.002692092007339596,516.2327812530431,514.8430351087051
2026-09-13 08:30:00+00:00,2026-09-13 08:45:00+00:00,LONG,76907.4,76866.0,-0.0005383097075183363,-0.0019383097075183363,514.8430351087051,513.8451098559057
2026-09-13 09:30:00+00:00,2026-09-13 09:45:00+00:00,LONG,76599.3,76772.1,0.002255895288860277,0.0008558952888602768,513.8451098559057,514.2849074646352
2026-09-13 14:15:00+00:00,2026-09-13 14:30:00+00:00,SHORT,77058.6,77110.8,-0.0006769479761589148,-0.002076947976158915,514.2849074646352,513.2167644669075
2026-09-13 14:35:00+00:00,2026-09-13 14:50:00+00:00,SHORT,77203.3,77204.7,-1.813361103653044e-05,-0.0014181336110365304,513.2167644669075,512.4889545234696
2026-09-13 22:00:00+00:00,2026-09-13 22:15:00+00:00,LONG,77092.0,76810.0,-0.003657967104239046,-0.005057967104239046,512.4889545234696,509.8968022502041
2026-09-13 22:15:00+00:00,2026-09-13 22:30:00+00:00,LONG,76810.0,76849.9,0.0005194636115088969,-0.0008805363884911031,509.8968022502041,509.44781956144755
2026-09-13 23:00:00+00:00,2026-09-13 23:15:00+00:00,LONG,76755.7,76642.0,-0.0014813232111751118,-0.002881323211175112,509.44781956144755,507.9799357340626
2026-09-14 00:25:00+00:00,2026-09-14 00:40:00+00:00,LONG,76474.4,76815.8,0.00446423901331694,0.0030642390133169394,507.9799357340626,509.5365076711211
2026-09-14 02:25:00+00:00,2026-09-14 02:40:00+00:00,SHORT,77533.5,77481.9,0.0006659619859605836,-0.0007340380140394163,509.5365076711211,509.16248850494964
2026-09-14 02:50:00+00:00,2026-09-14 03:05:00+00:00,SHORT,77655.8,77811.6,-0.0020022721547944267,-0.003402272154794427,509.16248850494964,507.4301791480434
2026-09-14 09:50:00+00:00,2026-09-14 10:05:00+00:00,SHORT,78307.2,78068.7,0.003055001556321546,0.001655001556321546,507.4301791480434,508.2699768842579
2026-09-14 13:45:00+00:00,2026-09-14 14:00:00+00:00,SHORT,78432.9,78419.1,0.0001759775360847815,-0.0012240224639152185,508.2699768842579,507.6478430148179
2026-09-14 23:45:00+00:00,2026-09-15 00:00:00+00:00,LONG,78286.8,78175.1,-0.0014268050297112644,-0.0028268050297112646,507.6478430148179,506.2128215388616
2026-09-15 01:00:00+00:00,2026-09-15 01:15:00+00:00,LONG,77833.8,77877.0,0.0005550287921185504,-0.0008449712078814496,506.2128215388616,505.7850862796008
2026-09-15 05:10:00+00:00,2026-09-15 05:25:00+00:00,LONG,77420.7,77465.4,0.0005773649682836446,-0.0008226350317163554,505.7850862796008,505.36900974910753
2026-09-15 07:35:00+00:00,2026-09-15 07:50:00+00:00,LONG,77083.8,76916.9,-0.0021651760810962317,-0.003565176081096232,505.36900974910753,503.5672802434228
2026-09-15 07:50:00+00:00,2026-09-15 08:05:00+00:00,LONG,76916.9,76775.9,-0.001833147201720342,-0.0032331472017203423,503.5672802434228,501.9391731004259
2026-09-15 08:05:00+00:00,2026-09-15 08:20:00+00:00,LONG,76775.9,76855.8,0.0010406911543858754,-0.00035930884561412454,501.9391731004259,501.75882191557065
2026-09-15 08:20:00+00:00,2026-09-15 08:35:00+00:00,LONG,76855.8,76875.1,0.00025111962922785835,-0.0011488803707721416,501.75882191557065,501.1823610542101
2026-09-15 13:35:00+00:00,2026-09-15 13:50:00+00:00,LONG,76316.7,76217.8,-0.0012959155728693439,-0.002695915572869344,501.1823610542101,499.83121572219665
2026-09-15 14:35:00+00:00,2026-09-15 14:50:00+00:00,LONG,75861.4,75908.9,0.0006261418850692646,-0.0007738581149307354,499.83121572219665,499.44441727981433
2026-09-15 17:30:00+00:00,2026-09-15 17:45:00+00:00,SHORT,76930.0,76999.7,-0.0009051983319414703,-0.0023051983319414705,499.44441727981433,498.29309884220345
2026-09-15 18:45:00+00:00,2026-09-15 19:00:00+00:00,LONG,75061.6,76108.2,0.013943214639709156,0.012543214639709156,498.29309884220345,504.54329613446697
2026-09-15 22:15:00+00:00,2026-09-15 22:30:00+00:00,LONG,75199.8,75605.3,0.005392301575270153,0.003992301575270153,504.54329613446697,506.55758513041656
2026-09-16 08:05:00+00:00,2026-09-16 08:20:00+00:00,LONG,75536.0,75436.1,-0.0013225481889429513,-0.0027225481889429515,506.55758513041656,505.1784576944244
2026-09-16 11:40:00+00:00,2026-09-16 11:55:00+00:00,SHORT,76235.3,76249.9,-0.00019147566095156776,-0.0015914756609515677,505.1784576944244,504.37447847456673
2026-09-16 12:00:00+00:00,2026-09-16 12:15:00+00:00,SHORT,76285.7,76103.3,0.0023967423226061157,0.0009967423226061158,504.37447847456673,504.8772098637047
2026-09-17 00:15:00+00:00,2026-09-17 00:30:00+00:00,SHORT,76454.5,76427.9,0.0003480404407292248,-0.0010519595592707752,504.8772098637047,504.3460994565306
2026-09-17 01:25:00+00:00,2026-09-17 01:40:00+00:00,SHORT,76623.6,76603.7,0.00025977857466430443,-0.0011402214253356956,504.3460994565306,503.7710332281458
2026-09-17 12:10:00+00:00,2026-09-17 12:25:00+00:00,SHORT,76817.0,76999.2,-0.002366258350736117,-0.003766258350736117,503.7710332281458,501.8737013673914
2026-09-17 12:30:00+00:00,2026-09-17 12:45:00+00:00,SHORT,77040.1,76786.9,0.003297437453524177,0.0018974374535241768,501.8737013673914,502.8259753253046
2026-09-17 13:35:00+00:00,2026-09-17 13:50:00+00:00,LONG,76023.1,76502.5,0.00630597805140809,0.00490597805140809,502.8259753253046,505.2928285239284
2026-09-17 22:05:00+00:00,2026-09-17 22:20:00+00:00,LONG,76357.6,76266.0,-0.0011996186365208494,-0.0025996186365208496,505.2928285239284,503.9792598699973
2026-09-18 02:30:00+00:00,2026-09-18 02:45:00+00:00,SHORT,77024.6,76949.0,0.0009824689079780402,-0.0004175310920219598,503.9792598699973,503.7688328592674
2026-09-18 02:50:00+00:00,2026-09-18 03:05:00+00:00,SHORT,77029.7,77043.1,-0.00017392861917564506,-0.001573928619175645,503.7688328592674,502.9759366757815
2026-09-18 03:10:00+00:00,2026-09-18 03:25:00+00:00,SHORT,77315.9,77423.3,-0.0013871793116543296,-0.00278717931165433,502.9759366757815,501.5740525508188
2026-09-18 03:25:00+00:00,2026-09-18 03:40:00+00:00,SHORT,77423.3,77339.5,0.0010835342871367004,-0.00031646571286329957,501.5740525508188,501.4153215607246
2026-09-18 09:00:00+00:00,2026-09-18 09:15:00+00:00,SHORT,78305.0,78338.7,-0.00043018329382538134,-0.0018301832938253813,501.4153215607246,500.49763961593607
2026-09-18 13:35:00+00:00,2026-09-18 13:50:00+00:00,SHORT,78953.0,80043.7,-0.013626306630003304,-0.015026306630003304,500.49763961593607,492.9770086154741
2026-09-18 13:50:00+00:00,2026-09-18 14:05:00+00:00,SHORT,80043.7,80210.7,-0.002082016489071914,-0.003482016489071914,492.9770086154741,491.26045454274174
2026-09-18 14:05:00+00:00,2026-09-18 14:20:00+00:00,SHORT,80210.7,80966.5,-0.00933472485534148,-0.010734724855341481,491.26045454274174,485.98690873091545
2026-09-18 14:20:00+00:00,2026-09-18 14:35:00+00:00,SHORT,80966.5,80641.2,0.0040339181460593565,0.0026339181460593563,485.98690873091545,487.26695846856904
2026-09-18 15:00:00+00:00,2026-09-18 15:15:00+00:00,SHORT,80730.3,80900.3,-0.002101351910932303,-0.0035013519109323033,487.26695846856904,485.560865372401
2026-09-19 00:50:00+00:00,2026-09-19 01:05:00+00:00,SHORT,81423.7,81411.9,0.00014494195566006063,-0.0012550580443399394,485.560865372401,484.9514583022987
2026-09-19 04:35:00+00:00,2026-09-19 04:50:00+00:00,LONG,80934.1,81016.3,0.001015641120368338,-0.000384358879631662,484.9514583022987,484.76506290310994
2026-09-19 15:10:00+00:00,2026-09-19 15:25:00+00:00,SHORT,81705.8,81567.3,0.0016979843638320613,0.0002979843638320613,484.76506290310994,484.9095153119871
2026-09-19 15:40:00+00:00,2026-09-19 15:55:00+00:00,SHORT,81907.1,81647.3,0.0031819790734048947,0.0017819790734048947,484.9095153119871,485.77361392076796
2026-09-19 20:30:00+00:00,2026-09-19 20:45:00+00:00,LONG,81250.2,81221.7,-0.00035076836733938244,-0.0017507683673393824,485.77361392076796,484.92313684382736
2026-09-19 20:50:00+00:00,2026-09-19 21:05:00+00:00,LONG,81148.9,81088.6,-0.0007430784644029131,-0.0021430784644029133,484.92313684382736,483.88390851236665
2026-09-19 21:05:00+00:00,2026-09-19 21:20:00+00:00,LONG,81088.6,81025.3,-0.0007806276097996889,-0.002180627609799689,483.88390851236665,482.82873790152684
2026-09-20 02:35:00+00:00,2026-09-20 02:50:00+00:00,LONG,80911.4,80479.8,-0.0053342297871498134,-0.006734229787149814,482.82873790152684,479.57725823265844
2026-09-20 02:50:00+00:00,2026-09-20 03:05:00+00:00,LONG,80479.8,80442.8,-0.00045974269319759564,-0.0018597426931975956,479.57725823265844,478.68536793083655
2026-09-20 16:35:00+00:00,2026-09-20 16:50:00+00:00,SHORT,81354.8,81303.5,0.000630969146469651,-0.000769030853530349,478.68536793083655,478.3172441137642
2026-09-20 21:05:00+00:00,2026-09-20 21:20:00+00:00,LONG,80858.2,80803.8,-0.0006727827233353745,-0.0020727827233353747,478.3172441137642,477.32579639389184
2026-09-21 00:10:00+00:00,2026-09-21 00:25:00+00:00,SHORT,81678.4,81739.4,-0.0007462741346278001,-0.0021462741346278003,477.32579639389184,476.30132438330105
2026-09-21 00:25:00+00:00,2026-09-21 00:40:00+00:00,SHORT,81739.4,81695.7,0.0005349118741866388,-0.0008650881258133612,476.30132438330105,475.8892817632679
2026-09-21 08:20:00+00:00,2026-09-21 08:35:00+00:00,SHORT,82147.9,83510.0,-0.01631062148245721,-0.01771062148245721,475.8892817632679,467.46098682640024
2026-09-21 08:35:00+00:00,2026-09-21 08:50:00+00:00,SHORT,83510.0,83802.4,-0.0034891602149818013,-0.0048891602149818015,467.46098682640024,465.17549516755247
2026-09-21 09:25:00+00:00,2026-09-21 09:40:00+00:00,SHORT,84445.1,85024.3,-0.00681217016782254,-0.00821217016782254,465.17549516755247,461.35539484333543
2026-09-21 12:00:00+00:00,2026-09-21 12:15:00+00:00,SHORT,84980.0,85245.5,-0.003114533905015482,-0.004514533905015482,461.35539484333543,459.2725902710534
2026-09-21 12:15:00+00:00,2026-09-21 12:30:00+00:00,SHORT,85245.5,85252.3,-7.976324392422462e-05,-0.0014797632439242246,459.2725902710534,458.5929755730284
2026-09-21 12:30:00+00:00,2026-09-21 12:45:00+00:00,SHORT,85252.3,85279.0,-0.00031308997525769655,-0.0017130899752576965,458.5929755730284,457.80736454385067
2026-09-21 14:30:00+00:00,2026-09-21 14:45:00+00:00,SHORT,85999.9,85985.8,0.0001639805642326131,-0.001236019435767387,457.80736454385067,457.241505743437
2026-09-21 15:05:00+00:00,2026-09-21 15:20:00+00:00,SHORT,86311.5,85875.5,0.0050771174549202325,0.0036771174549202323,457.241505743437,458.9228364653202
2026-09-21 19:30:00+00:00,2026-09-21 19:45:00+00:00,SHORT,86850.0,86536.7,0.003620429251404378,0.0022204292514043777,458.9228364653202,459.9418421555452
2026-09-21 20:15:00+00:00,2026-09-21 20:30:00+00:00,SHORT,86997.8,87029.6,-0.00036539292378690025,-0.0017653929237869002,459.9418421555452,459.1298640820503
2026-09-22 00:55:00+00:00,2026-09-22 01:10:00+00:00,LONG,85903.6,85780.5,-0.0014330016437029691,-0.0028330016437029693,459.1298640820503,457.82914842243275
2026-09-22 01:15:00+00:00,2026-09-22 01:30:00+00:00,LONG,85575.1,85819.2,0.0028524652615069535,0.0014524652615069535,457.82914842243275,458.4941293562216
2026-09-22 08:45:00+00:00,2026-09-22 09:00:00+00:00,SHORT,86193.8,85700.1,0.0057607867435394144,0.004360786743539414,458.4941293562216,460.49352447750886
2026-09-23 01:10:00+00:00,2026-09-23 01:25:00+00:00,SHORT,86715.6,86641.1,0.0008598690459840075,-0.0005401309540159925,460.49352447750886,460.24479767081465
2026-09-23 03:40:00+00:00,2026-09-23 03:55:00+00:00,SHORT,86893.2,86710.7,0.0021046998813294415,0.0007046998813294415,460.24479767081465,460.56913212511574
2026-09-23 04:20:00+00:00,2026-09-23 04:35:00+00:00,SHORT,87126.7,87129.2,-2.869302139807406e-05,-0.001428693021398074,460.56913212511574,459.9111202201772
2026-09-23 07:35:00+00:00,2026-09-23 07:50:00+00:00,LONG,86168.9,86202.8,0.00039341340089071863,-0.0010065865991092814,459.9111202201772,459.44817984978226
2026-09-23 08:45:00+00:00,2026-09-23 09:00:00+00:00,LONG,85815.2,85925.2,0.001281824198976489,-0.00011817580102351107,459.44817984978226,459.3938841930997
2026-09-23 11:25:00+00:00,2026-09-23 11:40:00+00:00,LONG,85510.5,85522.5,0.00014033364323684516,-0.0012596663567631548,459.3938841930997,458.81520117267894
2026-09-23 12:15:00+00:00,2026-09-23 12:30:00+00:00,LONG,85291.7,85518.9,0.0026637996428726662,0.0012637996428726663,458.81520117267894,459.39505166006546
2026-09-23 14:10:00+00:00,2026-09-23 14:25:00+00:00,LONG,84879.9,84045.5,-0.009830360309095454,-0.011230360309095454,459.39505166006546,454.2358797057074
2026-09-23 14:25:00+00:00,2026-09-23 14:40:00+00:00,LONG,84045.5,84313.9,0.0031935082782539315,0.0017935082782539315,454.2358797057074,455.0505555162395
2026-09-23 16:00:00+00:00,2026-09-23 16:15:00+00:00,LONG,83912.5,84288.2,0.004477282883956546,0.0030772828839565457,455.0505555162395,456.4508748020645
2026-09-24 02:05:00+00:00,2026-09-24 02:20:00+00:00,LONG,83802.4,84104.8,0.0036084885397078548,0.0022084885397078546,456.4508748020645,457.45894132800447
2026-09-24 07:50:00+00:00,2026-09-24 08:05:00+00:00,SHORT,84612.2,84517.1,0.0011252160805326206,-0.0002747839194673794,457.45894132800447,457.33323896711096
2026-09-24 08:45:00+00:00,2026-09-24 09:00:00+00:00,LONG,83302.9,83539.6,0.0028414376930456786,0.0014414376930456786,457.33323896711096,457.9924563360408
2026-09-24 09:30:00+00:00,2026-09-24 09:45:00+00:00,LONG,82965.0,83134.2,0.002039414210811774,0.0006394142108117741,457.9924563360408,458.2853032210666
2026-09-24 13:30:00+00:00,2026-09-24 13:45:00+00:00,SHORT,84138.9,83893.3,0.0029275281816305565,0.0015275281816305565,458.2853032210666,458.9853469369639
2026-09-24 14:25:00+00:00,2026-09-24 14:40:00+00:00,SHORT,84875.5,84411.7,0.005494498985330276,0.004094498985330276,458.9853469369639,460.8646619742787
2026-09-24 22:15:00+00:00,2026-09-24 22:30:00+00:00,LONG,84017.3,84182.8,0.001969832403564409,0.0005698324035644088,460.8646619742787,461.1272775923294
2026-09-25 00:05:00+00:00,2026-09-25 00:20:00+00:00,SHORT,84705.0,84619.6,0.0010092224496451863,-0.0003907775503548137,461.1272775923294,460.9470794043901
2026-09-25 09:20:00+00:00,2026-09-25 09:35:00+00:00,SHORT,84675.8,84699.9,-0.0002845339841014427,-0.0016845339841014427,460.9470794043901,460.1705983842611
2026-09-25 11:05:00+00:00,2026-09-25 11:20:00+00:00,SHORT,85090.7,84949.5,0.0016621639915479491,0.00026216399154794915,460.1705983842611,460.2912385451265
2026-09-25 12:15:00+00:00,2026-09-25 12:30:00+00:00,LONG,83999.9,84478.9,0.005702387740937898,0.004302387740937897,460.2912385451265,462.2715899271041
2026-09-25 13:45:00+00:00,2026-09-25 14:00:00+00:00,LONG,83757.9,83259.1,-0.0059552591457042725,-0.007355259145704273,462.2715899271041,458.87146258749357
2026-09-25 14:00:00+00:00,2026-09-25 14:15:00+00:00,LONG,83259.1,83656.6,0.004774252904487408,0.003374252904487408,458.87146258749357,460.4198109529158
2026-09-26 07:55:00+00:00,2026-09-26 08:10:00+00:00,SHORT,84126.1,84077.6,0.0005768480546541888,-0.0008231519453458112,460.4198109529158,460.04081548985414
2026-09-26 08:30:00+00:00,2026-09-26 08:45:00+00:00,SHORT,84279.9,84222.9,0.0006767755562917532,-0.0007232244437082468,460.04081548985414,459.70810272698844
2026-09-26 13:20:00+00:00,2026-09-26 13:35:00+00:00,LONG,83959.0,83935.1,-0.00028466275205751845,-0.0016846627520575184,459.70810272698844,458.93364960950527
2026-09-26 20:45:00+00:00,2026-09-26 21:00:00+00:00,LONG,83833.5,84103.5,0.0032206695414125353,0.0018206695414125353,458.93364960950527,459.7692161268786
2026-09-27 07:55:00+00:00,2026-09-27 08:10:00+00:00,SHORT,84789.5,84809.0,-0.00022992842740743313,-0.0016299284274074331,459.7692161268786,459.0198252114666
2026-09-27 08:10:00+00:00,2026-09-27 08:25:00+00:00,SHORT,84809.0,84807.0,2.3582958953882738e-05,-0.0013764170410461172,459.0198252114666,458.3880225018675
2026-09-27 13:10:00+00:00,2026-09-27 13:25:00+00:00,LONG,84645.1,84933.0,0.003401260084753721,0.002001260084753721,458.3880225018675,459.30537615462964
2026-09-28 03:30:00+00:00,2026-09-28 03:45:00+00:00,LONG,83264.2,83420.5,0.0018771572896876254,0.0004771572896876254,459.30537615462964,459.5245370630545
2026-09-28 05:20:00+00:00,2026-09-28 05:35:00+00:00,LONG,83068.6,82780.5,-0.0034682178344164205,-0.004868217834416421,459.5245370630545,457.2874715163722
2026-09-28 05:35:00+00:00,2026-09-28 05:50:00+00:00,LONG,82780.5,83132.8,0.004255833197431835,0.002855833197431835,457.2874715163722,458.59340825829827
2026-09-28 12:05:00+00:00,2026-09-28 12:20:00+00:00,SHORT,83475.0,83393.0,0.0009832959600926117,-0.0004167040399073883,458.59340825829827,458.40231053240217
2026-09-28 12:50:00+00:00,2026-09-28 13:05:00+00:00,SHORT,83585.9,83348.5,0.0028482816127464172,0.0014482816127464172,458.40231053240217,459.0662061699867
2026-09-28 13:35:00+00:00,2026-09-28 13:50:00+00:00,SHORT,83734.1,83764.0,-0.0003569552552408206,-0.0017569552552408206,459.0662061699867,458.2596473865529
2026-09-28 16:25:00+00:00,2026-09-28 16:40:00+00:00,SHORT,84017.1,83734.0,0.0033809444192323124,0.001980944419232312,458.2596473865529,459.16743427760264
2026-09-28 19:35:00+00:00,2026-09-28 19:50:00+00:00,LONG,83245.0,83365.6,0.001448735659799416,4.873565979941611e-05,459.16743427760264,459.18981210547054
2026-09-28 22:00:00+00:00,2026-09-28 22:15:00+00:00,LONG,83194.2,83231.5,0.00044834856276043666,-0.0009516514372395633,459.18981210547054,458.7528234608146
2026-09-29 01:05:00+00:00,2026-09-29 01:20:00+00:00,LONG,83044.5,83014.6,-0.00036004792611188385,-0.0017600479261118838,458.7528234608146,457.94539650528446
2026-09-29 06:05:00+00:00,2026-09-29 06:20:00+00:00,SHORT,83769.6,83832.5,-0.0007503056690423282,-0.0021503056690423284,457.94539650528446,456.96067392306736
2026-09-29 06:55:00+00:00,2026-09-29 07:10:00+00:00,SHORT,84003.0,83990.0,0.00015478033099181054,-0.0012452196690081894,456.96067392306736,456.39165750393516
2026-09-29 07:35:00+00:00,2026-09-29 07:50:00+00:00,SHORT,84142.2,84031.9,0.001312596763848095,-8.740323615190489e-05,456.39165750393516,456.3517673961166
2026-09-29 11:45:00+00:00,2026-09-29 12:00:00+00:00,SHORT,84434.2,84425.0,0.00010897246076391198,-0.001291027539236088,456.3517673961166,455.76260469682916
2026-09-29 15:00:00+00:00,2026-09-29 15:15:00+00:00,LONG,83608.1,83290.9,-0.003793890783309384,-0.005193890783309384,455.76260469682916,453.39542350491723
2026-09-29 15:20:00+00:00,2026-09-29 15:35:00+00:00,LONG,83050.6,83214.8,0.0019771079317909557,0.0005771079317909557,453.39542350491723,453.6570816000596
2026-09-29 15:50:00+00:00,2026-09-29 16:05:00+00:00,LONG,82996.7,83006.3,0.00011566724942091433,-0.0012843327505790857,453.6570816000596,453.0744349526285
2026-09-30 09:30:00+00:00,2026-09-30 09:45:00+00:00,SHORT,83697.8,83611.9,0.0010273657218651255,-0.00037263427813487445,453.0744349526285,452.9056038876186
2026-09-30 10:35:00+00:00,2026-09-30 10:50:00+00:00,SHORT,83854.6,83953.4,-0.0011768433440454418,-0.002576843344045442,452.9056038876186,451.73853709675996
2026-09-30 12:30:00+00:00,2026-09-30 12:45:00+00:00,SHORT,84486.4,85129.9,-0.007559036249308426,-0.008959036249308426,451.73853709675996,447.69139516770053
2026-09-30 12:45:00+00:00,2026-09-30 13:00:00+00:00,SHORT,85129.9,85241.2,-0.0013057066301273013,-0.0027057066301273015,447.69139516770053,446.48007359154434
2026-09-30 13:05:00+00:00,2026-09-30 13:20:00+00:00,SHORT,85590.9,85326.0,0.0031045636734405857,0.0017045636734405857,446.48007359154434,447.24112730590355
2026-10-01 04:45:00+00:00,2026-10-01 05:00:00+00:00,SHORT,84116.7,84204.2,-0.0010391405654349706,-0.0024391405654349708,447.24112730590355,446.1502433297609
2026-10-01 05:00:00+00:00,2026-10-01 05:15:00+00:00,SHORT,84204.2,84299.9,-0.0011352326633838894,-0.0025352326633838896,446.1502433297609,445.01914866009463
2026-10-01 07:20:00+00:00,2026-10-01 07:35:00+00:00,LONG,83411.8,83528.1,0.001394287139229844,-5.712860770156055e-06,445.01914866009463,445.0166063276583
2026-10-01 13:25:00+00:00,2026-10-01 13:40:00+00:00,LONG,83473.3,83948.6,0.005694036296636229,0.004294036296636229,445.0166063276583,446.92752378783507
2026-10-02 02:05:00+00:00,2026-10-02 02:20:00+00:00,SHORT,85114.3,84874.5,0.002825348013832274,0.001425348013832274,446.92752378783507,447.564551046193
2026-10-02 03:00:00+00:00,2026-10-02 03:15:00+00:00,SHORT,85392.8,85228.0,0.0019336368329656572,0.0005336368329656573,447.564551046193,447.803387975761
2026-10-02 04:15:00+00:00,2026-10-02 04:30:00+00:00,SHORT,85892.0,86517.4,-0.007228603725955685,-0.008628603725955685,447.803387975761,443.9394699937778
2026-10-02 04:30:00+00:00,2026-10-02 04:45:00+00:00,SHORT,86517.4,86632.0,-0.0013228368270385982,-0.0027228368270385984,443.9394699937778,442.73069525590273
2026-10-02 12:30:00+00:00,2026-10-02 12:45:00+00:00,SHORT,86830.3,86665.7,0.001899251953194847,0.0004992519531948471,442.73069525590273,442.9517294202485
